Copyright 1986-2022 Xilinx, Inc. All Rights Reserved. Copyright 2022-2024 Advanced Micro Devices, Inc. All Rights Reserved.
------------------------------------------------------------------------------------------------------------------------------------------------------------------------------------------------------------------------------------------
| Tool Version : Vivado v.2024.1 (lin64) Build 5076996 Wed May 22 18:36:09 MDT 2024
| Date         : Sat Aug  8 20:28:48 2026
| Host         : telmo-HYM-WXX running 64-bit Ubuntu 20.04.6 LTS
| Command      : report_timing_summary -max_paths 10 -report_unconstrained -file cva6_zybo_z7_20_timing_summary_routed.rpt -pb cva6_zybo_z7_20_timing_summary_routed.pb -rpx cva6_zybo_z7_20_timing_summary_routed.rpx -warn_on_violation
| Design       : cva6_zybo_z7_20
| Device       : 7z020-clg400
| Speed File   : -1  PRODUCTION 1.12 2019-11-22
| Design State : Routed
------------------------------------------------------------------------------------------------------------------------------------------------------------------------------------------------------------------------------------------

Timing Summary Report

------------------------------------------------------------------------------------------------
| Timer Settings
| --------------
------------------------------------------------------------------------------------------------

  Enable Multi Corner Analysis               :  Yes
  Enable Pessimism Removal                   :  Yes
  Pessimism Removal Resolution               :  Nearest Common Node
  Enable Input Delay Default Clock           :  No
  Enable Preset / Clear Arcs                 :  No
  Disable Flight Delays                      :  No
  Ignore I/O Paths                           :  No
  Timing Early Launch at Borrowing Latches   :  No
  Borrow Time for Max Delay Exceptions       :  Yes
  Merge Timing Exceptions                    :  Yes
  Inter-SLR Compensation                     :  Conservative

  Corner  Analyze    Analyze    
  Name    Max Paths  Min Paths  
  ------  ---------  ---------  
  Slow    Yes        Yes        
  Fast    Yes        Yes        


------------------------------------------------------------------------------------------------
| Report Methodology
| ------------------
------------------------------------------------------------------------------------------------

Rule       Severity  Description                                           Violations  
---------  --------  ----------------------------------------------------  ----------  
LUTAR-1    Warning   LUT drives async reset alert                          4           
SYNTH-10   Warning   Wide multiplier                                       4           
TIMING-10  Warning   Missing property on synchronizer                      1           
TIMING-16  Warning   Large setup violation                                 1000        
TIMING-18  Warning   Missing input or output delay                         3           
TIMING-23  Warning   Combinational loop found                              1           
TIMING-24  Warning   Overridden Max delay datapath only                    3           
TIMING-28  Warning   Auto-derived clock referenced by a timing constraint  1           
XDCH-2     Warning   Same min and max delay values on IO port              3           

Note: This report is based on the most recent report_methodology run and may not be up-to-date. Run report_methodology on the current design for the latest report.



check_timing report

Table of Contents
-----------------
1. checking no_clock (0)
2. checking constant_clock (0)
3. checking pulse_width_clock (0)
4. checking unconstrained_internal_endpoints (0)
5. checking no_input_delay (2)
6. checking no_output_delay (1)
7. checking multiple_clock (0)
8. checking generated_clocks (0)
9. checking loops (5)
10. checking partial_input_delay (3)
11. checking partial_output_delay (0)
12. checking latch_loops (0)

1. checking no_clock (0)
------------------------
 There are 0 register/latch pins with no clock.


2. checking constant_clock (0)
------------------------------
 There are 0 register/latch pins with constant_clock.


3. checking pulse_width_clock (0)
---------------------------------
 There are 0 register/latch pins which need pulse_width check


4. checking unconstrained_internal_endpoints (0)
------------------------------------------------
 There are 0 pins that are not constrained for maximum delay.

 There are 0 pins that are not constrained for maximum delay due to constant clock.


5. checking no_input_delay (2)
------------------------------
 There are 2 input ports with no input delay specified. (HIGH)

 There are 0 input ports with no input delay but user has a false path constraint.


6. checking no_output_delay (1)
-------------------------------
 There is 1 port with no output delay specified. (HIGH)

 There are 0 ports with no output delay but user has a false path constraint

 There are 0 ports with no output delay but with a timing clock defined on it or propagating through it


7. checking multiple_clock (0)
------------------------------
 There are 0 register/latch pins with multiple clocks.


8. checking generated_clocks (0)
--------------------------------
 There are 0 generated clocks that are not connected to a clock source.


9. checking loops (5)
---------------------
 There are 5 combinational loops in the design. (HIGH)


10. checking partial_input_delay (3)
------------------------------------
 There are 3 input ports with partial input delay specified. (HIGH)


11. checking partial_output_delay (0)
-------------------------------------
 There are 0 ports with partial output delay specified.


12. checking latch_loops (0)
----------------------------
 There are 0 combinational latch loops in the design through latch input



------------------------------------------------------------------------------------------------
| Design Timing Summary
| ---------------------
------------------------------------------------------------------------------------------------

    WNS(ns)      TNS(ns)  TNS Failing Endpoints  TNS Total Endpoints      WHS(ns)      THS(ns)  THS Failing Endpoints  THS Total Endpoints     WPWS(ns)     TPWS(ns)  TPWS Failing Endpoints  TPWS Total Endpoints  
    -------      -------  ---------------------  -------------------      -------      -------  ---------------------  -------------------     --------     --------  ----------------------  --------------------  
    -12.809   -65296.984                   9791                62246        0.023        0.000                      0                62246        2.000        0.000                       0                 23103  


Timing constraints are not met.


------------------------------------------------------------------------------------------------
| Clock Summary
| -------------
------------------------------------------------------------------------------------------------

Clock                    Waveform(ns)         Period(ns)      Frequency(MHz)
-----                    ------------         ----------      --------------
clk_sys                  {0.000 4.000}        8.000           125.000         
  clk_out1_xlnx_clk_gen  {0.000 12.500}       25.000          40.000          
  clkfbout_xlnx_clk_gen  {0.000 4.000}        8.000           125.000         
tck                      {0.000 50.000}       100.000         10.000          


------------------------------------------------------------------------------------------------
| Intra Clock Table
| -----------------
------------------------------------------------------------------------------------------------

Clock                        WNS(ns)      TNS(ns)  TNS Failing Endpoints  TNS Total Endpoints      WHS(ns)      THS(ns)  THS Failing Endpoints  THS Total Endpoints     WPWS(ns)     TPWS(ns)  TPWS Failing Endpoints  TPWS Total Endpoints  
-----                        -------      -------  ---------------------  -------------------      -------      -------  ---------------------  -------------------     --------     --------  ----------------------  --------------------  
clk_sys                                                                                                                                                                    2.000        0.000                       0                     1  
  clk_out1_xlnx_clk_gen      -12.809   -65296.984                   9791                47767        0.023        0.000                      0                47767       11.250        0.000                       0                 22840  
  clkfbout_xlnx_clk_gen                                                                                                                                                    5.845        0.000                       0                     3  
tck                            0.917        0.000                      0                  453        0.117        0.000                      0                  453       49.500        0.000                       0                   259  


------------------------------------------------------------------------------------------------
| Inter Clock Table
| -----------------
------------------------------------------------------------------------------------------------

From Clock    To Clock          WNS(ns)      TNS(ns)  TNS Failing Endpoints  TNS Total Endpoints      WHS(ns)      THS(ns)  THS Failing Endpoints  THS Total Endpoints  
----------    --------          -------      -------  ---------------------  -------------------      -------      -------  ---------------------  -------------------  


------------------------------------------------------------------------------------------------
| Other Path Groups Table
| -----------------------
------------------------------------------------------------------------------------------------

Path Group             From Clock             To Clock                   WNS(ns)      TNS(ns)  TNS Failing Endpoints  TNS Total Endpoints      WHS(ns)      THS(ns)  THS Failing Endpoints  THS Total Endpoints  
----------             ----------             --------                   -------      -------  ---------------------  -------------------      -------      -------  ---------------------  -------------------  
**async_default**      clk_out1_xlnx_clk_gen  clk_out1_xlnx_clk_gen       20.528        0.000                      0                14026        0.641        0.000                      0                14026  


------------------------------------------------------------------------------------------------
| User Ignored Path Table
| -----------------------
------------------------------------------------------------------------------------------------

Path Group             From Clock             To Clock             
----------             ----------             --------             
(none)                 clk_out1_xlnx_clk_gen  clk_out1_xlnx_clk_gen  
(none)                 tck                    clk_out1_xlnx_clk_gen  
(none)                                        tck                    
(none)                 clk_out1_xlnx_clk_gen  tck                    


------------------------------------------------------------------------------------------------
| Unconstrained Path Table
| ------------------------
------------------------------------------------------------------------------------------------

Path Group             From Clock             To Clock             
----------             ----------             --------             
(none)                 clk_out1_xlnx_clk_gen                         
(none)                 clkfbout_xlnx_clk_gen                         
(none)                                        clk_out1_xlnx_clk_gen  


------------------------------------------------------------------------------------------------
| Timing Details
| --------------
------------------------------------------------------------------------------------------------


---------------------------------------------------------------------------------------------------
From Clock:  clk_sys
  To Clock:  clk_sys

Setup :           NA  Failing Endpoints,  Worst Slack           NA  ,  Total Violation           NA
Hold  :           NA  Failing Endpoints,  Worst Slack           NA  ,  Total Violation           NA
PW    :            0  Failing Endpoints,  Worst Slack        2.000ns,  Total Violation        0.000ns
---------------------------------------------------------------------------------------------------


Pulse Width Checks
--------------------------------------------------------------------------------------
Clock Name:         clk_sys
Waveform(ns):       { 0.000 4.000 }
Period(ns):         8.000
Sources:            { clk_sys }

Check Type        Corner  Lib Pin            Reference Pin  Required(ns)  Actual(ns)  Slack(ns)  Location         Pin
Min Period        n/a     MMCME2_ADV/CLKIN1  n/a            1.249         8.000       6.751      MMCME2_ADV_X1Y2  i_xlnx_clk_gen/inst/mmcm_adv_inst/CLKIN1
Max Period        n/a     MMCME2_ADV/CLKIN1  n/a            100.000       8.000       92.000     MMCME2_ADV_X1Y2  i_xlnx_clk_gen/inst/mmcm_adv_inst/CLKIN1
Low Pulse Width   Slow    MMCME2_ADV/CLKIN1  n/a            2.000         4.000       2.000      MMCME2_ADV_X1Y2  i_xlnx_clk_gen/inst/mmcm_adv_inst/CLKIN1
Low Pulse Width   Fast    MMCME2_ADV/CLKIN1  n/a            2.000         4.000       2.000      MMCME2_ADV_X1Y2  i_xlnx_clk_gen/inst/mmcm_adv_inst/CLKIN1
High Pulse Width  Slow    MMCME2_ADV/CLKIN1  n/a            2.000         4.000       2.000      MMCME2_ADV_X1Y2  i_xlnx_clk_gen/inst/mmcm_adv_inst/CLKIN1
High Pulse Width  Fast    MMCME2_ADV/CLKIN1  n/a            2.000         4.000       2.000      MMCME2_ADV_X1Y2  i_xlnx_clk_gen/inst/mmcm_adv_inst/CLKIN1



---------------------------------------------------------------------------------------------------
From Clock:  clk_out1_xlnx_clk_gen
  To Clock:  clk_out1_xlnx_clk_gen

Setup :         9791  Failing Endpoints,  Worst Slack      -12.809ns,  Total Violation   -65296.983ns
Hold  :            0  Failing Endpoints,  Worst Slack        0.023ns,  Total Violation        0.000ns
PW    :            0  Failing Endpoints,  Worst Slack       11.250ns,  Total Violation        0.000ns
---------------------------------------------------------------------------------------------------


Max Delay Paths
--------------------------------------------------------------------------------------
Slack (VIOLATED) :        -12.809ns  (required time - arrival time)
  Source:                 i_ariane/i_cva6/issue_stage_i/i_issue_read_operands/branch_valid_q_reg[0]/C
                            (rising edge-triggered cell FDCE clocked by clk_out1_xlnx_clk_gen  {rise@0.000ns fall@12.500ns period=25.000ns})
  Destination:            i_ariane/i_cva6/issue_stage_i/i_issue_read_operands/fu_data_q_reg[0][imm][28]/D
                            (rising edge-triggered cell FDCE clocked by clk_out1_xlnx_clk_gen  {rise@0.000ns fall@12.500ns period=25.000ns})
  Path Group:             clk_out1_xlnx_clk_gen
  Path Type:              Setup (Max at Slow Process Corner)
  Requirement:            25.000ns  (clk_out1_xlnx_clk_gen rise@25.000ns - clk_out1_xlnx_clk_gen rise@0.000ns)
  Data Path Delay:        37.704ns  (logic 9.051ns (24.006%)  route 28.653ns (75.994%))
  Logic Levels:           51  (CARRY4=10 LUT2=3 LUT3=4 LUT4=3 LUT5=9 LUT6=19 MUXF7=2 MUXF8=1)
  Clock Path Skew:        -0.052ns (DCD - SCD + CPR)
    Destination Clock Delay (DCD):    -1.426ns = ( 23.574 - 25.000 ) 
    Source Clock Delay      (SCD):    -0.907ns
    Clock Pessimism Removal (CPR):    0.467ns
  Clock Uncertainty:      0.082ns  ((TSJ^2 + DJ^2)^1/2) / 2 + PE
    Total System Jitter     (TSJ):    0.071ns
    Discrete Jitter          (DJ):    0.149ns
    Phase Error              (PE):    0.000ns

    Location             Delay type                Incr(ns)  Path(ns)    Netlist Resource(s)
  -------------------------------------------------------------------    -------------------
                         (clock clk_out1_xlnx_clk_gen rise edge)
                                                      0.000     0.000 r  
    K17                                               0.000     0.000 r  clk_sys (IN)
                         net (fo=0)                   0.000     0.000    i_xlnx_clk_gen/inst/clk_in1
    K17                  IBUF (Prop_ibuf_I_O)         1.475     1.475 r  i_xlnx_clk_gen/inst/clkin1_ibufg/O
                         net (fo=1, routed)           1.285     2.760    i_xlnx_clk_gen/inst/clk_in1_xlnx_clk_gen
    MMCME2_ADV_X1Y2      MMCME2_ADV (Prop_mmcme2_adv_CLKIN1_CLKOUT0)
                                                     -7.759    -4.999 r  i_xlnx_clk_gen/inst/mmcm_adv_inst/CLKOUT0
                         net (fo=1, routed)           2.206    -2.793    i_xlnx_clk_gen/inst/clk_out1_xlnx_clk_gen
    BUFGCTRL_X0Y16       BUFG (Prop_bufg_I_O)         0.101    -2.692 r  i_xlnx_clk_gen/inst/clkout1_buf/O
                         net (fo=22838, routed)       1.785    -0.907    i_ariane/i_cva6/issue_stage_i/i_issue_read_operands/clk_out1
    SLICE_X96Y99         FDCE                                         r  i_ariane/i_cva6/issue_stage_i/i_issue_read_operands/branch_valid_q_reg[0]/C
  -------------------------------------------------------------------    -------------------
    SLICE_X96Y99         FDCE (Prop_fdce_C_Q)         0.518    -0.389 r  i_ariane/i_cva6/issue_stage_i/i_issue_read_operands/branch_valid_q_reg[0]/Q
                         net (fo=178, routed)         1.035     0.645    i_ariane/i_cva6/issue_stage_i/i_issue_read_operands/branch_valid_id_ex[0]
    SLICE_X95Y103        LUT5 (Prop_lut5_I0_O)        0.124     0.769 r  i_ariane/i_cva6/issue_stage_i/i_issue_read_operands/mem_q[7][sbe][bp][predict_address][31]_i_50/O
                         net (fo=130, routed)         1.087     1.856    i_ariane/i_cva6/issue_stage_i/i_issue_read_operands/mem_q[7][sbe][bp][predict_address][31]_i_50_n_0
    SLICE_X95Y102        LUT6 (Prop_lut6_I2_O)        0.124     1.980 f  i_ariane/i_cva6/issue_stage_i/i_issue_read_operands/regfile_ram_block[0].mem[0][35][0]_i_47/O
                         net (fo=1, routed)           0.591     2.571    i_ariane/i_cva6/issue_stage_i/i_issue_read_operands/regfile_ram_block[0].mem[0][35][0]_i_47_n_0
    SLICE_X94Y100        LUT6 (Prop_lut6_I5_O)        0.124     2.695 f  i_ariane/i_cva6/issue_stage_i/i_issue_read_operands/regfile_ram_block[0].mem[0][35][0]_i_36/O
                         net (fo=1, routed)           0.289     2.984    i_ariane/i_cva6/issue_stage_i/i_issue_read_operands/regfile_ram_block[0].mem[0][35][0]_i_36_n_0
    SLICE_X95Y101        LUT6 (Prop_lut6_I5_O)        0.124     3.108 r  i_ariane/i_cva6/issue_stage_i/i_issue_read_operands/regfile_ram_block[0].mem[0][35][0]_i_26/O
                         net (fo=65, routed)          0.359     3.466    i_ariane/i_cva6/issue_stage_i/i_issue_read_operands/ex_stage_i/alu_i/adder_op_b_negate
    SLICE_X95Y103        LUT6 (Prop_lut6_I4_O)        0.124     3.590 r  i_ariane/i_cva6/issue_stage_i/i_issue_read_operands/regfile_ram_block[0].mem[0][35][3]_i_29/O
                         net (fo=1, routed)           0.415     4.005    i_ariane/i_cva6/issue_stage_i/i_issue_read_operands/regfile_ram_block[0].mem[0][35][3]_i_29_n_0
    SLICE_X94Y104        CARRY4 (Prop_carry4_S[0]_CO[3])
                                                      0.637     4.642 r  i_ariane/i_cva6/issue_stage_i/i_issue_read_operands/regfile_ram_block[0].mem_reg[0][35][3]_i_25/CO[3]
                         net (fo=1, routed)           0.000     4.642    i_ariane/i_cva6/issue_stage_i/i_issue_read_operands/regfile_ram_block[0].mem_reg[0][35][3]_i_25_n_0
    SLICE_X94Y105        CARRY4 (Prop_carry4_CI_CO[3])
                                                      0.117     4.759 r  i_ariane/i_cva6/issue_stage_i/i_issue_read_operands/regfile_ram_block[0].mem_reg[0][35][7]_i_23/CO[3]
                         net (fo=1, routed)           0.000     4.759    i_ariane/i_cva6/issue_stage_i/i_issue_read_operands/regfile_ram_block[0].mem_reg[0][35][7]_i_23_n_0
    SLICE_X94Y106        CARRY4 (Prop_carry4_CI_CO[3])
                                                      0.117     4.876 r  i_ariane/i_cva6/issue_stage_i/i_issue_read_operands/regfile_ram_block[0].mem_reg[0][35][11]_i_23/CO[3]
                         net (fo=1, routed)           0.000     4.876    i_ariane/i_cva6/issue_stage_i/i_issue_read_operands/regfile_ram_block[0].mem_reg[0][35][11]_i_23_n_0
    SLICE_X94Y107        CARRY4 (Prop_carry4_CI_CO[3])
                                                      0.117     4.993 r  i_ariane/i_cva6/issue_stage_i/i_issue_read_operands/regfile_ram_block[0].mem_reg[0][35][15]_i_22/CO[3]
                         net (fo=1, routed)           0.000     4.993    i_ariane/i_cva6/issue_stage_i/i_issue_read_operands/regfile_ram_block[0].mem_reg[0][35][15]_i_22_n_0
    SLICE_X94Y108        CARRY4 (Prop_carry4_CI_CO[3])
                                                      0.117     5.110 r  i_ariane/i_cva6/issue_stage_i/i_issue_read_operands/regfile_ram_block[0].mem_reg[0][35][19]_i_25/CO[3]
                         net (fo=1, routed)           0.000     5.110    i_ariane/i_cva6/issue_stage_i/i_issue_read_operands/regfile_ram_block[0].mem_reg[0][35][19]_i_25_n_0
    SLICE_X94Y109        CARRY4 (Prop_carry4_CI_CO[3])
                                                      0.117     5.227 r  i_ariane/i_cva6/issue_stage_i/i_issue_read_operands/regfile_ram_block[0].mem_reg[0][35][23]_i_23/CO[3]
                         net (fo=1, routed)           0.000     5.227    i_ariane/i_cva6/issue_stage_i/i_issue_read_operands/regfile_ram_block[0].mem_reg[0][35][23]_i_23_n_0
    SLICE_X94Y110        CARRY4 (Prop_carry4_CI_CO[3])
                                                      0.117     5.344 r  i_ariane/i_cva6/issue_stage_i/i_issue_read_operands/regfile_ram_block[0].mem_reg[0][35][27]_i_21/CO[3]
                         net (fo=1, routed)           0.000     5.344    i_ariane/i_cva6/issue_stage_i/i_issue_read_operands/regfile_ram_block[0].mem_reg[0][35][27]_i_21_n_0
    SLICE_X94Y111        CARRY4 (Prop_carry4_CI_O[1])
                                                      0.323     5.667 f  i_ariane/i_cva6/issue_stage_i/i_issue_read_operands/regfile_ram_block[0].mem_reg[0][35][31]_i_95/O[1]
                         net (fo=2, routed)           1.328     6.996    i_ariane/i_cva6/issue_stage_i/i_issue_read_operands/ex_stage_i/alu_i/adder_result[29]
    SLICE_X92Y102        LUT5 (Prop_lut5_I3_O)        0.306     7.302 r  i_ariane/i_cva6/issue_stage_i/i_issue_read_operands/mem_q[7][sbe][bp][predict_address][31]_i_30/O
                         net (fo=1, routed)           0.645     7.947    i_ariane/i_cva6/issue_stage_i/i_issue_read_operands/mem_q[7][sbe][bp][predict_address][31]_i_30_n_0
    SLICE_X93Y101        LUT4 (Prop_lut4_I1_O)        0.124     8.071 r  i_ariane/i_cva6/issue_stage_i/i_issue_read_operands/mem_q[7][sbe][bp][predict_address][31]_i_15/O
                         net (fo=1, routed)           0.636     8.707    i_ariane/i_cva6/issue_stage_i/i_issue_read_operands/mem_q[7][sbe][bp][predict_address][31]_i_15_n_0
    SLICE_X93Y100        LUT6 (Prop_lut6_I3_O)        0.124     8.831 r  i_ariane/i_cva6/issue_stage_i/i_issue_read_operands/mem_q[7][sbe][bp][predict_address][31]_i_9/O
                         net (fo=34, routed)          0.454     9.285    i_ariane/i_cva6/issue_stage_i/i_issue_read_operands/ex_stage_i/alu_branch_res
    SLICE_X91Y99         LUT6 (Prop_lut6_I0_O)        0.124     9.409 r  i_ariane/i_cva6/issue_stage_i/i_issue_read_operands/issue_q[0][valid]_i_7/O
                         net (fo=36, routed)          0.755    10.165    i_ariane/i_cva6/issue_stage_i/i_issue_read_operands/resolved_branch[is_mispredict]
    SLICE_X89Y95         LUT3 (Prop_lut3_I0_O)        0.124    10.289 r  i_ariane/i_cva6/issue_stage_i/i_issue_read_operands/bmiss_trans_id_q[1]_i_2/O
                         net (fo=10, routed)          0.545    10.833    i_ariane/i_cva6/ex_stage_i/i_mult/i_multiplier/bmiss_trans_id_q_reg[2]_0
    SLICE_X87Y88         LUT5 (Prop_lut5_I4_O)        0.124    10.957 r  i_ariane/i_cva6/ex_stage_i/i_mult/i_multiplier/bmiss_trans_id_q[2]_i_2/O
                         net (fo=4, routed)           0.587    11.544    i_ariane/i_cva6/issue_stage_i/i_scoreboard/bmiss_trans_id_q_reg[2]_1
    SLICE_X88Y85         LUT6 (Prop_lut6_I4_O)        0.124    11.668 f  i_ariane/i_cva6/issue_stage_i/i_scoreboard/mcause_q[30]_i_2/O
                         net (fo=49, routed)          0.575    12.243    i_ariane/i_cva6/issue_stage_i/i_scoreboard/commit_instr_id_commit[0][valid]
    SLICE_X86Y79         LUT5 (Prop_lut5_I0_O)        0.124    12.367 f  i_ariane/i_cva6/issue_stage_i/i_scoreboard/regfile_ram_block[0].mem[0][35][31]_i_10/O
                         net (fo=85, routed)          0.541    12.908    i_ariane/i_cva6/issue_stage_i/i_scoreboard/regfile_ram_block[0].mem[0][35][31]_i_10_n_0
    SLICE_X85Y79         LUT3 (Prop_lut3_I0_O)        0.124    13.032 r  i_ariane/i_cva6/issue_stage_i/i_scoreboard/wfi_q_i_2/O
                         net (fo=4, routed)           0.979    14.011    i_ariane/i_cva6/issue_stage_i/i_scoreboard/wfi_q_reg_47
    SLICE_X83Y78         LUT6 (Prop_lut6_I0_O)        0.124    14.135 f  i_ariane/i_cva6/issue_stage_i/i_scoreboard/mcause_q[1]_i_4/O
                         net (fo=5, routed)           0.637    14.772    i_ariane/i_cva6/issue_stage_i/i_scoreboard/csr_exception_csr_commit[cause][1]
    SLICE_X80Y77         LUT5 (Prop_lut5_I1_O)        0.124    14.896 f  i_ariane/i_cva6/issue_stage_i/i_scoreboard/rat_q[rat][31][5]_i_6__0/O
                         net (fo=113, routed)         0.999    15.895    i_ariane/i_cva6/issue_stage_i/i_scoreboard/wfi_q_reg_48
    SLICE_X67Y77         LUT6 (Prop_lut6_I5_O)        0.124    16.019 r  i_ariane/i_cva6/issue_stage_i/i_scoreboard/mstatus_q[mpp][1]_i_7/O
                         net (fo=2, routed)           0.413    16.433    i_ariane/i_cva6/csr_regfile_i/mepc_q_reg[0]_0
    SLICE_X67Y75         LUT2 (Prop_lut2_I1_O)        0.124    16.557 f  i_ariane/i_cva6/csr_regfile_i/mstatus_q[mpp][1]_i_2/O
                         net (fo=106, routed)         0.305    16.862    i_ariane/i_cva6/ex_stage_i/csr_buffer_i/mtval_q_reg[31]
    SLICE_X67Y75         LUT6 (Prop_lut6_I5_O)        0.124    16.986 r  i_ariane/i_cva6/ex_stage_i/csr_buffer_i/rat_q[rat][31][5]_i_9__0/O
                         net (fo=16, routed)          0.648    17.634    i_ariane/i_cva6/issue_stage_i/i_scoreboard/flush_csr_ctrl
    SLICE_X67Y74         LUT5 (Prop_lut5_I4_O)        0.124    17.758 r  i_ariane/i_cva6/issue_stage_i/i_scoreboard/rat_q[rat][31][5]_i_2/O
                         net (fo=117, routed)         1.366    19.124    i_ariane/i_cva6/issue_stage_i/i_issue_read_operands/cnt_q_reg[0]
    SLICE_X82Y93         LUT6 (Prop_lut6_I2_O)        0.124    19.248 r  i_ariane/i_cva6/issue_stage_i/i_issue_read_operands/mult_valid_q[0]_i_11/O
                         net (fo=1, routed)           0.294    19.542    i_ariane/i_cva6/issue_stage_i/i_issue_read_operands/ex_stage_i/mult_ready
    SLICE_X83Y94         LUT6 (Prop_lut6_I5_O)        0.124    19.666 r  i_ariane/i_cva6/issue_stage_i/i_issue_read_operands/mult_valid_q[0]_i_9/O
                         net (fo=4, routed)           0.437    20.102    i_ariane/i_cva6/issue_stage_i/gen_rs_blocks[0].rs_instance.i_reservation_station/i_tournament_tree_oldest_valid/flu_ready_ex_id
    SLICE_X81Y95         LUT5 (Prop_lut5_I4_O)        0.124    20.226 r  i_ariane/i_cva6/issue_stage_i/gen_rs_blocks[0].rs_instance.i_reservation_station/i_tournament_tree_oldest_valid/id_tree5_carry_i_16/O
                         net (fo=5, routed)           0.494    20.720    i_ariane/i_cva6/issue_stage_i/gen_rs_blocks[1].rs_instance.i_reservation_station/i_tournament_tree_oldest_valid/id_tree5_carry__0_i_4_3
    SLICE_X83Y96         LUT6 (Prop_lut6_I4_O)        0.124    20.844 r  i_ariane/i_cva6/issue_stage_i/gen_rs_blocks[1].rs_instance.i_reservation_station/i_tournament_tree_oldest_valid/id_tree5_carry_i_13__0/O
                         net (fo=13, routed)          0.508    21.352    i_ariane/i_cva6/issue_stage_i/gen_rs_blocks[1].rs_instance.i_reservation_station/i_tournament_tree_oldest_valid/id_tree5_carry_i_17_0
    SLICE_X84Y96         LUT3 (Prop_lut3_I1_O)        0.124    21.476 r  i_ariane/i_cva6/issue_stage_i/gen_rs_blocks[1].rs_instance.i_reservation_station/i_tournament_tree_oldest_valid/id_tree5_carry_i_12/O
                         net (fo=2, routed)           0.568    22.044    i_ariane/i_cva6/issue_stage_i/gen_rs_blocks[0].rs_instance.i_reservation_station/i_tournament_tree_oldest_valid/id_tree5_carry
    SLICE_X81Y96         LUT2 (Prop_lut2_I1_O)        0.124    22.168 r  i_ariane/i_cva6/issue_stage_i/gen_rs_blocks[0].rs_instance.i_reservation_station/i_tournament_tree_oldest_valid/id_tree5_carry_i_8/O
                         net (fo=1, routed)           0.000    22.168    i_ariane/i_cva6/issue_stage_i/g_alloc[1].i_tournament_tree/S[0]
    SLICE_X81Y96         CARRY4 (Prop_carry4_S[0]_CO[3])
                                                      0.532    22.700 r  i_ariane/i_cva6/issue_stage_i/g_alloc[1].i_tournament_tree/id_tree5_carry/CO[3]
                         net (fo=1, routed)           0.000    22.700    i_ariane/i_cva6/issue_stage_i/g_alloc[1].i_tournament_tree/id_tree5_carry_n_0
    SLICE_X81Y97         CARRY4 (Prop_carry4_CI_O[1])
                                                      0.334    23.034 r  i_ariane/i_cva6/issue_stage_i/g_alloc[1].i_tournament_tree/id_tree5_carry__0/O[1]
                         net (fo=1, routed)           0.586    23.620    i_ariane/i_cva6/issue_stage_i/gen_rs_blocks[0].rs_instance.i_reservation_station/i_tournament_tree_oldest_valid/O[0]
    SLICE_X83Y98         LUT6 (Prop_lut6_I3_O)        0.303    23.923 r  i_ariane/i_cva6/issue_stage_i/gen_rs_blocks[0].rs_instance.i_reservation_station/i_tournament_tree_oldest_valid/fu_data_q[1][fu][3]_i_22/O
                         net (fo=7, routed)           0.597    24.520    i_ariane/i_cva6/issue_stage_i/gen_rs_blocks[2].rs_instance.i_reservation_station/i_tournament_tree_oldest_valid/fu_data_q[1][trans_id][2]_i_4
    SLICE_X83Y99         LUT6 (Prop_lut6_I1_O)        0.124    24.644 r  i_ariane/i_cva6/issue_stage_i/gen_rs_blocks[2].rs_instance.i_reservation_station/i_tournament_tree_oldest_valid/fu_data_q[1][fu][3]_i_27/O
                         net (fo=176, routed)         0.806    25.450    i_ariane/i_cva6/issue_stage_i/i_scoreboard/fu_data_q_reg[1][operand_b][30]_i_11_1
    SLICE_X81Y100        LUT6 (Prop_lut6_I4_O)        0.124    25.574 f  i_ariane/i_cva6/issue_stage_i/i_scoreboard/fu_data_q[1][fu][3]_i_10/O
                         net (fo=1, routed)           0.000    25.574    i_ariane/i_cva6/issue_stage_i/i_scoreboard/fu_data_q[1][fu][3]_i_10_n_0
    SLICE_X81Y100        MUXF7 (Prop_muxf7_I1_O)      0.217    25.791 f  i_ariane/i_cva6/issue_stage_i/i_scoreboard/fu_data_q_reg[1][fu][3]_i_2/O
                         net (fo=4, routed)           0.698    26.489    i_ariane/i_cva6/issue_stage_i/i_scoreboard/dispatch_instr_o[1][fu][2]
    SLICE_X80Y100        LUT4 (Prop_lut4_I2_O)        0.299    26.788 f  i_ariane/i_cva6/issue_stage_i/i_scoreboard/fu_data_q[1][fu][3]_i_18/O
                         net (fo=1, routed)           0.300    27.088    i_ariane/i_cva6/issue_stage_i/i_scoreboard/fu_data_q[1][fu][3]_i_18_n_0
    SLICE_X80Y101        LUT5 (Prop_lut5_I4_O)        0.124    27.212 r  i_ariane/i_cva6/issue_stage_i/i_scoreboard/fu_data_q[1][fu][3]_i_6/O
                         net (fo=250, routed)         0.747    27.959    i_ariane/i_cva6/issue_stage_i/i_scoreboard/fu_data_q[1][fu][3]_i_6_n_0
    SLICE_X67Y101        LUT2 (Prop_lut2_I0_O)        0.124    28.083 r  i_ariane/i_cva6/issue_stage_i/i_scoreboard/fu_data_q[0][operation][4]_i_2/O
                         net (fo=99, routed)          1.851    29.934    i_ariane/i_cva6/issue_stage_i/i_scoreboard/fu_data_q[0][operation][4]_i_2_n_0
    SLICE_X50Y127        LUT3 (Prop_lut3_I1_O)        0.124    30.058 r  i_ariane/i_cva6/issue_stage_i/i_scoreboard/fu_data_q[0][imm][28]_i_21/O
                         net (fo=116, routed)         1.548    31.605    i_ariane/i_cva6/issue_stage_i/i_issue_read_operands/gen_fpga_regfile.i_ariane_regfile_fpga/fu_data_q_reg[0][imm][25]_i_21_0
    SLICE_X42Y138        LUT6 (Prop_lut6_I2_O)        0.124    31.729 r  i_ariane/i_cva6/issue_stage_i/i_issue_read_operands/gen_fpga_regfile.i_ariane_regfile_fpga/fu_data_q[0][imm][28]_i_60/O
                         net (fo=1, routed)           0.000    31.729    i_ariane/i_cva6/issue_stage_i/i_issue_read_operands/gen_fpga_regfile.i_ariane_regfile_fpga/fu_data_q[0][imm][28]_i_60_n_0
    SLICE_X42Y138        MUXF7 (Prop_muxf7_I1_O)      0.247    31.976 r  i_ariane/i_cva6/issue_stage_i/i_issue_read_operands/gen_fpga_regfile.i_ariane_regfile_fpga/fu_data_q_reg[0][imm][28]_i_33/O
                         net (fo=1, routed)           0.000    31.976    i_ariane/i_cva6/issue_stage_i/i_issue_read_operands/gen_fpga_regfile.i_ariane_regfile_fpga/fu_data_q_reg[0][imm][28]_i_33_n_0
    SLICE_X42Y138        MUXF8 (Prop_muxf8_I0_O)      0.098    32.074 r  i_ariane/i_cva6/issue_stage_i/i_issue_read_operands/gen_fpga_regfile.i_ariane_regfile_fpga/fu_data_q_reg[0][imm][28]_i_17/O
                         net (fo=1, routed)           1.727    33.802    i_ariane/i_cva6/issue_stage_i/i_issue_read_operands/gen_fpga_regfile.i_ariane_regfile_fpga/fu_data_q_reg[0][imm][28]_i_17_n_0
    SLICE_X63Y115        LUT5 (Prop_lut5_I4_O)        0.319    34.121 r  i_ariane/i_cva6/issue_stage_i/i_issue_read_operands/gen_fpga_regfile.i_ariane_regfile_fpga/fu_data_q[0][imm][28]_i_7/O
                         net (fo=1, routed)           1.145    35.265    i_ariane/i_cva6/issue_stage_i/i_issue_read_operands/gen_fpga_regfile.i_ariane_regfile_fpga/fu_data_q[0][imm][28]_i_7_n_0
    SLICE_X80Y112        LUT6 (Prop_lut6_I2_O)        0.124    35.389 r  i_ariane/i_cva6/issue_stage_i/i_issue_read_operands/gen_fpga_regfile.i_ariane_regfile_fpga/fu_data_q[0][imm][28]_i_4/O
                         net (fo=1, routed)           0.601    35.990    i_ariane/i_cva6/issue_stage_i/i_scoreboard/fu_data_q_reg[0][imm][28]_1
    SLICE_X84Y109        LUT6 (Prop_lut6_I0_O)        0.124    36.114 r  i_ariane/i_cva6/issue_stage_i/i_scoreboard/fu_data_q[0][imm][28]_i_3/O
                         net (fo=1, routed)           0.559    36.673    i_ariane/i_cva6/issue_stage_i/i_scoreboard/fu_data_q[0][imm][28]_i_3_n_0
    SLICE_X84Y108        LUT4 (Prop_lut4_I1_O)        0.124    36.797 r  i_ariane/i_cva6/issue_stage_i/i_scoreboard/fu_data_q[0][imm][28]_i_1/O
                         net (fo=1, routed)           0.000    36.797    i_ariane/i_cva6/issue_stage_i/i_issue_read_operands/fu_data_q_reg[0][imm][31]_0[28]
    SLICE_X84Y108        FDCE                                         r  i_ariane/i_cva6/issue_stage_i/i_issue_read_operands/fu_data_q_reg[0][imm][28]/D
  -------------------------------------------------------------------    -------------------

                         (clock clk_out1_xlnx_clk_gen rise edge)
                                                     25.000    25.000 r  
    K17                                               0.000    25.000 r  clk_sys (IN)
                         net (fo=0)                   0.000    25.000    i_xlnx_clk_gen/inst/clk_in1
    K17                  IBUF (Prop_ibuf_I_O)         1.404    26.404 r  i_xlnx_clk_gen/inst/clkin1_ibufg/O
                         net (fo=1, routed)           1.162    27.566    i_xlnx_clk_gen/inst/clk_in1_xlnx_clk_gen
    MMCME2_ADV_X1Y2      MMCME2_ADV (Prop_mmcme2_adv_CLKIN1_CLKOUT0)
                                                     -7.814    19.752 r  i_xlnx_clk_gen/inst/mmcm_adv_inst/CLKOUT0
                         net (fo=1, routed)           2.012    21.764    i_xlnx_clk_gen/inst/clk_out1_xlnx_clk_gen
    BUFGCTRL_X0Y16       BUFG (Prop_bufg_I_O)         0.091    21.855 r  i_xlnx_clk_gen/inst/clkout1_buf/O
                         net (fo=22838, routed)       1.719    23.574    i_ariane/i_cva6/issue_stage_i/i_issue_read_operands/clk_out1
    SLICE_X84Y108        FDCE                                         r  i_ariane/i_cva6/issue_stage_i/i_issue_read_operands/fu_data_q_reg[0][imm][28]/C
                         clock pessimism              0.467    24.041    
                         clock uncertainty           -0.082    23.959    
    SLICE_X84Y108        FDCE (Setup_fdce_C_D)        0.029    23.988    i_ariane/i_cva6/issue_stage_i/i_issue_read_operands/fu_data_q_reg[0][imm][28]
  -------------------------------------------------------------------
                         required time                         23.988    
                         arrival time                         -36.797    
  -------------------------------------------------------------------
                         slack                                -12.809    

Slack (VIOLATED) :        -12.736ns  (required time - arrival time)
  Source:                 i_ariane/i_cva6/issue_stage_i/i_issue_read_operands/branch_valid_q_reg[1]/C
                            (rising edge-triggered cell FDCE clocked by clk_out1_xlnx_clk_gen  {rise@0.000ns fall@12.500ns period=25.000ns})
  Destination:            i_ariane/i_cva6/ex_stage_i/lsu_i/lsu_bypass_i/mem_q_reg[0][valid]/D
                            (rising edge-triggered cell FDCE clocked by clk_out1_xlnx_clk_gen  {rise@0.000ns fall@12.500ns period=25.000ns})
  Path Group:             clk_out1_xlnx_clk_gen
  Path Type:              Setup (Max at Slow Process Corner)
  Requirement:            25.000ns  (clk_out1_xlnx_clk_gen rise@25.000ns - clk_out1_xlnx_clk_gen rise@0.000ns)
  Data Path Delay:        37.254ns  (logic 8.282ns (22.231%)  route 28.972ns (77.769%))
  Logic Levels:           53  (CARRY4=8 LUT2=3 LUT3=3 LUT4=2 LUT5=10 LUT6=27)
  Clock Path Skew:        -0.428ns (DCD - SCD + CPR)
    Destination Clock Delay (DCD):    -1.610ns = ( 23.390 - 25.000 ) 
    Source Clock Delay      (SCD):    -0.715ns
    Clock Pessimism Removal (CPR):    0.467ns
  Clock Uncertainty:      0.082ns  ((TSJ^2 + DJ^2)^1/2) / 2 + PE
    Total System Jitter     (TSJ):    0.071ns
    Discrete Jitter          (DJ):    0.149ns
    Phase Error              (PE):    0.000ns

    Location             Delay type                Incr(ns)  Path(ns)    Netlist Resource(s)
  -------------------------------------------------------------------    -------------------
                         (clock clk_out1_xlnx_clk_gen rise edge)
                                                      0.000     0.000 r  
    K17                                               0.000     0.000 r  clk_sys (IN)
                         net (fo=0)                   0.000     0.000    i_xlnx_clk_gen/inst/clk_in1
    K17                  IBUF (Prop_ibuf_I_O)         1.475     1.475 r  i_xlnx_clk_gen/inst/clkin1_ibufg/O
                         net (fo=1, routed)           1.285     2.760    i_xlnx_clk_gen/inst/clk_in1_xlnx_clk_gen
    MMCME2_ADV_X1Y2      MMCME2_ADV (Prop_mmcme2_adv_CLKIN1_CLKOUT0)
                                                     -7.759    -4.999 r  i_xlnx_clk_gen/inst/mmcm_adv_inst/CLKOUT0
                         net (fo=1, routed)           2.206    -2.793    i_xlnx_clk_gen/inst/clk_out1_xlnx_clk_gen
    BUFGCTRL_X0Y16       BUFG (Prop_bufg_I_O)         0.101    -2.692 r  i_xlnx_clk_gen/inst/clkout1_buf/O
                         net (fo=22838, routed)       1.977    -0.715    i_ariane/i_cva6/issue_stage_i/i_issue_read_operands/clk_out1
    SLICE_X95Y102        FDCE                                         r  i_ariane/i_cva6/issue_stage_i/i_issue_read_operands/branch_valid_q_reg[1]/C
  -------------------------------------------------------------------    -------------------
    SLICE_X95Y102        FDCE (Prop_fdce_C_Q)         0.456    -0.259 f  i_ariane/i_cva6/issue_stage_i/i_issue_read_operands/branch_valid_q_reg[1]/Q
                         net (fo=46, routed)          0.848     0.589    i_ariane/i_cva6/issue_stage_i/i_issue_read_operands/branch_valid_id_ex[1]
    SLICE_X95Y103        LUT5 (Prop_lut5_I4_O)        0.124     0.713 r  i_ariane/i_cva6/issue_stage_i/i_issue_read_operands/mem_q[7][sbe][bp][predict_address][31]_i_50/O
                         net (fo=130, routed)         1.087     1.799    i_ariane/i_cva6/issue_stage_i/i_issue_read_operands/mem_q[7][sbe][bp][predict_address][31]_i_50_n_0
    SLICE_X95Y102        LUT6 (Prop_lut6_I2_O)        0.124     1.923 f  i_ariane/i_cva6/issue_stage_i/i_issue_read_operands/regfile_ram_block[0].mem[0][35][0]_i_47/O
                         net (fo=1, routed)           0.591     2.514    i_ariane/i_cva6/issue_stage_i/i_issue_read_operands/regfile_ram_block[0].mem[0][35][0]_i_47_n_0
    SLICE_X94Y100        LUT6 (Prop_lut6_I5_O)        0.124     2.638 f  i_ariane/i_cva6/issue_stage_i/i_issue_read_operands/regfile_ram_block[0].mem[0][35][0]_i_36/O
                         net (fo=1, routed)           0.289     2.927    i_ariane/i_cva6/issue_stage_i/i_issue_read_operands/regfile_ram_block[0].mem[0][35][0]_i_36_n_0
    SLICE_X95Y101        LUT6 (Prop_lut6_I5_O)        0.124     3.051 r  i_ariane/i_cva6/issue_stage_i/i_issue_read_operands/regfile_ram_block[0].mem[0][35][0]_i_26/O
                         net (fo=65, routed)          0.359     3.410    i_ariane/i_cva6/issue_stage_i/i_issue_read_operands/ex_stage_i/alu_i/adder_op_b_negate
    SLICE_X95Y103        LUT6 (Prop_lut6_I4_O)        0.124     3.534 r  i_ariane/i_cva6/issue_stage_i/i_issue_read_operands/regfile_ram_block[0].mem[0][35][3]_i_29/O
                         net (fo=1, routed)           0.415     3.949    i_ariane/i_cva6/issue_stage_i/i_issue_read_operands/regfile_ram_block[0].mem[0][35][3]_i_29_n_0
    SLICE_X94Y104        CARRY4 (Prop_carry4_S[0]_CO[3])
                                                      0.637     4.586 r  i_ariane/i_cva6/issue_stage_i/i_issue_read_operands/regfile_ram_block[0].mem_reg[0][35][3]_i_25/CO[3]
                         net (fo=1, routed)           0.000     4.586    i_ariane/i_cva6/issue_stage_i/i_issue_read_operands/regfile_ram_block[0].mem_reg[0][35][3]_i_25_n_0
    SLICE_X94Y105        CARRY4 (Prop_carry4_CI_CO[3])
                                                      0.117     4.703 r  i_ariane/i_cva6/issue_stage_i/i_issue_read_operands/regfile_ram_block[0].mem_reg[0][35][7]_i_23/CO[3]
                         net (fo=1, routed)           0.000     4.703    i_ariane/i_cva6/issue_stage_i/i_issue_read_operands/regfile_ram_block[0].mem_reg[0][35][7]_i_23_n_0
    SLICE_X94Y106        CARRY4 (Prop_carry4_CI_CO[3])
                                                      0.117     4.820 r  i_ariane/i_cva6/issue_stage_i/i_issue_read_operands/regfile_ram_block[0].mem_reg[0][35][11]_i_23/CO[3]
                         net (fo=1, routed)           0.000     4.820    i_ariane/i_cva6/issue_stage_i/i_issue_read_operands/regfile_ram_block[0].mem_reg[0][35][11]_i_23_n_0
    SLICE_X94Y107        CARRY4 (Prop_carry4_CI_CO[3])
                                                      0.117     4.937 r  i_ariane/i_cva6/issue_stage_i/i_issue_read_operands/regfile_ram_block[0].mem_reg[0][35][15]_i_22/CO[3]
                         net (fo=1, routed)           0.000     4.937    i_ariane/i_cva6/issue_stage_i/i_issue_read_operands/regfile_ram_block[0].mem_reg[0][35][15]_i_22_n_0
    SLICE_X94Y108        CARRY4 (Prop_carry4_CI_CO[3])
                                                      0.117     5.054 r  i_ariane/i_cva6/issue_stage_i/i_issue_read_operands/regfile_ram_block[0].mem_reg[0][35][19]_i_25/CO[3]
                         net (fo=1, routed)           0.000     5.054    i_ariane/i_cva6/issue_stage_i/i_issue_read_operands/regfile_ram_block[0].mem_reg[0][35][19]_i_25_n_0
    SLICE_X94Y109        CARRY4 (Prop_carry4_CI_CO[3])
                                                      0.117     5.171 r  i_ariane/i_cva6/issue_stage_i/i_issue_read_operands/regfile_ram_block[0].mem_reg[0][35][23]_i_23/CO[3]
                         net (fo=1, routed)           0.000     5.171    i_ariane/i_cva6/issue_stage_i/i_issue_read_operands/regfile_ram_block[0].mem_reg[0][35][23]_i_23_n_0
    SLICE_X94Y110        CARRY4 (Prop_carry4_CI_CO[3])
                                                      0.117     5.288 r  i_ariane/i_cva6/issue_stage_i/i_issue_read_operands/regfile_ram_block[0].mem_reg[0][35][27]_i_21/CO[3]
                         net (fo=1, routed)           0.000     5.288    i_ariane/i_cva6/issue_stage_i/i_issue_read_operands/regfile_ram_block[0].mem_reg[0][35][27]_i_21_n_0
    SLICE_X94Y111        CARRY4 (Prop_carry4_CI_O[1])
                                                      0.323     5.611 f  i_ariane/i_cva6/issue_stage_i/i_issue_read_operands/regfile_ram_block[0].mem_reg[0][35][31]_i_95/O[1]
                         net (fo=2, routed)           1.328     6.939    i_ariane/i_cva6/issue_stage_i/i_issue_read_operands/ex_stage_i/alu_i/adder_result[29]
    SLICE_X92Y102        LUT5 (Prop_lut5_I3_O)        0.306     7.245 r  i_ariane/i_cva6/issue_stage_i/i_issue_read_operands/mem_q[7][sbe][bp][predict_address][31]_i_30/O
                         net (fo=1, routed)           0.645     7.890    i_ariane/i_cva6/issue_stage_i/i_issue_read_operands/mem_q[7][sbe][bp][predict_address][31]_i_30_n_0
    SLICE_X93Y101        LUT4 (Prop_lut4_I1_O)        0.124     8.014 r  i_ariane/i_cva6/issue_stage_i/i_issue_read_operands/mem_q[7][sbe][bp][predict_address][31]_i_15/O
                         net (fo=1, routed)           0.636     8.650    i_ariane/i_cva6/issue_stage_i/i_issue_read_operands/mem_q[7][sbe][bp][predict_address][31]_i_15_n_0
    SLICE_X93Y100        LUT6 (Prop_lut6_I3_O)        0.124     8.774 r  i_ariane/i_cva6/issue_stage_i/i_issue_read_operands/mem_q[7][sbe][bp][predict_address][31]_i_9/O
                         net (fo=34, routed)          0.454     9.228    i_ariane/i_cva6/issue_stage_i/i_issue_read_operands/ex_stage_i/alu_branch_res
    SLICE_X91Y99         LUT6 (Prop_lut6_I0_O)        0.124     9.352 r  i_ariane/i_cva6/issue_stage_i/i_issue_read_operands/issue_q[0][valid]_i_7/O
                         net (fo=36, routed)          0.755    10.108    i_ariane/i_cva6/issue_stage_i/i_issue_read_operands/resolved_branch[is_mispredict]
    SLICE_X89Y95         LUT3 (Prop_lut3_I0_O)        0.124    10.232 r  i_ariane/i_cva6/issue_stage_i/i_issue_read_operands/bmiss_trans_id_q[1]_i_2/O
                         net (fo=10, routed)          0.545    10.776    i_ariane/i_cva6/ex_stage_i/i_mult/i_multiplier/bmiss_trans_id_q_reg[2]_0
    SLICE_X87Y88         LUT5 (Prop_lut5_I4_O)        0.124    10.900 r  i_ariane/i_cva6/ex_stage_i/i_mult/i_multiplier/bmiss_trans_id_q[2]_i_2/O
                         net (fo=4, routed)           0.587    11.487    i_ariane/i_cva6/issue_stage_i/i_scoreboard/bmiss_trans_id_q_reg[2]_1
    SLICE_X88Y85         LUT6 (Prop_lut6_I4_O)        0.124    11.611 r  i_ariane/i_cva6/issue_stage_i/i_scoreboard/mcause_q[30]_i_2/O
                         net (fo=49, routed)          0.575    12.186    i_ariane/i_cva6/issue_stage_i/i_scoreboard/commit_instr_id_commit[0][valid]
    SLICE_X86Y79         LUT5 (Prop_lut5_I0_O)        0.124    12.310 r  i_ariane/i_cva6/issue_stage_i/i_scoreboard/regfile_ram_block[0].mem[0][35][31]_i_10/O
                         net (fo=85, routed)          0.541    12.851    i_ariane/i_cva6/issue_stage_i/i_scoreboard/regfile_ram_block[0].mem[0][35][31]_i_10_n_0
    SLICE_X85Y79         LUT3 (Prop_lut3_I0_O)        0.124    12.975 f  i_ariane/i_cva6/issue_stage_i/i_scoreboard/wfi_q_i_2/O
                         net (fo=4, routed)           0.979    13.954    i_ariane/i_cva6/issue_stage_i/i_scoreboard/wfi_q_reg_47
    SLICE_X83Y78         LUT6 (Prop_lut6_I0_O)        0.124    14.078 r  i_ariane/i_cva6/issue_stage_i/i_scoreboard/mcause_q[1]_i_4/O
                         net (fo=5, routed)           0.637    14.715    i_ariane/i_cva6/issue_stage_i/i_scoreboard/csr_exception_csr_commit[cause][1]
    SLICE_X80Y77         LUT5 (Prop_lut5_I1_O)        0.124    14.839 r  i_ariane/i_cva6/issue_stage_i/i_scoreboard/rat_q[rat][31][5]_i_6__0/O
                         net (fo=113, routed)         0.999    15.838    i_ariane/i_cva6/issue_stage_i/i_scoreboard/wfi_q_reg_48
    SLICE_X67Y77         LUT6 (Prop_lut6_I5_O)        0.124    15.962 f  i_ariane/i_cva6/issue_stage_i/i_scoreboard/mstatus_q[mpp][1]_i_7/O
                         net (fo=2, routed)           0.413    16.376    i_ariane/i_cva6/csr_regfile_i/mepc_q_reg[0]_0
    SLICE_X67Y75         LUT2 (Prop_lut2_I1_O)        0.124    16.500 r  i_ariane/i_cva6/csr_regfile_i/mstatus_q[mpp][1]_i_2/O
                         net (fo=106, routed)         0.305    16.805    i_ariane/i_cva6/ex_stage_i/csr_buffer_i/mtval_q_reg[31]
    SLICE_X67Y75         LUT6 (Prop_lut6_I5_O)        0.124    16.929 f  i_ariane/i_cva6/ex_stage_i/csr_buffer_i/rat_q[rat][31][5]_i_9__0/O
                         net (fo=16, routed)          0.369    17.298    i_ariane/i_cva6/issue_stage_i/i_scoreboard/flush_csr_ctrl
    SLICE_X67Y74         LUT5 (Prop_lut5_I4_O)        0.124    17.422 f  i_ariane/i_cva6/issue_stage_i/i_scoreboard/rat_q[rat][31][2]_i_2/O
                         net (fo=118, routed)         0.528    17.950    i_ariane/i_cva6/issue_stage_i/i_scoreboard/wfi_q_reg_5
    SLICE_X67Y74         LUT2 (Prop_lut2_I1_O)        0.117    18.067 r  i_ariane/i_cva6/issue_stage_i/i_scoreboard/rollback_active_q_i_3/O
                         net (fo=87, routed)          0.726    18.793    i_ariane/i_cva6/issue_stage_i/i_scoreboard/rollback_active_q_i_3_n_0
    SLICE_X67Y68         LUT6 (Prop_lut6_I0_O)        0.332    19.125 r  i_ariane/i_cva6/issue_stage_i/i_scoreboard/state_q[1]_i_7__0/O
                         net (fo=6, routed)           0.750    19.875    i_ariane/i_cva6/ex_stage_i/lsu_i/lsu_bypass_i/rollback_trans_id[0]_194[0]
    SLICE_X66Y65         LUT6 (Prop_lut6_I1_O)        0.124    19.999 r  i_ariane/i_cva6/ex_stage_i/lsu_i/lsu_bypass_i/state_q[1]_i_9/O
                         net (fo=1, routed)           0.545    20.544    i_ariane/i_cva6/ex_stage_i/lsu_i/lsu_bypass_i/state_q[1]_i_9_n_0
    SLICE_X65Y64         LUT2 (Prop_lut2_I0_O)        0.117    20.661 r  i_ariane/i_cva6/ex_stage_i/lsu_i/lsu_bypass_i/state_q[1]_i_6__0/O
                         net (fo=4, routed)           0.619    21.279    i_ariane/i_cva6/ex_stage_i/lsu_i/lsu_bypass_i/state_q[1]_i_6__0_n_0
    SLICE_X67Y63         LUT6 (Prop_lut6_I1_O)        0.332    21.611 r  i_ariane/i_cva6/ex_stage_i/lsu_i/lsu_bypass_i/gen_register.d_o[107]_i_2/O
                         net (fo=14, routed)          0.795    22.406    i_ariane/i_cva6/csr_regfile_i/st_translation_req
    SLICE_X81Y60         LUT5 (Prop_lut5_I3_O)        0.124    22.530 r  i_ariane/i_cva6/csr_regfile_i/gen_register.d_o[108]_i_6/O
                         net (fo=1, routed)           0.658    23.188    i_ariane/i_cva6/csr_regfile_i/gen_register.d_o[108]_i_6_n_0
    SLICE_X80Y60         LUT6 (Prop_lut6_I0_O)        0.124    23.312 f  i_ariane/i_cva6/csr_regfile_i/gen_register.d_o[108]_i_2/O
                         net (fo=4, routed)           0.455    23.767    i_ariane/i_cva6/ex_stage_i/lsu_i/i_load_unit/ldbuf_valid_q[0]_i_7
    SLICE_X80Y58         LUT6 (Prop_lut6_I3_O)        0.124    23.891 r  i_ariane/i_cva6/ex_stage_i/lsu_i/i_load_unit/deps_q[0][flush_hit]_i_7/O
                         net (fo=2, routed)           0.505    24.396    i_ariane/i_cva6/gen_cache_hpd.i_cache_subsystem/i_dcache/i_hpdcache/hpdcache_ctrl_i/hpdcache_memctrl_i/gen_dir_sram[1].dir_sram/ram_i/dcache_req_ports_ex_cache[1][kill_req]
    SLICE_X80Y56         LUT6 (Prop_lut6_I4_O)        0.124    24.520 r  i_ariane/i_cva6/gen_cache_hpd.i_cache_subsystem/i_dcache/i_hpdcache/hpdcache_ctrl_i/hpdcache_memctrl_i/gen_dir_sram[1].dir_sram/ram_i/ldbuf_q[0][trans_id][2]_i_20/O
                         net (fo=1, routed)           0.280    24.799    i_ariane/i_cva6/gen_cache_hpd.i_cache_subsystem/i_dcache/i_hpdcache/hpdcache_ctrl_i/hpdcache_memctrl_i/gen_dir_sram[1].dir_sram/ram_i/ldbuf_q[0][trans_id][2]_i_20_n_0
    SLICE_X80Y56         LUT6 (Prop_lut6_I4_O)        0.124    24.923 r  i_ariane/i_cva6/gen_cache_hpd.i_cache_subsystem/i_dcache/i_hpdcache/hpdcache_ctrl_i/hpdcache_memctrl_i/gen_dir_sram[1].dir_sram/ram_i/ldbuf_q[0][trans_id][2]_i_13/O
                         net (fo=1, routed)           0.733    25.656    i_ariane/i_cva6/gen_cache_hpd.i_cache_subsystem/i_dcache/i_hpdcache/hpdcache_ctrl_i/hpdcache_memctrl_i/gen_dir_sram[1].dir_sram/ram_i/core_rsp_valid
    SLICE_X67Y56         LUT6 (Prop_lut6_I0_O)        0.124    25.780 f  i_ariane/i_cva6/gen_cache_hpd.i_cache_subsystem/i_dcache/i_hpdcache/hpdcache_ctrl_i/hpdcache_memctrl_i/gen_dir_sram[1].dir_sram/ram_i/ldbuf_q[0][trans_id][2]_i_6/O
                         net (fo=2, routed)           0.313    26.093    i_ariane/i_cva6/ex_stage_i/lsu_i/i_load_unit/wait_q_reg_1
    SLICE_X67Y55         LUT6 (Prop_lut6_I4_O)        0.124    26.217 r  i_ariane/i_cva6/ex_stage_i/lsu_i/i_load_unit/ldbuf_q[0][trans_id][2]_i_3/O
                         net (fo=9, routed)           0.739    26.956    i_ariane/i_cva6/gen_cache_hpd.i_cache_subsystem/i_dcache/i_hpdcache/core_req_arbiter_i/req_arbiter_i/dcache_req_ports_ex_cache[1][data_req]
    SLICE_X67Y53         LUT3 (Prop_lut3_I2_O)        0.124    27.080 r  i_ariane/i_cva6/gen_cache_hpd.i_cache_subsystem/i_dcache/i_hpdcache/core_req_arbiter_i/req_arbiter_i/arb_req_gnt_q[1]_i_1/O
                         net (fo=32, routed)          0.508    27.587    i_ariane/i_cva6/gen_cache_hpd.i_cache_subsystem/i_dcache/i_hpdcache/hpdcache_uc_i/ldbuf_q[0][trans_id][2]_i_11_0
    SLICE_X67Y51         LUT6 (Prop_lut6_I5_O)        0.124    27.711 f  i_ariane/i_cva6/gen_cache_hpd.i_cache_subsystem/i_dcache/i_hpdcache/hpdcache_uc_i/ldbuf_q[0][trans_id][2]_i_15/O
                         net (fo=1, routed)           0.650    28.362    i_ariane/i_cva6/gen_cache_hpd.i_cache_subsystem/i_dcache/i_hpdcache/hpdcache_ctrl_i/hpdcache_rtab_i/ldbuf_q[0][trans_id][2]_i_4_0
    SLICE_X67Y50         LUT6 (Prop_lut6_I5_O)        0.124    28.486 r  i_ariane/i_cva6/gen_cache_hpd.i_cache_subsystem/i_dcache/i_hpdcache/hpdcache_ctrl_i/hpdcache_rtab_i/ldbuf_q[0][trans_id][2]_i_4_comp/O
                         net (fo=8, routed)           0.918    29.404    i_ariane/i_cva6/gen_cache_hpd.i_cache_subsystem/i_dcache/i_hpdcache/hpdcache_ctrl_i/hpdcache_memctrl_i/gen_dir_sram[1].dir_sram/ram_i/mem_q_reg[1][trans_id][2]_0
    SLICE_X67Y56         LUT5 (Prop_lut5_I4_O)        0.124    29.528 r  i_ariane/i_cva6/gen_cache_hpd.i_cache_subsystem/i_dcache/i_hpdcache/hpdcache_ctrl_i/hpdcache_memctrl_i/gen_dir_sram[1].dir_sram/ram_i/mem_q[0][trans_id][0]_i_4/O
                         net (fo=4, routed)           0.594    30.122    i_ariane/i_cva6/ex_stage_i/lsu_i/i_load_unit/dcache_req_ports_cache_ex[1][data_gnt]
    SLICE_X67Y62         LUT6 (Prop_lut6_I3_O)        0.124    30.246 r  i_ariane/i_cva6/ex_stage_i/lsu_i/i_load_unit/mem_q[0][trans_id][0]_i_2/O
                         net (fo=97, routed)          0.793    31.038    i_ariane/i_cva6/issue_stage_i/i_issue_read_operands/mem_n1
    SLICE_X66Y62         LUT6 (Prop_lut6_I4_O)        0.124    31.162 r  i_ariane/i_cva6/issue_stage_i/i_issue_read_operands/write_pointer_q_i_41/O
                         net (fo=2, routed)           0.309    31.471    i_ariane/i_cva6/issue_stage_i/i_issue_read_operands/write_pointer_q_i_41_n_0
    SLICE_X65Y61         LUT6 (Prop_lut6_I3_O)        0.124    31.595 r  i_ariane/i_cva6/issue_stage_i/i_issue_read_operands/write_pointer_q_i_45/O
                         net (fo=4, routed)           0.635    32.230    i_ariane/i_cva6/ex_stage_i/lsu_i/lsu_bypass_i/prev_write_ptr1
    SLICE_X63Y61         LUT5 (Prop_lut5_I2_O)        0.124    32.354 r  i_ariane/i_cva6/ex_stage_i/lsu_i/lsu_bypass_i/write_pointer_q_i_20/O
                         net (fo=5, routed)           0.821    33.175    i_ariane/i_cva6/issue_stage_i/i_issue_read_operands/mem_n45_in
    SLICE_X63Y62         LUT6 (Prop_lut6_I1_O)        0.124    33.299 r  i_ariane/i_cva6/issue_stage_i/i_issue_read_operands/write_pointer_q_i_8/O
                         net (fo=12, routed)          0.550    33.849    i_ariane/i_cva6/issue_stage_i/i_scoreboard/prev_write_ptr33_in
    SLICE_X63Y63         LUT4 (Prop_lut4_I1_O)        0.124    33.973 r  i_ariane/i_cva6/issue_stage_i/i_scoreboard/write_pointer_q_i_12/O
                         net (fo=4, routed)           0.834    34.807    i_ariane/i_cva6/ex_stage_i/lsu_i/i_load_unit/mem_q[0][valid]_i_2_1
    SLICE_X65Y63         LUT6 (Prop_lut6_I2_O)        0.124    34.931 r  i_ariane/i_cva6/ex_stage_i/lsu_i/i_load_unit/mem_q[0][valid]_i_6/O
                         net (fo=1, routed)           0.695    35.627    i_ariane/i_cva6/ex_stage_i/lsu_i/i_load_unit/mem_q[0][valid]_i_6_n_0
    SLICE_X64Y64         LUT6 (Prop_lut6_I3_O)        0.124    35.751 f  i_ariane/i_cva6/ex_stage_i/lsu_i/i_load_unit/mem_q[0][valid]_i_2/O
                         net (fo=3, routed)           0.664    36.415    i_ariane/i_cva6/issue_stage_i/i_issue_read_operands/mem_q_reg[0][valid]_0
    SLICE_X63Y64         LUT5 (Prop_lut5_I1_O)        0.124    36.539 r  i_ariane/i_cva6/issue_stage_i/i_issue_read_operands/mem_q[0][valid]_i_1/O
                         net (fo=1, routed)           0.000    36.539    i_ariane/i_cva6/ex_stage_i/lsu_i/lsu_bypass_i/mem_n[0][valid]
    SLICE_X63Y64         FDCE                                         r  i_ariane/i_cva6/ex_stage_i/lsu_i/lsu_bypass_i/mem_q_reg[0][valid]/D
  -------------------------------------------------------------------    -------------------

                         (clock clk_out1_xlnx_clk_gen rise edge)
                                                     25.000    25.000 r  
    K17                                               0.000    25.000 r  clk_sys (IN)
                         net (fo=0)                   0.000    25.000    i_xlnx_clk_gen/inst/clk_in1
    K17                  IBUF (Prop_ibuf_I_O)         1.404    26.404 r  i_xlnx_clk_gen/inst/clkin1_ibufg/O
                         net (fo=1, routed)           1.162    27.566    i_xlnx_clk_gen/inst/clk_in1_xlnx_clk_gen
    MMCME2_ADV_X1Y2      MMCME2_ADV (Prop_mmcme2_adv_CLKIN1_CLKOUT0)
                                                     -7.814    19.752 r  i_xlnx_clk_gen/inst/mmcm_adv_inst/CLKOUT0
                         net (fo=1, routed)           2.012    21.764    i_xlnx_clk_gen/inst/clk_out1_xlnx_clk_gen
    BUFGCTRL_X0Y16       BUFG (Prop_bufg_I_O)         0.091    21.855 r  i_xlnx_clk_gen/inst/clkout1_buf/O
                         net (fo=22838, routed)       1.535    23.390    i_ariane/i_cva6/ex_stage_i/lsu_i/lsu_bypass_i/clk_out1
    SLICE_X63Y64         FDCE                                         r  i_ariane/i_cva6/ex_stage_i/lsu_i/lsu_bypass_i/mem_q_reg[0][valid]/C
                         clock pessimism              0.467    23.856    
                         clock uncertainty           -0.082    23.774    
    SLICE_X63Y64         FDCE (Setup_fdce_C_D)        0.029    23.803    i_ariane/i_cva6/ex_stage_i/lsu_i/lsu_bypass_i/mem_q_reg[0][valid]
  -------------------------------------------------------------------
                         required time                         23.803    
                         arrival time                         -36.539    
  -------------------------------------------------------------------
                         slack                                -12.736    

Slack (VIOLATED) :        -12.692ns  (required time - arrival time)
  Source:                 i_ariane/i_cva6/issue_stage_i/i_issue_read_operands/branch_valid_q_reg[0]/C
                            (rising edge-triggered cell FDCE clocked by clk_out1_xlnx_clk_gen  {rise@0.000ns fall@12.500ns period=25.000ns})
  Destination:            i_ariane/i_cva6/issue_stage_i/i_issue_register_allocation_table/rat_q_reg[free_regs][10]/D
                            (rising edge-triggered cell FDCE clocked by clk_out1_xlnx_clk_gen  {rise@0.000ns fall@12.500ns period=25.000ns})
  Path Group:             clk_out1_xlnx_clk_gen
  Path Type:              Setup (Max at Slow Process Corner)
  Requirement:            25.000ns  (clk_out1_xlnx_clk_gen rise@25.000ns - clk_out1_xlnx_clk_gen rise@0.000ns)
  Data Path Delay:        37.341ns  (logic 7.694ns (20.605%)  route 29.647ns (79.395%))
  Logic Levels:           51  (CARRY4=8 LUT2=1 LUT3=2 LUT4=5 LUT5=10 LUT6=25)
  Clock Path Skew:        -0.298ns (DCD - SCD + CPR)
    Destination Clock Delay (DCD):    -1.672ns = ( 23.328 - 25.000 ) 
    Source Clock Delay      (SCD):    -0.907ns
    Clock Pessimism Removal (CPR):    0.467ns
  Clock Uncertainty:      0.082ns  ((TSJ^2 + DJ^2)^1/2) / 2 + PE
    Total System Jitter     (TSJ):    0.071ns
    Discrete Jitter          (DJ):    0.149ns
    Phase Error              (PE):    0.000ns

    Location             Delay type                Incr(ns)  Path(ns)    Netlist Resource(s)
  -------------------------------------------------------------------    -------------------
                         (clock clk_out1_xlnx_clk_gen rise edge)
                                                      0.000     0.000 r  
    K17                                               0.000     0.000 r  clk_sys (IN)
                         net (fo=0)                   0.000     0.000    i_xlnx_clk_gen/inst/clk_in1
    K17                  IBUF (Prop_ibuf_I_O)         1.475     1.475 r  i_xlnx_clk_gen/inst/clkin1_ibufg/O
                         net (fo=1, routed)           1.285     2.760    i_xlnx_clk_gen/inst/clk_in1_xlnx_clk_gen
    MMCME2_ADV_X1Y2      MMCME2_ADV (Prop_mmcme2_adv_CLKIN1_CLKOUT0)
                                                     -7.759    -4.999 r  i_xlnx_clk_gen/inst/mmcm_adv_inst/CLKOUT0
                         net (fo=1, routed)           2.206    -2.793    i_xlnx_clk_gen/inst/clk_out1_xlnx_clk_gen
    BUFGCTRL_X0Y16       BUFG (Prop_bufg_I_O)         0.101    -2.692 r  i_xlnx_clk_gen/inst/clkout1_buf/O
                         net (fo=22838, routed)       1.785    -0.907    i_ariane/i_cva6/issue_stage_i/i_issue_read_operands/clk_out1
    SLICE_X96Y99         FDCE                                         r  i_ariane/i_cva6/issue_stage_i/i_issue_read_operands/branch_valid_q_reg[0]/C
  -------------------------------------------------------------------    -------------------
    SLICE_X96Y99         FDCE (Prop_fdce_C_Q)         0.518    -0.389 r  i_ariane/i_cva6/issue_stage_i/i_issue_read_operands/branch_valid_q_reg[0]/Q
                         net (fo=178, routed)         1.035     0.645    i_ariane/i_cva6/issue_stage_i/i_issue_read_operands/branch_valid_id_ex[0]
    SLICE_X95Y103        LUT5 (Prop_lut5_I0_O)        0.124     0.769 r  i_ariane/i_cva6/issue_stage_i/i_issue_read_operands/mem_q[7][sbe][bp][predict_address][31]_i_50/O
                         net (fo=130, routed)         1.087     1.856    i_ariane/i_cva6/issue_stage_i/i_issue_read_operands/mem_q[7][sbe][bp][predict_address][31]_i_50_n_0
    SLICE_X95Y102        LUT6 (Prop_lut6_I2_O)        0.124     1.980 f  i_ariane/i_cva6/issue_stage_i/i_issue_read_operands/regfile_ram_block[0].mem[0][35][0]_i_47/O
                         net (fo=1, routed)           0.591     2.571    i_ariane/i_cva6/issue_stage_i/i_issue_read_operands/regfile_ram_block[0].mem[0][35][0]_i_47_n_0
    SLICE_X94Y100        LUT6 (Prop_lut6_I5_O)        0.124     2.695 f  i_ariane/i_cva6/issue_stage_i/i_issue_read_operands/regfile_ram_block[0].mem[0][35][0]_i_36/O
                         net (fo=1, routed)           0.289     2.984    i_ariane/i_cva6/issue_stage_i/i_issue_read_operands/regfile_ram_block[0].mem[0][35][0]_i_36_n_0
    SLICE_X95Y101        LUT6 (Prop_lut6_I5_O)        0.124     3.108 r  i_ariane/i_cva6/issue_stage_i/i_issue_read_operands/regfile_ram_block[0].mem[0][35][0]_i_26/O
                         net (fo=65, routed)          0.359     3.466    i_ariane/i_cva6/issue_stage_i/i_issue_read_operands/ex_stage_i/alu_i/adder_op_b_negate
    SLICE_X95Y103        LUT6 (Prop_lut6_I4_O)        0.124     3.590 r  i_ariane/i_cva6/issue_stage_i/i_issue_read_operands/regfile_ram_block[0].mem[0][35][3]_i_29/O
                         net (fo=1, routed)           0.415     4.005    i_ariane/i_cva6/issue_stage_i/i_issue_read_operands/regfile_ram_block[0].mem[0][35][3]_i_29_n_0
    SLICE_X94Y104        CARRY4 (Prop_carry4_S[0]_CO[3])
                                                      0.637     4.642 r  i_ariane/i_cva6/issue_stage_i/i_issue_read_operands/regfile_ram_block[0].mem_reg[0][35][3]_i_25/CO[3]
                         net (fo=1, routed)           0.000     4.642    i_ariane/i_cva6/issue_stage_i/i_issue_read_operands/regfile_ram_block[0].mem_reg[0][35][3]_i_25_n_0
    SLICE_X94Y105        CARRY4 (Prop_carry4_CI_CO[3])
                                                      0.117     4.759 r  i_ariane/i_cva6/issue_stage_i/i_issue_read_operands/regfile_ram_block[0].mem_reg[0][35][7]_i_23/CO[3]
                         net (fo=1, routed)           0.000     4.759    i_ariane/i_cva6/issue_stage_i/i_issue_read_operands/regfile_ram_block[0].mem_reg[0][35][7]_i_23_n_0
    SLICE_X94Y106        CARRY4 (Prop_carry4_CI_CO[3])
                                                      0.117     4.876 r  i_ariane/i_cva6/issue_stage_i/i_issue_read_operands/regfile_ram_block[0].mem_reg[0][35][11]_i_23/CO[3]
                         net (fo=1, routed)           0.000     4.876    i_ariane/i_cva6/issue_stage_i/i_issue_read_operands/regfile_ram_block[0].mem_reg[0][35][11]_i_23_n_0
    SLICE_X94Y107        CARRY4 (Prop_carry4_CI_CO[3])
                                                      0.117     4.993 r  i_ariane/i_cva6/issue_stage_i/i_issue_read_operands/regfile_ram_block[0].mem_reg[0][35][15]_i_22/CO[3]
                         net (fo=1, routed)           0.000     4.993    i_ariane/i_cva6/issue_stage_i/i_issue_read_operands/regfile_ram_block[0].mem_reg[0][35][15]_i_22_n_0
    SLICE_X94Y108        CARRY4 (Prop_carry4_CI_CO[3])
                                                      0.117     5.110 r  i_ariane/i_cva6/issue_stage_i/i_issue_read_operands/regfile_ram_block[0].mem_reg[0][35][19]_i_25/CO[3]
                         net (fo=1, routed)           0.000     5.110    i_ariane/i_cva6/issue_stage_i/i_issue_read_operands/regfile_ram_block[0].mem_reg[0][35][19]_i_25_n_0
    SLICE_X94Y109        CARRY4 (Prop_carry4_CI_CO[3])
                                                      0.117     5.227 r  i_ariane/i_cva6/issue_stage_i/i_issue_read_operands/regfile_ram_block[0].mem_reg[0][35][23]_i_23/CO[3]
                         net (fo=1, routed)           0.000     5.227    i_ariane/i_cva6/issue_stage_i/i_issue_read_operands/regfile_ram_block[0].mem_reg[0][35][23]_i_23_n_0
    SLICE_X94Y110        CARRY4 (Prop_carry4_CI_CO[3])
                                                      0.117     5.344 r  i_ariane/i_cva6/issue_stage_i/i_issue_read_operands/regfile_ram_block[0].mem_reg[0][35][27]_i_21/CO[3]
                         net (fo=1, routed)           0.000     5.344    i_ariane/i_cva6/issue_stage_i/i_issue_read_operands/regfile_ram_block[0].mem_reg[0][35][27]_i_21_n_0
    SLICE_X94Y111        CARRY4 (Prop_carry4_CI_O[1])
                                                      0.323     5.667 f  i_ariane/i_cva6/issue_stage_i/i_issue_read_operands/regfile_ram_block[0].mem_reg[0][35][31]_i_95/O[1]
                         net (fo=2, routed)           1.328     6.996    i_ariane/i_cva6/issue_stage_i/i_issue_read_operands/ex_stage_i/alu_i/adder_result[29]
    SLICE_X92Y102        LUT5 (Prop_lut5_I3_O)        0.306     7.302 r  i_ariane/i_cva6/issue_stage_i/i_issue_read_operands/mem_q[7][sbe][bp][predict_address][31]_i_30/O
                         net (fo=1, routed)           0.645     7.947    i_ariane/i_cva6/issue_stage_i/i_issue_read_operands/mem_q[7][sbe][bp][predict_address][31]_i_30_n_0
    SLICE_X93Y101        LUT4 (Prop_lut4_I1_O)        0.124     8.071 r  i_ariane/i_cva6/issue_stage_i/i_issue_read_operands/mem_q[7][sbe][bp][predict_address][31]_i_15/O
                         net (fo=1, routed)           0.636     8.707    i_ariane/i_cva6/issue_stage_i/i_issue_read_operands/mem_q[7][sbe][bp][predict_address][31]_i_15_n_0
    SLICE_X93Y100        LUT6 (Prop_lut6_I3_O)        0.124     8.831 r  i_ariane/i_cva6/issue_stage_i/i_issue_read_operands/mem_q[7][sbe][bp][predict_address][31]_i_9/O
                         net (fo=34, routed)          0.454     9.285    i_ariane/i_cva6/issue_stage_i/i_issue_read_operands/ex_stage_i/alu_branch_res
    SLICE_X91Y99         LUT6 (Prop_lut6_I0_O)        0.124     9.409 r  i_ariane/i_cva6/issue_stage_i/i_issue_read_operands/issue_q[0][valid]_i_7/O
                         net (fo=36, routed)          0.755    10.165    i_ariane/i_cva6/issue_stage_i/i_issue_read_operands/resolved_branch[is_mispredict]
    SLICE_X89Y95         LUT3 (Prop_lut3_I0_O)        0.124    10.289 r  i_ariane/i_cva6/issue_stage_i/i_issue_read_operands/bmiss_trans_id_q[1]_i_2/O
                         net (fo=10, routed)          0.545    10.833    i_ariane/i_cva6/ex_stage_i/i_mult/i_multiplier/bmiss_trans_id_q_reg[2]_0
    SLICE_X87Y88         LUT5 (Prop_lut5_I4_O)        0.124    10.957 r  i_ariane/i_cva6/ex_stage_i/i_mult/i_multiplier/bmiss_trans_id_q[2]_i_2/O
                         net (fo=4, routed)           0.587    11.544    i_ariane/i_cva6/issue_stage_i/i_scoreboard/bmiss_trans_id_q_reg[2]_1
    SLICE_X88Y85         LUT6 (Prop_lut6_I4_O)        0.124    11.668 r  i_ariane/i_cva6/issue_stage_i/i_scoreboard/mcause_q[30]_i_2/O
                         net (fo=49, routed)          0.575    12.243    i_ariane/i_cva6/issue_stage_i/i_scoreboard/commit_instr_id_commit[0][valid]
    SLICE_X86Y79         LUT5 (Prop_lut5_I0_O)        0.124    12.367 r  i_ariane/i_cva6/issue_stage_i/i_scoreboard/regfile_ram_block[0].mem[0][35][31]_i_10/O
                         net (fo=85, routed)          0.541    12.908    i_ariane/i_cva6/issue_stage_i/i_scoreboard/regfile_ram_block[0].mem[0][35][31]_i_10_n_0
    SLICE_X85Y79         LUT3 (Prop_lut3_I0_O)        0.124    13.032 f  i_ariane/i_cva6/issue_stage_i/i_scoreboard/wfi_q_i_2/O
                         net (fo=4, routed)           0.979    14.011    i_ariane/i_cva6/issue_stage_i/i_scoreboard/wfi_q_reg_47
    SLICE_X83Y78         LUT6 (Prop_lut6_I0_O)        0.124    14.135 r  i_ariane/i_cva6/issue_stage_i/i_scoreboard/mcause_q[1]_i_4/O
                         net (fo=5, routed)           0.637    14.772    i_ariane/i_cva6/issue_stage_i/i_scoreboard/csr_exception_csr_commit[cause][1]
    SLICE_X80Y77         LUT5 (Prop_lut5_I1_O)        0.124    14.896 r  i_ariane/i_cva6/issue_stage_i/i_scoreboard/rat_q[rat][31][5]_i_6__0/O
                         net (fo=113, routed)         0.999    15.895    i_ariane/i_cva6/issue_stage_i/i_scoreboard/wfi_q_reg_48
    SLICE_X67Y77         LUT6 (Prop_lut6_I5_O)        0.124    16.019 f  i_ariane/i_cva6/issue_stage_i/i_scoreboard/mstatus_q[mpp][1]_i_7/O
                         net (fo=2, routed)           0.413    16.433    i_ariane/i_cva6/csr_regfile_i/mepc_q_reg[0]_0
    SLICE_X67Y75         LUT2 (Prop_lut2_I1_O)        0.124    16.557 r  i_ariane/i_cva6/csr_regfile_i/mstatus_q[mpp][1]_i_2/O
                         net (fo=106, routed)         0.305    16.862    i_ariane/i_cva6/ex_stage_i/csr_buffer_i/mtval_q_reg[31]
    SLICE_X67Y75         LUT6 (Prop_lut6_I5_O)        0.124    16.986 f  i_ariane/i_cva6/ex_stage_i/csr_buffer_i/rat_q[rat][31][5]_i_9__0/O
                         net (fo=16, routed)          0.369    17.355    i_ariane/i_cva6/issue_stage_i/i_scoreboard/flush_csr_ctrl
    SLICE_X67Y74         LUT5 (Prop_lut5_I4_O)        0.124    17.479 f  i_ariane/i_cva6/issue_stage_i/i_scoreboard/rat_q[rat][31][2]_i_2/O
                         net (fo=118, routed)         0.350    17.829    i_ariane/i_cva6/issue_stage_i/i_scoreboard/wfi_q_reg_5
    SLICE_X65Y73         LUT4 (Prop_lut4_I2_O)        0.124    17.953 r  i_ariane/i_cva6/issue_stage_i/i_scoreboard/speculative_write_pointer_q[0]_i_9/O
                         net (fo=2, routed)           0.448    18.401    i_ariane/i_cva6/issue_stage_i/i_scoreboard/speculative_write_pointer_q[0]_i_9_n_0
    SLICE_X65Y72         LUT6 (Prop_lut6_I0_O)        0.124    18.525 r  i_ariane/i_cva6/issue_stage_i/i_scoreboard/rs_q[free_entries][0]_i_10__1/O
                         net (fo=54, routed)          0.885    19.411    i_ariane/i_cva6/issue_stage_i/i_scoreboard/rollback_pointer_q_reg[1]_rep__0_1
    SLICE_X60Y72         LUT4 (Prop_lut4_I2_O)        0.124    19.535 f  i_ariane/i_cva6/issue_stage_i/i_scoreboard/rs_q[rs_table][0][use_imm]_i_7__0/O
                         net (fo=9, routed)           0.592    20.126    i_ariane/i_cva6/id_stage_i/rs_q[rs_table][0][use_imm]_i_9
    SLICE_X59Y74         LUT4 (Prop_lut4_I0_O)        0.124    20.250 f  i_ariane/i_cva6/id_stage_i/rs_q[free_entries][0]_i_15/O
                         net (fo=6, routed)           0.663    20.913    i_ariane/i_cva6/issue_stage_i/i_scoreboard/issue_q[0][valid]_i_3_0
    SLICE_X59Y74         LUT6 (Prop_lut6_I5_O)        0.124    21.037 f  i_ariane/i_cva6/issue_stage_i/i_scoreboard/issue_q[0][valid]_i_8/O
                         net (fo=1, routed)           0.563    21.600    i_ariane/i_cva6/issue_stage_i/gen_rs_blocks[2].rs_instance.i_reservation_station/rs_q_reg[rs_table][1][global_rs_id][2]_7
    SLICE_X57Y74         LUT6 (Prop_lut6_I3_O)        0.124    21.724 r  i_ariane/i_cva6/issue_stage_i/gen_rs_blocks[2].rs_instance.i_reservation_station/issue_q[0][valid]_i_3/O
                         net (fo=66, routed)          0.428    22.152    i_ariane/i_cva6/issue_stage_i/i_issue_register_allocation_table/rat_q_reg[frees][9]_i_5_0
    SLICE_X57Y73         LUT6 (Prop_lut6_I1_O)        0.124    22.276 f  i_ariane/i_cva6/issue_stage_i/i_issue_register_allocation_table/p_24_out_carry_i_11/O
                         net (fo=80, routed)          0.952    23.229    i_ariane/i_cva6/issue_stage_i/i_issue_register_allocation_table/issue_q_reg[0][sbe][rd][1]
    SLICE_X52Y76         LUT4 (Prop_lut4_I1_O)        0.124    23.353 f  i_ariane/i_cva6/issue_stage_i/i_issue_register_allocation_table/rat_q_reg[frees][23]_i_12/O
                         net (fo=16, routed)          0.650    24.003    i_ariane/i_cva6/issue_stage_i/i_issue_register_allocation_table/rat_q_reg[frees][23]_i_12_n_0
    SLICE_X47Y77         LUT5 (Prop_lut5_I1_O)        0.124    24.127 f  i_ariane/i_cva6/issue_stage_i/i_issue_register_allocation_table/rat_q_reg[frees][22]_i_6/O
                         net (fo=3, routed)           0.856    24.983    i_ariane/i_cva6/issue_stage_i/i_issue_register_allocation_table/g_alloc[1].i_lzc/free_regs_masked[1]_271[14]
    SLICE_X49Y76         LUT6 (Prop_lut6_I5_O)        0.124    25.107 f  i_ariane/i_cva6/issue_stage_i/i_issue_register_allocation_table/g_alloc[1].i_lzc/i_/mem_q[7][sbe][rd][5]_i_12/O
                         net (fo=10, routed)          0.810    25.918    i_ariane/i_cva6/issue_stage_i/i_issue_register_allocation_table/g_alloc[1].i_lzc/p_51_in
    SLICE_X52Y75         LUT6 (Prop_lut6_I4_O)        0.124    26.042 r  i_ariane/i_cva6/issue_stage_i/i_issue_register_allocation_table/g_alloc[1].i_lzc/i_/rat_q[rat][3][0]_i_10/O
                         net (fo=4, routed)           0.518    26.560    i_ariane/i_cva6/issue_stage_i/gen_rs_blocks[2].rs_instance.i_reservation_station/rs_q[rs_table][0][use_imm]_i_9_0
    SLICE_X53Y75         LUT6 (Prop_lut6_I4_O)        0.124    26.684 r  i_ariane/i_cva6/issue_stage_i/gen_rs_blocks[2].rs_instance.i_reservation_station/rs_q[rs_table][0][use_imm]_i_12/O
                         net (fo=1, routed)           0.579    27.263    i_ariane/i_cva6/issue_stage_i/gen_rs_blocks[0].rs_instance.i_reservation_station/rs_q[rs_table][0][use_imm]_i_3__0
    SLICE_X54Y75         LUT5 (Prop_lut5_I4_O)        0.124    27.387 r  i_ariane/i_cva6/issue_stage_i/gen_rs_blocks[0].rs_instance.i_reservation_station/rs_q[rs_table][0][use_imm]_i_9/O
                         net (fo=2, routed)           0.646    28.033    i_ariane/i_cva6/issue_stage_i/i_scoreboard/global_rs_id_q_reg[4]_2
    SLICE_X54Y74         LUT6 (Prop_lut6_I5_O)        0.124    28.157 f  i_ariane/i_cva6/issue_stage_i/i_scoreboard/rs_q[rs_table][0][use_imm]_i_3__0/O
                         net (fo=169, routed)         0.764    28.921    i_ariane/i_cva6/issue_stage_i/i_issue_register_allocation_table/is_result_available_gpr_q_reg[31]
    SLICE_X49Y73         LUT6 (Prop_lut6_I5_O)        0.124    29.045 r  i_ariane/i_cva6/issue_stage_i/i_issue_register_allocation_table/rat_q[rat][11][2]_i_8/O
                         net (fo=68, routed)          0.735    29.780    i_ariane/i_cva6/id_stage_i/rat_q_reg[frees][35]_i_637
    SLICE_X46Y74         LUT6 (Prop_lut6_I3_O)        0.124    29.904 f  i_ariane/i_cva6/id_stage_i/rat_q[rat][13][4]_i_6/O
                         net (fo=5, routed)           0.657    30.561    i_ariane/i_cva6/issue_stage_i/i_issue_register_allocation_table/rat_q[rat][13][4]_i_4
    SLICE_X41Y76         LUT6 (Prop_lut6_I0_O)        0.124    30.685 r  i_ariane/i_cva6/issue_stage_i/i_issue_register_allocation_table/rat_q[rat][13][2]_i_4/O
                         net (fo=3, routed)           0.710    31.394    i_ariane/i_cva6/issue_stage_i/i_scoreboard/rat_q_reg[frees][35]_i_187_2
    SLICE_X33Y75         LUT5 (Prop_lut5_I3_O)        0.124    31.518 f  i_ariane/i_cva6/issue_stage_i/i_scoreboard/rat_q[rat][13][2]_i_3/O
                         net (fo=3, routed)           0.754    32.272    i_ariane/i_cva6/issue_stage_i/i_scoreboard/rat_q[rat][13][2]_i_3_n_0
    SLICE_X30Y74         LUT6 (Prop_lut6_I1_O)        0.124    32.396 f  i_ariane/i_cva6/issue_stage_i/i_scoreboard/rat_q_reg[frees][35]_i_297/O
                         net (fo=1, routed)           0.851    33.247    i_ariane/i_cva6/issue_stage_i/i_scoreboard/rat_q_reg[frees][35]_i_297_n_0
    SLICE_X30Y73         LUT6 (Prop_lut6_I2_O)        0.124    33.371 r  i_ariane/i_cva6/issue_stage_i/i_scoreboard/rat_q_reg[frees][35]_i_112/O
                         net (fo=2, routed)           1.093    34.464    i_ariane/i_cva6/issue_stage_i/i_scoreboard/rat_q_reg[frees][35]_i_112_n_0
    SLICE_X33Y65         LUT5 (Prop_lut5_I2_O)        0.124    34.588 r  i_ariane/i_cva6/issue_stage_i/i_scoreboard/rat_q_reg[frees][34]_i_10/O
                         net (fo=4, routed)           0.705    35.293    i_ariane/i_cva6/issue_stage_i/i_scoreboard/rat_q_reg[frees][34]_i_10_n_0
    SLICE_X32Y65         LUT6 (Prop_lut6_I0_O)        0.124    35.417 r  i_ariane/i_cva6/issue_stage_i/i_scoreboard/rat_q_reg[frees][34]_i_4/O
                         net (fo=5, routed)           0.893    36.310    i_ariane/i_cva6/issue_stage_i/i_scoreboard/rat_q_reg[frees][34]_i_4_n_0
    SLICE_X33Y65         LUT6 (Prop_lut6_I3_O)        0.124    36.434 r  i_ariane/i_cva6/issue_stage_i/i_scoreboard/rat_q_reg[frees][10]_i_1/O
                         net (fo=1, routed)           0.000    36.434    i_ariane/i_cva6/issue_stage_i/i_issue_register_allocation_table/rat_q_reg[free_regs][10]_0
    SLICE_X33Y65         FDCE                                         r  i_ariane/i_cva6/issue_stage_i/i_issue_register_allocation_table/rat_q_reg[free_regs][10]/D
  -------------------------------------------------------------------    -------------------

                         (clock clk_out1_xlnx_clk_gen rise edge)
                                                     25.000    25.000 r  
    K17                                               0.000    25.000 r  clk_sys (IN)
                         net (fo=0)                   0.000    25.000    i_xlnx_clk_gen/inst/clk_in1
    K17                  IBUF (Prop_ibuf_I_O)         1.404    26.404 r  i_xlnx_clk_gen/inst/clkin1_ibufg/O
                         net (fo=1, routed)           1.162    27.566    i_xlnx_clk_gen/inst/clk_in1_xlnx_clk_gen
    MMCME2_ADV_X1Y2      MMCME2_ADV (Prop_mmcme2_adv_CLKIN1_CLKOUT0)
                                                     -7.814    19.752 r  i_xlnx_clk_gen/inst/mmcm_adv_inst/CLKOUT0
                         net (fo=1, routed)           2.012    21.764    i_xlnx_clk_gen/inst/clk_out1_xlnx_clk_gen
    BUFGCTRL_X0Y16       BUFG (Prop_bufg_I_O)         0.091    21.855 r  i_xlnx_clk_gen/inst/clkout1_buf/O
                         net (fo=22838, routed)       1.473    23.328    i_ariane/i_cva6/issue_stage_i/i_issue_register_allocation_table/clk_out1
    SLICE_X33Y65         FDCE                                         r  i_ariane/i_cva6/issue_stage_i/i_issue_register_allocation_table/rat_q_reg[free_regs][10]/C
                         clock pessimism              0.467    23.794    
                         clock uncertainty           -0.082    23.712    
    SLICE_X33Y65         FDCE (Setup_fdce_C_D)        0.029    23.741    i_ariane/i_cva6/issue_stage_i/i_issue_register_allocation_table/rat_q_reg[free_regs][10]
  -------------------------------------------------------------------
                         required time                         23.741    
                         arrival time                         -36.434    
  -------------------------------------------------------------------
                         slack                                -12.692    

Slack (VIOLATED) :        -12.656ns  (required time - arrival time)
  Source:                 i_ariane/i_cva6/issue_stage_i/i_issue_read_operands/branch_valid_q_reg[0]/C
                            (rising edge-triggered cell FDCE clocked by clk_out1_xlnx_clk_gen  {rise@0.000ns fall@12.500ns period=25.000ns})
  Destination:            i_ariane/i_cva6/issue_stage_i/i_issue_register_allocation_table/rat_q_reg[free_regs][5]/D
                            (rising edge-triggered cell FDCE clocked by clk_out1_xlnx_clk_gen  {rise@0.000ns fall@12.500ns period=25.000ns})
  Path Group:             clk_out1_xlnx_clk_gen
  Path Type:              Setup (Max at Slow Process Corner)
  Requirement:            25.000ns  (clk_out1_xlnx_clk_gen rise@25.000ns - clk_out1_xlnx_clk_gen rise@0.000ns)
  Data Path Delay:        37.348ns  (logic 7.570ns (20.269%)  route 29.778ns (79.731%))
  Logic Levels:           50  (CARRY4=8 LUT2=1 LUT3=2 LUT4=5 LUT5=11 LUT6=23)
  Clock Path Skew:        -0.256ns (DCD - SCD + CPR)
    Destination Clock Delay (DCD):    -1.630ns = ( 23.370 - 25.000 ) 
    Source Clock Delay      (SCD):    -0.907ns
    Clock Pessimism Removal (CPR):    0.467ns
  Clock Uncertainty:      0.082ns  ((TSJ^2 + DJ^2)^1/2) / 2 + PE
    Total System Jitter     (TSJ):    0.071ns
    Discrete Jitter          (DJ):    0.149ns
    Phase Error              (PE):    0.000ns

    Location             Delay type                Incr(ns)  Path(ns)    Netlist Resource(s)
  -------------------------------------------------------------------    -------------------
                         (clock clk_out1_xlnx_clk_gen rise edge)
                                                      0.000     0.000 r  
    K17                                               0.000     0.000 r  clk_sys (IN)
                         net (fo=0)                   0.000     0.000    i_xlnx_clk_gen/inst/clk_in1
    K17                  IBUF (Prop_ibuf_I_O)         1.475     1.475 r  i_xlnx_clk_gen/inst/clkin1_ibufg/O
                         net (fo=1, routed)           1.285     2.760    i_xlnx_clk_gen/inst/clk_in1_xlnx_clk_gen
    MMCME2_ADV_X1Y2      MMCME2_ADV (Prop_mmcme2_adv_CLKIN1_CLKOUT0)
                                                     -7.759    -4.999 r  i_xlnx_clk_gen/inst/mmcm_adv_inst/CLKOUT0
                         net (fo=1, routed)           2.206    -2.793    i_xlnx_clk_gen/inst/clk_out1_xlnx_clk_gen
    BUFGCTRL_X0Y16       BUFG (Prop_bufg_I_O)         0.101    -2.692 r  i_xlnx_clk_gen/inst/clkout1_buf/O
                         net (fo=22838, routed)       1.785    -0.907    i_ariane/i_cva6/issue_stage_i/i_issue_read_operands/clk_out1
    SLICE_X96Y99         FDCE                                         r  i_ariane/i_cva6/issue_stage_i/i_issue_read_operands/branch_valid_q_reg[0]/C
  -------------------------------------------------------------------    -------------------
    SLICE_X96Y99         FDCE (Prop_fdce_C_Q)         0.518    -0.389 r  i_ariane/i_cva6/issue_stage_i/i_issue_read_operands/branch_valid_q_reg[0]/Q
                         net (fo=178, routed)         1.035     0.645    i_ariane/i_cva6/issue_stage_i/i_issue_read_operands/branch_valid_id_ex[0]
    SLICE_X95Y103        LUT5 (Prop_lut5_I0_O)        0.124     0.769 r  i_ariane/i_cva6/issue_stage_i/i_issue_read_operands/mem_q[7][sbe][bp][predict_address][31]_i_50/O
                         net (fo=130, routed)         1.087     1.856    i_ariane/i_cva6/issue_stage_i/i_issue_read_operands/mem_q[7][sbe][bp][predict_address][31]_i_50_n_0
    SLICE_X95Y102        LUT6 (Prop_lut6_I2_O)        0.124     1.980 f  i_ariane/i_cva6/issue_stage_i/i_issue_read_operands/regfile_ram_block[0].mem[0][35][0]_i_47/O
                         net (fo=1, routed)           0.591     2.571    i_ariane/i_cva6/issue_stage_i/i_issue_read_operands/regfile_ram_block[0].mem[0][35][0]_i_47_n_0
    SLICE_X94Y100        LUT6 (Prop_lut6_I5_O)        0.124     2.695 f  i_ariane/i_cva6/issue_stage_i/i_issue_read_operands/regfile_ram_block[0].mem[0][35][0]_i_36/O
                         net (fo=1, routed)           0.289     2.984    i_ariane/i_cva6/issue_stage_i/i_issue_read_operands/regfile_ram_block[0].mem[0][35][0]_i_36_n_0
    SLICE_X95Y101        LUT6 (Prop_lut6_I5_O)        0.124     3.108 r  i_ariane/i_cva6/issue_stage_i/i_issue_read_operands/regfile_ram_block[0].mem[0][35][0]_i_26/O
                         net (fo=65, routed)          0.359     3.466    i_ariane/i_cva6/issue_stage_i/i_issue_read_operands/ex_stage_i/alu_i/adder_op_b_negate
    SLICE_X95Y103        LUT6 (Prop_lut6_I4_O)        0.124     3.590 r  i_ariane/i_cva6/issue_stage_i/i_issue_read_operands/regfile_ram_block[0].mem[0][35][3]_i_29/O
                         net (fo=1, routed)           0.415     4.005    i_ariane/i_cva6/issue_stage_i/i_issue_read_operands/regfile_ram_block[0].mem[0][35][3]_i_29_n_0
    SLICE_X94Y104        CARRY4 (Prop_carry4_S[0]_CO[3])
                                                      0.637     4.642 r  i_ariane/i_cva6/issue_stage_i/i_issue_read_operands/regfile_ram_block[0].mem_reg[0][35][3]_i_25/CO[3]
                         net (fo=1, routed)           0.000     4.642    i_ariane/i_cva6/issue_stage_i/i_issue_read_operands/regfile_ram_block[0].mem_reg[0][35][3]_i_25_n_0
    SLICE_X94Y105        CARRY4 (Prop_carry4_CI_CO[3])
                                                      0.117     4.759 r  i_ariane/i_cva6/issue_stage_i/i_issue_read_operands/regfile_ram_block[0].mem_reg[0][35][7]_i_23/CO[3]
                         net (fo=1, routed)           0.000     4.759    i_ariane/i_cva6/issue_stage_i/i_issue_read_operands/regfile_ram_block[0].mem_reg[0][35][7]_i_23_n_0
    SLICE_X94Y106        CARRY4 (Prop_carry4_CI_CO[3])
                                                      0.117     4.876 r  i_ariane/i_cva6/issue_stage_i/i_issue_read_operands/regfile_ram_block[0].mem_reg[0][35][11]_i_23/CO[3]
                         net (fo=1, routed)           0.000     4.876    i_ariane/i_cva6/issue_stage_i/i_issue_read_operands/regfile_ram_block[0].mem_reg[0][35][11]_i_23_n_0
    SLICE_X94Y107        CARRY4 (Prop_carry4_CI_CO[3])
                                                      0.117     4.993 r  i_ariane/i_cva6/issue_stage_i/i_issue_read_operands/regfile_ram_block[0].mem_reg[0][35][15]_i_22/CO[3]
                         net (fo=1, routed)           0.000     4.993    i_ariane/i_cva6/issue_stage_i/i_issue_read_operands/regfile_ram_block[0].mem_reg[0][35][15]_i_22_n_0
    SLICE_X94Y108        CARRY4 (Prop_carry4_CI_CO[3])
                                                      0.117     5.110 r  i_ariane/i_cva6/issue_stage_i/i_issue_read_operands/regfile_ram_block[0].mem_reg[0][35][19]_i_25/CO[3]
                         net (fo=1, routed)           0.000     5.110    i_ariane/i_cva6/issue_stage_i/i_issue_read_operands/regfile_ram_block[0].mem_reg[0][35][19]_i_25_n_0
    SLICE_X94Y109        CARRY4 (Prop_carry4_CI_CO[3])
                                                      0.117     5.227 r  i_ariane/i_cva6/issue_stage_i/i_issue_read_operands/regfile_ram_block[0].mem_reg[0][35][23]_i_23/CO[3]
                         net (fo=1, routed)           0.000     5.227    i_ariane/i_cva6/issue_stage_i/i_issue_read_operands/regfile_ram_block[0].mem_reg[0][35][23]_i_23_n_0
    SLICE_X94Y110        CARRY4 (Prop_carry4_CI_CO[3])
                                                      0.117     5.344 r  i_ariane/i_cva6/issue_stage_i/i_issue_read_operands/regfile_ram_block[0].mem_reg[0][35][27]_i_21/CO[3]
                         net (fo=1, routed)           0.000     5.344    i_ariane/i_cva6/issue_stage_i/i_issue_read_operands/regfile_ram_block[0].mem_reg[0][35][27]_i_21_n_0
    SLICE_X94Y111        CARRY4 (Prop_carry4_CI_O[1])
                                                      0.323     5.667 f  i_ariane/i_cva6/issue_stage_i/i_issue_read_operands/regfile_ram_block[0].mem_reg[0][35][31]_i_95/O[1]
                         net (fo=2, routed)           1.328     6.996    i_ariane/i_cva6/issue_stage_i/i_issue_read_operands/ex_stage_i/alu_i/adder_result[29]
    SLICE_X92Y102        LUT5 (Prop_lut5_I3_O)        0.306     7.302 r  i_ariane/i_cva6/issue_stage_i/i_issue_read_operands/mem_q[7][sbe][bp][predict_address][31]_i_30/O
                         net (fo=1, routed)           0.645     7.947    i_ariane/i_cva6/issue_stage_i/i_issue_read_operands/mem_q[7][sbe][bp][predict_address][31]_i_30_n_0
    SLICE_X93Y101        LUT4 (Prop_lut4_I1_O)        0.124     8.071 r  i_ariane/i_cva6/issue_stage_i/i_issue_read_operands/mem_q[7][sbe][bp][predict_address][31]_i_15/O
                         net (fo=1, routed)           0.636     8.707    i_ariane/i_cva6/issue_stage_i/i_issue_read_operands/mem_q[7][sbe][bp][predict_address][31]_i_15_n_0
    SLICE_X93Y100        LUT6 (Prop_lut6_I3_O)        0.124     8.831 r  i_ariane/i_cva6/issue_stage_i/i_issue_read_operands/mem_q[7][sbe][bp][predict_address][31]_i_9/O
                         net (fo=34, routed)          0.454     9.285    i_ariane/i_cva6/issue_stage_i/i_issue_read_operands/ex_stage_i/alu_branch_res
    SLICE_X91Y99         LUT6 (Prop_lut6_I0_O)        0.124     9.409 r  i_ariane/i_cva6/issue_stage_i/i_issue_read_operands/issue_q[0][valid]_i_7/O
                         net (fo=36, routed)          0.755    10.165    i_ariane/i_cva6/issue_stage_i/i_issue_read_operands/resolved_branch[is_mispredict]
    SLICE_X89Y95         LUT3 (Prop_lut3_I0_O)        0.124    10.289 r  i_ariane/i_cva6/issue_stage_i/i_issue_read_operands/bmiss_trans_id_q[1]_i_2/O
                         net (fo=10, routed)          0.545    10.833    i_ariane/i_cva6/ex_stage_i/i_mult/i_multiplier/bmiss_trans_id_q_reg[2]_0
    SLICE_X87Y88         LUT5 (Prop_lut5_I4_O)        0.124    10.957 r  i_ariane/i_cva6/ex_stage_i/i_mult/i_multiplier/bmiss_trans_id_q[2]_i_2/O
                         net (fo=4, routed)           0.587    11.544    i_ariane/i_cva6/issue_stage_i/i_scoreboard/bmiss_trans_id_q_reg[2]_1
    SLICE_X88Y85         LUT6 (Prop_lut6_I4_O)        0.124    11.668 f  i_ariane/i_cva6/issue_stage_i/i_scoreboard/mcause_q[30]_i_2/O
                         net (fo=49, routed)          0.575    12.243    i_ariane/i_cva6/issue_stage_i/i_scoreboard/commit_instr_id_commit[0][valid]
    SLICE_X86Y79         LUT5 (Prop_lut5_I0_O)        0.124    12.367 f  i_ariane/i_cva6/issue_stage_i/i_scoreboard/regfile_ram_block[0].mem[0][35][31]_i_10/O
                         net (fo=85, routed)          0.541    12.908    i_ariane/i_cva6/issue_stage_i/i_scoreboard/regfile_ram_block[0].mem[0][35][31]_i_10_n_0
    SLICE_X85Y79         LUT3 (Prop_lut3_I0_O)        0.124    13.032 r  i_ariane/i_cva6/issue_stage_i/i_scoreboard/wfi_q_i_2/O
                         net (fo=4, routed)           0.979    14.011    i_ariane/i_cva6/issue_stage_i/i_scoreboard/wfi_q_reg_47
    SLICE_X83Y78         LUT6 (Prop_lut6_I0_O)        0.124    14.135 f  i_ariane/i_cva6/issue_stage_i/i_scoreboard/mcause_q[1]_i_4/O
                         net (fo=5, routed)           0.637    14.772    i_ariane/i_cva6/issue_stage_i/i_scoreboard/csr_exception_csr_commit[cause][1]
    SLICE_X80Y77         LUT5 (Prop_lut5_I1_O)        0.124    14.896 f  i_ariane/i_cva6/issue_stage_i/i_scoreboard/rat_q[rat][31][5]_i_6__0/O
                         net (fo=113, routed)         0.999    15.895    i_ariane/i_cva6/issue_stage_i/i_scoreboard/wfi_q_reg_48
    SLICE_X67Y77         LUT6 (Prop_lut6_I5_O)        0.124    16.019 r  i_ariane/i_cva6/issue_stage_i/i_scoreboard/mstatus_q[mpp][1]_i_7/O
                         net (fo=2, routed)           0.413    16.433    i_ariane/i_cva6/csr_regfile_i/mepc_q_reg[0]_0
    SLICE_X67Y75         LUT2 (Prop_lut2_I1_O)        0.124    16.557 f  i_ariane/i_cva6/csr_regfile_i/mstatus_q[mpp][1]_i_2/O
                         net (fo=106, routed)         0.305    16.862    i_ariane/i_cva6/ex_stage_i/csr_buffer_i/mtval_q_reg[31]
    SLICE_X67Y75         LUT6 (Prop_lut6_I5_O)        0.124    16.986 r  i_ariane/i_cva6/ex_stage_i/csr_buffer_i/rat_q[rat][31][5]_i_9__0/O
                         net (fo=16, routed)          0.369    17.355    i_ariane/i_cva6/issue_stage_i/i_scoreboard/flush_csr_ctrl
    SLICE_X67Y74         LUT5 (Prop_lut5_I4_O)        0.124    17.479 r  i_ariane/i_cva6/issue_stage_i/i_scoreboard/rat_q[rat][31][2]_i_2/O
                         net (fo=118, routed)         0.350    17.829    i_ariane/i_cva6/issue_stage_i/i_scoreboard/wfi_q_reg_5
    SLICE_X65Y73         LUT4 (Prop_lut4_I2_O)        0.124    17.953 f  i_ariane/i_cva6/issue_stage_i/i_scoreboard/speculative_write_pointer_q[0]_i_9/O
                         net (fo=2, routed)           0.448    18.401    i_ariane/i_cva6/issue_stage_i/i_scoreboard/speculative_write_pointer_q[0]_i_9_n_0
    SLICE_X65Y72         LUT6 (Prop_lut6_I0_O)        0.124    18.525 f  i_ariane/i_cva6/issue_stage_i/i_scoreboard/rs_q[free_entries][0]_i_10__1/O
                         net (fo=54, routed)          0.885    19.411    i_ariane/i_cva6/issue_stage_i/i_scoreboard/rollback_pointer_q_reg[1]_rep__0_1
    SLICE_X60Y72         LUT4 (Prop_lut4_I2_O)        0.124    19.535 r  i_ariane/i_cva6/issue_stage_i/i_scoreboard/rs_q[rs_table][0][use_imm]_i_7__0/O
                         net (fo=9, routed)           0.592    20.126    i_ariane/i_cva6/id_stage_i/rs_q[rs_table][0][use_imm]_i_9
    SLICE_X59Y74         LUT4 (Prop_lut4_I0_O)        0.124    20.250 r  i_ariane/i_cva6/id_stage_i/rs_q[free_entries][0]_i_15/O
                         net (fo=6, routed)           0.663    20.913    i_ariane/i_cva6/issue_stage_i/i_scoreboard/issue_q[0][valid]_i_3_0
    SLICE_X59Y74         LUT6 (Prop_lut6_I5_O)        0.124    21.037 r  i_ariane/i_cva6/issue_stage_i/i_scoreboard/issue_q[0][valid]_i_8/O
                         net (fo=1, routed)           0.563    21.600    i_ariane/i_cva6/issue_stage_i/gen_rs_blocks[2].rs_instance.i_reservation_station/rs_q_reg[rs_table][1][global_rs_id][2]_7
    SLICE_X57Y74         LUT6 (Prop_lut6_I3_O)        0.124    21.724 f  i_ariane/i_cva6/issue_stage_i/gen_rs_blocks[2].rs_instance.i_reservation_station/issue_q[0][valid]_i_3/O
                         net (fo=66, routed)          0.428    22.152    i_ariane/i_cva6/issue_stage_i/i_issue_register_allocation_table/rat_q_reg[frees][9]_i_5_0
    SLICE_X57Y73         LUT6 (Prop_lut6_I1_O)        0.124    22.276 r  i_ariane/i_cva6/issue_stage_i/i_issue_register_allocation_table/p_24_out_carry_i_11/O
                         net (fo=80, routed)          0.952    23.229    i_ariane/i_cva6/issue_stage_i/i_issue_register_allocation_table/issue_q_reg[0][sbe][rd][1]
    SLICE_X52Y76         LUT4 (Prop_lut4_I1_O)        0.124    23.353 r  i_ariane/i_cva6/issue_stage_i/i_issue_register_allocation_table/rat_q_reg[frees][23]_i_12/O
                         net (fo=16, routed)          0.650    24.003    i_ariane/i_cva6/issue_stage_i/i_issue_register_allocation_table/rat_q_reg[frees][23]_i_12_n_0
    SLICE_X47Y77         LUT5 (Prop_lut5_I1_O)        0.124    24.127 r  i_ariane/i_cva6/issue_stage_i/i_issue_register_allocation_table/rat_q_reg[frees][22]_i_6/O
                         net (fo=3, routed)           0.856    24.983    i_ariane/i_cva6/issue_stage_i/i_issue_register_allocation_table/g_alloc[1].i_lzc/free_regs_masked[1]_271[14]
    SLICE_X49Y76         LUT6 (Prop_lut6_I5_O)        0.124    25.107 r  i_ariane/i_cva6/issue_stage_i/i_issue_register_allocation_table/g_alloc[1].i_lzc/i_/mem_q[7][sbe][rd][5]_i_12/O
                         net (fo=10, routed)          0.810    25.918    i_ariane/i_cva6/issue_stage_i/i_issue_register_allocation_table/g_alloc[1].i_lzc/p_51_in
    SLICE_X52Y75         LUT6 (Prop_lut6_I4_O)        0.124    26.042 f  i_ariane/i_cva6/issue_stage_i/i_issue_register_allocation_table/g_alloc[1].i_lzc/i_/rat_q[rat][3][0]_i_10/O
                         net (fo=4, routed)           0.518    26.560    i_ariane/i_cva6/issue_stage_i/gen_rs_blocks[2].rs_instance.i_reservation_station/rs_q[rs_table][0][use_imm]_i_9_0
    SLICE_X53Y75         LUT6 (Prop_lut6_I4_O)        0.124    26.684 f  i_ariane/i_cva6/issue_stage_i/gen_rs_blocks[2].rs_instance.i_reservation_station/rs_q[rs_table][0][use_imm]_i_12/O
                         net (fo=1, routed)           0.579    27.263    i_ariane/i_cva6/issue_stage_i/gen_rs_blocks[0].rs_instance.i_reservation_station/rs_q[rs_table][0][use_imm]_i_3__0
    SLICE_X54Y75         LUT5 (Prop_lut5_I4_O)        0.124    27.387 f  i_ariane/i_cva6/issue_stage_i/gen_rs_blocks[0].rs_instance.i_reservation_station/rs_q[rs_table][0][use_imm]_i_9/O
                         net (fo=2, routed)           0.646    28.033    i_ariane/i_cva6/issue_stage_i/i_scoreboard/global_rs_id_q_reg[4]_2
    SLICE_X54Y74         LUT6 (Prop_lut6_I5_O)        0.124    28.157 r  i_ariane/i_cva6/issue_stage_i/i_scoreboard/rs_q[rs_table][0][use_imm]_i_3__0/O
                         net (fo=169, routed)         1.338    29.495    i_ariane/i_cva6/id_stage_i/issue_instr_issue_id[1]
    SLICE_X51Y70         LUT6 (Prop_lut6_I2_O)        0.124    29.619 r  i_ariane/i_cva6/id_stage_i/rat_q[rat][29][5]_i_8/O
                         net (fo=7, routed)           0.700    30.319    i_ariane/i_cva6/issue_stage_i/i_issue_register_allocation_table/rat_q_reg[frees][35]_i_497
    SLICE_X46Y65         LUT5 (Prop_lut5_I3_O)        0.124    30.443 f  i_ariane/i_cva6/issue_stage_i/i_issue_register_allocation_table/rat_q[rat][29][2]_i_4/O
                         net (fo=3, routed)           0.812    31.255    i_ariane/i_cva6/issue_stage_i/i_scoreboard/rat_q_reg[frees][35]_i_183_0
    SLICE_X41Y59         LUT5 (Prop_lut5_I4_O)        0.124    31.379 f  i_ariane/i_cva6/issue_stage_i/i_scoreboard/rat_q[rat][29][2]_i_3/O
                         net (fo=2, routed)           0.424    31.803    i_ariane/i_cva6/issue_stage_i/i_scoreboard/rat_q[rat][29][2]_i_3_n_0
    SLICE_X40Y59         LUT5 (Prop_lut5_I0_O)        0.124    31.927 r  i_ariane/i_cva6/issue_stage_i/i_scoreboard/rat_q_reg[frees][35]_i_183/O
                         net (fo=1, routed)           0.579    32.506    i_ariane/i_cva6/issue_stage_i/i_scoreboard/rat_q_reg[frees][35]_i_183_n_0
    SLICE_X39Y59         LUT6 (Prop_lut6_I1_O)        0.124    32.630 f  i_ariane/i_cva6/issue_stage_i/i_scoreboard/rat_q_reg[frees][35]_i_65/O
                         net (fo=1, routed)           1.004    33.634    i_ariane/i_cva6/issue_stage_i/i_scoreboard/rat_q_reg[frees][35]_i_65_n_0
    SLICE_X37Y69         LUT6 (Prop_lut6_I1_O)        0.124    33.758 r  i_ariane/i_cva6/issue_stage_i/i_scoreboard/rat_q_reg[frees][35]_i_18/O
                         net (fo=8, routed)           1.268    35.026    i_ariane/i_cva6/issue_stage_i/i_scoreboard/rat_q_reg[frees][35]_i_18_n_0
    SLICE_X33Y72         LUT6 (Prop_lut6_I0_O)        0.124    35.150 r  i_ariane/i_cva6/issue_stage_i/i_scoreboard/rat_q_reg[frees][29]_i_2__0/O
                         net (fo=4, routed)           1.167    36.317    i_ariane/i_cva6/issue_stage_i/i_scoreboard/rat_q_reg[frees][29]_i_2__0_n_0
    SLICE_X31Y68         LUT6 (Prop_lut6_I1_O)        0.124    36.441 r  i_ariane/i_cva6/issue_stage_i/i_scoreboard/rat_q_reg[frees][5]_i_1/O
                         net (fo=1, routed)           0.000    36.441    i_ariane/i_cva6/issue_stage_i/i_issue_register_allocation_table/rat_q_reg[free_regs][5]_1
    SLICE_X31Y68         FDCE                                         r  i_ariane/i_cva6/issue_stage_i/i_issue_register_allocation_table/rat_q_reg[free_regs][5]/D
  -------------------------------------------------------------------    -------------------

                         (clock clk_out1_xlnx_clk_gen rise edge)
                                                     25.000    25.000 r  
    K17                                               0.000    25.000 r  clk_sys (IN)
                         net (fo=0)                   0.000    25.000    i_xlnx_clk_gen/inst/clk_in1
    K17                  IBUF (Prop_ibuf_I_O)         1.404    26.404 r  i_xlnx_clk_gen/inst/clkin1_ibufg/O
                         net (fo=1, routed)           1.162    27.566    i_xlnx_clk_gen/inst/clk_in1_xlnx_clk_gen
    MMCME2_ADV_X1Y2      MMCME2_ADV (Prop_mmcme2_adv_CLKIN1_CLKOUT0)
                                                     -7.814    19.752 r  i_xlnx_clk_gen/inst/mmcm_adv_inst/CLKOUT0
                         net (fo=1, routed)           2.012    21.764    i_xlnx_clk_gen/inst/clk_out1_xlnx_clk_gen
    BUFGCTRL_X0Y16       BUFG (Prop_bufg_I_O)         0.091    21.855 r  i_xlnx_clk_gen/inst/clkout1_buf/O
                         net (fo=22838, routed)       1.515    23.370    i_ariane/i_cva6/issue_stage_i/i_issue_register_allocation_table/clk_out1
    SLICE_X31Y68         FDCE                                         r  i_ariane/i_cva6/issue_stage_i/i_issue_register_allocation_table/rat_q_reg[free_regs][5]/C
                         clock pessimism              0.467    23.836    
                         clock uncertainty           -0.082    23.754    
    SLICE_X31Y68         FDCE (Setup_fdce_C_D)        0.031    23.785    i_ariane/i_cva6/issue_stage_i/i_issue_register_allocation_table/rat_q_reg[free_regs][5]
  -------------------------------------------------------------------
                         required time                         23.785    
                         arrival time                         -36.441    
  -------------------------------------------------------------------
                         slack                                -12.656    

Slack (VIOLATED) :        -12.650ns  (required time - arrival time)
  Source:                 i_ariane/i_cva6/issue_stage_i/i_issue_read_operands/branch_valid_q_reg[0]/C
                            (rising edge-triggered cell FDCE clocked by clk_out1_xlnx_clk_gen  {rise@0.000ns fall@12.500ns period=25.000ns})
  Destination:            i_ariane/i_cva6/issue_stage_i/i_issue_register_allocation_table/rat_q_reg[free_regs][3]/D
                            (rising edge-triggered cell FDCE clocked by clk_out1_xlnx_clk_gen  {rise@0.000ns fall@12.500ns period=25.000ns})
  Path Group:             clk_out1_xlnx_clk_gen
  Path Type:              Setup (Max at Slow Process Corner)
  Requirement:            25.000ns  (clk_out1_xlnx_clk_gen rise@25.000ns - clk_out1_xlnx_clk_gen rise@0.000ns)
  Data Path Delay:        37.342ns  (logic 7.570ns (20.272%)  route 29.772ns (79.728%))
  Logic Levels:           50  (CARRY4=8 LUT2=1 LUT3=2 LUT4=6 LUT5=8 LUT6=25)
  Clock Path Skew:        -0.256ns (DCD - SCD + CPR)
    Destination Clock Delay (DCD):    -1.630ns = ( 23.370 - 25.000 ) 
    Source Clock Delay      (SCD):    -0.907ns
    Clock Pessimism Removal (CPR):    0.467ns
  Clock Uncertainty:      0.082ns  ((TSJ^2 + DJ^2)^1/2) / 2 + PE
    Total System Jitter     (TSJ):    0.071ns
    Discrete Jitter          (DJ):    0.149ns
    Phase Error              (PE):    0.000ns

    Location             Delay type                Incr(ns)  Path(ns)    Netlist Resource(s)
  -------------------------------------------------------------------    -------------------
                         (clock clk_out1_xlnx_clk_gen rise edge)
                                                      0.000     0.000 r  
    K17                                               0.000     0.000 r  clk_sys (IN)
                         net (fo=0)                   0.000     0.000    i_xlnx_clk_gen/inst/clk_in1
    K17                  IBUF (Prop_ibuf_I_O)         1.475     1.475 r  i_xlnx_clk_gen/inst/clkin1_ibufg/O
                         net (fo=1, routed)           1.285     2.760    i_xlnx_clk_gen/inst/clk_in1_xlnx_clk_gen
    MMCME2_ADV_X1Y2      MMCME2_ADV (Prop_mmcme2_adv_CLKIN1_CLKOUT0)
                                                     -7.759    -4.999 r  i_xlnx_clk_gen/inst/mmcm_adv_inst/CLKOUT0
                         net (fo=1, routed)           2.206    -2.793    i_xlnx_clk_gen/inst/clk_out1_xlnx_clk_gen
    BUFGCTRL_X0Y16       BUFG (Prop_bufg_I_O)         0.101    -2.692 r  i_xlnx_clk_gen/inst/clkout1_buf/O
                         net (fo=22838, routed)       1.785    -0.907    i_ariane/i_cva6/issue_stage_i/i_issue_read_operands/clk_out1
    SLICE_X96Y99         FDCE                                         r  i_ariane/i_cva6/issue_stage_i/i_issue_read_operands/branch_valid_q_reg[0]/C
  -------------------------------------------------------------------    -------------------
    SLICE_X96Y99         FDCE (Prop_fdce_C_Q)         0.518    -0.389 r  i_ariane/i_cva6/issue_stage_i/i_issue_read_operands/branch_valid_q_reg[0]/Q
                         net (fo=178, routed)         1.035     0.645    i_ariane/i_cva6/issue_stage_i/i_issue_read_operands/branch_valid_id_ex[0]
    SLICE_X95Y103        LUT5 (Prop_lut5_I0_O)        0.124     0.769 r  i_ariane/i_cva6/issue_stage_i/i_issue_read_operands/mem_q[7][sbe][bp][predict_address][31]_i_50/O
                         net (fo=130, routed)         1.087     1.856    i_ariane/i_cva6/issue_stage_i/i_issue_read_operands/mem_q[7][sbe][bp][predict_address][31]_i_50_n_0
    SLICE_X95Y102        LUT6 (Prop_lut6_I2_O)        0.124     1.980 f  i_ariane/i_cva6/issue_stage_i/i_issue_read_operands/regfile_ram_block[0].mem[0][35][0]_i_47/O
                         net (fo=1, routed)           0.591     2.571    i_ariane/i_cva6/issue_stage_i/i_issue_read_operands/regfile_ram_block[0].mem[0][35][0]_i_47_n_0
    SLICE_X94Y100        LUT6 (Prop_lut6_I5_O)        0.124     2.695 f  i_ariane/i_cva6/issue_stage_i/i_issue_read_operands/regfile_ram_block[0].mem[0][35][0]_i_36/O
                         net (fo=1, routed)           0.289     2.984    i_ariane/i_cva6/issue_stage_i/i_issue_read_operands/regfile_ram_block[0].mem[0][35][0]_i_36_n_0
    SLICE_X95Y101        LUT6 (Prop_lut6_I5_O)        0.124     3.108 r  i_ariane/i_cva6/issue_stage_i/i_issue_read_operands/regfile_ram_block[0].mem[0][35][0]_i_26/O
                         net (fo=65, routed)          0.359     3.466    i_ariane/i_cva6/issue_stage_i/i_issue_read_operands/ex_stage_i/alu_i/adder_op_b_negate
    SLICE_X95Y103        LUT6 (Prop_lut6_I4_O)        0.124     3.590 r  i_ariane/i_cva6/issue_stage_i/i_issue_read_operands/regfile_ram_block[0].mem[0][35][3]_i_29/O
                         net (fo=1, routed)           0.415     4.005    i_ariane/i_cva6/issue_stage_i/i_issue_read_operands/regfile_ram_block[0].mem[0][35][3]_i_29_n_0
    SLICE_X94Y104        CARRY4 (Prop_carry4_S[0]_CO[3])
                                                      0.637     4.642 r  i_ariane/i_cva6/issue_stage_i/i_issue_read_operands/regfile_ram_block[0].mem_reg[0][35][3]_i_25/CO[3]
                         net (fo=1, routed)           0.000     4.642    i_ariane/i_cva6/issue_stage_i/i_issue_read_operands/regfile_ram_block[0].mem_reg[0][35][3]_i_25_n_0
    SLICE_X94Y105        CARRY4 (Prop_carry4_CI_CO[3])
                                                      0.117     4.759 r  i_ariane/i_cva6/issue_stage_i/i_issue_read_operands/regfile_ram_block[0].mem_reg[0][35][7]_i_23/CO[3]
                         net (fo=1, routed)           0.000     4.759    i_ariane/i_cva6/issue_stage_i/i_issue_read_operands/regfile_ram_block[0].mem_reg[0][35][7]_i_23_n_0
    SLICE_X94Y106        CARRY4 (Prop_carry4_CI_CO[3])
                                                      0.117     4.876 r  i_ariane/i_cva6/issue_stage_i/i_issue_read_operands/regfile_ram_block[0].mem_reg[0][35][11]_i_23/CO[3]
                         net (fo=1, routed)           0.000     4.876    i_ariane/i_cva6/issue_stage_i/i_issue_read_operands/regfile_ram_block[0].mem_reg[0][35][11]_i_23_n_0
    SLICE_X94Y107        CARRY4 (Prop_carry4_CI_CO[3])
                                                      0.117     4.993 r  i_ariane/i_cva6/issue_stage_i/i_issue_read_operands/regfile_ram_block[0].mem_reg[0][35][15]_i_22/CO[3]
                         net (fo=1, routed)           0.000     4.993    i_ariane/i_cva6/issue_stage_i/i_issue_read_operands/regfile_ram_block[0].mem_reg[0][35][15]_i_22_n_0
    SLICE_X94Y108        CARRY4 (Prop_carry4_CI_CO[3])
                                                      0.117     5.110 r  i_ariane/i_cva6/issue_stage_i/i_issue_read_operands/regfile_ram_block[0].mem_reg[0][35][19]_i_25/CO[3]
                         net (fo=1, routed)           0.000     5.110    i_ariane/i_cva6/issue_stage_i/i_issue_read_operands/regfile_ram_block[0].mem_reg[0][35][19]_i_25_n_0
    SLICE_X94Y109        CARRY4 (Prop_carry4_CI_CO[3])
                                                      0.117     5.227 r  i_ariane/i_cva6/issue_stage_i/i_issue_read_operands/regfile_ram_block[0].mem_reg[0][35][23]_i_23/CO[3]
                         net (fo=1, routed)           0.000     5.227    i_ariane/i_cva6/issue_stage_i/i_issue_read_operands/regfile_ram_block[0].mem_reg[0][35][23]_i_23_n_0
    SLICE_X94Y110        CARRY4 (Prop_carry4_CI_CO[3])
                                                      0.117     5.344 r  i_ariane/i_cva6/issue_stage_i/i_issue_read_operands/regfile_ram_block[0].mem_reg[0][35][27]_i_21/CO[3]
                         net (fo=1, routed)           0.000     5.344    i_ariane/i_cva6/issue_stage_i/i_issue_read_operands/regfile_ram_block[0].mem_reg[0][35][27]_i_21_n_0
    SLICE_X94Y111        CARRY4 (Prop_carry4_CI_O[1])
                                                      0.323     5.667 f  i_ariane/i_cva6/issue_stage_i/i_issue_read_operands/regfile_ram_block[0].mem_reg[0][35][31]_i_95/O[1]
                         net (fo=2, routed)           1.328     6.996    i_ariane/i_cva6/issue_stage_i/i_issue_read_operands/ex_stage_i/alu_i/adder_result[29]
    SLICE_X92Y102        LUT5 (Prop_lut5_I3_O)        0.306     7.302 r  i_ariane/i_cva6/issue_stage_i/i_issue_read_operands/mem_q[7][sbe][bp][predict_address][31]_i_30/O
                         net (fo=1, routed)           0.645     7.947    i_ariane/i_cva6/issue_stage_i/i_issue_read_operands/mem_q[7][sbe][bp][predict_address][31]_i_30_n_0
    SLICE_X93Y101        LUT4 (Prop_lut4_I1_O)        0.124     8.071 r  i_ariane/i_cva6/issue_stage_i/i_issue_read_operands/mem_q[7][sbe][bp][predict_address][31]_i_15/O
                         net (fo=1, routed)           0.636     8.707    i_ariane/i_cva6/issue_stage_i/i_issue_read_operands/mem_q[7][sbe][bp][predict_address][31]_i_15_n_0
    SLICE_X93Y100        LUT6 (Prop_lut6_I3_O)        0.124     8.831 r  i_ariane/i_cva6/issue_stage_i/i_issue_read_operands/mem_q[7][sbe][bp][predict_address][31]_i_9/O
                         net (fo=34, routed)          0.454     9.285    i_ariane/i_cva6/issue_stage_i/i_issue_read_operands/ex_stage_i/alu_branch_res
    SLICE_X91Y99         LUT6 (Prop_lut6_I0_O)        0.124     9.409 r  i_ariane/i_cva6/issue_stage_i/i_issue_read_operands/issue_q[0][valid]_i_7/O
                         net (fo=36, routed)          0.755    10.165    i_ariane/i_cva6/issue_stage_i/i_issue_read_operands/resolved_branch[is_mispredict]
    SLICE_X89Y95         LUT3 (Prop_lut3_I0_O)        0.124    10.289 r  i_ariane/i_cva6/issue_stage_i/i_issue_read_operands/bmiss_trans_id_q[1]_i_2/O
                         net (fo=10, routed)          0.545    10.833    i_ariane/i_cva6/ex_stage_i/i_mult/i_multiplier/bmiss_trans_id_q_reg[2]_0
    SLICE_X87Y88         LUT5 (Prop_lut5_I4_O)        0.124    10.957 r  i_ariane/i_cva6/ex_stage_i/i_mult/i_multiplier/bmiss_trans_id_q[2]_i_2/O
                         net (fo=4, routed)           0.587    11.544    i_ariane/i_cva6/issue_stage_i/i_scoreboard/bmiss_trans_id_q_reg[2]_1
    SLICE_X88Y85         LUT6 (Prop_lut6_I4_O)        0.124    11.668 r  i_ariane/i_cva6/issue_stage_i/i_scoreboard/mcause_q[30]_i_2/O
                         net (fo=49, routed)          0.575    12.243    i_ariane/i_cva6/issue_stage_i/i_scoreboard/commit_instr_id_commit[0][valid]
    SLICE_X86Y79         LUT5 (Prop_lut5_I0_O)        0.124    12.367 r  i_ariane/i_cva6/issue_stage_i/i_scoreboard/regfile_ram_block[0].mem[0][35][31]_i_10/O
                         net (fo=85, routed)          0.541    12.908    i_ariane/i_cva6/issue_stage_i/i_scoreboard/regfile_ram_block[0].mem[0][35][31]_i_10_n_0
    SLICE_X85Y79         LUT3 (Prop_lut3_I0_O)        0.124    13.032 f  i_ariane/i_cva6/issue_stage_i/i_scoreboard/wfi_q_i_2/O
                         net (fo=4, routed)           0.979    14.011    i_ariane/i_cva6/issue_stage_i/i_scoreboard/wfi_q_reg_47
    SLICE_X83Y78         LUT6 (Prop_lut6_I0_O)        0.124    14.135 r  i_ariane/i_cva6/issue_stage_i/i_scoreboard/mcause_q[1]_i_4/O
                         net (fo=5, routed)           0.637    14.772    i_ariane/i_cva6/issue_stage_i/i_scoreboard/csr_exception_csr_commit[cause][1]
    SLICE_X80Y77         LUT5 (Prop_lut5_I1_O)        0.124    14.896 r  i_ariane/i_cva6/issue_stage_i/i_scoreboard/rat_q[rat][31][5]_i_6__0/O
                         net (fo=113, routed)         0.999    15.895    i_ariane/i_cva6/issue_stage_i/i_scoreboard/wfi_q_reg_48
    SLICE_X67Y77         LUT6 (Prop_lut6_I5_O)        0.124    16.019 f  i_ariane/i_cva6/issue_stage_i/i_scoreboard/mstatus_q[mpp][1]_i_7/O
                         net (fo=2, routed)           0.413    16.433    i_ariane/i_cva6/csr_regfile_i/mepc_q_reg[0]_0
    SLICE_X67Y75         LUT2 (Prop_lut2_I1_O)        0.124    16.557 r  i_ariane/i_cva6/csr_regfile_i/mstatus_q[mpp][1]_i_2/O
                         net (fo=106, routed)         0.305    16.862    i_ariane/i_cva6/ex_stage_i/csr_buffer_i/mtval_q_reg[31]
    SLICE_X67Y75         LUT6 (Prop_lut6_I5_O)        0.124    16.986 f  i_ariane/i_cva6/ex_stage_i/csr_buffer_i/rat_q[rat][31][5]_i_9__0/O
                         net (fo=16, routed)          0.369    17.355    i_ariane/i_cva6/issue_stage_i/i_scoreboard/flush_csr_ctrl
    SLICE_X67Y74         LUT5 (Prop_lut5_I4_O)        0.124    17.479 f  i_ariane/i_cva6/issue_stage_i/i_scoreboard/rat_q[rat][31][2]_i_2/O
                         net (fo=118, routed)         0.350    17.829    i_ariane/i_cva6/issue_stage_i/i_scoreboard/wfi_q_reg_5
    SLICE_X65Y73         LUT4 (Prop_lut4_I2_O)        0.124    17.953 r  i_ariane/i_cva6/issue_stage_i/i_scoreboard/speculative_write_pointer_q[0]_i_9/O
                         net (fo=2, routed)           0.448    18.401    i_ariane/i_cva6/issue_stage_i/i_scoreboard/speculative_write_pointer_q[0]_i_9_n_0
    SLICE_X65Y72         LUT6 (Prop_lut6_I0_O)        0.124    18.525 r  i_ariane/i_cva6/issue_stage_i/i_scoreboard/rs_q[free_entries][0]_i_10__1/O
                         net (fo=54, routed)          0.885    19.411    i_ariane/i_cva6/issue_stage_i/i_scoreboard/rollback_pointer_q_reg[1]_rep__0_1
    SLICE_X60Y72         LUT4 (Prop_lut4_I2_O)        0.124    19.535 f  i_ariane/i_cva6/issue_stage_i/i_scoreboard/rs_q[rs_table][0][use_imm]_i_7__0/O
                         net (fo=9, routed)           0.592    20.126    i_ariane/i_cva6/id_stage_i/rs_q[rs_table][0][use_imm]_i_9
    SLICE_X59Y74         LUT4 (Prop_lut4_I0_O)        0.124    20.250 f  i_ariane/i_cva6/id_stage_i/rs_q[free_entries][0]_i_15/O
                         net (fo=6, routed)           0.663    20.913    i_ariane/i_cva6/issue_stage_i/i_scoreboard/issue_q[0][valid]_i_3_0
    SLICE_X59Y74         LUT6 (Prop_lut6_I5_O)        0.124    21.037 f  i_ariane/i_cva6/issue_stage_i/i_scoreboard/issue_q[0][valid]_i_8/O
                         net (fo=1, routed)           0.563    21.600    i_ariane/i_cva6/issue_stage_i/gen_rs_blocks[2].rs_instance.i_reservation_station/rs_q_reg[rs_table][1][global_rs_id][2]_7
    SLICE_X57Y74         LUT6 (Prop_lut6_I3_O)        0.124    21.724 r  i_ariane/i_cva6/issue_stage_i/gen_rs_blocks[2].rs_instance.i_reservation_station/issue_q[0][valid]_i_3/O
                         net (fo=66, routed)          0.428    22.152    i_ariane/i_cva6/issue_stage_i/i_issue_register_allocation_table/rat_q_reg[frees][9]_i_5_0
    SLICE_X57Y73         LUT6 (Prop_lut6_I1_O)        0.124    22.276 f  i_ariane/i_cva6/issue_stage_i/i_issue_register_allocation_table/p_24_out_carry_i_11/O
                         net (fo=80, routed)          0.952    23.229    i_ariane/i_cva6/issue_stage_i/i_issue_register_allocation_table/issue_q_reg[0][sbe][rd][1]
    SLICE_X52Y76         LUT4 (Prop_lut4_I1_O)        0.124    23.353 f  i_ariane/i_cva6/issue_stage_i/i_issue_register_allocation_table/rat_q_reg[frees][23]_i_12/O
                         net (fo=16, routed)          0.650    24.003    i_ariane/i_cva6/issue_stage_i/i_issue_register_allocation_table/rat_q_reg[frees][23]_i_12_n_0
    SLICE_X47Y77         LUT5 (Prop_lut5_I1_O)        0.124    24.127 f  i_ariane/i_cva6/issue_stage_i/i_issue_register_allocation_table/rat_q_reg[frees][22]_i_6/O
                         net (fo=3, routed)           0.856    24.983    i_ariane/i_cva6/issue_stage_i/i_issue_register_allocation_table/g_alloc[1].i_lzc/free_regs_masked[1]_271[14]
    SLICE_X49Y76         LUT6 (Prop_lut6_I5_O)        0.124    25.107 f  i_ariane/i_cva6/issue_stage_i/i_issue_register_allocation_table/g_alloc[1].i_lzc/i_/mem_q[7][sbe][rd][5]_i_12/O
                         net (fo=10, routed)          0.810    25.918    i_ariane/i_cva6/issue_stage_i/i_issue_register_allocation_table/g_alloc[1].i_lzc/p_51_in
    SLICE_X52Y75         LUT6 (Prop_lut6_I4_O)        0.124    26.042 r  i_ariane/i_cva6/issue_stage_i/i_issue_register_allocation_table/g_alloc[1].i_lzc/i_/rat_q[rat][3][0]_i_10/O
                         net (fo=4, routed)           0.518    26.560    i_ariane/i_cva6/issue_stage_i/gen_rs_blocks[2].rs_instance.i_reservation_station/rs_q[rs_table][0][use_imm]_i_9_0
    SLICE_X53Y75         LUT6 (Prop_lut6_I4_O)        0.124    26.684 r  i_ariane/i_cva6/issue_stage_i/gen_rs_blocks[2].rs_instance.i_reservation_station/rs_q[rs_table][0][use_imm]_i_12/O
                         net (fo=1, routed)           0.579    27.263    i_ariane/i_cva6/issue_stage_i/gen_rs_blocks[0].rs_instance.i_reservation_station/rs_q[rs_table][0][use_imm]_i_3__0
    SLICE_X54Y75         LUT5 (Prop_lut5_I4_O)        0.124    27.387 r  i_ariane/i_cva6/issue_stage_i/gen_rs_blocks[0].rs_instance.i_reservation_station/rs_q[rs_table][0][use_imm]_i_9/O
                         net (fo=2, routed)           0.646    28.033    i_ariane/i_cva6/issue_stage_i/i_scoreboard/global_rs_id_q_reg[4]_2
    SLICE_X54Y74         LUT6 (Prop_lut6_I5_O)        0.124    28.157 f  i_ariane/i_cva6/issue_stage_i/i_scoreboard/rs_q[rs_table][0][use_imm]_i_3__0/O
                         net (fo=169, routed)         1.082    29.239    i_ariane/i_cva6/id_stage_i/issue_instr_issue_id[1]
    SLICE_X53Y70         LUT6 (Prop_lut6_I3_O)        0.124    29.363 r  i_ariane/i_cva6/id_stage_i/rat_q[rat][18][5]_i_10/O
                         net (fo=4, routed)           0.620    29.984    i_ariane/i_cva6/issue_stage_i/i_issue_register_allocation_table/rat_q_reg[frees][35]_i_496
    SLICE_X53Y65         LUT6 (Prop_lut6_I4_O)        0.124    30.108 r  i_ariane/i_cva6/issue_stage_i/i_issue_register_allocation_table/rat_q[rat][18][5]_i_7/O
                         net (fo=2, routed)           0.810    30.918    i_ariane/i_cva6/issue_stage_i/i_scoreboard/rat_q_reg[frees][35]_i_195_1
    SLICE_X53Y61         LUT6 (Prop_lut6_I5_O)        0.124    31.042 r  i_ariane/i_cva6/issue_stage_i/i_scoreboard/rat_q[rat][18][5]_i_6/O
                         net (fo=3, routed)           0.749    31.790    i_ariane/i_cva6/issue_stage_i/i_scoreboard/rat_q[rat][18][5]_i_6_n_0
    SLICE_X50Y59         LUT4 (Prop_lut4_I1_O)        0.124    31.914 f  i_ariane/i_cva6/issue_stage_i/i_scoreboard/rat_q_reg[frees][35]_i_195/O
                         net (fo=1, routed)           0.952    32.867    i_ariane/i_cva6/issue_stage_i/i_scoreboard/rat_q_reg[frees][35]_i_195_n_0
    SLICE_X48Y63         LUT6 (Prop_lut6_I0_O)        0.124    32.991 f  i_ariane/i_cva6/issue_stage_i/i_scoreboard/rat_q_reg[frees][35]_i_73/O
                         net (fo=5, routed)           1.340    34.331    i_ariane/i_cva6/issue_stage_i/i_scoreboard/rat_q_reg[frees][35]_i_73_n_0
    SLICE_X36Y70         LUT6 (Prop_lut6_I4_O)        0.124    34.455 f  i_ariane/i_cva6/issue_stage_i/i_scoreboard/rat_q_reg[frees][7]_i_6/O
                         net (fo=7, routed)           1.040    35.494    i_ariane/i_cva6/issue_stage_i/i_scoreboard/rat_q_reg[frees][7]_i_6_n_0
    SLICE_X31Y72         LUT6 (Prop_lut6_I0_O)        0.124    35.618 r  i_ariane/i_cva6/issue_stage_i/i_scoreboard/rat_q_reg[frees][3]_i_2/O
                         net (fo=1, routed)           0.692    36.311    i_ariane/i_cva6/issue_stage_i/i_scoreboard/rat_q_reg[frees][3]_i_2_n_0
    SLICE_X31Y68         LUT6 (Prop_lut6_I2_O)        0.124    36.435 r  i_ariane/i_cva6/issue_stage_i/i_scoreboard/rat_q_reg[frees][3]_i_1/O
                         net (fo=1, routed)           0.000    36.435    i_ariane/i_cva6/issue_stage_i/i_issue_register_allocation_table/rat_q_reg[free_regs][3]_1
    SLICE_X31Y68         FDCE                                         r  i_ariane/i_cva6/issue_stage_i/i_issue_register_allocation_table/rat_q_reg[free_regs][3]/D
  -------------------------------------------------------------------    -------------------

                         (clock clk_out1_xlnx_clk_gen rise edge)
                                                     25.000    25.000 r  
    K17                                               0.000    25.000 r  clk_sys (IN)
                         net (fo=0)                   0.000    25.000    i_xlnx_clk_gen/inst/clk_in1
    K17                  IBUF (Prop_ibuf_I_O)         1.404    26.404 r  i_xlnx_clk_gen/inst/clkin1_ibufg/O
                         net (fo=1, routed)           1.162    27.566    i_xlnx_clk_gen/inst/clk_in1_xlnx_clk_gen
    MMCME2_ADV_X1Y2      MMCME2_ADV (Prop_mmcme2_adv_CLKIN1_CLKOUT0)
                                                     -7.814    19.752 r  i_xlnx_clk_gen/inst/mmcm_adv_inst/CLKOUT0
                         net (fo=1, routed)           2.012    21.764    i_xlnx_clk_gen/inst/clk_out1_xlnx_clk_gen
    BUFGCTRL_X0Y16       BUFG (Prop_bufg_I_O)         0.091    21.855 r  i_xlnx_clk_gen/inst/clkout1_buf/O
                         net (fo=22838, routed)       1.515    23.370    i_ariane/i_cva6/issue_stage_i/i_issue_register_allocation_table/clk_out1
    SLICE_X31Y68         FDCE                                         r  i_ariane/i_cva6/issue_stage_i/i_issue_register_allocation_table/rat_q_reg[free_regs][3]/C
                         clock pessimism              0.467    23.836    
                         clock uncertainty           -0.082    23.754    
    SLICE_X31Y68         FDCE (Setup_fdce_C_D)        0.031    23.785    i_ariane/i_cva6/issue_stage_i/i_issue_register_allocation_table/rat_q_reg[free_regs][3]
  -------------------------------------------------------------------
                         required time                         23.785    
                         arrival time                         -36.435    
  -------------------------------------------------------------------
                         slack                                -12.650    

Slack (VIOLATED) :        -12.628ns  (required time - arrival time)
  Source:                 i_ariane/i_cva6/issue_stage_i/i_issue_read_operands/branch_valid_q_reg[0]/C
                            (rising edge-triggered cell FDCE clocked by clk_out1_xlnx_clk_gen  {rise@0.000ns fall@12.500ns period=25.000ns})
  Destination:            i_ariane/i_cva6/issue_stage_i/i_issue_register_allocation_table/rat_q_reg[free_regs][30]/D
                            (rising edge-triggered cell FDCE clocked by clk_out1_xlnx_clk_gen  {rise@0.000ns fall@12.500ns period=25.000ns})
  Path Group:             clk_out1_xlnx_clk_gen
  Path Type:              Setup (Max at Slow Process Corner)
  Requirement:            25.000ns  (clk_out1_xlnx_clk_gen rise@25.000ns - clk_out1_xlnx_clk_gen rise@0.000ns)
  Data Path Delay:        37.322ns  (logic 7.570ns (20.283%)  route 29.752ns (79.717%))
  Logic Levels:           50  (CARRY4=8 LUT2=1 LUT3=2 LUT4=6 LUT5=8 LUT6=25)
  Clock Path Skew:        -0.304ns (DCD - SCD + CPR)
    Destination Clock Delay (DCD):    -1.678ns = ( 23.322 - 25.000 ) 
    Source Clock Delay      (SCD):    -0.907ns
    Clock Pessimism Removal (CPR):    0.467ns
  Clock Uncertainty:      0.082ns  ((TSJ^2 + DJ^2)^1/2) / 2 + PE
    Total System Jitter     (TSJ):    0.071ns
    Discrete Jitter          (DJ):    0.149ns
    Phase Error              (PE):    0.000ns

    Location             Delay type                Incr(ns)  Path(ns)    Netlist Resource(s)
  -------------------------------------------------------------------    -------------------
                         (clock clk_out1_xlnx_clk_gen rise edge)
                                                      0.000     0.000 r  
    K17                                               0.000     0.000 r  clk_sys (IN)
                         net (fo=0)                   0.000     0.000    i_xlnx_clk_gen/inst/clk_in1
    K17                  IBUF (Prop_ibuf_I_O)         1.475     1.475 r  i_xlnx_clk_gen/inst/clkin1_ibufg/O
                         net (fo=1, routed)           1.285     2.760    i_xlnx_clk_gen/inst/clk_in1_xlnx_clk_gen
    MMCME2_ADV_X1Y2      MMCME2_ADV (Prop_mmcme2_adv_CLKIN1_CLKOUT0)
                                                     -7.759    -4.999 r  i_xlnx_clk_gen/inst/mmcm_adv_inst/CLKOUT0
                         net (fo=1, routed)           2.206    -2.793    i_xlnx_clk_gen/inst/clk_out1_xlnx_clk_gen
    BUFGCTRL_X0Y16       BUFG (Prop_bufg_I_O)         0.101    -2.692 r  i_xlnx_clk_gen/inst/clkout1_buf/O
                         net (fo=22838, routed)       1.785    -0.907    i_ariane/i_cva6/issue_stage_i/i_issue_read_operands/clk_out1
    SLICE_X96Y99         FDCE                                         r  i_ariane/i_cva6/issue_stage_i/i_issue_read_operands/branch_valid_q_reg[0]/C
  -------------------------------------------------------------------    -------------------
    SLICE_X96Y99         FDCE (Prop_fdce_C_Q)         0.518    -0.389 r  i_ariane/i_cva6/issue_stage_i/i_issue_read_operands/branch_valid_q_reg[0]/Q
                         net (fo=178, routed)         1.035     0.645    i_ariane/i_cva6/issue_stage_i/i_issue_read_operands/branch_valid_id_ex[0]
    SLICE_X95Y103        LUT5 (Prop_lut5_I0_O)        0.124     0.769 r  i_ariane/i_cva6/issue_stage_i/i_issue_read_operands/mem_q[7][sbe][bp][predict_address][31]_i_50/O
                         net (fo=130, routed)         1.087     1.856    i_ariane/i_cva6/issue_stage_i/i_issue_read_operands/mem_q[7][sbe][bp][predict_address][31]_i_50_n_0
    SLICE_X95Y102        LUT6 (Prop_lut6_I2_O)        0.124     1.980 f  i_ariane/i_cva6/issue_stage_i/i_issue_read_operands/regfile_ram_block[0].mem[0][35][0]_i_47/O
                         net (fo=1, routed)           0.591     2.571    i_ariane/i_cva6/issue_stage_i/i_issue_read_operands/regfile_ram_block[0].mem[0][35][0]_i_47_n_0
    SLICE_X94Y100        LUT6 (Prop_lut6_I5_O)        0.124     2.695 f  i_ariane/i_cva6/issue_stage_i/i_issue_read_operands/regfile_ram_block[0].mem[0][35][0]_i_36/O
                         net (fo=1, routed)           0.289     2.984    i_ariane/i_cva6/issue_stage_i/i_issue_read_operands/regfile_ram_block[0].mem[0][35][0]_i_36_n_0
    SLICE_X95Y101        LUT6 (Prop_lut6_I5_O)        0.124     3.108 r  i_ariane/i_cva6/issue_stage_i/i_issue_read_operands/regfile_ram_block[0].mem[0][35][0]_i_26/O
                         net (fo=65, routed)          0.359     3.466    i_ariane/i_cva6/issue_stage_i/i_issue_read_operands/ex_stage_i/alu_i/adder_op_b_negate
    SLICE_X95Y103        LUT6 (Prop_lut6_I4_O)        0.124     3.590 r  i_ariane/i_cva6/issue_stage_i/i_issue_read_operands/regfile_ram_block[0].mem[0][35][3]_i_29/O
                         net (fo=1, routed)           0.415     4.005    i_ariane/i_cva6/issue_stage_i/i_issue_read_operands/regfile_ram_block[0].mem[0][35][3]_i_29_n_0
    SLICE_X94Y104        CARRY4 (Prop_carry4_S[0]_CO[3])
                                                      0.637     4.642 r  i_ariane/i_cva6/issue_stage_i/i_issue_read_operands/regfile_ram_block[0].mem_reg[0][35][3]_i_25/CO[3]
                         net (fo=1, routed)           0.000     4.642    i_ariane/i_cva6/issue_stage_i/i_issue_read_operands/regfile_ram_block[0].mem_reg[0][35][3]_i_25_n_0
    SLICE_X94Y105        CARRY4 (Prop_carry4_CI_CO[3])
                                                      0.117     4.759 r  i_ariane/i_cva6/issue_stage_i/i_issue_read_operands/regfile_ram_block[0].mem_reg[0][35][7]_i_23/CO[3]
                         net (fo=1, routed)           0.000     4.759    i_ariane/i_cva6/issue_stage_i/i_issue_read_operands/regfile_ram_block[0].mem_reg[0][35][7]_i_23_n_0
    SLICE_X94Y106        CARRY4 (Prop_carry4_CI_CO[3])
                                                      0.117     4.876 r  i_ariane/i_cva6/issue_stage_i/i_issue_read_operands/regfile_ram_block[0].mem_reg[0][35][11]_i_23/CO[3]
                         net (fo=1, routed)           0.000     4.876    i_ariane/i_cva6/issue_stage_i/i_issue_read_operands/regfile_ram_block[0].mem_reg[0][35][11]_i_23_n_0
    SLICE_X94Y107        CARRY4 (Prop_carry4_CI_CO[3])
                                                      0.117     4.993 r  i_ariane/i_cva6/issue_stage_i/i_issue_read_operands/regfile_ram_block[0].mem_reg[0][35][15]_i_22/CO[3]
                         net (fo=1, routed)           0.000     4.993    i_ariane/i_cva6/issue_stage_i/i_issue_read_operands/regfile_ram_block[0].mem_reg[0][35][15]_i_22_n_0
    SLICE_X94Y108        CARRY4 (Prop_carry4_CI_CO[3])
                                                      0.117     5.110 r  i_ariane/i_cva6/issue_stage_i/i_issue_read_operands/regfile_ram_block[0].mem_reg[0][35][19]_i_25/CO[3]
                         net (fo=1, routed)           0.000     5.110    i_ariane/i_cva6/issue_stage_i/i_issue_read_operands/regfile_ram_block[0].mem_reg[0][35][19]_i_25_n_0
    SLICE_X94Y109        CARRY4 (Prop_carry4_CI_CO[3])
                                                      0.117     5.227 r  i_ariane/i_cva6/issue_stage_i/i_issue_read_operands/regfile_ram_block[0].mem_reg[0][35][23]_i_23/CO[3]
                         net (fo=1, routed)           0.000     5.227    i_ariane/i_cva6/issue_stage_i/i_issue_read_operands/regfile_ram_block[0].mem_reg[0][35][23]_i_23_n_0
    SLICE_X94Y110        CARRY4 (Prop_carry4_CI_CO[3])
                                                      0.117     5.344 r  i_ariane/i_cva6/issue_stage_i/i_issue_read_operands/regfile_ram_block[0].mem_reg[0][35][27]_i_21/CO[3]
                         net (fo=1, routed)           0.000     5.344    i_ariane/i_cva6/issue_stage_i/i_issue_read_operands/regfile_ram_block[0].mem_reg[0][35][27]_i_21_n_0
    SLICE_X94Y111        CARRY4 (Prop_carry4_CI_O[1])
                                                      0.323     5.667 f  i_ariane/i_cva6/issue_stage_i/i_issue_read_operands/regfile_ram_block[0].mem_reg[0][35][31]_i_95/O[1]
                         net (fo=2, routed)           1.328     6.996    i_ariane/i_cva6/issue_stage_i/i_issue_read_operands/ex_stage_i/alu_i/adder_result[29]
    SLICE_X92Y102        LUT5 (Prop_lut5_I3_O)        0.306     7.302 r  i_ariane/i_cva6/issue_stage_i/i_issue_read_operands/mem_q[7][sbe][bp][predict_address][31]_i_30/O
                         net (fo=1, routed)           0.645     7.947    i_ariane/i_cva6/issue_stage_i/i_issue_read_operands/mem_q[7][sbe][bp][predict_address][31]_i_30_n_0
    SLICE_X93Y101        LUT4 (Prop_lut4_I1_O)        0.124     8.071 r  i_ariane/i_cva6/issue_stage_i/i_issue_read_operands/mem_q[7][sbe][bp][predict_address][31]_i_15/O
                         net (fo=1, routed)           0.636     8.707    i_ariane/i_cva6/issue_stage_i/i_issue_read_operands/mem_q[7][sbe][bp][predict_address][31]_i_15_n_0
    SLICE_X93Y100        LUT6 (Prop_lut6_I3_O)        0.124     8.831 r  i_ariane/i_cva6/issue_stage_i/i_issue_read_operands/mem_q[7][sbe][bp][predict_address][31]_i_9/O
                         net (fo=34, routed)          0.454     9.285    i_ariane/i_cva6/issue_stage_i/i_issue_read_operands/ex_stage_i/alu_branch_res
    SLICE_X91Y99         LUT6 (Prop_lut6_I0_O)        0.124     9.409 r  i_ariane/i_cva6/issue_stage_i/i_issue_read_operands/issue_q[0][valid]_i_7/O
                         net (fo=36, routed)          0.755    10.165    i_ariane/i_cva6/issue_stage_i/i_issue_read_operands/resolved_branch[is_mispredict]
    SLICE_X89Y95         LUT3 (Prop_lut3_I0_O)        0.124    10.289 r  i_ariane/i_cva6/issue_stage_i/i_issue_read_operands/bmiss_trans_id_q[1]_i_2/O
                         net (fo=10, routed)          0.545    10.833    i_ariane/i_cva6/ex_stage_i/i_mult/i_multiplier/bmiss_trans_id_q_reg[2]_0
    SLICE_X87Y88         LUT5 (Prop_lut5_I4_O)        0.124    10.957 r  i_ariane/i_cva6/ex_stage_i/i_mult/i_multiplier/bmiss_trans_id_q[2]_i_2/O
                         net (fo=4, routed)           0.587    11.544    i_ariane/i_cva6/issue_stage_i/i_scoreboard/bmiss_trans_id_q_reg[2]_1
    SLICE_X88Y85         LUT6 (Prop_lut6_I4_O)        0.124    11.668 r  i_ariane/i_cva6/issue_stage_i/i_scoreboard/mcause_q[30]_i_2/O
                         net (fo=49, routed)          0.575    12.243    i_ariane/i_cva6/issue_stage_i/i_scoreboard/commit_instr_id_commit[0][valid]
    SLICE_X86Y79         LUT5 (Prop_lut5_I0_O)        0.124    12.367 r  i_ariane/i_cva6/issue_stage_i/i_scoreboard/regfile_ram_block[0].mem[0][35][31]_i_10/O
                         net (fo=85, routed)          0.541    12.908    i_ariane/i_cva6/issue_stage_i/i_scoreboard/regfile_ram_block[0].mem[0][35][31]_i_10_n_0
    SLICE_X85Y79         LUT3 (Prop_lut3_I0_O)        0.124    13.032 f  i_ariane/i_cva6/issue_stage_i/i_scoreboard/wfi_q_i_2/O
                         net (fo=4, routed)           0.979    14.011    i_ariane/i_cva6/issue_stage_i/i_scoreboard/wfi_q_reg_47
    SLICE_X83Y78         LUT6 (Prop_lut6_I0_O)        0.124    14.135 r  i_ariane/i_cva6/issue_stage_i/i_scoreboard/mcause_q[1]_i_4/O
                         net (fo=5, routed)           0.637    14.772    i_ariane/i_cva6/issue_stage_i/i_scoreboard/csr_exception_csr_commit[cause][1]
    SLICE_X80Y77         LUT5 (Prop_lut5_I1_O)        0.124    14.896 r  i_ariane/i_cva6/issue_stage_i/i_scoreboard/rat_q[rat][31][5]_i_6__0/O
                         net (fo=113, routed)         0.999    15.895    i_ariane/i_cva6/issue_stage_i/i_scoreboard/wfi_q_reg_48
    SLICE_X67Y77         LUT6 (Prop_lut6_I5_O)        0.124    16.019 f  i_ariane/i_cva6/issue_stage_i/i_scoreboard/mstatus_q[mpp][1]_i_7/O
                         net (fo=2, routed)           0.413    16.433    i_ariane/i_cva6/csr_regfile_i/mepc_q_reg[0]_0
    SLICE_X67Y75         LUT2 (Prop_lut2_I1_O)        0.124    16.557 r  i_ariane/i_cva6/csr_regfile_i/mstatus_q[mpp][1]_i_2/O
                         net (fo=106, routed)         0.305    16.862    i_ariane/i_cva6/ex_stage_i/csr_buffer_i/mtval_q_reg[31]
    SLICE_X67Y75         LUT6 (Prop_lut6_I5_O)        0.124    16.986 f  i_ariane/i_cva6/ex_stage_i/csr_buffer_i/rat_q[rat][31][5]_i_9__0/O
                         net (fo=16, routed)          0.369    17.355    i_ariane/i_cva6/issue_stage_i/i_scoreboard/flush_csr_ctrl
    SLICE_X67Y74         LUT5 (Prop_lut5_I4_O)        0.124    17.479 f  i_ariane/i_cva6/issue_stage_i/i_scoreboard/rat_q[rat][31][2]_i_2/O
                         net (fo=118, routed)         0.350    17.829    i_ariane/i_cva6/issue_stage_i/i_scoreboard/wfi_q_reg_5
    SLICE_X65Y73         LUT4 (Prop_lut4_I2_O)        0.124    17.953 r  i_ariane/i_cva6/issue_stage_i/i_scoreboard/speculative_write_pointer_q[0]_i_9/O
                         net (fo=2, routed)           0.448    18.401    i_ariane/i_cva6/issue_stage_i/i_scoreboard/speculative_write_pointer_q[0]_i_9_n_0
    SLICE_X65Y72         LUT6 (Prop_lut6_I0_O)        0.124    18.525 r  i_ariane/i_cva6/issue_stage_i/i_scoreboard/rs_q[free_entries][0]_i_10__1/O
                         net (fo=54, routed)          0.885    19.411    i_ariane/i_cva6/issue_stage_i/i_scoreboard/rollback_pointer_q_reg[1]_rep__0_1
    SLICE_X60Y72         LUT4 (Prop_lut4_I2_O)        0.124    19.535 f  i_ariane/i_cva6/issue_stage_i/i_scoreboard/rs_q[rs_table][0][use_imm]_i_7__0/O
                         net (fo=9, routed)           0.592    20.126    i_ariane/i_cva6/id_stage_i/rs_q[rs_table][0][use_imm]_i_9
    SLICE_X59Y74         LUT4 (Prop_lut4_I0_O)        0.124    20.250 f  i_ariane/i_cva6/id_stage_i/rs_q[free_entries][0]_i_15/O
                         net (fo=6, routed)           0.663    20.913    i_ariane/i_cva6/issue_stage_i/i_scoreboard/issue_q[0][valid]_i_3_0
    SLICE_X59Y74         LUT6 (Prop_lut6_I5_O)        0.124    21.037 f  i_ariane/i_cva6/issue_stage_i/i_scoreboard/issue_q[0][valid]_i_8/O
                         net (fo=1, routed)           0.563    21.600    i_ariane/i_cva6/issue_stage_i/gen_rs_blocks[2].rs_instance.i_reservation_station/rs_q_reg[rs_table][1][global_rs_id][2]_7
    SLICE_X57Y74         LUT6 (Prop_lut6_I3_O)        0.124    21.724 r  i_ariane/i_cva6/issue_stage_i/gen_rs_blocks[2].rs_instance.i_reservation_station/issue_q[0][valid]_i_3/O
                         net (fo=66, routed)          0.428    22.152    i_ariane/i_cva6/issue_stage_i/i_issue_register_allocation_table/rat_q_reg[frees][9]_i_5_0
    SLICE_X57Y73         LUT6 (Prop_lut6_I1_O)        0.124    22.276 f  i_ariane/i_cva6/issue_stage_i/i_issue_register_allocation_table/p_24_out_carry_i_11/O
                         net (fo=80, routed)          0.952    23.229    i_ariane/i_cva6/issue_stage_i/i_issue_register_allocation_table/issue_q_reg[0][sbe][rd][1]
    SLICE_X52Y76         LUT4 (Prop_lut4_I1_O)        0.124    23.353 f  i_ariane/i_cva6/issue_stage_i/i_issue_register_allocation_table/rat_q_reg[frees][23]_i_12/O
                         net (fo=16, routed)          0.650    24.003    i_ariane/i_cva6/issue_stage_i/i_issue_register_allocation_table/rat_q_reg[frees][23]_i_12_n_0
    SLICE_X47Y77         LUT5 (Prop_lut5_I1_O)        0.124    24.127 f  i_ariane/i_cva6/issue_stage_i/i_issue_register_allocation_table/rat_q_reg[frees][22]_i_6/O
                         net (fo=3, routed)           0.856    24.983    i_ariane/i_cva6/issue_stage_i/i_issue_register_allocation_table/g_alloc[1].i_lzc/free_regs_masked[1]_271[14]
    SLICE_X49Y76         LUT6 (Prop_lut6_I5_O)        0.124    25.107 f  i_ariane/i_cva6/issue_stage_i/i_issue_register_allocation_table/g_alloc[1].i_lzc/i_/mem_q[7][sbe][rd][5]_i_12/O
                         net (fo=10, routed)          0.810    25.918    i_ariane/i_cva6/issue_stage_i/i_issue_register_allocation_table/g_alloc[1].i_lzc/p_51_in
    SLICE_X52Y75         LUT6 (Prop_lut6_I4_O)        0.124    26.042 r  i_ariane/i_cva6/issue_stage_i/i_issue_register_allocation_table/g_alloc[1].i_lzc/i_/rat_q[rat][3][0]_i_10/O
                         net (fo=4, routed)           0.518    26.560    i_ariane/i_cva6/issue_stage_i/gen_rs_blocks[2].rs_instance.i_reservation_station/rs_q[rs_table][0][use_imm]_i_9_0
    SLICE_X53Y75         LUT6 (Prop_lut6_I4_O)        0.124    26.684 r  i_ariane/i_cva6/issue_stage_i/gen_rs_blocks[2].rs_instance.i_reservation_station/rs_q[rs_table][0][use_imm]_i_12/O
                         net (fo=1, routed)           0.579    27.263    i_ariane/i_cva6/issue_stage_i/gen_rs_blocks[0].rs_instance.i_reservation_station/rs_q[rs_table][0][use_imm]_i_3__0
    SLICE_X54Y75         LUT5 (Prop_lut5_I4_O)        0.124    27.387 r  i_ariane/i_cva6/issue_stage_i/gen_rs_blocks[0].rs_instance.i_reservation_station/rs_q[rs_table][0][use_imm]_i_9/O
                         net (fo=2, routed)           0.646    28.033    i_ariane/i_cva6/issue_stage_i/i_scoreboard/global_rs_id_q_reg[4]_2
    SLICE_X54Y74         LUT6 (Prop_lut6_I5_O)        0.124    28.157 f  i_ariane/i_cva6/issue_stage_i/i_scoreboard/rs_q[rs_table][0][use_imm]_i_3__0/O
                         net (fo=169, routed)         1.082    29.239    i_ariane/i_cva6/id_stage_i/issue_instr_issue_id[1]
    SLICE_X53Y70         LUT6 (Prop_lut6_I3_O)        0.124    29.363 r  i_ariane/i_cva6/id_stage_i/rat_q[rat][18][5]_i_10/O
                         net (fo=4, routed)           0.620    29.984    i_ariane/i_cva6/issue_stage_i/i_issue_register_allocation_table/rat_q_reg[frees][35]_i_496
    SLICE_X53Y65         LUT6 (Prop_lut6_I4_O)        0.124    30.108 r  i_ariane/i_cva6/issue_stage_i/i_issue_register_allocation_table/rat_q[rat][18][5]_i_7/O
                         net (fo=2, routed)           0.810    30.918    i_ariane/i_cva6/issue_stage_i/i_scoreboard/rat_q_reg[frees][35]_i_195_1
    SLICE_X53Y61         LUT6 (Prop_lut6_I5_O)        0.124    31.042 r  i_ariane/i_cva6/issue_stage_i/i_scoreboard/rat_q[rat][18][5]_i_6/O
                         net (fo=3, routed)           0.749    31.790    i_ariane/i_cva6/issue_stage_i/i_scoreboard/rat_q[rat][18][5]_i_6_n_0
    SLICE_X50Y59         LUT4 (Prop_lut4_I1_O)        0.124    31.914 f  i_ariane/i_cva6/issue_stage_i/i_scoreboard/rat_q_reg[frees][35]_i_195/O
                         net (fo=1, routed)           0.952    32.867    i_ariane/i_cva6/issue_stage_i/i_scoreboard/rat_q_reg[frees][35]_i_195_n_0
    SLICE_X48Y63         LUT6 (Prop_lut6_I0_O)        0.124    32.991 f  i_ariane/i_cva6/issue_stage_i/i_scoreboard/rat_q_reg[frees][35]_i_73/O
                         net (fo=5, routed)           1.464    34.455    i_ariane/i_cva6/issue_stage_i/i_scoreboard/rat_q_reg[frees][35]_i_73_n_0
    SLICE_X36Y70         LUT6 (Prop_lut6_I3_O)        0.124    34.579 f  i_ariane/i_cva6/issue_stage_i/i_scoreboard/rat_q_reg[frees][31]_i_11/O
                         net (fo=8, routed)           0.921    35.500    i_ariane/i_cva6/issue_stage_i/i_scoreboard/rat_q_reg[frees][31]_i_11_n_0
    SLICE_X35Y71         LUT6 (Prop_lut6_I0_O)        0.124    35.624 r  i_ariane/i_cva6/issue_stage_i/i_scoreboard/rat_q_reg[frees][30]_i_3/O
                         net (fo=1, routed)           0.668    36.291    i_ariane/i_cva6/issue_stage_i/i_scoreboard/rat_q_reg[frees][30]_i_3_n_0
    SLICE_X32Y71         LUT6 (Prop_lut6_I2_O)        0.124    36.415 r  i_ariane/i_cva6/issue_stage_i/i_scoreboard/rat_q_reg[frees][30]_i_1/O
                         net (fo=1, routed)           0.000    36.415    i_ariane/i_cva6/issue_stage_i/i_issue_register_allocation_table/rat_q_reg[free_regs][30]_2
    SLICE_X32Y71         FDCE                                         r  i_ariane/i_cva6/issue_stage_i/i_issue_register_allocation_table/rat_q_reg[free_regs][30]/D
  -------------------------------------------------------------------    -------------------

                         (clock clk_out1_xlnx_clk_gen rise edge)
                                                     25.000    25.000 r  
    K17                                               0.000    25.000 r  clk_sys (IN)
                         net (fo=0)                   0.000    25.000    i_xlnx_clk_gen/inst/clk_in1
    K17                  IBUF (Prop_ibuf_I_O)         1.404    26.404 r  i_xlnx_clk_gen/inst/clkin1_ibufg/O
                         net (fo=1, routed)           1.162    27.566    i_xlnx_clk_gen/inst/clk_in1_xlnx_clk_gen
    MMCME2_ADV_X1Y2      MMCME2_ADV (Prop_mmcme2_adv_CLKIN1_CLKOUT0)
                                                     -7.814    19.752 r  i_xlnx_clk_gen/inst/mmcm_adv_inst/CLKOUT0
                         net (fo=1, routed)           2.012    21.764    i_xlnx_clk_gen/inst/clk_out1_xlnx_clk_gen
    BUFGCTRL_X0Y16       BUFG (Prop_bufg_I_O)         0.091    21.855 r  i_xlnx_clk_gen/inst/clkout1_buf/O
                         net (fo=22838, routed)       1.467    23.322    i_ariane/i_cva6/issue_stage_i/i_issue_register_allocation_table/clk_out1
    SLICE_X32Y71         FDCE                                         r  i_ariane/i_cva6/issue_stage_i/i_issue_register_allocation_table/rat_q_reg[free_regs][30]/C
                         clock pessimism              0.467    23.788    
                         clock uncertainty           -0.082    23.706    
    SLICE_X32Y71         FDCE (Setup_fdce_C_D)        0.081    23.787    i_ariane/i_cva6/issue_stage_i/i_issue_register_allocation_table/rat_q_reg[free_regs][30]
  -------------------------------------------------------------------
                         required time                         23.787    
                         arrival time                         -36.415    
  -------------------------------------------------------------------
                         slack                                -12.628    

Slack (VIOLATED) :        -12.611ns  (required time - arrival time)
  Source:                 i_ariane/i_cva6/issue_stage_i/i_issue_read_operands/branch_valid_q_reg[0]/C
                            (rising edge-triggered cell FDCE clocked by clk_out1_xlnx_clk_gen  {rise@0.000ns fall@12.500ns period=25.000ns})
  Destination:            i_ariane/i_cva6/issue_stage_i/i_issue_register_allocation_table/rat_q_reg[free_regs][9]/D
                            (rising edge-triggered cell FDCE clocked by clk_out1_xlnx_clk_gen  {rise@0.000ns fall@12.500ns period=25.000ns})
  Path Group:             clk_out1_xlnx_clk_gen
  Path Type:              Setup (Max at Slow Process Corner)
  Requirement:            25.000ns  (clk_out1_xlnx_clk_gen rise@25.000ns - clk_out1_xlnx_clk_gen rise@0.000ns)
  Data Path Delay:        37.301ns  (logic 7.694ns (20.627%)  route 29.607ns (79.373%))
  Logic Levels:           51  (CARRY4=8 LUT2=1 LUT3=2 LUT4=5 LUT5=10 LUT6=25)
  Clock Path Skew:        -0.306ns (DCD - SCD + CPR)
    Destination Clock Delay (DCD):    -1.680ns = ( 23.320 - 25.000 ) 
    Source Clock Delay      (SCD):    -0.907ns
    Clock Pessimism Removal (CPR):    0.467ns
  Clock Uncertainty:      0.082ns  ((TSJ^2 + DJ^2)^1/2) / 2 + PE
    Total System Jitter     (TSJ):    0.071ns
    Discrete Jitter          (DJ):    0.149ns
    Phase Error              (PE):    0.000ns

    Location             Delay type                Incr(ns)  Path(ns)    Netlist Resource(s)
  -------------------------------------------------------------------    -------------------
                         (clock clk_out1_xlnx_clk_gen rise edge)
                                                      0.000     0.000 r  
    K17                                               0.000     0.000 r  clk_sys (IN)
                         net (fo=0)                   0.000     0.000    i_xlnx_clk_gen/inst/clk_in1
    K17                  IBUF (Prop_ibuf_I_O)         1.475     1.475 r  i_xlnx_clk_gen/inst/clkin1_ibufg/O
                         net (fo=1, routed)           1.285     2.760    i_xlnx_clk_gen/inst/clk_in1_xlnx_clk_gen
    MMCME2_ADV_X1Y2      MMCME2_ADV (Prop_mmcme2_adv_CLKIN1_CLKOUT0)
                                                     -7.759    -4.999 r  i_xlnx_clk_gen/inst/mmcm_adv_inst/CLKOUT0
                         net (fo=1, routed)           2.206    -2.793    i_xlnx_clk_gen/inst/clk_out1_xlnx_clk_gen
    BUFGCTRL_X0Y16       BUFG (Prop_bufg_I_O)         0.101    -2.692 r  i_xlnx_clk_gen/inst/clkout1_buf/O
                         net (fo=22838, routed)       1.785    -0.907    i_ariane/i_cva6/issue_stage_i/i_issue_read_operands/clk_out1
    SLICE_X96Y99         FDCE                                         r  i_ariane/i_cva6/issue_stage_i/i_issue_read_operands/branch_valid_q_reg[0]/C
  -------------------------------------------------------------------    -------------------
    SLICE_X96Y99         FDCE (Prop_fdce_C_Q)         0.518    -0.389 r  i_ariane/i_cva6/issue_stage_i/i_issue_read_operands/branch_valid_q_reg[0]/Q
                         net (fo=178, routed)         1.035     0.645    i_ariane/i_cva6/issue_stage_i/i_issue_read_operands/branch_valid_id_ex[0]
    SLICE_X95Y103        LUT5 (Prop_lut5_I0_O)        0.124     0.769 r  i_ariane/i_cva6/issue_stage_i/i_issue_read_operands/mem_q[7][sbe][bp][predict_address][31]_i_50/O
                         net (fo=130, routed)         1.087     1.856    i_ariane/i_cva6/issue_stage_i/i_issue_read_operands/mem_q[7][sbe][bp][predict_address][31]_i_50_n_0
    SLICE_X95Y102        LUT6 (Prop_lut6_I2_O)        0.124     1.980 f  i_ariane/i_cva6/issue_stage_i/i_issue_read_operands/regfile_ram_block[0].mem[0][35][0]_i_47/O
                         net (fo=1, routed)           0.591     2.571    i_ariane/i_cva6/issue_stage_i/i_issue_read_operands/regfile_ram_block[0].mem[0][35][0]_i_47_n_0
    SLICE_X94Y100        LUT6 (Prop_lut6_I5_O)        0.124     2.695 f  i_ariane/i_cva6/issue_stage_i/i_issue_read_operands/regfile_ram_block[0].mem[0][35][0]_i_36/O
                         net (fo=1, routed)           0.289     2.984    i_ariane/i_cva6/issue_stage_i/i_issue_read_operands/regfile_ram_block[0].mem[0][35][0]_i_36_n_0
    SLICE_X95Y101        LUT6 (Prop_lut6_I5_O)        0.124     3.108 r  i_ariane/i_cva6/issue_stage_i/i_issue_read_operands/regfile_ram_block[0].mem[0][35][0]_i_26/O
                         net (fo=65, routed)          0.359     3.466    i_ariane/i_cva6/issue_stage_i/i_issue_read_operands/ex_stage_i/alu_i/adder_op_b_negate
    SLICE_X95Y103        LUT6 (Prop_lut6_I4_O)        0.124     3.590 r  i_ariane/i_cva6/issue_stage_i/i_issue_read_operands/regfile_ram_block[0].mem[0][35][3]_i_29/O
                         net (fo=1, routed)           0.415     4.005    i_ariane/i_cva6/issue_stage_i/i_issue_read_operands/regfile_ram_block[0].mem[0][35][3]_i_29_n_0
    SLICE_X94Y104        CARRY4 (Prop_carry4_S[0]_CO[3])
                                                      0.637     4.642 r  i_ariane/i_cva6/issue_stage_i/i_issue_read_operands/regfile_ram_block[0].mem_reg[0][35][3]_i_25/CO[3]
                         net (fo=1, routed)           0.000     4.642    i_ariane/i_cva6/issue_stage_i/i_issue_read_operands/regfile_ram_block[0].mem_reg[0][35][3]_i_25_n_0
    SLICE_X94Y105        CARRY4 (Prop_carry4_CI_CO[3])
                                                      0.117     4.759 r  i_ariane/i_cva6/issue_stage_i/i_issue_read_operands/regfile_ram_block[0].mem_reg[0][35][7]_i_23/CO[3]
                         net (fo=1, routed)           0.000     4.759    i_ariane/i_cva6/issue_stage_i/i_issue_read_operands/regfile_ram_block[0].mem_reg[0][35][7]_i_23_n_0
    SLICE_X94Y106        CARRY4 (Prop_carry4_CI_CO[3])
                                                      0.117     4.876 r  i_ariane/i_cva6/issue_stage_i/i_issue_read_operands/regfile_ram_block[0].mem_reg[0][35][11]_i_23/CO[3]
                         net (fo=1, routed)           0.000     4.876    i_ariane/i_cva6/issue_stage_i/i_issue_read_operands/regfile_ram_block[0].mem_reg[0][35][11]_i_23_n_0
    SLICE_X94Y107        CARRY4 (Prop_carry4_CI_CO[3])
                                                      0.117     4.993 r  i_ariane/i_cva6/issue_stage_i/i_issue_read_operands/regfile_ram_block[0].mem_reg[0][35][15]_i_22/CO[3]
                         net (fo=1, routed)           0.000     4.993    i_ariane/i_cva6/issue_stage_i/i_issue_read_operands/regfile_ram_block[0].mem_reg[0][35][15]_i_22_n_0
    SLICE_X94Y108        CARRY4 (Prop_carry4_CI_CO[3])
                                                      0.117     5.110 r  i_ariane/i_cva6/issue_stage_i/i_issue_read_operands/regfile_ram_block[0].mem_reg[0][35][19]_i_25/CO[3]
                         net (fo=1, routed)           0.000     5.110    i_ariane/i_cva6/issue_stage_i/i_issue_read_operands/regfile_ram_block[0].mem_reg[0][35][19]_i_25_n_0
    SLICE_X94Y109        CARRY4 (Prop_carry4_CI_CO[3])
                                                      0.117     5.227 r  i_ariane/i_cva6/issue_stage_i/i_issue_read_operands/regfile_ram_block[0].mem_reg[0][35][23]_i_23/CO[3]
                         net (fo=1, routed)           0.000     5.227    i_ariane/i_cva6/issue_stage_i/i_issue_read_operands/regfile_ram_block[0].mem_reg[0][35][23]_i_23_n_0
    SLICE_X94Y110        CARRY4 (Prop_carry4_CI_CO[3])
                                                      0.117     5.344 r  i_ariane/i_cva6/issue_stage_i/i_issue_read_operands/regfile_ram_block[0].mem_reg[0][35][27]_i_21/CO[3]
                         net (fo=1, routed)           0.000     5.344    i_ariane/i_cva6/issue_stage_i/i_issue_read_operands/regfile_ram_block[0].mem_reg[0][35][27]_i_21_n_0
    SLICE_X94Y111        CARRY4 (Prop_carry4_CI_O[1])
                                                      0.323     5.667 f  i_ariane/i_cva6/issue_stage_i/i_issue_read_operands/regfile_ram_block[0].mem_reg[0][35][31]_i_95/O[1]
                         net (fo=2, routed)           1.328     6.996    i_ariane/i_cva6/issue_stage_i/i_issue_read_operands/ex_stage_i/alu_i/adder_result[29]
    SLICE_X92Y102        LUT5 (Prop_lut5_I3_O)        0.306     7.302 r  i_ariane/i_cva6/issue_stage_i/i_issue_read_operands/mem_q[7][sbe][bp][predict_address][31]_i_30/O
                         net (fo=1, routed)           0.645     7.947    i_ariane/i_cva6/issue_stage_i/i_issue_read_operands/mem_q[7][sbe][bp][predict_address][31]_i_30_n_0
    SLICE_X93Y101        LUT4 (Prop_lut4_I1_O)        0.124     8.071 r  i_ariane/i_cva6/issue_stage_i/i_issue_read_operands/mem_q[7][sbe][bp][predict_address][31]_i_15/O
                         net (fo=1, routed)           0.636     8.707    i_ariane/i_cva6/issue_stage_i/i_issue_read_operands/mem_q[7][sbe][bp][predict_address][31]_i_15_n_0
    SLICE_X93Y100        LUT6 (Prop_lut6_I3_O)        0.124     8.831 r  i_ariane/i_cva6/issue_stage_i/i_issue_read_operands/mem_q[7][sbe][bp][predict_address][31]_i_9/O
                         net (fo=34, routed)          0.454     9.285    i_ariane/i_cva6/issue_stage_i/i_issue_read_operands/ex_stage_i/alu_branch_res
    SLICE_X91Y99         LUT6 (Prop_lut6_I0_O)        0.124     9.409 r  i_ariane/i_cva6/issue_stage_i/i_issue_read_operands/issue_q[0][valid]_i_7/O
                         net (fo=36, routed)          0.755    10.165    i_ariane/i_cva6/issue_stage_i/i_issue_read_operands/resolved_branch[is_mispredict]
    SLICE_X89Y95         LUT3 (Prop_lut3_I0_O)        0.124    10.289 r  i_ariane/i_cva6/issue_stage_i/i_issue_read_operands/bmiss_trans_id_q[1]_i_2/O
                         net (fo=10, routed)          0.545    10.833    i_ariane/i_cva6/ex_stage_i/i_mult/i_multiplier/bmiss_trans_id_q_reg[2]_0
    SLICE_X87Y88         LUT5 (Prop_lut5_I4_O)        0.124    10.957 r  i_ariane/i_cva6/ex_stage_i/i_mult/i_multiplier/bmiss_trans_id_q[2]_i_2/O
                         net (fo=4, routed)           0.587    11.544    i_ariane/i_cva6/issue_stage_i/i_scoreboard/bmiss_trans_id_q_reg[2]_1
    SLICE_X88Y85         LUT6 (Prop_lut6_I4_O)        0.124    11.668 r  i_ariane/i_cva6/issue_stage_i/i_scoreboard/mcause_q[30]_i_2/O
                         net (fo=49, routed)          0.575    12.243    i_ariane/i_cva6/issue_stage_i/i_scoreboard/commit_instr_id_commit[0][valid]
    SLICE_X86Y79         LUT5 (Prop_lut5_I0_O)        0.124    12.367 r  i_ariane/i_cva6/issue_stage_i/i_scoreboard/regfile_ram_block[0].mem[0][35][31]_i_10/O
                         net (fo=85, routed)          0.541    12.908    i_ariane/i_cva6/issue_stage_i/i_scoreboard/regfile_ram_block[0].mem[0][35][31]_i_10_n_0
    SLICE_X85Y79         LUT3 (Prop_lut3_I0_O)        0.124    13.032 f  i_ariane/i_cva6/issue_stage_i/i_scoreboard/wfi_q_i_2/O
                         net (fo=4, routed)           0.979    14.011    i_ariane/i_cva6/issue_stage_i/i_scoreboard/wfi_q_reg_47
    SLICE_X83Y78         LUT6 (Prop_lut6_I0_O)        0.124    14.135 r  i_ariane/i_cva6/issue_stage_i/i_scoreboard/mcause_q[1]_i_4/O
                         net (fo=5, routed)           0.637    14.772    i_ariane/i_cva6/issue_stage_i/i_scoreboard/csr_exception_csr_commit[cause][1]
    SLICE_X80Y77         LUT5 (Prop_lut5_I1_O)        0.124    14.896 r  i_ariane/i_cva6/issue_stage_i/i_scoreboard/rat_q[rat][31][5]_i_6__0/O
                         net (fo=113, routed)         0.999    15.895    i_ariane/i_cva6/issue_stage_i/i_scoreboard/wfi_q_reg_48
    SLICE_X67Y77         LUT6 (Prop_lut6_I5_O)        0.124    16.019 f  i_ariane/i_cva6/issue_stage_i/i_scoreboard/mstatus_q[mpp][1]_i_7/O
                         net (fo=2, routed)           0.413    16.433    i_ariane/i_cva6/csr_regfile_i/mepc_q_reg[0]_0
    SLICE_X67Y75         LUT2 (Prop_lut2_I1_O)        0.124    16.557 r  i_ariane/i_cva6/csr_regfile_i/mstatus_q[mpp][1]_i_2/O
                         net (fo=106, routed)         0.305    16.862    i_ariane/i_cva6/ex_stage_i/csr_buffer_i/mtval_q_reg[31]
    SLICE_X67Y75         LUT6 (Prop_lut6_I5_O)        0.124    16.986 f  i_ariane/i_cva6/ex_stage_i/csr_buffer_i/rat_q[rat][31][5]_i_9__0/O
                         net (fo=16, routed)          0.369    17.355    i_ariane/i_cva6/issue_stage_i/i_scoreboard/flush_csr_ctrl
    SLICE_X67Y74         LUT5 (Prop_lut5_I4_O)        0.124    17.479 f  i_ariane/i_cva6/issue_stage_i/i_scoreboard/rat_q[rat][31][2]_i_2/O
                         net (fo=118, routed)         0.350    17.829    i_ariane/i_cva6/issue_stage_i/i_scoreboard/wfi_q_reg_5
    SLICE_X65Y73         LUT4 (Prop_lut4_I2_O)        0.124    17.953 r  i_ariane/i_cva6/issue_stage_i/i_scoreboard/speculative_write_pointer_q[0]_i_9/O
                         net (fo=2, routed)           0.448    18.401    i_ariane/i_cva6/issue_stage_i/i_scoreboard/speculative_write_pointer_q[0]_i_9_n_0
    SLICE_X65Y72         LUT6 (Prop_lut6_I0_O)        0.124    18.525 r  i_ariane/i_cva6/issue_stage_i/i_scoreboard/rs_q[free_entries][0]_i_10__1/O
                         net (fo=54, routed)          0.885    19.411    i_ariane/i_cva6/issue_stage_i/i_scoreboard/rollback_pointer_q_reg[1]_rep__0_1
    SLICE_X60Y72         LUT4 (Prop_lut4_I2_O)        0.124    19.535 f  i_ariane/i_cva6/issue_stage_i/i_scoreboard/rs_q[rs_table][0][use_imm]_i_7__0/O
                         net (fo=9, routed)           0.592    20.126    i_ariane/i_cva6/id_stage_i/rs_q[rs_table][0][use_imm]_i_9
    SLICE_X59Y74         LUT4 (Prop_lut4_I0_O)        0.124    20.250 f  i_ariane/i_cva6/id_stage_i/rs_q[free_entries][0]_i_15/O
                         net (fo=6, routed)           0.663    20.913    i_ariane/i_cva6/issue_stage_i/i_scoreboard/issue_q[0][valid]_i_3_0
    SLICE_X59Y74         LUT6 (Prop_lut6_I5_O)        0.124    21.037 f  i_ariane/i_cva6/issue_stage_i/i_scoreboard/issue_q[0][valid]_i_8/O
                         net (fo=1, routed)           0.563    21.600    i_ariane/i_cva6/issue_stage_i/gen_rs_blocks[2].rs_instance.i_reservation_station/rs_q_reg[rs_table][1][global_rs_id][2]_7
    SLICE_X57Y74         LUT6 (Prop_lut6_I3_O)        0.124    21.724 r  i_ariane/i_cva6/issue_stage_i/gen_rs_blocks[2].rs_instance.i_reservation_station/issue_q[0][valid]_i_3/O
                         net (fo=66, routed)          0.428    22.152    i_ariane/i_cva6/issue_stage_i/i_issue_register_allocation_table/rat_q_reg[frees][9]_i_5_0
    SLICE_X57Y73         LUT6 (Prop_lut6_I1_O)        0.124    22.276 f  i_ariane/i_cva6/issue_stage_i/i_issue_register_allocation_table/p_24_out_carry_i_11/O
                         net (fo=80, routed)          0.952    23.229    i_ariane/i_cva6/issue_stage_i/i_issue_register_allocation_table/issue_q_reg[0][sbe][rd][1]
    SLICE_X52Y76         LUT4 (Prop_lut4_I1_O)        0.124    23.353 f  i_ariane/i_cva6/issue_stage_i/i_issue_register_allocation_table/rat_q_reg[frees][23]_i_12/O
                         net (fo=16, routed)          0.650    24.003    i_ariane/i_cva6/issue_stage_i/i_issue_register_allocation_table/rat_q_reg[frees][23]_i_12_n_0
    SLICE_X47Y77         LUT5 (Prop_lut5_I1_O)        0.124    24.127 f  i_ariane/i_cva6/issue_stage_i/i_issue_register_allocation_table/rat_q_reg[frees][22]_i_6/O
                         net (fo=3, routed)           0.856    24.983    i_ariane/i_cva6/issue_stage_i/i_issue_register_allocation_table/g_alloc[1].i_lzc/free_regs_masked[1]_271[14]
    SLICE_X49Y76         LUT6 (Prop_lut6_I5_O)        0.124    25.107 f  i_ariane/i_cva6/issue_stage_i/i_issue_register_allocation_table/g_alloc[1].i_lzc/i_/mem_q[7][sbe][rd][5]_i_12/O
                         net (fo=10, routed)          0.810    25.918    i_ariane/i_cva6/issue_stage_i/i_issue_register_allocation_table/g_alloc[1].i_lzc/p_51_in
    SLICE_X52Y75         LUT6 (Prop_lut6_I4_O)        0.124    26.042 r  i_ariane/i_cva6/issue_stage_i/i_issue_register_allocation_table/g_alloc[1].i_lzc/i_/rat_q[rat][3][0]_i_10/O
                         net (fo=4, routed)           0.518    26.560    i_ariane/i_cva6/issue_stage_i/gen_rs_blocks[2].rs_instance.i_reservation_station/rs_q[rs_table][0][use_imm]_i_9_0
    SLICE_X53Y75         LUT6 (Prop_lut6_I4_O)        0.124    26.684 r  i_ariane/i_cva6/issue_stage_i/gen_rs_blocks[2].rs_instance.i_reservation_station/rs_q[rs_table][0][use_imm]_i_12/O
                         net (fo=1, routed)           0.579    27.263    i_ariane/i_cva6/issue_stage_i/gen_rs_blocks[0].rs_instance.i_reservation_station/rs_q[rs_table][0][use_imm]_i_3__0
    SLICE_X54Y75         LUT5 (Prop_lut5_I4_O)        0.124    27.387 r  i_ariane/i_cva6/issue_stage_i/gen_rs_blocks[0].rs_instance.i_reservation_station/rs_q[rs_table][0][use_imm]_i_9/O
                         net (fo=2, routed)           0.646    28.033    i_ariane/i_cva6/issue_stage_i/i_scoreboard/global_rs_id_q_reg[4]_2
    SLICE_X54Y74         LUT6 (Prop_lut6_I5_O)        0.124    28.157 f  i_ariane/i_cva6/issue_stage_i/i_scoreboard/rs_q[rs_table][0][use_imm]_i_3__0/O
                         net (fo=169, routed)         0.764    28.921    i_ariane/i_cva6/issue_stage_i/i_issue_register_allocation_table/is_result_available_gpr_q_reg[31]
    SLICE_X49Y73         LUT6 (Prop_lut6_I5_O)        0.124    29.045 r  i_ariane/i_cva6/issue_stage_i/i_issue_register_allocation_table/rat_q[rat][11][2]_i_8/O
                         net (fo=68, routed)          0.735    29.780    i_ariane/i_cva6/id_stage_i/rat_q_reg[frees][35]_i_637
    SLICE_X46Y74         LUT6 (Prop_lut6_I3_O)        0.124    29.904 f  i_ariane/i_cva6/id_stage_i/rat_q[rat][13][4]_i_6/O
                         net (fo=5, routed)           0.657    30.561    i_ariane/i_cva6/issue_stage_i/i_issue_register_allocation_table/rat_q[rat][13][4]_i_4
    SLICE_X41Y76         LUT6 (Prop_lut6_I0_O)        0.124    30.685 r  i_ariane/i_cva6/issue_stage_i/i_issue_register_allocation_table/rat_q[rat][13][2]_i_4/O
                         net (fo=3, routed)           0.710    31.394    i_ariane/i_cva6/issue_stage_i/i_scoreboard/rat_q_reg[frees][35]_i_187_2
    SLICE_X33Y75         LUT5 (Prop_lut5_I3_O)        0.124    31.518 f  i_ariane/i_cva6/issue_stage_i/i_scoreboard/rat_q[rat][13][2]_i_3/O
                         net (fo=3, routed)           0.754    32.272    i_ariane/i_cva6/issue_stage_i/i_scoreboard/rat_q[rat][13][2]_i_3_n_0
    SLICE_X30Y74         LUT6 (Prop_lut6_I1_O)        0.124    32.396 f  i_ariane/i_cva6/issue_stage_i/i_scoreboard/rat_q_reg[frees][35]_i_297/O
                         net (fo=1, routed)           0.851    33.247    i_ariane/i_cva6/issue_stage_i/i_scoreboard/rat_q_reg[frees][35]_i_297_n_0
    SLICE_X30Y73         LUT6 (Prop_lut6_I2_O)        0.124    33.371 r  i_ariane/i_cva6/issue_stage_i/i_scoreboard/rat_q_reg[frees][35]_i_112/O
                         net (fo=2, routed)           1.093    34.464    i_ariane/i_cva6/issue_stage_i/i_scoreboard/rat_q_reg[frees][35]_i_112_n_0
    SLICE_X33Y65         LUT5 (Prop_lut5_I2_O)        0.124    34.588 r  i_ariane/i_cva6/issue_stage_i/i_scoreboard/rat_q_reg[frees][34]_i_10/O
                         net (fo=4, routed)           0.705    35.293    i_ariane/i_cva6/issue_stage_i/i_scoreboard/rat_q_reg[frees][34]_i_10_n_0
    SLICE_X32Y71         LUT6 (Prop_lut6_I0_O)        0.124    35.417 r  i_ariane/i_cva6/issue_stage_i/i_scoreboard/rat_q_reg[frees][33]_i_4/O
                         net (fo=5, routed)           0.853    36.270    i_ariane/i_cva6/issue_stage_i/i_scoreboard/rat_q_reg[frees][33]_i_4_n_0
    SLICE_X32Y72         LUT6 (Prop_lut6_I3_O)        0.124    36.394 r  i_ariane/i_cva6/issue_stage_i/i_scoreboard/rat_q_reg[frees][9]_i_1/O
                         net (fo=1, routed)           0.000    36.394    i_ariane/i_cva6/issue_stage_i/i_issue_register_allocation_table/rat_q_reg[free_regs][9]_1
    SLICE_X32Y72         FDCE                                         r  i_ariane/i_cva6/issue_stage_i/i_issue_register_allocation_table/rat_q_reg[free_regs][9]/D
  -------------------------------------------------------------------    -------------------

                         (clock clk_out1_xlnx_clk_gen rise edge)
                                                     25.000    25.000 r  
    K17                                               0.000    25.000 r  clk_sys (IN)
                         net (fo=0)                   0.000    25.000    i_xlnx_clk_gen/inst/clk_in1
    K17                  IBUF (Prop_ibuf_I_O)         1.404    26.404 r  i_xlnx_clk_gen/inst/clkin1_ibufg/O
                         net (fo=1, routed)           1.162    27.566    i_xlnx_clk_gen/inst/clk_in1_xlnx_clk_gen
    MMCME2_ADV_X1Y2      MMCME2_ADV (Prop_mmcme2_adv_CLKIN1_CLKOUT0)
                                                     -7.814    19.752 r  i_xlnx_clk_gen/inst/mmcm_adv_inst/CLKOUT0
                         net (fo=1, routed)           2.012    21.764    i_xlnx_clk_gen/inst/clk_out1_xlnx_clk_gen
    BUFGCTRL_X0Y16       BUFG (Prop_bufg_I_O)         0.091    21.855 r  i_xlnx_clk_gen/inst/clkout1_buf/O
                         net (fo=22838, routed)       1.465    23.320    i_ariane/i_cva6/issue_stage_i/i_issue_register_allocation_table/clk_out1
    SLICE_X32Y72         FDCE                                         r  i_ariane/i_cva6/issue_stage_i/i_issue_register_allocation_table/rat_q_reg[free_regs][9]/C
                         clock pessimism              0.467    23.786    
                         clock uncertainty           -0.082    23.704    
    SLICE_X32Y72         FDCE (Setup_fdce_C_D)        0.079    23.783    i_ariane/i_cva6/issue_stage_i/i_issue_register_allocation_table/rat_q_reg[free_regs][9]
  -------------------------------------------------------------------
                         required time                         23.783    
                         arrival time                         -36.394    
  -------------------------------------------------------------------
                         slack                                -12.611    

Slack (VIOLATED) :        -12.606ns  (required time - arrival time)
  Source:                 i_ariane/i_cva6/issue_stage_i/i_issue_read_operands/branch_valid_q_reg[0]/C
                            (rising edge-triggered cell FDCE clocked by clk_out1_xlnx_clk_gen  {rise@0.000ns fall@12.500ns period=25.000ns})
  Destination:            i_ariane/i_cva6/issue_stage_i/i_issue_register_allocation_table/rat_q_reg[free_regs][19]/D
                            (rising edge-triggered cell FDCE clocked by clk_out1_xlnx_clk_gen  {rise@0.000ns fall@12.500ns period=25.000ns})
  Path Group:             clk_out1_xlnx_clk_gen
  Path Type:              Setup (Max at Slow Process Corner)
  Requirement:            25.000ns  (clk_out1_xlnx_clk_gen rise@25.000ns - clk_out1_xlnx_clk_gen rise@0.000ns)
  Data Path Delay:        37.293ns  (logic 7.570ns (20.299%)  route 29.723ns (79.701%))
  Logic Levels:           50  (CARRY4=8 LUT2=1 LUT3=2 LUT4=5 LUT5=9 LUT6=25)
  Clock Path Skew:        -0.260ns (DCD - SCD + CPR)
    Destination Clock Delay (DCD):    -1.634ns = ( 23.366 - 25.000 ) 
    Source Clock Delay      (SCD):    -0.907ns
    Clock Pessimism Removal (CPR):    0.467ns
  Clock Uncertainty:      0.082ns  ((TSJ^2 + DJ^2)^1/2) / 2 + PE
    Total System Jitter     (TSJ):    0.071ns
    Discrete Jitter          (DJ):    0.149ns
    Phase Error              (PE):    0.000ns

    Location             Delay type                Incr(ns)  Path(ns)    Netlist Resource(s)
  -------------------------------------------------------------------    -------------------
                         (clock clk_out1_xlnx_clk_gen rise edge)
                                                      0.000     0.000 r  
    K17                                               0.000     0.000 r  clk_sys (IN)
                         net (fo=0)                   0.000     0.000    i_xlnx_clk_gen/inst/clk_in1
    K17                  IBUF (Prop_ibuf_I_O)         1.475     1.475 r  i_xlnx_clk_gen/inst/clkin1_ibufg/O
                         net (fo=1, routed)           1.285     2.760    i_xlnx_clk_gen/inst/clk_in1_xlnx_clk_gen
    MMCME2_ADV_X1Y2      MMCME2_ADV (Prop_mmcme2_adv_CLKIN1_CLKOUT0)
                                                     -7.759    -4.999 r  i_xlnx_clk_gen/inst/mmcm_adv_inst/CLKOUT0
                         net (fo=1, routed)           2.206    -2.793    i_xlnx_clk_gen/inst/clk_out1_xlnx_clk_gen
    BUFGCTRL_X0Y16       BUFG (Prop_bufg_I_O)         0.101    -2.692 r  i_xlnx_clk_gen/inst/clkout1_buf/O
                         net (fo=22838, routed)       1.785    -0.907    i_ariane/i_cva6/issue_stage_i/i_issue_read_operands/clk_out1
    SLICE_X96Y99         FDCE                                         r  i_ariane/i_cva6/issue_stage_i/i_issue_read_operands/branch_valid_q_reg[0]/C
  -------------------------------------------------------------------    -------------------
    SLICE_X96Y99         FDCE (Prop_fdce_C_Q)         0.518    -0.389 r  i_ariane/i_cva6/issue_stage_i/i_issue_read_operands/branch_valid_q_reg[0]/Q
                         net (fo=178, routed)         1.035     0.645    i_ariane/i_cva6/issue_stage_i/i_issue_read_operands/branch_valid_id_ex[0]
    SLICE_X95Y103        LUT5 (Prop_lut5_I0_O)        0.124     0.769 r  i_ariane/i_cva6/issue_stage_i/i_issue_read_operands/mem_q[7][sbe][bp][predict_address][31]_i_50/O
                         net (fo=130, routed)         1.087     1.856    i_ariane/i_cva6/issue_stage_i/i_issue_read_operands/mem_q[7][sbe][bp][predict_address][31]_i_50_n_0
    SLICE_X95Y102        LUT6 (Prop_lut6_I2_O)        0.124     1.980 f  i_ariane/i_cva6/issue_stage_i/i_issue_read_operands/regfile_ram_block[0].mem[0][35][0]_i_47/O
                         net (fo=1, routed)           0.591     2.571    i_ariane/i_cva6/issue_stage_i/i_issue_read_operands/regfile_ram_block[0].mem[0][35][0]_i_47_n_0
    SLICE_X94Y100        LUT6 (Prop_lut6_I5_O)        0.124     2.695 f  i_ariane/i_cva6/issue_stage_i/i_issue_read_operands/regfile_ram_block[0].mem[0][35][0]_i_36/O
                         net (fo=1, routed)           0.289     2.984    i_ariane/i_cva6/issue_stage_i/i_issue_read_operands/regfile_ram_block[0].mem[0][35][0]_i_36_n_0
    SLICE_X95Y101        LUT6 (Prop_lut6_I5_O)        0.124     3.108 r  i_ariane/i_cva6/issue_stage_i/i_issue_read_operands/regfile_ram_block[0].mem[0][35][0]_i_26/O
                         net (fo=65, routed)          0.359     3.466    i_ariane/i_cva6/issue_stage_i/i_issue_read_operands/ex_stage_i/alu_i/adder_op_b_negate
    SLICE_X95Y103        LUT6 (Prop_lut6_I4_O)        0.124     3.590 r  i_ariane/i_cva6/issue_stage_i/i_issue_read_operands/regfile_ram_block[0].mem[0][35][3]_i_29/O
                         net (fo=1, routed)           0.415     4.005    i_ariane/i_cva6/issue_stage_i/i_issue_read_operands/regfile_ram_block[0].mem[0][35][3]_i_29_n_0
    SLICE_X94Y104        CARRY4 (Prop_carry4_S[0]_CO[3])
                                                      0.637     4.642 r  i_ariane/i_cva6/issue_stage_i/i_issue_read_operands/regfile_ram_block[0].mem_reg[0][35][3]_i_25/CO[3]
                         net (fo=1, routed)           0.000     4.642    i_ariane/i_cva6/issue_stage_i/i_issue_read_operands/regfile_ram_block[0].mem_reg[0][35][3]_i_25_n_0
    SLICE_X94Y105        CARRY4 (Prop_carry4_CI_CO[3])
                                                      0.117     4.759 r  i_ariane/i_cva6/issue_stage_i/i_issue_read_operands/regfile_ram_block[0].mem_reg[0][35][7]_i_23/CO[3]
                         net (fo=1, routed)           0.000     4.759    i_ariane/i_cva6/issue_stage_i/i_issue_read_operands/regfile_ram_block[0].mem_reg[0][35][7]_i_23_n_0
    SLICE_X94Y106        CARRY4 (Prop_carry4_CI_CO[3])
                                                      0.117     4.876 r  i_ariane/i_cva6/issue_stage_i/i_issue_read_operands/regfile_ram_block[0].mem_reg[0][35][11]_i_23/CO[3]
                         net (fo=1, routed)           0.000     4.876    i_ariane/i_cva6/issue_stage_i/i_issue_read_operands/regfile_ram_block[0].mem_reg[0][35][11]_i_23_n_0
    SLICE_X94Y107        CARRY4 (Prop_carry4_CI_CO[3])
                                                      0.117     4.993 r  i_ariane/i_cva6/issue_stage_i/i_issue_read_operands/regfile_ram_block[0].mem_reg[0][35][15]_i_22/CO[3]
                         net (fo=1, routed)           0.000     4.993    i_ariane/i_cva6/issue_stage_i/i_issue_read_operands/regfile_ram_block[0].mem_reg[0][35][15]_i_22_n_0
    SLICE_X94Y108        CARRY4 (Prop_carry4_CI_CO[3])
                                                      0.117     5.110 r  i_ariane/i_cva6/issue_stage_i/i_issue_read_operands/regfile_ram_block[0].mem_reg[0][35][19]_i_25/CO[3]
                         net (fo=1, routed)           0.000     5.110    i_ariane/i_cva6/issue_stage_i/i_issue_read_operands/regfile_ram_block[0].mem_reg[0][35][19]_i_25_n_0
    SLICE_X94Y109        CARRY4 (Prop_carry4_CI_CO[3])
                                                      0.117     5.227 r  i_ariane/i_cva6/issue_stage_i/i_issue_read_operands/regfile_ram_block[0].mem_reg[0][35][23]_i_23/CO[3]
                         net (fo=1, routed)           0.000     5.227    i_ariane/i_cva6/issue_stage_i/i_issue_read_operands/regfile_ram_block[0].mem_reg[0][35][23]_i_23_n_0
    SLICE_X94Y110        CARRY4 (Prop_carry4_CI_CO[3])
                                                      0.117     5.344 r  i_ariane/i_cva6/issue_stage_i/i_issue_read_operands/regfile_ram_block[0].mem_reg[0][35][27]_i_21/CO[3]
                         net (fo=1, routed)           0.000     5.344    i_ariane/i_cva6/issue_stage_i/i_issue_read_operands/regfile_ram_block[0].mem_reg[0][35][27]_i_21_n_0
    SLICE_X94Y111        CARRY4 (Prop_carry4_CI_O[1])
                                                      0.323     5.667 f  i_ariane/i_cva6/issue_stage_i/i_issue_read_operands/regfile_ram_block[0].mem_reg[0][35][31]_i_95/O[1]
                         net (fo=2, routed)           1.328     6.996    i_ariane/i_cva6/issue_stage_i/i_issue_read_operands/ex_stage_i/alu_i/adder_result[29]
    SLICE_X92Y102        LUT5 (Prop_lut5_I3_O)        0.306     7.302 r  i_ariane/i_cva6/issue_stage_i/i_issue_read_operands/mem_q[7][sbe][bp][predict_address][31]_i_30/O
                         net (fo=1, routed)           0.645     7.947    i_ariane/i_cva6/issue_stage_i/i_issue_read_operands/mem_q[7][sbe][bp][predict_address][31]_i_30_n_0
    SLICE_X93Y101        LUT4 (Prop_lut4_I1_O)        0.124     8.071 r  i_ariane/i_cva6/issue_stage_i/i_issue_read_operands/mem_q[7][sbe][bp][predict_address][31]_i_15/O
                         net (fo=1, routed)           0.636     8.707    i_ariane/i_cva6/issue_stage_i/i_issue_read_operands/mem_q[7][sbe][bp][predict_address][31]_i_15_n_0
    SLICE_X93Y100        LUT6 (Prop_lut6_I3_O)        0.124     8.831 r  i_ariane/i_cva6/issue_stage_i/i_issue_read_operands/mem_q[7][sbe][bp][predict_address][31]_i_9/O
                         net (fo=34, routed)          0.454     9.285    i_ariane/i_cva6/issue_stage_i/i_issue_read_operands/ex_stage_i/alu_branch_res
    SLICE_X91Y99         LUT6 (Prop_lut6_I0_O)        0.124     9.409 r  i_ariane/i_cva6/issue_stage_i/i_issue_read_operands/issue_q[0][valid]_i_7/O
                         net (fo=36, routed)          0.755    10.165    i_ariane/i_cva6/issue_stage_i/i_issue_read_operands/resolved_branch[is_mispredict]
    SLICE_X89Y95         LUT3 (Prop_lut3_I0_O)        0.124    10.289 r  i_ariane/i_cva6/issue_stage_i/i_issue_read_operands/bmiss_trans_id_q[1]_i_2/O
                         net (fo=10, routed)          0.545    10.833    i_ariane/i_cva6/ex_stage_i/i_mult/i_multiplier/bmiss_trans_id_q_reg[2]_0
    SLICE_X87Y88         LUT5 (Prop_lut5_I4_O)        0.124    10.957 r  i_ariane/i_cva6/ex_stage_i/i_mult/i_multiplier/bmiss_trans_id_q[2]_i_2/O
                         net (fo=4, routed)           0.587    11.544    i_ariane/i_cva6/issue_stage_i/i_scoreboard/bmiss_trans_id_q_reg[2]_1
    SLICE_X88Y85         LUT6 (Prop_lut6_I4_O)        0.124    11.668 r  i_ariane/i_cva6/issue_stage_i/i_scoreboard/mcause_q[30]_i_2/O
                         net (fo=49, routed)          0.575    12.243    i_ariane/i_cva6/issue_stage_i/i_scoreboard/commit_instr_id_commit[0][valid]
    SLICE_X86Y79         LUT5 (Prop_lut5_I0_O)        0.124    12.367 r  i_ariane/i_cva6/issue_stage_i/i_scoreboard/regfile_ram_block[0].mem[0][35][31]_i_10/O
                         net (fo=85, routed)          0.541    12.908    i_ariane/i_cva6/issue_stage_i/i_scoreboard/regfile_ram_block[0].mem[0][35][31]_i_10_n_0
    SLICE_X85Y79         LUT3 (Prop_lut3_I0_O)        0.124    13.032 f  i_ariane/i_cva6/issue_stage_i/i_scoreboard/wfi_q_i_2/O
                         net (fo=4, routed)           0.979    14.011    i_ariane/i_cva6/issue_stage_i/i_scoreboard/wfi_q_reg_47
    SLICE_X83Y78         LUT6 (Prop_lut6_I0_O)        0.124    14.135 r  i_ariane/i_cva6/issue_stage_i/i_scoreboard/mcause_q[1]_i_4/O
                         net (fo=5, routed)           0.637    14.772    i_ariane/i_cva6/issue_stage_i/i_scoreboard/csr_exception_csr_commit[cause][1]
    SLICE_X80Y77         LUT5 (Prop_lut5_I1_O)        0.124    14.896 r  i_ariane/i_cva6/issue_stage_i/i_scoreboard/rat_q[rat][31][5]_i_6__0/O
                         net (fo=113, routed)         0.999    15.895    i_ariane/i_cva6/issue_stage_i/i_scoreboard/wfi_q_reg_48
    SLICE_X67Y77         LUT6 (Prop_lut6_I5_O)        0.124    16.019 f  i_ariane/i_cva6/issue_stage_i/i_scoreboard/mstatus_q[mpp][1]_i_7/O
                         net (fo=2, routed)           0.413    16.433    i_ariane/i_cva6/csr_regfile_i/mepc_q_reg[0]_0
    SLICE_X67Y75         LUT2 (Prop_lut2_I1_O)        0.124    16.557 r  i_ariane/i_cva6/csr_regfile_i/mstatus_q[mpp][1]_i_2/O
                         net (fo=106, routed)         0.305    16.862    i_ariane/i_cva6/ex_stage_i/csr_buffer_i/mtval_q_reg[31]
    SLICE_X67Y75         LUT6 (Prop_lut6_I5_O)        0.124    16.986 f  i_ariane/i_cva6/ex_stage_i/csr_buffer_i/rat_q[rat][31][5]_i_9__0/O
                         net (fo=16, routed)          0.369    17.355    i_ariane/i_cva6/issue_stage_i/i_scoreboard/flush_csr_ctrl
    SLICE_X67Y74         LUT5 (Prop_lut5_I4_O)        0.124    17.479 f  i_ariane/i_cva6/issue_stage_i/i_scoreboard/rat_q[rat][31][2]_i_2/O
                         net (fo=118, routed)         0.350    17.829    i_ariane/i_cva6/issue_stage_i/i_scoreboard/wfi_q_reg_5
    SLICE_X65Y73         LUT4 (Prop_lut4_I2_O)        0.124    17.953 r  i_ariane/i_cva6/issue_stage_i/i_scoreboard/speculative_write_pointer_q[0]_i_9/O
                         net (fo=2, routed)           0.448    18.401    i_ariane/i_cva6/issue_stage_i/i_scoreboard/speculative_write_pointer_q[0]_i_9_n_0
    SLICE_X65Y72         LUT6 (Prop_lut6_I0_O)        0.124    18.525 r  i_ariane/i_cva6/issue_stage_i/i_scoreboard/rs_q[free_entries][0]_i_10__1/O
                         net (fo=54, routed)          0.885    19.411    i_ariane/i_cva6/issue_stage_i/i_scoreboard/rollback_pointer_q_reg[1]_rep__0_1
    SLICE_X60Y72         LUT4 (Prop_lut4_I2_O)        0.124    19.535 f  i_ariane/i_cva6/issue_stage_i/i_scoreboard/rs_q[rs_table][0][use_imm]_i_7__0/O
                         net (fo=9, routed)           0.592    20.126    i_ariane/i_cva6/id_stage_i/rs_q[rs_table][0][use_imm]_i_9
    SLICE_X59Y74         LUT4 (Prop_lut4_I0_O)        0.124    20.250 f  i_ariane/i_cva6/id_stage_i/rs_q[free_entries][0]_i_15/O
                         net (fo=6, routed)           0.663    20.913    i_ariane/i_cva6/issue_stage_i/i_scoreboard/issue_q[0][valid]_i_3_0
    SLICE_X59Y74         LUT6 (Prop_lut6_I5_O)        0.124    21.037 f  i_ariane/i_cva6/issue_stage_i/i_scoreboard/issue_q[0][valid]_i_8/O
                         net (fo=1, routed)           0.563    21.600    i_ariane/i_cva6/issue_stage_i/gen_rs_blocks[2].rs_instance.i_reservation_station/rs_q_reg[rs_table][1][global_rs_id][2]_7
    SLICE_X57Y74         LUT6 (Prop_lut6_I3_O)        0.124    21.724 r  i_ariane/i_cva6/issue_stage_i/gen_rs_blocks[2].rs_instance.i_reservation_station/issue_q[0][valid]_i_3/O
                         net (fo=66, routed)          0.428    22.152    i_ariane/i_cva6/issue_stage_i/i_issue_register_allocation_table/rat_q_reg[frees][9]_i_5_0
    SLICE_X57Y73         LUT6 (Prop_lut6_I1_O)        0.124    22.276 f  i_ariane/i_cva6/issue_stage_i/i_issue_register_allocation_table/p_24_out_carry_i_11/O
                         net (fo=80, routed)          0.952    23.229    i_ariane/i_cva6/issue_stage_i/i_issue_register_allocation_table/issue_q_reg[0][sbe][rd][1]
    SLICE_X52Y76         LUT4 (Prop_lut4_I1_O)        0.124    23.353 f  i_ariane/i_cva6/issue_stage_i/i_issue_register_allocation_table/rat_q_reg[frees][23]_i_12/O
                         net (fo=16, routed)          0.650    24.003    i_ariane/i_cva6/issue_stage_i/i_issue_register_allocation_table/rat_q_reg[frees][23]_i_12_n_0
    SLICE_X47Y77         LUT5 (Prop_lut5_I1_O)        0.124    24.127 f  i_ariane/i_cva6/issue_stage_i/i_issue_register_allocation_table/rat_q_reg[frees][22]_i_6/O
                         net (fo=3, routed)           0.856    24.983    i_ariane/i_cva6/issue_stage_i/i_issue_register_allocation_table/g_alloc[1].i_lzc/free_regs_masked[1]_271[14]
    SLICE_X49Y76         LUT6 (Prop_lut6_I5_O)        0.124    25.107 f  i_ariane/i_cva6/issue_stage_i/i_issue_register_allocation_table/g_alloc[1].i_lzc/i_/mem_q[7][sbe][rd][5]_i_12/O
                         net (fo=10, routed)          0.810    25.918    i_ariane/i_cva6/issue_stage_i/i_issue_register_allocation_table/g_alloc[1].i_lzc/p_51_in
    SLICE_X52Y75         LUT6 (Prop_lut6_I4_O)        0.124    26.042 r  i_ariane/i_cva6/issue_stage_i/i_issue_register_allocation_table/g_alloc[1].i_lzc/i_/rat_q[rat][3][0]_i_10/O
                         net (fo=4, routed)           0.518    26.560    i_ariane/i_cva6/issue_stage_i/gen_rs_blocks[2].rs_instance.i_reservation_station/rs_q[rs_table][0][use_imm]_i_9_0
    SLICE_X53Y75         LUT6 (Prop_lut6_I4_O)        0.124    26.684 r  i_ariane/i_cva6/issue_stage_i/gen_rs_blocks[2].rs_instance.i_reservation_station/rs_q[rs_table][0][use_imm]_i_12/O
                         net (fo=1, routed)           0.579    27.263    i_ariane/i_cva6/issue_stage_i/gen_rs_blocks[0].rs_instance.i_reservation_station/rs_q[rs_table][0][use_imm]_i_3__0
    SLICE_X54Y75         LUT5 (Prop_lut5_I4_O)        0.124    27.387 r  i_ariane/i_cva6/issue_stage_i/gen_rs_blocks[0].rs_instance.i_reservation_station/rs_q[rs_table][0][use_imm]_i_9/O
                         net (fo=2, routed)           0.646    28.033    i_ariane/i_cva6/issue_stage_i/i_scoreboard/global_rs_id_q_reg[4]_2
    SLICE_X54Y74         LUT6 (Prop_lut6_I5_O)        0.124    28.157 f  i_ariane/i_cva6/issue_stage_i/i_scoreboard/rs_q[rs_table][0][use_imm]_i_3__0/O
                         net (fo=169, routed)         1.082    29.239    i_ariane/i_cva6/id_stage_i/issue_instr_issue_id[1]
    SLICE_X53Y70         LUT6 (Prop_lut6_I3_O)        0.124    29.363 r  i_ariane/i_cva6/id_stage_i/rat_q[rat][18][5]_i_10/O
                         net (fo=4, routed)           0.620    29.984    i_ariane/i_cva6/issue_stage_i/i_issue_register_allocation_table/rat_q_reg[frees][35]_i_496
    SLICE_X53Y65         LUT6 (Prop_lut6_I4_O)        0.124    30.108 r  i_ariane/i_cva6/issue_stage_i/i_issue_register_allocation_table/rat_q[rat][18][5]_i_7/O
                         net (fo=2, routed)           0.810    30.918    i_ariane/i_cva6/issue_stage_i/i_scoreboard/rat_q_reg[frees][35]_i_195_1
    SLICE_X53Y61         LUT6 (Prop_lut6_I5_O)        0.124    31.042 r  i_ariane/i_cva6/issue_stage_i/i_scoreboard/rat_q[rat][18][5]_i_6/O
                         net (fo=3, routed)           0.642    31.684    i_ariane/i_cva6/issue_stage_i/i_scoreboard/rat_q[rat][18][5]_i_6_n_0
    SLICE_X46Y58         LUT5 (Prop_lut5_I2_O)        0.124    31.808 f  i_ariane/i_cva6/issue_stage_i/i_scoreboard/rat_q_reg[frees][35]_i_145/O
                         net (fo=1, routed)           0.800    32.608    i_ariane/i_cva6/issue_stage_i/i_scoreboard/rat_q_reg[frees][35]_i_145_n_0
    SLICE_X44Y58         LUT6 (Prop_lut6_I2_O)        0.124    32.732 f  i_ariane/i_cva6/issue_stage_i/i_scoreboard/rat_q_reg[frees][35]_i_48/O
                         net (fo=1, routed)           1.180    33.911    i_ariane/i_cva6/issue_stage_i/i_scoreboard/rat_q_reg[frees][35]_i_48_n_0
    SLICE_X37Y68         LUT6 (Prop_lut6_I2_O)        0.124    34.035 f  i_ariane/i_cva6/issue_stage_i/i_scoreboard/rat_q_reg[frees][35]_i_12/O
                         net (fo=5, routed)           0.978    35.014    i_ariane/i_cva6/issue_stage_i/i_scoreboard/rat_q_reg[frees][35]_i_12_n_0
    SLICE_X33Y70         LUT6 (Prop_lut6_I5_O)        0.124    35.138 f  i_ariane/i_cva6/issue_stage_i/i_scoreboard/rat_q_reg[frees][23]_i_2/O
                         net (fo=8, routed)           1.124    36.261    i_ariane/i_cva6/issue_stage_i/i_scoreboard/rat_q_reg[frees][23]_i_2_n_0
    SLICE_X31Y72         LUT6 (Prop_lut6_I0_O)        0.124    36.385 r  i_ariane/i_cva6/issue_stage_i/i_scoreboard/rat_q_reg[frees][19]_i_1/O
                         net (fo=1, routed)           0.000    36.385    i_ariane/i_cva6/issue_stage_i/i_issue_register_allocation_table/rat_q_reg[free_regs][19]_1
    SLICE_X31Y72         FDCE                                         r  i_ariane/i_cva6/issue_stage_i/i_issue_register_allocation_table/rat_q_reg[free_regs][19]/D
  -------------------------------------------------------------------    -------------------

                         (clock clk_out1_xlnx_clk_gen rise edge)
                                                     25.000    25.000 r  
    K17                                               0.000    25.000 r  clk_sys (IN)
                         net (fo=0)                   0.000    25.000    i_xlnx_clk_gen/inst/clk_in1
    K17                  IBUF (Prop_ibuf_I_O)         1.404    26.404 r  i_xlnx_clk_gen/inst/clkin1_ibufg/O
                         net (fo=1, routed)           1.162    27.566    i_xlnx_clk_gen/inst/clk_in1_xlnx_clk_gen
    MMCME2_ADV_X1Y2      MMCME2_ADV (Prop_mmcme2_adv_CLKIN1_CLKOUT0)
                                                     -7.814    19.752 r  i_xlnx_clk_gen/inst/mmcm_adv_inst/CLKOUT0
                         net (fo=1, routed)           2.012    21.764    i_xlnx_clk_gen/inst/clk_out1_xlnx_clk_gen
    BUFGCTRL_X0Y16       BUFG (Prop_bufg_I_O)         0.091    21.855 r  i_xlnx_clk_gen/inst/clkout1_buf/O
                         net (fo=22838, routed)       1.511    23.366    i_ariane/i_cva6/issue_stage_i/i_issue_register_allocation_table/clk_out1
    SLICE_X31Y72         FDCE                                         r  i_ariane/i_cva6/issue_stage_i/i_issue_register_allocation_table/rat_q_reg[free_regs][19]/C
                         clock pessimism              0.467    23.832    
                         clock uncertainty           -0.082    23.750    
    SLICE_X31Y72         FDCE (Setup_fdce_C_D)        0.029    23.779    i_ariane/i_cva6/issue_stage_i/i_issue_register_allocation_table/rat_q_reg[free_regs][19]
  -------------------------------------------------------------------
                         required time                         23.779    
                         arrival time                         -36.385    
  -------------------------------------------------------------------
                         slack                                -12.606    

Slack (VIOLATED) :        -12.602ns  (required time - arrival time)
  Source:                 i_ariane/i_cva6/issue_stage_i/i_issue_read_operands/branch_valid_q_reg[0]/C
                            (rising edge-triggered cell FDCE clocked by clk_out1_xlnx_clk_gen  {rise@0.000ns fall@12.500ns period=25.000ns})
  Destination:            i_ariane/i_cva6/issue_stage_i/i_issue_register_allocation_table/rat_q_reg[free_regs][22]/D
                            (rising edge-triggered cell FDCE clocked by clk_out1_xlnx_clk_gen  {rise@0.000ns fall@12.500ns period=25.000ns})
  Path Group:             clk_out1_xlnx_clk_gen
  Path Type:              Setup (Max at Slow Process Corner)
  Requirement:            25.000ns  (clk_out1_xlnx_clk_gen rise@25.000ns - clk_out1_xlnx_clk_gen rise@0.000ns)
  Data Path Delay:        37.294ns  (logic 7.570ns (20.298%)  route 29.724ns (79.702%))
  Logic Levels:           50  (CARRY4=8 LUT2=1 LUT3=2 LUT4=5 LUT5=9 LUT6=25)
  Clock Path Skew:        -0.257ns (DCD - SCD + CPR)
    Destination Clock Delay (DCD):    -1.631ns = ( 23.369 - 25.000 ) 
    Source Clock Delay      (SCD):    -0.907ns
    Clock Pessimism Removal (CPR):    0.467ns
  Clock Uncertainty:      0.082ns  ((TSJ^2 + DJ^2)^1/2) / 2 + PE
    Total System Jitter     (TSJ):    0.071ns
    Discrete Jitter          (DJ):    0.149ns
    Phase Error              (PE):    0.000ns

    Location             Delay type                Incr(ns)  Path(ns)    Netlist Resource(s)
  -------------------------------------------------------------------    -------------------
                         (clock clk_out1_xlnx_clk_gen rise edge)
                                                      0.000     0.000 r  
    K17                                               0.000     0.000 r  clk_sys (IN)
                         net (fo=0)                   0.000     0.000    i_xlnx_clk_gen/inst/clk_in1
    K17                  IBUF (Prop_ibuf_I_O)         1.475     1.475 r  i_xlnx_clk_gen/inst/clkin1_ibufg/O
                         net (fo=1, routed)           1.285     2.760    i_xlnx_clk_gen/inst/clk_in1_xlnx_clk_gen
    MMCME2_ADV_X1Y2      MMCME2_ADV (Prop_mmcme2_adv_CLKIN1_CLKOUT0)
                                                     -7.759    -4.999 r  i_xlnx_clk_gen/inst/mmcm_adv_inst/CLKOUT0
                         net (fo=1, routed)           2.206    -2.793    i_xlnx_clk_gen/inst/clk_out1_xlnx_clk_gen
    BUFGCTRL_X0Y16       BUFG (Prop_bufg_I_O)         0.101    -2.692 r  i_xlnx_clk_gen/inst/clkout1_buf/O
                         net (fo=22838, routed)       1.785    -0.907    i_ariane/i_cva6/issue_stage_i/i_issue_read_operands/clk_out1
    SLICE_X96Y99         FDCE                                         r  i_ariane/i_cva6/issue_stage_i/i_issue_read_operands/branch_valid_q_reg[0]/C
  -------------------------------------------------------------------    -------------------
    SLICE_X96Y99         FDCE (Prop_fdce_C_Q)         0.518    -0.389 r  i_ariane/i_cva6/issue_stage_i/i_issue_read_operands/branch_valid_q_reg[0]/Q
                         net (fo=178, routed)         1.035     0.645    i_ariane/i_cva6/issue_stage_i/i_issue_read_operands/branch_valid_id_ex[0]
    SLICE_X95Y103        LUT5 (Prop_lut5_I0_O)        0.124     0.769 r  i_ariane/i_cva6/issue_stage_i/i_issue_read_operands/mem_q[7][sbe][bp][predict_address][31]_i_50/O
                         net (fo=130, routed)         1.087     1.856    i_ariane/i_cva6/issue_stage_i/i_issue_read_operands/mem_q[7][sbe][bp][predict_address][31]_i_50_n_0
    SLICE_X95Y102        LUT6 (Prop_lut6_I2_O)        0.124     1.980 f  i_ariane/i_cva6/issue_stage_i/i_issue_read_operands/regfile_ram_block[0].mem[0][35][0]_i_47/O
                         net (fo=1, routed)           0.591     2.571    i_ariane/i_cva6/issue_stage_i/i_issue_read_operands/regfile_ram_block[0].mem[0][35][0]_i_47_n_0
    SLICE_X94Y100        LUT6 (Prop_lut6_I5_O)        0.124     2.695 f  i_ariane/i_cva6/issue_stage_i/i_issue_read_operands/regfile_ram_block[0].mem[0][35][0]_i_36/O
                         net (fo=1, routed)           0.289     2.984    i_ariane/i_cva6/issue_stage_i/i_issue_read_operands/regfile_ram_block[0].mem[0][35][0]_i_36_n_0
    SLICE_X95Y101        LUT6 (Prop_lut6_I5_O)        0.124     3.108 r  i_ariane/i_cva6/issue_stage_i/i_issue_read_operands/regfile_ram_block[0].mem[0][35][0]_i_26/O
                         net (fo=65, routed)          0.359     3.466    i_ariane/i_cva6/issue_stage_i/i_issue_read_operands/ex_stage_i/alu_i/adder_op_b_negate
    SLICE_X95Y103        LUT6 (Prop_lut6_I4_O)        0.124     3.590 r  i_ariane/i_cva6/issue_stage_i/i_issue_read_operands/regfile_ram_block[0].mem[0][35][3]_i_29/O
                         net (fo=1, routed)           0.415     4.005    i_ariane/i_cva6/issue_stage_i/i_issue_read_operands/regfile_ram_block[0].mem[0][35][3]_i_29_n_0
    SLICE_X94Y104        CARRY4 (Prop_carry4_S[0]_CO[3])
                                                      0.637     4.642 r  i_ariane/i_cva6/issue_stage_i/i_issue_read_operands/regfile_ram_block[0].mem_reg[0][35][3]_i_25/CO[3]
                         net (fo=1, routed)           0.000     4.642    i_ariane/i_cva6/issue_stage_i/i_issue_read_operands/regfile_ram_block[0].mem_reg[0][35][3]_i_25_n_0
    SLICE_X94Y105        CARRY4 (Prop_carry4_CI_CO[3])
                                                      0.117     4.759 r  i_ariane/i_cva6/issue_stage_i/i_issue_read_operands/regfile_ram_block[0].mem_reg[0][35][7]_i_23/CO[3]
                         net (fo=1, routed)           0.000     4.759    i_ariane/i_cva6/issue_stage_i/i_issue_read_operands/regfile_ram_block[0].mem_reg[0][35][7]_i_23_n_0
    SLICE_X94Y106        CARRY4 (Prop_carry4_CI_CO[3])
                                                      0.117     4.876 r  i_ariane/i_cva6/issue_stage_i/i_issue_read_operands/regfile_ram_block[0].mem_reg[0][35][11]_i_23/CO[3]
                         net (fo=1, routed)           0.000     4.876    i_ariane/i_cva6/issue_stage_i/i_issue_read_operands/regfile_ram_block[0].mem_reg[0][35][11]_i_23_n_0
    SLICE_X94Y107        CARRY4 (Prop_carry4_CI_CO[3])
                                                      0.117     4.993 r  i_ariane/i_cva6/issue_stage_i/i_issue_read_operands/regfile_ram_block[0].mem_reg[0][35][15]_i_22/CO[3]
                         net (fo=1, routed)           0.000     4.993    i_ariane/i_cva6/issue_stage_i/i_issue_read_operands/regfile_ram_block[0].mem_reg[0][35][15]_i_22_n_0
    SLICE_X94Y108        CARRY4 (Prop_carry4_CI_CO[3])
                                                      0.117     5.110 r  i_ariane/i_cva6/issue_stage_i/i_issue_read_operands/regfile_ram_block[0].mem_reg[0][35][19]_i_25/CO[3]
                         net (fo=1, routed)           0.000     5.110    i_ariane/i_cva6/issue_stage_i/i_issue_read_operands/regfile_ram_block[0].mem_reg[0][35][19]_i_25_n_0
    SLICE_X94Y109        CARRY4 (Prop_carry4_CI_CO[3])
                                                      0.117     5.227 r  i_ariane/i_cva6/issue_stage_i/i_issue_read_operands/regfile_ram_block[0].mem_reg[0][35][23]_i_23/CO[3]
                         net (fo=1, routed)           0.000     5.227    i_ariane/i_cva6/issue_stage_i/i_issue_read_operands/regfile_ram_block[0].mem_reg[0][35][23]_i_23_n_0
    SLICE_X94Y110        CARRY4 (Prop_carry4_CI_CO[3])
                                                      0.117     5.344 r  i_ariane/i_cva6/issue_stage_i/i_issue_read_operands/regfile_ram_block[0].mem_reg[0][35][27]_i_21/CO[3]
                         net (fo=1, routed)           0.000     5.344    i_ariane/i_cva6/issue_stage_i/i_issue_read_operands/regfile_ram_block[0].mem_reg[0][35][27]_i_21_n_0
    SLICE_X94Y111        CARRY4 (Prop_carry4_CI_O[1])
                                                      0.323     5.667 f  i_ariane/i_cva6/issue_stage_i/i_issue_read_operands/regfile_ram_block[0].mem_reg[0][35][31]_i_95/O[1]
                         net (fo=2, routed)           1.328     6.996    i_ariane/i_cva6/issue_stage_i/i_issue_read_operands/ex_stage_i/alu_i/adder_result[29]
    SLICE_X92Y102        LUT5 (Prop_lut5_I3_O)        0.306     7.302 r  i_ariane/i_cva6/issue_stage_i/i_issue_read_operands/mem_q[7][sbe][bp][predict_address][31]_i_30/O
                         net (fo=1, routed)           0.645     7.947    i_ariane/i_cva6/issue_stage_i/i_issue_read_operands/mem_q[7][sbe][bp][predict_address][31]_i_30_n_0
    SLICE_X93Y101        LUT4 (Prop_lut4_I1_O)        0.124     8.071 r  i_ariane/i_cva6/issue_stage_i/i_issue_read_operands/mem_q[7][sbe][bp][predict_address][31]_i_15/O
                         net (fo=1, routed)           0.636     8.707    i_ariane/i_cva6/issue_stage_i/i_issue_read_operands/mem_q[7][sbe][bp][predict_address][31]_i_15_n_0
    SLICE_X93Y100        LUT6 (Prop_lut6_I3_O)        0.124     8.831 r  i_ariane/i_cva6/issue_stage_i/i_issue_read_operands/mem_q[7][sbe][bp][predict_address][31]_i_9/O
                         net (fo=34, routed)          0.454     9.285    i_ariane/i_cva6/issue_stage_i/i_issue_read_operands/ex_stage_i/alu_branch_res
    SLICE_X91Y99         LUT6 (Prop_lut6_I0_O)        0.124     9.409 r  i_ariane/i_cva6/issue_stage_i/i_issue_read_operands/issue_q[0][valid]_i_7/O
                         net (fo=36, routed)          0.755    10.165    i_ariane/i_cva6/issue_stage_i/i_issue_read_operands/resolved_branch[is_mispredict]
    SLICE_X89Y95         LUT3 (Prop_lut3_I0_O)        0.124    10.289 r  i_ariane/i_cva6/issue_stage_i/i_issue_read_operands/bmiss_trans_id_q[1]_i_2/O
                         net (fo=10, routed)          0.545    10.833    i_ariane/i_cva6/ex_stage_i/i_mult/i_multiplier/bmiss_trans_id_q_reg[2]_0
    SLICE_X87Y88         LUT5 (Prop_lut5_I4_O)        0.124    10.957 r  i_ariane/i_cva6/ex_stage_i/i_mult/i_multiplier/bmiss_trans_id_q[2]_i_2/O
                         net (fo=4, routed)           0.587    11.544    i_ariane/i_cva6/issue_stage_i/i_scoreboard/bmiss_trans_id_q_reg[2]_1
    SLICE_X88Y85         LUT6 (Prop_lut6_I4_O)        0.124    11.668 r  i_ariane/i_cva6/issue_stage_i/i_scoreboard/mcause_q[30]_i_2/O
                         net (fo=49, routed)          0.575    12.243    i_ariane/i_cva6/issue_stage_i/i_scoreboard/commit_instr_id_commit[0][valid]
    SLICE_X86Y79         LUT5 (Prop_lut5_I0_O)        0.124    12.367 r  i_ariane/i_cva6/issue_stage_i/i_scoreboard/regfile_ram_block[0].mem[0][35][31]_i_10/O
                         net (fo=85, routed)          0.541    12.908    i_ariane/i_cva6/issue_stage_i/i_scoreboard/regfile_ram_block[0].mem[0][35][31]_i_10_n_0
    SLICE_X85Y79         LUT3 (Prop_lut3_I0_O)        0.124    13.032 f  i_ariane/i_cva6/issue_stage_i/i_scoreboard/wfi_q_i_2/O
                         net (fo=4, routed)           0.979    14.011    i_ariane/i_cva6/issue_stage_i/i_scoreboard/wfi_q_reg_47
    SLICE_X83Y78         LUT6 (Prop_lut6_I0_O)        0.124    14.135 r  i_ariane/i_cva6/issue_stage_i/i_scoreboard/mcause_q[1]_i_4/O
                         net (fo=5, routed)           0.637    14.772    i_ariane/i_cva6/issue_stage_i/i_scoreboard/csr_exception_csr_commit[cause][1]
    SLICE_X80Y77         LUT5 (Prop_lut5_I1_O)        0.124    14.896 r  i_ariane/i_cva6/issue_stage_i/i_scoreboard/rat_q[rat][31][5]_i_6__0/O
                         net (fo=113, routed)         0.999    15.895    i_ariane/i_cva6/issue_stage_i/i_scoreboard/wfi_q_reg_48
    SLICE_X67Y77         LUT6 (Prop_lut6_I5_O)        0.124    16.019 f  i_ariane/i_cva6/issue_stage_i/i_scoreboard/mstatus_q[mpp][1]_i_7/O
                         net (fo=2, routed)           0.413    16.433    i_ariane/i_cva6/csr_regfile_i/mepc_q_reg[0]_0
    SLICE_X67Y75         LUT2 (Prop_lut2_I1_O)        0.124    16.557 r  i_ariane/i_cva6/csr_regfile_i/mstatus_q[mpp][1]_i_2/O
                         net (fo=106, routed)         0.305    16.862    i_ariane/i_cva6/ex_stage_i/csr_buffer_i/mtval_q_reg[31]
    SLICE_X67Y75         LUT6 (Prop_lut6_I5_O)        0.124    16.986 f  i_ariane/i_cva6/ex_stage_i/csr_buffer_i/rat_q[rat][31][5]_i_9__0/O
                         net (fo=16, routed)          0.369    17.355    i_ariane/i_cva6/issue_stage_i/i_scoreboard/flush_csr_ctrl
    SLICE_X67Y74         LUT5 (Prop_lut5_I4_O)        0.124    17.479 f  i_ariane/i_cva6/issue_stage_i/i_scoreboard/rat_q[rat][31][2]_i_2/O
                         net (fo=118, routed)         0.350    17.829    i_ariane/i_cva6/issue_stage_i/i_scoreboard/wfi_q_reg_5
    SLICE_X65Y73         LUT4 (Prop_lut4_I2_O)        0.124    17.953 r  i_ariane/i_cva6/issue_stage_i/i_scoreboard/speculative_write_pointer_q[0]_i_9/O
                         net (fo=2, routed)           0.448    18.401    i_ariane/i_cva6/issue_stage_i/i_scoreboard/speculative_write_pointer_q[0]_i_9_n_0
    SLICE_X65Y72         LUT6 (Prop_lut6_I0_O)        0.124    18.525 r  i_ariane/i_cva6/issue_stage_i/i_scoreboard/rs_q[free_entries][0]_i_10__1/O
                         net (fo=54, routed)          0.885    19.411    i_ariane/i_cva6/issue_stage_i/i_scoreboard/rollback_pointer_q_reg[1]_rep__0_1
    SLICE_X60Y72         LUT4 (Prop_lut4_I2_O)        0.124    19.535 f  i_ariane/i_cva6/issue_stage_i/i_scoreboard/rs_q[rs_table][0][use_imm]_i_7__0/O
                         net (fo=9, routed)           0.592    20.126    i_ariane/i_cva6/id_stage_i/rs_q[rs_table][0][use_imm]_i_9
    SLICE_X59Y74         LUT4 (Prop_lut4_I0_O)        0.124    20.250 f  i_ariane/i_cva6/id_stage_i/rs_q[free_entries][0]_i_15/O
                         net (fo=6, routed)           0.663    20.913    i_ariane/i_cva6/issue_stage_i/i_scoreboard/issue_q[0][valid]_i_3_0
    SLICE_X59Y74         LUT6 (Prop_lut6_I5_O)        0.124    21.037 f  i_ariane/i_cva6/issue_stage_i/i_scoreboard/issue_q[0][valid]_i_8/O
                         net (fo=1, routed)           0.563    21.600    i_ariane/i_cva6/issue_stage_i/gen_rs_blocks[2].rs_instance.i_reservation_station/rs_q_reg[rs_table][1][global_rs_id][2]_7
    SLICE_X57Y74         LUT6 (Prop_lut6_I3_O)        0.124    21.724 r  i_ariane/i_cva6/issue_stage_i/gen_rs_blocks[2].rs_instance.i_reservation_station/issue_q[0][valid]_i_3/O
                         net (fo=66, routed)          0.428    22.152    i_ariane/i_cva6/issue_stage_i/i_issue_register_allocation_table/rat_q_reg[frees][9]_i_5_0
    SLICE_X57Y73         LUT6 (Prop_lut6_I1_O)        0.124    22.276 f  i_ariane/i_cva6/issue_stage_i/i_issue_register_allocation_table/p_24_out_carry_i_11/O
                         net (fo=80, routed)          0.952    23.229    i_ariane/i_cva6/issue_stage_i/i_issue_register_allocation_table/issue_q_reg[0][sbe][rd][1]
    SLICE_X52Y76         LUT4 (Prop_lut4_I1_O)        0.124    23.353 f  i_ariane/i_cva6/issue_stage_i/i_issue_register_allocation_table/rat_q_reg[frees][23]_i_12/O
                         net (fo=16, routed)          0.650    24.003    i_ariane/i_cva6/issue_stage_i/i_issue_register_allocation_table/rat_q_reg[frees][23]_i_12_n_0
    SLICE_X47Y77         LUT5 (Prop_lut5_I1_O)        0.124    24.127 f  i_ariane/i_cva6/issue_stage_i/i_issue_register_allocation_table/rat_q_reg[frees][22]_i_6/O
                         net (fo=3, routed)           0.856    24.983    i_ariane/i_cva6/issue_stage_i/i_issue_register_allocation_table/g_alloc[1].i_lzc/free_regs_masked[1]_271[14]
    SLICE_X49Y76         LUT6 (Prop_lut6_I5_O)        0.124    25.107 f  i_ariane/i_cva6/issue_stage_i/i_issue_register_allocation_table/g_alloc[1].i_lzc/i_/mem_q[7][sbe][rd][5]_i_12/O
                         net (fo=10, routed)          0.810    25.918    i_ariane/i_cva6/issue_stage_i/i_issue_register_allocation_table/g_alloc[1].i_lzc/p_51_in
    SLICE_X52Y75         LUT6 (Prop_lut6_I4_O)        0.124    26.042 r  i_ariane/i_cva6/issue_stage_i/i_issue_register_allocation_table/g_alloc[1].i_lzc/i_/rat_q[rat][3][0]_i_10/O
                         net (fo=4, routed)           0.518    26.560    i_ariane/i_cva6/issue_stage_i/gen_rs_blocks[2].rs_instance.i_reservation_station/rs_q[rs_table][0][use_imm]_i_9_0
    SLICE_X53Y75         LUT6 (Prop_lut6_I4_O)        0.124    26.684 r  i_ariane/i_cva6/issue_stage_i/gen_rs_blocks[2].rs_instance.i_reservation_station/rs_q[rs_table][0][use_imm]_i_12/O
                         net (fo=1, routed)           0.579    27.263    i_ariane/i_cva6/issue_stage_i/gen_rs_blocks[0].rs_instance.i_reservation_station/rs_q[rs_table][0][use_imm]_i_3__0
    SLICE_X54Y75         LUT5 (Prop_lut5_I4_O)        0.124    27.387 r  i_ariane/i_cva6/issue_stage_i/gen_rs_blocks[0].rs_instance.i_reservation_station/rs_q[rs_table][0][use_imm]_i_9/O
                         net (fo=2, routed)           0.646    28.033    i_ariane/i_cva6/issue_stage_i/i_scoreboard/global_rs_id_q_reg[4]_2
    SLICE_X54Y74         LUT6 (Prop_lut6_I5_O)        0.124    28.157 f  i_ariane/i_cva6/issue_stage_i/i_scoreboard/rs_q[rs_table][0][use_imm]_i_3__0/O
                         net (fo=169, routed)         1.082    29.239    i_ariane/i_cva6/id_stage_i/issue_instr_issue_id[1]
    SLICE_X53Y70         LUT6 (Prop_lut6_I3_O)        0.124    29.363 r  i_ariane/i_cva6/id_stage_i/rat_q[rat][18][5]_i_10/O
                         net (fo=4, routed)           0.620    29.984    i_ariane/i_cva6/issue_stage_i/i_issue_register_allocation_table/rat_q_reg[frees][35]_i_496
    SLICE_X53Y65         LUT6 (Prop_lut6_I4_O)        0.124    30.108 r  i_ariane/i_cva6/issue_stage_i/i_issue_register_allocation_table/rat_q[rat][18][5]_i_7/O
                         net (fo=2, routed)           0.810    30.918    i_ariane/i_cva6/issue_stage_i/i_scoreboard/rat_q_reg[frees][35]_i_195_1
    SLICE_X53Y61         LUT6 (Prop_lut6_I5_O)        0.124    31.042 r  i_ariane/i_cva6/issue_stage_i/i_scoreboard/rat_q[rat][18][5]_i_6/O
                         net (fo=3, routed)           0.642    31.684    i_ariane/i_cva6/issue_stage_i/i_scoreboard/rat_q[rat][18][5]_i_6_n_0
    SLICE_X46Y58         LUT5 (Prop_lut5_I2_O)        0.124    31.808 f  i_ariane/i_cva6/issue_stage_i/i_scoreboard/rat_q_reg[frees][35]_i_145/O
                         net (fo=1, routed)           0.800    32.608    i_ariane/i_cva6/issue_stage_i/i_scoreboard/rat_q_reg[frees][35]_i_145_n_0
    SLICE_X44Y58         LUT6 (Prop_lut6_I2_O)        0.124    32.732 f  i_ariane/i_cva6/issue_stage_i/i_scoreboard/rat_q_reg[frees][35]_i_48/O
                         net (fo=1, routed)           1.180    33.911    i_ariane/i_cva6/issue_stage_i/i_scoreboard/rat_q_reg[frees][35]_i_48_n_0
    SLICE_X37Y68         LUT6 (Prop_lut6_I2_O)        0.124    34.035 f  i_ariane/i_cva6/issue_stage_i/i_scoreboard/rat_q_reg[frees][35]_i_12/O
                         net (fo=5, routed)           0.978    35.014    i_ariane/i_cva6/issue_stage_i/i_scoreboard/rat_q_reg[frees][35]_i_12_n_0
    SLICE_X33Y70         LUT6 (Prop_lut6_I5_O)        0.124    35.138 f  i_ariane/i_cva6/issue_stage_i/i_scoreboard/rat_q_reg[frees][23]_i_2/O
                         net (fo=8, routed)           1.125    36.263    i_ariane/i_cva6/issue_stage_i/i_scoreboard/rat_q_reg[frees][23]_i_2_n_0
    SLICE_X29Y70         LUT6 (Prop_lut6_I0_O)        0.124    36.387 r  i_ariane/i_cva6/issue_stage_i/i_scoreboard/rat_q_reg[frees][22]_i_1/O
                         net (fo=1, routed)           0.000    36.387    i_ariane/i_cva6/issue_stage_i/i_issue_register_allocation_table/rat_q_reg[free_regs][22]_1
    SLICE_X29Y70         FDCE                                         r  i_ariane/i_cva6/issue_stage_i/i_issue_register_allocation_table/rat_q_reg[free_regs][22]/D
  -------------------------------------------------------------------    -------------------

                         (clock clk_out1_xlnx_clk_gen rise edge)
                                                     25.000    25.000 r  
    K17                                               0.000    25.000 r  clk_sys (IN)
                         net (fo=0)                   0.000    25.000    i_xlnx_clk_gen/inst/clk_in1
    K17                  IBUF (Prop_ibuf_I_O)         1.404    26.404 r  i_xlnx_clk_gen/inst/clkin1_ibufg/O
                         net (fo=1, routed)           1.162    27.566    i_xlnx_clk_gen/inst/clk_in1_xlnx_clk_gen
    MMCME2_ADV_X1Y2      MMCME2_ADV (Prop_mmcme2_adv_CLKIN1_CLKOUT0)
                                                     -7.814    19.752 r  i_xlnx_clk_gen/inst/mmcm_adv_inst/CLKOUT0
                         net (fo=1, routed)           2.012    21.764    i_xlnx_clk_gen/inst/clk_out1_xlnx_clk_gen
    BUFGCTRL_X0Y16       BUFG (Prop_bufg_I_O)         0.091    21.855 r  i_xlnx_clk_gen/inst/clkout1_buf/O
                         net (fo=22838, routed)       1.514    23.369    i_ariane/i_cva6/issue_stage_i/i_issue_register_allocation_table/clk_out1
    SLICE_X29Y70         FDCE                                         r  i_ariane/i_cva6/issue_stage_i/i_issue_register_allocation_table/rat_q_reg[free_regs][22]/C
                         clock pessimism              0.467    23.835    
                         clock uncertainty           -0.082    23.753    
    SLICE_X29Y70         FDCE (Setup_fdce_C_D)        0.031    23.784    i_ariane/i_cva6/issue_stage_i/i_issue_register_allocation_table/rat_q_reg[free_regs][22]
  -------------------------------------------------------------------
                         required time                         23.784    
                         arrival time                         -36.387    
  -------------------------------------------------------------------
                         slack                                -12.602    

Slack (VIOLATED) :        -12.598ns  (required time - arrival time)
  Source:                 i_ariane/i_cva6/issue_stage_i/i_issue_read_operands/branch_valid_q_reg[0]/C
                            (rising edge-triggered cell FDCE clocked by clk_out1_xlnx_clk_gen  {rise@0.000ns fall@12.500ns period=25.000ns})
  Destination:            i_ariane/i_cva6/issue_stage_i/i_issue_register_allocation_table/rat_q_reg[free_regs][2]/D
                            (rising edge-triggered cell FDCE clocked by clk_out1_xlnx_clk_gen  {rise@0.000ns fall@12.500ns period=25.000ns})
  Path Group:             clk_out1_xlnx_clk_gen
  Path Type:              Setup (Max at Slow Process Corner)
  Requirement:            25.000ns  (clk_out1_xlnx_clk_gen rise@25.000ns - clk_out1_xlnx_clk_gen rise@0.000ns)
  Data Path Delay:        37.291ns  (logic 7.694ns (20.632%)  route 29.597ns (79.368%))
  Logic Levels:           51  (CARRY4=8 LUT2=1 LUT3=2 LUT4=5 LUT5=10 LUT6=25)
  Clock Path Skew:        -0.253ns (DCD - SCD + CPR)
    Destination Clock Delay (DCD):    -1.627ns = ( 23.373 - 25.000 ) 
    Source Clock Delay      (SCD):    -0.907ns
    Clock Pessimism Removal (CPR):    0.467ns
  Clock Uncertainty:      0.082ns  ((TSJ^2 + DJ^2)^1/2) / 2 + PE
    Total System Jitter     (TSJ):    0.071ns
    Discrete Jitter          (DJ):    0.149ns
    Phase Error              (PE):    0.000ns

    Location             Delay type                Incr(ns)  Path(ns)    Netlist Resource(s)
  -------------------------------------------------------------------    -------------------
                         (clock clk_out1_xlnx_clk_gen rise edge)
                                                      0.000     0.000 r  
    K17                                               0.000     0.000 r  clk_sys (IN)
                         net (fo=0)                   0.000     0.000    i_xlnx_clk_gen/inst/clk_in1
    K17                  IBUF (Prop_ibuf_I_O)         1.475     1.475 r  i_xlnx_clk_gen/inst/clkin1_ibufg/O
                         net (fo=1, routed)           1.285     2.760    i_xlnx_clk_gen/inst/clk_in1_xlnx_clk_gen
    MMCME2_ADV_X1Y2      MMCME2_ADV (Prop_mmcme2_adv_CLKIN1_CLKOUT0)
                                                     -7.759    -4.999 r  i_xlnx_clk_gen/inst/mmcm_adv_inst/CLKOUT0
                         net (fo=1, routed)           2.206    -2.793    i_xlnx_clk_gen/inst/clk_out1_xlnx_clk_gen
    BUFGCTRL_X0Y16       BUFG (Prop_bufg_I_O)         0.101    -2.692 r  i_xlnx_clk_gen/inst/clkout1_buf/O
                         net (fo=22838, routed)       1.785    -0.907    i_ariane/i_cva6/issue_stage_i/i_issue_read_operands/clk_out1
    SLICE_X96Y99         FDCE                                         r  i_ariane/i_cva6/issue_stage_i/i_issue_read_operands/branch_valid_q_reg[0]/C
  -------------------------------------------------------------------    -------------------
    SLICE_X96Y99         FDCE (Prop_fdce_C_Q)         0.518    -0.389 r  i_ariane/i_cva6/issue_stage_i/i_issue_read_operands/branch_valid_q_reg[0]/Q
                         net (fo=178, routed)         1.035     0.645    i_ariane/i_cva6/issue_stage_i/i_issue_read_operands/branch_valid_id_ex[0]
    SLICE_X95Y103        LUT5 (Prop_lut5_I0_O)        0.124     0.769 r  i_ariane/i_cva6/issue_stage_i/i_issue_read_operands/mem_q[7][sbe][bp][predict_address][31]_i_50/O
                         net (fo=130, routed)         1.087     1.856    i_ariane/i_cva6/issue_stage_i/i_issue_read_operands/mem_q[7][sbe][bp][predict_address][31]_i_50_n_0
    SLICE_X95Y102        LUT6 (Prop_lut6_I2_O)        0.124     1.980 f  i_ariane/i_cva6/issue_stage_i/i_issue_read_operands/regfile_ram_block[0].mem[0][35][0]_i_47/O
                         net (fo=1, routed)           0.591     2.571    i_ariane/i_cva6/issue_stage_i/i_issue_read_operands/regfile_ram_block[0].mem[0][35][0]_i_47_n_0
    SLICE_X94Y100        LUT6 (Prop_lut6_I5_O)        0.124     2.695 f  i_ariane/i_cva6/issue_stage_i/i_issue_read_operands/regfile_ram_block[0].mem[0][35][0]_i_36/O
                         net (fo=1, routed)           0.289     2.984    i_ariane/i_cva6/issue_stage_i/i_issue_read_operands/regfile_ram_block[0].mem[0][35][0]_i_36_n_0
    SLICE_X95Y101        LUT6 (Prop_lut6_I5_O)        0.124     3.108 r  i_ariane/i_cva6/issue_stage_i/i_issue_read_operands/regfile_ram_block[0].mem[0][35][0]_i_26/O
                         net (fo=65, routed)          0.359     3.466    i_ariane/i_cva6/issue_stage_i/i_issue_read_operands/ex_stage_i/alu_i/adder_op_b_negate
    SLICE_X95Y103        LUT6 (Prop_lut6_I4_O)        0.124     3.590 r  i_ariane/i_cva6/issue_stage_i/i_issue_read_operands/regfile_ram_block[0].mem[0][35][3]_i_29/O
                         net (fo=1, routed)           0.415     4.005    i_ariane/i_cva6/issue_stage_i/i_issue_read_operands/regfile_ram_block[0].mem[0][35][3]_i_29_n_0
    SLICE_X94Y104        CARRY4 (Prop_carry4_S[0]_CO[3])
                                                      0.637     4.642 r  i_ariane/i_cva6/issue_stage_i/i_issue_read_operands/regfile_ram_block[0].mem_reg[0][35][3]_i_25/CO[3]
                         net (fo=1, routed)           0.000     4.642    i_ariane/i_cva6/issue_stage_i/i_issue_read_operands/regfile_ram_block[0].mem_reg[0][35][3]_i_25_n_0
    SLICE_X94Y105        CARRY4 (Prop_carry4_CI_CO[3])
                                                      0.117     4.759 r  i_ariane/i_cva6/issue_stage_i/i_issue_read_operands/regfile_ram_block[0].mem_reg[0][35][7]_i_23/CO[3]
                         net (fo=1, routed)           0.000     4.759    i_ariane/i_cva6/issue_stage_i/i_issue_read_operands/regfile_ram_block[0].mem_reg[0][35][7]_i_23_n_0
    SLICE_X94Y106        CARRY4 (Prop_carry4_CI_CO[3])
                                                      0.117     4.876 r  i_ariane/i_cva6/issue_stage_i/i_issue_read_operands/regfile_ram_block[0].mem_reg[0][35][11]_i_23/CO[3]
                         net (fo=1, routed)           0.000     4.876    i_ariane/i_cva6/issue_stage_i/i_issue_read_operands/regfile_ram_block[0].mem_reg[0][35][11]_i_23_n_0
    SLICE_X94Y107        CARRY4 (Prop_carry4_CI_CO[3])
                                                      0.117     4.993 r  i_ariane/i_cva6/issue_stage_i/i_issue_read_operands/regfile_ram_block[0].mem_reg[0][35][15]_i_22/CO[3]
                         net (fo=1, routed)           0.000     4.993    i_ariane/i_cva6/issue_stage_i/i_issue_read_operands/regfile_ram_block[0].mem_reg[0][35][15]_i_22_n_0
    SLICE_X94Y108        CARRY4 (Prop_carry4_CI_CO[3])
                                                      0.117     5.110 r  i_ariane/i_cva6/issue_stage_i/i_issue_read_operands/regfile_ram_block[0].mem_reg[0][35][19]_i_25/CO[3]
                         net (fo=1, routed)           0.000     5.110    i_ariane/i_cva6/issue_stage_i/i_issue_read_operands/regfile_ram_block[0].mem_reg[0][35][19]_i_25_n_0
    SLICE_X94Y109        CARRY4 (Prop_carry4_CI_CO[3])
                                                      0.117     5.227 r  i_ariane/i_cva6/issue_stage_i/i_issue_read_operands/regfile_ram_block[0].mem_reg[0][35][23]_i_23/CO[3]
                         net (fo=1, routed)           0.000     5.227    i_ariane/i_cva6/issue_stage_i/i_issue_read_operands/regfile_ram_block[0].mem_reg[0][35][23]_i_23_n_0
    SLICE_X94Y110        CARRY4 (Prop_carry4_CI_CO[3])
                                                      0.117     5.344 r  i_ariane/i_cva6/issue_stage_i/i_issue_read_operands/regfile_ram_block[0].mem_reg[0][35][27]_i_21/CO[3]
                         net (fo=1, routed)           0.000     5.344    i_ariane/i_cva6/issue_stage_i/i_issue_read_operands/regfile_ram_block[0].mem_reg[0][35][27]_i_21_n_0
    SLICE_X94Y111        CARRY4 (Prop_carry4_CI_O[1])
                                                      0.323     5.667 f  i_ariane/i_cva6/issue_stage_i/i_issue_read_operands/regfile_ram_block[0].mem_reg[0][35][31]_i_95/O[1]
                         net (fo=2, routed)           1.328     6.996    i_ariane/i_cva6/issue_stage_i/i_issue_read_operands/ex_stage_i/alu_i/adder_result[29]
    SLICE_X92Y102        LUT5 (Prop_lut5_I3_O)        0.306     7.302 r  i_ariane/i_cva6/issue_stage_i/i_issue_read_operands/mem_q[7][sbe][bp][predict_address][31]_i_30/O
                         net (fo=1, routed)           0.645     7.947    i_ariane/i_cva6/issue_stage_i/i_issue_read_operands/mem_q[7][sbe][bp][predict_address][31]_i_30_n_0
    SLICE_X93Y101        LUT4 (Prop_lut4_I1_O)        0.124     8.071 r  i_ariane/i_cva6/issue_stage_i/i_issue_read_operands/mem_q[7][sbe][bp][predict_address][31]_i_15/O
                         net (fo=1, routed)           0.636     8.707    i_ariane/i_cva6/issue_stage_i/i_issue_read_operands/mem_q[7][sbe][bp][predict_address][31]_i_15_n_0
    SLICE_X93Y100        LUT6 (Prop_lut6_I3_O)        0.124     8.831 r  i_ariane/i_cva6/issue_stage_i/i_issue_read_operands/mem_q[7][sbe][bp][predict_address][31]_i_9/O
                         net (fo=34, routed)          0.454     9.285    i_ariane/i_cva6/issue_stage_i/i_issue_read_operands/ex_stage_i/alu_branch_res
    SLICE_X91Y99         LUT6 (Prop_lut6_I0_O)        0.124     9.409 r  i_ariane/i_cva6/issue_stage_i/i_issue_read_operands/issue_q[0][valid]_i_7/O
                         net (fo=36, routed)          0.755    10.165    i_ariane/i_cva6/issue_stage_i/i_issue_read_operands/resolved_branch[is_mispredict]
    SLICE_X89Y95         LUT3 (Prop_lut3_I0_O)        0.124    10.289 r  i_ariane/i_cva6/issue_stage_i/i_issue_read_operands/bmiss_trans_id_q[1]_i_2/O
                         net (fo=10, routed)          0.545    10.833    i_ariane/i_cva6/ex_stage_i/i_mult/i_multiplier/bmiss_trans_id_q_reg[2]_0
    SLICE_X87Y88         LUT5 (Prop_lut5_I4_O)        0.124    10.957 r  i_ariane/i_cva6/ex_stage_i/i_mult/i_multiplier/bmiss_trans_id_q[2]_i_2/O
                         net (fo=4, routed)           0.587    11.544    i_ariane/i_cva6/issue_stage_i/i_scoreboard/bmiss_trans_id_q_reg[2]_1
    SLICE_X88Y85         LUT6 (Prop_lut6_I4_O)        0.124    11.668 r  i_ariane/i_cva6/issue_stage_i/i_scoreboard/mcause_q[30]_i_2/O
                         net (fo=49, routed)          0.575    12.243    i_ariane/i_cva6/issue_stage_i/i_scoreboard/commit_instr_id_commit[0][valid]
    SLICE_X86Y79         LUT5 (Prop_lut5_I0_O)        0.124    12.367 r  i_ariane/i_cva6/issue_stage_i/i_scoreboard/regfile_ram_block[0].mem[0][35][31]_i_10/O
                         net (fo=85, routed)          0.541    12.908    i_ariane/i_cva6/issue_stage_i/i_scoreboard/regfile_ram_block[0].mem[0][35][31]_i_10_n_0
    SLICE_X85Y79         LUT3 (Prop_lut3_I0_O)        0.124    13.032 f  i_ariane/i_cva6/issue_stage_i/i_scoreboard/wfi_q_i_2/O
                         net (fo=4, routed)           0.979    14.011    i_ariane/i_cva6/issue_stage_i/i_scoreboard/wfi_q_reg_47
    SLICE_X83Y78         LUT6 (Prop_lut6_I0_O)        0.124    14.135 r  i_ariane/i_cva6/issue_stage_i/i_scoreboard/mcause_q[1]_i_4/O
                         net (fo=5, routed)           0.637    14.772    i_ariane/i_cva6/issue_stage_i/i_scoreboard/csr_exception_csr_commit[cause][1]
    SLICE_X80Y77         LUT5 (Prop_lut5_I1_O)        0.124    14.896 r  i_ariane/i_cva6/issue_stage_i/i_scoreboard/rat_q[rat][31][5]_i_6__0/O
                         net (fo=113, routed)         0.999    15.895    i_ariane/i_cva6/issue_stage_i/i_scoreboard/wfi_q_reg_48
    SLICE_X67Y77         LUT6 (Prop_lut6_I5_O)        0.124    16.019 f  i_ariane/i_cva6/issue_stage_i/i_scoreboard/mstatus_q[mpp][1]_i_7/O
                         net (fo=2, routed)           0.413    16.433    i_ariane/i_cva6/csr_regfile_i/mepc_q_reg[0]_0
    SLICE_X67Y75         LUT2 (Prop_lut2_I1_O)        0.124    16.557 r  i_ariane/i_cva6/csr_regfile_i/mstatus_q[mpp][1]_i_2/O
                         net (fo=106, routed)         0.305    16.862    i_ariane/i_cva6/ex_stage_i/csr_buffer_i/mtval_q_reg[31]
    SLICE_X67Y75         LUT6 (Prop_lut6_I5_O)        0.124    16.986 f  i_ariane/i_cva6/ex_stage_i/csr_buffer_i/rat_q[rat][31][5]_i_9__0/O
                         net (fo=16, routed)          0.369    17.355    i_ariane/i_cva6/issue_stage_i/i_scoreboard/flush_csr_ctrl
    SLICE_X67Y74         LUT5 (Prop_lut5_I4_O)        0.124    17.479 f  i_ariane/i_cva6/issue_stage_i/i_scoreboard/rat_q[rat][31][2]_i_2/O
                         net (fo=118, routed)         0.350    17.829    i_ariane/i_cva6/issue_stage_i/i_scoreboard/wfi_q_reg_5
    SLICE_X65Y73         LUT4 (Prop_lut4_I2_O)        0.124    17.953 r  i_ariane/i_cva6/issue_stage_i/i_scoreboard/speculative_write_pointer_q[0]_i_9/O
                         net (fo=2, routed)           0.448    18.401    i_ariane/i_cva6/issue_stage_i/i_scoreboard/speculative_write_pointer_q[0]_i_9_n_0
    SLICE_X65Y72         LUT6 (Prop_lut6_I0_O)        0.124    18.525 r  i_ariane/i_cva6/issue_stage_i/i_scoreboard/rs_q[free_entries][0]_i_10__1/O
                         net (fo=54, routed)          0.885    19.411    i_ariane/i_cva6/issue_stage_i/i_scoreboard/rollback_pointer_q_reg[1]_rep__0_1
    SLICE_X60Y72         LUT4 (Prop_lut4_I2_O)        0.124    19.535 f  i_ariane/i_cva6/issue_stage_i/i_scoreboard/rs_q[rs_table][0][use_imm]_i_7__0/O
                         net (fo=9, routed)           0.592    20.126    i_ariane/i_cva6/id_stage_i/rs_q[rs_table][0][use_imm]_i_9
    SLICE_X59Y74         LUT4 (Prop_lut4_I0_O)        0.124    20.250 f  i_ariane/i_cva6/id_stage_i/rs_q[free_entries][0]_i_15/O
                         net (fo=6, routed)           0.663    20.913    i_ariane/i_cva6/issue_stage_i/i_scoreboard/issue_q[0][valid]_i_3_0
    SLICE_X59Y74         LUT6 (Prop_lut6_I5_O)        0.124    21.037 f  i_ariane/i_cva6/issue_stage_i/i_scoreboard/issue_q[0][valid]_i_8/O
                         net (fo=1, routed)           0.563    21.600    i_ariane/i_cva6/issue_stage_i/gen_rs_blocks[2].rs_instance.i_reservation_station/rs_q_reg[rs_table][1][global_rs_id][2]_7
    SLICE_X57Y74         LUT6 (Prop_lut6_I3_O)        0.124    21.724 r  i_ariane/i_cva6/issue_stage_i/gen_rs_blocks[2].rs_instance.i_reservation_station/issue_q[0][valid]_i_3/O
                         net (fo=66, routed)          0.428    22.152    i_ariane/i_cva6/issue_stage_i/i_issue_register_allocation_table/rat_q_reg[frees][9]_i_5_0
    SLICE_X57Y73         LUT6 (Prop_lut6_I1_O)        0.124    22.276 f  i_ariane/i_cva6/issue_stage_i/i_issue_register_allocation_table/p_24_out_carry_i_11/O
                         net (fo=80, routed)          0.952    23.229    i_ariane/i_cva6/issue_stage_i/i_issue_register_allocation_table/issue_q_reg[0][sbe][rd][1]
    SLICE_X52Y76         LUT4 (Prop_lut4_I1_O)        0.124    23.353 f  i_ariane/i_cva6/issue_stage_i/i_issue_register_allocation_table/rat_q_reg[frees][23]_i_12/O
                         net (fo=16, routed)          0.650    24.003    i_ariane/i_cva6/issue_stage_i/i_issue_register_allocation_table/rat_q_reg[frees][23]_i_12_n_0
    SLICE_X47Y77         LUT5 (Prop_lut5_I1_O)        0.124    24.127 f  i_ariane/i_cva6/issue_stage_i/i_issue_register_allocation_table/rat_q_reg[frees][22]_i_6/O
                         net (fo=3, routed)           0.856    24.983    i_ariane/i_cva6/issue_stage_i/i_issue_register_allocation_table/g_alloc[1].i_lzc/free_regs_masked[1]_271[14]
    SLICE_X49Y76         LUT6 (Prop_lut6_I5_O)        0.124    25.107 f  i_ariane/i_cva6/issue_stage_i/i_issue_register_allocation_table/g_alloc[1].i_lzc/i_/mem_q[7][sbe][rd][5]_i_12/O
                         net (fo=10, routed)          0.810    25.918    i_ariane/i_cva6/issue_stage_i/i_issue_register_allocation_table/g_alloc[1].i_lzc/p_51_in
    SLICE_X52Y75         LUT6 (Prop_lut6_I4_O)        0.124    26.042 r  i_ariane/i_cva6/issue_stage_i/i_issue_register_allocation_table/g_alloc[1].i_lzc/i_/rat_q[rat][3][0]_i_10/O
                         net (fo=4, routed)           0.518    26.560    i_ariane/i_cva6/issue_stage_i/gen_rs_blocks[2].rs_instance.i_reservation_station/rs_q[rs_table][0][use_imm]_i_9_0
    SLICE_X53Y75         LUT6 (Prop_lut6_I4_O)        0.124    26.684 r  i_ariane/i_cva6/issue_stage_i/gen_rs_blocks[2].rs_instance.i_reservation_station/rs_q[rs_table][0][use_imm]_i_12/O
                         net (fo=1, routed)           0.579    27.263    i_ariane/i_cva6/issue_stage_i/gen_rs_blocks[0].rs_instance.i_reservation_station/rs_q[rs_table][0][use_imm]_i_3__0
    SLICE_X54Y75         LUT5 (Prop_lut5_I4_O)        0.124    27.387 r  i_ariane/i_cva6/issue_stage_i/gen_rs_blocks[0].rs_instance.i_reservation_station/rs_q[rs_table][0][use_imm]_i_9/O
                         net (fo=2, routed)           0.646    28.033    i_ariane/i_cva6/issue_stage_i/i_scoreboard/global_rs_id_q_reg[4]_2
    SLICE_X54Y74         LUT6 (Prop_lut6_I5_O)        0.124    28.157 f  i_ariane/i_cva6/issue_stage_i/i_scoreboard/rs_q[rs_table][0][use_imm]_i_3__0/O
                         net (fo=169, routed)         0.764    28.921    i_ariane/i_cva6/issue_stage_i/i_issue_register_allocation_table/is_result_available_gpr_q_reg[31]
    SLICE_X49Y73         LUT6 (Prop_lut6_I5_O)        0.124    29.045 r  i_ariane/i_cva6/issue_stage_i/i_issue_register_allocation_table/rat_q[rat][11][2]_i_8/O
                         net (fo=68, routed)          0.735    29.780    i_ariane/i_cva6/id_stage_i/rat_q_reg[frees][35]_i_637
    SLICE_X46Y74         LUT6 (Prop_lut6_I3_O)        0.124    29.904 f  i_ariane/i_cva6/id_stage_i/rat_q[rat][13][4]_i_6/O
                         net (fo=5, routed)           0.657    30.561    i_ariane/i_cva6/issue_stage_i/i_issue_register_allocation_table/rat_q[rat][13][4]_i_4
    SLICE_X41Y76         LUT6 (Prop_lut6_I0_O)        0.124    30.685 r  i_ariane/i_cva6/issue_stage_i/i_issue_register_allocation_table/rat_q[rat][13][2]_i_4/O
                         net (fo=3, routed)           0.710    31.394    i_ariane/i_cva6/issue_stage_i/i_scoreboard/rat_q_reg[frees][35]_i_187_2
    SLICE_X33Y75         LUT5 (Prop_lut5_I3_O)        0.124    31.518 f  i_ariane/i_cva6/issue_stage_i/i_scoreboard/rat_q[rat][13][2]_i_3/O
                         net (fo=3, routed)           0.754    32.272    i_ariane/i_cva6/issue_stage_i/i_scoreboard/rat_q[rat][13][2]_i_3_n_0
    SLICE_X30Y74         LUT6 (Prop_lut6_I1_O)        0.124    32.396 f  i_ariane/i_cva6/issue_stage_i/i_scoreboard/rat_q_reg[frees][35]_i_297/O
                         net (fo=1, routed)           0.851    33.247    i_ariane/i_cva6/issue_stage_i/i_scoreboard/rat_q_reg[frees][35]_i_297_n_0
    SLICE_X30Y73         LUT6 (Prop_lut6_I2_O)        0.124    33.371 r  i_ariane/i_cva6/issue_stage_i/i_scoreboard/rat_q_reg[frees][35]_i_112/O
                         net (fo=2, routed)           1.093    34.464    i_ariane/i_cva6/issue_stage_i/i_scoreboard/rat_q_reg[frees][35]_i_112_n_0
    SLICE_X33Y65         LUT5 (Prop_lut5_I2_O)        0.124    34.588 r  i_ariane/i_cva6/issue_stage_i/i_scoreboard/rat_q_reg[frees][34]_i_10/O
                         net (fo=4, routed)           0.705    35.293    i_ariane/i_cva6/issue_stage_i/i_scoreboard/rat_q_reg[frees][34]_i_10_n_0
    SLICE_X32Y65         LUT6 (Prop_lut6_I0_O)        0.124    35.417 r  i_ariane/i_cva6/issue_stage_i/i_scoreboard/rat_q_reg[frees][34]_i_4/O
                         net (fo=5, routed)           0.843    36.260    i_ariane/i_cva6/issue_stage_i/i_scoreboard/rat_q_reg[frees][34]_i_4_n_0
    SLICE_X31Y66         LUT6 (Prop_lut6_I3_O)        0.124    36.384 r  i_ariane/i_cva6/issue_stage_i/i_scoreboard/rat_q_reg[frees][2]_i_1/O
                         net (fo=1, routed)           0.000    36.384    i_ariane/i_cva6/issue_stage_i/i_issue_register_allocation_table/rat_q_reg[free_regs][2]_1
    SLICE_X31Y66         FDCE                                         r  i_ariane/i_cva6/issue_stage_i/i_issue_register_allocation_table/rat_q_reg[free_regs][2]/D
  -------------------------------------------------------------------    -------------------

                         (clock clk_out1_xlnx_clk_gen rise edge)
                                                     25.000    25.000 r  
    K17                                               0.000    25.000 r  clk_sys (IN)
                         net (fo=0)                   0.000    25.000    i_xlnx_clk_gen/inst/clk_in1
    K17                  IBUF (Prop_ibuf_I_O)         1.404    26.404 r  i_xlnx_clk_gen/inst/clkin1_ibufg/O
                         net (fo=1, routed)           1.162    27.566    i_xlnx_clk_gen/inst/clk_in1_xlnx_clk_gen
    MMCME2_ADV_X1Y2      MMCME2_ADV (Prop_mmcme2_adv_CLKIN1_CLKOUT0)
                                                     -7.814    19.752 r  i_xlnx_clk_gen/inst/mmcm_adv_inst/CLKOUT0
                         net (fo=1, routed)           2.012    21.764    i_xlnx_clk_gen/inst/clk_out1_xlnx_clk_gen
    BUFGCTRL_X0Y16       BUFG (Prop_bufg_I_O)         0.091    21.855 r  i_xlnx_clk_gen/inst/clkout1_buf/O
                         net (fo=22838, routed)       1.518    23.373    i_ariane/i_cva6/issue_stage_i/i_issue_register_allocation_table/clk_out1
    SLICE_X31Y66         FDCE                                         r  i_ariane/i_cva6/issue_stage_i/i_issue_register_allocation_table/rat_q_reg[free_regs][2]/C
                         clock pessimism              0.467    23.839    
                         clock uncertainty           -0.082    23.757    
    SLICE_X31Y66         FDCE (Setup_fdce_C_D)        0.029    23.786    i_ariane/i_cva6/issue_stage_i/i_issue_register_allocation_table/rat_q_reg[free_regs][2]
  -------------------------------------------------------------------
                         required time                         23.786    
                         arrival time                         -36.384    
  -------------------------------------------------------------------
                         slack                                -12.598    





Min Delay Paths
--------------------------------------------------------------------------------------
Slack (MET) :             0.023ns  (arrival time - required time)
  Source:                 i_xlnx_blk_mem_gen/U0/inst_blk_mem_gen/gnbram.gaxibmg.axi_wr_fsm/gaxi_bid_gen.bvalid_wr_cnt_r_reg[0]/C
                            (rising edge-triggered cell FDRE clocked by clk_out1_xlnx_clk_gen  {rise@0.000ns fall@12.500ns period=25.000ns})
  Destination:            i_xlnx_blk_mem_gen/U0/inst_blk_mem_gen/gnbram.gaxibmg.axi_wr_fsm/gaxi_bid_gen.axi_bid_array_reg_0_3_0_4/RAMA/WADR0
                            (rising edge-triggered cell RAMD32 clocked by clk_out1_xlnx_clk_gen  {rise@0.000ns fall@12.500ns period=25.000ns})
  Path Group:             clk_out1_xlnx_clk_gen
  Path Type:              Hold (Min at Fast Process Corner)
  Requirement:            0.000ns  (clk_out1_xlnx_clk_gen rise@0.000ns - clk_out1_xlnx_clk_gen rise@0.000ns)
  Data Path Delay:        0.346ns  (logic 0.141ns (40.727%)  route 0.205ns (59.273%))
  Logic Levels:           0  
  Clock Path Skew:        0.013ns (DCD - SCD - CPR)
    Destination Clock Delay (DCD):    -0.852ns
    Source Clock Delay      (SCD):    -0.613ns
    Clock Pessimism Removal (CPR):    -0.253ns

    Location             Delay type                Incr(ns)  Path(ns)    Netlist Resource(s)
  -------------------------------------------------------------------    -------------------
                         (clock clk_out1_xlnx_clk_gen rise edge)
                                                      0.000     0.000 r  
    K17                                               0.000     0.000 r  clk_sys (IN)
                         net (fo=0)                   0.000     0.000    i_xlnx_clk_gen/inst/clk_in1
    K17                  IBUF (Prop_ibuf_I_O)         0.243     0.243 r  i_xlnx_clk_gen/inst/clkin1_ibufg/O
                         net (fo=1, routed)           0.440     0.683    i_xlnx_clk_gen/inst/clk_in1_xlnx_clk_gen
    MMCME2_ADV_X1Y2      MMCME2_ADV (Prop_mmcme2_adv_CLKIN1_CLKOUT0)
                                                     -2.613    -1.930 r  i_xlnx_clk_gen/inst/mmcm_adv_inst/CLKOUT0
                         net (fo=1, routed)           0.696    -1.233    i_xlnx_clk_gen/inst/clk_out1_xlnx_clk_gen
    BUFGCTRL_X0Y16       BUFG (Prop_bufg_I_O)         0.026    -1.207 r  i_xlnx_clk_gen/inst/clkout1_buf/O
                         net (fo=22838, routed)       0.595    -0.613    i_xlnx_blk_mem_gen/U0/inst_blk_mem_gen/gnbram.gaxibmg.axi_wr_fsm/s_aclk
    SLICE_X23Y44         FDRE                                         r  i_xlnx_blk_mem_gen/U0/inst_blk_mem_gen/gnbram.gaxibmg.axi_wr_fsm/gaxi_bid_gen.bvalid_wr_cnt_r_reg[0]/C
  -------------------------------------------------------------------    -------------------
    SLICE_X23Y44         FDRE (Prop_fdre_C_Q)         0.141    -0.472 r  i_xlnx_blk_mem_gen/U0/inst_blk_mem_gen/gnbram.gaxibmg.axi_wr_fsm/gaxi_bid_gen.bvalid_wr_cnt_r_reg[0]/Q
                         net (fo=10, routed)          0.205    -0.266    i_xlnx_blk_mem_gen/U0/inst_blk_mem_gen/gnbram.gaxibmg.axi_wr_fsm/gaxi_bid_gen.axi_bid_array_reg_0_3_0_4/ADDRD0
    SLICE_X22Y44         RAMD32                                       r  i_xlnx_blk_mem_gen/U0/inst_blk_mem_gen/gnbram.gaxibmg.axi_wr_fsm/gaxi_bid_gen.axi_bid_array_reg_0_3_0_4/RAMA/WADR0
  -------------------------------------------------------------------    -------------------

                         (clock clk_out1_xlnx_clk_gen rise edge)
                                                      0.000     0.000 r  
    K17                                               0.000     0.000 r  clk_sys (IN)
                         net (fo=0)                   0.000     0.000    i_xlnx_clk_gen/inst/clk_in1
    K17                  IBUF (Prop_ibuf_I_O)         0.431     0.431 r  i_xlnx_clk_gen/inst/clkin1_ibufg/O
                         net (fo=1, routed)           0.480     0.911    i_xlnx_clk_gen/inst/clk_in1_xlnx_clk_gen
    MMCME2_ADV_X1Y2      MMCME2_ADV (Prop_mmcme2_adv_CLKIN1_CLKOUT0)
                                                     -3.407    -2.496 r  i_xlnx_clk_gen/inst/mmcm_adv_inst/CLKOUT0
                         net (fo=1, routed)           0.752    -1.744    i_xlnx_clk_gen/inst/clk_out1_xlnx_clk_gen
    BUFGCTRL_X0Y16       BUFG (Prop_bufg_I_O)         0.029    -1.715 r  i_xlnx_clk_gen/inst/clkout1_buf/O
                         net (fo=22838, routed)       0.863    -0.852    i_xlnx_blk_mem_gen/U0/inst_blk_mem_gen/gnbram.gaxibmg.axi_wr_fsm/gaxi_bid_gen.axi_bid_array_reg_0_3_0_4/WCLK
    SLICE_X22Y44         RAMD32                                       r  i_xlnx_blk_mem_gen/U0/inst_blk_mem_gen/gnbram.gaxibmg.axi_wr_fsm/gaxi_bid_gen.axi_bid_array_reg_0_3_0_4/RAMA/CLK
                         clock pessimism              0.253    -0.600    
    SLICE_X22Y44         RAMD32 (Hold_ramd32_CLK_WADR0)
                                                      0.310    -0.290    i_xlnx_blk_mem_gen/U0/inst_blk_mem_gen/gnbram.gaxibmg.axi_wr_fsm/gaxi_bid_gen.axi_bid_array_reg_0_3_0_4/RAMA
  -------------------------------------------------------------------
                         required time                          0.290    
                         arrival time                          -0.266    
  -------------------------------------------------------------------
                         slack                                  0.023    

Slack (MET) :             0.023ns  (arrival time - required time)
  Source:                 i_xlnx_blk_mem_gen/U0/inst_blk_mem_gen/gnbram.gaxibmg.axi_wr_fsm/gaxi_bid_gen.bvalid_wr_cnt_r_reg[0]/C
                            (rising edge-triggered cell FDRE clocked by clk_out1_xlnx_clk_gen  {rise@0.000ns fall@12.500ns period=25.000ns})
  Destination:            i_xlnx_blk_mem_gen/U0/inst_blk_mem_gen/gnbram.gaxibmg.axi_wr_fsm/gaxi_bid_gen.axi_bid_array_reg_0_3_0_4/RAMA_D1/WADR0
                            (rising edge-triggered cell RAMD32 clocked by clk_out1_xlnx_clk_gen  {rise@0.000ns fall@12.500ns period=25.000ns})
  Path Group:             clk_out1_xlnx_clk_gen
  Path Type:              Hold (Min at Fast Process Corner)
  Requirement:            0.000ns  (clk_out1_xlnx_clk_gen rise@0.000ns - clk_out1_xlnx_clk_gen rise@0.000ns)
  Data Path Delay:        0.346ns  (logic 0.141ns (40.727%)  route 0.205ns (59.273%))
  Logic Levels:           0  
  Clock Path Skew:        0.013ns (DCD - SCD - CPR)
    Destination Clock Delay (DCD):    -0.852ns
    Source Clock Delay      (SCD):    -0.613ns
    Clock Pessimism Removal (CPR):    -0.253ns

    Location             Delay type                Incr(ns)  Path(ns)    Netlist Resource(s)
  -------------------------------------------------------------------    -------------------
                         (clock clk_out1_xlnx_clk_gen rise edge)
                                                      0.000     0.000 r  
    K17                                               0.000     0.000 r  clk_sys (IN)
                         net (fo=0)                   0.000     0.000    i_xlnx_clk_gen/inst/clk_in1
    K17                  IBUF (Prop_ibuf_I_O)         0.243     0.243 r  i_xlnx_clk_gen/inst/clkin1_ibufg/O
                         net (fo=1, routed)           0.440     0.683    i_xlnx_clk_gen/inst/clk_in1_xlnx_clk_gen
    MMCME2_ADV_X1Y2      MMCME2_ADV (Prop_mmcme2_adv_CLKIN1_CLKOUT0)
                                                     -2.613    -1.930 r  i_xlnx_clk_gen/inst/mmcm_adv_inst/CLKOUT0
                         net (fo=1, routed)           0.696    -1.233    i_xlnx_clk_gen/inst/clk_out1_xlnx_clk_gen
    BUFGCTRL_X0Y16       BUFG (Prop_bufg_I_O)         0.026    -1.207 r  i_xlnx_clk_gen/inst/clkout1_buf/O
                         net (fo=22838, routed)       0.595    -0.613    i_xlnx_blk_mem_gen/U0/inst_blk_mem_gen/gnbram.gaxibmg.axi_wr_fsm/s_aclk
    SLICE_X23Y44         FDRE                                         r  i_xlnx_blk_mem_gen/U0/inst_blk_mem_gen/gnbram.gaxibmg.axi_wr_fsm/gaxi_bid_gen.bvalid_wr_cnt_r_reg[0]/C
  -------------------------------------------------------------------    -------------------
    SLICE_X23Y44         FDRE (Prop_fdre_C_Q)         0.141    -0.472 r  i_xlnx_blk_mem_gen/U0/inst_blk_mem_gen/gnbram.gaxibmg.axi_wr_fsm/gaxi_bid_gen.bvalid_wr_cnt_r_reg[0]/Q
                         net (fo=10, routed)          0.205    -0.266    i_xlnx_blk_mem_gen/U0/inst_blk_mem_gen/gnbram.gaxibmg.axi_wr_fsm/gaxi_bid_gen.axi_bid_array_reg_0_3_0_4/ADDRD0
    SLICE_X22Y44         RAMD32                                       r  i_xlnx_blk_mem_gen/U0/inst_blk_mem_gen/gnbram.gaxibmg.axi_wr_fsm/gaxi_bid_gen.axi_bid_array_reg_0_3_0_4/RAMA_D1/WADR0
  -------------------------------------------------------------------    -------------------

                         (clock clk_out1_xlnx_clk_gen rise edge)
                                                      0.000     0.000 r  
    K17                                               0.000     0.000 r  clk_sys (IN)
                         net (fo=0)                   0.000     0.000    i_xlnx_clk_gen/inst/clk_in1
    K17                  IBUF (Prop_ibuf_I_O)         0.431     0.431 r  i_xlnx_clk_gen/inst/clkin1_ibufg/O
                         net (fo=1, routed)           0.480     0.911    i_xlnx_clk_gen/inst/clk_in1_xlnx_clk_gen
    MMCME2_ADV_X1Y2      MMCME2_ADV (Prop_mmcme2_adv_CLKIN1_CLKOUT0)
                                                     -3.407    -2.496 r  i_xlnx_clk_gen/inst/mmcm_adv_inst/CLKOUT0
                         net (fo=1, routed)           0.752    -1.744    i_xlnx_clk_gen/inst/clk_out1_xlnx_clk_gen
    BUFGCTRL_X0Y16       BUFG (Prop_bufg_I_O)         0.029    -1.715 r  i_xlnx_clk_gen/inst/clkout1_buf/O
                         net (fo=22838, routed)       0.863    -0.852    i_xlnx_blk_mem_gen/U0/inst_blk_mem_gen/gnbram.gaxibmg.axi_wr_fsm/gaxi_bid_gen.axi_bid_array_reg_0_3_0_4/WCLK
    SLICE_X22Y44         RAMD32                                       r  i_xlnx_blk_mem_gen/U0/inst_blk_mem_gen/gnbram.gaxibmg.axi_wr_fsm/gaxi_bid_gen.axi_bid_array_reg_0_3_0_4/RAMA_D1/CLK
                         clock pessimism              0.253    -0.600    
    SLICE_X22Y44         RAMD32 (Hold_ramd32_CLK_WADR0)
                                                      0.310    -0.290    i_xlnx_blk_mem_gen/U0/inst_blk_mem_gen/gnbram.gaxibmg.axi_wr_fsm/gaxi_bid_gen.axi_bid_array_reg_0_3_0_4/RAMA_D1
  -------------------------------------------------------------------
                         required time                          0.290    
                         arrival time                          -0.266    
  -------------------------------------------------------------------
                         slack                                  0.023    

Slack (MET) :             0.023ns  (arrival time - required time)
  Source:                 i_xlnx_blk_mem_gen/U0/inst_blk_mem_gen/gnbram.gaxibmg.axi_wr_fsm/gaxi_bid_gen.bvalid_wr_cnt_r_reg[0]/C
                            (rising edge-triggered cell FDRE clocked by clk_out1_xlnx_clk_gen  {rise@0.000ns fall@12.500ns period=25.000ns})
  Destination:            i_xlnx_blk_mem_gen/U0/inst_blk_mem_gen/gnbram.gaxibmg.axi_wr_fsm/gaxi_bid_gen.axi_bid_array_reg_0_3_0_4/RAMB/WADR0
                            (rising edge-triggered cell RAMD32 clocked by clk_out1_xlnx_clk_gen  {rise@0.000ns fall@12.500ns period=25.000ns})
  Path Group:             clk_out1_xlnx_clk_gen
  Path Type:              Hold (Min at Fast Process Corner)
  Requirement:            0.000ns  (clk_out1_xlnx_clk_gen rise@0.000ns - clk_out1_xlnx_clk_gen rise@0.000ns)
  Data Path Delay:        0.346ns  (logic 0.141ns (40.727%)  route 0.205ns (59.273%))
  Logic Levels:           0  
  Clock Path Skew:        0.013ns (DCD - SCD - CPR)
    Destination Clock Delay (DCD):    -0.852ns
    Source Clock Delay      (SCD):    -0.613ns
    Clock Pessimism Removal (CPR):    -0.253ns

    Location             Delay type                Incr(ns)  Path(ns)    Netlist Resource(s)
  -------------------------------------------------------------------    -------------------
                         (clock clk_out1_xlnx_clk_gen rise edge)
                                                      0.000     0.000 r  
    K17                                               0.000     0.000 r  clk_sys (IN)
                         net (fo=0)                   0.000     0.000    i_xlnx_clk_gen/inst/clk_in1
    K17                  IBUF (Prop_ibuf_I_O)         0.243     0.243 r  i_xlnx_clk_gen/inst/clkin1_ibufg/O
                         net (fo=1, routed)           0.440     0.683    i_xlnx_clk_gen/inst/clk_in1_xlnx_clk_gen
    MMCME2_ADV_X1Y2      MMCME2_ADV (Prop_mmcme2_adv_CLKIN1_CLKOUT0)
                                                     -2.613    -1.930 r  i_xlnx_clk_gen/inst/mmcm_adv_inst/CLKOUT0
                         net (fo=1, routed)           0.696    -1.233    i_xlnx_clk_gen/inst/clk_out1_xlnx_clk_gen
    BUFGCTRL_X0Y16       BUFG (Prop_bufg_I_O)         0.026    -1.207 r  i_xlnx_clk_gen/inst/clkout1_buf/O
                         net (fo=22838, routed)       0.595    -0.613    i_xlnx_blk_mem_gen/U0/inst_blk_mem_gen/gnbram.gaxibmg.axi_wr_fsm/s_aclk
    SLICE_X23Y44         FDRE                                         r  i_xlnx_blk_mem_gen/U0/inst_blk_mem_gen/gnbram.gaxibmg.axi_wr_fsm/gaxi_bid_gen.bvalid_wr_cnt_r_reg[0]/C
  -------------------------------------------------------------------    -------------------
    SLICE_X23Y44         FDRE (Prop_fdre_C_Q)         0.141    -0.472 r  i_xlnx_blk_mem_gen/U0/inst_blk_mem_gen/gnbram.gaxibmg.axi_wr_fsm/gaxi_bid_gen.bvalid_wr_cnt_r_reg[0]/Q
                         net (fo=10, routed)          0.205    -0.266    i_xlnx_blk_mem_gen/U0/inst_blk_mem_gen/gnbram.gaxibmg.axi_wr_fsm/gaxi_bid_gen.axi_bid_array_reg_0_3_0_4/ADDRD0
    SLICE_X22Y44         RAMD32                                       r  i_xlnx_blk_mem_gen/U0/inst_blk_mem_gen/gnbram.gaxibmg.axi_wr_fsm/gaxi_bid_gen.axi_bid_array_reg_0_3_0_4/RAMB/WADR0
  -------------------------------------------------------------------    -------------------

                         (clock clk_out1_xlnx_clk_gen rise edge)
                                                      0.000     0.000 r  
    K17                                               0.000     0.000 r  clk_sys (IN)
                         net (fo=0)                   0.000     0.000    i_xlnx_clk_gen/inst/clk_in1
    K17                  IBUF (Prop_ibuf_I_O)         0.431     0.431 r  i_xlnx_clk_gen/inst/clkin1_ibufg/O
                         net (fo=1, routed)           0.480     0.911    i_xlnx_clk_gen/inst/clk_in1_xlnx_clk_gen
    MMCME2_ADV_X1Y2      MMCME2_ADV (Prop_mmcme2_adv_CLKIN1_CLKOUT0)
                                                     -3.407    -2.496 r  i_xlnx_clk_gen/inst/mmcm_adv_inst/CLKOUT0
                         net (fo=1, routed)           0.752    -1.744    i_xlnx_clk_gen/inst/clk_out1_xlnx_clk_gen
    BUFGCTRL_X0Y16       BUFG (Prop_bufg_I_O)         0.029    -1.715 r  i_xlnx_clk_gen/inst/clkout1_buf/O
                         net (fo=22838, routed)       0.863    -0.852    i_xlnx_blk_mem_gen/U0/inst_blk_mem_gen/gnbram.gaxibmg.axi_wr_fsm/gaxi_bid_gen.axi_bid_array_reg_0_3_0_4/WCLK
    SLICE_X22Y44         RAMD32                                       r  i_xlnx_blk_mem_gen/U0/inst_blk_mem_gen/gnbram.gaxibmg.axi_wr_fsm/gaxi_bid_gen.axi_bid_array_reg_0_3_0_4/RAMB/CLK
                         clock pessimism              0.253    -0.600    
    SLICE_X22Y44         RAMD32 (Hold_ramd32_CLK_WADR0)
                                                      0.310    -0.290    i_xlnx_blk_mem_gen/U0/inst_blk_mem_gen/gnbram.gaxibmg.axi_wr_fsm/gaxi_bid_gen.axi_bid_array_reg_0_3_0_4/RAMB
  -------------------------------------------------------------------
                         required time                          0.290    
                         arrival time                          -0.266    
  -------------------------------------------------------------------
                         slack                                  0.023    

Slack (MET) :             0.023ns  (arrival time - required time)
  Source:                 i_xlnx_blk_mem_gen/U0/inst_blk_mem_gen/gnbram.gaxibmg.axi_wr_fsm/gaxi_bid_gen.bvalid_wr_cnt_r_reg[0]/C
                            (rising edge-triggered cell FDRE clocked by clk_out1_xlnx_clk_gen  {rise@0.000ns fall@12.500ns period=25.000ns})
  Destination:            i_xlnx_blk_mem_gen/U0/inst_blk_mem_gen/gnbram.gaxibmg.axi_wr_fsm/gaxi_bid_gen.axi_bid_array_reg_0_3_0_4/RAMB_D1/WADR0
                            (rising edge-triggered cell RAMD32 clocked by clk_out1_xlnx_clk_gen  {rise@0.000ns fall@12.500ns period=25.000ns})
  Path Group:             clk_out1_xlnx_clk_gen
  Path Type:              Hold (Min at Fast Process Corner)
  Requirement:            0.000ns  (clk_out1_xlnx_clk_gen rise@0.000ns - clk_out1_xlnx_clk_gen rise@0.000ns)
  Data Path Delay:        0.346ns  (logic 0.141ns (40.727%)  route 0.205ns (59.273%))
  Logic Levels:           0  
  Clock Path Skew:        0.013ns (DCD - SCD - CPR)
    Destination Clock Delay (DCD):    -0.852ns
    Source Clock Delay      (SCD):    -0.613ns
    Clock Pessimism Removal (CPR):    -0.253ns

    Location             Delay type                Incr(ns)  Path(ns)    Netlist Resource(s)
  -------------------------------------------------------------------    -------------------
                         (clock clk_out1_xlnx_clk_gen rise edge)
                                                      0.000     0.000 r  
    K17                                               0.000     0.000 r  clk_sys (IN)
                         net (fo=0)                   0.000     0.000    i_xlnx_clk_gen/inst/clk_in1
    K17                  IBUF (Prop_ibuf_I_O)         0.243     0.243 r  i_xlnx_clk_gen/inst/clkin1_ibufg/O
                         net (fo=1, routed)           0.440     0.683    i_xlnx_clk_gen/inst/clk_in1_xlnx_clk_gen
    MMCME2_ADV_X1Y2      MMCME2_ADV (Prop_mmcme2_adv_CLKIN1_CLKOUT0)
                                                     -2.613    -1.930 r  i_xlnx_clk_gen/inst/mmcm_adv_inst/CLKOUT0
                         net (fo=1, routed)           0.696    -1.233    i_xlnx_clk_gen/inst/clk_out1_xlnx_clk_gen
    BUFGCTRL_X0Y16       BUFG (Prop_bufg_I_O)         0.026    -1.207 r  i_xlnx_clk_gen/inst/clkout1_buf/O
                         net (fo=22838, routed)       0.595    -0.613    i_xlnx_blk_mem_gen/U0/inst_blk_mem_gen/gnbram.gaxibmg.axi_wr_fsm/s_aclk
    SLICE_X23Y44         FDRE                                         r  i_xlnx_blk_mem_gen/U0/inst_blk_mem_gen/gnbram.gaxibmg.axi_wr_fsm/gaxi_bid_gen.bvalid_wr_cnt_r_reg[0]/C
  -------------------------------------------------------------------    -------------------
    SLICE_X23Y44         FDRE (Prop_fdre_C_Q)         0.141    -0.472 r  i_xlnx_blk_mem_gen/U0/inst_blk_mem_gen/gnbram.gaxibmg.axi_wr_fsm/gaxi_bid_gen.bvalid_wr_cnt_r_reg[0]/Q
                         net (fo=10, routed)          0.205    -0.266    i_xlnx_blk_mem_gen/U0/inst_blk_mem_gen/gnbram.gaxibmg.axi_wr_fsm/gaxi_bid_gen.axi_bid_array_reg_0_3_0_4/ADDRD0
    SLICE_X22Y44         RAMD32                                       r  i_xlnx_blk_mem_gen/U0/inst_blk_mem_gen/gnbram.gaxibmg.axi_wr_fsm/gaxi_bid_gen.axi_bid_array_reg_0_3_0_4/RAMB_D1/WADR0
  -------------------------------------------------------------------    -------------------

                         (clock clk_out1_xlnx_clk_gen rise edge)
                                                      0.000     0.000 r  
    K17                                               0.000     0.000 r  clk_sys (IN)
                         net (fo=0)                   0.000     0.000    i_xlnx_clk_gen/inst/clk_in1
    K17                  IBUF (Prop_ibuf_I_O)         0.431     0.431 r  i_xlnx_clk_gen/inst/clkin1_ibufg/O
                         net (fo=1, routed)           0.480     0.911    i_xlnx_clk_gen/inst/clk_in1_xlnx_clk_gen
    MMCME2_ADV_X1Y2      MMCME2_ADV (Prop_mmcme2_adv_CLKIN1_CLKOUT0)
                                                     -3.407    -2.496 r  i_xlnx_clk_gen/inst/mmcm_adv_inst/CLKOUT0
                         net (fo=1, routed)           0.752    -1.744    i_xlnx_clk_gen/inst/clk_out1_xlnx_clk_gen
    BUFGCTRL_X0Y16       BUFG (Prop_bufg_I_O)         0.029    -1.715 r  i_xlnx_clk_gen/inst/clkout1_buf/O
                         net (fo=22838, routed)       0.863    -0.852    i_xlnx_blk_mem_gen/U0/inst_blk_mem_gen/gnbram.gaxibmg.axi_wr_fsm/gaxi_bid_gen.axi_bid_array_reg_0_3_0_4/WCLK
    SLICE_X22Y44         RAMD32                                       r  i_xlnx_blk_mem_gen/U0/inst_blk_mem_gen/gnbram.gaxibmg.axi_wr_fsm/gaxi_bid_gen.axi_bid_array_reg_0_3_0_4/RAMB_D1/CLK
                         clock pessimism              0.253    -0.600    
    SLICE_X22Y44         RAMD32 (Hold_ramd32_CLK_WADR0)
                                                      0.310    -0.290    i_xlnx_blk_mem_gen/U0/inst_blk_mem_gen/gnbram.gaxibmg.axi_wr_fsm/gaxi_bid_gen.axi_bid_array_reg_0_3_0_4/RAMB_D1
  -------------------------------------------------------------------
                         required time                          0.290    
                         arrival time                          -0.266    
  -------------------------------------------------------------------
                         slack                                  0.023    

Slack (MET) :             0.023ns  (arrival time - required time)
  Source:                 i_xlnx_blk_mem_gen/U0/inst_blk_mem_gen/gnbram.gaxibmg.axi_wr_fsm/gaxi_bid_gen.bvalid_wr_cnt_r_reg[0]/C
                            (rising edge-triggered cell FDRE clocked by clk_out1_xlnx_clk_gen  {rise@0.000ns fall@12.500ns period=25.000ns})
  Destination:            i_xlnx_blk_mem_gen/U0/inst_blk_mem_gen/gnbram.gaxibmg.axi_wr_fsm/gaxi_bid_gen.axi_bid_array_reg_0_3_0_4/RAMC/WADR0
                            (rising edge-triggered cell RAMD32 clocked by clk_out1_xlnx_clk_gen  {rise@0.000ns fall@12.500ns period=25.000ns})
  Path Group:             clk_out1_xlnx_clk_gen
  Path Type:              Hold (Min at Fast Process Corner)
  Requirement:            0.000ns  (clk_out1_xlnx_clk_gen rise@0.000ns - clk_out1_xlnx_clk_gen rise@0.000ns)
  Data Path Delay:        0.346ns  (logic 0.141ns (40.727%)  route 0.205ns (59.273%))
  Logic Levels:           0  
  Clock Path Skew:        0.013ns (DCD - SCD - CPR)
    Destination Clock Delay (DCD):    -0.852ns
    Source Clock Delay      (SCD):    -0.613ns
    Clock Pessimism Removal (CPR):    -0.253ns

    Location             Delay type                Incr(ns)  Path(ns)    Netlist Resource(s)
  -------------------------------------------------------------------    -------------------
                         (clock clk_out1_xlnx_clk_gen rise edge)
                                                      0.000     0.000 r  
    K17                                               0.000     0.000 r  clk_sys (IN)
                         net (fo=0)                   0.000     0.000    i_xlnx_clk_gen/inst/clk_in1
    K17                  IBUF (Prop_ibuf_I_O)         0.243     0.243 r  i_xlnx_clk_gen/inst/clkin1_ibufg/O
                         net (fo=1, routed)           0.440     0.683    i_xlnx_clk_gen/inst/clk_in1_xlnx_clk_gen
    MMCME2_ADV_X1Y2      MMCME2_ADV (Prop_mmcme2_adv_CLKIN1_CLKOUT0)
                                                     -2.613    -1.930 r  i_xlnx_clk_gen/inst/mmcm_adv_inst/CLKOUT0
                         net (fo=1, routed)           0.696    -1.233    i_xlnx_clk_gen/inst/clk_out1_xlnx_clk_gen
    BUFGCTRL_X0Y16       BUFG (Prop_bufg_I_O)         0.026    -1.207 r  i_xlnx_clk_gen/inst/clkout1_buf/O
                         net (fo=22838, routed)       0.595    -0.613    i_xlnx_blk_mem_gen/U0/inst_blk_mem_gen/gnbram.gaxibmg.axi_wr_fsm/s_aclk
    SLICE_X23Y44         FDRE                                         r  i_xlnx_blk_mem_gen/U0/inst_blk_mem_gen/gnbram.gaxibmg.axi_wr_fsm/gaxi_bid_gen.bvalid_wr_cnt_r_reg[0]/C
  -------------------------------------------------------------------    -------------------
    SLICE_X23Y44         FDRE (Prop_fdre_C_Q)         0.141    -0.472 r  i_xlnx_blk_mem_gen/U0/inst_blk_mem_gen/gnbram.gaxibmg.axi_wr_fsm/gaxi_bid_gen.bvalid_wr_cnt_r_reg[0]/Q
                         net (fo=10, routed)          0.205    -0.266    i_xlnx_blk_mem_gen/U0/inst_blk_mem_gen/gnbram.gaxibmg.axi_wr_fsm/gaxi_bid_gen.axi_bid_array_reg_0_3_0_4/ADDRD0
    SLICE_X22Y44         RAMD32                                       r  i_xlnx_blk_mem_gen/U0/inst_blk_mem_gen/gnbram.gaxibmg.axi_wr_fsm/gaxi_bid_gen.axi_bid_array_reg_0_3_0_4/RAMC/WADR0
  -------------------------------------------------------------------    -------------------

                         (clock clk_out1_xlnx_clk_gen rise edge)
                                                      0.000     0.000 r  
    K17                                               0.000     0.000 r  clk_sys (IN)
                         net (fo=0)                   0.000     0.000    i_xlnx_clk_gen/inst/clk_in1
    K17                  IBUF (Prop_ibuf_I_O)         0.431     0.431 r  i_xlnx_clk_gen/inst/clkin1_ibufg/O
                         net (fo=1, routed)           0.480     0.911    i_xlnx_clk_gen/inst/clk_in1_xlnx_clk_gen
    MMCME2_ADV_X1Y2      MMCME2_ADV (Prop_mmcme2_adv_CLKIN1_CLKOUT0)
                                                     -3.407    -2.496 r  i_xlnx_clk_gen/inst/mmcm_adv_inst/CLKOUT0
                         net (fo=1, routed)           0.752    -1.744    i_xlnx_clk_gen/inst/clk_out1_xlnx_clk_gen
    BUFGCTRL_X0Y16       BUFG (Prop_bufg_I_O)         0.029    -1.715 r  i_xlnx_clk_gen/inst/clkout1_buf/O
                         net (fo=22838, routed)       0.863    -0.852    i_xlnx_blk_mem_gen/U0/inst_blk_mem_gen/gnbram.gaxibmg.axi_wr_fsm/gaxi_bid_gen.axi_bid_array_reg_0_3_0_4/WCLK
    SLICE_X22Y44         RAMD32                                       r  i_xlnx_blk_mem_gen/U0/inst_blk_mem_gen/gnbram.gaxibmg.axi_wr_fsm/gaxi_bid_gen.axi_bid_array_reg_0_3_0_4/RAMC/CLK
                         clock pessimism              0.253    -0.600    
    SLICE_X22Y44         RAMD32 (Hold_ramd32_CLK_WADR0)
                                                      0.310    -0.290    i_xlnx_blk_mem_gen/U0/inst_blk_mem_gen/gnbram.gaxibmg.axi_wr_fsm/gaxi_bid_gen.axi_bid_array_reg_0_3_0_4/RAMC
  -------------------------------------------------------------------
                         required time                          0.290    
                         arrival time                          -0.266    
  -------------------------------------------------------------------
                         slack                                  0.023    

Slack (MET) :             0.023ns  (arrival time - required time)
  Source:                 i_xlnx_blk_mem_gen/U0/inst_blk_mem_gen/gnbram.gaxibmg.axi_wr_fsm/gaxi_bid_gen.bvalid_wr_cnt_r_reg[0]/C
                            (rising edge-triggered cell FDRE clocked by clk_out1_xlnx_clk_gen  {rise@0.000ns fall@12.500ns period=25.000ns})
  Destination:            i_xlnx_blk_mem_gen/U0/inst_blk_mem_gen/gnbram.gaxibmg.axi_wr_fsm/gaxi_bid_gen.axi_bid_array_reg_0_3_0_4/RAMC_D1/WADR0
                            (rising edge-triggered cell RAMD32 clocked by clk_out1_xlnx_clk_gen  {rise@0.000ns fall@12.500ns period=25.000ns})
  Path Group:             clk_out1_xlnx_clk_gen
  Path Type:              Hold (Min at Fast Process Corner)
  Requirement:            0.000ns  (clk_out1_xlnx_clk_gen rise@0.000ns - clk_out1_xlnx_clk_gen rise@0.000ns)
  Data Path Delay:        0.346ns  (logic 0.141ns (40.727%)  route 0.205ns (59.273%))
  Logic Levels:           0  
  Clock Path Skew:        0.013ns (DCD - SCD - CPR)
    Destination Clock Delay (DCD):    -0.852ns
    Source Clock Delay      (SCD):    -0.613ns
    Clock Pessimism Removal (CPR):    -0.253ns

    Location             Delay type                Incr(ns)  Path(ns)    Netlist Resource(s)
  -------------------------------------------------------------------    -------------------
                         (clock clk_out1_xlnx_clk_gen rise edge)
                                                      0.000     0.000 r  
    K17                                               0.000     0.000 r  clk_sys (IN)
                         net (fo=0)                   0.000     0.000    i_xlnx_clk_gen/inst/clk_in1
    K17                  IBUF (Prop_ibuf_I_O)         0.243     0.243 r  i_xlnx_clk_gen/inst/clkin1_ibufg/O
                         net (fo=1, routed)           0.440     0.683    i_xlnx_clk_gen/inst/clk_in1_xlnx_clk_gen
    MMCME2_ADV_X1Y2      MMCME2_ADV (Prop_mmcme2_adv_CLKIN1_CLKOUT0)
                                                     -2.613    -1.930 r  i_xlnx_clk_gen/inst/mmcm_adv_inst/CLKOUT0
                         net (fo=1, routed)           0.696    -1.233    i_xlnx_clk_gen/inst/clk_out1_xlnx_clk_gen
    BUFGCTRL_X0Y16       BUFG (Prop_bufg_I_O)         0.026    -1.207 r  i_xlnx_clk_gen/inst/clkout1_buf/O
                         net (fo=22838, routed)       0.595    -0.613    i_xlnx_blk_mem_gen/U0/inst_blk_mem_gen/gnbram.gaxibmg.axi_wr_fsm/s_aclk
    SLICE_X23Y44         FDRE                                         r  i_xlnx_blk_mem_gen/U0/inst_blk_mem_gen/gnbram.gaxibmg.axi_wr_fsm/gaxi_bid_gen.bvalid_wr_cnt_r_reg[0]/C
  -------------------------------------------------------------------    -------------------
    SLICE_X23Y44         FDRE (Prop_fdre_C_Q)         0.141    -0.472 r  i_xlnx_blk_mem_gen/U0/inst_blk_mem_gen/gnbram.gaxibmg.axi_wr_fsm/gaxi_bid_gen.bvalid_wr_cnt_r_reg[0]/Q
                         net (fo=10, routed)          0.205    -0.266    i_xlnx_blk_mem_gen/U0/inst_blk_mem_gen/gnbram.gaxibmg.axi_wr_fsm/gaxi_bid_gen.axi_bid_array_reg_0_3_0_4/ADDRD0
    SLICE_X22Y44         RAMD32                                       r  i_xlnx_blk_mem_gen/U0/inst_blk_mem_gen/gnbram.gaxibmg.axi_wr_fsm/gaxi_bid_gen.axi_bid_array_reg_0_3_0_4/RAMC_D1/WADR0
  -------------------------------------------------------------------    -------------------

                         (clock clk_out1_xlnx_clk_gen rise edge)
                                                      0.000     0.000 r  
    K17                                               0.000     0.000 r  clk_sys (IN)
                         net (fo=0)                   0.000     0.000    i_xlnx_clk_gen/inst/clk_in1
    K17                  IBUF (Prop_ibuf_I_O)         0.431     0.431 r  i_xlnx_clk_gen/inst/clkin1_ibufg/O
                         net (fo=1, routed)           0.480     0.911    i_xlnx_clk_gen/inst/clk_in1_xlnx_clk_gen
    MMCME2_ADV_X1Y2      MMCME2_ADV (Prop_mmcme2_adv_CLKIN1_CLKOUT0)
                                                     -3.407    -2.496 r  i_xlnx_clk_gen/inst/mmcm_adv_inst/CLKOUT0
                         net (fo=1, routed)           0.752    -1.744    i_xlnx_clk_gen/inst/clk_out1_xlnx_clk_gen
    BUFGCTRL_X0Y16       BUFG (Prop_bufg_I_O)         0.029    -1.715 r  i_xlnx_clk_gen/inst/clkout1_buf/O
                         net (fo=22838, routed)       0.863    -0.852    i_xlnx_blk_mem_gen/U0/inst_blk_mem_gen/gnbram.gaxibmg.axi_wr_fsm/gaxi_bid_gen.axi_bid_array_reg_0_3_0_4/WCLK
    SLICE_X22Y44         RAMD32                                       r  i_xlnx_blk_mem_gen/U0/inst_blk_mem_gen/gnbram.gaxibmg.axi_wr_fsm/gaxi_bid_gen.axi_bid_array_reg_0_3_0_4/RAMC_D1/CLK
                         clock pessimism              0.253    -0.600    
    SLICE_X22Y44         RAMD32 (Hold_ramd32_CLK_WADR0)
                                                      0.310    -0.290    i_xlnx_blk_mem_gen/U0/inst_blk_mem_gen/gnbram.gaxibmg.axi_wr_fsm/gaxi_bid_gen.axi_bid_array_reg_0_3_0_4/RAMC_D1
  -------------------------------------------------------------------
                         required time                          0.290    
                         arrival time                          -0.266    
  -------------------------------------------------------------------
                         slack                                  0.023    

Slack (MET) :             0.023ns  (arrival time - required time)
  Source:                 i_xlnx_blk_mem_gen/U0/inst_blk_mem_gen/gnbram.gaxibmg.axi_wr_fsm/gaxi_bid_gen.bvalid_wr_cnt_r_reg[0]/C
                            (rising edge-triggered cell FDRE clocked by clk_out1_xlnx_clk_gen  {rise@0.000ns fall@12.500ns period=25.000ns})
  Destination:            i_xlnx_blk_mem_gen/U0/inst_blk_mem_gen/gnbram.gaxibmg.axi_wr_fsm/gaxi_bid_gen.axi_bid_array_reg_0_3_0_4/RAMD/ADR0
                            (rising edge-triggered cell RAMS32 clocked by clk_out1_xlnx_clk_gen  {rise@0.000ns fall@12.500ns period=25.000ns})
  Path Group:             clk_out1_xlnx_clk_gen
  Path Type:              Hold (Min at Fast Process Corner)
  Requirement:            0.000ns  (clk_out1_xlnx_clk_gen rise@0.000ns - clk_out1_xlnx_clk_gen rise@0.000ns)
  Data Path Delay:        0.346ns  (logic 0.141ns (40.727%)  route 0.205ns (59.273%))
  Logic Levels:           0  
  Clock Path Skew:        0.013ns (DCD - SCD - CPR)
    Destination Clock Delay (DCD):    -0.852ns
    Source Clock Delay      (SCD):    -0.613ns
    Clock Pessimism Removal (CPR):    -0.253ns

    Location             Delay type                Incr(ns)  Path(ns)    Netlist Resource(s)
  -------------------------------------------------------------------    -------------------
                         (clock clk_out1_xlnx_clk_gen rise edge)
                                                      0.000     0.000 r  
    K17                                               0.000     0.000 r  clk_sys (IN)
                         net (fo=0)                   0.000     0.000    i_xlnx_clk_gen/inst/clk_in1
    K17                  IBUF (Prop_ibuf_I_O)         0.243     0.243 r  i_xlnx_clk_gen/inst/clkin1_ibufg/O
                         net (fo=1, routed)           0.440     0.683    i_xlnx_clk_gen/inst/clk_in1_xlnx_clk_gen
    MMCME2_ADV_X1Y2      MMCME2_ADV (Prop_mmcme2_adv_CLKIN1_CLKOUT0)
                                                     -2.613    -1.930 r  i_xlnx_clk_gen/inst/mmcm_adv_inst/CLKOUT0
                         net (fo=1, routed)           0.696    -1.233    i_xlnx_clk_gen/inst/clk_out1_xlnx_clk_gen
    BUFGCTRL_X0Y16       BUFG (Prop_bufg_I_O)         0.026    -1.207 r  i_xlnx_clk_gen/inst/clkout1_buf/O
                         net (fo=22838, routed)       0.595    -0.613    i_xlnx_blk_mem_gen/U0/inst_blk_mem_gen/gnbram.gaxibmg.axi_wr_fsm/s_aclk
    SLICE_X23Y44         FDRE                                         r  i_xlnx_blk_mem_gen/U0/inst_blk_mem_gen/gnbram.gaxibmg.axi_wr_fsm/gaxi_bid_gen.bvalid_wr_cnt_r_reg[0]/C
  -------------------------------------------------------------------    -------------------
    SLICE_X23Y44         FDRE (Prop_fdre_C_Q)         0.141    -0.472 r  i_xlnx_blk_mem_gen/U0/inst_blk_mem_gen/gnbram.gaxibmg.axi_wr_fsm/gaxi_bid_gen.bvalid_wr_cnt_r_reg[0]/Q
                         net (fo=10, routed)          0.205    -0.266    i_xlnx_blk_mem_gen/U0/inst_blk_mem_gen/gnbram.gaxibmg.axi_wr_fsm/gaxi_bid_gen.axi_bid_array_reg_0_3_0_4/ADDRD0
    SLICE_X22Y44         RAMS32                                       r  i_xlnx_blk_mem_gen/U0/inst_blk_mem_gen/gnbram.gaxibmg.axi_wr_fsm/gaxi_bid_gen.axi_bid_array_reg_0_3_0_4/RAMD/ADR0
  -------------------------------------------------------------------    -------------------

                         (clock clk_out1_xlnx_clk_gen rise edge)
                                                      0.000     0.000 r  
    K17                                               0.000     0.000 r  clk_sys (IN)
                         net (fo=0)                   0.000     0.000    i_xlnx_clk_gen/inst/clk_in1
    K17                  IBUF (Prop_ibuf_I_O)         0.431     0.431 r  i_xlnx_clk_gen/inst/clkin1_ibufg/O
                         net (fo=1, routed)           0.480     0.911    i_xlnx_clk_gen/inst/clk_in1_xlnx_clk_gen
    MMCME2_ADV_X1Y2      MMCME2_ADV (Prop_mmcme2_adv_CLKIN1_CLKOUT0)
                                                     -3.407    -2.496 r  i_xlnx_clk_gen/inst/mmcm_adv_inst/CLKOUT0
                         net (fo=1, routed)           0.752    -1.744    i_xlnx_clk_gen/inst/clk_out1_xlnx_clk_gen
    BUFGCTRL_X0Y16       BUFG (Prop_bufg_I_O)         0.029    -1.715 r  i_xlnx_clk_gen/inst/clkout1_buf/O
                         net (fo=22838, routed)       0.863    -0.852    i_xlnx_blk_mem_gen/U0/inst_blk_mem_gen/gnbram.gaxibmg.axi_wr_fsm/gaxi_bid_gen.axi_bid_array_reg_0_3_0_4/WCLK
    SLICE_X22Y44         RAMS32                                       r  i_xlnx_blk_mem_gen/U0/inst_blk_mem_gen/gnbram.gaxibmg.axi_wr_fsm/gaxi_bid_gen.axi_bid_array_reg_0_3_0_4/RAMD/CLK
                         clock pessimism              0.253    -0.600    
    SLICE_X22Y44         RAMS32 (Hold_rams32_CLK_ADR0)
                                                      0.310    -0.290    i_xlnx_blk_mem_gen/U0/inst_blk_mem_gen/gnbram.gaxibmg.axi_wr_fsm/gaxi_bid_gen.axi_bid_array_reg_0_3_0_4/RAMD
  -------------------------------------------------------------------
                         required time                          0.290    
                         arrival time                          -0.266    
  -------------------------------------------------------------------
                         slack                                  0.023    

Slack (MET) :             0.023ns  (arrival time - required time)
  Source:                 i_xlnx_blk_mem_gen/U0/inst_blk_mem_gen/gnbram.gaxibmg.axi_wr_fsm/gaxi_bid_gen.bvalid_wr_cnt_r_reg[0]/C
                            (rising edge-triggered cell FDRE clocked by clk_out1_xlnx_clk_gen  {rise@0.000ns fall@12.500ns period=25.000ns})
  Destination:            i_xlnx_blk_mem_gen/U0/inst_blk_mem_gen/gnbram.gaxibmg.axi_wr_fsm/gaxi_bid_gen.axi_bid_array_reg_0_3_0_4/RAMD_D1/ADR0
                            (rising edge-triggered cell RAMS32 clocked by clk_out1_xlnx_clk_gen  {rise@0.000ns fall@12.500ns period=25.000ns})
  Path Group:             clk_out1_xlnx_clk_gen
  Path Type:              Hold (Min at Fast Process Corner)
  Requirement:            0.000ns  (clk_out1_xlnx_clk_gen rise@0.000ns - clk_out1_xlnx_clk_gen rise@0.000ns)
  Data Path Delay:        0.346ns  (logic 0.141ns (40.727%)  route 0.205ns (59.273%))
  Logic Levels:           0  
  Clock Path Skew:        0.013ns (DCD - SCD - CPR)
    Destination Clock Delay (DCD):    -0.852ns
    Source Clock Delay      (SCD):    -0.613ns
    Clock Pessimism Removal (CPR):    -0.253ns

    Location             Delay type                Incr(ns)  Path(ns)    Netlist Resource(s)
  -------------------------------------------------------------------    -------------------
                         (clock clk_out1_xlnx_clk_gen rise edge)
                                                      0.000     0.000 r  
    K17                                               0.000     0.000 r  clk_sys (IN)
                         net (fo=0)                   0.000     0.000    i_xlnx_clk_gen/inst/clk_in1
    K17                  IBUF (Prop_ibuf_I_O)         0.243     0.243 r  i_xlnx_clk_gen/inst/clkin1_ibufg/O
                         net (fo=1, routed)           0.440     0.683    i_xlnx_clk_gen/inst/clk_in1_xlnx_clk_gen
    MMCME2_ADV_X1Y2      MMCME2_ADV (Prop_mmcme2_adv_CLKIN1_CLKOUT0)
                                                     -2.613    -1.930 r  i_xlnx_clk_gen/inst/mmcm_adv_inst/CLKOUT0
                         net (fo=1, routed)           0.696    -1.233    i_xlnx_clk_gen/inst/clk_out1_xlnx_clk_gen
    BUFGCTRL_X0Y16       BUFG (Prop_bufg_I_O)         0.026    -1.207 r  i_xlnx_clk_gen/inst/clkout1_buf/O
                         net (fo=22838, routed)       0.595    -0.613    i_xlnx_blk_mem_gen/U0/inst_blk_mem_gen/gnbram.gaxibmg.axi_wr_fsm/s_aclk
    SLICE_X23Y44         FDRE                                         r  i_xlnx_blk_mem_gen/U0/inst_blk_mem_gen/gnbram.gaxibmg.axi_wr_fsm/gaxi_bid_gen.bvalid_wr_cnt_r_reg[0]/C
  -------------------------------------------------------------------    -------------------
    SLICE_X23Y44         FDRE (Prop_fdre_C_Q)         0.141    -0.472 r  i_xlnx_blk_mem_gen/U0/inst_blk_mem_gen/gnbram.gaxibmg.axi_wr_fsm/gaxi_bid_gen.bvalid_wr_cnt_r_reg[0]/Q
                         net (fo=10, routed)          0.205    -0.266    i_xlnx_blk_mem_gen/U0/inst_blk_mem_gen/gnbram.gaxibmg.axi_wr_fsm/gaxi_bid_gen.axi_bid_array_reg_0_3_0_4/ADDRD0
    SLICE_X22Y44         RAMS32                                       r  i_xlnx_blk_mem_gen/U0/inst_blk_mem_gen/gnbram.gaxibmg.axi_wr_fsm/gaxi_bid_gen.axi_bid_array_reg_0_3_0_4/RAMD_D1/ADR0
  -------------------------------------------------------------------    -------------------

                         (clock clk_out1_xlnx_clk_gen rise edge)
                                                      0.000     0.000 r  
    K17                                               0.000     0.000 r  clk_sys (IN)
                         net (fo=0)                   0.000     0.000    i_xlnx_clk_gen/inst/clk_in1
    K17                  IBUF (Prop_ibuf_I_O)         0.431     0.431 r  i_xlnx_clk_gen/inst/clkin1_ibufg/O
                         net (fo=1, routed)           0.480     0.911    i_xlnx_clk_gen/inst/clk_in1_xlnx_clk_gen
    MMCME2_ADV_X1Y2      MMCME2_ADV (Prop_mmcme2_adv_CLKIN1_CLKOUT0)
                                                     -3.407    -2.496 r  i_xlnx_clk_gen/inst/mmcm_adv_inst/CLKOUT0
                         net (fo=1, routed)           0.752    -1.744    i_xlnx_clk_gen/inst/clk_out1_xlnx_clk_gen
    BUFGCTRL_X0Y16       BUFG (Prop_bufg_I_O)         0.029    -1.715 r  i_xlnx_clk_gen/inst/clkout1_buf/O
                         net (fo=22838, routed)       0.863    -0.852    i_xlnx_blk_mem_gen/U0/inst_blk_mem_gen/gnbram.gaxibmg.axi_wr_fsm/gaxi_bid_gen.axi_bid_array_reg_0_3_0_4/WCLK
    SLICE_X22Y44         RAMS32                                       r  i_xlnx_blk_mem_gen/U0/inst_blk_mem_gen/gnbram.gaxibmg.axi_wr_fsm/gaxi_bid_gen.axi_bid_array_reg_0_3_0_4/RAMD_D1/CLK
                         clock pessimism              0.253    -0.600    
    SLICE_X22Y44         RAMS32 (Hold_rams32_CLK_ADR0)
                                                      0.310    -0.290    i_xlnx_blk_mem_gen/U0/inst_blk_mem_gen/gnbram.gaxibmg.axi_wr_fsm/gaxi_bid_gen.axi_bid_array_reg_0_3_0_4/RAMD_D1
  -------------------------------------------------------------------
                         required time                          0.290    
                         arrival time                          -0.266    
  -------------------------------------------------------------------
                         slack                                  0.023    

Slack (MET) :             0.049ns  (arrival time - required time)
  Source:                 i_axi_xbar/i_xbar/gen_mst_port_mux[0].i_axi_mux/gen_mux.i_aw_spill_reg/spill_register_flushable_i/gen_spill_reg.a_data_q_reg[addr][26]/C
                            (rising edge-triggered cell FDCE clocked by clk_out1_xlnx_clk_gen  {rise@0.000ns fall@12.500ns period=25.000ns})
  Destination:            i_axi_xbar/i_xbar/gen_mst_port_mux[0].i_axi_mux/gen_mux.i_aw_spill_reg/spill_register_flushable_i/gen_spill_reg.b_data_q_reg[addr][26]/D
                            (rising edge-triggered cell FDCE clocked by clk_out1_xlnx_clk_gen  {rise@0.000ns fall@12.500ns period=25.000ns})
  Path Group:             clk_out1_xlnx_clk_gen
  Path Type:              Hold (Min at Fast Process Corner)
  Requirement:            0.000ns  (clk_out1_xlnx_clk_gen rise@0.000ns - clk_out1_xlnx_clk_gen rise@0.000ns)
  Data Path Delay:        0.390ns  (logic 0.141ns (36.172%)  route 0.249ns (63.828%))
  Logic Levels:           0  
  Clock Path Skew:        0.270ns (DCD - SCD - CPR)
    Destination Clock Delay (DCD):    -0.888ns
    Source Clock Delay      (SCD):    -0.656ns
    Clock Pessimism Removal (CPR):    -0.503ns

    Location             Delay type                Incr(ns)  Path(ns)    Netlist Resource(s)
  -------------------------------------------------------------------    -------------------
                         (clock clk_out1_xlnx_clk_gen rise edge)
                                                      0.000     0.000 r  
    K17                                               0.000     0.000 r  clk_sys (IN)
                         net (fo=0)                   0.000     0.000    i_xlnx_clk_gen/inst/clk_in1
    K17                  IBUF (Prop_ibuf_I_O)         0.243     0.243 r  i_xlnx_clk_gen/inst/clkin1_ibufg/O
                         net (fo=1, routed)           0.440     0.683    i_xlnx_clk_gen/inst/clk_in1_xlnx_clk_gen
    MMCME2_ADV_X1Y2      MMCME2_ADV (Prop_mmcme2_adv_CLKIN1_CLKOUT0)
                                                     -2.613    -1.930 r  i_xlnx_clk_gen/inst/mmcm_adv_inst/CLKOUT0
                         net (fo=1, routed)           0.696    -1.233    i_xlnx_clk_gen/inst/clk_out1_xlnx_clk_gen
    BUFGCTRL_X0Y16       BUFG (Prop_bufg_I_O)         0.026    -1.207 r  i_xlnx_clk_gen/inst/clkout1_buf/O
                         net (fo=22838, routed)       0.552    -0.656    i_axi_xbar/i_xbar/gen_mst_port_mux[0].i_axi_mux/gen_mux.i_aw_spill_reg/spill_register_flushable_i/clk_out1
    SLICE_X51Y32         FDCE                                         r  i_axi_xbar/i_xbar/gen_mst_port_mux[0].i_axi_mux/gen_mux.i_aw_spill_reg/spill_register_flushable_i/gen_spill_reg.a_data_q_reg[addr][26]/C
  -------------------------------------------------------------------    -------------------
    SLICE_X51Y32         FDCE (Prop_fdce_C_Q)         0.141    -0.515 r  i_axi_xbar/i_xbar/gen_mst_port_mux[0].i_axi_mux/gen_mux.i_aw_spill_reg/spill_register_flushable_i/gen_spill_reg.a_data_q_reg[addr][26]/Q
                         net (fo=4, routed)           0.249    -0.266    i_axi_xbar/i_xbar/gen_mst_port_mux[0].i_axi_mux/gen_mux.i_aw_spill_reg/spill_register_flushable_i/gen_spill_reg.a_data_q_reg[addr][26]
    SLICE_X48Y38         FDCE                                         r  i_axi_xbar/i_xbar/gen_mst_port_mux[0].i_axi_mux/gen_mux.i_aw_spill_reg/spill_register_flushable_i/gen_spill_reg.b_data_q_reg[addr][26]/D
  -------------------------------------------------------------------    -------------------

                         (clock clk_out1_xlnx_clk_gen rise edge)
                                                      0.000     0.000 r  
    K17                                               0.000     0.000 r  clk_sys (IN)
                         net (fo=0)                   0.000     0.000    i_xlnx_clk_gen/inst/clk_in1
    K17                  IBUF (Prop_ibuf_I_O)         0.431     0.431 r  i_xlnx_clk_gen/inst/clkin1_ibufg/O
                         net (fo=1, routed)           0.480     0.911    i_xlnx_clk_gen/inst/clk_in1_xlnx_clk_gen
    MMCME2_ADV_X1Y2      MMCME2_ADV (Prop_mmcme2_adv_CLKIN1_CLKOUT0)
                                                     -3.407    -2.496 r  i_xlnx_clk_gen/inst/mmcm_adv_inst/CLKOUT0
                         net (fo=1, routed)           0.752    -1.744    i_xlnx_clk_gen/inst/clk_out1_xlnx_clk_gen
    BUFGCTRL_X0Y16       BUFG (Prop_bufg_I_O)         0.029    -1.715 r  i_xlnx_clk_gen/inst/clkout1_buf/O
                         net (fo=22838, routed)       0.827    -0.888    i_axi_xbar/i_xbar/gen_mst_port_mux[0].i_axi_mux/gen_mux.i_aw_spill_reg/spill_register_flushable_i/clk_out1
    SLICE_X48Y38         FDCE                                         r  i_axi_xbar/i_xbar/gen_mst_port_mux[0].i_axi_mux/gen_mux.i_aw_spill_reg/spill_register_flushable_i/gen_spill_reg.b_data_q_reg[addr][26]/C
                         clock pessimism              0.503    -0.385    
    SLICE_X48Y38         FDCE (Hold_fdce_C_D)         0.070    -0.315    i_axi_xbar/i_xbar/gen_mst_port_mux[0].i_axi_mux/gen_mux.i_aw_spill_reg/spill_register_flushable_i/gen_spill_reg.b_data_q_reg[addr][26]
  -------------------------------------------------------------------
                         required time                          0.315    
                         arrival time                          -0.266    
  -------------------------------------------------------------------
                         slack                                  0.049    

Slack (MET) :             0.054ns  (arrival time - required time)
  Source:                 i_axi_xbar/i_xbar/gen_mst_port_mux[9].i_axi_mux/gen_mux.i_ar_spill_reg/spill_register_flushable_i/gen_spill_reg.a_data_q_reg[size][1]/C
                            (rising edge-triggered cell FDCE clocked by clk_out1_xlnx_clk_gen  {rise@0.000ns fall@12.500ns period=25.000ns})
  Destination:            i_axi_xbar/i_xbar/gen_mst_port_mux[9].i_axi_mux/gen_mux.i_ar_spill_reg/spill_register_flushable_i/gen_spill_reg.b_data_q_reg[size][1]/D
                            (rising edge-triggered cell FDCE clocked by clk_out1_xlnx_clk_gen  {rise@0.000ns fall@12.500ns period=25.000ns})
  Path Group:             clk_out1_xlnx_clk_gen
  Path Type:              Hold (Min at Fast Process Corner)
  Requirement:            0.000ns  (clk_out1_xlnx_clk_gen rise@0.000ns - clk_out1_xlnx_clk_gen rise@0.000ns)
  Data Path Delay:        0.393ns  (logic 0.141ns (35.869%)  route 0.252ns (64.131%))
  Logic Levels:           0  
  Clock Path Skew:        0.269ns (DCD - SCD - CPR)
    Destination Clock Delay (DCD):    -0.891ns
    Source Clock Delay      (SCD):    -0.658ns
    Clock Pessimism Removal (CPR):    -0.503ns

    Location             Delay type                Incr(ns)  Path(ns)    Netlist Resource(s)
  -------------------------------------------------------------------    -------------------
                         (clock clk_out1_xlnx_clk_gen rise edge)
                                                      0.000     0.000 r  
    K17                                               0.000     0.000 r  clk_sys (IN)
                         net (fo=0)                   0.000     0.000    i_xlnx_clk_gen/inst/clk_in1
    K17                  IBUF (Prop_ibuf_I_O)         0.243     0.243 r  i_xlnx_clk_gen/inst/clkin1_ibufg/O
                         net (fo=1, routed)           0.440     0.683    i_xlnx_clk_gen/inst/clk_in1_xlnx_clk_gen
    MMCME2_ADV_X1Y2      MMCME2_ADV (Prop_mmcme2_adv_CLKIN1_CLKOUT0)
                                                     -2.613    -1.930 r  i_xlnx_clk_gen/inst/mmcm_adv_inst/CLKOUT0
                         net (fo=1, routed)           0.696    -1.233    i_xlnx_clk_gen/inst/clk_out1_xlnx_clk_gen
    BUFGCTRL_X0Y16       BUFG (Prop_bufg_I_O)         0.026    -1.207 r  i_xlnx_clk_gen/inst/clkout1_buf/O
                         net (fo=22838, routed)       0.550    -0.658    i_axi_xbar/i_xbar/gen_mst_port_mux[9].i_axi_mux/gen_mux.i_ar_spill_reg/spill_register_flushable_i/clk_out1
    SLICE_X51Y19         FDCE                                         r  i_axi_xbar/i_xbar/gen_mst_port_mux[9].i_axi_mux/gen_mux.i_ar_spill_reg/spill_register_flushable_i/gen_spill_reg.a_data_q_reg[size][1]/C
  -------------------------------------------------------------------    -------------------
    SLICE_X51Y19         FDCE (Prop_fdce_C_Q)         0.141    -0.517 r  i_axi_xbar/i_xbar/gen_mst_port_mux[9].i_axi_mux/gen_mux.i_ar_spill_reg/spill_register_flushable_i/gen_spill_reg.a_data_q_reg[size][1]/Q
                         net (fo=2, routed)           0.252    -0.265    i_axi_xbar/i_xbar/gen_mst_port_mux[9].i_axi_mux/gen_mux.i_ar_spill_reg/spill_register_flushable_i/gen_spill_reg.a_data_q_reg[size_n_0_][1]
    SLICE_X49Y13         FDCE                                         r  i_axi_xbar/i_xbar/gen_mst_port_mux[9].i_axi_mux/gen_mux.i_ar_spill_reg/spill_register_flushable_i/gen_spill_reg.b_data_q_reg[size][1]/D
  -------------------------------------------------------------------    -------------------

                         (clock clk_out1_xlnx_clk_gen rise edge)
                                                      0.000     0.000 r  
    K17                                               0.000     0.000 r  clk_sys (IN)
                         net (fo=0)                   0.000     0.000    i_xlnx_clk_gen/inst/clk_in1
    K17                  IBUF (Prop_ibuf_I_O)         0.431     0.431 r  i_xlnx_clk_gen/inst/clkin1_ibufg/O
                         net (fo=1, routed)           0.480     0.911    i_xlnx_clk_gen/inst/clk_in1_xlnx_clk_gen
    MMCME2_ADV_X1Y2      MMCME2_ADV (Prop_mmcme2_adv_CLKIN1_CLKOUT0)
                                                     -3.407    -2.496 r  i_xlnx_clk_gen/inst/mmcm_adv_inst/CLKOUT0
                         net (fo=1, routed)           0.752    -1.744    i_xlnx_clk_gen/inst/clk_out1_xlnx_clk_gen
    BUFGCTRL_X0Y16       BUFG (Prop_bufg_I_O)         0.029    -1.715 r  i_xlnx_clk_gen/inst/clkout1_buf/O
                         net (fo=22838, routed)       0.824    -0.891    i_axi_xbar/i_xbar/gen_mst_port_mux[9].i_axi_mux/gen_mux.i_ar_spill_reg/spill_register_flushable_i/clk_out1
    SLICE_X49Y13         FDCE                                         r  i_axi_xbar/i_xbar/gen_mst_port_mux[9].i_axi_mux/gen_mux.i_ar_spill_reg/spill_register_flushable_i/gen_spill_reg.b_data_q_reg[size][1]/C
                         clock pessimism              0.503    -0.388    
    SLICE_X49Y13         FDCE (Hold_fdce_C_D)         0.070    -0.318    i_axi_xbar/i_xbar/gen_mst_port_mux[9].i_axi_mux/gen_mux.i_ar_spill_reg/spill_register_flushable_i/gen_spill_reg.b_data_q_reg[size][1]
  -------------------------------------------------------------------
                         required time                          0.318    
                         arrival time                          -0.265    
  -------------------------------------------------------------------
                         slack                                  0.054    





Pulse Width Checks
--------------------------------------------------------------------------------------
Clock Name:         clk_out1_xlnx_clk_gen
Waveform(ns):       { 0.000 12.500 }
Period(ns):         25.000
Sources:            { i_xlnx_clk_gen/inst/mmcm_adv_inst/CLKOUT0 }

Check Type        Corner  Lib Pin             Reference Pin  Required(ns)  Actual(ns)  Slack(ns)  Location         Pin
Min Period        n/a     RAMB36E1/CLKARDCLK  n/a            2.944         25.000      22.056     RAMB36_X5Y0      i_ariane/i_cva6/gen_cache_hpd.i_cache_subsystem/i_cva6_icache/gen_sram[0].data_sram/data_sram/gen_cut[0].i_tc_sram_wrapper/i_ram/Mem_DP_reg/CLKARDCLK
Min Period        n/a     RAMB36E1/CLKBWRCLK  n/a            2.944         25.000      22.056     RAMB36_X5Y0      i_ariane/i_cva6/gen_cache_hpd.i_cache_subsystem/i_cva6_icache/gen_sram[0].data_sram/data_sram/gen_cut[0].i_tc_sram_wrapper/i_ram/Mem_DP_reg/CLKBWRCLK
Min Period        n/a     RAMB36E1/CLKARDCLK  n/a            2.944         25.000      22.056     RAMB36_X5Y2      i_ariane/i_cva6/gen_cache_hpd.i_cache_subsystem/i_cva6_icache/gen_sram[0].data_sram/data_sram/gen_cut[1].i_tc_sram_wrapper/i_ram/Mem_DP_reg/CLKARDCLK
Min Period        n/a     RAMB36E1/CLKBWRCLK  n/a            2.944         25.000      22.056     RAMB36_X5Y2      i_ariane/i_cva6/gen_cache_hpd.i_cache_subsystem/i_cva6_icache/gen_sram[0].data_sram/data_sram/gen_cut[1].i_tc_sram_wrapper/i_ram/Mem_DP_reg/CLKBWRCLK
Min Period        n/a     RAMB36E1/CLKARDCLK  n/a            2.944         25.000      22.056     RAMB36_X4Y1      i_ariane/i_cva6/gen_cache_hpd.i_cache_subsystem/i_cva6_icache/gen_sram[0].tag_sram/data_sram/gen_cut[0].i_tc_sram_wrapper/i_ram/Mem_DP_reg/CLKARDCLK
Min Period        n/a     RAMB36E1/CLKBWRCLK  n/a            2.944         25.000      22.056     RAMB36_X4Y1      i_ariane/i_cva6/gen_cache_hpd.i_cache_subsystem/i_cva6_icache/gen_sram[0].tag_sram/data_sram/gen_cut[0].i_tc_sram_wrapper/i_ram/Mem_DP_reg/CLKBWRCLK
Min Period        n/a     RAMB36E1/CLKARDCLK  n/a            2.944         25.000      22.056     RAMB36_X5Y1      i_ariane/i_cva6/gen_cache_hpd.i_cache_subsystem/i_cva6_icache/gen_sram[1].data_sram/data_sram/gen_cut[0].i_tc_sram_wrapper/i_ram/Mem_DP_reg/CLKARDCLK
Min Period        n/a     RAMB36E1/CLKBWRCLK  n/a            2.944         25.000      22.056     RAMB36_X5Y1      i_ariane/i_cva6/gen_cache_hpd.i_cache_subsystem/i_cva6_icache/gen_sram[1].data_sram/data_sram/gen_cut[0].i_tc_sram_wrapper/i_ram/Mem_DP_reg/CLKBWRCLK
Min Period        n/a     RAMB36E1/CLKARDCLK  n/a            2.944         25.000      22.056     RAMB36_X5Y3      i_ariane/i_cva6/gen_cache_hpd.i_cache_subsystem/i_cva6_icache/gen_sram[1].data_sram/data_sram/gen_cut[1].i_tc_sram_wrapper/i_ram/Mem_DP_reg/CLKARDCLK
Min Period        n/a     RAMB36E1/CLKBWRCLK  n/a            2.944         25.000      22.056     RAMB36_X5Y3      i_ariane/i_cva6/gen_cache_hpd.i_cache_subsystem/i_cva6_icache/gen_sram[1].data_sram/data_sram/gen_cut[1].i_tc_sram_wrapper/i_ram/Mem_DP_reg/CLKBWRCLK
Max Period        n/a     MMCME2_ADV/CLKOUT0  n/a            213.360       25.000      188.360    MMCME2_ADV_X1Y2  i_xlnx_clk_gen/inst/mmcm_adv_inst/CLKOUT0
Low Pulse Width   Slow    RAMD32/CLK          n/a            1.250         12.500      11.250     SLICE_X102Y33    i_ariane/i_cva6/gen_cache_hpd.i_cache_subsystem/i_dcache/i_hpdcache/gen_wbuf.hpdcache_wbuf_i/send_data_ptr_fifo_i/gen_fifo.fifo_mem_q_reg[1][data_ptr]_0_1_0_0/DP/CLK
Low Pulse Width   Fast    RAMD32/CLK          n/a            1.250         12.500      11.250     SLICE_X102Y33    i_ariane/i_cva6/gen_cache_hpd.i_cache_subsystem/i_dcache/i_hpdcache/gen_wbuf.hpdcache_wbuf_i/send_data_ptr_fifo_i/gen_fifo.fifo_mem_q_reg[1][data_ptr]_0_1_0_0/DP/CLK
Low Pulse Width   Slow    RAMD32/CLK          n/a            1.250         12.500      11.250     SLICE_X102Y33    i_ariane/i_cva6/gen_cache_hpd.i_cache_subsystem/i_dcache/i_hpdcache/gen_wbuf.hpdcache_wbuf_i/send_data_ptr_fifo_i/gen_fifo.fifo_mem_q_reg[1][data_ptr]_0_1_0_0/SP/CLK
Low Pulse Width   Fast    RAMD32/CLK          n/a            1.250         12.500      11.250     SLICE_X102Y33    i_ariane/i_cva6/gen_cache_hpd.i_cache_subsystem/i_dcache/i_hpdcache/gen_wbuf.hpdcache_wbuf_i/send_data_ptr_fifo_i/gen_fifo.fifo_mem_q_reg[1][data_ptr]_0_1_0_0/SP/CLK
Low Pulse Width   Slow    RAMD32/CLK          n/a            1.250         12.500      11.250     SLICE_X102Y33    i_ariane/i_cva6/gen_cache_hpd.i_cache_subsystem/i_dcache/i_hpdcache/gen_wbuf.hpdcache_wbuf_i/send_data_ptr_fifo_i/gen_fifo.fifo_mem_q_reg[1][data_tag]_0_1_0_0/DP/CLK
Low Pulse Width   Fast    RAMD32/CLK          n/a            1.250         12.500      11.250     SLICE_X102Y33    i_ariane/i_cva6/gen_cache_hpd.i_cache_subsystem/i_dcache/i_hpdcache/gen_wbuf.hpdcache_wbuf_i/send_data_ptr_fifo_i/gen_fifo.fifo_mem_q_reg[1][data_tag]_0_1_0_0/DP/CLK
Low Pulse Width   Slow    RAMD32/CLK          n/a            1.250         12.500      11.250     SLICE_X102Y33    i_ariane/i_cva6/gen_cache_hpd.i_cache_subsystem/i_dcache/i_hpdcache/gen_wbuf.hpdcache_wbuf_i/send_data_ptr_fifo_i/gen_fifo.fifo_mem_q_reg[1][data_tag]_0_1_0_0/SP/CLK
Low Pulse Width   Fast    RAMD32/CLK          n/a            1.250         12.500      11.250     SLICE_X102Y33    i_ariane/i_cva6/gen_cache_hpd.i_cache_subsystem/i_dcache/i_hpdcache/gen_wbuf.hpdcache_wbuf_i/send_data_ptr_fifo_i/gen_fifo.fifo_mem_q_reg[1][data_tag]_0_1_0_0/SP/CLK
Low Pulse Width   Slow    RAMD32/CLK          n/a            1.250         12.500      11.250     SLICE_X86Y34     i_ariane/i_cva6/gen_cache_hpd.i_cache_subsystem/i_dcache/i_hpdcache/gen_wbuf.hpdcache_wbuf_i/send_meta_fifo_i/gen_fifo.fifo_mem_q_reg[1][meta_id]_0_1_0_0/DP/CLK
Low Pulse Width   Fast    RAMD32/CLK          n/a            1.250         12.500      11.250     SLICE_X86Y34     i_ariane/i_cva6/gen_cache_hpd.i_cache_subsystem/i_dcache/i_hpdcache/gen_wbuf.hpdcache_wbuf_i/send_meta_fifo_i/gen_fifo.fifo_mem_q_reg[1][meta_id]_0_1_0_0/DP/CLK
High Pulse Width  Slow    RAMD32/CLK          n/a            1.250         12.500      11.250     SLICE_X102Y33    i_ariane/i_cva6/gen_cache_hpd.i_cache_subsystem/i_dcache/i_hpdcache/gen_wbuf.hpdcache_wbuf_i/send_data_ptr_fifo_i/gen_fifo.fifo_mem_q_reg[1][data_ptr]_0_1_0_0/DP/CLK
High Pulse Width  Fast    RAMD32/CLK          n/a            1.250         12.500      11.250     SLICE_X102Y33    i_ariane/i_cva6/gen_cache_hpd.i_cache_subsystem/i_dcache/i_hpdcache/gen_wbuf.hpdcache_wbuf_i/send_data_ptr_fifo_i/gen_fifo.fifo_mem_q_reg[1][data_ptr]_0_1_0_0/DP/CLK
High Pulse Width  Slow    RAMD32/CLK          n/a            1.250         12.500      11.250     SLICE_X102Y33    i_ariane/i_cva6/gen_cache_hpd.i_cache_subsystem/i_dcache/i_hpdcache/gen_wbuf.hpdcache_wbuf_i/send_data_ptr_fifo_i/gen_fifo.fifo_mem_q_reg[1][data_ptr]_0_1_0_0/SP/CLK
High Pulse Width  Fast    RAMD32/CLK          n/a            1.250         12.500      11.250     SLICE_X102Y33    i_ariane/i_cva6/gen_cache_hpd.i_cache_subsystem/i_dcache/i_hpdcache/gen_wbuf.hpdcache_wbuf_i/send_data_ptr_fifo_i/gen_fifo.fifo_mem_q_reg[1][data_ptr]_0_1_0_0/SP/CLK
High Pulse Width  Slow    RAMD32/CLK          n/a            1.250         12.500      11.250     SLICE_X102Y33    i_ariane/i_cva6/gen_cache_hpd.i_cache_subsystem/i_dcache/i_hpdcache/gen_wbuf.hpdcache_wbuf_i/send_data_ptr_fifo_i/gen_fifo.fifo_mem_q_reg[1][data_tag]_0_1_0_0/DP/CLK
High Pulse Width  Fast    RAMD32/CLK          n/a            1.250         12.500      11.250     SLICE_X102Y33    i_ariane/i_cva6/gen_cache_hpd.i_cache_subsystem/i_dcache/i_hpdcache/gen_wbuf.hpdcache_wbuf_i/send_data_ptr_fifo_i/gen_fifo.fifo_mem_q_reg[1][data_tag]_0_1_0_0/DP/CLK
High Pulse Width  Slow    RAMD32/CLK          n/a            1.250         12.500      11.250     SLICE_X102Y33    i_ariane/i_cva6/gen_cache_hpd.i_cache_subsystem/i_dcache/i_hpdcache/gen_wbuf.hpdcache_wbuf_i/send_data_ptr_fifo_i/gen_fifo.fifo_mem_q_reg[1][data_tag]_0_1_0_0/SP/CLK
High Pulse Width  Fast    RAMD32/CLK          n/a            1.250         12.500      11.250     SLICE_X102Y33    i_ariane/i_cva6/gen_cache_hpd.i_cache_subsystem/i_dcache/i_hpdcache/gen_wbuf.hpdcache_wbuf_i/send_data_ptr_fifo_i/gen_fifo.fifo_mem_q_reg[1][data_tag]_0_1_0_0/SP/CLK
High Pulse Width  Slow    RAMD32/CLK          n/a            1.250         12.500      11.250     SLICE_X86Y34     i_ariane/i_cva6/gen_cache_hpd.i_cache_subsystem/i_dcache/i_hpdcache/gen_wbuf.hpdcache_wbuf_i/send_meta_fifo_i/gen_fifo.fifo_mem_q_reg[1][meta_id]_0_1_0_0/DP/CLK
High Pulse Width  Fast    RAMD32/CLK          n/a            1.250         12.500      11.250     SLICE_X86Y34     i_ariane/i_cva6/gen_cache_hpd.i_cache_subsystem/i_dcache/i_hpdcache/gen_wbuf.hpdcache_wbuf_i/send_meta_fifo_i/gen_fifo.fifo_mem_q_reg[1][meta_id]_0_1_0_0/DP/CLK



---------------------------------------------------------------------------------------------------
From Clock:  clkfbout_xlnx_clk_gen
  To Clock:  clkfbout_xlnx_clk_gen

Setup :           NA  Failing Endpoints,  Worst Slack           NA  ,  Total Violation           NA
Hold  :           NA  Failing Endpoints,  Worst Slack           NA  ,  Total Violation           NA
PW    :            0  Failing Endpoints,  Worst Slack        5.845ns,  Total Violation        0.000ns
---------------------------------------------------------------------------------------------------


Pulse Width Checks
--------------------------------------------------------------------------------------
Clock Name:         clkfbout_xlnx_clk_gen
Waveform(ns):       { 0.000 4.000 }
Period(ns):         8.000
Sources:            { i_xlnx_clk_gen/inst/mmcm_adv_inst/CLKFBOUT }

Check Type  Corner  Lib Pin              Reference Pin  Required(ns)  Actual(ns)  Slack(ns)  Location         Pin
Min Period  n/a     BUFG/I               n/a            2.155         8.000       5.845      BUFGCTRL_X0Y17   i_xlnx_clk_gen/inst/clkf_buf/I
Min Period  n/a     MMCME2_ADV/CLKFBOUT  n/a            1.249         8.000       6.751      MMCME2_ADV_X1Y2  i_xlnx_clk_gen/inst/mmcm_adv_inst/CLKFBOUT
Min Period  n/a     MMCME2_ADV/CLKFBIN   n/a            1.249         8.000       6.751      MMCME2_ADV_X1Y2  i_xlnx_clk_gen/inst/mmcm_adv_inst/CLKFBIN
Max Period  n/a     MMCME2_ADV/CLKFBIN   n/a            100.000       8.000       92.000     MMCME2_ADV_X1Y2  i_xlnx_clk_gen/inst/mmcm_adv_inst/CLKFBIN
Max Period  n/a     MMCME2_ADV/CLKFBOUT  n/a            213.360       8.000       205.360    MMCME2_ADV_X1Y2  i_xlnx_clk_gen/inst/mmcm_adv_inst/CLKFBOUT



---------------------------------------------------------------------------------------------------
From Clock:  tck
  To Clock:  tck

Setup :            0  Failing Endpoints,  Worst Slack        0.917ns,  Total Violation        0.000ns
Hold  :            0  Failing Endpoints,  Worst Slack        0.117ns,  Total Violation        0.000ns
PW    :            0  Failing Endpoints,  Worst Slack       49.500ns,  Total Violation        0.000ns
---------------------------------------------------------------------------------------------------


Max Delay Paths
--------------------------------------------------------------------------------------
Slack (MET) :             0.917ns  (required time - arrival time)
  Source:                 i_dmi_jtag/i_dmi_jtag_tap/td_o_reg/C
                            (falling edge-triggered cell FDCE clocked by tck  {rise@0.000ns fall@50.000ns period=100.000ns})
  Destination:            tdo
                            (output port clocked by tck  {rise@0.000ns fall@50.000ns period=100.000ns})
  Path Group:             tck
  Path Type:              Max at Slow Process Corner
  Requirement:            20.000ns  (MaxDelay Path 20.000ns)
  Data Path Delay:        6.468ns  (logic 4.015ns (62.085%)  route 2.452ns (37.915%))
  Logic Levels:           1  (OBUF=1)
  Output Delay:           5.000ns
  Clock Path Skew:        -7.114ns (DCD - SCD + CPR)
    Destination Clock Delay (DCD):    0.000ns
    Source Clock Delay      (SCD):    7.114ns
    Clock Pessimism Removal (CPR):    0.000ns
  Clock Uncertainty:      0.501ns  ((TSJ^2 + TIJ^2)^1/2 + DJ) / 2 + PE
    Total System Jitter     (TSJ):    0.071ns
    Total Input Jitter      (TIJ):    1.000ns
    Discrete Jitter          (DJ):    0.000ns
    Phase Error              (PE):    0.000ns
  Timing Exception:       MaxDelay Path 20.000ns

    Location             Delay type                Incr(ns)  Path(ns)    Netlist Resource(s)
  -------------------------------------------------------------------    -------------------
                         (clock tck fall edge)        0.000     0.000 f  
    H15                                               0.000     0.000 f  tck (IN)
                         net (fo=0)                   0.000     0.000    tck
    H15                  IBUF (Prop_ibuf_I_O)         1.500     1.500 f  tck_IBUF_inst/O
                         net (fo=1, routed)           3.659     5.159    tck_IBUF
    BUFGCTRL_X0Y0        BUFG (Prop_bufg_I_O)         0.101     5.260 f  tck_IBUF_BUFG_inst/O
                         net (fo=258, routed)         1.854     7.114    i_dmi_jtag/i_dmi_jtag_tap/tck_ni
    SLICE_X113Y78        FDCE                                         r  i_dmi_jtag/i_dmi_jtag_tap/td_o_reg/C  (IS_INVERTED)
  -------------------------------------------------------------------    -------------------
    SLICE_X113Y78        FDCE (Prop_fdce_C_Q)         0.459     7.573 r  i_dmi_jtag/i_dmi_jtag_tap/td_o_reg/Q
                         net (fo=1, routed)           2.452    10.026    tdo_OBUF
    J15                  OBUF (Prop_obuf_I_O)         3.556    13.582 r  tdo_OBUF_inst/O
                         net (fo=0)                   0.000    13.582    tdo
    J15                                                               r  tdo (OUT)
  -------------------------------------------------------------------    -------------------

                         max delay                   20.000    20.000    
                         clock pessimism              0.000    20.000    
                         clock uncertainty           -0.501    19.499    
                         output delay                -5.000    14.499    
  -------------------------------------------------------------------
                         required time                         14.499    
                         arrival time                         -13.582    
  -------------------------------------------------------------------
                         slack                                  0.917    

Slack (MET) :             14.063ns  (required time - arrival time)
  Source:                 tdi
                            (input port clocked by tck  {rise@0.000ns fall@50.000ns period=100.000ns})
  Destination:            i_dmi_jtag/dr_q_reg[40]/D
                            (rising edge-triggered cell FDCE clocked by tck  {rise@0.000ns fall@50.000ns period=100.000ns})
  Path Group:             tck
  Path Type:              Setup (Max at Fast Process Corner)
  Requirement:            20.000ns  (MaxDelay Path 20.000ns)
  Data Path Delay:        2.846ns  (logic 0.510ns (17.932%)  route 2.336ns (82.068%))
  Logic Levels:           2  (IBUF=1 LUT4=1)
  Input Delay:            5.000ns
  Clock Path Skew:        2.397ns (DCD - SCD + CPR)
    Destination Clock Delay (DCD):    2.397ns
    Source Clock Delay      (SCD):    0.000ns
    Clock Pessimism Removal (CPR):    0.000ns
  Clock Uncertainty:      0.501ns  ((TSJ^2 + TIJ^2)^1/2 + DJ) / 2 + PE
    Total System Jitter     (TSJ):    0.071ns
    Total Input Jitter      (TIJ):    1.000ns
    Discrete Jitter          (DJ):    0.000ns
    Phase Error              (PE):    0.000ns
  Timing Exception:       MaxDelay Path 20.000ns

    Location             Delay type                Incr(ns)  Path(ns)    Netlist Resource(s)
  -------------------------------------------------------------------    -------------------
                         (clock tck fall edge)        0.000     0.000 f  
                         input delay                  5.000     5.000    
    W16                                               0.000     5.000 r  tdi (IN)
                         net (fo=0)                   0.000     5.000    tdi
    W16                  IBUF (Prop_ibuf_I_O)         0.454     5.454 r  tdi_IBUF_inst/O
                         net (fo=5, routed)           2.336     7.790    i_dmi_jtag/i_dmi_jtag_tap/tdi_IBUF
    SLICE_X79Y1          LUT4 (Prop_lut4_I0_O)        0.056     7.846 r  i_dmi_jtag/i_dmi_jtag_tap/dr_q[40]_i_2/O
                         net (fo=1, routed)           0.000     7.846    i_dmi_jtag/dr_d[40]
    SLICE_X79Y1          FDCE                                         r  i_dmi_jtag/dr_q_reg[40]/D
  -------------------------------------------------------------------    -------------------

                         max delay                   20.000    20.000    
    H15                                               0.000    20.000 r  tck (IN)
                         net (fo=0)                   0.000    20.000    tck
    H15                  IBUF (Prop_ibuf_I_O)         0.268    20.268 r  tck_IBUF_inst/O
                         net (fo=1, routed)           1.516    21.784    tck_IBUF
    BUFGCTRL_X0Y0        BUFG (Prop_bufg_I_O)         0.026    21.810 r  tck_IBUF_BUFG_inst/O
                         net (fo=258, routed)         0.587    22.397    i_dmi_jtag/CLK
    SLICE_X79Y1          FDCE                                         r  i_dmi_jtag/dr_q_reg[40]/C
                         clock pessimism              0.000    22.397    
                         clock uncertainty           -0.501    21.895    
    SLICE_X79Y1          FDCE (Setup_fdce_C_D)        0.014    21.909    i_dmi_jtag/dr_q_reg[40]
  -------------------------------------------------------------------
                         required time                         21.909    
                         arrival time                          -7.846    
  -------------------------------------------------------------------
                         slack                                 14.063    

Slack (MET) :             14.493ns  (required time - arrival time)
  Source:                 tms
                            (input port clocked by tck  {rise@0.000ns fall@50.000ns period=100.000ns})
  Destination:            i_dmi_jtag/i_dmi_jtag_tap/FSM_onehot_tap_state_q_reg[1]/D
                            (rising edge-triggered cell FDCE clocked by tck  {rise@0.000ns fall@50.000ns period=100.000ns})
  Path Group:             tck
  Path Type:              Setup (Max at Fast Process Corner)
  Requirement:            20.000ns  (MaxDelay Path 20.000ns)
  Data Path Delay:        2.471ns  (logic 0.558ns (22.587%)  route 1.913ns (77.413%))
  Logic Levels:           2  (IBUF=1 LUT4=1)
  Input Delay:            5.000ns
  Clock Path Skew:        2.451ns (DCD - SCD + CPR)
    Destination Clock Delay (DCD):    2.451ns
    Source Clock Delay      (SCD):    0.000ns
    Clock Pessimism Removal (CPR):    0.000ns
  Clock Uncertainty:      0.501ns  ((TSJ^2 + TIJ^2)^1/2 + DJ) / 2 + PE
    Total System Jitter     (TSJ):    0.071ns
    Total Input Jitter      (TIJ):    1.000ns
    Discrete Jitter          (DJ):    0.000ns
    Phase Error              (PE):    0.000ns
  Timing Exception:       MaxDelay Path 20.000ns

    Location             Delay type                Incr(ns)  Path(ns)    Netlist Resource(s)
  -------------------------------------------------------------------    -------------------
                         (clock tck fall edge)        0.000     0.000 f  
                         input delay                  5.000     5.000    
    V12                                               0.000     5.000 r  tms (IN)
                         net (fo=0)                   0.000     5.000    tms
    V12                  IBUF (Prop_ibuf_I_O)         0.502     5.502 r  tms_IBUF_inst/O
                         net (fo=16, routed)          1.913     7.415    i_dmi_jtag/i_dmi_jtag_tap/tms_IBUF
    SLICE_X110Y2         LUT4 (Prop_lut4_I3_O)        0.056     7.471 r  i_dmi_jtag/i_dmi_jtag_tap/FSM_onehot_tap_state_q[1]_i_1/O
                         net (fo=1, routed)           0.000     7.471    i_dmi_jtag/i_dmi_jtag_tap/FSM_onehot_tap_state_q[1]_i_1_n_0
    SLICE_X110Y2         FDCE                                         r  i_dmi_jtag/i_dmi_jtag_tap/FSM_onehot_tap_state_q_reg[1]/D
  -------------------------------------------------------------------    -------------------

                         max delay                   20.000    20.000    
    H15                                               0.000    20.000 r  tck (IN)
                         net (fo=0)                   0.000    20.000    tck
    H15                  IBUF (Prop_ibuf_I_O)         0.268    20.268 r  tck_IBUF_inst/O
                         net (fo=1, routed)           1.516    21.784    tck_IBUF
    BUFGCTRL_X0Y0        BUFG (Prop_bufg_I_O)         0.026    21.810 r  tck_IBUF_BUFG_inst/O
                         net (fo=258, routed)         0.641    22.451    i_dmi_jtag/i_dmi_jtag_tap/CLK
    SLICE_X110Y2         FDCE                                         r  i_dmi_jtag/i_dmi_jtag_tap/FSM_onehot_tap_state_q_reg[1]/C
                         clock pessimism              0.000    22.451    
                         clock uncertainty           -0.501    21.949    
    SLICE_X110Y2         FDCE (Setup_fdce_C_D)        0.014    21.963    i_dmi_jtag/i_dmi_jtag_tap/FSM_onehot_tap_state_q_reg[1]
  -------------------------------------------------------------------
                         required time                         21.963    
                         arrival time                          -7.471    
  -------------------------------------------------------------------
                         slack                                 14.493    

Slack (MET) :             14.629ns  (required time - arrival time)
  Source:                 tms
                            (input port clocked by tck  {rise@0.000ns fall@50.000ns period=100.000ns})
  Destination:            i_dmi_jtag/i_dmi_jtag_tap/FSM_onehot_tap_state_q_reg[0]/D
                            (rising edge-triggered cell FDPE clocked by tck  {rise@0.000ns fall@50.000ns period=100.000ns})
  Path Group:             tck
  Path Type:              Setup (Max at Fast Process Corner)
  Requirement:            20.000ns  (MaxDelay Path 20.000ns)
  Data Path Delay:        2.335ns  (logic 0.558ns (23.902%)  route 1.777ns (76.098%))
  Logic Levels:           2  (IBUF=1 LUT5=1)
  Input Delay:            5.000ns
  Clock Path Skew:        2.451ns (DCD - SCD + CPR)
    Destination Clock Delay (DCD):    2.451ns
    Source Clock Delay      (SCD):    0.000ns
    Clock Pessimism Removal (CPR):    0.000ns
  Clock Uncertainty:      0.501ns  ((TSJ^2 + TIJ^2)^1/2 + DJ) / 2 + PE
    Total System Jitter     (TSJ):    0.071ns
    Total Input Jitter      (TIJ):    1.000ns
    Discrete Jitter          (DJ):    0.000ns
    Phase Error              (PE):    0.000ns
  Timing Exception:       MaxDelay Path 20.000ns

    Location             Delay type                Incr(ns)  Path(ns)    Netlist Resource(s)
  -------------------------------------------------------------------    -------------------
                         (clock tck fall edge)        0.000     0.000 f  
                         input delay                  5.000     5.000    
    V12                                               0.000     5.000 f  tms (IN)
                         net (fo=0)                   0.000     5.000    tms
    V12                  IBUF (Prop_ibuf_I_O)         0.502     5.502 f  tms_IBUF_inst/O
                         net (fo=16, routed)          1.777     7.279    i_dmi_jtag/i_dmi_jtag_tap/tms_IBUF
    SLICE_X110Y2         LUT5 (Prop_lut5_I1_O)        0.056     7.335 r  i_dmi_jtag/i_dmi_jtag_tap/FSM_onehot_tap_state_q[0]_i_1/O
                         net (fo=1, routed)           0.000     7.335    i_dmi_jtag/i_dmi_jtag_tap/FSM_onehot_tap_state_q[0]_i_1_n_0
    SLICE_X110Y2         FDPE                                         r  i_dmi_jtag/i_dmi_jtag_tap/FSM_onehot_tap_state_q_reg[0]/D
  -------------------------------------------------------------------    -------------------

                         max delay                   20.000    20.000    
    H15                                               0.000    20.000 r  tck (IN)
                         net (fo=0)                   0.000    20.000    tck
    H15                  IBUF (Prop_ibuf_I_O)         0.268    20.268 r  tck_IBUF_inst/O
                         net (fo=1, routed)           1.516    21.784    tck_IBUF
    BUFGCTRL_X0Y0        BUFG (Prop_bufg_I_O)         0.026    21.810 r  tck_IBUF_BUFG_inst/O
                         net (fo=258, routed)         0.641    22.451    i_dmi_jtag/i_dmi_jtag_tap/CLK
    SLICE_X110Y2         FDPE                                         r  i_dmi_jtag/i_dmi_jtag_tap/FSM_onehot_tap_state_q_reg[0]/C
                         clock pessimism              0.000    22.451    
                         clock uncertainty           -0.501    21.949    
    SLICE_X110Y2         FDPE (Setup_fdpe_C_D)        0.014    21.963    i_dmi_jtag/i_dmi_jtag_tap/FSM_onehot_tap_state_q_reg[0]
  -------------------------------------------------------------------
                         required time                         21.963    
                         arrival time                          -7.335    
  -------------------------------------------------------------------
                         slack                                 14.629    

Slack (MET) :             14.631ns  (required time - arrival time)
  Source:                 tms
                            (input port clocked by tck  {rise@0.000ns fall@50.000ns period=100.000ns})
  Destination:            i_dmi_jtag/i_dmi_jtag_tap/FSM_onehot_tap_state_q_reg[4]/D
                            (rising edge-triggered cell FDCE clocked by tck  {rise@0.000ns fall@50.000ns period=100.000ns})
  Path Group:             tck
  Path Type:              Setup (Max at Fast Process Corner)
  Requirement:            20.000ns  (MaxDelay Path 20.000ns)
  Data Path Delay:        2.332ns  (logic 0.558ns (23.935%)  route 1.774ns (76.065%))
  Logic Levels:           2  (IBUF=1 LUT2=1)
  Input Delay:            5.000ns
  Clock Path Skew:        2.450ns (DCD - SCD + CPR)
    Destination Clock Delay (DCD):    2.450ns
    Source Clock Delay      (SCD):    0.000ns
    Clock Pessimism Removal (CPR):    0.000ns
  Clock Uncertainty:      0.501ns  ((TSJ^2 + TIJ^2)^1/2 + DJ) / 2 + PE
    Total System Jitter     (TSJ):    0.071ns
    Total Input Jitter      (TIJ):    1.000ns
    Discrete Jitter          (DJ):    0.000ns
    Phase Error              (PE):    0.000ns
  Timing Exception:       MaxDelay Path 20.000ns

    Location             Delay type                Incr(ns)  Path(ns)    Netlist Resource(s)
  -------------------------------------------------------------------    -------------------
                         (clock tck fall edge)        0.000     0.000 f  
                         input delay                  5.000     5.000    
    V12                                               0.000     5.000 f  tms (IN)
                         net (fo=0)                   0.000     5.000    tms
    V12                  IBUF (Prop_ibuf_I_O)         0.502     5.502 f  tms_IBUF_inst/O
                         net (fo=16, routed)          1.774     7.276    i_dmi_jtag/i_dmi_jtag_tap/tms_IBUF
    SLICE_X110Y5         LUT2 (Prop_lut2_I1_O)        0.056     7.332 r  i_dmi_jtag/i_dmi_jtag_tap/FSM_onehot_tap_state_q[4]_i_1/O
                         net (fo=1, routed)           0.000     7.332    i_dmi_jtag/i_dmi_jtag_tap/FSM_onehot_tap_state_q[4]_i_1_n_0
    SLICE_X110Y5         FDCE                                         r  i_dmi_jtag/i_dmi_jtag_tap/FSM_onehot_tap_state_q_reg[4]/D
  -------------------------------------------------------------------    -------------------

                         max delay                   20.000    20.000    
    H15                                               0.000    20.000 r  tck (IN)
                         net (fo=0)                   0.000    20.000    tck
    H15                  IBUF (Prop_ibuf_I_O)         0.268    20.268 r  tck_IBUF_inst/O
                         net (fo=1, routed)           1.516    21.784    tck_IBUF
    BUFGCTRL_X0Y0        BUFG (Prop_bufg_I_O)         0.026    21.810 r  tck_IBUF_BUFG_inst/O
                         net (fo=258, routed)         0.640    22.450    i_dmi_jtag/i_dmi_jtag_tap/CLK
    SLICE_X110Y5         FDCE                                         r  i_dmi_jtag/i_dmi_jtag_tap/FSM_onehot_tap_state_q_reg[4]/C
                         clock pessimism              0.000    22.450    
                         clock uncertainty           -0.501    21.948    
    SLICE_X110Y5         FDCE (Setup_fdce_C_D)        0.014    21.962    i_dmi_jtag/i_dmi_jtag_tap/FSM_onehot_tap_state_q_reg[4]
  -------------------------------------------------------------------
                         required time                         21.962    
                         arrival time                          -7.332    
  -------------------------------------------------------------------
                         slack                                 14.631    

Slack (MET) :             14.703ns  (required time - arrival time)
  Source:                 tms
                            (input port clocked by tck  {rise@0.000ns fall@50.000ns period=100.000ns})
  Destination:            i_dmi_jtag/i_dmi_jtag_tap/FSM_onehot_tap_state_q_reg[2]/D
                            (rising edge-triggered cell FDCE clocked by tck  {rise@0.000ns fall@50.000ns period=100.000ns})
  Path Group:             tck
  Path Type:              Setup (Max at Fast Process Corner)
  Requirement:            20.000ns  (MaxDelay Path 20.000ns)
  Data Path Delay:        2.259ns  (logic 0.558ns (24.706%)  route 1.701ns (75.294%))
  Logic Levels:           2  (IBUF=1 LUT2=1)
  Input Delay:            5.000ns
  Clock Path Skew:        2.450ns (DCD - SCD + CPR)
    Destination Clock Delay (DCD):    2.450ns
    Source Clock Delay      (SCD):    0.000ns
    Clock Pessimism Removal (CPR):    0.000ns
  Clock Uncertainty:      0.501ns  ((TSJ^2 + TIJ^2)^1/2 + DJ) / 2 + PE
    Total System Jitter     (TSJ):    0.071ns
    Total Input Jitter      (TIJ):    1.000ns
    Discrete Jitter          (DJ):    0.000ns
    Phase Error              (PE):    0.000ns
  Timing Exception:       MaxDelay Path 20.000ns

    Location             Delay type                Incr(ns)  Path(ns)    Netlist Resource(s)
  -------------------------------------------------------------------    -------------------
                         (clock tck fall edge)        0.000     0.000 f  
                         input delay                  5.000     5.000    
    V12                                               0.000     5.000 r  tms (IN)
                         net (fo=0)                   0.000     5.000    tms
    V12                  IBUF (Prop_ibuf_I_O)         0.502     5.502 r  tms_IBUF_inst/O
                         net (fo=16, routed)          1.701     7.203    i_dmi_jtag/i_dmi_jtag_tap/tms_IBUF
    SLICE_X110Y5         LUT2 (Prop_lut2_I1_O)        0.056     7.259 r  i_dmi_jtag/i_dmi_jtag_tap/FSM_onehot_tap_state_q[2]_i_1/O
                         net (fo=1, routed)           0.000     7.259    i_dmi_jtag/i_dmi_jtag_tap/FSM_onehot_tap_state_q[2]_i_1_n_0
    SLICE_X110Y5         FDCE                                         r  i_dmi_jtag/i_dmi_jtag_tap/FSM_onehot_tap_state_q_reg[2]/D
  -------------------------------------------------------------------    -------------------

                         max delay                   20.000    20.000    
    H15                                               0.000    20.000 r  tck (IN)
                         net (fo=0)                   0.000    20.000    tck
    H15                  IBUF (Prop_ibuf_I_O)         0.268    20.268 r  tck_IBUF_inst/O
                         net (fo=1, routed)           1.516    21.784    tck_IBUF
    BUFGCTRL_X0Y0        BUFG (Prop_bufg_I_O)         0.026    21.810 r  tck_IBUF_BUFG_inst/O
                         net (fo=258, routed)         0.640    22.450    i_dmi_jtag/i_dmi_jtag_tap/CLK
    SLICE_X110Y5         FDCE                                         r  i_dmi_jtag/i_dmi_jtag_tap/FSM_onehot_tap_state_q_reg[2]/C
                         clock pessimism              0.000    22.450    
                         clock uncertainty           -0.501    21.948    
    SLICE_X110Y5         FDCE (Setup_fdce_C_D)        0.013    21.961    i_dmi_jtag/i_dmi_jtag_tap/FSM_onehot_tap_state_q_reg[2]
  -------------------------------------------------------------------
                         required time                         21.961    
                         arrival time                          -7.259    
  -------------------------------------------------------------------
                         slack                                 14.703    

Slack (MET) :             14.728ns  (required time - arrival time)
  Source:                 tdi
                            (input port clocked by tck  {rise@0.000ns fall@50.000ns period=100.000ns})
  Destination:            i_dmi_jtag/i_dmi_jtag_tap/dtmcs_q_reg[zero1][31]/D
                            (rising edge-triggered cell FDCE clocked by tck  {rise@0.000ns fall@50.000ns period=100.000ns})
  Path Group:             tck
  Path Type:              Setup (Max at Fast Process Corner)
  Requirement:            20.000ns  (MaxDelay Path 20.000ns)
  Data Path Delay:        2.233ns  (logic 0.510ns (22.853%)  route 1.723ns (77.147%))
  Logic Levels:           2  (IBUF=1 LUT2=1)
  Input Delay:            5.000ns
  Clock Path Skew:        2.450ns (DCD - SCD + CPR)
    Destination Clock Delay (DCD):    2.450ns
    Source Clock Delay      (SCD):    0.000ns
    Clock Pessimism Removal (CPR):    0.000ns
  Clock Uncertainty:      0.501ns  ((TSJ^2 + TIJ^2)^1/2 + DJ) / 2 + PE
    Total System Jitter     (TSJ):    0.071ns
    Total Input Jitter      (TIJ):    1.000ns
    Discrete Jitter          (DJ):    0.000ns
    Phase Error              (PE):    0.000ns
  Timing Exception:       MaxDelay Path 20.000ns

    Location             Delay type                Incr(ns)  Path(ns)    Netlist Resource(s)
  -------------------------------------------------------------------    -------------------
                         (clock tck fall edge)        0.000     0.000 f  
                         input delay                  5.000     5.000    
    W16                                               0.000     5.000 r  tdi (IN)
                         net (fo=0)                   0.000     5.000    tdi
    W16                  IBUF (Prop_ibuf_I_O)         0.454     5.454 r  tdi_IBUF_inst/O
                         net (fo=5, routed)           1.723     7.177    i_dmi_jtag/i_dmi_jtag_tap/tdi_IBUF
    SLICE_X109Y1         LUT2 (Prop_lut2_I0_O)        0.056     7.233 r  i_dmi_jtag/i_dmi_jtag_tap/dtmcs_q[zero1][31]_i_1/O
                         net (fo=1, routed)           0.000     7.233    i_dmi_jtag/i_dmi_jtag_tap/dtmcs_d[zero1][31]
    SLICE_X109Y1         FDCE                                         r  i_dmi_jtag/i_dmi_jtag_tap/dtmcs_q_reg[zero1][31]/D
  -------------------------------------------------------------------    -------------------

                         max delay                   20.000    20.000    
    H15                                               0.000    20.000 r  tck (IN)
                         net (fo=0)                   0.000    20.000    tck
    H15                  IBUF (Prop_ibuf_I_O)         0.268    20.268 r  tck_IBUF_inst/O
                         net (fo=1, routed)           1.516    21.784    tck_IBUF
    BUFGCTRL_X0Y0        BUFG (Prop_bufg_I_O)         0.026    21.810 r  tck_IBUF_BUFG_inst/O
                         net (fo=258, routed)         0.640    22.450    i_dmi_jtag/i_dmi_jtag_tap/CLK
    SLICE_X109Y1         FDCE                                         r  i_dmi_jtag/i_dmi_jtag_tap/dtmcs_q_reg[zero1][31]/C
                         clock pessimism              0.000    22.450    
                         clock uncertainty           -0.501    21.948    
    SLICE_X109Y1         FDCE (Setup_fdce_C_D)        0.013    21.961    i_dmi_jtag/i_dmi_jtag_tap/dtmcs_q_reg[zero1][31]
  -------------------------------------------------------------------
                         required time                         21.961    
                         arrival time                          -7.233    
  -------------------------------------------------------------------
                         slack                                 14.728    

Slack (MET) :             14.769ns  (required time - arrival time)
  Source:                 tms
                            (input port clocked by tck  {rise@0.000ns fall@50.000ns period=100.000ns})
  Destination:            i_dmi_jtag/i_dmi_jtag_tap/FSM_onehot_tap_state_q_reg[10]/D
                            (rising edge-triggered cell FDCE clocked by tck  {rise@0.000ns fall@50.000ns period=100.000ns})
  Path Group:             tck
  Path Type:              Setup (Max at Fast Process Corner)
  Requirement:            20.000ns  (MaxDelay Path 20.000ns)
  Data Path Delay:        2.194ns  (logic 0.558ns (25.439%)  route 1.636ns (74.561%))
  Logic Levels:           2  (IBUF=1 LUT2=1)
  Input Delay:            5.000ns
  Clock Path Skew:        2.450ns (DCD - SCD + CPR)
    Destination Clock Delay (DCD):    2.450ns
    Source Clock Delay      (SCD):    0.000ns
    Clock Pessimism Removal (CPR):    0.000ns
  Clock Uncertainty:      0.501ns  ((TSJ^2 + TIJ^2)^1/2 + DJ) / 2 + PE
    Total System Jitter     (TSJ):    0.071ns
    Total Input Jitter      (TIJ):    1.000ns
    Discrete Jitter          (DJ):    0.000ns
    Phase Error              (PE):    0.000ns
  Timing Exception:       MaxDelay Path 20.000ns

    Location             Delay type                Incr(ns)  Path(ns)    Netlist Resource(s)
  -------------------------------------------------------------------    -------------------
                         (clock tck fall edge)        0.000     0.000 f  
                         input delay                  5.000     5.000    
    V12                                               0.000     5.000 f  tms (IN)
                         net (fo=0)                   0.000     5.000    tms
    V12                  IBUF (Prop_ibuf_I_O)         0.502     5.502 f  tms_IBUF_inst/O
                         net (fo=16, routed)          1.636     7.138    i_dmi_jtag/i_dmi_jtag_tap/tms_IBUF
    SLICE_X110Y5         LUT2 (Prop_lut2_I1_O)        0.056     7.194 r  i_dmi_jtag/i_dmi_jtag_tap/FSM_onehot_tap_state_q[10]_i_1/O
                         net (fo=1, routed)           0.000     7.194    i_dmi_jtag/i_dmi_jtag_tap/FSM_onehot_tap_state_q[10]_i_1_n_0
    SLICE_X110Y5         FDCE                                         r  i_dmi_jtag/i_dmi_jtag_tap/FSM_onehot_tap_state_q_reg[10]/D
  -------------------------------------------------------------------    -------------------

                         max delay                   20.000    20.000    
    H15                                               0.000    20.000 r  tck (IN)
                         net (fo=0)                   0.000    20.000    tck
    H15                  IBUF (Prop_ibuf_I_O)         0.268    20.268 r  tck_IBUF_inst/O
                         net (fo=1, routed)           1.516    21.784    tck_IBUF
    BUFGCTRL_X0Y0        BUFG (Prop_bufg_I_O)         0.026    21.810 r  tck_IBUF_BUFG_inst/O
                         net (fo=258, routed)         0.640    22.450    i_dmi_jtag/i_dmi_jtag_tap/CLK
    SLICE_X110Y5         FDCE                                         r  i_dmi_jtag/i_dmi_jtag_tap/FSM_onehot_tap_state_q_reg[10]/C
                         clock pessimism              0.000    22.450    
                         clock uncertainty           -0.501    21.948    
    SLICE_X110Y5         FDCE (Setup_fdce_C_D)        0.014    21.962    i_dmi_jtag/i_dmi_jtag_tap/FSM_onehot_tap_state_q_reg[10]
  -------------------------------------------------------------------
                         required time                         21.962    
                         arrival time                          -7.194    
  -------------------------------------------------------------------
                         slack                                 14.769    

Slack (MET) :             14.792ns  (required time - arrival time)
  Source:                 tms
                            (input port clocked by tck  {rise@0.000ns fall@50.000ns period=100.000ns})
  Destination:            i_dmi_jtag/i_dmi_jtag_tap/FSM_onehot_tap_state_q_reg[3]/D
                            (rising edge-triggered cell FDCE clocked by tck  {rise@0.000ns fall@50.000ns period=100.000ns})
  Path Group:             tck
  Path Type:              Setup (Max at Fast Process Corner)
  Requirement:            20.000ns  (MaxDelay Path 20.000ns)
  Data Path Delay:        2.171ns  (logic 0.558ns (25.709%)  route 1.613ns (74.291%))
  Logic Levels:           2  (IBUF=1 LUT3=1)
  Input Delay:            5.000ns
  Clock Path Skew:        2.450ns (DCD - SCD + CPR)
    Destination Clock Delay (DCD):    2.450ns
    Source Clock Delay      (SCD):    0.000ns
    Clock Pessimism Removal (CPR):    0.000ns
  Clock Uncertainty:      0.501ns  ((TSJ^2 + TIJ^2)^1/2 + DJ) / 2 + PE
    Total System Jitter     (TSJ):    0.071ns
    Total Input Jitter      (TIJ):    1.000ns
    Discrete Jitter          (DJ):    0.000ns
    Phase Error              (PE):    0.000ns
  Timing Exception:       MaxDelay Path 20.000ns

    Location             Delay type                Incr(ns)  Path(ns)    Netlist Resource(s)
  -------------------------------------------------------------------    -------------------
                         (clock tck fall edge)        0.000     0.000 f  
                         input delay                  5.000     5.000    
    V12                                               0.000     5.000 r  tms (IN)
                         net (fo=0)                   0.000     5.000    tms
    V12                  IBUF (Prop_ibuf_I_O)         0.502     5.502 r  tms_IBUF_inst/O
                         net (fo=16, routed)          1.613     7.115    i_dmi_jtag/i_dmi_jtag_tap/tms_IBUF
    SLICE_X110Y5         LUT3 (Prop_lut3_I1_O)        0.056     7.171 r  i_dmi_jtag/i_dmi_jtag_tap/FSM_onehot_tap_state_q[3]_i_1/O
                         net (fo=1, routed)           0.000     7.171    i_dmi_jtag/i_dmi_jtag_tap/FSM_onehot_tap_state_q[3]_i_1_n_0
    SLICE_X110Y5         FDCE                                         r  i_dmi_jtag/i_dmi_jtag_tap/FSM_onehot_tap_state_q_reg[3]/D
  -------------------------------------------------------------------    -------------------

                         max delay                   20.000    20.000    
    H15                                               0.000    20.000 r  tck (IN)
                         net (fo=0)                   0.000    20.000    tck
    H15                  IBUF (Prop_ibuf_I_O)         0.268    20.268 r  tck_IBUF_inst/O
                         net (fo=1, routed)           1.516    21.784    tck_IBUF
    BUFGCTRL_X0Y0        BUFG (Prop_bufg_I_O)         0.026    21.810 r  tck_IBUF_BUFG_inst/O
                         net (fo=258, routed)         0.640    22.450    i_dmi_jtag/i_dmi_jtag_tap/CLK
    SLICE_X110Y5         FDCE                                         r  i_dmi_jtag/i_dmi_jtag_tap/FSM_onehot_tap_state_q_reg[3]/C
                         clock pessimism              0.000    22.450    
                         clock uncertainty           -0.501    21.948    
    SLICE_X110Y5         FDCE (Setup_fdce_C_D)        0.014    21.962    i_dmi_jtag/i_dmi_jtag_tap/FSM_onehot_tap_state_q_reg[3]
  -------------------------------------------------------------------
                         required time                         21.962    
                         arrival time                          -7.171    
  -------------------------------------------------------------------
                         slack                                 14.792    

Slack (MET) :             14.841ns  (required time - arrival time)
  Source:                 tms
                            (input port clocked by tck  {rise@0.000ns fall@50.000ns period=100.000ns})
  Destination:            i_dmi_jtag/i_dmi_jtag_tap/FSM_onehot_tap_state_q_reg[11]/D
                            (rising edge-triggered cell FDCE clocked by tck  {rise@0.000ns fall@50.000ns period=100.000ns})
  Path Group:             tck
  Path Type:              Setup (Max at Fast Process Corner)
  Requirement:            20.000ns  (MaxDelay Path 20.000ns)
  Data Path Delay:        2.120ns  (logic 0.558ns (26.323%)  route 1.562ns (73.677%))
  Logic Levels:           2  (IBUF=1 LUT4=1)
  Input Delay:            5.000ns
  Clock Path Skew:        2.450ns (DCD - SCD + CPR)
    Destination Clock Delay (DCD):    2.450ns
    Source Clock Delay      (SCD):    0.000ns
    Clock Pessimism Removal (CPR):    0.000ns
  Clock Uncertainty:      0.501ns  ((TSJ^2 + TIJ^2)^1/2 + DJ) / 2 + PE
    Total System Jitter     (TSJ):    0.071ns
    Total Input Jitter      (TIJ):    1.000ns
    Discrete Jitter          (DJ):    0.000ns
    Phase Error              (PE):    0.000ns
  Timing Exception:       MaxDelay Path 20.000ns

    Location             Delay type                Incr(ns)  Path(ns)    Netlist Resource(s)
  -------------------------------------------------------------------    -------------------
                         (clock tck fall edge)        0.000     0.000 f  
                         input delay                  5.000     5.000    
    V12                                               0.000     5.000 f  tms (IN)
                         net (fo=0)                   0.000     5.000    tms
    V12                  IBUF (Prop_ibuf_I_O)         0.502     5.502 f  tms_IBUF_inst/O
                         net (fo=16, routed)          1.562     7.064    i_dmi_jtag/i_dmi_jtag_tap/tms_IBUF
    SLICE_X111Y6         LUT4 (Prop_lut4_I2_O)        0.056     7.120 r  i_dmi_jtag/i_dmi_jtag_tap/FSM_onehot_tap_state_q[11]_i_1/O
                         net (fo=1, routed)           0.000     7.120    i_dmi_jtag/i_dmi_jtag_tap/FSM_onehot_tap_state_q[11]_i_1_n_0
    SLICE_X111Y6         FDCE                                         r  i_dmi_jtag/i_dmi_jtag_tap/FSM_onehot_tap_state_q_reg[11]/D
  -------------------------------------------------------------------    -------------------

                         max delay                   20.000    20.000    
    H15                                               0.000    20.000 r  tck (IN)
                         net (fo=0)                   0.000    20.000    tck
    H15                  IBUF (Prop_ibuf_I_O)         0.268    20.268 r  tck_IBUF_inst/O
                         net (fo=1, routed)           1.516    21.784    tck_IBUF
    BUFGCTRL_X0Y0        BUFG (Prop_bufg_I_O)         0.026    21.810 r  tck_IBUF_BUFG_inst/O
                         net (fo=258, routed)         0.640    22.450    i_dmi_jtag/i_dmi_jtag_tap/CLK
    SLICE_X111Y6         FDCE                                         r  i_dmi_jtag/i_dmi_jtag_tap/FSM_onehot_tap_state_q_reg[11]/C
                         clock pessimism              0.000    22.450    
                         clock uncertainty           -0.501    21.948    
    SLICE_X111Y6         FDCE (Setup_fdce_C_D)        0.013    21.961    i_dmi_jtag/i_dmi_jtag_tap/FSM_onehot_tap_state_q_reg[11]
  -------------------------------------------------------------------
                         required time                         21.961    
                         arrival time                          -7.120    
  -------------------------------------------------------------------
                         slack                                 14.841    





Min Delay Paths
--------------------------------------------------------------------------------------
Slack (MET) :             0.117ns  (arrival time - required time)
  Source:                 i_dmi_jtag/i_dmi_jtag_tap/jtag_ir_shift_q_reg[3]/C
                            (rising edge-triggered cell FDCE clocked by tck  {rise@0.000ns fall@50.000ns period=100.000ns})
  Destination:            i_dmi_jtag/i_dmi_jtag_tap/jtag_ir_q_reg[3]/D
                            (rising edge-triggered cell FDCE clocked by tck  {rise@0.000ns fall@50.000ns period=100.000ns})
  Path Group:             tck
  Path Type:              Hold (Min at Fast Process Corner)
  Requirement:            0.000ns  (tck rise@0.000ns - tck rise@0.000ns)
  Data Path Delay:        0.251ns  (logic 0.186ns (74.103%)  route 0.065ns (25.897%))
  Logic Levels:           1  (LUT2=1)
  Clock Path Skew:        0.013ns (DCD - SCD - CPR)
    Destination Clock Delay (DCD):    3.158ns
    Source Clock Delay      (SCD):    2.450ns
    Clock Pessimism Removal (CPR):    0.695ns

    Location             Delay type                Incr(ns)  Path(ns)    Netlist Resource(s)
  -------------------------------------------------------------------    -------------------
                         (clock tck rise edge)        0.000     0.000 r  
    H15                                               0.000     0.000 r  tck (IN)
                         net (fo=0)                   0.000     0.000    tck
    H15                  IBUF (Prop_ibuf_I_O)         0.268     0.268 r  tck_IBUF_inst/O
                         net (fo=1, routed)           1.516     1.784    tck_IBUF
    BUFGCTRL_X0Y0        BUFG (Prop_bufg_I_O)         0.026     1.810 r  tck_IBUF_BUFG_inst/O
                         net (fo=258, routed)         0.640     2.450    i_dmi_jtag/i_dmi_jtag_tap/CLK
    SLICE_X113Y6         FDCE                                         r  i_dmi_jtag/i_dmi_jtag_tap/jtag_ir_shift_q_reg[3]/C
  -------------------------------------------------------------------    -------------------
    SLICE_X113Y6         FDCE (Prop_fdce_C_Q)         0.141     2.591 r  i_dmi_jtag/i_dmi_jtag_tap/jtag_ir_shift_q_reg[3]/Q
                         net (fo=2, routed)           0.065     2.656    i_dmi_jtag/i_dmi_jtag_tap/p_0_in_0[2]
    SLICE_X112Y6         LUT2 (Prop_lut2_I0_O)        0.045     2.701 r  i_dmi_jtag/i_dmi_jtag_tap/jtag_ir_q[3]_i_1/O
                         net (fo=1, routed)           0.000     2.701    i_dmi_jtag/i_dmi_jtag_tap/jtag_ir_d[3]
    SLICE_X112Y6         FDCE                                         r  i_dmi_jtag/i_dmi_jtag_tap/jtag_ir_q_reg[3]/D
  -------------------------------------------------------------------    -------------------

                         (clock tck rise edge)        0.000     0.000 r  
    H15                                               0.000     0.000 r  tck (IN)
                         net (fo=0)                   0.000     0.000    tck
    H15                  IBUF (Prop_ibuf_I_O)         0.456     0.456 r  tck_IBUF_inst/O
                         net (fo=1, routed)           1.762     2.218    tck_IBUF
    BUFGCTRL_X0Y0        BUFG (Prop_bufg_I_O)         0.029     2.247 r  tck_IBUF_BUFG_inst/O
                         net (fo=258, routed)         0.911     3.158    i_dmi_jtag/i_dmi_jtag_tap/CLK
    SLICE_X112Y6         FDCE                                         r  i_dmi_jtag/i_dmi_jtag_tap/jtag_ir_q_reg[3]/C
                         clock pessimism             -0.695     2.463    
    SLICE_X112Y6         FDCE (Hold_fdce_C_D)         0.121     2.584    i_dmi_jtag/i_dmi_jtag_tap/jtag_ir_q_reg[3]
  -------------------------------------------------------------------
                         required time                         -2.584    
                         arrival time                           2.701    
  -------------------------------------------------------------------
                         slack                                  0.117    

Slack (MET) :             0.134ns  (arrival time - required time)
  Source:                 i_dmi_jtag/i_dmi_cdc/i_cdc_resp/i_dst/data_dst_q_reg[data][23]/C
                            (rising edge-triggered cell FDCE clocked by tck  {rise@0.000ns fall@50.000ns period=100.000ns})
  Destination:            i_dmi_jtag/data_q_reg[23]/D
                            (rising edge-triggered cell FDCE clocked by tck  {rise@0.000ns fall@50.000ns period=100.000ns})
  Path Group:             tck
  Path Type:              Hold (Min at Fast Process Corner)
  Requirement:            0.000ns  (tck rise@0.000ns - tck rise@0.000ns)
  Data Path Delay:        0.239ns  (logic 0.186ns (77.839%)  route 0.053ns (22.161%))
  Logic Levels:           1  (LUT4=1)
  Clock Path Skew:        0.013ns (DCD - SCD - CPR)
    Destination Clock Delay (DCD):    3.101ns
    Source Clock Delay      (SCD):    2.397ns
    Clock Pessimism Removal (CPR):    0.691ns

    Location             Delay type                Incr(ns)  Path(ns)    Netlist Resource(s)
  -------------------------------------------------------------------    -------------------
                         (clock tck rise edge)        0.000     0.000 r  
    H15                                               0.000     0.000 r  tck (IN)
                         net (fo=0)                   0.000     0.000    tck
    H15                  IBUF (Prop_ibuf_I_O)         0.268     0.268 r  tck_IBUF_inst/O
                         net (fo=1, routed)           1.516     1.784    tck_IBUF
    BUFGCTRL_X0Y0        BUFG (Prop_bufg_I_O)         0.026     1.810 r  tck_IBUF_BUFG_inst/O
                         net (fo=258, routed)         0.587     2.397    i_dmi_jtag/i_dmi_cdc/i_cdc_resp/i_dst/CLK
    SLICE_X74Y1          FDCE                                         r  i_dmi_jtag/i_dmi_cdc/i_cdc_resp/i_dst/data_dst_q_reg[data][23]/C
  -------------------------------------------------------------------    -------------------
    SLICE_X74Y1          FDCE (Prop_fdce_C_Q)         0.141     2.538 r  i_dmi_jtag/i_dmi_cdc/i_cdc_resp/i_dst/data_dst_q_reg[data][23]/Q
                         net (fo=1, routed)           0.053     2.591    i_dmi_jtag/i_dmi_cdc/i_cdc_resp/i_dst/data_dst_q[data][23]
    SLICE_X75Y1          LUT4 (Prop_lut4_I0_O)        0.045     2.636 r  i_dmi_jtag/i_dmi_cdc/i_cdc_resp/i_dst/data_q[23]_i_1/O
                         net (fo=1, routed)           0.000     2.636    i_dmi_jtag/i_dmi_cdc_n_252
    SLICE_X75Y1          FDCE                                         r  i_dmi_jtag/data_q_reg[23]/D
  -------------------------------------------------------------------    -------------------

                         (clock tck rise edge)        0.000     0.000 r  
    H15                                               0.000     0.000 r  tck (IN)
                         net (fo=0)                   0.000     0.000    tck
    H15                  IBUF (Prop_ibuf_I_O)         0.456     0.456 r  tck_IBUF_inst/O
                         net (fo=1, routed)           1.762     2.218    tck_IBUF
    BUFGCTRL_X0Y0        BUFG (Prop_bufg_I_O)         0.029     2.247 r  tck_IBUF_BUFG_inst/O
                         net (fo=258, routed)         0.854     3.101    i_dmi_jtag/CLK
    SLICE_X75Y1          FDCE                                         r  i_dmi_jtag/data_q_reg[23]/C
                         clock pessimism             -0.691     2.410    
    SLICE_X75Y1          FDCE (Hold_fdce_C_D)         0.092     2.502    i_dmi_jtag/data_q_reg[23]
  -------------------------------------------------------------------
                         required time                         -2.502    
                         arrival time                           2.636    
  -------------------------------------------------------------------
                         slack                                  0.134    

Slack (MET) :             0.136ns  (arrival time - required time)
  Source:                 i_dmi_jtag/i_dmi_cdc/i_cdc_resp/i_dst/data_dst_q_reg[data][19]/C
                            (rising edge-triggered cell FDCE clocked by tck  {rise@0.000ns fall@50.000ns period=100.000ns})
  Destination:            i_dmi_jtag/data_q_reg[19]/D
                            (rising edge-triggered cell FDCE clocked by tck  {rise@0.000ns fall@50.000ns period=100.000ns})
  Path Group:             tck
  Path Type:              Hold (Min at Fast Process Corner)
  Requirement:            0.000ns  (tck rise@0.000ns - tck rise@0.000ns)
  Data Path Delay:        0.240ns  (logic 0.186ns (77.515%)  route 0.054ns (22.485%))
  Logic Levels:           1  (LUT4=1)
  Clock Path Skew:        0.013ns (DCD - SCD - CPR)
    Destination Clock Delay (DCD):    3.101ns
    Source Clock Delay      (SCD):    2.397ns
    Clock Pessimism Removal (CPR):    0.691ns

    Location             Delay type                Incr(ns)  Path(ns)    Netlist Resource(s)
  -------------------------------------------------------------------    -------------------
                         (clock tck rise edge)        0.000     0.000 r  
    H15                                               0.000     0.000 r  tck (IN)
                         net (fo=0)                   0.000     0.000    tck
    H15                  IBUF (Prop_ibuf_I_O)         0.268     0.268 r  tck_IBUF_inst/O
                         net (fo=1, routed)           1.516     1.784    tck_IBUF
    BUFGCTRL_X0Y0        BUFG (Prop_bufg_I_O)         0.026     1.810 r  tck_IBUF_BUFG_inst/O
                         net (fo=258, routed)         0.587     2.397    i_dmi_jtag/i_dmi_cdc/i_cdc_resp/i_dst/CLK
    SLICE_X72Y2          FDCE                                         r  i_dmi_jtag/i_dmi_cdc/i_cdc_resp/i_dst/data_dst_q_reg[data][19]/C
  -------------------------------------------------------------------    -------------------
    SLICE_X72Y2          FDCE (Prop_fdce_C_Q)         0.141     2.538 r  i_dmi_jtag/i_dmi_cdc/i_cdc_resp/i_dst/data_dst_q_reg[data][19]/Q
                         net (fo=1, routed)           0.054     2.592    i_dmi_jtag/i_dmi_cdc/i_cdc_resp/i_dst/data_dst_q[data][19]
    SLICE_X73Y2          LUT4 (Prop_lut4_I0_O)        0.045     2.637 r  i_dmi_jtag/i_dmi_cdc/i_cdc_resp/i_dst/data_q[19]_i_1/O
                         net (fo=1, routed)           0.000     2.637    i_dmi_jtag/i_dmi_cdc_n_256
    SLICE_X73Y2          FDCE                                         r  i_dmi_jtag/data_q_reg[19]/D
  -------------------------------------------------------------------    -------------------

                         (clock tck rise edge)        0.000     0.000 r  
    H15                                               0.000     0.000 r  tck (IN)
                         net (fo=0)                   0.000     0.000    tck
    H15                  IBUF (Prop_ibuf_I_O)         0.456     0.456 r  tck_IBUF_inst/O
                         net (fo=1, routed)           1.762     2.218    tck_IBUF
    BUFGCTRL_X0Y0        BUFG (Prop_bufg_I_O)         0.029     2.247 r  tck_IBUF_BUFG_inst/O
                         net (fo=258, routed)         0.854     3.101    i_dmi_jtag/CLK
    SLICE_X73Y2          FDCE                                         r  i_dmi_jtag/data_q_reg[19]/C
                         clock pessimism             -0.691     2.410    
    SLICE_X73Y2          FDCE (Hold_fdce_C_D)         0.091     2.501    i_dmi_jtag/data_q_reg[19]
  -------------------------------------------------------------------
                         required time                         -2.501    
                         arrival time                           2.637    
  -------------------------------------------------------------------
                         slack                                  0.136    

Slack (MET) :             0.145ns  (arrival time - required time)
  Source:                 i_dmi_jtag/dr_q_reg[8]/C
                            (rising edge-triggered cell FDCE clocked by tck  {rise@0.000ns fall@50.000ns period=100.000ns})
  Destination:            i_dmi_jtag/data_q_reg[6]/D
                            (rising edge-triggered cell FDCE clocked by tck  {rise@0.000ns fall@50.000ns period=100.000ns})
  Path Group:             tck
  Path Type:              Hold (Min at Fast Process Corner)
  Requirement:            0.000ns  (tck rise@0.000ns - tck rise@0.000ns)
  Data Path Delay:        0.250ns  (logic 0.186ns (74.444%)  route 0.064ns (25.556%))
  Logic Levels:           1  (LUT4=1)
  Clock Path Skew:        0.013ns (DCD - SCD - CPR)
    Destination Clock Delay (DCD):    3.099ns
    Source Clock Delay      (SCD):    2.395ns
    Clock Pessimism Removal (CPR):    0.691ns

    Location             Delay type                Incr(ns)  Path(ns)    Netlist Resource(s)
  -------------------------------------------------------------------    -------------------
                         (clock tck rise edge)        0.000     0.000 r  
    H15                                               0.000     0.000 r  tck (IN)
                         net (fo=0)                   0.000     0.000    tck
    H15                  IBUF (Prop_ibuf_I_O)         0.268     0.268 r  tck_IBUF_inst/O
                         net (fo=1, routed)           1.516     1.784    tck_IBUF
    BUFGCTRL_X0Y0        BUFG (Prop_bufg_I_O)         0.026     1.810 r  tck_IBUF_BUFG_inst/O
                         net (fo=258, routed)         0.585     2.395    i_dmi_jtag/CLK
    SLICE_X70Y4          FDCE                                         r  i_dmi_jtag/dr_q_reg[8]/C
  -------------------------------------------------------------------    -------------------
    SLICE_X70Y4          FDCE (Prop_fdce_C_Q)         0.141     2.536 r  i_dmi_jtag/dr_q_reg[8]/Q
                         net (fo=2, routed)           0.064     2.600    i_dmi_jtag/i_dmi_cdc/i_cdc_resp/i_dst/data_q_reg[31][8]
    SLICE_X71Y4          LUT4 (Prop_lut4_I3_O)        0.045     2.645 r  i_dmi_jtag/i_dmi_cdc/i_cdc_resp/i_dst/data_q[6]_i_1/O
                         net (fo=1, routed)           0.000     2.645    i_dmi_jtag/i_dmi_cdc_n_269
    SLICE_X71Y4          FDCE                                         r  i_dmi_jtag/data_q_reg[6]/D
  -------------------------------------------------------------------    -------------------

                         (clock tck rise edge)        0.000     0.000 r  
    H15                                               0.000     0.000 r  tck (IN)
                         net (fo=0)                   0.000     0.000    tck
    H15                  IBUF (Prop_ibuf_I_O)         0.456     0.456 r  tck_IBUF_inst/O
                         net (fo=1, routed)           1.762     2.218    tck_IBUF
    BUFGCTRL_X0Y0        BUFG (Prop_bufg_I_O)         0.029     2.247 r  tck_IBUF_BUFG_inst/O
                         net (fo=258, routed)         0.852     3.099    i_dmi_jtag/CLK
    SLICE_X71Y4          FDCE                                         r  i_dmi_jtag/data_q_reg[6]/C
                         clock pessimism             -0.691     2.408    
    SLICE_X71Y4          FDCE (Hold_fdce_C_D)         0.092     2.500    i_dmi_jtag/data_q_reg[6]
  -------------------------------------------------------------------
                         required time                         -2.500    
                         arrival time                           2.645    
  -------------------------------------------------------------------
                         slack                                  0.145    

Slack (MET) :             0.147ns  (arrival time - required time)
  Source:                 i_dmi_jtag/i_dmi_jtag_tap/idcode_q_reg[19]/C
                            (rising edge-triggered cell FDCE clocked by tck  {rise@0.000ns fall@50.000ns period=100.000ns})
  Destination:            i_dmi_jtag/i_dmi_jtag_tap/idcode_q_reg[18]/D
                            (rising edge-triggered cell FDPE clocked by tck  {rise@0.000ns fall@50.000ns period=100.000ns})
  Path Group:             tck
  Path Type:              Hold (Min at Fast Process Corner)
  Requirement:            0.000ns  (tck rise@0.000ns - tck rise@0.000ns)
  Data Path Delay:        0.284ns  (logic 0.186ns (65.453%)  route 0.098ns (34.547%))
  Logic Levels:           1  (LUT6=1)
  Clock Path Skew:        0.016ns (DCD - SCD - CPR)
    Destination Clock Delay (DCD):    3.158ns
    Source Clock Delay      (SCD):    2.450ns
    Clock Pessimism Removal (CPR):    0.692ns

    Location             Delay type                Incr(ns)  Path(ns)    Netlist Resource(s)
  -------------------------------------------------------------------    -------------------
                         (clock tck rise edge)        0.000     0.000 r  
    H15                                               0.000     0.000 r  tck (IN)
                         net (fo=0)                   0.000     0.000    tck
    H15                  IBUF (Prop_ibuf_I_O)         0.268     0.268 r  tck_IBUF_inst/O
                         net (fo=1, routed)           1.516     1.784    tck_IBUF
    BUFGCTRL_X0Y0        BUFG (Prop_bufg_I_O)         0.026     1.810 r  tck_IBUF_BUFG_inst/O
                         net (fo=258, routed)         0.640     2.450    i_dmi_jtag/i_dmi_jtag_tap/CLK
    SLICE_X111Y3         FDCE                                         r  i_dmi_jtag/i_dmi_jtag_tap/idcode_q_reg[19]/C
  -------------------------------------------------------------------    -------------------
    SLICE_X111Y3         FDCE (Prop_fdce_C_Q)         0.141     2.591 r  i_dmi_jtag/i_dmi_jtag_tap/idcode_q_reg[19]/Q
                         net (fo=1, routed)           0.098     2.689    i_dmi_jtag/i_dmi_jtag_tap/idcode_q[19]
    SLICE_X112Y3         LUT6 (Prop_lut6_I5_O)        0.045     2.734 r  i_dmi_jtag/i_dmi_jtag_tap/idcode_q[18]_i_1/O
                         net (fo=1, routed)           0.000     2.734    i_dmi_jtag/i_dmi_jtag_tap/idcode_d[18]
    SLICE_X112Y3         FDPE                                         r  i_dmi_jtag/i_dmi_jtag_tap/idcode_q_reg[18]/D
  -------------------------------------------------------------------    -------------------

                         (clock tck rise edge)        0.000     0.000 r  
    H15                                               0.000     0.000 r  tck (IN)
                         net (fo=0)                   0.000     0.000    tck
    H15                  IBUF (Prop_ibuf_I_O)         0.456     0.456 r  tck_IBUF_inst/O
                         net (fo=1, routed)           1.762     2.218    tck_IBUF
    BUFGCTRL_X0Y0        BUFG (Prop_bufg_I_O)         0.029     2.247 r  tck_IBUF_BUFG_inst/O
                         net (fo=258, routed)         0.911     3.158    i_dmi_jtag/i_dmi_jtag_tap/CLK
    SLICE_X112Y3         FDPE                                         r  i_dmi_jtag/i_dmi_jtag_tap/idcode_q_reg[18]/C
                         clock pessimism             -0.692     2.466    
    SLICE_X112Y3         FDPE (Hold_fdpe_C_D)         0.121     2.587    i_dmi_jtag/i_dmi_jtag_tap/idcode_q_reg[18]
  -------------------------------------------------------------------
                         required time                         -2.587    
                         arrival time                           2.734    
  -------------------------------------------------------------------
                         slack                                  0.147    

Slack (MET) :             0.148ns  (arrival time - required time)
  Source:                 i_dmi_jtag/dr_q_reg[26]/C
                            (rising edge-triggered cell FDCE clocked by tck  {rise@0.000ns fall@50.000ns period=100.000ns})
  Destination:            i_dmi_jtag/dr_q_reg[25]/D
                            (rising edge-triggered cell FDCE clocked by tck  {rise@0.000ns fall@50.000ns period=100.000ns})
  Path Group:             tck
  Path Type:              Hold (Min at Fast Process Corner)
  Requirement:            0.000ns  (tck rise@0.000ns - tck rise@0.000ns)
  Data Path Delay:        0.252ns  (logic 0.186ns (73.783%)  route 0.066ns (26.217%))
  Logic Levels:           1  (LUT4=1)
  Clock Path Skew:        0.013ns (DCD - SCD - CPR)
    Destination Clock Delay (DCD):    3.103ns
    Source Clock Delay      (SCD):    2.397ns
    Clock Pessimism Removal (CPR):    0.693ns

    Location             Delay type                Incr(ns)  Path(ns)    Netlist Resource(s)
  -------------------------------------------------------------------    -------------------
                         (clock tck rise edge)        0.000     0.000 r  
    H15                                               0.000     0.000 r  tck (IN)
                         net (fo=0)                   0.000     0.000    tck
    H15                  IBUF (Prop_ibuf_I_O)         0.268     0.268 r  tck_IBUF_inst/O
                         net (fo=1, routed)           1.516     1.784    tck_IBUF
    BUFGCTRL_X0Y0        BUFG (Prop_bufg_I_O)         0.026     1.810 r  tck_IBUF_BUFG_inst/O
                         net (fo=258, routed)         0.587     2.397    i_dmi_jtag/CLK
    SLICE_X76Y1          FDCE                                         r  i_dmi_jtag/dr_q_reg[26]/C
  -------------------------------------------------------------------    -------------------
    SLICE_X76Y1          FDCE (Prop_fdce_C_Q)         0.141     2.538 r  i_dmi_jtag/dr_q_reg[26]/Q
                         net (fo=2, routed)           0.066     2.604    i_dmi_jtag/i_dmi_jtag_tap/Q[26]
    SLICE_X77Y1          LUT4 (Prop_lut4_I0_O)        0.045     2.649 r  i_dmi_jtag/i_dmi_jtag_tap/dr_q[25]_i_1/O
                         net (fo=1, routed)           0.000     2.649    i_dmi_jtag/dr_d[25]
    SLICE_X77Y1          FDCE                                         r  i_dmi_jtag/dr_q_reg[25]/D
  -------------------------------------------------------------------    -------------------

                         (clock tck rise edge)        0.000     0.000 r  
    H15                                               0.000     0.000 r  tck (IN)
                         net (fo=0)                   0.000     0.000    tck
    H15                  IBUF (Prop_ibuf_I_O)         0.456     0.456 r  tck_IBUF_inst/O
                         net (fo=1, routed)           1.762     2.218    tck_IBUF
    BUFGCTRL_X0Y0        BUFG (Prop_bufg_I_O)         0.029     2.247 r  tck_IBUF_BUFG_inst/O
                         net (fo=258, routed)         0.856     3.103    i_dmi_jtag/CLK
    SLICE_X77Y1          FDCE                                         r  i_dmi_jtag/dr_q_reg[25]/C
                         clock pessimism             -0.693     2.410    
    SLICE_X77Y1          FDCE (Hold_fdce_C_D)         0.091     2.501    i_dmi_jtag/dr_q_reg[25]
  -------------------------------------------------------------------
                         required time                         -2.501    
                         arrival time                           2.649    
  -------------------------------------------------------------------
                         slack                                  0.148    

Slack (MET) :             0.151ns  (arrival time - required time)
  Source:                 i_dmi_jtag/dr_q_reg[27]/C
                            (rising edge-triggered cell FDCE clocked by tck  {rise@0.000ns fall@50.000ns period=100.000ns})
  Destination:            i_dmi_jtag/dr_q_reg[26]/D
                            (rising edge-triggered cell FDCE clocked by tck  {rise@0.000ns fall@50.000ns period=100.000ns})
  Path Group:             tck
  Path Type:              Hold (Min at Fast Process Corner)
  Requirement:            0.000ns  (tck rise@0.000ns - tck rise@0.000ns)
  Data Path Delay:        0.256ns  (logic 0.186ns (72.524%)  route 0.070ns (27.476%))
  Logic Levels:           1  (LUT4=1)
  Clock Path Skew:        0.013ns (DCD - SCD - CPR)
    Destination Clock Delay (DCD):    3.103ns
    Source Clock Delay      (SCD):    2.397ns
    Clock Pessimism Removal (CPR):    0.693ns

    Location             Delay type                Incr(ns)  Path(ns)    Netlist Resource(s)
  -------------------------------------------------------------------    -------------------
                         (clock tck rise edge)        0.000     0.000 r  
    H15                                               0.000     0.000 r  tck (IN)
                         net (fo=0)                   0.000     0.000    tck
    H15                  IBUF (Prop_ibuf_I_O)         0.268     0.268 r  tck_IBUF_inst/O
                         net (fo=1, routed)           1.516     1.784    tck_IBUF
    BUFGCTRL_X0Y0        BUFG (Prop_bufg_I_O)         0.026     1.810 r  tck_IBUF_BUFG_inst/O
                         net (fo=258, routed)         0.587     2.397    i_dmi_jtag/CLK
    SLICE_X77Y1          FDCE                                         r  i_dmi_jtag/dr_q_reg[27]/C
  -------------------------------------------------------------------    -------------------
    SLICE_X77Y1          FDCE (Prop_fdce_C_Q)         0.141     2.538 r  i_dmi_jtag/dr_q_reg[27]/Q
                         net (fo=2, routed)           0.070     2.608    i_dmi_jtag/i_dmi_jtag_tap/Q[27]
    SLICE_X76Y1          LUT4 (Prop_lut4_I0_O)        0.045     2.653 r  i_dmi_jtag/i_dmi_jtag_tap/dr_q[26]_i_1/O
                         net (fo=1, routed)           0.000     2.653    i_dmi_jtag/dr_d[26]
    SLICE_X76Y1          FDCE                                         r  i_dmi_jtag/dr_q_reg[26]/D
  -------------------------------------------------------------------    -------------------

                         (clock tck rise edge)        0.000     0.000 r  
    H15                                               0.000     0.000 r  tck (IN)
                         net (fo=0)                   0.000     0.000    tck
    H15                  IBUF (Prop_ibuf_I_O)         0.456     0.456 r  tck_IBUF_inst/O
                         net (fo=1, routed)           1.762     2.218    tck_IBUF
    BUFGCTRL_X0Y0        BUFG (Prop_bufg_I_O)         0.029     2.247 r  tck_IBUF_BUFG_inst/O
                         net (fo=258, routed)         0.856     3.103    i_dmi_jtag/CLK
    SLICE_X76Y1          FDCE                                         r  i_dmi_jtag/dr_q_reg[26]/C
                         clock pessimism             -0.693     2.410    
    SLICE_X76Y1          FDCE (Hold_fdce_C_D)         0.092     2.502    i_dmi_jtag/dr_q_reg[26]
  -------------------------------------------------------------------
                         required time                         -2.502    
                         arrival time                           2.653    
  -------------------------------------------------------------------
                         slack                                  0.151    

Slack (MET) :             0.151ns  (arrival time - required time)
  Source:                 i_dmi_jtag/data_q_reg[6]/C
                            (rising edge-triggered cell FDCE clocked by tck  {rise@0.000ns fall@50.000ns period=100.000ns})
  Destination:            i_dmi_jtag/dr_q_reg[8]/D
                            (rising edge-triggered cell FDCE clocked by tck  {rise@0.000ns fall@50.000ns period=100.000ns})
  Path Group:             tck
  Path Type:              Hold (Min at Fast Process Corner)
  Requirement:            0.000ns  (tck rise@0.000ns - tck rise@0.000ns)
  Data Path Delay:        0.256ns  (logic 0.186ns (72.524%)  route 0.070ns (27.476%))
  Logic Levels:           1  (LUT4=1)
  Clock Path Skew:        0.013ns (DCD - SCD - CPR)
    Destination Clock Delay (DCD):    3.099ns
    Source Clock Delay      (SCD):    2.395ns
    Clock Pessimism Removal (CPR):    0.691ns

    Location             Delay type                Incr(ns)  Path(ns)    Netlist Resource(s)
  -------------------------------------------------------------------    -------------------
                         (clock tck rise edge)        0.000     0.000 r  
    H15                                               0.000     0.000 r  tck (IN)
                         net (fo=0)                   0.000     0.000    tck
    H15                  IBUF (Prop_ibuf_I_O)         0.268     0.268 r  tck_IBUF_inst/O
                         net (fo=1, routed)           1.516     1.784    tck_IBUF
    BUFGCTRL_X0Y0        BUFG (Prop_bufg_I_O)         0.026     1.810 r  tck_IBUF_BUFG_inst/O
                         net (fo=258, routed)         0.585     2.395    i_dmi_jtag/CLK
    SLICE_X71Y4          FDCE                                         r  i_dmi_jtag/data_q_reg[6]/C
  -------------------------------------------------------------------    -------------------
    SLICE_X71Y4          FDCE (Prop_fdce_C_Q)         0.141     2.536 r  i_dmi_jtag/data_q_reg[6]/Q
                         net (fo=2, routed)           0.070     2.606    i_dmi_jtag/i_dmi_jtag_tap/dr_q_reg[33][6]
    SLICE_X70Y4          LUT4 (Prop_lut4_I3_O)        0.045     2.651 r  i_dmi_jtag/i_dmi_jtag_tap/dr_q[8]_i_1/O
                         net (fo=1, routed)           0.000     2.651    i_dmi_jtag/dr_d[8]
    SLICE_X70Y4          FDCE                                         r  i_dmi_jtag/dr_q_reg[8]/D
  -------------------------------------------------------------------    -------------------

                         (clock tck rise edge)        0.000     0.000 r  
    H15                                               0.000     0.000 r  tck (IN)
                         net (fo=0)                   0.000     0.000    tck
    H15                  IBUF (Prop_ibuf_I_O)         0.456     0.456 r  tck_IBUF_inst/O
                         net (fo=1, routed)           1.762     2.218    tck_IBUF
    BUFGCTRL_X0Y0        BUFG (Prop_bufg_I_O)         0.029     2.247 r  tck_IBUF_BUFG_inst/O
                         net (fo=258, routed)         0.852     3.099    i_dmi_jtag/CLK
    SLICE_X70Y4          FDCE                                         r  i_dmi_jtag/dr_q_reg[8]/C
                         clock pessimism             -0.691     2.408    
    SLICE_X70Y4          FDCE (Hold_fdce_C_D)         0.092     2.500    i_dmi_jtag/dr_q_reg[8]
  -------------------------------------------------------------------
                         required time                         -2.500    
                         arrival time                           2.651    
  -------------------------------------------------------------------
                         slack                                  0.151    

Slack (MET) :             0.152ns  (arrival time - required time)
  Source:                 i_dmi_jtag/i_dmi_jtag_tap/jtag_ir_shift_q_reg[4]/C
                            (rising edge-triggered cell FDCE clocked by tck  {rise@0.000ns fall@50.000ns period=100.000ns})
  Destination:            i_dmi_jtag/i_dmi_jtag_tap/jtag_ir_q_reg[4]/D
                            (rising edge-triggered cell FDCE clocked by tck  {rise@0.000ns fall@50.000ns period=100.000ns})
  Path Group:             tck
  Path Type:              Hold (Min at Fast Process Corner)
  Requirement:            0.000ns  (tck rise@0.000ns - tck rise@0.000ns)
  Data Path Delay:        0.285ns  (logic 0.186ns (65.194%)  route 0.099ns (34.806%))
  Logic Levels:           1  (LUT2=1)
  Clock Path Skew:        0.013ns (DCD - SCD - CPR)
    Destination Clock Delay (DCD):    3.158ns
    Source Clock Delay      (SCD):    2.450ns
    Clock Pessimism Removal (CPR):    0.695ns

    Location             Delay type                Incr(ns)  Path(ns)    Netlist Resource(s)
  -------------------------------------------------------------------    -------------------
                         (clock tck rise edge)        0.000     0.000 r  
    H15                                               0.000     0.000 r  tck (IN)
                         net (fo=0)                   0.000     0.000    tck
    H15                  IBUF (Prop_ibuf_I_O)         0.268     0.268 r  tck_IBUF_inst/O
                         net (fo=1, routed)           1.516     1.784    tck_IBUF
    BUFGCTRL_X0Y0        BUFG (Prop_bufg_I_O)         0.026     1.810 r  tck_IBUF_BUFG_inst/O
                         net (fo=258, routed)         0.640     2.450    i_dmi_jtag/i_dmi_jtag_tap/CLK
    SLICE_X113Y5         FDCE                                         r  i_dmi_jtag/i_dmi_jtag_tap/jtag_ir_shift_q_reg[4]/C
  -------------------------------------------------------------------    -------------------
    SLICE_X113Y5         FDCE (Prop_fdce_C_Q)         0.141     2.591 r  i_dmi_jtag/i_dmi_jtag_tap/jtag_ir_shift_q_reg[4]/Q
                         net (fo=2, routed)           0.099     2.690    i_dmi_jtag/i_dmi_jtag_tap/p_0_in_0[3]
    SLICE_X112Y5         LUT2 (Prop_lut2_I0_O)        0.045     2.735 r  i_dmi_jtag/i_dmi_jtag_tap/jtag_ir_q[4]_i_2/O
                         net (fo=1, routed)           0.000     2.735    i_dmi_jtag/i_dmi_jtag_tap/jtag_ir_d[4]
    SLICE_X112Y5         FDCE                                         r  i_dmi_jtag/i_dmi_jtag_tap/jtag_ir_q_reg[4]/D
  -------------------------------------------------------------------    -------------------

                         (clock tck rise edge)        0.000     0.000 r  
    H15                                               0.000     0.000 r  tck (IN)
                         net (fo=0)                   0.000     0.000    tck
    H15                  IBUF (Prop_ibuf_I_O)         0.456     0.456 r  tck_IBUF_inst/O
                         net (fo=1, routed)           1.762     2.218    tck_IBUF
    BUFGCTRL_X0Y0        BUFG (Prop_bufg_I_O)         0.029     2.247 r  tck_IBUF_BUFG_inst/O
                         net (fo=258, routed)         0.911     3.158    i_dmi_jtag/i_dmi_jtag_tap/CLK
    SLICE_X112Y5         FDCE                                         r  i_dmi_jtag/i_dmi_jtag_tap/jtag_ir_q_reg[4]/C
                         clock pessimism             -0.695     2.463    
    SLICE_X112Y5         FDCE (Hold_fdce_C_D)         0.120     2.583    i_dmi_jtag/i_dmi_jtag_tap/jtag_ir_q_reg[4]
  -------------------------------------------------------------------
                         required time                         -2.583    
                         arrival time                           2.735    
  -------------------------------------------------------------------
                         slack                                  0.152    

Slack (MET) :             0.153ns  (arrival time - required time)
  Source:                 i_dmi_jtag/data_q_reg[18]/C
                            (rising edge-triggered cell FDCE clocked by tck  {rise@0.000ns fall@50.000ns period=100.000ns})
  Destination:            i_dmi_jtag/dr_q_reg[20]/D
                            (rising edge-triggered cell FDCE clocked by tck  {rise@0.000ns fall@50.000ns period=100.000ns})
  Path Group:             tck
  Path Type:              Hold (Min at Fast Process Corner)
  Requirement:            0.000ns  (tck rise@0.000ns - tck rise@0.000ns)
  Data Path Delay:        0.257ns  (logic 0.186ns (72.481%)  route 0.071ns (27.519%))
  Logic Levels:           1  (LUT4=1)
  Clock Path Skew:        0.013ns (DCD - SCD - CPR)
    Destination Clock Delay (DCD):    3.101ns
    Source Clock Delay      (SCD):    2.397ns
    Clock Pessimism Removal (CPR):    0.691ns

    Location             Delay type                Incr(ns)  Path(ns)    Netlist Resource(s)
  -------------------------------------------------------------------    -------------------
                         (clock tck rise edge)        0.000     0.000 r  
    H15                                               0.000     0.000 r  tck (IN)
                         net (fo=0)                   0.000     0.000    tck
    H15                  IBUF (Prop_ibuf_I_O)         0.268     0.268 r  tck_IBUF_inst/O
                         net (fo=1, routed)           1.516     1.784    tck_IBUF
    BUFGCTRL_X0Y0        BUFG (Prop_bufg_I_O)         0.026     1.810 r  tck_IBUF_BUFG_inst/O
                         net (fo=258, routed)         0.587     2.397    i_dmi_jtag/CLK
    SLICE_X75Y2          FDCE                                         r  i_dmi_jtag/data_q_reg[18]/C
  -------------------------------------------------------------------    -------------------
    SLICE_X75Y2          FDCE (Prop_fdce_C_Q)         0.141     2.538 r  i_dmi_jtag/data_q_reg[18]/Q
                         net (fo=2, routed)           0.071     2.608    i_dmi_jtag/i_dmi_jtag_tap/dr_q_reg[33][18]
    SLICE_X74Y2          LUT4 (Prop_lut4_I3_O)        0.045     2.653 r  i_dmi_jtag/i_dmi_jtag_tap/dr_q[20]_i_1/O
                         net (fo=1, routed)           0.000     2.653    i_dmi_jtag/dr_d[20]
    SLICE_X74Y2          FDCE                                         r  i_dmi_jtag/dr_q_reg[20]/D
  -------------------------------------------------------------------    -------------------

                         (clock tck rise edge)        0.000     0.000 r  
    H15                                               0.000     0.000 r  tck (IN)
                         net (fo=0)                   0.000     0.000    tck
    H15                  IBUF (Prop_ibuf_I_O)         0.456     0.456 r  tck_IBUF_inst/O
                         net (fo=1, routed)           1.762     2.218    tck_IBUF
    BUFGCTRL_X0Y0        BUFG (Prop_bufg_I_O)         0.029     2.247 r  tck_IBUF_BUFG_inst/O
                         net (fo=258, routed)         0.854     3.101    i_dmi_jtag/CLK
    SLICE_X74Y2          FDCE                                         r  i_dmi_jtag/dr_q_reg[20]/C
                         clock pessimism             -0.691     2.410    
    SLICE_X74Y2          FDCE (Hold_fdce_C_D)         0.091     2.501    i_dmi_jtag/dr_q_reg[20]
  -------------------------------------------------------------------
                         required time                         -2.501    
                         arrival time                           2.653    
  -------------------------------------------------------------------
                         slack                                  0.153    





Pulse Width Checks
--------------------------------------------------------------------------------------
Clock Name:         tck
Waveform(ns):       { 0.000 50.000 }
Period(ns):         100.000
Sources:            { tck }

Check Type        Corner  Lib Pin  Reference Pin  Required(ns)  Actual(ns)  Slack(ns)  Location       Pin
Min Period        n/a     BUFG/I   n/a            2.155         100.000     97.845     BUFGCTRL_X0Y0  tck_IBUF_BUFG_inst/I
Min Period        n/a     FDCE/C   n/a            1.000         100.000     99.000     SLICE_X82Y0    i_dmi_jtag/FSM_sequential_state_q_reg[0]/C
Min Period        n/a     FDCE/C   n/a            1.000         100.000     99.000     SLICE_X108Y1   i_dmi_jtag/FSM_sequential_state_q_reg[1]/C
Min Period        n/a     FDCE/C   n/a            1.000         100.000     99.000     SLICE_X82Y0    i_dmi_jtag/FSM_sequential_state_q_reg[2]/C
Min Period        n/a     FDCE/C   n/a            1.000         100.000     99.000     SLICE_X80Y0    i_dmi_jtag/address_q_reg[0]/C
Min Period        n/a     FDCE/C   n/a            1.000         100.000     99.000     SLICE_X80Y0    i_dmi_jtag/address_q_reg[1]/C
Min Period        n/a     FDCE/C   n/a            1.000         100.000     99.000     SLICE_X80Y0    i_dmi_jtag/address_q_reg[2]/C
Min Period        n/a     FDCE/C   n/a            1.000         100.000     99.000     SLICE_X80Y0    i_dmi_jtag/address_q_reg[3]/C
Min Period        n/a     FDCE/C   n/a            1.000         100.000     99.000     SLICE_X80Y0    i_dmi_jtag/address_q_reg[4]/C
Min Period        n/a     FDCE/C   n/a            1.000         100.000     99.000     SLICE_X79Y0    i_dmi_jtag/address_q_reg[5]/C
Low Pulse Width   Slow    FDCE/C   n/a            0.500         50.000      49.500     SLICE_X82Y0    i_dmi_jtag/FSM_sequential_state_q_reg[0]/C
Low Pulse Width   Fast    FDCE/C   n/a            0.500         50.000      49.500     SLICE_X82Y0    i_dmi_jtag/FSM_sequential_state_q_reg[0]/C
Low Pulse Width   Slow    FDCE/C   n/a            0.500         50.000      49.500     SLICE_X108Y1   i_dmi_jtag/FSM_sequential_state_q_reg[1]/C
Low Pulse Width   Fast    FDCE/C   n/a            0.500         50.000      49.500     SLICE_X108Y1   i_dmi_jtag/FSM_sequential_state_q_reg[1]/C
Low Pulse Width   Slow    FDCE/C   n/a            0.500         50.000      49.500     SLICE_X82Y0    i_dmi_jtag/FSM_sequential_state_q_reg[2]/C
Low Pulse Width   Fast    FDCE/C   n/a            0.500         50.000      49.500     SLICE_X82Y0    i_dmi_jtag/FSM_sequential_state_q_reg[2]/C
Low Pulse Width   Slow    FDCE/C   n/a            0.500         50.000      49.500     SLICE_X80Y0    i_dmi_jtag/address_q_reg[0]/C
Low Pulse Width   Fast    FDCE/C   n/a            0.500         50.000      49.500     SLICE_X80Y0    i_dmi_jtag/address_q_reg[0]/C
Low Pulse Width   Slow    FDCE/C   n/a            0.500         50.000      49.500     SLICE_X80Y0    i_dmi_jtag/address_q_reg[1]/C
Low Pulse Width   Fast    FDCE/C   n/a            0.500         50.000      49.500     SLICE_X80Y0    i_dmi_jtag/address_q_reg[1]/C
High Pulse Width  Slow    FDCE/C   n/a            0.500         50.000      49.500     SLICE_X82Y0    i_dmi_jtag/FSM_sequential_state_q_reg[0]/C
High Pulse Width  Fast    FDCE/C   n/a            0.500         50.000      49.500     SLICE_X82Y0    i_dmi_jtag/FSM_sequential_state_q_reg[0]/C
High Pulse Width  Slow    FDCE/C   n/a            0.500         50.000      49.500     SLICE_X108Y1   i_dmi_jtag/FSM_sequential_state_q_reg[1]/C
High Pulse Width  Fast    FDCE/C   n/a            0.500         50.000      49.500     SLICE_X108Y1   i_dmi_jtag/FSM_sequential_state_q_reg[1]/C
High Pulse Width  Slow    FDCE/C   n/a            0.500         50.000      49.500     SLICE_X82Y0    i_dmi_jtag/FSM_sequential_state_q_reg[2]/C
High Pulse Width  Fast    FDCE/C   n/a            0.500         50.000      49.500     SLICE_X82Y0    i_dmi_jtag/FSM_sequential_state_q_reg[2]/C
High Pulse Width  Slow    FDCE/C   n/a            0.500         50.000      49.500     SLICE_X80Y0    i_dmi_jtag/address_q_reg[0]/C
High Pulse Width  Fast    FDCE/C   n/a            0.500         50.000      49.500     SLICE_X80Y0    i_dmi_jtag/address_q_reg[0]/C
High Pulse Width  Slow    FDCE/C   n/a            0.500         50.000      49.500     SLICE_X80Y0    i_dmi_jtag/address_q_reg[1]/C
High Pulse Width  Fast    FDCE/C   n/a            0.500         50.000      49.500     SLICE_X80Y0    i_dmi_jtag/address_q_reg[1]/C



---------------------------------------------------------------------------------------------------
Path Group:  **async_default**
From Clock:  clk_out1_xlnx_clk_gen
  To Clock:  clk_out1_xlnx_clk_gen

Setup :            0  Failing Endpoints,  Worst Slack       20.528ns,  Total Violation        0.000ns
Hold  :            0  Failing Endpoints,  Worst Slack        0.641ns,  Total Violation        0.000ns
---------------------------------------------------------------------------------------------------


Max Delay Paths
--------------------------------------------------------------------------------------
Slack (MET) :             20.528ns  (required time - arrival time)
  Source:                 i_dm_top/i_dm_csrs/dmcontrol_q_reg[ndmreset]/C
                            (rising edge-triggered cell FDCE clocked by clk_out1_xlnx_clk_gen  {rise@0.000ns fall@12.500ns period=25.000ns})
  Destination:            i_rstgen_main/i_rstgen_bypass/synch_regs_q_reg[3]/CLR
                            (recovery check against rising-edge clock clk_out1_xlnx_clk_gen  {rise@0.000ns fall@12.500ns period=25.000ns})
  Path Group:             **async_default**
  Path Type:              Recovery (Max at Slow Process Corner)
  Requirement:            25.000ns  (clk_out1_xlnx_clk_gen rise@25.000ns - clk_out1_xlnx_clk_gen rise@0.000ns)
  Data Path Delay:        3.796ns  (logic 0.605ns (15.938%)  route 3.191ns (84.062%))
  Logic Levels:           1  (LUT2=1)
  Clock Path Skew:        -0.067ns (DCD - SCD + CPR)
    Destination Clock Delay (DCD):    -1.594ns = ( 23.406 - 25.000 ) 
    Source Clock Delay      (SCD):    -0.959ns
    Clock Pessimism Removal (CPR):    0.567ns
  Clock Uncertainty:      0.082ns  ((TSJ^2 + DJ^2)^1/2) / 2 + PE
    Total System Jitter     (TSJ):    0.071ns
    Discrete Jitter          (DJ):    0.149ns
    Phase Error              (PE):    0.000ns

    Location             Delay type                Incr(ns)  Path(ns)    Netlist Resource(s)
  -------------------------------------------------------------------    -------------------
                         (clock clk_out1_xlnx_clk_gen rise edge)
                                                      0.000     0.000 r  
    K17                                               0.000     0.000 r  clk_sys (IN)
                         net (fo=0)                   0.000     0.000    i_xlnx_clk_gen/inst/clk_in1
    K17                  IBUF (Prop_ibuf_I_O)         1.475     1.475 r  i_xlnx_clk_gen/inst/clkin1_ibufg/O
                         net (fo=1, routed)           1.285     2.760    i_xlnx_clk_gen/inst/clk_in1_xlnx_clk_gen
    MMCME2_ADV_X1Y2      MMCME2_ADV (Prop_mmcme2_adv_CLKIN1_CLKOUT0)
                                                     -7.759    -4.999 r  i_xlnx_clk_gen/inst/mmcm_adv_inst/CLKOUT0
                         net (fo=1, routed)           2.206    -2.793    i_xlnx_clk_gen/inst/clk_out1_xlnx_clk_gen
    BUFGCTRL_X0Y16       BUFG (Prop_bufg_I_O)         0.101    -2.692 r  i_xlnx_clk_gen/inst/clkout1_buf/O
                         net (fo=22838, routed)       1.733    -0.959    i_dm_top/i_dm_csrs/clk_out1
    SLICE_X69Y6          FDCE                                         r  i_dm_top/i_dm_csrs/dmcontrol_q_reg[ndmreset]/C
  -------------------------------------------------------------------    -------------------
    SLICE_X69Y6          FDCE (Prop_fdce_C_Q)         0.456    -0.503 f  i_dm_top/i_dm_csrs/dmcontrol_q_reg[ndmreset]/Q
                         net (fo=3, routed)           1.333     0.830    i_dm_top/i_dm_csrs/ndmreset
    SLICE_X83Y11         LUT2 (Prop_lut2_I0_O)        0.149     0.979 f  i_dm_top/i_dm_csrs/synch_regs_q[3]_i_1/O
                         net (fo=4, routed)           1.858     2.837    i_rstgen_main/i_rstgen_bypass/synch_regs_q_reg[3]_1
    SLICE_X66Y34         FDCE                                         f  i_rstgen_main/i_rstgen_bypass/synch_regs_q_reg[3]/CLR
  -------------------------------------------------------------------    -------------------

                         (clock clk_out1_xlnx_clk_gen rise edge)
                                                     25.000    25.000 r  
    K17                                               0.000    25.000 r  clk_sys (IN)
                         net (fo=0)                   0.000    25.000    i_xlnx_clk_gen/inst/clk_in1
    K17                  IBUF (Prop_ibuf_I_O)         1.404    26.404 r  i_xlnx_clk_gen/inst/clkin1_ibufg/O
                         net (fo=1, routed)           1.162    27.566    i_xlnx_clk_gen/inst/clk_in1_xlnx_clk_gen
    MMCME2_ADV_X1Y2      MMCME2_ADV (Prop_mmcme2_adv_CLKIN1_CLKOUT0)
                                                     -7.814    19.752 r  i_xlnx_clk_gen/inst/mmcm_adv_inst/CLKOUT0
                         net (fo=1, routed)           2.012    21.764    i_xlnx_clk_gen/inst/clk_out1_xlnx_clk_gen
    BUFGCTRL_X0Y16       BUFG (Prop_bufg_I_O)         0.091    21.855 r  i_xlnx_clk_gen/inst/clkout1_buf/O
                         net (fo=22838, routed)       1.551    23.406    i_rstgen_main/i_rstgen_bypass/clk_out1
    SLICE_X66Y34         FDCE                                         r  i_rstgen_main/i_rstgen_bypass/synch_regs_q_reg[3]/C
                         clock pessimism              0.567    23.974    
                         clock uncertainty           -0.082    23.892    
    SLICE_X66Y34         FDCE (Recov_fdce_C_CLR)     -0.527    23.365    i_rstgen_main/i_rstgen_bypass/synch_regs_q_reg[3]
  -------------------------------------------------------------------
                         required time                         23.365    
                         arrival time                          -2.837    
  -------------------------------------------------------------------
                         slack                                 20.528    

Slack (MET) :             21.027ns  (required time - arrival time)
  Source:                 i_axi_dwidth_converter_dm_slave/inst/gen_downsizer.gen_simple_downsizer.axi_downsizer_inst/USE_WRITE.write_addr_inst/USE_B_CHANNEL.cmd_b_queue/inst/fifo_gen_inst/inst_fifo_gen/gconvfifo.rf/grf.rf/rstblk/ngwrdrst.grst.g7serrst.gnsckt_wrst.rst_wr_reg2_inst/arststages_ff_reg[1]/C
                            (rising edge-triggered cell FDPE clocked by clk_out1_xlnx_clk_gen  {rise@0.000ns fall@12.500ns period=25.000ns})
  Destination:            i_axi_dwidth_converter_dm_slave/inst/gen_downsizer.gen_simple_downsizer.axi_downsizer_inst/USE_WRITE.write_addr_inst/USE_B_CHANNEL.cmd_b_queue/inst/fifo_gen_inst/inst_fifo_gen/gconvfifo.rf/grf.rf/gntv_or_sync_fifo.gl0.rd/rpntr/gc0.count_d1_reg[1]/CLR
                            (recovery check against rising-edge clock clk_out1_xlnx_clk_gen  {rise@0.000ns fall@12.500ns period=25.000ns})
  Path Group:             **async_default**
  Path Type:              Recovery (Max at Slow Process Corner)
  Requirement:            25.000ns  (clk_out1_xlnx_clk_gen rise@25.000ns - clk_out1_xlnx_clk_gen rise@0.000ns)
  Data Path Delay:        3.460ns  (logic 0.718ns (20.750%)  route 2.742ns (79.250%))
  Logic Levels:           1  (LUT3=1)
  Clock Path Skew:        -0.025ns (DCD - SCD + CPR)
    Destination Clock Delay (DCD):    -1.574ns = ( 23.426 - 25.000 ) 
    Source Clock Delay      (SCD):    -0.945ns
    Clock Pessimism Removal (CPR):    0.603ns
  Clock Uncertainty:      0.082ns  ((TSJ^2 + DJ^2)^1/2) / 2 + PE
    Total System Jitter     (TSJ):    0.071ns
    Discrete Jitter          (DJ):    0.149ns
    Phase Error              (PE):    0.000ns

    Location             Delay type                Incr(ns)  Path(ns)    Netlist Resource(s)
  -------------------------------------------------------------------    -------------------
                         (clock clk_out1_xlnx_clk_gen rise edge)
                                                      0.000     0.000 r  
    K17                                               0.000     0.000 r  clk_sys (IN)
                         net (fo=0)                   0.000     0.000    i_xlnx_clk_gen/inst/clk_in1
    K17                  IBUF (Prop_ibuf_I_O)         1.475     1.475 r  i_xlnx_clk_gen/inst/clkin1_ibufg/O
                         net (fo=1, routed)           1.285     2.760    i_xlnx_clk_gen/inst/clk_in1_xlnx_clk_gen
    MMCME2_ADV_X1Y2      MMCME2_ADV (Prop_mmcme2_adv_CLKIN1_CLKOUT0)
                                                     -7.759    -4.999 r  i_xlnx_clk_gen/inst/mmcm_adv_inst/CLKOUT0
                         net (fo=1, routed)           2.206    -2.793    i_xlnx_clk_gen/inst/clk_out1_xlnx_clk_gen
    BUFGCTRL_X0Y16       BUFG (Prop_bufg_I_O)         0.101    -2.692 r  i_xlnx_clk_gen/inst/clkout1_buf/O
                         net (fo=22838, routed)       1.747    -0.945    i_axi_dwidth_converter_dm_slave/inst/gen_downsizer.gen_simple_downsizer.axi_downsizer_inst/USE_WRITE.write_addr_inst/USE_B_CHANNEL.cmd_b_queue/inst/fifo_gen_inst/inst_fifo_gen/gconvfifo.rf/grf.rf/rstblk/ngwrdrst.grst.g7serrst.gnsckt_wrst.rst_wr_reg2_inst/dest_clk
    SLICE_X29Y5          FDPE                                         r  i_axi_dwidth_converter_dm_slave/inst/gen_downsizer.gen_simple_downsizer.axi_downsizer_inst/USE_WRITE.write_addr_inst/USE_B_CHANNEL.cmd_b_queue/inst/fifo_gen_inst/inst_fifo_gen/gconvfifo.rf/grf.rf/rstblk/ngwrdrst.grst.g7serrst.gnsckt_wrst.rst_wr_reg2_inst/arststages_ff_reg[1]/C
  -------------------------------------------------------------------    -------------------
    SLICE_X29Y5          FDPE (Prop_fdpe_C_Q)         0.419    -0.526 f  i_axi_dwidth_converter_dm_slave/inst/gen_downsizer.gen_simple_downsizer.axi_downsizer_inst/USE_WRITE.write_addr_inst/USE_B_CHANNEL.cmd_b_queue/inst/fifo_gen_inst/inst_fifo_gen/gconvfifo.rf/grf.rf/rstblk/ngwrdrst.grst.g7serrst.gnsckt_wrst.rst_wr_reg2_inst/arststages_ff_reg[1]/Q
                         net (fo=3, routed)           1.151     0.624    i_axi_dwidth_converter_dm_slave/inst/gen_downsizer.gen_simple_downsizer.axi_downsizer_inst/USE_WRITE.write_addr_inst/USE_B_CHANNEL.cmd_b_queue/inst/fifo_gen_inst/inst_fifo_gen/gconvfifo.rf/grf.rf/rstblk/ngwrdrst.rst_wr_reg2
    SLICE_X28Y2          LUT3 (Prop_lut3_I2_O)        0.299     0.923 f  i_axi_dwidth_converter_dm_slave/inst/gen_downsizer.gen_simple_downsizer.axi_downsizer_inst/USE_WRITE.write_addr_inst/USE_B_CHANNEL.cmd_b_queue/inst/fifo_gen_inst/inst_fifo_gen/gconvfifo.rf/grf.rf/rstblk/gpregsm1.curr_fwft_state[1]_i_2/O
                         net (fo=32, routed)          1.592     2.515    i_axi_dwidth_converter_dm_slave/inst/gen_downsizer.gen_simple_downsizer.axi_downsizer_inst/USE_WRITE.write_addr_inst/USE_B_CHANNEL.cmd_b_queue/inst/fifo_gen_inst/inst_fifo_gen/gconvfifo.rf/grf.rf/gntv_or_sync_fifo.gl0.rd/rpntr/gc0.count_d1_reg[4]_1
    SLICE_X31Y4          FDCE                                         f  i_axi_dwidth_converter_dm_slave/inst/gen_downsizer.gen_simple_downsizer.axi_downsizer_inst/USE_WRITE.write_addr_inst/USE_B_CHANNEL.cmd_b_queue/inst/fifo_gen_inst/inst_fifo_gen/gconvfifo.rf/grf.rf/gntv_or_sync_fifo.gl0.rd/rpntr/gc0.count_d1_reg[1]/CLR
  -------------------------------------------------------------------    -------------------

                         (clock clk_out1_xlnx_clk_gen rise edge)
                                                     25.000    25.000 r  
    K17                                               0.000    25.000 r  clk_sys (IN)
                         net (fo=0)                   0.000    25.000    i_xlnx_clk_gen/inst/clk_in1
    K17                  IBUF (Prop_ibuf_I_O)         1.404    26.404 r  i_xlnx_clk_gen/inst/clkin1_ibufg/O
                         net (fo=1, routed)           1.162    27.566    i_xlnx_clk_gen/inst/clk_in1_xlnx_clk_gen
    MMCME2_ADV_X1Y2      MMCME2_ADV (Prop_mmcme2_adv_CLKIN1_CLKOUT0)
                                                     -7.814    19.752 r  i_xlnx_clk_gen/inst/mmcm_adv_inst/CLKOUT0
                         net (fo=1, routed)           2.012    21.764    i_xlnx_clk_gen/inst/clk_out1_xlnx_clk_gen
    BUFGCTRL_X0Y16       BUFG (Prop_bufg_I_O)         0.091    21.855 r  i_xlnx_clk_gen/inst/clkout1_buf/O
                         net (fo=22838, routed)       1.571    23.426    i_axi_dwidth_converter_dm_slave/inst/gen_downsizer.gen_simple_downsizer.axi_downsizer_inst/USE_WRITE.write_addr_inst/USE_B_CHANNEL.cmd_b_queue/inst/fifo_gen_inst/inst_fifo_gen/gconvfifo.rf/grf.rf/gntv_or_sync_fifo.gl0.rd/rpntr/clk
    SLICE_X31Y4          FDCE                                         r  i_axi_dwidth_converter_dm_slave/inst/gen_downsizer.gen_simple_downsizer.axi_downsizer_inst/USE_WRITE.write_addr_inst/USE_B_CHANNEL.cmd_b_queue/inst/fifo_gen_inst/inst_fifo_gen/gconvfifo.rf/grf.rf/gntv_or_sync_fifo.gl0.rd/rpntr/gc0.count_d1_reg[1]/C
                         clock pessimism              0.603    24.030    
                         clock uncertainty           -0.082    23.948    
    SLICE_X31Y4          FDCE (Recov_fdce_C_CLR)     -0.405    23.543    i_axi_dwidth_converter_dm_slave/inst/gen_downsizer.gen_simple_downsizer.axi_downsizer_inst/USE_WRITE.write_addr_inst/USE_B_CHANNEL.cmd_b_queue/inst/fifo_gen_inst/inst_fifo_gen/gconvfifo.rf/grf.rf/gntv_or_sync_fifo.gl0.rd/rpntr/gc0.count_d1_reg[1]
  -------------------------------------------------------------------
                         required time                         23.543    
                         arrival time                          -2.515    
  -------------------------------------------------------------------
                         slack                                 21.027    

Slack (MET) :             21.027ns  (required time - arrival time)
  Source:                 i_axi_dwidth_converter_dm_slave/inst/gen_downsizer.gen_simple_downsizer.axi_downsizer_inst/USE_WRITE.write_addr_inst/USE_B_CHANNEL.cmd_b_queue/inst/fifo_gen_inst/inst_fifo_gen/gconvfifo.rf/grf.rf/rstblk/ngwrdrst.grst.g7serrst.gnsckt_wrst.rst_wr_reg2_inst/arststages_ff_reg[1]/C
                            (rising edge-triggered cell FDPE clocked by clk_out1_xlnx_clk_gen  {rise@0.000ns fall@12.500ns period=25.000ns})
  Destination:            i_axi_dwidth_converter_dm_slave/inst/gen_downsizer.gen_simple_downsizer.axi_downsizer_inst/USE_WRITE.write_addr_inst/USE_B_CHANNEL.cmd_b_queue/inst/fifo_gen_inst/inst_fifo_gen/gconvfifo.rf/grf.rf/gntv_or_sync_fifo.gl0.rd/rpntr/gc0.count_reg[1]/CLR
                            (recovery check against rising-edge clock clk_out1_xlnx_clk_gen  {rise@0.000ns fall@12.500ns period=25.000ns})
  Path Group:             **async_default**
  Path Type:              Recovery (Max at Slow Process Corner)
  Requirement:            25.000ns  (clk_out1_xlnx_clk_gen rise@25.000ns - clk_out1_xlnx_clk_gen rise@0.000ns)
  Data Path Delay:        3.460ns  (logic 0.718ns (20.750%)  route 2.742ns (79.250%))
  Logic Levels:           1  (LUT3=1)
  Clock Path Skew:        -0.025ns (DCD - SCD + CPR)
    Destination Clock Delay (DCD):    -1.574ns = ( 23.426 - 25.000 ) 
    Source Clock Delay      (SCD):    -0.945ns
    Clock Pessimism Removal (CPR):    0.603ns
  Clock Uncertainty:      0.082ns  ((TSJ^2 + DJ^2)^1/2) / 2 + PE
    Total System Jitter     (TSJ):    0.071ns
    Discrete Jitter          (DJ):    0.149ns
    Phase Error              (PE):    0.000ns

    Location             Delay type                Incr(ns)  Path(ns)    Netlist Resource(s)
  -------------------------------------------------------------------    -------------------
                         (clock clk_out1_xlnx_clk_gen rise edge)
                                                      0.000     0.000 r  
    K17                                               0.000     0.000 r  clk_sys (IN)
                         net (fo=0)                   0.000     0.000    i_xlnx_clk_gen/inst/clk_in1
    K17                  IBUF (Prop_ibuf_I_O)         1.475     1.475 r  i_xlnx_clk_gen/inst/clkin1_ibufg/O
                         net (fo=1, routed)           1.285     2.760    i_xlnx_clk_gen/inst/clk_in1_xlnx_clk_gen
    MMCME2_ADV_X1Y2      MMCME2_ADV (Prop_mmcme2_adv_CLKIN1_CLKOUT0)
                                                     -7.759    -4.999 r  i_xlnx_clk_gen/inst/mmcm_adv_inst/CLKOUT0
                         net (fo=1, routed)           2.206    -2.793    i_xlnx_clk_gen/inst/clk_out1_xlnx_clk_gen
    BUFGCTRL_X0Y16       BUFG (Prop_bufg_I_O)         0.101    -2.692 r  i_xlnx_clk_gen/inst/clkout1_buf/O
                         net (fo=22838, routed)       1.747    -0.945    i_axi_dwidth_converter_dm_slave/inst/gen_downsizer.gen_simple_downsizer.axi_downsizer_inst/USE_WRITE.write_addr_inst/USE_B_CHANNEL.cmd_b_queue/inst/fifo_gen_inst/inst_fifo_gen/gconvfifo.rf/grf.rf/rstblk/ngwrdrst.grst.g7serrst.gnsckt_wrst.rst_wr_reg2_inst/dest_clk
    SLICE_X29Y5          FDPE                                         r  i_axi_dwidth_converter_dm_slave/inst/gen_downsizer.gen_simple_downsizer.axi_downsizer_inst/USE_WRITE.write_addr_inst/USE_B_CHANNEL.cmd_b_queue/inst/fifo_gen_inst/inst_fifo_gen/gconvfifo.rf/grf.rf/rstblk/ngwrdrst.grst.g7serrst.gnsckt_wrst.rst_wr_reg2_inst/arststages_ff_reg[1]/C
  -------------------------------------------------------------------    -------------------
    SLICE_X29Y5          FDPE (Prop_fdpe_C_Q)         0.419    -0.526 f  i_axi_dwidth_converter_dm_slave/inst/gen_downsizer.gen_simple_downsizer.axi_downsizer_inst/USE_WRITE.write_addr_inst/USE_B_CHANNEL.cmd_b_queue/inst/fifo_gen_inst/inst_fifo_gen/gconvfifo.rf/grf.rf/rstblk/ngwrdrst.grst.g7serrst.gnsckt_wrst.rst_wr_reg2_inst/arststages_ff_reg[1]/Q
                         net (fo=3, routed)           1.151     0.624    i_axi_dwidth_converter_dm_slave/inst/gen_downsizer.gen_simple_downsizer.axi_downsizer_inst/USE_WRITE.write_addr_inst/USE_B_CHANNEL.cmd_b_queue/inst/fifo_gen_inst/inst_fifo_gen/gconvfifo.rf/grf.rf/rstblk/ngwrdrst.rst_wr_reg2
    SLICE_X28Y2          LUT3 (Prop_lut3_I2_O)        0.299     0.923 f  i_axi_dwidth_converter_dm_slave/inst/gen_downsizer.gen_simple_downsizer.axi_downsizer_inst/USE_WRITE.write_addr_inst/USE_B_CHANNEL.cmd_b_queue/inst/fifo_gen_inst/inst_fifo_gen/gconvfifo.rf/grf.rf/rstblk/gpregsm1.curr_fwft_state[1]_i_2/O
                         net (fo=32, routed)          1.592     2.515    i_axi_dwidth_converter_dm_slave/inst/gen_downsizer.gen_simple_downsizer.axi_downsizer_inst/USE_WRITE.write_addr_inst/USE_B_CHANNEL.cmd_b_queue/inst/fifo_gen_inst/inst_fifo_gen/gconvfifo.rf/grf.rf/gntv_or_sync_fifo.gl0.rd/rpntr/gc0.count_d1_reg[4]_1
    SLICE_X31Y4          FDCE                                         f  i_axi_dwidth_converter_dm_slave/inst/gen_downsizer.gen_simple_downsizer.axi_downsizer_inst/USE_WRITE.write_addr_inst/USE_B_CHANNEL.cmd_b_queue/inst/fifo_gen_inst/inst_fifo_gen/gconvfifo.rf/grf.rf/gntv_or_sync_fifo.gl0.rd/rpntr/gc0.count_reg[1]/CLR
  -------------------------------------------------------------------    -------------------

                         (clock clk_out1_xlnx_clk_gen rise edge)
                                                     25.000    25.000 r  
    K17                                               0.000    25.000 r  clk_sys (IN)
                         net (fo=0)                   0.000    25.000    i_xlnx_clk_gen/inst/clk_in1
    K17                  IBUF (Prop_ibuf_I_O)         1.404    26.404 r  i_xlnx_clk_gen/inst/clkin1_ibufg/O
                         net (fo=1, routed)           1.162    27.566    i_xlnx_clk_gen/inst/clk_in1_xlnx_clk_gen
    MMCME2_ADV_X1Y2      MMCME2_ADV (Prop_mmcme2_adv_CLKIN1_CLKOUT0)
                                                     -7.814    19.752 r  i_xlnx_clk_gen/inst/mmcm_adv_inst/CLKOUT0
                         net (fo=1, routed)           2.012    21.764    i_xlnx_clk_gen/inst/clk_out1_xlnx_clk_gen
    BUFGCTRL_X0Y16       BUFG (Prop_bufg_I_O)         0.091    21.855 r  i_xlnx_clk_gen/inst/clkout1_buf/O
                         net (fo=22838, routed)       1.571    23.426    i_axi_dwidth_converter_dm_slave/inst/gen_downsizer.gen_simple_downsizer.axi_downsizer_inst/USE_WRITE.write_addr_inst/USE_B_CHANNEL.cmd_b_queue/inst/fifo_gen_inst/inst_fifo_gen/gconvfifo.rf/grf.rf/gntv_or_sync_fifo.gl0.rd/rpntr/clk
    SLICE_X31Y4          FDCE                                         r  i_axi_dwidth_converter_dm_slave/inst/gen_downsizer.gen_simple_downsizer.axi_downsizer_inst/USE_WRITE.write_addr_inst/USE_B_CHANNEL.cmd_b_queue/inst/fifo_gen_inst/inst_fifo_gen/gconvfifo.rf/grf.rf/gntv_or_sync_fifo.gl0.rd/rpntr/gc0.count_reg[1]/C
                         clock pessimism              0.603    24.030    
                         clock uncertainty           -0.082    23.948    
    SLICE_X31Y4          FDCE (Recov_fdce_C_CLR)     -0.405    23.543    i_axi_dwidth_converter_dm_slave/inst/gen_downsizer.gen_simple_downsizer.axi_downsizer_inst/USE_WRITE.write_addr_inst/USE_B_CHANNEL.cmd_b_queue/inst/fifo_gen_inst/inst_fifo_gen/gconvfifo.rf/grf.rf/gntv_or_sync_fifo.gl0.rd/rpntr/gc0.count_reg[1]
  -------------------------------------------------------------------
                         required time                         23.543    
                         arrival time                          -2.515    
  -------------------------------------------------------------------
                         slack                                 21.027    

Slack (MET) :             21.027ns  (required time - arrival time)
  Source:                 i_axi_dwidth_converter_dm_slave/inst/gen_downsizer.gen_simple_downsizer.axi_downsizer_inst/USE_WRITE.write_addr_inst/USE_B_CHANNEL.cmd_b_queue/inst/fifo_gen_inst/inst_fifo_gen/gconvfifo.rf/grf.rf/rstblk/ngwrdrst.grst.g7serrst.gnsckt_wrst.rst_wr_reg2_inst/arststages_ff_reg[1]/C
                            (rising edge-triggered cell FDPE clocked by clk_out1_xlnx_clk_gen  {rise@0.000ns fall@12.500ns period=25.000ns})
  Destination:            i_axi_dwidth_converter_dm_slave/inst/gen_downsizer.gen_simple_downsizer.axi_downsizer_inst/USE_WRITE.write_addr_inst/USE_B_CHANNEL.cmd_b_queue/inst/fifo_gen_inst/inst_fifo_gen/gconvfifo.rf/grf.rf/gntv_or_sync_fifo.gl0.rd/rpntr/gc0.count_reg[2]/CLR
                            (recovery check against rising-edge clock clk_out1_xlnx_clk_gen  {rise@0.000ns fall@12.500ns period=25.000ns})
  Path Group:             **async_default**
  Path Type:              Recovery (Max at Slow Process Corner)
  Requirement:            25.000ns  (clk_out1_xlnx_clk_gen rise@25.000ns - clk_out1_xlnx_clk_gen rise@0.000ns)
  Data Path Delay:        3.460ns  (logic 0.718ns (20.750%)  route 2.742ns (79.250%))
  Logic Levels:           1  (LUT3=1)
  Clock Path Skew:        -0.025ns (DCD - SCD + CPR)
    Destination Clock Delay (DCD):    -1.574ns = ( 23.426 - 25.000 ) 
    Source Clock Delay      (SCD):    -0.945ns
    Clock Pessimism Removal (CPR):    0.603ns
  Clock Uncertainty:      0.082ns  ((TSJ^2 + DJ^2)^1/2) / 2 + PE
    Total System Jitter     (TSJ):    0.071ns
    Discrete Jitter          (DJ):    0.149ns
    Phase Error              (PE):    0.000ns

    Location             Delay type                Incr(ns)  Path(ns)    Netlist Resource(s)
  -------------------------------------------------------------------    -------------------
                         (clock clk_out1_xlnx_clk_gen rise edge)
                                                      0.000     0.000 r  
    K17                                               0.000     0.000 r  clk_sys (IN)
                         net (fo=0)                   0.000     0.000    i_xlnx_clk_gen/inst/clk_in1
    K17                  IBUF (Prop_ibuf_I_O)         1.475     1.475 r  i_xlnx_clk_gen/inst/clkin1_ibufg/O
                         net (fo=1, routed)           1.285     2.760    i_xlnx_clk_gen/inst/clk_in1_xlnx_clk_gen
    MMCME2_ADV_X1Y2      MMCME2_ADV (Prop_mmcme2_adv_CLKIN1_CLKOUT0)
                                                     -7.759    -4.999 r  i_xlnx_clk_gen/inst/mmcm_adv_inst/CLKOUT0
                         net (fo=1, routed)           2.206    -2.793    i_xlnx_clk_gen/inst/clk_out1_xlnx_clk_gen
    BUFGCTRL_X0Y16       BUFG (Prop_bufg_I_O)         0.101    -2.692 r  i_xlnx_clk_gen/inst/clkout1_buf/O
                         net (fo=22838, routed)       1.747    -0.945    i_axi_dwidth_converter_dm_slave/inst/gen_downsizer.gen_simple_downsizer.axi_downsizer_inst/USE_WRITE.write_addr_inst/USE_B_CHANNEL.cmd_b_queue/inst/fifo_gen_inst/inst_fifo_gen/gconvfifo.rf/grf.rf/rstblk/ngwrdrst.grst.g7serrst.gnsckt_wrst.rst_wr_reg2_inst/dest_clk
    SLICE_X29Y5          FDPE                                         r  i_axi_dwidth_converter_dm_slave/inst/gen_downsizer.gen_simple_downsizer.axi_downsizer_inst/USE_WRITE.write_addr_inst/USE_B_CHANNEL.cmd_b_queue/inst/fifo_gen_inst/inst_fifo_gen/gconvfifo.rf/grf.rf/rstblk/ngwrdrst.grst.g7serrst.gnsckt_wrst.rst_wr_reg2_inst/arststages_ff_reg[1]/C
  -------------------------------------------------------------------    -------------------
    SLICE_X29Y5          FDPE (Prop_fdpe_C_Q)         0.419    -0.526 f  i_axi_dwidth_converter_dm_slave/inst/gen_downsizer.gen_simple_downsizer.axi_downsizer_inst/USE_WRITE.write_addr_inst/USE_B_CHANNEL.cmd_b_queue/inst/fifo_gen_inst/inst_fifo_gen/gconvfifo.rf/grf.rf/rstblk/ngwrdrst.grst.g7serrst.gnsckt_wrst.rst_wr_reg2_inst/arststages_ff_reg[1]/Q
                         net (fo=3, routed)           1.151     0.624    i_axi_dwidth_converter_dm_slave/inst/gen_downsizer.gen_simple_downsizer.axi_downsizer_inst/USE_WRITE.write_addr_inst/USE_B_CHANNEL.cmd_b_queue/inst/fifo_gen_inst/inst_fifo_gen/gconvfifo.rf/grf.rf/rstblk/ngwrdrst.rst_wr_reg2
    SLICE_X28Y2          LUT3 (Prop_lut3_I2_O)        0.299     0.923 f  i_axi_dwidth_converter_dm_slave/inst/gen_downsizer.gen_simple_downsizer.axi_downsizer_inst/USE_WRITE.write_addr_inst/USE_B_CHANNEL.cmd_b_queue/inst/fifo_gen_inst/inst_fifo_gen/gconvfifo.rf/grf.rf/rstblk/gpregsm1.curr_fwft_state[1]_i_2/O
                         net (fo=32, routed)          1.592     2.515    i_axi_dwidth_converter_dm_slave/inst/gen_downsizer.gen_simple_downsizer.axi_downsizer_inst/USE_WRITE.write_addr_inst/USE_B_CHANNEL.cmd_b_queue/inst/fifo_gen_inst/inst_fifo_gen/gconvfifo.rf/grf.rf/gntv_or_sync_fifo.gl0.rd/rpntr/gc0.count_d1_reg[4]_1
    SLICE_X31Y4          FDCE                                         f  i_axi_dwidth_converter_dm_slave/inst/gen_downsizer.gen_simple_downsizer.axi_downsizer_inst/USE_WRITE.write_addr_inst/USE_B_CHANNEL.cmd_b_queue/inst/fifo_gen_inst/inst_fifo_gen/gconvfifo.rf/grf.rf/gntv_or_sync_fifo.gl0.rd/rpntr/gc0.count_reg[2]/CLR
  -------------------------------------------------------------------    -------------------

                         (clock clk_out1_xlnx_clk_gen rise edge)
                                                     25.000    25.000 r  
    K17                                               0.000    25.000 r  clk_sys (IN)
                         net (fo=0)                   0.000    25.000    i_xlnx_clk_gen/inst/clk_in1
    K17                  IBUF (Prop_ibuf_I_O)         1.404    26.404 r  i_xlnx_clk_gen/inst/clkin1_ibufg/O
                         net (fo=1, routed)           1.162    27.566    i_xlnx_clk_gen/inst/clk_in1_xlnx_clk_gen
    MMCME2_ADV_X1Y2      MMCME2_ADV (Prop_mmcme2_adv_CLKIN1_CLKOUT0)
                                                     -7.814    19.752 r  i_xlnx_clk_gen/inst/mmcm_adv_inst/CLKOUT0
                         net (fo=1, routed)           2.012    21.764    i_xlnx_clk_gen/inst/clk_out1_xlnx_clk_gen
    BUFGCTRL_X0Y16       BUFG (Prop_bufg_I_O)         0.091    21.855 r  i_xlnx_clk_gen/inst/clkout1_buf/O
                         net (fo=22838, routed)       1.571    23.426    i_axi_dwidth_converter_dm_slave/inst/gen_downsizer.gen_simple_downsizer.axi_downsizer_inst/USE_WRITE.write_addr_inst/USE_B_CHANNEL.cmd_b_queue/inst/fifo_gen_inst/inst_fifo_gen/gconvfifo.rf/grf.rf/gntv_or_sync_fifo.gl0.rd/rpntr/clk
    SLICE_X31Y4          FDCE                                         r  i_axi_dwidth_converter_dm_slave/inst/gen_downsizer.gen_simple_downsizer.axi_downsizer_inst/USE_WRITE.write_addr_inst/USE_B_CHANNEL.cmd_b_queue/inst/fifo_gen_inst/inst_fifo_gen/gconvfifo.rf/grf.rf/gntv_or_sync_fifo.gl0.rd/rpntr/gc0.count_reg[2]/C
                         clock pessimism              0.603    24.030    
                         clock uncertainty           -0.082    23.948    
    SLICE_X31Y4          FDCE (Recov_fdce_C_CLR)     -0.405    23.543    i_axi_dwidth_converter_dm_slave/inst/gen_downsizer.gen_simple_downsizer.axi_downsizer_inst/USE_WRITE.write_addr_inst/USE_B_CHANNEL.cmd_b_queue/inst/fifo_gen_inst/inst_fifo_gen/gconvfifo.rf/grf.rf/gntv_or_sync_fifo.gl0.rd/rpntr/gc0.count_reg[2]
  -------------------------------------------------------------------
                         required time                         23.543    
                         arrival time                          -2.515    
  -------------------------------------------------------------------
                         slack                                 21.027    

Slack (MET) :             21.027ns  (required time - arrival time)
  Source:                 i_axi_dwidth_converter_dm_slave/inst/gen_downsizer.gen_simple_downsizer.axi_downsizer_inst/USE_WRITE.write_addr_inst/USE_B_CHANNEL.cmd_b_queue/inst/fifo_gen_inst/inst_fifo_gen/gconvfifo.rf/grf.rf/rstblk/ngwrdrst.grst.g7serrst.gnsckt_wrst.rst_wr_reg2_inst/arststages_ff_reg[1]/C
                            (rising edge-triggered cell FDPE clocked by clk_out1_xlnx_clk_gen  {rise@0.000ns fall@12.500ns period=25.000ns})
  Destination:            i_axi_dwidth_converter_dm_slave/inst/gen_downsizer.gen_simple_downsizer.axi_downsizer_inst/USE_WRITE.write_addr_inst/USE_B_CHANNEL.cmd_b_queue/inst/fifo_gen_inst/inst_fifo_gen/gconvfifo.rf/grf.rf/gntv_or_sync_fifo.gl0.rd/rpntr/gc0.count_reg[3]/CLR
                            (recovery check against rising-edge clock clk_out1_xlnx_clk_gen  {rise@0.000ns fall@12.500ns period=25.000ns})
  Path Group:             **async_default**
  Path Type:              Recovery (Max at Slow Process Corner)
  Requirement:            25.000ns  (clk_out1_xlnx_clk_gen rise@25.000ns - clk_out1_xlnx_clk_gen rise@0.000ns)
  Data Path Delay:        3.460ns  (logic 0.718ns (20.750%)  route 2.742ns (79.250%))
  Logic Levels:           1  (LUT3=1)
  Clock Path Skew:        -0.025ns (DCD - SCD + CPR)
    Destination Clock Delay (DCD):    -1.574ns = ( 23.426 - 25.000 ) 
    Source Clock Delay      (SCD):    -0.945ns
    Clock Pessimism Removal (CPR):    0.603ns
  Clock Uncertainty:      0.082ns  ((TSJ^2 + DJ^2)^1/2) / 2 + PE
    Total System Jitter     (TSJ):    0.071ns
    Discrete Jitter          (DJ):    0.149ns
    Phase Error              (PE):    0.000ns

    Location             Delay type                Incr(ns)  Path(ns)    Netlist Resource(s)
  -------------------------------------------------------------------    -------------------
                         (clock clk_out1_xlnx_clk_gen rise edge)
                                                      0.000     0.000 r  
    K17                                               0.000     0.000 r  clk_sys (IN)
                         net (fo=0)                   0.000     0.000    i_xlnx_clk_gen/inst/clk_in1
    K17                  IBUF (Prop_ibuf_I_O)         1.475     1.475 r  i_xlnx_clk_gen/inst/clkin1_ibufg/O
                         net (fo=1, routed)           1.285     2.760    i_xlnx_clk_gen/inst/clk_in1_xlnx_clk_gen
    MMCME2_ADV_X1Y2      MMCME2_ADV (Prop_mmcme2_adv_CLKIN1_CLKOUT0)
                                                     -7.759    -4.999 r  i_xlnx_clk_gen/inst/mmcm_adv_inst/CLKOUT0
                         net (fo=1, routed)           2.206    -2.793    i_xlnx_clk_gen/inst/clk_out1_xlnx_clk_gen
    BUFGCTRL_X0Y16       BUFG (Prop_bufg_I_O)         0.101    -2.692 r  i_xlnx_clk_gen/inst/clkout1_buf/O
                         net (fo=22838, routed)       1.747    -0.945    i_axi_dwidth_converter_dm_slave/inst/gen_downsizer.gen_simple_downsizer.axi_downsizer_inst/USE_WRITE.write_addr_inst/USE_B_CHANNEL.cmd_b_queue/inst/fifo_gen_inst/inst_fifo_gen/gconvfifo.rf/grf.rf/rstblk/ngwrdrst.grst.g7serrst.gnsckt_wrst.rst_wr_reg2_inst/dest_clk
    SLICE_X29Y5          FDPE                                         r  i_axi_dwidth_converter_dm_slave/inst/gen_downsizer.gen_simple_downsizer.axi_downsizer_inst/USE_WRITE.write_addr_inst/USE_B_CHANNEL.cmd_b_queue/inst/fifo_gen_inst/inst_fifo_gen/gconvfifo.rf/grf.rf/rstblk/ngwrdrst.grst.g7serrst.gnsckt_wrst.rst_wr_reg2_inst/arststages_ff_reg[1]/C
  -------------------------------------------------------------------    -------------------
    SLICE_X29Y5          FDPE (Prop_fdpe_C_Q)         0.419    -0.526 f  i_axi_dwidth_converter_dm_slave/inst/gen_downsizer.gen_simple_downsizer.axi_downsizer_inst/USE_WRITE.write_addr_inst/USE_B_CHANNEL.cmd_b_queue/inst/fifo_gen_inst/inst_fifo_gen/gconvfifo.rf/grf.rf/rstblk/ngwrdrst.grst.g7serrst.gnsckt_wrst.rst_wr_reg2_inst/arststages_ff_reg[1]/Q
                         net (fo=3, routed)           1.151     0.624    i_axi_dwidth_converter_dm_slave/inst/gen_downsizer.gen_simple_downsizer.axi_downsizer_inst/USE_WRITE.write_addr_inst/USE_B_CHANNEL.cmd_b_queue/inst/fifo_gen_inst/inst_fifo_gen/gconvfifo.rf/grf.rf/rstblk/ngwrdrst.rst_wr_reg2
    SLICE_X28Y2          LUT3 (Prop_lut3_I2_O)        0.299     0.923 f  i_axi_dwidth_converter_dm_slave/inst/gen_downsizer.gen_simple_downsizer.axi_downsizer_inst/USE_WRITE.write_addr_inst/USE_B_CHANNEL.cmd_b_queue/inst/fifo_gen_inst/inst_fifo_gen/gconvfifo.rf/grf.rf/rstblk/gpregsm1.curr_fwft_state[1]_i_2/O
                         net (fo=32, routed)          1.592     2.515    i_axi_dwidth_converter_dm_slave/inst/gen_downsizer.gen_simple_downsizer.axi_downsizer_inst/USE_WRITE.write_addr_inst/USE_B_CHANNEL.cmd_b_queue/inst/fifo_gen_inst/inst_fifo_gen/gconvfifo.rf/grf.rf/gntv_or_sync_fifo.gl0.rd/rpntr/gc0.count_d1_reg[4]_1
    SLICE_X31Y4          FDCE                                         f  i_axi_dwidth_converter_dm_slave/inst/gen_downsizer.gen_simple_downsizer.axi_downsizer_inst/USE_WRITE.write_addr_inst/USE_B_CHANNEL.cmd_b_queue/inst/fifo_gen_inst/inst_fifo_gen/gconvfifo.rf/grf.rf/gntv_or_sync_fifo.gl0.rd/rpntr/gc0.count_reg[3]/CLR
  -------------------------------------------------------------------    -------------------

                         (clock clk_out1_xlnx_clk_gen rise edge)
                                                     25.000    25.000 r  
    K17                                               0.000    25.000 r  clk_sys (IN)
                         net (fo=0)                   0.000    25.000    i_xlnx_clk_gen/inst/clk_in1
    K17                  IBUF (Prop_ibuf_I_O)         1.404    26.404 r  i_xlnx_clk_gen/inst/clkin1_ibufg/O
                         net (fo=1, routed)           1.162    27.566    i_xlnx_clk_gen/inst/clk_in1_xlnx_clk_gen
    MMCME2_ADV_X1Y2      MMCME2_ADV (Prop_mmcme2_adv_CLKIN1_CLKOUT0)
                                                     -7.814    19.752 r  i_xlnx_clk_gen/inst/mmcm_adv_inst/CLKOUT0
                         net (fo=1, routed)           2.012    21.764    i_xlnx_clk_gen/inst/clk_out1_xlnx_clk_gen
    BUFGCTRL_X0Y16       BUFG (Prop_bufg_I_O)         0.091    21.855 r  i_xlnx_clk_gen/inst/clkout1_buf/O
                         net (fo=22838, routed)       1.571    23.426    i_axi_dwidth_converter_dm_slave/inst/gen_downsizer.gen_simple_downsizer.axi_downsizer_inst/USE_WRITE.write_addr_inst/USE_B_CHANNEL.cmd_b_queue/inst/fifo_gen_inst/inst_fifo_gen/gconvfifo.rf/grf.rf/gntv_or_sync_fifo.gl0.rd/rpntr/clk
    SLICE_X31Y4          FDCE                                         r  i_axi_dwidth_converter_dm_slave/inst/gen_downsizer.gen_simple_downsizer.axi_downsizer_inst/USE_WRITE.write_addr_inst/USE_B_CHANNEL.cmd_b_queue/inst/fifo_gen_inst/inst_fifo_gen/gconvfifo.rf/grf.rf/gntv_or_sync_fifo.gl0.rd/rpntr/gc0.count_reg[3]/C
                         clock pessimism              0.603    24.030    
                         clock uncertainty           -0.082    23.948    
    SLICE_X31Y4          FDCE (Recov_fdce_C_CLR)     -0.405    23.543    i_axi_dwidth_converter_dm_slave/inst/gen_downsizer.gen_simple_downsizer.axi_downsizer_inst/USE_WRITE.write_addr_inst/USE_B_CHANNEL.cmd_b_queue/inst/fifo_gen_inst/inst_fifo_gen/gconvfifo.rf/grf.rf/gntv_or_sync_fifo.gl0.rd/rpntr/gc0.count_reg[3]
  -------------------------------------------------------------------
                         required time                         23.543    
                         arrival time                          -2.515    
  -------------------------------------------------------------------
                         slack                                 21.027    

Slack (MET) :             21.027ns  (required time - arrival time)
  Source:                 i_axi_dwidth_converter_dm_slave/inst/gen_downsizer.gen_simple_downsizer.axi_downsizer_inst/USE_WRITE.write_addr_inst/USE_B_CHANNEL.cmd_b_queue/inst/fifo_gen_inst/inst_fifo_gen/gconvfifo.rf/grf.rf/rstblk/ngwrdrst.grst.g7serrst.gnsckt_wrst.rst_wr_reg2_inst/arststages_ff_reg[1]/C
                            (rising edge-triggered cell FDPE clocked by clk_out1_xlnx_clk_gen  {rise@0.000ns fall@12.500ns period=25.000ns})
  Destination:            i_axi_dwidth_converter_dm_slave/inst/gen_downsizer.gen_simple_downsizer.axi_downsizer_inst/USE_WRITE.write_addr_inst/USE_B_CHANNEL.cmd_b_queue/inst/fifo_gen_inst/inst_fifo_gen/gconvfifo.rf/grf.rf/gntv_or_sync_fifo.gl0.rd/rpntr/gc0.count_reg[4]/CLR
                            (recovery check against rising-edge clock clk_out1_xlnx_clk_gen  {rise@0.000ns fall@12.500ns period=25.000ns})
  Path Group:             **async_default**
  Path Type:              Recovery (Max at Slow Process Corner)
  Requirement:            25.000ns  (clk_out1_xlnx_clk_gen rise@25.000ns - clk_out1_xlnx_clk_gen rise@0.000ns)
  Data Path Delay:        3.460ns  (logic 0.718ns (20.750%)  route 2.742ns (79.250%))
  Logic Levels:           1  (LUT3=1)
  Clock Path Skew:        -0.025ns (DCD - SCD + CPR)
    Destination Clock Delay (DCD):    -1.574ns = ( 23.426 - 25.000 ) 
    Source Clock Delay      (SCD):    -0.945ns
    Clock Pessimism Removal (CPR):    0.603ns
  Clock Uncertainty:      0.082ns  ((TSJ^2 + DJ^2)^1/2) / 2 + PE
    Total System Jitter     (TSJ):    0.071ns
    Discrete Jitter          (DJ):    0.149ns
    Phase Error              (PE):    0.000ns

    Location             Delay type                Incr(ns)  Path(ns)    Netlist Resource(s)
  -------------------------------------------------------------------    -------------------
                         (clock clk_out1_xlnx_clk_gen rise edge)
                                                      0.000     0.000 r  
    K17                                               0.000     0.000 r  clk_sys (IN)
                         net (fo=0)                   0.000     0.000    i_xlnx_clk_gen/inst/clk_in1
    K17                  IBUF (Prop_ibuf_I_O)         1.475     1.475 r  i_xlnx_clk_gen/inst/clkin1_ibufg/O
                         net (fo=1, routed)           1.285     2.760    i_xlnx_clk_gen/inst/clk_in1_xlnx_clk_gen
    MMCME2_ADV_X1Y2      MMCME2_ADV (Prop_mmcme2_adv_CLKIN1_CLKOUT0)
                                                     -7.759    -4.999 r  i_xlnx_clk_gen/inst/mmcm_adv_inst/CLKOUT0
                         net (fo=1, routed)           2.206    -2.793    i_xlnx_clk_gen/inst/clk_out1_xlnx_clk_gen
    BUFGCTRL_X0Y16       BUFG (Prop_bufg_I_O)         0.101    -2.692 r  i_xlnx_clk_gen/inst/clkout1_buf/O
                         net (fo=22838, routed)       1.747    -0.945    i_axi_dwidth_converter_dm_slave/inst/gen_downsizer.gen_simple_downsizer.axi_downsizer_inst/USE_WRITE.write_addr_inst/USE_B_CHANNEL.cmd_b_queue/inst/fifo_gen_inst/inst_fifo_gen/gconvfifo.rf/grf.rf/rstblk/ngwrdrst.grst.g7serrst.gnsckt_wrst.rst_wr_reg2_inst/dest_clk
    SLICE_X29Y5          FDPE                                         r  i_axi_dwidth_converter_dm_slave/inst/gen_downsizer.gen_simple_downsizer.axi_downsizer_inst/USE_WRITE.write_addr_inst/USE_B_CHANNEL.cmd_b_queue/inst/fifo_gen_inst/inst_fifo_gen/gconvfifo.rf/grf.rf/rstblk/ngwrdrst.grst.g7serrst.gnsckt_wrst.rst_wr_reg2_inst/arststages_ff_reg[1]/C
  -------------------------------------------------------------------    -------------------
    SLICE_X29Y5          FDPE (Prop_fdpe_C_Q)         0.419    -0.526 f  i_axi_dwidth_converter_dm_slave/inst/gen_downsizer.gen_simple_downsizer.axi_downsizer_inst/USE_WRITE.write_addr_inst/USE_B_CHANNEL.cmd_b_queue/inst/fifo_gen_inst/inst_fifo_gen/gconvfifo.rf/grf.rf/rstblk/ngwrdrst.grst.g7serrst.gnsckt_wrst.rst_wr_reg2_inst/arststages_ff_reg[1]/Q
                         net (fo=3, routed)           1.151     0.624    i_axi_dwidth_converter_dm_slave/inst/gen_downsizer.gen_simple_downsizer.axi_downsizer_inst/USE_WRITE.write_addr_inst/USE_B_CHANNEL.cmd_b_queue/inst/fifo_gen_inst/inst_fifo_gen/gconvfifo.rf/grf.rf/rstblk/ngwrdrst.rst_wr_reg2
    SLICE_X28Y2          LUT3 (Prop_lut3_I2_O)        0.299     0.923 f  i_axi_dwidth_converter_dm_slave/inst/gen_downsizer.gen_simple_downsizer.axi_downsizer_inst/USE_WRITE.write_addr_inst/USE_B_CHANNEL.cmd_b_queue/inst/fifo_gen_inst/inst_fifo_gen/gconvfifo.rf/grf.rf/rstblk/gpregsm1.curr_fwft_state[1]_i_2/O
                         net (fo=32, routed)          1.592     2.515    i_axi_dwidth_converter_dm_slave/inst/gen_downsizer.gen_simple_downsizer.axi_downsizer_inst/USE_WRITE.write_addr_inst/USE_B_CHANNEL.cmd_b_queue/inst/fifo_gen_inst/inst_fifo_gen/gconvfifo.rf/grf.rf/gntv_or_sync_fifo.gl0.rd/rpntr/gc0.count_d1_reg[4]_1
    SLICE_X31Y4          FDCE                                         f  i_axi_dwidth_converter_dm_slave/inst/gen_downsizer.gen_simple_downsizer.axi_downsizer_inst/USE_WRITE.write_addr_inst/USE_B_CHANNEL.cmd_b_queue/inst/fifo_gen_inst/inst_fifo_gen/gconvfifo.rf/grf.rf/gntv_or_sync_fifo.gl0.rd/rpntr/gc0.count_reg[4]/CLR
  -------------------------------------------------------------------    -------------------

                         (clock clk_out1_xlnx_clk_gen rise edge)
                                                     25.000    25.000 r  
    K17                                               0.000    25.000 r  clk_sys (IN)
                         net (fo=0)                   0.000    25.000    i_xlnx_clk_gen/inst/clk_in1
    K17                  IBUF (Prop_ibuf_I_O)         1.404    26.404 r  i_xlnx_clk_gen/inst/clkin1_ibufg/O
                         net (fo=1, routed)           1.162    27.566    i_xlnx_clk_gen/inst/clk_in1_xlnx_clk_gen
    MMCME2_ADV_X1Y2      MMCME2_ADV (Prop_mmcme2_adv_CLKIN1_CLKOUT0)
                                                     -7.814    19.752 r  i_xlnx_clk_gen/inst/mmcm_adv_inst/CLKOUT0
                         net (fo=1, routed)           2.012    21.764    i_xlnx_clk_gen/inst/clk_out1_xlnx_clk_gen
    BUFGCTRL_X0Y16       BUFG (Prop_bufg_I_O)         0.091    21.855 r  i_xlnx_clk_gen/inst/clkout1_buf/O
                         net (fo=22838, routed)       1.571    23.426    i_axi_dwidth_converter_dm_slave/inst/gen_downsizer.gen_simple_downsizer.axi_downsizer_inst/USE_WRITE.write_addr_inst/USE_B_CHANNEL.cmd_b_queue/inst/fifo_gen_inst/inst_fifo_gen/gconvfifo.rf/grf.rf/gntv_or_sync_fifo.gl0.rd/rpntr/clk
    SLICE_X31Y4          FDCE                                         r  i_axi_dwidth_converter_dm_slave/inst/gen_downsizer.gen_simple_downsizer.axi_downsizer_inst/USE_WRITE.write_addr_inst/USE_B_CHANNEL.cmd_b_queue/inst/fifo_gen_inst/inst_fifo_gen/gconvfifo.rf/grf.rf/gntv_or_sync_fifo.gl0.rd/rpntr/gc0.count_reg[4]/C
                         clock pessimism              0.603    24.030    
                         clock uncertainty           -0.082    23.948    
    SLICE_X31Y4          FDCE (Recov_fdce_C_CLR)     -0.405    23.543    i_axi_dwidth_converter_dm_slave/inst/gen_downsizer.gen_simple_downsizer.axi_downsizer_inst/USE_WRITE.write_addr_inst/USE_B_CHANNEL.cmd_b_queue/inst/fifo_gen_inst/inst_fifo_gen/gconvfifo.rf/grf.rf/gntv_or_sync_fifo.gl0.rd/rpntr/gc0.count_reg[4]
  -------------------------------------------------------------------
                         required time                         23.543    
                         arrival time                          -2.515    
  -------------------------------------------------------------------
                         slack                                 21.027    

Slack (MET) :             21.212ns  (required time - arrival time)
  Source:                 i_dm_top/i_dm_csrs/dmcontrol_q_reg[ndmreset]/C
                            (rising edge-triggered cell FDCE clocked by clk_out1_xlnx_clk_gen  {rise@0.000ns fall@12.500ns period=25.000ns})
  Destination:            i_rstgen_main/i_rstgen_bypass/synch_regs_q_reg[2]/CLR
                            (recovery check against rising-edge clock clk_out1_xlnx_clk_gen  {rise@0.000ns fall@12.500ns period=25.000ns})
  Path Group:             **async_default**
  Path Type:              Recovery (Max at Slow Process Corner)
  Requirement:            25.000ns  (clk_out1_xlnx_clk_gen rise@25.000ns - clk_out1_xlnx_clk_gen rise@0.000ns)
  Data Path Delay:        3.019ns  (logic 0.605ns (20.038%)  route 2.414ns (79.962%))
  Logic Levels:           1  (LUT2=1)
  Clock Path Skew:        -0.074ns (DCD - SCD + CPR)
    Destination Clock Delay (DCD):    -1.601ns = ( 23.399 - 25.000 ) 
    Source Clock Delay      (SCD):    -0.959ns
    Clock Pessimism Removal (CPR):    0.567ns
  Clock Uncertainty:      0.082ns  ((TSJ^2 + DJ^2)^1/2) / 2 + PE
    Total System Jitter     (TSJ):    0.071ns
    Discrete Jitter          (DJ):    0.149ns
    Phase Error              (PE):    0.000ns

    Location             Delay type                Incr(ns)  Path(ns)    Netlist Resource(s)
  -------------------------------------------------------------------    -------------------
                         (clock clk_out1_xlnx_clk_gen rise edge)
                                                      0.000     0.000 r  
    K17                                               0.000     0.000 r  clk_sys (IN)
                         net (fo=0)                   0.000     0.000    i_xlnx_clk_gen/inst/clk_in1
    K17                  IBUF (Prop_ibuf_I_O)         1.475     1.475 r  i_xlnx_clk_gen/inst/clkin1_ibufg/O
                         net (fo=1, routed)           1.285     2.760    i_xlnx_clk_gen/inst/clk_in1_xlnx_clk_gen
    MMCME2_ADV_X1Y2      MMCME2_ADV (Prop_mmcme2_adv_CLKIN1_CLKOUT0)
                                                     -7.759    -4.999 r  i_xlnx_clk_gen/inst/mmcm_adv_inst/CLKOUT0
                         net (fo=1, routed)           2.206    -2.793    i_xlnx_clk_gen/inst/clk_out1_xlnx_clk_gen
    BUFGCTRL_X0Y16       BUFG (Prop_bufg_I_O)         0.101    -2.692 r  i_xlnx_clk_gen/inst/clkout1_buf/O
                         net (fo=22838, routed)       1.733    -0.959    i_dm_top/i_dm_csrs/clk_out1
    SLICE_X69Y6          FDCE                                         r  i_dm_top/i_dm_csrs/dmcontrol_q_reg[ndmreset]/C
  -------------------------------------------------------------------    -------------------
    SLICE_X69Y6          FDCE (Prop_fdce_C_Q)         0.456    -0.503 f  i_dm_top/i_dm_csrs/dmcontrol_q_reg[ndmreset]/Q
                         net (fo=3, routed)           1.333     0.830    i_dm_top/i_dm_csrs/ndmreset
    SLICE_X83Y11         LUT2 (Prop_lut2_I0_O)        0.149     0.979 f  i_dm_top/i_dm_csrs/synch_regs_q[3]_i_1/O
                         net (fo=4, routed)           1.081     2.060    i_rstgen_main/i_rstgen_bypass/synch_regs_q_reg[3]_1
    SLICE_X77Y24         FDCE                                         f  i_rstgen_main/i_rstgen_bypass/synch_regs_q_reg[2]/CLR
  -------------------------------------------------------------------    -------------------

                         (clock clk_out1_xlnx_clk_gen rise edge)
                                                     25.000    25.000 r  
    K17                                               0.000    25.000 r  clk_sys (IN)
                         net (fo=0)                   0.000    25.000    i_xlnx_clk_gen/inst/clk_in1
    K17                  IBUF (Prop_ibuf_I_O)         1.404    26.404 r  i_xlnx_clk_gen/inst/clkin1_ibufg/O
                         net (fo=1, routed)           1.162    27.566    i_xlnx_clk_gen/inst/clk_in1_xlnx_clk_gen
    MMCME2_ADV_X1Y2      MMCME2_ADV (Prop_mmcme2_adv_CLKIN1_CLKOUT0)
                                                     -7.814    19.752 r  i_xlnx_clk_gen/inst/mmcm_adv_inst/CLKOUT0
                         net (fo=1, routed)           2.012    21.764    i_xlnx_clk_gen/inst/clk_out1_xlnx_clk_gen
    BUFGCTRL_X0Y16       BUFG (Prop_bufg_I_O)         0.091    21.855 r  i_xlnx_clk_gen/inst/clkout1_buf/O
                         net (fo=22838, routed)       1.544    23.399    i_rstgen_main/i_rstgen_bypass/clk_out1
    SLICE_X77Y24         FDCE                                         r  i_rstgen_main/i_rstgen_bypass/synch_regs_q_reg[2]/C
                         clock pessimism              0.567    23.967    
                         clock uncertainty           -0.082    23.885    
    SLICE_X77Y24         FDCE (Recov_fdce_C_CLR)     -0.613    23.272    i_rstgen_main/i_rstgen_bypass/synch_regs_q_reg[2]
  -------------------------------------------------------------------
                         required time                         23.272    
                         arrival time                          -2.060    
  -------------------------------------------------------------------
                         slack                                 21.212    

Slack (MET) :             21.298ns  (required time - arrival time)
  Source:                 i_axi_dwidth_converter_dm_slave/inst/gen_downsizer.gen_simple_downsizer.axi_downsizer_inst/USE_WRITE.write_addr_inst/USE_B_CHANNEL.cmd_b_queue/inst/fifo_gen_inst/inst_fifo_gen/gconvfifo.rf/grf.rf/rstblk/ngwrdrst.grst.g7serrst.gnsckt_wrst.rst_wr_reg2_inst/arststages_ff_reg[1]/C
                            (rising edge-triggered cell FDPE clocked by clk_out1_xlnx_clk_gen  {rise@0.000ns fall@12.500ns period=25.000ns})
  Destination:            i_axi_dwidth_converter_dm_slave/inst/gen_downsizer.gen_simple_downsizer.axi_downsizer_inst/USE_WRITE.write_addr_inst/USE_B_CHANNEL.cmd_b_queue/inst/fifo_gen_inst/inst_fifo_gen/gconvfifo.rf/grf.rf/gntv_or_sync_fifo.gl0.rd/rpntr/gc0.count_d1_reg[0]/CLR
                            (recovery check against rising-edge clock clk_out1_xlnx_clk_gen  {rise@0.000ns fall@12.500ns period=25.000ns})
  Path Group:             **async_default**
  Path Type:              Recovery (Max at Slow Process Corner)
  Requirement:            25.000ns  (clk_out1_xlnx_clk_gen rise@25.000ns - clk_out1_xlnx_clk_gen rise@0.000ns)
  Data Path Delay:        3.190ns  (logic 0.718ns (22.508%)  route 2.472ns (77.492%))
  Logic Levels:           1  (LUT3=1)
  Clock Path Skew:        -0.025ns (DCD - SCD + CPR)
    Destination Clock Delay (DCD):    -1.574ns = ( 23.426 - 25.000 ) 
    Source Clock Delay      (SCD):    -0.945ns
    Clock Pessimism Removal (CPR):    0.603ns
  Clock Uncertainty:      0.082ns  ((TSJ^2 + DJ^2)^1/2) / 2 + PE
    Total System Jitter     (TSJ):    0.071ns
    Discrete Jitter          (DJ):    0.149ns
    Phase Error              (PE):    0.000ns

    Location             Delay type                Incr(ns)  Path(ns)    Netlist Resource(s)
  -------------------------------------------------------------------    -------------------
                         (clock clk_out1_xlnx_clk_gen rise edge)
                                                      0.000     0.000 r  
    K17                                               0.000     0.000 r  clk_sys (IN)
                         net (fo=0)                   0.000     0.000    i_xlnx_clk_gen/inst/clk_in1
    K17                  IBUF (Prop_ibuf_I_O)         1.475     1.475 r  i_xlnx_clk_gen/inst/clkin1_ibufg/O
                         net (fo=1, routed)           1.285     2.760    i_xlnx_clk_gen/inst/clk_in1_xlnx_clk_gen
    MMCME2_ADV_X1Y2      MMCME2_ADV (Prop_mmcme2_adv_CLKIN1_CLKOUT0)
                                                     -7.759    -4.999 r  i_xlnx_clk_gen/inst/mmcm_adv_inst/CLKOUT0
                         net (fo=1, routed)           2.206    -2.793    i_xlnx_clk_gen/inst/clk_out1_xlnx_clk_gen
    BUFGCTRL_X0Y16       BUFG (Prop_bufg_I_O)         0.101    -2.692 r  i_xlnx_clk_gen/inst/clkout1_buf/O
                         net (fo=22838, routed)       1.747    -0.945    i_axi_dwidth_converter_dm_slave/inst/gen_downsizer.gen_simple_downsizer.axi_downsizer_inst/USE_WRITE.write_addr_inst/USE_B_CHANNEL.cmd_b_queue/inst/fifo_gen_inst/inst_fifo_gen/gconvfifo.rf/grf.rf/rstblk/ngwrdrst.grst.g7serrst.gnsckt_wrst.rst_wr_reg2_inst/dest_clk
    SLICE_X29Y5          FDPE                                         r  i_axi_dwidth_converter_dm_slave/inst/gen_downsizer.gen_simple_downsizer.axi_downsizer_inst/USE_WRITE.write_addr_inst/USE_B_CHANNEL.cmd_b_queue/inst/fifo_gen_inst/inst_fifo_gen/gconvfifo.rf/grf.rf/rstblk/ngwrdrst.grst.g7serrst.gnsckt_wrst.rst_wr_reg2_inst/arststages_ff_reg[1]/C
  -------------------------------------------------------------------    -------------------
    SLICE_X29Y5          FDPE (Prop_fdpe_C_Q)         0.419    -0.526 f  i_axi_dwidth_converter_dm_slave/inst/gen_downsizer.gen_simple_downsizer.axi_downsizer_inst/USE_WRITE.write_addr_inst/USE_B_CHANNEL.cmd_b_queue/inst/fifo_gen_inst/inst_fifo_gen/gconvfifo.rf/grf.rf/rstblk/ngwrdrst.grst.g7serrst.gnsckt_wrst.rst_wr_reg2_inst/arststages_ff_reg[1]/Q
                         net (fo=3, routed)           1.151     0.624    i_axi_dwidth_converter_dm_slave/inst/gen_downsizer.gen_simple_downsizer.axi_downsizer_inst/USE_WRITE.write_addr_inst/USE_B_CHANNEL.cmd_b_queue/inst/fifo_gen_inst/inst_fifo_gen/gconvfifo.rf/grf.rf/rstblk/ngwrdrst.rst_wr_reg2
    SLICE_X28Y2          LUT3 (Prop_lut3_I2_O)        0.299     0.923 f  i_axi_dwidth_converter_dm_slave/inst/gen_downsizer.gen_simple_downsizer.axi_downsizer_inst/USE_WRITE.write_addr_inst/USE_B_CHANNEL.cmd_b_queue/inst/fifo_gen_inst/inst_fifo_gen/gconvfifo.rf/grf.rf/rstblk/gpregsm1.curr_fwft_state[1]_i_2/O
                         net (fo=32, routed)          1.321     2.245    i_axi_dwidth_converter_dm_slave/inst/gen_downsizer.gen_simple_downsizer.axi_downsizer_inst/USE_WRITE.write_addr_inst/USE_B_CHANNEL.cmd_b_queue/inst/fifo_gen_inst/inst_fifo_gen/gconvfifo.rf/grf.rf/gntv_or_sync_fifo.gl0.rd/rpntr/gc0.count_d1_reg[4]_1
    SLICE_X29Y3          FDCE                                         f  i_axi_dwidth_converter_dm_slave/inst/gen_downsizer.gen_simple_downsizer.axi_downsizer_inst/USE_WRITE.write_addr_inst/USE_B_CHANNEL.cmd_b_queue/inst/fifo_gen_inst/inst_fifo_gen/gconvfifo.rf/grf.rf/gntv_or_sync_fifo.gl0.rd/rpntr/gc0.count_d1_reg[0]/CLR
  -------------------------------------------------------------------    -------------------

                         (clock clk_out1_xlnx_clk_gen rise edge)
                                                     25.000    25.000 r  
    K17                                               0.000    25.000 r  clk_sys (IN)
                         net (fo=0)                   0.000    25.000    i_xlnx_clk_gen/inst/clk_in1
    K17                  IBUF (Prop_ibuf_I_O)         1.404    26.404 r  i_xlnx_clk_gen/inst/clkin1_ibufg/O
                         net (fo=1, routed)           1.162    27.566    i_xlnx_clk_gen/inst/clk_in1_xlnx_clk_gen
    MMCME2_ADV_X1Y2      MMCME2_ADV (Prop_mmcme2_adv_CLKIN1_CLKOUT0)
                                                     -7.814    19.752 r  i_xlnx_clk_gen/inst/mmcm_adv_inst/CLKOUT0
                         net (fo=1, routed)           2.012    21.764    i_xlnx_clk_gen/inst/clk_out1_xlnx_clk_gen
    BUFGCTRL_X0Y16       BUFG (Prop_bufg_I_O)         0.091    21.855 r  i_xlnx_clk_gen/inst/clkout1_buf/O
                         net (fo=22838, routed)       1.571    23.426    i_axi_dwidth_converter_dm_slave/inst/gen_downsizer.gen_simple_downsizer.axi_downsizer_inst/USE_WRITE.write_addr_inst/USE_B_CHANNEL.cmd_b_queue/inst/fifo_gen_inst/inst_fifo_gen/gconvfifo.rf/grf.rf/gntv_or_sync_fifo.gl0.rd/rpntr/clk
    SLICE_X29Y3          FDCE                                         r  i_axi_dwidth_converter_dm_slave/inst/gen_downsizer.gen_simple_downsizer.axi_downsizer_inst/USE_WRITE.write_addr_inst/USE_B_CHANNEL.cmd_b_queue/inst/fifo_gen_inst/inst_fifo_gen/gconvfifo.rf/grf.rf/gntv_or_sync_fifo.gl0.rd/rpntr/gc0.count_d1_reg[0]/C
                         clock pessimism              0.603    24.030    
                         clock uncertainty           -0.082    23.948    
    SLICE_X29Y3          FDCE (Recov_fdce_C_CLR)     -0.405    23.543    i_axi_dwidth_converter_dm_slave/inst/gen_downsizer.gen_simple_downsizer.axi_downsizer_inst/USE_WRITE.write_addr_inst/USE_B_CHANNEL.cmd_b_queue/inst/fifo_gen_inst/inst_fifo_gen/gconvfifo.rf/grf.rf/gntv_or_sync_fifo.gl0.rd/rpntr/gc0.count_d1_reg[0]
  -------------------------------------------------------------------
                         required time                         23.543    
                         arrival time                          -2.245    
  -------------------------------------------------------------------
                         slack                                 21.298    

Slack (MET) :             21.298ns  (required time - arrival time)
  Source:                 i_axi_dwidth_converter_dm_slave/inst/gen_downsizer.gen_simple_downsizer.axi_downsizer_inst/USE_WRITE.write_addr_inst/USE_B_CHANNEL.cmd_b_queue/inst/fifo_gen_inst/inst_fifo_gen/gconvfifo.rf/grf.rf/rstblk/ngwrdrst.grst.g7serrst.gnsckt_wrst.rst_wr_reg2_inst/arststages_ff_reg[1]/C
                            (rising edge-triggered cell FDPE clocked by clk_out1_xlnx_clk_gen  {rise@0.000ns fall@12.500ns period=25.000ns})
  Destination:            i_axi_dwidth_converter_dm_slave/inst/gen_downsizer.gen_simple_downsizer.axi_downsizer_inst/USE_WRITE.write_addr_inst/USE_B_CHANNEL.cmd_b_queue/inst/fifo_gen_inst/inst_fifo_gen/gconvfifo.rf/grf.rf/gntv_or_sync_fifo.gl0.rd/rpntr/gc0.count_d1_reg[2]/CLR
                            (recovery check against rising-edge clock clk_out1_xlnx_clk_gen  {rise@0.000ns fall@12.500ns period=25.000ns})
  Path Group:             **async_default**
  Path Type:              Recovery (Max at Slow Process Corner)
  Requirement:            25.000ns  (clk_out1_xlnx_clk_gen rise@25.000ns - clk_out1_xlnx_clk_gen rise@0.000ns)
  Data Path Delay:        3.190ns  (logic 0.718ns (22.508%)  route 2.472ns (77.492%))
  Logic Levels:           1  (LUT3=1)
  Clock Path Skew:        -0.025ns (DCD - SCD + CPR)
    Destination Clock Delay (DCD):    -1.574ns = ( 23.426 - 25.000 ) 
    Source Clock Delay      (SCD):    -0.945ns
    Clock Pessimism Removal (CPR):    0.603ns
  Clock Uncertainty:      0.082ns  ((TSJ^2 + DJ^2)^1/2) / 2 + PE
    Total System Jitter     (TSJ):    0.071ns
    Discrete Jitter          (DJ):    0.149ns
    Phase Error              (PE):    0.000ns

    Location             Delay type                Incr(ns)  Path(ns)    Netlist Resource(s)
  -------------------------------------------------------------------    -------------------
                         (clock clk_out1_xlnx_clk_gen rise edge)
                                                      0.000     0.000 r  
    K17                                               0.000     0.000 r  clk_sys (IN)
                         net (fo=0)                   0.000     0.000    i_xlnx_clk_gen/inst/clk_in1
    K17                  IBUF (Prop_ibuf_I_O)         1.475     1.475 r  i_xlnx_clk_gen/inst/clkin1_ibufg/O
                         net (fo=1, routed)           1.285     2.760    i_xlnx_clk_gen/inst/clk_in1_xlnx_clk_gen
    MMCME2_ADV_X1Y2      MMCME2_ADV (Prop_mmcme2_adv_CLKIN1_CLKOUT0)
                                                     -7.759    -4.999 r  i_xlnx_clk_gen/inst/mmcm_adv_inst/CLKOUT0
                         net (fo=1, routed)           2.206    -2.793    i_xlnx_clk_gen/inst/clk_out1_xlnx_clk_gen
    BUFGCTRL_X0Y16       BUFG (Prop_bufg_I_O)         0.101    -2.692 r  i_xlnx_clk_gen/inst/clkout1_buf/O
                         net (fo=22838, routed)       1.747    -0.945    i_axi_dwidth_converter_dm_slave/inst/gen_downsizer.gen_simple_downsizer.axi_downsizer_inst/USE_WRITE.write_addr_inst/USE_B_CHANNEL.cmd_b_queue/inst/fifo_gen_inst/inst_fifo_gen/gconvfifo.rf/grf.rf/rstblk/ngwrdrst.grst.g7serrst.gnsckt_wrst.rst_wr_reg2_inst/dest_clk
    SLICE_X29Y5          FDPE                                         r  i_axi_dwidth_converter_dm_slave/inst/gen_downsizer.gen_simple_downsizer.axi_downsizer_inst/USE_WRITE.write_addr_inst/USE_B_CHANNEL.cmd_b_queue/inst/fifo_gen_inst/inst_fifo_gen/gconvfifo.rf/grf.rf/rstblk/ngwrdrst.grst.g7serrst.gnsckt_wrst.rst_wr_reg2_inst/arststages_ff_reg[1]/C
  -------------------------------------------------------------------    -------------------
    SLICE_X29Y5          FDPE (Prop_fdpe_C_Q)         0.419    -0.526 f  i_axi_dwidth_converter_dm_slave/inst/gen_downsizer.gen_simple_downsizer.axi_downsizer_inst/USE_WRITE.write_addr_inst/USE_B_CHANNEL.cmd_b_queue/inst/fifo_gen_inst/inst_fifo_gen/gconvfifo.rf/grf.rf/rstblk/ngwrdrst.grst.g7serrst.gnsckt_wrst.rst_wr_reg2_inst/arststages_ff_reg[1]/Q
                         net (fo=3, routed)           1.151     0.624    i_axi_dwidth_converter_dm_slave/inst/gen_downsizer.gen_simple_downsizer.axi_downsizer_inst/USE_WRITE.write_addr_inst/USE_B_CHANNEL.cmd_b_queue/inst/fifo_gen_inst/inst_fifo_gen/gconvfifo.rf/grf.rf/rstblk/ngwrdrst.rst_wr_reg2
    SLICE_X28Y2          LUT3 (Prop_lut3_I2_O)        0.299     0.923 f  i_axi_dwidth_converter_dm_slave/inst/gen_downsizer.gen_simple_downsizer.axi_downsizer_inst/USE_WRITE.write_addr_inst/USE_B_CHANNEL.cmd_b_queue/inst/fifo_gen_inst/inst_fifo_gen/gconvfifo.rf/grf.rf/rstblk/gpregsm1.curr_fwft_state[1]_i_2/O
                         net (fo=32, routed)          1.321     2.245    i_axi_dwidth_converter_dm_slave/inst/gen_downsizer.gen_simple_downsizer.axi_downsizer_inst/USE_WRITE.write_addr_inst/USE_B_CHANNEL.cmd_b_queue/inst/fifo_gen_inst/inst_fifo_gen/gconvfifo.rf/grf.rf/gntv_or_sync_fifo.gl0.rd/rpntr/gc0.count_d1_reg[4]_1
    SLICE_X29Y3          FDCE                                         f  i_axi_dwidth_converter_dm_slave/inst/gen_downsizer.gen_simple_downsizer.axi_downsizer_inst/USE_WRITE.write_addr_inst/USE_B_CHANNEL.cmd_b_queue/inst/fifo_gen_inst/inst_fifo_gen/gconvfifo.rf/grf.rf/gntv_or_sync_fifo.gl0.rd/rpntr/gc0.count_d1_reg[2]/CLR
  -------------------------------------------------------------------    -------------------

                         (clock clk_out1_xlnx_clk_gen rise edge)
                                                     25.000    25.000 r  
    K17                                               0.000    25.000 r  clk_sys (IN)
                         net (fo=0)                   0.000    25.000    i_xlnx_clk_gen/inst/clk_in1
    K17                  IBUF (Prop_ibuf_I_O)         1.404    26.404 r  i_xlnx_clk_gen/inst/clkin1_ibufg/O
                         net (fo=1, routed)           1.162    27.566    i_xlnx_clk_gen/inst/clk_in1_xlnx_clk_gen
    MMCME2_ADV_X1Y2      MMCME2_ADV (Prop_mmcme2_adv_CLKIN1_CLKOUT0)
                                                     -7.814    19.752 r  i_xlnx_clk_gen/inst/mmcm_adv_inst/CLKOUT0
                         net (fo=1, routed)           2.012    21.764    i_xlnx_clk_gen/inst/clk_out1_xlnx_clk_gen
    BUFGCTRL_X0Y16       BUFG (Prop_bufg_I_O)         0.091    21.855 r  i_xlnx_clk_gen/inst/clkout1_buf/O
                         net (fo=22838, routed)       1.571    23.426    i_axi_dwidth_converter_dm_slave/inst/gen_downsizer.gen_simple_downsizer.axi_downsizer_inst/USE_WRITE.write_addr_inst/USE_B_CHANNEL.cmd_b_queue/inst/fifo_gen_inst/inst_fifo_gen/gconvfifo.rf/grf.rf/gntv_or_sync_fifo.gl0.rd/rpntr/clk
    SLICE_X29Y3          FDCE                                         r  i_axi_dwidth_converter_dm_slave/inst/gen_downsizer.gen_simple_downsizer.axi_downsizer_inst/USE_WRITE.write_addr_inst/USE_B_CHANNEL.cmd_b_queue/inst/fifo_gen_inst/inst_fifo_gen/gconvfifo.rf/grf.rf/gntv_or_sync_fifo.gl0.rd/rpntr/gc0.count_d1_reg[2]/C
                         clock pessimism              0.603    24.030    
                         clock uncertainty           -0.082    23.948    
    SLICE_X29Y3          FDCE (Recov_fdce_C_CLR)     -0.405    23.543    i_axi_dwidth_converter_dm_slave/inst/gen_downsizer.gen_simple_downsizer.axi_downsizer_inst/USE_WRITE.write_addr_inst/USE_B_CHANNEL.cmd_b_queue/inst/fifo_gen_inst/inst_fifo_gen/gconvfifo.rf/grf.rf/gntv_or_sync_fifo.gl0.rd/rpntr/gc0.count_d1_reg[2]
  -------------------------------------------------------------------
                         required time                         23.543    
                         arrival time                          -2.245    
  -------------------------------------------------------------------
                         slack                                 21.298    

Slack (MET) :             21.298ns  (required time - arrival time)
  Source:                 i_axi_dwidth_converter_dm_slave/inst/gen_downsizer.gen_simple_downsizer.axi_downsizer_inst/USE_WRITE.write_addr_inst/USE_B_CHANNEL.cmd_b_queue/inst/fifo_gen_inst/inst_fifo_gen/gconvfifo.rf/grf.rf/rstblk/ngwrdrst.grst.g7serrst.gnsckt_wrst.rst_wr_reg2_inst/arststages_ff_reg[1]/C
                            (rising edge-triggered cell FDPE clocked by clk_out1_xlnx_clk_gen  {rise@0.000ns fall@12.500ns period=25.000ns})
  Destination:            i_axi_dwidth_converter_dm_slave/inst/gen_downsizer.gen_simple_downsizer.axi_downsizer_inst/USE_WRITE.write_addr_inst/USE_B_CHANNEL.cmd_b_queue/inst/fifo_gen_inst/inst_fifo_gen/gconvfifo.rf/grf.rf/gntv_or_sync_fifo.gl0.rd/rpntr/gc0.count_d1_reg[3]/CLR
                            (recovery check against rising-edge clock clk_out1_xlnx_clk_gen  {rise@0.000ns fall@12.500ns period=25.000ns})
  Path Group:             **async_default**
  Path Type:              Recovery (Max at Slow Process Corner)
  Requirement:            25.000ns  (clk_out1_xlnx_clk_gen rise@25.000ns - clk_out1_xlnx_clk_gen rise@0.000ns)
  Data Path Delay:        3.190ns  (logic 0.718ns (22.508%)  route 2.472ns (77.492%))
  Logic Levels:           1  (LUT3=1)
  Clock Path Skew:        -0.025ns (DCD - SCD + CPR)
    Destination Clock Delay (DCD):    -1.574ns = ( 23.426 - 25.000 ) 
    Source Clock Delay      (SCD):    -0.945ns
    Clock Pessimism Removal (CPR):    0.603ns
  Clock Uncertainty:      0.082ns  ((TSJ^2 + DJ^2)^1/2) / 2 + PE
    Total System Jitter     (TSJ):    0.071ns
    Discrete Jitter          (DJ):    0.149ns
    Phase Error              (PE):    0.000ns

    Location             Delay type                Incr(ns)  Path(ns)    Netlist Resource(s)
  -------------------------------------------------------------------    -------------------
                         (clock clk_out1_xlnx_clk_gen rise edge)
                                                      0.000     0.000 r  
    K17                                               0.000     0.000 r  clk_sys (IN)
                         net (fo=0)                   0.000     0.000    i_xlnx_clk_gen/inst/clk_in1
    K17                  IBUF (Prop_ibuf_I_O)         1.475     1.475 r  i_xlnx_clk_gen/inst/clkin1_ibufg/O
                         net (fo=1, routed)           1.285     2.760    i_xlnx_clk_gen/inst/clk_in1_xlnx_clk_gen
    MMCME2_ADV_X1Y2      MMCME2_ADV (Prop_mmcme2_adv_CLKIN1_CLKOUT0)
                                                     -7.759    -4.999 r  i_xlnx_clk_gen/inst/mmcm_adv_inst/CLKOUT0
                         net (fo=1, routed)           2.206    -2.793    i_xlnx_clk_gen/inst/clk_out1_xlnx_clk_gen
    BUFGCTRL_X0Y16       BUFG (Prop_bufg_I_O)         0.101    -2.692 r  i_xlnx_clk_gen/inst/clkout1_buf/O
                         net (fo=22838, routed)       1.747    -0.945    i_axi_dwidth_converter_dm_slave/inst/gen_downsizer.gen_simple_downsizer.axi_downsizer_inst/USE_WRITE.write_addr_inst/USE_B_CHANNEL.cmd_b_queue/inst/fifo_gen_inst/inst_fifo_gen/gconvfifo.rf/grf.rf/rstblk/ngwrdrst.grst.g7serrst.gnsckt_wrst.rst_wr_reg2_inst/dest_clk
    SLICE_X29Y5          FDPE                                         r  i_axi_dwidth_converter_dm_slave/inst/gen_downsizer.gen_simple_downsizer.axi_downsizer_inst/USE_WRITE.write_addr_inst/USE_B_CHANNEL.cmd_b_queue/inst/fifo_gen_inst/inst_fifo_gen/gconvfifo.rf/grf.rf/rstblk/ngwrdrst.grst.g7serrst.gnsckt_wrst.rst_wr_reg2_inst/arststages_ff_reg[1]/C
  -------------------------------------------------------------------    -------------------
    SLICE_X29Y5          FDPE (Prop_fdpe_C_Q)         0.419    -0.526 f  i_axi_dwidth_converter_dm_slave/inst/gen_downsizer.gen_simple_downsizer.axi_downsizer_inst/USE_WRITE.write_addr_inst/USE_B_CHANNEL.cmd_b_queue/inst/fifo_gen_inst/inst_fifo_gen/gconvfifo.rf/grf.rf/rstblk/ngwrdrst.grst.g7serrst.gnsckt_wrst.rst_wr_reg2_inst/arststages_ff_reg[1]/Q
                         net (fo=3, routed)           1.151     0.624    i_axi_dwidth_converter_dm_slave/inst/gen_downsizer.gen_simple_downsizer.axi_downsizer_inst/USE_WRITE.write_addr_inst/USE_B_CHANNEL.cmd_b_queue/inst/fifo_gen_inst/inst_fifo_gen/gconvfifo.rf/grf.rf/rstblk/ngwrdrst.rst_wr_reg2
    SLICE_X28Y2          LUT3 (Prop_lut3_I2_O)        0.299     0.923 f  i_axi_dwidth_converter_dm_slave/inst/gen_downsizer.gen_simple_downsizer.axi_downsizer_inst/USE_WRITE.write_addr_inst/USE_B_CHANNEL.cmd_b_queue/inst/fifo_gen_inst/inst_fifo_gen/gconvfifo.rf/grf.rf/rstblk/gpregsm1.curr_fwft_state[1]_i_2/O
                         net (fo=32, routed)          1.321     2.245    i_axi_dwidth_converter_dm_slave/inst/gen_downsizer.gen_simple_downsizer.axi_downsizer_inst/USE_WRITE.write_addr_inst/USE_B_CHANNEL.cmd_b_queue/inst/fifo_gen_inst/inst_fifo_gen/gconvfifo.rf/grf.rf/gntv_or_sync_fifo.gl0.rd/rpntr/gc0.count_d1_reg[4]_1
    SLICE_X29Y3          FDCE                                         f  i_axi_dwidth_converter_dm_slave/inst/gen_downsizer.gen_simple_downsizer.axi_downsizer_inst/USE_WRITE.write_addr_inst/USE_B_CHANNEL.cmd_b_queue/inst/fifo_gen_inst/inst_fifo_gen/gconvfifo.rf/grf.rf/gntv_or_sync_fifo.gl0.rd/rpntr/gc0.count_d1_reg[3]/CLR
  -------------------------------------------------------------------    -------------------

                         (clock clk_out1_xlnx_clk_gen rise edge)
                                                     25.000    25.000 r  
    K17                                               0.000    25.000 r  clk_sys (IN)
                         net (fo=0)                   0.000    25.000    i_xlnx_clk_gen/inst/clk_in1
    K17                  IBUF (Prop_ibuf_I_O)         1.404    26.404 r  i_xlnx_clk_gen/inst/clkin1_ibufg/O
                         net (fo=1, routed)           1.162    27.566    i_xlnx_clk_gen/inst/clk_in1_xlnx_clk_gen
    MMCME2_ADV_X1Y2      MMCME2_ADV (Prop_mmcme2_adv_CLKIN1_CLKOUT0)
                                                     -7.814    19.752 r  i_xlnx_clk_gen/inst/mmcm_adv_inst/CLKOUT0
                         net (fo=1, routed)           2.012    21.764    i_xlnx_clk_gen/inst/clk_out1_xlnx_clk_gen
    BUFGCTRL_X0Y16       BUFG (Prop_bufg_I_O)         0.091    21.855 r  i_xlnx_clk_gen/inst/clkout1_buf/O
                         net (fo=22838, routed)       1.571    23.426    i_axi_dwidth_converter_dm_slave/inst/gen_downsizer.gen_simple_downsizer.axi_downsizer_inst/USE_WRITE.write_addr_inst/USE_B_CHANNEL.cmd_b_queue/inst/fifo_gen_inst/inst_fifo_gen/gconvfifo.rf/grf.rf/gntv_or_sync_fifo.gl0.rd/rpntr/clk
    SLICE_X29Y3          FDCE                                         r  i_axi_dwidth_converter_dm_slave/inst/gen_downsizer.gen_simple_downsizer.axi_downsizer_inst/USE_WRITE.write_addr_inst/USE_B_CHANNEL.cmd_b_queue/inst/fifo_gen_inst/inst_fifo_gen/gconvfifo.rf/grf.rf/gntv_or_sync_fifo.gl0.rd/rpntr/gc0.count_d1_reg[3]/C
                         clock pessimism              0.603    24.030    
                         clock uncertainty           -0.082    23.948    
    SLICE_X29Y3          FDCE (Recov_fdce_C_CLR)     -0.405    23.543    i_axi_dwidth_converter_dm_slave/inst/gen_downsizer.gen_simple_downsizer.axi_downsizer_inst/USE_WRITE.write_addr_inst/USE_B_CHANNEL.cmd_b_queue/inst/fifo_gen_inst/inst_fifo_gen/gconvfifo.rf/grf.rf/gntv_or_sync_fifo.gl0.rd/rpntr/gc0.count_d1_reg[3]
  -------------------------------------------------------------------
                         required time                         23.543    
                         arrival time                          -2.245    
  -------------------------------------------------------------------
                         slack                                 21.298    





Min Delay Paths
--------------------------------------------------------------------------------------
Slack (MET) :             0.641ns  (arrival time - required time)
  Source:                 i_axi_dwidth_converter_dm_slave/inst/gen_downsizer.gen_simple_downsizer.axi_downsizer_inst/USE_WRITE.write_addr_inst/cmd_queue/inst/fifo_gen_inst/inst_fifo_gen/gconvfifo.rf/grf.rf/rstblk/ngwrdrst.grst.g7serrst.gnsckt_wrst.gcc_rst.sckt_wr_rst_cc_reg[0]/C
                            (rising edge-triggered cell FDRE clocked by clk_out1_xlnx_clk_gen  {rise@0.000ns fall@12.500ns period=25.000ns})
  Destination:            i_axi_dwidth_converter_dm_slave/inst/gen_downsizer.gen_simple_downsizer.axi_downsizer_inst/USE_WRITE.write_addr_inst/cmd_queue/inst/fifo_gen_inst/inst_fifo_gen/gconvfifo.rf/grf.rf/gntv_or_sync_fifo.gl0.wr/wpntr/gcc0.gc0.count_d1_reg[4]/CLR
                            (removal check against rising-edge clock clk_out1_xlnx_clk_gen  {rise@0.000ns fall@12.500ns period=25.000ns})
  Path Group:             **async_default**
  Path Type:              Removal (Min at Fast Process Corner)
  Requirement:            0.000ns  (clk_out1_xlnx_clk_gen rise@0.000ns - clk_out1_xlnx_clk_gen rise@0.000ns)
  Data Path Delay:        0.590ns  (logic 0.186ns (31.537%)  route 0.404ns (68.463%))
  Logic Levels:           1  (LUT3=1)
  Clock Path Skew:        0.016ns (DCD - SCD - CPR)
    Destination Clock Delay (DCD):    -0.884ns
    Source Clock Delay      (SCD):    -0.643ns
    Clock Pessimism Removal (CPR):    -0.258ns

    Location             Delay type                Incr(ns)  Path(ns)    Netlist Resource(s)
  -------------------------------------------------------------------    -------------------
                         (clock clk_out1_xlnx_clk_gen rise edge)
                                                      0.000     0.000 r  
    K17                                               0.000     0.000 r  clk_sys (IN)
                         net (fo=0)                   0.000     0.000    i_xlnx_clk_gen/inst/clk_in1
    K17                  IBUF (Prop_ibuf_I_O)         0.243     0.243 r  i_xlnx_clk_gen/inst/clkin1_ibufg/O
                         net (fo=1, routed)           0.440     0.683    i_xlnx_clk_gen/inst/clk_in1_xlnx_clk_gen
    MMCME2_ADV_X1Y2      MMCME2_ADV (Prop_mmcme2_adv_CLKIN1_CLKOUT0)
                                                     -2.613    -1.930 r  i_xlnx_clk_gen/inst/mmcm_adv_inst/CLKOUT0
                         net (fo=1, routed)           0.696    -1.233    i_xlnx_clk_gen/inst/clk_out1_xlnx_clk_gen
    BUFGCTRL_X0Y16       BUFG (Prop_bufg_I_O)         0.026    -1.207 r  i_xlnx_clk_gen/inst/clkout1_buf/O
                         net (fo=22838, routed)       0.565    -0.643    i_axi_dwidth_converter_dm_slave/inst/gen_downsizer.gen_simple_downsizer.axi_downsizer_inst/USE_WRITE.write_addr_inst/cmd_queue/inst/fifo_gen_inst/inst_fifo_gen/gconvfifo.rf/grf.rf/rstblk/clk
    SLICE_X33Y2          FDRE                                         r  i_axi_dwidth_converter_dm_slave/inst/gen_downsizer.gen_simple_downsizer.axi_downsizer_inst/USE_WRITE.write_addr_inst/cmd_queue/inst/fifo_gen_inst/inst_fifo_gen/gconvfifo.rf/grf.rf/rstblk/ngwrdrst.grst.g7serrst.gnsckt_wrst.gcc_rst.sckt_wr_rst_cc_reg[0]/C
  -------------------------------------------------------------------    -------------------
    SLICE_X33Y2          FDRE (Prop_fdre_C_Q)         0.141    -0.502 f  i_axi_dwidth_converter_dm_slave/inst/gen_downsizer.gen_simple_downsizer.axi_downsizer_inst/USE_WRITE.write_addr_inst/cmd_queue/inst/fifo_gen_inst/inst_fifo_gen/gconvfifo.rf/grf.rf/rstblk/ngwrdrst.grst.g7serrst.gnsckt_wrst.gcc_rst.sckt_wr_rst_cc_reg[0]/Q
                         net (fo=3, routed)           0.170    -0.331    i_axi_dwidth_converter_dm_slave/inst/gen_downsizer.gen_simple_downsizer.axi_downsizer_inst/USE_WRITE.write_addr_inst/cmd_queue/inst/fifo_gen_inst/inst_fifo_gen/gconvfifo.rf/grf.rf/rstblk/ngwrdrst.grst.g7serrst.gnsckt_wrst.gcc_rst.sckt_wr_rst_cc[0]
    SLICE_X33Y2          LUT3 (Prop_lut3_I1_O)        0.045    -0.286 f  i_axi_dwidth_converter_dm_slave/inst/gen_downsizer.gen_simple_downsizer.axi_downsizer_inst/USE_WRITE.write_addr_inst/cmd_queue/inst/fifo_gen_inst/inst_fifo_gen/gconvfifo.rf/grf.rf/rstblk/gpregsm1.curr_fwft_state[1]_i_2/O
                         net (fo=32, routed)          0.233    -0.053    i_axi_dwidth_converter_dm_slave/inst/gen_downsizer.gen_simple_downsizer.axi_downsizer_inst/USE_WRITE.write_addr_inst/cmd_queue/inst/fifo_gen_inst/inst_fifo_gen/gconvfifo.rf/grf.rf/gntv_or_sync_fifo.gl0.wr/wpntr/AR[0]
    SLICE_X32Y1          FDCE                                         f  i_axi_dwidth_converter_dm_slave/inst/gen_downsizer.gen_simple_downsizer.axi_downsizer_inst/USE_WRITE.write_addr_inst/cmd_queue/inst/fifo_gen_inst/inst_fifo_gen/gconvfifo.rf/grf.rf/gntv_or_sync_fifo.gl0.wr/wpntr/gcc0.gc0.count_d1_reg[4]/CLR
  -------------------------------------------------------------------    -------------------

                         (clock clk_out1_xlnx_clk_gen rise edge)
                                                      0.000     0.000 r  
    K17                                               0.000     0.000 r  clk_sys (IN)
                         net (fo=0)                   0.000     0.000    i_xlnx_clk_gen/inst/clk_in1
    K17                  IBUF (Prop_ibuf_I_O)         0.431     0.431 r  i_xlnx_clk_gen/inst/clkin1_ibufg/O
                         net (fo=1, routed)           0.480     0.911    i_xlnx_clk_gen/inst/clk_in1_xlnx_clk_gen
    MMCME2_ADV_X1Y2      MMCME2_ADV (Prop_mmcme2_adv_CLKIN1_CLKOUT0)
                                                     -3.407    -2.496 r  i_xlnx_clk_gen/inst/mmcm_adv_inst/CLKOUT0
                         net (fo=1, routed)           0.752    -1.744    i_xlnx_clk_gen/inst/clk_out1_xlnx_clk_gen
    BUFGCTRL_X0Y16       BUFG (Prop_bufg_I_O)         0.029    -1.715 r  i_xlnx_clk_gen/inst/clkout1_buf/O
                         net (fo=22838, routed)       0.831    -0.884    i_axi_dwidth_converter_dm_slave/inst/gen_downsizer.gen_simple_downsizer.axi_downsizer_inst/USE_WRITE.write_addr_inst/cmd_queue/inst/fifo_gen_inst/inst_fifo_gen/gconvfifo.rf/grf.rf/gntv_or_sync_fifo.gl0.wr/wpntr/clk
    SLICE_X32Y1          FDCE                                         r  i_axi_dwidth_converter_dm_slave/inst/gen_downsizer.gen_simple_downsizer.axi_downsizer_inst/USE_WRITE.write_addr_inst/cmd_queue/inst/fifo_gen_inst/inst_fifo_gen/gconvfifo.rf/grf.rf/gntv_or_sync_fifo.gl0.wr/wpntr/gcc0.gc0.count_d1_reg[4]/C
                         clock pessimism              0.258    -0.627    
    SLICE_X32Y1          FDCE (Remov_fdce_C_CLR)     -0.067    -0.694    i_axi_dwidth_converter_dm_slave/inst/gen_downsizer.gen_simple_downsizer.axi_downsizer_inst/USE_WRITE.write_addr_inst/cmd_queue/inst/fifo_gen_inst/inst_fifo_gen/gconvfifo.rf/grf.rf/gntv_or_sync_fifo.gl0.wr/wpntr/gcc0.gc0.count_d1_reg[4]
  -------------------------------------------------------------------
                         required time                          0.694    
                         arrival time                          -0.053    
  -------------------------------------------------------------------
                         slack                                  0.641    

Slack (MET) :             0.641ns  (arrival time - required time)
  Source:                 i_axi_dwidth_converter_dm_slave/inst/gen_downsizer.gen_simple_downsizer.axi_downsizer_inst/USE_WRITE.write_addr_inst/cmd_queue/inst/fifo_gen_inst/inst_fifo_gen/gconvfifo.rf/grf.rf/rstblk/ngwrdrst.grst.g7serrst.gnsckt_wrst.gcc_rst.sckt_wr_rst_cc_reg[0]/C
                            (rising edge-triggered cell FDRE clocked by clk_out1_xlnx_clk_gen  {rise@0.000ns fall@12.500ns period=25.000ns})
  Destination:            i_axi_dwidth_converter_dm_slave/inst/gen_downsizer.gen_simple_downsizer.axi_downsizer_inst/USE_WRITE.write_addr_inst/cmd_queue/inst/fifo_gen_inst/inst_fifo_gen/gconvfifo.rf/grf.rf/gntv_or_sync_fifo.gl0.wr/wpntr/gcc0.gc0.count_reg[1]/CLR
                            (removal check against rising-edge clock clk_out1_xlnx_clk_gen  {rise@0.000ns fall@12.500ns period=25.000ns})
  Path Group:             **async_default**
  Path Type:              Removal (Min at Fast Process Corner)
  Requirement:            0.000ns  (clk_out1_xlnx_clk_gen rise@0.000ns - clk_out1_xlnx_clk_gen rise@0.000ns)
  Data Path Delay:        0.590ns  (logic 0.186ns (31.537%)  route 0.404ns (68.463%))
  Logic Levels:           1  (LUT3=1)
  Clock Path Skew:        0.016ns (DCD - SCD - CPR)
    Destination Clock Delay (DCD):    -0.884ns
    Source Clock Delay      (SCD):    -0.643ns
    Clock Pessimism Removal (CPR):    -0.258ns

    Location             Delay type                Incr(ns)  Path(ns)    Netlist Resource(s)
  -------------------------------------------------------------------    -------------------
                         (clock clk_out1_xlnx_clk_gen rise edge)
                                                      0.000     0.000 r  
    K17                                               0.000     0.000 r  clk_sys (IN)
                         net (fo=0)                   0.000     0.000    i_xlnx_clk_gen/inst/clk_in1
    K17                  IBUF (Prop_ibuf_I_O)         0.243     0.243 r  i_xlnx_clk_gen/inst/clkin1_ibufg/O
                         net (fo=1, routed)           0.440     0.683    i_xlnx_clk_gen/inst/clk_in1_xlnx_clk_gen
    MMCME2_ADV_X1Y2      MMCME2_ADV (Prop_mmcme2_adv_CLKIN1_CLKOUT0)
                                                     -2.613    -1.930 r  i_xlnx_clk_gen/inst/mmcm_adv_inst/CLKOUT0
                         net (fo=1, routed)           0.696    -1.233    i_xlnx_clk_gen/inst/clk_out1_xlnx_clk_gen
    BUFGCTRL_X0Y16       BUFG (Prop_bufg_I_O)         0.026    -1.207 r  i_xlnx_clk_gen/inst/clkout1_buf/O
                         net (fo=22838, routed)       0.565    -0.643    i_axi_dwidth_converter_dm_slave/inst/gen_downsizer.gen_simple_downsizer.axi_downsizer_inst/USE_WRITE.write_addr_inst/cmd_queue/inst/fifo_gen_inst/inst_fifo_gen/gconvfifo.rf/grf.rf/rstblk/clk
    SLICE_X33Y2          FDRE                                         r  i_axi_dwidth_converter_dm_slave/inst/gen_downsizer.gen_simple_downsizer.axi_downsizer_inst/USE_WRITE.write_addr_inst/cmd_queue/inst/fifo_gen_inst/inst_fifo_gen/gconvfifo.rf/grf.rf/rstblk/ngwrdrst.grst.g7serrst.gnsckt_wrst.gcc_rst.sckt_wr_rst_cc_reg[0]/C
  -------------------------------------------------------------------    -------------------
    SLICE_X33Y2          FDRE (Prop_fdre_C_Q)         0.141    -0.502 f  i_axi_dwidth_converter_dm_slave/inst/gen_downsizer.gen_simple_downsizer.axi_downsizer_inst/USE_WRITE.write_addr_inst/cmd_queue/inst/fifo_gen_inst/inst_fifo_gen/gconvfifo.rf/grf.rf/rstblk/ngwrdrst.grst.g7serrst.gnsckt_wrst.gcc_rst.sckt_wr_rst_cc_reg[0]/Q
                         net (fo=3, routed)           0.170    -0.331    i_axi_dwidth_converter_dm_slave/inst/gen_downsizer.gen_simple_downsizer.axi_downsizer_inst/USE_WRITE.write_addr_inst/cmd_queue/inst/fifo_gen_inst/inst_fifo_gen/gconvfifo.rf/grf.rf/rstblk/ngwrdrst.grst.g7serrst.gnsckt_wrst.gcc_rst.sckt_wr_rst_cc[0]
    SLICE_X33Y2          LUT3 (Prop_lut3_I1_O)        0.045    -0.286 f  i_axi_dwidth_converter_dm_slave/inst/gen_downsizer.gen_simple_downsizer.axi_downsizer_inst/USE_WRITE.write_addr_inst/cmd_queue/inst/fifo_gen_inst/inst_fifo_gen/gconvfifo.rf/grf.rf/rstblk/gpregsm1.curr_fwft_state[1]_i_2/O
                         net (fo=32, routed)          0.233    -0.053    i_axi_dwidth_converter_dm_slave/inst/gen_downsizer.gen_simple_downsizer.axi_downsizer_inst/USE_WRITE.write_addr_inst/cmd_queue/inst/fifo_gen_inst/inst_fifo_gen/gconvfifo.rf/grf.rf/gntv_or_sync_fifo.gl0.wr/wpntr/AR[0]
    SLICE_X32Y1          FDCE                                         f  i_axi_dwidth_converter_dm_slave/inst/gen_downsizer.gen_simple_downsizer.axi_downsizer_inst/USE_WRITE.write_addr_inst/cmd_queue/inst/fifo_gen_inst/inst_fifo_gen/gconvfifo.rf/grf.rf/gntv_or_sync_fifo.gl0.wr/wpntr/gcc0.gc0.count_reg[1]/CLR
  -------------------------------------------------------------------    -------------------

                         (clock clk_out1_xlnx_clk_gen rise edge)
                                                      0.000     0.000 r  
    K17                                               0.000     0.000 r  clk_sys (IN)
                         net (fo=0)                   0.000     0.000    i_xlnx_clk_gen/inst/clk_in1
    K17                  IBUF (Prop_ibuf_I_O)         0.431     0.431 r  i_xlnx_clk_gen/inst/clkin1_ibufg/O
                         net (fo=1, routed)           0.480     0.911    i_xlnx_clk_gen/inst/clk_in1_xlnx_clk_gen
    MMCME2_ADV_X1Y2      MMCME2_ADV (Prop_mmcme2_adv_CLKIN1_CLKOUT0)
                                                     -3.407    -2.496 r  i_xlnx_clk_gen/inst/mmcm_adv_inst/CLKOUT0
                         net (fo=1, routed)           0.752    -1.744    i_xlnx_clk_gen/inst/clk_out1_xlnx_clk_gen
    BUFGCTRL_X0Y16       BUFG (Prop_bufg_I_O)         0.029    -1.715 r  i_xlnx_clk_gen/inst/clkout1_buf/O
                         net (fo=22838, routed)       0.831    -0.884    i_axi_dwidth_converter_dm_slave/inst/gen_downsizer.gen_simple_downsizer.axi_downsizer_inst/USE_WRITE.write_addr_inst/cmd_queue/inst/fifo_gen_inst/inst_fifo_gen/gconvfifo.rf/grf.rf/gntv_or_sync_fifo.gl0.wr/wpntr/clk
    SLICE_X32Y1          FDCE                                         r  i_axi_dwidth_converter_dm_slave/inst/gen_downsizer.gen_simple_downsizer.axi_downsizer_inst/USE_WRITE.write_addr_inst/cmd_queue/inst/fifo_gen_inst/inst_fifo_gen/gconvfifo.rf/grf.rf/gntv_or_sync_fifo.gl0.wr/wpntr/gcc0.gc0.count_reg[1]/C
                         clock pessimism              0.258    -0.627    
    SLICE_X32Y1          FDCE (Remov_fdce_C_CLR)     -0.067    -0.694    i_axi_dwidth_converter_dm_slave/inst/gen_downsizer.gen_simple_downsizer.axi_downsizer_inst/USE_WRITE.write_addr_inst/cmd_queue/inst/fifo_gen_inst/inst_fifo_gen/gconvfifo.rf/grf.rf/gntv_or_sync_fifo.gl0.wr/wpntr/gcc0.gc0.count_reg[1]
  -------------------------------------------------------------------
                         required time                          0.694    
                         arrival time                          -0.053    
  -------------------------------------------------------------------
                         slack                                  0.641    

Slack (MET) :             0.641ns  (arrival time - required time)
  Source:                 i_axi_dwidth_converter_dm_slave/inst/gen_downsizer.gen_simple_downsizer.axi_downsizer_inst/USE_WRITE.write_addr_inst/cmd_queue/inst/fifo_gen_inst/inst_fifo_gen/gconvfifo.rf/grf.rf/rstblk/ngwrdrst.grst.g7serrst.gnsckt_wrst.gcc_rst.sckt_wr_rst_cc_reg[0]/C
                            (rising edge-triggered cell FDRE clocked by clk_out1_xlnx_clk_gen  {rise@0.000ns fall@12.500ns period=25.000ns})
  Destination:            i_axi_dwidth_converter_dm_slave/inst/gen_downsizer.gen_simple_downsizer.axi_downsizer_inst/USE_WRITE.write_addr_inst/cmd_queue/inst/fifo_gen_inst/inst_fifo_gen/gconvfifo.rf/grf.rf/gntv_or_sync_fifo.gl0.wr/wpntr/gcc0.gc0.count_reg[2]/CLR
                            (removal check against rising-edge clock clk_out1_xlnx_clk_gen  {rise@0.000ns fall@12.500ns period=25.000ns})
  Path Group:             **async_default**
  Path Type:              Removal (Min at Fast Process Corner)
  Requirement:            0.000ns  (clk_out1_xlnx_clk_gen rise@0.000ns - clk_out1_xlnx_clk_gen rise@0.000ns)
  Data Path Delay:        0.590ns  (logic 0.186ns (31.537%)  route 0.404ns (68.463%))
  Logic Levels:           1  (LUT3=1)
  Clock Path Skew:        0.016ns (DCD - SCD - CPR)
    Destination Clock Delay (DCD):    -0.884ns
    Source Clock Delay      (SCD):    -0.643ns
    Clock Pessimism Removal (CPR):    -0.258ns

    Location             Delay type                Incr(ns)  Path(ns)    Netlist Resource(s)
  -------------------------------------------------------------------    -------------------
                         (clock clk_out1_xlnx_clk_gen rise edge)
                                                      0.000     0.000 r  
    K17                                               0.000     0.000 r  clk_sys (IN)
                         net (fo=0)                   0.000     0.000    i_xlnx_clk_gen/inst/clk_in1
    K17                  IBUF (Prop_ibuf_I_O)         0.243     0.243 r  i_xlnx_clk_gen/inst/clkin1_ibufg/O
                         net (fo=1, routed)           0.440     0.683    i_xlnx_clk_gen/inst/clk_in1_xlnx_clk_gen
    MMCME2_ADV_X1Y2      MMCME2_ADV (Prop_mmcme2_adv_CLKIN1_CLKOUT0)
                                                     -2.613    -1.930 r  i_xlnx_clk_gen/inst/mmcm_adv_inst/CLKOUT0
                         net (fo=1, routed)           0.696    -1.233    i_xlnx_clk_gen/inst/clk_out1_xlnx_clk_gen
    BUFGCTRL_X0Y16       BUFG (Prop_bufg_I_O)         0.026    -1.207 r  i_xlnx_clk_gen/inst/clkout1_buf/O
                         net (fo=22838, routed)       0.565    -0.643    i_axi_dwidth_converter_dm_slave/inst/gen_downsizer.gen_simple_downsizer.axi_downsizer_inst/USE_WRITE.write_addr_inst/cmd_queue/inst/fifo_gen_inst/inst_fifo_gen/gconvfifo.rf/grf.rf/rstblk/clk
    SLICE_X33Y2          FDRE                                         r  i_axi_dwidth_converter_dm_slave/inst/gen_downsizer.gen_simple_downsizer.axi_downsizer_inst/USE_WRITE.write_addr_inst/cmd_queue/inst/fifo_gen_inst/inst_fifo_gen/gconvfifo.rf/grf.rf/rstblk/ngwrdrst.grst.g7serrst.gnsckt_wrst.gcc_rst.sckt_wr_rst_cc_reg[0]/C
  -------------------------------------------------------------------    -------------------
    SLICE_X33Y2          FDRE (Prop_fdre_C_Q)         0.141    -0.502 f  i_axi_dwidth_converter_dm_slave/inst/gen_downsizer.gen_simple_downsizer.axi_downsizer_inst/USE_WRITE.write_addr_inst/cmd_queue/inst/fifo_gen_inst/inst_fifo_gen/gconvfifo.rf/grf.rf/rstblk/ngwrdrst.grst.g7serrst.gnsckt_wrst.gcc_rst.sckt_wr_rst_cc_reg[0]/Q
                         net (fo=3, routed)           0.170    -0.331    i_axi_dwidth_converter_dm_slave/inst/gen_downsizer.gen_simple_downsizer.axi_downsizer_inst/USE_WRITE.write_addr_inst/cmd_queue/inst/fifo_gen_inst/inst_fifo_gen/gconvfifo.rf/grf.rf/rstblk/ngwrdrst.grst.g7serrst.gnsckt_wrst.gcc_rst.sckt_wr_rst_cc[0]
    SLICE_X33Y2          LUT3 (Prop_lut3_I1_O)        0.045    -0.286 f  i_axi_dwidth_converter_dm_slave/inst/gen_downsizer.gen_simple_downsizer.axi_downsizer_inst/USE_WRITE.write_addr_inst/cmd_queue/inst/fifo_gen_inst/inst_fifo_gen/gconvfifo.rf/grf.rf/rstblk/gpregsm1.curr_fwft_state[1]_i_2/O
                         net (fo=32, routed)          0.233    -0.053    i_axi_dwidth_converter_dm_slave/inst/gen_downsizer.gen_simple_downsizer.axi_downsizer_inst/USE_WRITE.write_addr_inst/cmd_queue/inst/fifo_gen_inst/inst_fifo_gen/gconvfifo.rf/grf.rf/gntv_or_sync_fifo.gl0.wr/wpntr/AR[0]
    SLICE_X32Y1          FDCE                                         f  i_axi_dwidth_converter_dm_slave/inst/gen_downsizer.gen_simple_downsizer.axi_downsizer_inst/USE_WRITE.write_addr_inst/cmd_queue/inst/fifo_gen_inst/inst_fifo_gen/gconvfifo.rf/grf.rf/gntv_or_sync_fifo.gl0.wr/wpntr/gcc0.gc0.count_reg[2]/CLR
  -------------------------------------------------------------------    -------------------

                         (clock clk_out1_xlnx_clk_gen rise edge)
                                                      0.000     0.000 r  
    K17                                               0.000     0.000 r  clk_sys (IN)
                         net (fo=0)                   0.000     0.000    i_xlnx_clk_gen/inst/clk_in1
    K17                  IBUF (Prop_ibuf_I_O)         0.431     0.431 r  i_xlnx_clk_gen/inst/clkin1_ibufg/O
                         net (fo=1, routed)           0.480     0.911    i_xlnx_clk_gen/inst/clk_in1_xlnx_clk_gen
    MMCME2_ADV_X1Y2      MMCME2_ADV (Prop_mmcme2_adv_CLKIN1_CLKOUT0)
                                                     -3.407    -2.496 r  i_xlnx_clk_gen/inst/mmcm_adv_inst/CLKOUT0
                         net (fo=1, routed)           0.752    -1.744    i_xlnx_clk_gen/inst/clk_out1_xlnx_clk_gen
    BUFGCTRL_X0Y16       BUFG (Prop_bufg_I_O)         0.029    -1.715 r  i_xlnx_clk_gen/inst/clkout1_buf/O
                         net (fo=22838, routed)       0.831    -0.884    i_axi_dwidth_converter_dm_slave/inst/gen_downsizer.gen_simple_downsizer.axi_downsizer_inst/USE_WRITE.write_addr_inst/cmd_queue/inst/fifo_gen_inst/inst_fifo_gen/gconvfifo.rf/grf.rf/gntv_or_sync_fifo.gl0.wr/wpntr/clk
    SLICE_X32Y1          FDCE                                         r  i_axi_dwidth_converter_dm_slave/inst/gen_downsizer.gen_simple_downsizer.axi_downsizer_inst/USE_WRITE.write_addr_inst/cmd_queue/inst/fifo_gen_inst/inst_fifo_gen/gconvfifo.rf/grf.rf/gntv_or_sync_fifo.gl0.wr/wpntr/gcc0.gc0.count_reg[2]/C
                         clock pessimism              0.258    -0.627    
    SLICE_X32Y1          FDCE (Remov_fdce_C_CLR)     -0.067    -0.694    i_axi_dwidth_converter_dm_slave/inst/gen_downsizer.gen_simple_downsizer.axi_downsizer_inst/USE_WRITE.write_addr_inst/cmd_queue/inst/fifo_gen_inst/inst_fifo_gen/gconvfifo.rf/grf.rf/gntv_or_sync_fifo.gl0.wr/wpntr/gcc0.gc0.count_reg[2]
  -------------------------------------------------------------------
                         required time                          0.694    
                         arrival time                          -0.053    
  -------------------------------------------------------------------
                         slack                                  0.641    

Slack (MET) :             0.641ns  (arrival time - required time)
  Source:                 i_axi_dwidth_converter_dm_slave/inst/gen_downsizer.gen_simple_downsizer.axi_downsizer_inst/USE_WRITE.write_addr_inst/cmd_queue/inst/fifo_gen_inst/inst_fifo_gen/gconvfifo.rf/grf.rf/rstblk/ngwrdrst.grst.g7serrst.gnsckt_wrst.gcc_rst.sckt_wr_rst_cc_reg[0]/C
                            (rising edge-triggered cell FDRE clocked by clk_out1_xlnx_clk_gen  {rise@0.000ns fall@12.500ns period=25.000ns})
  Destination:            i_axi_dwidth_converter_dm_slave/inst/gen_downsizer.gen_simple_downsizer.axi_downsizer_inst/USE_WRITE.write_addr_inst/cmd_queue/inst/fifo_gen_inst/inst_fifo_gen/gconvfifo.rf/grf.rf/gntv_or_sync_fifo.gl0.wr/wpntr/gcc0.gc0.count_reg[3]/CLR
                            (removal check against rising-edge clock clk_out1_xlnx_clk_gen  {rise@0.000ns fall@12.500ns period=25.000ns})
  Path Group:             **async_default**
  Path Type:              Removal (Min at Fast Process Corner)
  Requirement:            0.000ns  (clk_out1_xlnx_clk_gen rise@0.000ns - clk_out1_xlnx_clk_gen rise@0.000ns)
  Data Path Delay:        0.590ns  (logic 0.186ns (31.537%)  route 0.404ns (68.463%))
  Logic Levels:           1  (LUT3=1)
  Clock Path Skew:        0.016ns (DCD - SCD - CPR)
    Destination Clock Delay (DCD):    -0.884ns
    Source Clock Delay      (SCD):    -0.643ns
    Clock Pessimism Removal (CPR):    -0.258ns

    Location             Delay type                Incr(ns)  Path(ns)    Netlist Resource(s)
  -------------------------------------------------------------------    -------------------
                         (clock clk_out1_xlnx_clk_gen rise edge)
                                                      0.000     0.000 r  
    K17                                               0.000     0.000 r  clk_sys (IN)
                         net (fo=0)                   0.000     0.000    i_xlnx_clk_gen/inst/clk_in1
    K17                  IBUF (Prop_ibuf_I_O)         0.243     0.243 r  i_xlnx_clk_gen/inst/clkin1_ibufg/O
                         net (fo=1, routed)           0.440     0.683    i_xlnx_clk_gen/inst/clk_in1_xlnx_clk_gen
    MMCME2_ADV_X1Y2      MMCME2_ADV (Prop_mmcme2_adv_CLKIN1_CLKOUT0)
                                                     -2.613    -1.930 r  i_xlnx_clk_gen/inst/mmcm_adv_inst/CLKOUT0
                         net (fo=1, routed)           0.696    -1.233    i_xlnx_clk_gen/inst/clk_out1_xlnx_clk_gen
    BUFGCTRL_X0Y16       BUFG (Prop_bufg_I_O)         0.026    -1.207 r  i_xlnx_clk_gen/inst/clkout1_buf/O
                         net (fo=22838, routed)       0.565    -0.643    i_axi_dwidth_converter_dm_slave/inst/gen_downsizer.gen_simple_downsizer.axi_downsizer_inst/USE_WRITE.write_addr_inst/cmd_queue/inst/fifo_gen_inst/inst_fifo_gen/gconvfifo.rf/grf.rf/rstblk/clk
    SLICE_X33Y2          FDRE                                         r  i_axi_dwidth_converter_dm_slave/inst/gen_downsizer.gen_simple_downsizer.axi_downsizer_inst/USE_WRITE.write_addr_inst/cmd_queue/inst/fifo_gen_inst/inst_fifo_gen/gconvfifo.rf/grf.rf/rstblk/ngwrdrst.grst.g7serrst.gnsckt_wrst.gcc_rst.sckt_wr_rst_cc_reg[0]/C
  -------------------------------------------------------------------    -------------------
    SLICE_X33Y2          FDRE (Prop_fdre_C_Q)         0.141    -0.502 f  i_axi_dwidth_converter_dm_slave/inst/gen_downsizer.gen_simple_downsizer.axi_downsizer_inst/USE_WRITE.write_addr_inst/cmd_queue/inst/fifo_gen_inst/inst_fifo_gen/gconvfifo.rf/grf.rf/rstblk/ngwrdrst.grst.g7serrst.gnsckt_wrst.gcc_rst.sckt_wr_rst_cc_reg[0]/Q
                         net (fo=3, routed)           0.170    -0.331    i_axi_dwidth_converter_dm_slave/inst/gen_downsizer.gen_simple_downsizer.axi_downsizer_inst/USE_WRITE.write_addr_inst/cmd_queue/inst/fifo_gen_inst/inst_fifo_gen/gconvfifo.rf/grf.rf/rstblk/ngwrdrst.grst.g7serrst.gnsckt_wrst.gcc_rst.sckt_wr_rst_cc[0]
    SLICE_X33Y2          LUT3 (Prop_lut3_I1_O)        0.045    -0.286 f  i_axi_dwidth_converter_dm_slave/inst/gen_downsizer.gen_simple_downsizer.axi_downsizer_inst/USE_WRITE.write_addr_inst/cmd_queue/inst/fifo_gen_inst/inst_fifo_gen/gconvfifo.rf/grf.rf/rstblk/gpregsm1.curr_fwft_state[1]_i_2/O
                         net (fo=32, routed)          0.233    -0.053    i_axi_dwidth_converter_dm_slave/inst/gen_downsizer.gen_simple_downsizer.axi_downsizer_inst/USE_WRITE.write_addr_inst/cmd_queue/inst/fifo_gen_inst/inst_fifo_gen/gconvfifo.rf/grf.rf/gntv_or_sync_fifo.gl0.wr/wpntr/AR[0]
    SLICE_X32Y1          FDCE                                         f  i_axi_dwidth_converter_dm_slave/inst/gen_downsizer.gen_simple_downsizer.axi_downsizer_inst/USE_WRITE.write_addr_inst/cmd_queue/inst/fifo_gen_inst/inst_fifo_gen/gconvfifo.rf/grf.rf/gntv_or_sync_fifo.gl0.wr/wpntr/gcc0.gc0.count_reg[3]/CLR
  -------------------------------------------------------------------    -------------------

                         (clock clk_out1_xlnx_clk_gen rise edge)
                                                      0.000     0.000 r  
    K17                                               0.000     0.000 r  clk_sys (IN)
                         net (fo=0)                   0.000     0.000    i_xlnx_clk_gen/inst/clk_in1
    K17                  IBUF (Prop_ibuf_I_O)         0.431     0.431 r  i_xlnx_clk_gen/inst/clkin1_ibufg/O
                         net (fo=1, routed)           0.480     0.911    i_xlnx_clk_gen/inst/clk_in1_xlnx_clk_gen
    MMCME2_ADV_X1Y2      MMCME2_ADV (Prop_mmcme2_adv_CLKIN1_CLKOUT0)
                                                     -3.407    -2.496 r  i_xlnx_clk_gen/inst/mmcm_adv_inst/CLKOUT0
                         net (fo=1, routed)           0.752    -1.744    i_xlnx_clk_gen/inst/clk_out1_xlnx_clk_gen
    BUFGCTRL_X0Y16       BUFG (Prop_bufg_I_O)         0.029    -1.715 r  i_xlnx_clk_gen/inst/clkout1_buf/O
                         net (fo=22838, routed)       0.831    -0.884    i_axi_dwidth_converter_dm_slave/inst/gen_downsizer.gen_simple_downsizer.axi_downsizer_inst/USE_WRITE.write_addr_inst/cmd_queue/inst/fifo_gen_inst/inst_fifo_gen/gconvfifo.rf/grf.rf/gntv_or_sync_fifo.gl0.wr/wpntr/clk
    SLICE_X32Y1          FDCE                                         r  i_axi_dwidth_converter_dm_slave/inst/gen_downsizer.gen_simple_downsizer.axi_downsizer_inst/USE_WRITE.write_addr_inst/cmd_queue/inst/fifo_gen_inst/inst_fifo_gen/gconvfifo.rf/grf.rf/gntv_or_sync_fifo.gl0.wr/wpntr/gcc0.gc0.count_reg[3]/C
                         clock pessimism              0.258    -0.627    
    SLICE_X32Y1          FDCE (Remov_fdce_C_CLR)     -0.067    -0.694    i_axi_dwidth_converter_dm_slave/inst/gen_downsizer.gen_simple_downsizer.axi_downsizer_inst/USE_WRITE.write_addr_inst/cmd_queue/inst/fifo_gen_inst/inst_fifo_gen/gconvfifo.rf/grf.rf/gntv_or_sync_fifo.gl0.wr/wpntr/gcc0.gc0.count_reg[3]
  -------------------------------------------------------------------
                         required time                          0.694    
                         arrival time                          -0.053    
  -------------------------------------------------------------------
                         slack                                  0.641    

Slack (MET) :             0.641ns  (arrival time - required time)
  Source:                 i_axi_dwidth_converter_dm_slave/inst/gen_downsizer.gen_simple_downsizer.axi_downsizer_inst/USE_WRITE.write_addr_inst/cmd_queue/inst/fifo_gen_inst/inst_fifo_gen/gconvfifo.rf/grf.rf/rstblk/ngwrdrst.grst.g7serrst.gnsckt_wrst.gcc_rst.sckt_wr_rst_cc_reg[0]/C
                            (rising edge-triggered cell FDRE clocked by clk_out1_xlnx_clk_gen  {rise@0.000ns fall@12.500ns period=25.000ns})
  Destination:            i_axi_dwidth_converter_dm_slave/inst/gen_downsizer.gen_simple_downsizer.axi_downsizer_inst/USE_WRITE.write_addr_inst/cmd_queue/inst/fifo_gen_inst/inst_fifo_gen/gconvfifo.rf/grf.rf/gntv_or_sync_fifo.gl0.wr/wpntr/gcc0.gc0.count_reg[4]/CLR
                            (removal check against rising-edge clock clk_out1_xlnx_clk_gen  {rise@0.000ns fall@12.500ns period=25.000ns})
  Path Group:             **async_default**
  Path Type:              Removal (Min at Fast Process Corner)
  Requirement:            0.000ns  (clk_out1_xlnx_clk_gen rise@0.000ns - clk_out1_xlnx_clk_gen rise@0.000ns)
  Data Path Delay:        0.590ns  (logic 0.186ns (31.537%)  route 0.404ns (68.463%))
  Logic Levels:           1  (LUT3=1)
  Clock Path Skew:        0.016ns (DCD - SCD - CPR)
    Destination Clock Delay (DCD):    -0.884ns
    Source Clock Delay      (SCD):    -0.643ns
    Clock Pessimism Removal (CPR):    -0.258ns

    Location             Delay type                Incr(ns)  Path(ns)    Netlist Resource(s)
  -------------------------------------------------------------------    -------------------
                         (clock clk_out1_xlnx_clk_gen rise edge)
                                                      0.000     0.000 r  
    K17                                               0.000     0.000 r  clk_sys (IN)
                         net (fo=0)                   0.000     0.000    i_xlnx_clk_gen/inst/clk_in1
    K17                  IBUF (Prop_ibuf_I_O)         0.243     0.243 r  i_xlnx_clk_gen/inst/clkin1_ibufg/O
                         net (fo=1, routed)           0.440     0.683    i_xlnx_clk_gen/inst/clk_in1_xlnx_clk_gen
    MMCME2_ADV_X1Y2      MMCME2_ADV (Prop_mmcme2_adv_CLKIN1_CLKOUT0)
                                                     -2.613    -1.930 r  i_xlnx_clk_gen/inst/mmcm_adv_inst/CLKOUT0
                         net (fo=1, routed)           0.696    -1.233    i_xlnx_clk_gen/inst/clk_out1_xlnx_clk_gen
    BUFGCTRL_X0Y16       BUFG (Prop_bufg_I_O)         0.026    -1.207 r  i_xlnx_clk_gen/inst/clkout1_buf/O
                         net (fo=22838, routed)       0.565    -0.643    i_axi_dwidth_converter_dm_slave/inst/gen_downsizer.gen_simple_downsizer.axi_downsizer_inst/USE_WRITE.write_addr_inst/cmd_queue/inst/fifo_gen_inst/inst_fifo_gen/gconvfifo.rf/grf.rf/rstblk/clk
    SLICE_X33Y2          FDRE                                         r  i_axi_dwidth_converter_dm_slave/inst/gen_downsizer.gen_simple_downsizer.axi_downsizer_inst/USE_WRITE.write_addr_inst/cmd_queue/inst/fifo_gen_inst/inst_fifo_gen/gconvfifo.rf/grf.rf/rstblk/ngwrdrst.grst.g7serrst.gnsckt_wrst.gcc_rst.sckt_wr_rst_cc_reg[0]/C
  -------------------------------------------------------------------    -------------------
    SLICE_X33Y2          FDRE (Prop_fdre_C_Q)         0.141    -0.502 f  i_axi_dwidth_converter_dm_slave/inst/gen_downsizer.gen_simple_downsizer.axi_downsizer_inst/USE_WRITE.write_addr_inst/cmd_queue/inst/fifo_gen_inst/inst_fifo_gen/gconvfifo.rf/grf.rf/rstblk/ngwrdrst.grst.g7serrst.gnsckt_wrst.gcc_rst.sckt_wr_rst_cc_reg[0]/Q
                         net (fo=3, routed)           0.170    -0.331    i_axi_dwidth_converter_dm_slave/inst/gen_downsizer.gen_simple_downsizer.axi_downsizer_inst/USE_WRITE.write_addr_inst/cmd_queue/inst/fifo_gen_inst/inst_fifo_gen/gconvfifo.rf/grf.rf/rstblk/ngwrdrst.grst.g7serrst.gnsckt_wrst.gcc_rst.sckt_wr_rst_cc[0]
    SLICE_X33Y2          LUT3 (Prop_lut3_I1_O)        0.045    -0.286 f  i_axi_dwidth_converter_dm_slave/inst/gen_downsizer.gen_simple_downsizer.axi_downsizer_inst/USE_WRITE.write_addr_inst/cmd_queue/inst/fifo_gen_inst/inst_fifo_gen/gconvfifo.rf/grf.rf/rstblk/gpregsm1.curr_fwft_state[1]_i_2/O
                         net (fo=32, routed)          0.233    -0.053    i_axi_dwidth_converter_dm_slave/inst/gen_downsizer.gen_simple_downsizer.axi_downsizer_inst/USE_WRITE.write_addr_inst/cmd_queue/inst/fifo_gen_inst/inst_fifo_gen/gconvfifo.rf/grf.rf/gntv_or_sync_fifo.gl0.wr/wpntr/AR[0]
    SLICE_X32Y1          FDCE                                         f  i_axi_dwidth_converter_dm_slave/inst/gen_downsizer.gen_simple_downsizer.axi_downsizer_inst/USE_WRITE.write_addr_inst/cmd_queue/inst/fifo_gen_inst/inst_fifo_gen/gconvfifo.rf/grf.rf/gntv_or_sync_fifo.gl0.wr/wpntr/gcc0.gc0.count_reg[4]/CLR
  -------------------------------------------------------------------    -------------------

                         (clock clk_out1_xlnx_clk_gen rise edge)
                                                      0.000     0.000 r  
    K17                                               0.000     0.000 r  clk_sys (IN)
                         net (fo=0)                   0.000     0.000    i_xlnx_clk_gen/inst/clk_in1
    K17                  IBUF (Prop_ibuf_I_O)         0.431     0.431 r  i_xlnx_clk_gen/inst/clkin1_ibufg/O
                         net (fo=1, routed)           0.480     0.911    i_xlnx_clk_gen/inst/clk_in1_xlnx_clk_gen
    MMCME2_ADV_X1Y2      MMCME2_ADV (Prop_mmcme2_adv_CLKIN1_CLKOUT0)
                                                     -3.407    -2.496 r  i_xlnx_clk_gen/inst/mmcm_adv_inst/CLKOUT0
                         net (fo=1, routed)           0.752    -1.744    i_xlnx_clk_gen/inst/clk_out1_xlnx_clk_gen
    BUFGCTRL_X0Y16       BUFG (Prop_bufg_I_O)         0.029    -1.715 r  i_xlnx_clk_gen/inst/clkout1_buf/O
                         net (fo=22838, routed)       0.831    -0.884    i_axi_dwidth_converter_dm_slave/inst/gen_downsizer.gen_simple_downsizer.axi_downsizer_inst/USE_WRITE.write_addr_inst/cmd_queue/inst/fifo_gen_inst/inst_fifo_gen/gconvfifo.rf/grf.rf/gntv_or_sync_fifo.gl0.wr/wpntr/clk
    SLICE_X32Y1          FDCE                                         r  i_axi_dwidth_converter_dm_slave/inst/gen_downsizer.gen_simple_downsizer.axi_downsizer_inst/USE_WRITE.write_addr_inst/cmd_queue/inst/fifo_gen_inst/inst_fifo_gen/gconvfifo.rf/grf.rf/gntv_or_sync_fifo.gl0.wr/wpntr/gcc0.gc0.count_reg[4]/C
                         clock pessimism              0.258    -0.627    
    SLICE_X32Y1          FDCE (Remov_fdce_C_CLR)     -0.067    -0.694    i_axi_dwidth_converter_dm_slave/inst/gen_downsizer.gen_simple_downsizer.axi_downsizer_inst/USE_WRITE.write_addr_inst/cmd_queue/inst/fifo_gen_inst/inst_fifo_gen/gconvfifo.rf/grf.rf/gntv_or_sync_fifo.gl0.wr/wpntr/gcc0.gc0.count_reg[4]
  -------------------------------------------------------------------
                         required time                          0.694    
                         arrival time                          -0.053    
  -------------------------------------------------------------------
                         slack                                  0.641    

Slack (MET) :             0.645ns  (arrival time - required time)
  Source:                 i_axi_dwidth_converter_dm_slave/inst/gen_downsizer.gen_simple_downsizer.axi_downsizer_inst/USE_WRITE.write_addr_inst/cmd_queue/inst/fifo_gen_inst/inst_fifo_gen/gconvfifo.rf/grf.rf/rstblk/ngwrdrst.grst.g7serrst.gnsckt_wrst.gcc_rst.sckt_wr_rst_cc_reg[0]/C
                            (rising edge-triggered cell FDRE clocked by clk_out1_xlnx_clk_gen  {rise@0.000ns fall@12.500ns period=25.000ns})
  Destination:            i_axi_dwidth_converter_dm_slave/inst/gen_downsizer.gen_simple_downsizer.axi_downsizer_inst/USE_WRITE.write_addr_inst/cmd_queue/inst/fifo_gen_inst/inst_fifo_gen/gconvfifo.rf/grf.rf/gntv_or_sync_fifo.gl0.wr/wpntr/gcc0.gc0.count_reg[0]/PRE
                            (removal check against rising-edge clock clk_out1_xlnx_clk_gen  {rise@0.000ns fall@12.500ns period=25.000ns})
  Path Group:             **async_default**
  Path Type:              Removal (Min at Fast Process Corner)
  Requirement:            0.000ns  (clk_out1_xlnx_clk_gen rise@0.000ns - clk_out1_xlnx_clk_gen rise@0.000ns)
  Data Path Delay:        0.590ns  (logic 0.186ns (31.537%)  route 0.404ns (68.463%))
  Logic Levels:           1  (LUT3=1)
  Clock Path Skew:        0.016ns (DCD - SCD - CPR)
    Destination Clock Delay (DCD):    -0.884ns
    Source Clock Delay      (SCD):    -0.643ns
    Clock Pessimism Removal (CPR):    -0.258ns

    Location             Delay type                Incr(ns)  Path(ns)    Netlist Resource(s)
  -------------------------------------------------------------------    -------------------
                         (clock clk_out1_xlnx_clk_gen rise edge)
                                                      0.000     0.000 r  
    K17                                               0.000     0.000 r  clk_sys (IN)
                         net (fo=0)                   0.000     0.000    i_xlnx_clk_gen/inst/clk_in1
    K17                  IBUF (Prop_ibuf_I_O)         0.243     0.243 r  i_xlnx_clk_gen/inst/clkin1_ibufg/O
                         net (fo=1, routed)           0.440     0.683    i_xlnx_clk_gen/inst/clk_in1_xlnx_clk_gen
    MMCME2_ADV_X1Y2      MMCME2_ADV (Prop_mmcme2_adv_CLKIN1_CLKOUT0)
                                                     -2.613    -1.930 r  i_xlnx_clk_gen/inst/mmcm_adv_inst/CLKOUT0
                         net (fo=1, routed)           0.696    -1.233    i_xlnx_clk_gen/inst/clk_out1_xlnx_clk_gen
    BUFGCTRL_X0Y16       BUFG (Prop_bufg_I_O)         0.026    -1.207 r  i_xlnx_clk_gen/inst/clkout1_buf/O
                         net (fo=22838, routed)       0.565    -0.643    i_axi_dwidth_converter_dm_slave/inst/gen_downsizer.gen_simple_downsizer.axi_downsizer_inst/USE_WRITE.write_addr_inst/cmd_queue/inst/fifo_gen_inst/inst_fifo_gen/gconvfifo.rf/grf.rf/rstblk/clk
    SLICE_X33Y2          FDRE                                         r  i_axi_dwidth_converter_dm_slave/inst/gen_downsizer.gen_simple_downsizer.axi_downsizer_inst/USE_WRITE.write_addr_inst/cmd_queue/inst/fifo_gen_inst/inst_fifo_gen/gconvfifo.rf/grf.rf/rstblk/ngwrdrst.grst.g7serrst.gnsckt_wrst.gcc_rst.sckt_wr_rst_cc_reg[0]/C
  -------------------------------------------------------------------    -------------------
    SLICE_X33Y2          FDRE (Prop_fdre_C_Q)         0.141    -0.502 f  i_axi_dwidth_converter_dm_slave/inst/gen_downsizer.gen_simple_downsizer.axi_downsizer_inst/USE_WRITE.write_addr_inst/cmd_queue/inst/fifo_gen_inst/inst_fifo_gen/gconvfifo.rf/grf.rf/rstblk/ngwrdrst.grst.g7serrst.gnsckt_wrst.gcc_rst.sckt_wr_rst_cc_reg[0]/Q
                         net (fo=3, routed)           0.170    -0.331    i_axi_dwidth_converter_dm_slave/inst/gen_downsizer.gen_simple_downsizer.axi_downsizer_inst/USE_WRITE.write_addr_inst/cmd_queue/inst/fifo_gen_inst/inst_fifo_gen/gconvfifo.rf/grf.rf/rstblk/ngwrdrst.grst.g7serrst.gnsckt_wrst.gcc_rst.sckt_wr_rst_cc[0]
    SLICE_X33Y2          LUT3 (Prop_lut3_I1_O)        0.045    -0.286 f  i_axi_dwidth_converter_dm_slave/inst/gen_downsizer.gen_simple_downsizer.axi_downsizer_inst/USE_WRITE.write_addr_inst/cmd_queue/inst/fifo_gen_inst/inst_fifo_gen/gconvfifo.rf/grf.rf/rstblk/gpregsm1.curr_fwft_state[1]_i_2/O
                         net (fo=32, routed)          0.233    -0.053    i_axi_dwidth_converter_dm_slave/inst/gen_downsizer.gen_simple_downsizer.axi_downsizer_inst/USE_WRITE.write_addr_inst/cmd_queue/inst/fifo_gen_inst/inst_fifo_gen/gconvfifo.rf/grf.rf/gntv_or_sync_fifo.gl0.wr/wpntr/AR[0]
    SLICE_X32Y1          FDPE                                         f  i_axi_dwidth_converter_dm_slave/inst/gen_downsizer.gen_simple_downsizer.axi_downsizer_inst/USE_WRITE.write_addr_inst/cmd_queue/inst/fifo_gen_inst/inst_fifo_gen/gconvfifo.rf/grf.rf/gntv_or_sync_fifo.gl0.wr/wpntr/gcc0.gc0.count_reg[0]/PRE
  -------------------------------------------------------------------    -------------------

                         (clock clk_out1_xlnx_clk_gen rise edge)
                                                      0.000     0.000 r  
    K17                                               0.000     0.000 r  clk_sys (IN)
                         net (fo=0)                   0.000     0.000    i_xlnx_clk_gen/inst/clk_in1
    K17                  IBUF (Prop_ibuf_I_O)         0.431     0.431 r  i_xlnx_clk_gen/inst/clkin1_ibufg/O
                         net (fo=1, routed)           0.480     0.911    i_xlnx_clk_gen/inst/clk_in1_xlnx_clk_gen
    MMCME2_ADV_X1Y2      MMCME2_ADV (Prop_mmcme2_adv_CLKIN1_CLKOUT0)
                                                     -3.407    -2.496 r  i_xlnx_clk_gen/inst/mmcm_adv_inst/CLKOUT0
                         net (fo=1, routed)           0.752    -1.744    i_xlnx_clk_gen/inst/clk_out1_xlnx_clk_gen
    BUFGCTRL_X0Y16       BUFG (Prop_bufg_I_O)         0.029    -1.715 r  i_xlnx_clk_gen/inst/clkout1_buf/O
                         net (fo=22838, routed)       0.831    -0.884    i_axi_dwidth_converter_dm_slave/inst/gen_downsizer.gen_simple_downsizer.axi_downsizer_inst/USE_WRITE.write_addr_inst/cmd_queue/inst/fifo_gen_inst/inst_fifo_gen/gconvfifo.rf/grf.rf/gntv_or_sync_fifo.gl0.wr/wpntr/clk
    SLICE_X32Y1          FDPE                                         r  i_axi_dwidth_converter_dm_slave/inst/gen_downsizer.gen_simple_downsizer.axi_downsizer_inst/USE_WRITE.write_addr_inst/cmd_queue/inst/fifo_gen_inst/inst_fifo_gen/gconvfifo.rf/grf.rf/gntv_or_sync_fifo.gl0.wr/wpntr/gcc0.gc0.count_reg[0]/C
                         clock pessimism              0.258    -0.627    
    SLICE_X32Y1          FDPE (Remov_fdpe_C_PRE)     -0.071    -0.698    i_axi_dwidth_converter_dm_slave/inst/gen_downsizer.gen_simple_downsizer.axi_downsizer_inst/USE_WRITE.write_addr_inst/cmd_queue/inst/fifo_gen_inst/inst_fifo_gen/gconvfifo.rf/grf.rf/gntv_or_sync_fifo.gl0.wr/wpntr/gcc0.gc0.count_reg[0]
  -------------------------------------------------------------------
                         required time                          0.698    
                         arrival time                          -0.053    
  -------------------------------------------------------------------
                         slack                                  0.645    

Slack (MET) :             0.666ns  (arrival time - required time)
  Source:                 i_axi_dwidth_converter_dm_slave/inst/gen_downsizer.gen_simple_downsizer.axi_downsizer_inst/USE_WRITE.write_addr_inst/cmd_queue/inst/fifo_gen_inst/inst_fifo_gen/gconvfifo.rf/grf.rf/rstblk/ngwrdrst.grst.g7serrst.gnsckt_wrst.gcc_rst.sckt_wr_rst_cc_reg[0]/C
                            (rising edge-triggered cell FDRE clocked by clk_out1_xlnx_clk_gen  {rise@0.000ns fall@12.500ns period=25.000ns})
  Destination:            i_axi_dwidth_converter_dm_slave/inst/gen_downsizer.gen_simple_downsizer.axi_downsizer_inst/USE_WRITE.write_addr_inst/cmd_queue/inst/fifo_gen_inst/inst_fifo_gen/gconvfifo.rf/grf.rf/gntv_or_sync_fifo.gl0.wr/wpntr/gcc0.gc0.count_d1_reg[0]/CLR
                            (removal check against rising-edge clock clk_out1_xlnx_clk_gen  {rise@0.000ns fall@12.500ns period=25.000ns})
  Path Group:             **async_default**
  Path Type:              Removal (Min at Fast Process Corner)
  Requirement:            0.000ns  (clk_out1_xlnx_clk_gen rise@0.000ns - clk_out1_xlnx_clk_gen rise@0.000ns)
  Data Path Delay:        0.590ns  (logic 0.186ns (31.537%)  route 0.404ns (68.463%))
  Logic Levels:           1  (LUT3=1)
  Clock Path Skew:        0.016ns (DCD - SCD - CPR)
    Destination Clock Delay (DCD):    -0.884ns
    Source Clock Delay      (SCD):    -0.643ns
    Clock Pessimism Removal (CPR):    -0.258ns

    Location             Delay type                Incr(ns)  Path(ns)    Netlist Resource(s)
  -------------------------------------------------------------------    -------------------
                         (clock clk_out1_xlnx_clk_gen rise edge)
                                                      0.000     0.000 r  
    K17                                               0.000     0.000 r  clk_sys (IN)
                         net (fo=0)                   0.000     0.000    i_xlnx_clk_gen/inst/clk_in1
    K17                  IBUF (Prop_ibuf_I_O)         0.243     0.243 r  i_xlnx_clk_gen/inst/clkin1_ibufg/O
                         net (fo=1, routed)           0.440     0.683    i_xlnx_clk_gen/inst/clk_in1_xlnx_clk_gen
    MMCME2_ADV_X1Y2      MMCME2_ADV (Prop_mmcme2_adv_CLKIN1_CLKOUT0)
                                                     -2.613    -1.930 r  i_xlnx_clk_gen/inst/mmcm_adv_inst/CLKOUT0
                         net (fo=1, routed)           0.696    -1.233    i_xlnx_clk_gen/inst/clk_out1_xlnx_clk_gen
    BUFGCTRL_X0Y16       BUFG (Prop_bufg_I_O)         0.026    -1.207 r  i_xlnx_clk_gen/inst/clkout1_buf/O
                         net (fo=22838, routed)       0.565    -0.643    i_axi_dwidth_converter_dm_slave/inst/gen_downsizer.gen_simple_downsizer.axi_downsizer_inst/USE_WRITE.write_addr_inst/cmd_queue/inst/fifo_gen_inst/inst_fifo_gen/gconvfifo.rf/grf.rf/rstblk/clk
    SLICE_X33Y2          FDRE                                         r  i_axi_dwidth_converter_dm_slave/inst/gen_downsizer.gen_simple_downsizer.axi_downsizer_inst/USE_WRITE.write_addr_inst/cmd_queue/inst/fifo_gen_inst/inst_fifo_gen/gconvfifo.rf/grf.rf/rstblk/ngwrdrst.grst.g7serrst.gnsckt_wrst.gcc_rst.sckt_wr_rst_cc_reg[0]/C
  -------------------------------------------------------------------    -------------------
    SLICE_X33Y2          FDRE (Prop_fdre_C_Q)         0.141    -0.502 f  i_axi_dwidth_converter_dm_slave/inst/gen_downsizer.gen_simple_downsizer.axi_downsizer_inst/USE_WRITE.write_addr_inst/cmd_queue/inst/fifo_gen_inst/inst_fifo_gen/gconvfifo.rf/grf.rf/rstblk/ngwrdrst.grst.g7serrst.gnsckt_wrst.gcc_rst.sckt_wr_rst_cc_reg[0]/Q
                         net (fo=3, routed)           0.170    -0.331    i_axi_dwidth_converter_dm_slave/inst/gen_downsizer.gen_simple_downsizer.axi_downsizer_inst/USE_WRITE.write_addr_inst/cmd_queue/inst/fifo_gen_inst/inst_fifo_gen/gconvfifo.rf/grf.rf/rstblk/ngwrdrst.grst.g7serrst.gnsckt_wrst.gcc_rst.sckt_wr_rst_cc[0]
    SLICE_X33Y2          LUT3 (Prop_lut3_I1_O)        0.045    -0.286 f  i_axi_dwidth_converter_dm_slave/inst/gen_downsizer.gen_simple_downsizer.axi_downsizer_inst/USE_WRITE.write_addr_inst/cmd_queue/inst/fifo_gen_inst/inst_fifo_gen/gconvfifo.rf/grf.rf/rstblk/gpregsm1.curr_fwft_state[1]_i_2/O
                         net (fo=32, routed)          0.233    -0.053    i_axi_dwidth_converter_dm_slave/inst/gen_downsizer.gen_simple_downsizer.axi_downsizer_inst/USE_WRITE.write_addr_inst/cmd_queue/inst/fifo_gen_inst/inst_fifo_gen/gconvfifo.rf/grf.rf/gntv_or_sync_fifo.gl0.wr/wpntr/AR[0]
    SLICE_X33Y1          FDCE                                         f  i_axi_dwidth_converter_dm_slave/inst/gen_downsizer.gen_simple_downsizer.axi_downsizer_inst/USE_WRITE.write_addr_inst/cmd_queue/inst/fifo_gen_inst/inst_fifo_gen/gconvfifo.rf/grf.rf/gntv_or_sync_fifo.gl0.wr/wpntr/gcc0.gc0.count_d1_reg[0]/CLR
  -------------------------------------------------------------------    -------------------

                         (clock clk_out1_xlnx_clk_gen rise edge)
                                                      0.000     0.000 r  
    K17                                               0.000     0.000 r  clk_sys (IN)
                         net (fo=0)                   0.000     0.000    i_xlnx_clk_gen/inst/clk_in1
    K17                  IBUF (Prop_ibuf_I_O)         0.431     0.431 r  i_xlnx_clk_gen/inst/clkin1_ibufg/O
                         net (fo=1, routed)           0.480     0.911    i_xlnx_clk_gen/inst/clk_in1_xlnx_clk_gen
    MMCME2_ADV_X1Y2      MMCME2_ADV (Prop_mmcme2_adv_CLKIN1_CLKOUT0)
                                                     -3.407    -2.496 r  i_xlnx_clk_gen/inst/mmcm_adv_inst/CLKOUT0
                         net (fo=1, routed)           0.752    -1.744    i_xlnx_clk_gen/inst/clk_out1_xlnx_clk_gen
    BUFGCTRL_X0Y16       BUFG (Prop_bufg_I_O)         0.029    -1.715 r  i_xlnx_clk_gen/inst/clkout1_buf/O
                         net (fo=22838, routed)       0.831    -0.884    i_axi_dwidth_converter_dm_slave/inst/gen_downsizer.gen_simple_downsizer.axi_downsizer_inst/USE_WRITE.write_addr_inst/cmd_queue/inst/fifo_gen_inst/inst_fifo_gen/gconvfifo.rf/grf.rf/gntv_or_sync_fifo.gl0.wr/wpntr/clk
    SLICE_X33Y1          FDCE                                         r  i_axi_dwidth_converter_dm_slave/inst/gen_downsizer.gen_simple_downsizer.axi_downsizer_inst/USE_WRITE.write_addr_inst/cmd_queue/inst/fifo_gen_inst/inst_fifo_gen/gconvfifo.rf/grf.rf/gntv_or_sync_fifo.gl0.wr/wpntr/gcc0.gc0.count_d1_reg[0]/C
                         clock pessimism              0.258    -0.627    
    SLICE_X33Y1          FDCE (Remov_fdce_C_CLR)     -0.092    -0.719    i_axi_dwidth_converter_dm_slave/inst/gen_downsizer.gen_simple_downsizer.axi_downsizer_inst/USE_WRITE.write_addr_inst/cmd_queue/inst/fifo_gen_inst/inst_fifo_gen/gconvfifo.rf/grf.rf/gntv_or_sync_fifo.gl0.wr/wpntr/gcc0.gc0.count_d1_reg[0]
  -------------------------------------------------------------------
                         required time                          0.719    
                         arrival time                          -0.053    
  -------------------------------------------------------------------
                         slack                                  0.666    

Slack (MET) :             0.666ns  (arrival time - required time)
  Source:                 i_axi_dwidth_converter_dm_slave/inst/gen_downsizer.gen_simple_downsizer.axi_downsizer_inst/USE_WRITE.write_addr_inst/cmd_queue/inst/fifo_gen_inst/inst_fifo_gen/gconvfifo.rf/grf.rf/rstblk/ngwrdrst.grst.g7serrst.gnsckt_wrst.gcc_rst.sckt_wr_rst_cc_reg[0]/C
                            (rising edge-triggered cell FDRE clocked by clk_out1_xlnx_clk_gen  {rise@0.000ns fall@12.500ns period=25.000ns})
  Destination:            i_axi_dwidth_converter_dm_slave/inst/gen_downsizer.gen_simple_downsizer.axi_downsizer_inst/USE_WRITE.write_addr_inst/cmd_queue/inst/fifo_gen_inst/inst_fifo_gen/gconvfifo.rf/grf.rf/gntv_or_sync_fifo.gl0.wr/wpntr/gcc0.gc0.count_d1_reg[1]/CLR
                            (removal check against rising-edge clock clk_out1_xlnx_clk_gen  {rise@0.000ns fall@12.500ns period=25.000ns})
  Path Group:             **async_default**
  Path Type:              Removal (Min at Fast Process Corner)
  Requirement:            0.000ns  (clk_out1_xlnx_clk_gen rise@0.000ns - clk_out1_xlnx_clk_gen rise@0.000ns)
  Data Path Delay:        0.590ns  (logic 0.186ns (31.537%)  route 0.404ns (68.463%))
  Logic Levels:           1  (LUT3=1)
  Clock Path Skew:        0.016ns (DCD - SCD - CPR)
    Destination Clock Delay (DCD):    -0.884ns
    Source Clock Delay      (SCD):    -0.643ns
    Clock Pessimism Removal (CPR):    -0.258ns

    Location             Delay type                Incr(ns)  Path(ns)    Netlist Resource(s)
  -------------------------------------------------------------------    -------------------
                         (clock clk_out1_xlnx_clk_gen rise edge)
                                                      0.000     0.000 r  
    K17                                               0.000     0.000 r  clk_sys (IN)
                         net (fo=0)                   0.000     0.000    i_xlnx_clk_gen/inst/clk_in1
    K17                  IBUF (Prop_ibuf_I_O)         0.243     0.243 r  i_xlnx_clk_gen/inst/clkin1_ibufg/O
                         net (fo=1, routed)           0.440     0.683    i_xlnx_clk_gen/inst/clk_in1_xlnx_clk_gen
    MMCME2_ADV_X1Y2      MMCME2_ADV (Prop_mmcme2_adv_CLKIN1_CLKOUT0)
                                                     -2.613    -1.930 r  i_xlnx_clk_gen/inst/mmcm_adv_inst/CLKOUT0
                         net (fo=1, routed)           0.696    -1.233    i_xlnx_clk_gen/inst/clk_out1_xlnx_clk_gen
    BUFGCTRL_X0Y16       BUFG (Prop_bufg_I_O)         0.026    -1.207 r  i_xlnx_clk_gen/inst/clkout1_buf/O
                         net (fo=22838, routed)       0.565    -0.643    i_axi_dwidth_converter_dm_slave/inst/gen_downsizer.gen_simple_downsizer.axi_downsizer_inst/USE_WRITE.write_addr_inst/cmd_queue/inst/fifo_gen_inst/inst_fifo_gen/gconvfifo.rf/grf.rf/rstblk/clk
    SLICE_X33Y2          FDRE                                         r  i_axi_dwidth_converter_dm_slave/inst/gen_downsizer.gen_simple_downsizer.axi_downsizer_inst/USE_WRITE.write_addr_inst/cmd_queue/inst/fifo_gen_inst/inst_fifo_gen/gconvfifo.rf/grf.rf/rstblk/ngwrdrst.grst.g7serrst.gnsckt_wrst.gcc_rst.sckt_wr_rst_cc_reg[0]/C
  -------------------------------------------------------------------    -------------------
    SLICE_X33Y2          FDRE (Prop_fdre_C_Q)         0.141    -0.502 f  i_axi_dwidth_converter_dm_slave/inst/gen_downsizer.gen_simple_downsizer.axi_downsizer_inst/USE_WRITE.write_addr_inst/cmd_queue/inst/fifo_gen_inst/inst_fifo_gen/gconvfifo.rf/grf.rf/rstblk/ngwrdrst.grst.g7serrst.gnsckt_wrst.gcc_rst.sckt_wr_rst_cc_reg[0]/Q
                         net (fo=3, routed)           0.170    -0.331    i_axi_dwidth_converter_dm_slave/inst/gen_downsizer.gen_simple_downsizer.axi_downsizer_inst/USE_WRITE.write_addr_inst/cmd_queue/inst/fifo_gen_inst/inst_fifo_gen/gconvfifo.rf/grf.rf/rstblk/ngwrdrst.grst.g7serrst.gnsckt_wrst.gcc_rst.sckt_wr_rst_cc[0]
    SLICE_X33Y2          LUT3 (Prop_lut3_I1_O)        0.045    -0.286 f  i_axi_dwidth_converter_dm_slave/inst/gen_downsizer.gen_simple_downsizer.axi_downsizer_inst/USE_WRITE.write_addr_inst/cmd_queue/inst/fifo_gen_inst/inst_fifo_gen/gconvfifo.rf/grf.rf/rstblk/gpregsm1.curr_fwft_state[1]_i_2/O
                         net (fo=32, routed)          0.233    -0.053    i_axi_dwidth_converter_dm_slave/inst/gen_downsizer.gen_simple_downsizer.axi_downsizer_inst/USE_WRITE.write_addr_inst/cmd_queue/inst/fifo_gen_inst/inst_fifo_gen/gconvfifo.rf/grf.rf/gntv_or_sync_fifo.gl0.wr/wpntr/AR[0]
    SLICE_X33Y1          FDCE                                         f  i_axi_dwidth_converter_dm_slave/inst/gen_downsizer.gen_simple_downsizer.axi_downsizer_inst/USE_WRITE.write_addr_inst/cmd_queue/inst/fifo_gen_inst/inst_fifo_gen/gconvfifo.rf/grf.rf/gntv_or_sync_fifo.gl0.wr/wpntr/gcc0.gc0.count_d1_reg[1]/CLR
  -------------------------------------------------------------------    -------------------

                         (clock clk_out1_xlnx_clk_gen rise edge)
                                                      0.000     0.000 r  
    K17                                               0.000     0.000 r  clk_sys (IN)
                         net (fo=0)                   0.000     0.000    i_xlnx_clk_gen/inst/clk_in1
    K17                  IBUF (Prop_ibuf_I_O)         0.431     0.431 r  i_xlnx_clk_gen/inst/clkin1_ibufg/O
                         net (fo=1, routed)           0.480     0.911    i_xlnx_clk_gen/inst/clk_in1_xlnx_clk_gen
    MMCME2_ADV_X1Y2      MMCME2_ADV (Prop_mmcme2_adv_CLKIN1_CLKOUT0)
                                                     -3.407    -2.496 r  i_xlnx_clk_gen/inst/mmcm_adv_inst/CLKOUT0
                         net (fo=1, routed)           0.752    -1.744    i_xlnx_clk_gen/inst/clk_out1_xlnx_clk_gen
    BUFGCTRL_X0Y16       BUFG (Prop_bufg_I_O)         0.029    -1.715 r  i_xlnx_clk_gen/inst/clkout1_buf/O
                         net (fo=22838, routed)       0.831    -0.884    i_axi_dwidth_converter_dm_slave/inst/gen_downsizer.gen_simple_downsizer.axi_downsizer_inst/USE_WRITE.write_addr_inst/cmd_queue/inst/fifo_gen_inst/inst_fifo_gen/gconvfifo.rf/grf.rf/gntv_or_sync_fifo.gl0.wr/wpntr/clk
    SLICE_X33Y1          FDCE                                         r  i_axi_dwidth_converter_dm_slave/inst/gen_downsizer.gen_simple_downsizer.axi_downsizer_inst/USE_WRITE.write_addr_inst/cmd_queue/inst/fifo_gen_inst/inst_fifo_gen/gconvfifo.rf/grf.rf/gntv_or_sync_fifo.gl0.wr/wpntr/gcc0.gc0.count_d1_reg[1]/C
                         clock pessimism              0.258    -0.627    
    SLICE_X33Y1          FDCE (Remov_fdce_C_CLR)     -0.092    -0.719    i_axi_dwidth_converter_dm_slave/inst/gen_downsizer.gen_simple_downsizer.axi_downsizer_inst/USE_WRITE.write_addr_inst/cmd_queue/inst/fifo_gen_inst/inst_fifo_gen/gconvfifo.rf/grf.rf/gntv_or_sync_fifo.gl0.wr/wpntr/gcc0.gc0.count_d1_reg[1]
  -------------------------------------------------------------------
                         required time                          0.719    
                         arrival time                          -0.053    
  -------------------------------------------------------------------
                         slack                                  0.666    

Slack (MET) :             0.666ns  (arrival time - required time)
  Source:                 i_axi_dwidth_converter_dm_slave/inst/gen_downsizer.gen_simple_downsizer.axi_downsizer_inst/USE_WRITE.write_addr_inst/cmd_queue/inst/fifo_gen_inst/inst_fifo_gen/gconvfifo.rf/grf.rf/rstblk/ngwrdrst.grst.g7serrst.gnsckt_wrst.gcc_rst.sckt_wr_rst_cc_reg[0]/C
                            (rising edge-triggered cell FDRE clocked by clk_out1_xlnx_clk_gen  {rise@0.000ns fall@12.500ns period=25.000ns})
  Destination:            i_axi_dwidth_converter_dm_slave/inst/gen_downsizer.gen_simple_downsizer.axi_downsizer_inst/USE_WRITE.write_addr_inst/cmd_queue/inst/fifo_gen_inst/inst_fifo_gen/gconvfifo.rf/grf.rf/gntv_or_sync_fifo.gl0.wr/wpntr/gcc0.gc0.count_d1_reg[2]/CLR
                            (removal check against rising-edge clock clk_out1_xlnx_clk_gen  {rise@0.000ns fall@12.500ns period=25.000ns})
  Path Group:             **async_default**
  Path Type:              Removal (Min at Fast Process Corner)
  Requirement:            0.000ns  (clk_out1_xlnx_clk_gen rise@0.000ns - clk_out1_xlnx_clk_gen rise@0.000ns)
  Data Path Delay:        0.590ns  (logic 0.186ns (31.537%)  route 0.404ns (68.463%))
  Logic Levels:           1  (LUT3=1)
  Clock Path Skew:        0.016ns (DCD - SCD - CPR)
    Destination Clock Delay (DCD):    -0.884ns
    Source Clock Delay      (SCD):    -0.643ns
    Clock Pessimism Removal (CPR):    -0.258ns

    Location             Delay type                Incr(ns)  Path(ns)    Netlist Resource(s)
  -------------------------------------------------------------------    -------------------
                         (clock clk_out1_xlnx_clk_gen rise edge)
                                                      0.000     0.000 r  
    K17                                               0.000     0.000 r  clk_sys (IN)
                         net (fo=0)                   0.000     0.000    i_xlnx_clk_gen/inst/clk_in1
    K17                  IBUF (Prop_ibuf_I_O)         0.243     0.243 r  i_xlnx_clk_gen/inst/clkin1_ibufg/O
                         net (fo=1, routed)           0.440     0.683    i_xlnx_clk_gen/inst/clk_in1_xlnx_clk_gen
    MMCME2_ADV_X1Y2      MMCME2_ADV (Prop_mmcme2_adv_CLKIN1_CLKOUT0)
                                                     -2.613    -1.930 r  i_xlnx_clk_gen/inst/mmcm_adv_inst/CLKOUT0
                         net (fo=1, routed)           0.696    -1.233    i_xlnx_clk_gen/inst/clk_out1_xlnx_clk_gen
    BUFGCTRL_X0Y16       BUFG (Prop_bufg_I_O)         0.026    -1.207 r  i_xlnx_clk_gen/inst/clkout1_buf/O
                         net (fo=22838, routed)       0.565    -0.643    i_axi_dwidth_converter_dm_slave/inst/gen_downsizer.gen_simple_downsizer.axi_downsizer_inst/USE_WRITE.write_addr_inst/cmd_queue/inst/fifo_gen_inst/inst_fifo_gen/gconvfifo.rf/grf.rf/rstblk/clk
    SLICE_X33Y2          FDRE                                         r  i_axi_dwidth_converter_dm_slave/inst/gen_downsizer.gen_simple_downsizer.axi_downsizer_inst/USE_WRITE.write_addr_inst/cmd_queue/inst/fifo_gen_inst/inst_fifo_gen/gconvfifo.rf/grf.rf/rstblk/ngwrdrst.grst.g7serrst.gnsckt_wrst.gcc_rst.sckt_wr_rst_cc_reg[0]/C
  -------------------------------------------------------------------    -------------------
    SLICE_X33Y2          FDRE (Prop_fdre_C_Q)         0.141    -0.502 f  i_axi_dwidth_converter_dm_slave/inst/gen_downsizer.gen_simple_downsizer.axi_downsizer_inst/USE_WRITE.write_addr_inst/cmd_queue/inst/fifo_gen_inst/inst_fifo_gen/gconvfifo.rf/grf.rf/rstblk/ngwrdrst.grst.g7serrst.gnsckt_wrst.gcc_rst.sckt_wr_rst_cc_reg[0]/Q
                         net (fo=3, routed)           0.170    -0.331    i_axi_dwidth_converter_dm_slave/inst/gen_downsizer.gen_simple_downsizer.axi_downsizer_inst/USE_WRITE.write_addr_inst/cmd_queue/inst/fifo_gen_inst/inst_fifo_gen/gconvfifo.rf/grf.rf/rstblk/ngwrdrst.grst.g7serrst.gnsckt_wrst.gcc_rst.sckt_wr_rst_cc[0]
    SLICE_X33Y2          LUT3 (Prop_lut3_I1_O)        0.045    -0.286 f  i_axi_dwidth_converter_dm_slave/inst/gen_downsizer.gen_simple_downsizer.axi_downsizer_inst/USE_WRITE.write_addr_inst/cmd_queue/inst/fifo_gen_inst/inst_fifo_gen/gconvfifo.rf/grf.rf/rstblk/gpregsm1.curr_fwft_state[1]_i_2/O
                         net (fo=32, routed)          0.233    -0.053    i_axi_dwidth_converter_dm_slave/inst/gen_downsizer.gen_simple_downsizer.axi_downsizer_inst/USE_WRITE.write_addr_inst/cmd_queue/inst/fifo_gen_inst/inst_fifo_gen/gconvfifo.rf/grf.rf/gntv_or_sync_fifo.gl0.wr/wpntr/AR[0]
    SLICE_X33Y1          FDCE                                         f  i_axi_dwidth_converter_dm_slave/inst/gen_downsizer.gen_simple_downsizer.axi_downsizer_inst/USE_WRITE.write_addr_inst/cmd_queue/inst/fifo_gen_inst/inst_fifo_gen/gconvfifo.rf/grf.rf/gntv_or_sync_fifo.gl0.wr/wpntr/gcc0.gc0.count_d1_reg[2]/CLR
  -------------------------------------------------------------------    -------------------

                         (clock clk_out1_xlnx_clk_gen rise edge)
                                                      0.000     0.000 r  
    K17                                               0.000     0.000 r  clk_sys (IN)
                         net (fo=0)                   0.000     0.000    i_xlnx_clk_gen/inst/clk_in1
    K17                  IBUF (Prop_ibuf_I_O)         0.431     0.431 r  i_xlnx_clk_gen/inst/clkin1_ibufg/O
                         net (fo=1, routed)           0.480     0.911    i_xlnx_clk_gen/inst/clk_in1_xlnx_clk_gen
    MMCME2_ADV_X1Y2      MMCME2_ADV (Prop_mmcme2_adv_CLKIN1_CLKOUT0)
                                                     -3.407    -2.496 r  i_xlnx_clk_gen/inst/mmcm_adv_inst/CLKOUT0
                         net (fo=1, routed)           0.752    -1.744    i_xlnx_clk_gen/inst/clk_out1_xlnx_clk_gen
    BUFGCTRL_X0Y16       BUFG (Prop_bufg_I_O)         0.029    -1.715 r  i_xlnx_clk_gen/inst/clkout1_buf/O
                         net (fo=22838, routed)       0.831    -0.884    i_axi_dwidth_converter_dm_slave/inst/gen_downsizer.gen_simple_downsizer.axi_downsizer_inst/USE_WRITE.write_addr_inst/cmd_queue/inst/fifo_gen_inst/inst_fifo_gen/gconvfifo.rf/grf.rf/gntv_or_sync_fifo.gl0.wr/wpntr/clk
    SLICE_X33Y1          FDCE                                         r  i_axi_dwidth_converter_dm_slave/inst/gen_downsizer.gen_simple_downsizer.axi_downsizer_inst/USE_WRITE.write_addr_inst/cmd_queue/inst/fifo_gen_inst/inst_fifo_gen/gconvfifo.rf/grf.rf/gntv_or_sync_fifo.gl0.wr/wpntr/gcc0.gc0.count_d1_reg[2]/C
                         clock pessimism              0.258    -0.627    
    SLICE_X33Y1          FDCE (Remov_fdce_C_CLR)     -0.092    -0.719    i_axi_dwidth_converter_dm_slave/inst/gen_downsizer.gen_simple_downsizer.axi_downsizer_inst/USE_WRITE.write_addr_inst/cmd_queue/inst/fifo_gen_inst/inst_fifo_gen/gconvfifo.rf/grf.rf/gntv_or_sync_fifo.gl0.wr/wpntr/gcc0.gc0.count_d1_reg[2]
  -------------------------------------------------------------------
                         required time                          0.719    
                         arrival time                          -0.053    
  -------------------------------------------------------------------
                         slack                                  0.666    

Slack (MET) :             0.666ns  (arrival time - required time)
  Source:                 i_axi_dwidth_converter_dm_slave/inst/gen_downsizer.gen_simple_downsizer.axi_downsizer_inst/USE_WRITE.write_addr_inst/cmd_queue/inst/fifo_gen_inst/inst_fifo_gen/gconvfifo.rf/grf.rf/rstblk/ngwrdrst.grst.g7serrst.gnsckt_wrst.gcc_rst.sckt_wr_rst_cc_reg[0]/C
                            (rising edge-triggered cell FDRE clocked by clk_out1_xlnx_clk_gen  {rise@0.000ns fall@12.500ns period=25.000ns})
  Destination:            i_axi_dwidth_converter_dm_slave/inst/gen_downsizer.gen_simple_downsizer.axi_downsizer_inst/USE_WRITE.write_addr_inst/cmd_queue/inst/fifo_gen_inst/inst_fifo_gen/gconvfifo.rf/grf.rf/gntv_or_sync_fifo.gl0.wr/wpntr/gcc0.gc0.count_d1_reg[3]/CLR
                            (removal check against rising-edge clock clk_out1_xlnx_clk_gen  {rise@0.000ns fall@12.500ns period=25.000ns})
  Path Group:             **async_default**
  Path Type:              Removal (Min at Fast Process Corner)
  Requirement:            0.000ns  (clk_out1_xlnx_clk_gen rise@0.000ns - clk_out1_xlnx_clk_gen rise@0.000ns)
  Data Path Delay:        0.590ns  (logic 0.186ns (31.537%)  route 0.404ns (68.463%))
  Logic Levels:           1  (LUT3=1)
  Clock Path Skew:        0.016ns (DCD - SCD - CPR)
    Destination Clock Delay (DCD):    -0.884ns
    Source Clock Delay      (SCD):    -0.643ns
    Clock Pessimism Removal (CPR):    -0.258ns

    Location             Delay type                Incr(ns)  Path(ns)    Netlist Resource(s)
  -------------------------------------------------------------------    -------------------
                         (clock clk_out1_xlnx_clk_gen rise edge)
                                                      0.000     0.000 r  
    K17                                               0.000     0.000 r  clk_sys (IN)
                         net (fo=0)                   0.000     0.000    i_xlnx_clk_gen/inst/clk_in1
    K17                  IBUF (Prop_ibuf_I_O)         0.243     0.243 r  i_xlnx_clk_gen/inst/clkin1_ibufg/O
                         net (fo=1, routed)           0.440     0.683    i_xlnx_clk_gen/inst/clk_in1_xlnx_clk_gen
    MMCME2_ADV_X1Y2      MMCME2_ADV (Prop_mmcme2_adv_CLKIN1_CLKOUT0)
                                                     -2.613    -1.930 r  i_xlnx_clk_gen/inst/mmcm_adv_inst/CLKOUT0
                         net (fo=1, routed)           0.696    -1.233    i_xlnx_clk_gen/inst/clk_out1_xlnx_clk_gen
    BUFGCTRL_X0Y16       BUFG (Prop_bufg_I_O)         0.026    -1.207 r  i_xlnx_clk_gen/inst/clkout1_buf/O
                         net (fo=22838, routed)       0.565    -0.643    i_axi_dwidth_converter_dm_slave/inst/gen_downsizer.gen_simple_downsizer.axi_downsizer_inst/USE_WRITE.write_addr_inst/cmd_queue/inst/fifo_gen_inst/inst_fifo_gen/gconvfifo.rf/grf.rf/rstblk/clk
    SLICE_X33Y2          FDRE                                         r  i_axi_dwidth_converter_dm_slave/inst/gen_downsizer.gen_simple_downsizer.axi_downsizer_inst/USE_WRITE.write_addr_inst/cmd_queue/inst/fifo_gen_inst/inst_fifo_gen/gconvfifo.rf/grf.rf/rstblk/ngwrdrst.grst.g7serrst.gnsckt_wrst.gcc_rst.sckt_wr_rst_cc_reg[0]/C
  -------------------------------------------------------------------    -------------------
    SLICE_X33Y2          FDRE (Prop_fdre_C_Q)         0.141    -0.502 f  i_axi_dwidth_converter_dm_slave/inst/gen_downsizer.gen_simple_downsizer.axi_downsizer_inst/USE_WRITE.write_addr_inst/cmd_queue/inst/fifo_gen_inst/inst_fifo_gen/gconvfifo.rf/grf.rf/rstblk/ngwrdrst.grst.g7serrst.gnsckt_wrst.gcc_rst.sckt_wr_rst_cc_reg[0]/Q
                         net (fo=3, routed)           0.170    -0.331    i_axi_dwidth_converter_dm_slave/inst/gen_downsizer.gen_simple_downsizer.axi_downsizer_inst/USE_WRITE.write_addr_inst/cmd_queue/inst/fifo_gen_inst/inst_fifo_gen/gconvfifo.rf/grf.rf/rstblk/ngwrdrst.grst.g7serrst.gnsckt_wrst.gcc_rst.sckt_wr_rst_cc[0]
    SLICE_X33Y2          LUT3 (Prop_lut3_I1_O)        0.045    -0.286 f  i_axi_dwidth_converter_dm_slave/inst/gen_downsizer.gen_simple_downsizer.axi_downsizer_inst/USE_WRITE.write_addr_inst/cmd_queue/inst/fifo_gen_inst/inst_fifo_gen/gconvfifo.rf/grf.rf/rstblk/gpregsm1.curr_fwft_state[1]_i_2/O
                         net (fo=32, routed)          0.233    -0.053    i_axi_dwidth_converter_dm_slave/inst/gen_downsizer.gen_simple_downsizer.axi_downsizer_inst/USE_WRITE.write_addr_inst/cmd_queue/inst/fifo_gen_inst/inst_fifo_gen/gconvfifo.rf/grf.rf/gntv_or_sync_fifo.gl0.wr/wpntr/AR[0]
    SLICE_X33Y1          FDCE                                         f  i_axi_dwidth_converter_dm_slave/inst/gen_downsizer.gen_simple_downsizer.axi_downsizer_inst/USE_WRITE.write_addr_inst/cmd_queue/inst/fifo_gen_inst/inst_fifo_gen/gconvfifo.rf/grf.rf/gntv_or_sync_fifo.gl0.wr/wpntr/gcc0.gc0.count_d1_reg[3]/CLR
  -------------------------------------------------------------------    -------------------

                         (clock clk_out1_xlnx_clk_gen rise edge)
                                                      0.000     0.000 r  
    K17                                               0.000     0.000 r  clk_sys (IN)
                         net (fo=0)                   0.000     0.000    i_xlnx_clk_gen/inst/clk_in1
    K17                  IBUF (Prop_ibuf_I_O)         0.431     0.431 r  i_xlnx_clk_gen/inst/clkin1_ibufg/O
                         net (fo=1, routed)           0.480     0.911    i_xlnx_clk_gen/inst/clk_in1_xlnx_clk_gen
    MMCME2_ADV_X1Y2      MMCME2_ADV (Prop_mmcme2_adv_CLKIN1_CLKOUT0)
                                                     -3.407    -2.496 r  i_xlnx_clk_gen/inst/mmcm_adv_inst/CLKOUT0
                         net (fo=1, routed)           0.752    -1.744    i_xlnx_clk_gen/inst/clk_out1_xlnx_clk_gen
    BUFGCTRL_X0Y16       BUFG (Prop_bufg_I_O)         0.029    -1.715 r  i_xlnx_clk_gen/inst/clkout1_buf/O
                         net (fo=22838, routed)       0.831    -0.884    i_axi_dwidth_converter_dm_slave/inst/gen_downsizer.gen_simple_downsizer.axi_downsizer_inst/USE_WRITE.write_addr_inst/cmd_queue/inst/fifo_gen_inst/inst_fifo_gen/gconvfifo.rf/grf.rf/gntv_or_sync_fifo.gl0.wr/wpntr/clk
    SLICE_X33Y1          FDCE                                         r  i_axi_dwidth_converter_dm_slave/inst/gen_downsizer.gen_simple_downsizer.axi_downsizer_inst/USE_WRITE.write_addr_inst/cmd_queue/inst/fifo_gen_inst/inst_fifo_gen/gconvfifo.rf/grf.rf/gntv_or_sync_fifo.gl0.wr/wpntr/gcc0.gc0.count_d1_reg[3]/C
                         clock pessimism              0.258    -0.627    
    SLICE_X33Y1          FDCE (Remov_fdce_C_CLR)     -0.092    -0.719    i_axi_dwidth_converter_dm_slave/inst/gen_downsizer.gen_simple_downsizer.axi_downsizer_inst/USE_WRITE.write_addr_inst/cmd_queue/inst/fifo_gen_inst/inst_fifo_gen/gconvfifo.rf/grf.rf/gntv_or_sync_fifo.gl0.wr/wpntr/gcc0.gc0.count_d1_reg[3]
  -------------------------------------------------------------------
                         required time                          0.719    
                         arrival time                          -0.053    
  -------------------------------------------------------------------
                         slack                                  0.666    





--------------------------------------------------------------------------------------
Path Group:  (none)
From Clock:  clk_out1_xlnx_clk_gen
  To Clock:  clk_out1_xlnx_clk_gen

Max Delay             6 Endpoints
Min Delay             6 Endpoints
--------------------------------------------------------------------------------------


Max Delay Paths
--------------------------------------------------------------------------------------
Slack:                    inf
  Source:                 i_rstgen_main/i_rstgen_bypass/synch_regs_q_reg[3]/C
                            (rising edge-triggered cell FDCE clocked by clk_out1_xlnx_clk_gen  {rise@0.000ns fall@12.500ns period=25.000ns})
  Destination:            i_axi_dwidth_converter_dm_slave/inst/gen_downsizer.gen_simple_downsizer.axi_downsizer_inst/USE_WRITE.write_addr_inst/USE_B_CHANNEL.cmd_b_queue/inst/fifo_gen_inst/inst_fifo_gen/gconvfifo.rf/grf.rf/rstblk/ngwrdrst.grst.g7serrst.gnsckt_wrst.rst_wr_reg2_inst/arststages_ff_reg[0]/PRE
                            (recovery check against rising-edge clock clk_out1_xlnx_clk_gen  {rise@0.000ns fall@12.500ns period=25.000ns})
  Path Group:             (none)
  Path Type:              Recovery (Max at Slow Process Corner)
  Data Path Delay:        8.612ns  (logic 0.674ns (7.826%)  route 7.938ns (92.174%))
  Logic Levels:           1  (LUT1=1)
  Clock Path Skew:        -0.606ns (DCD - SCD + CPR)
    Destination Clock Delay (DCD):    -1.574ns
    Source Clock Delay      (SCD):    -0.967ns
    Clock Pessimism Removal (CPR):    0.000ns
  Clock Uncertainty:      0.082ns  ((TSJ^2 + DJ^2)^1/2) / 2 + PE
    Total System Jitter     (TSJ):    0.071ns
    Discrete Jitter          (DJ):    0.149ns
    Phase Error              (PE):    0.000ns
  Timing Exception:       False Path

    Location             Delay type                Incr(ns)  Path(ns)    Netlist Resource(s)
  -------------------------------------------------------------------    -------------------
                         (clock clk_out1_xlnx_clk_gen rise edge)
                                                      0.000     0.000 r  
    K17                                               0.000     0.000 r  clk_sys (IN)
                         net (fo=0)                   0.000     0.000    i_xlnx_clk_gen/inst/clk_in1
    K17                  IBUF (Prop_ibuf_I_O)         1.475     1.475 r  i_xlnx_clk_gen/inst/clkin1_ibufg/O
                         net (fo=1, routed)           1.285     2.760    i_xlnx_clk_gen/inst/clk_in1_xlnx_clk_gen
    MMCME2_ADV_X1Y2      MMCME2_ADV (Prop_mmcme2_adv_CLKIN1_CLKOUT0)
                                                     -7.759    -4.999 r  i_xlnx_clk_gen/inst/mmcm_adv_inst/CLKOUT0
                         net (fo=1, routed)           2.206    -2.793    i_xlnx_clk_gen/inst/clk_out1_xlnx_clk_gen
    BUFGCTRL_X0Y16       BUFG (Prop_bufg_I_O)         0.101    -2.692 r  i_xlnx_clk_gen/inst/clkout1_buf/O
                         net (fo=22838, routed)       1.725    -0.967    i_rstgen_main/i_rstgen_bypass/clk_out1
    SLICE_X66Y34         FDCE                                         r  i_rstgen_main/i_rstgen_bypass/synch_regs_q_reg[3]/C
  -------------------------------------------------------------------    -------------------
    SLICE_X66Y34         FDCE (Prop_fdce_C_Q)         0.518    -0.449 r  i_rstgen_main/i_rstgen_bypass/synch_regs_q_reg[3]/Q
                         net (fo=41, routed)          5.792     5.343    i_axi_dwidth_converter_dm_slave/inst/gen_downsizer.gen_simple_downsizer.axi_downsizer_inst/USE_WRITE.write_addr_inst/USE_B_CHANNEL.cmd_b_queue/inst/out
    SLICE_X34Y4          LUT1 (Prop_lut1_I0_O)        0.156     5.499 f  i_axi_dwidth_converter_dm_slave/inst/gen_downsizer.gen_simple_downsizer.axi_downsizer_inst/USE_WRITE.write_addr_inst/USE_B_CHANNEL.cmd_b_queue/inst/S_AXI_AREADY_I_i_1/O
                         net (fo=181, routed)         2.146     7.645    i_axi_dwidth_converter_dm_slave/inst/gen_downsizer.gen_simple_downsizer.axi_downsizer_inst/USE_WRITE.write_addr_inst/USE_B_CHANNEL.cmd_b_queue/inst/fifo_gen_inst/inst_fifo_gen/gconvfifo.rf/grf.rf/rstblk/ngwrdrst.grst.g7serrst.gnsckt_wrst.rst_wr_reg2_inst/src_arst
    SLICE_X29Y5          FDPE                                         f  i_axi_dwidth_converter_dm_slave/inst/gen_downsizer.gen_simple_downsizer.axi_downsizer_inst/USE_WRITE.write_addr_inst/USE_B_CHANNEL.cmd_b_queue/inst/fifo_gen_inst/inst_fifo_gen/gconvfifo.rf/grf.rf/rstblk/ngwrdrst.grst.g7serrst.gnsckt_wrst.rst_wr_reg2_inst/arststages_ff_reg[0]/PRE
  -------------------------------------------------------------------    -------------------

                         (clock clk_out1_xlnx_clk_gen rise edge)
                                                      0.000     0.000 r  
    K17                                               0.000     0.000 r  clk_sys (IN)
                         net (fo=0)                   0.000     0.000    i_xlnx_clk_gen/inst/clk_in1
    K17                  IBUF (Prop_ibuf_I_O)         1.404     1.404 r  i_xlnx_clk_gen/inst/clkin1_ibufg/O
                         net (fo=1, routed)           1.162     2.566    i_xlnx_clk_gen/inst/clk_in1_xlnx_clk_gen
    MMCME2_ADV_X1Y2      MMCME2_ADV (Prop_mmcme2_adv_CLKIN1_CLKOUT0)
                                                     -7.814    -5.248 r  i_xlnx_clk_gen/inst/mmcm_adv_inst/CLKOUT0
                         net (fo=1, routed)           2.012    -3.236    i_xlnx_clk_gen/inst/clk_out1_xlnx_clk_gen
    BUFGCTRL_X0Y16       BUFG (Prop_bufg_I_O)         0.091    -3.145 r  i_xlnx_clk_gen/inst/clkout1_buf/O
                         net (fo=22838, routed)       1.571    -1.574    i_axi_dwidth_converter_dm_slave/inst/gen_downsizer.gen_simple_downsizer.axi_downsizer_inst/USE_WRITE.write_addr_inst/USE_B_CHANNEL.cmd_b_queue/inst/fifo_gen_inst/inst_fifo_gen/gconvfifo.rf/grf.rf/rstblk/ngwrdrst.grst.g7serrst.gnsckt_wrst.rst_wr_reg2_inst/dest_clk
    SLICE_X29Y5          FDPE                                         r  i_axi_dwidth_converter_dm_slave/inst/gen_downsizer.gen_simple_downsizer.axi_downsizer_inst/USE_WRITE.write_addr_inst/USE_B_CHANNEL.cmd_b_queue/inst/fifo_gen_inst/inst_fifo_gen/gconvfifo.rf/grf.rf/rstblk/ngwrdrst.grst.g7serrst.gnsckt_wrst.rst_wr_reg2_inst/arststages_ff_reg[0]/C

Slack:                    inf
  Source:                 i_rstgen_main/i_rstgen_bypass/synch_regs_q_reg[3]/C
                            (rising edge-triggered cell FDCE clocked by clk_out1_xlnx_clk_gen  {rise@0.000ns fall@12.500ns period=25.000ns})
  Destination:            i_axi_dwidth_converter_dm_slave/inst/gen_downsizer.gen_simple_downsizer.axi_downsizer_inst/USE_WRITE.write_addr_inst/USE_B_CHANNEL.cmd_b_queue/inst/fifo_gen_inst/inst_fifo_gen/gconvfifo.rf/grf.rf/rstblk/ngwrdrst.grst.g7serrst.gnsckt_wrst.rst_wr_reg2_inst/arststages_ff_reg[1]/PRE
                            (recovery check against rising-edge clock clk_out1_xlnx_clk_gen  {rise@0.000ns fall@12.500ns period=25.000ns})
  Path Group:             (none)
  Path Type:              Recovery (Max at Slow Process Corner)
  Data Path Delay:        8.612ns  (logic 0.674ns (7.826%)  route 7.938ns (92.174%))
  Logic Levels:           1  (LUT1=1)
  Clock Path Skew:        -0.606ns (DCD - SCD + CPR)
    Destination Clock Delay (DCD):    -1.574ns
    Source Clock Delay      (SCD):    -0.967ns
    Clock Pessimism Removal (CPR):    0.000ns
  Clock Uncertainty:      0.082ns  ((TSJ^2 + DJ^2)^1/2) / 2 + PE
    Total System Jitter     (TSJ):    0.071ns
    Discrete Jitter          (DJ):    0.149ns
    Phase Error              (PE):    0.000ns
  Timing Exception:       False Path

    Location             Delay type                Incr(ns)  Path(ns)    Netlist Resource(s)
  -------------------------------------------------------------------    -------------------
                         (clock clk_out1_xlnx_clk_gen rise edge)
                                                      0.000     0.000 r  
    K17                                               0.000     0.000 r  clk_sys (IN)
                         net (fo=0)                   0.000     0.000    i_xlnx_clk_gen/inst/clk_in1
    K17                  IBUF (Prop_ibuf_I_O)         1.475     1.475 r  i_xlnx_clk_gen/inst/clkin1_ibufg/O
                         net (fo=1, routed)           1.285     2.760    i_xlnx_clk_gen/inst/clk_in1_xlnx_clk_gen
    MMCME2_ADV_X1Y2      MMCME2_ADV (Prop_mmcme2_adv_CLKIN1_CLKOUT0)
                                                     -7.759    -4.999 r  i_xlnx_clk_gen/inst/mmcm_adv_inst/CLKOUT0
                         net (fo=1, routed)           2.206    -2.793    i_xlnx_clk_gen/inst/clk_out1_xlnx_clk_gen
    BUFGCTRL_X0Y16       BUFG (Prop_bufg_I_O)         0.101    -2.692 r  i_xlnx_clk_gen/inst/clkout1_buf/O
                         net (fo=22838, routed)       1.725    -0.967    i_rstgen_main/i_rstgen_bypass/clk_out1
    SLICE_X66Y34         FDCE                                         r  i_rstgen_main/i_rstgen_bypass/synch_regs_q_reg[3]/C
  -------------------------------------------------------------------    -------------------
    SLICE_X66Y34         FDCE (Prop_fdce_C_Q)         0.518    -0.449 r  i_rstgen_main/i_rstgen_bypass/synch_regs_q_reg[3]/Q
                         net (fo=41, routed)          5.792     5.343    i_axi_dwidth_converter_dm_slave/inst/gen_downsizer.gen_simple_downsizer.axi_downsizer_inst/USE_WRITE.write_addr_inst/USE_B_CHANNEL.cmd_b_queue/inst/out
    SLICE_X34Y4          LUT1 (Prop_lut1_I0_O)        0.156     5.499 f  i_axi_dwidth_converter_dm_slave/inst/gen_downsizer.gen_simple_downsizer.axi_downsizer_inst/USE_WRITE.write_addr_inst/USE_B_CHANNEL.cmd_b_queue/inst/S_AXI_AREADY_I_i_1/O
                         net (fo=181, routed)         2.146     7.645    i_axi_dwidth_converter_dm_slave/inst/gen_downsizer.gen_simple_downsizer.axi_downsizer_inst/USE_WRITE.write_addr_inst/USE_B_CHANNEL.cmd_b_queue/inst/fifo_gen_inst/inst_fifo_gen/gconvfifo.rf/grf.rf/rstblk/ngwrdrst.grst.g7serrst.gnsckt_wrst.rst_wr_reg2_inst/src_arst
    SLICE_X29Y5          FDPE                                         f  i_axi_dwidth_converter_dm_slave/inst/gen_downsizer.gen_simple_downsizer.axi_downsizer_inst/USE_WRITE.write_addr_inst/USE_B_CHANNEL.cmd_b_queue/inst/fifo_gen_inst/inst_fifo_gen/gconvfifo.rf/grf.rf/rstblk/ngwrdrst.grst.g7serrst.gnsckt_wrst.rst_wr_reg2_inst/arststages_ff_reg[1]/PRE
  -------------------------------------------------------------------    -------------------

                         (clock clk_out1_xlnx_clk_gen rise edge)
                                                      0.000     0.000 r  
    K17                                               0.000     0.000 r  clk_sys (IN)
                         net (fo=0)                   0.000     0.000    i_xlnx_clk_gen/inst/clk_in1
    K17                  IBUF (Prop_ibuf_I_O)         1.404     1.404 r  i_xlnx_clk_gen/inst/clkin1_ibufg/O
                         net (fo=1, routed)           1.162     2.566    i_xlnx_clk_gen/inst/clk_in1_xlnx_clk_gen
    MMCME2_ADV_X1Y2      MMCME2_ADV (Prop_mmcme2_adv_CLKIN1_CLKOUT0)
                                                     -7.814    -5.248 r  i_xlnx_clk_gen/inst/mmcm_adv_inst/CLKOUT0
                         net (fo=1, routed)           2.012    -3.236    i_xlnx_clk_gen/inst/clk_out1_xlnx_clk_gen
    BUFGCTRL_X0Y16       BUFG (Prop_bufg_I_O)         0.091    -3.145 r  i_xlnx_clk_gen/inst/clkout1_buf/O
                         net (fo=22838, routed)       1.571    -1.574    i_axi_dwidth_converter_dm_slave/inst/gen_downsizer.gen_simple_downsizer.axi_downsizer_inst/USE_WRITE.write_addr_inst/USE_B_CHANNEL.cmd_b_queue/inst/fifo_gen_inst/inst_fifo_gen/gconvfifo.rf/grf.rf/rstblk/ngwrdrst.grst.g7serrst.gnsckt_wrst.rst_wr_reg2_inst/dest_clk
    SLICE_X29Y5          FDPE                                         r  i_axi_dwidth_converter_dm_slave/inst/gen_downsizer.gen_simple_downsizer.axi_downsizer_inst/USE_WRITE.write_addr_inst/USE_B_CHANNEL.cmd_b_queue/inst/fifo_gen_inst/inst_fifo_gen/gconvfifo.rf/grf.rf/rstblk/ngwrdrst.grst.g7serrst.gnsckt_wrst.rst_wr_reg2_inst/arststages_ff_reg[1]/C

Slack:                    inf
  Source:                 i_rstgen_main/i_rstgen_bypass/synch_regs_q_reg[3]/C
                            (rising edge-triggered cell FDCE clocked by clk_out1_xlnx_clk_gen  {rise@0.000ns fall@12.500ns period=25.000ns})
  Destination:            i_axi_dwidth_converter_dm_slave/inst/gen_downsizer.gen_simple_downsizer.axi_downsizer_inst/USE_WRITE.write_addr_inst/cmd_queue/inst/fifo_gen_inst/inst_fifo_gen/gconvfifo.rf/grf.rf/rstblk/ngwrdrst.grst.g7serrst.gnsckt_wrst.rst_wr_reg2_inst/arststages_ff_reg[0]/PRE
                            (recovery check against rising-edge clock clk_out1_xlnx_clk_gen  {rise@0.000ns fall@12.500ns period=25.000ns})
  Path Group:             (none)
  Path Type:              Recovery (Max at Slow Process Corner)
  Data Path Delay:        8.135ns  (logic 0.674ns (8.285%)  route 7.461ns (91.715%))
  Logic Levels:           1  (LUT1=1)
  Clock Path Skew:        -0.681ns (DCD - SCD + CPR)
    Destination Clock Delay (DCD):    -1.649ns
    Source Clock Delay      (SCD):    -0.967ns
    Clock Pessimism Removal (CPR):    0.000ns
  Clock Uncertainty:      0.082ns  ((TSJ^2 + DJ^2)^1/2) / 2 + PE
    Total System Jitter     (TSJ):    0.071ns
    Discrete Jitter          (DJ):    0.149ns
    Phase Error              (PE):    0.000ns
  Timing Exception:       False Path

    Location             Delay type                Incr(ns)  Path(ns)    Netlist Resource(s)
  -------------------------------------------------------------------    -------------------
                         (clock clk_out1_xlnx_clk_gen rise edge)
                                                      0.000     0.000 r  
    K17                                               0.000     0.000 r  clk_sys (IN)
                         net (fo=0)                   0.000     0.000    i_xlnx_clk_gen/inst/clk_in1
    K17                  IBUF (Prop_ibuf_I_O)         1.475     1.475 r  i_xlnx_clk_gen/inst/clkin1_ibufg/O
                         net (fo=1, routed)           1.285     2.760    i_xlnx_clk_gen/inst/clk_in1_xlnx_clk_gen
    MMCME2_ADV_X1Y2      MMCME2_ADV (Prop_mmcme2_adv_CLKIN1_CLKOUT0)
                                                     -7.759    -4.999 r  i_xlnx_clk_gen/inst/mmcm_adv_inst/CLKOUT0
                         net (fo=1, routed)           2.206    -2.793    i_xlnx_clk_gen/inst/clk_out1_xlnx_clk_gen
    BUFGCTRL_X0Y16       BUFG (Prop_bufg_I_O)         0.101    -2.692 r  i_xlnx_clk_gen/inst/clkout1_buf/O
                         net (fo=22838, routed)       1.725    -0.967    i_rstgen_main/i_rstgen_bypass/clk_out1
    SLICE_X66Y34         FDCE                                         r  i_rstgen_main/i_rstgen_bypass/synch_regs_q_reg[3]/C
  -------------------------------------------------------------------    -------------------
    SLICE_X66Y34         FDCE (Prop_fdce_C_Q)         0.518    -0.449 r  i_rstgen_main/i_rstgen_bypass/synch_regs_q_reg[3]/Q
                         net (fo=41, routed)          5.792     5.343    i_axi_dwidth_converter_dm_slave/inst/gen_downsizer.gen_simple_downsizer.axi_downsizer_inst/USE_WRITE.write_addr_inst/USE_B_CHANNEL.cmd_b_queue/inst/out
    SLICE_X34Y4          LUT1 (Prop_lut1_I0_O)        0.156     5.499 f  i_axi_dwidth_converter_dm_slave/inst/gen_downsizer.gen_simple_downsizer.axi_downsizer_inst/USE_WRITE.write_addr_inst/USE_B_CHANNEL.cmd_b_queue/inst/S_AXI_AREADY_I_i_1/O
                         net (fo=181, routed)         1.669     7.168    i_axi_dwidth_converter_dm_slave/inst/gen_downsizer.gen_simple_downsizer.axi_downsizer_inst/USE_WRITE.write_addr_inst/cmd_queue/inst/fifo_gen_inst/inst_fifo_gen/gconvfifo.rf/grf.rf/rstblk/ngwrdrst.grst.g7serrst.gnsckt_wrst.rst_wr_reg2_inst/src_arst
    SLICE_X33Y0          FDPE                                         f  i_axi_dwidth_converter_dm_slave/inst/gen_downsizer.gen_simple_downsizer.axi_downsizer_inst/USE_WRITE.write_addr_inst/cmd_queue/inst/fifo_gen_inst/inst_fifo_gen/gconvfifo.rf/grf.rf/rstblk/ngwrdrst.grst.g7serrst.gnsckt_wrst.rst_wr_reg2_inst/arststages_ff_reg[0]/PRE
  -------------------------------------------------------------------    -------------------

                         (clock clk_out1_xlnx_clk_gen rise edge)
                                                      0.000     0.000 r  
    K17                                               0.000     0.000 r  clk_sys (IN)
                         net (fo=0)                   0.000     0.000    i_xlnx_clk_gen/inst/clk_in1
    K17                  IBUF (Prop_ibuf_I_O)         1.404     1.404 r  i_xlnx_clk_gen/inst/clkin1_ibufg/O
                         net (fo=1, routed)           1.162     2.566    i_xlnx_clk_gen/inst/clk_in1_xlnx_clk_gen
    MMCME2_ADV_X1Y2      MMCME2_ADV (Prop_mmcme2_adv_CLKIN1_CLKOUT0)
                                                     -7.814    -5.248 r  i_xlnx_clk_gen/inst/mmcm_adv_inst/CLKOUT0
                         net (fo=1, routed)           2.012    -3.236    i_xlnx_clk_gen/inst/clk_out1_xlnx_clk_gen
    BUFGCTRL_X0Y16       BUFG (Prop_bufg_I_O)         0.091    -3.145 r  i_xlnx_clk_gen/inst/clkout1_buf/O
                         net (fo=22838, routed)       1.496    -1.649    i_axi_dwidth_converter_dm_slave/inst/gen_downsizer.gen_simple_downsizer.axi_downsizer_inst/USE_WRITE.write_addr_inst/cmd_queue/inst/fifo_gen_inst/inst_fifo_gen/gconvfifo.rf/grf.rf/rstblk/ngwrdrst.grst.g7serrst.gnsckt_wrst.rst_wr_reg2_inst/dest_clk
    SLICE_X33Y0          FDPE                                         r  i_axi_dwidth_converter_dm_slave/inst/gen_downsizer.gen_simple_downsizer.axi_downsizer_inst/USE_WRITE.write_addr_inst/cmd_queue/inst/fifo_gen_inst/inst_fifo_gen/gconvfifo.rf/grf.rf/rstblk/ngwrdrst.grst.g7serrst.gnsckt_wrst.rst_wr_reg2_inst/arststages_ff_reg[0]/C

Slack:                    inf
  Source:                 i_rstgen_main/i_rstgen_bypass/synch_regs_q_reg[3]/C
                            (rising edge-triggered cell FDCE clocked by clk_out1_xlnx_clk_gen  {rise@0.000ns fall@12.500ns period=25.000ns})
  Destination:            i_axi_dwidth_converter_dm_slave/inst/gen_downsizer.gen_simple_downsizer.axi_downsizer_inst/USE_WRITE.write_addr_inst/cmd_queue/inst/fifo_gen_inst/inst_fifo_gen/gconvfifo.rf/grf.rf/rstblk/ngwrdrst.grst.g7serrst.gnsckt_wrst.rst_wr_reg2_inst/arststages_ff_reg[1]/PRE
                            (recovery check against rising-edge clock clk_out1_xlnx_clk_gen  {rise@0.000ns fall@12.500ns period=25.000ns})
  Path Group:             (none)
  Path Type:              Recovery (Max at Slow Process Corner)
  Data Path Delay:        8.135ns  (logic 0.674ns (8.285%)  route 7.461ns (91.715%))
  Logic Levels:           1  (LUT1=1)
  Clock Path Skew:        -0.681ns (DCD - SCD + CPR)
    Destination Clock Delay (DCD):    -1.649ns
    Source Clock Delay      (SCD):    -0.967ns
    Clock Pessimism Removal (CPR):    0.000ns
  Clock Uncertainty:      0.082ns  ((TSJ^2 + DJ^2)^1/2) / 2 + PE
    Total System Jitter     (TSJ):    0.071ns
    Discrete Jitter          (DJ):    0.149ns
    Phase Error              (PE):    0.000ns
  Timing Exception:       False Path

    Location             Delay type                Incr(ns)  Path(ns)    Netlist Resource(s)
  -------------------------------------------------------------------    -------------------
                         (clock clk_out1_xlnx_clk_gen rise edge)
                                                      0.000     0.000 r  
    K17                                               0.000     0.000 r  clk_sys (IN)
                         net (fo=0)                   0.000     0.000    i_xlnx_clk_gen/inst/clk_in1
    K17                  IBUF (Prop_ibuf_I_O)         1.475     1.475 r  i_xlnx_clk_gen/inst/clkin1_ibufg/O
                         net (fo=1, routed)           1.285     2.760    i_xlnx_clk_gen/inst/clk_in1_xlnx_clk_gen
    MMCME2_ADV_X1Y2      MMCME2_ADV (Prop_mmcme2_adv_CLKIN1_CLKOUT0)
                                                     -7.759    -4.999 r  i_xlnx_clk_gen/inst/mmcm_adv_inst/CLKOUT0
                         net (fo=1, routed)           2.206    -2.793    i_xlnx_clk_gen/inst/clk_out1_xlnx_clk_gen
    BUFGCTRL_X0Y16       BUFG (Prop_bufg_I_O)         0.101    -2.692 r  i_xlnx_clk_gen/inst/clkout1_buf/O
                         net (fo=22838, routed)       1.725    -0.967    i_rstgen_main/i_rstgen_bypass/clk_out1
    SLICE_X66Y34         FDCE                                         r  i_rstgen_main/i_rstgen_bypass/synch_regs_q_reg[3]/C
  -------------------------------------------------------------------    -------------------
    SLICE_X66Y34         FDCE (Prop_fdce_C_Q)         0.518    -0.449 r  i_rstgen_main/i_rstgen_bypass/synch_regs_q_reg[3]/Q
                         net (fo=41, routed)          5.792     5.343    i_axi_dwidth_converter_dm_slave/inst/gen_downsizer.gen_simple_downsizer.axi_downsizer_inst/USE_WRITE.write_addr_inst/USE_B_CHANNEL.cmd_b_queue/inst/out
    SLICE_X34Y4          LUT1 (Prop_lut1_I0_O)        0.156     5.499 f  i_axi_dwidth_converter_dm_slave/inst/gen_downsizer.gen_simple_downsizer.axi_downsizer_inst/USE_WRITE.write_addr_inst/USE_B_CHANNEL.cmd_b_queue/inst/S_AXI_AREADY_I_i_1/O
                         net (fo=181, routed)         1.669     7.168    i_axi_dwidth_converter_dm_slave/inst/gen_downsizer.gen_simple_downsizer.axi_downsizer_inst/USE_WRITE.write_addr_inst/cmd_queue/inst/fifo_gen_inst/inst_fifo_gen/gconvfifo.rf/grf.rf/rstblk/ngwrdrst.grst.g7serrst.gnsckt_wrst.rst_wr_reg2_inst/src_arst
    SLICE_X33Y0          FDPE                                         f  i_axi_dwidth_converter_dm_slave/inst/gen_downsizer.gen_simple_downsizer.axi_downsizer_inst/USE_WRITE.write_addr_inst/cmd_queue/inst/fifo_gen_inst/inst_fifo_gen/gconvfifo.rf/grf.rf/rstblk/ngwrdrst.grst.g7serrst.gnsckt_wrst.rst_wr_reg2_inst/arststages_ff_reg[1]/PRE
  -------------------------------------------------------------------    -------------------

                         (clock clk_out1_xlnx_clk_gen rise edge)
                                                      0.000     0.000 r  
    K17                                               0.000     0.000 r  clk_sys (IN)
                         net (fo=0)                   0.000     0.000    i_xlnx_clk_gen/inst/clk_in1
    K17                  IBUF (Prop_ibuf_I_O)         1.404     1.404 r  i_xlnx_clk_gen/inst/clkin1_ibufg/O
                         net (fo=1, routed)           1.162     2.566    i_xlnx_clk_gen/inst/clk_in1_xlnx_clk_gen
    MMCME2_ADV_X1Y2      MMCME2_ADV (Prop_mmcme2_adv_CLKIN1_CLKOUT0)
                                                     -7.814    -5.248 r  i_xlnx_clk_gen/inst/mmcm_adv_inst/CLKOUT0
                         net (fo=1, routed)           2.012    -3.236    i_xlnx_clk_gen/inst/clk_out1_xlnx_clk_gen
    BUFGCTRL_X0Y16       BUFG (Prop_bufg_I_O)         0.091    -3.145 r  i_xlnx_clk_gen/inst/clkout1_buf/O
                         net (fo=22838, routed)       1.496    -1.649    i_axi_dwidth_converter_dm_slave/inst/gen_downsizer.gen_simple_downsizer.axi_downsizer_inst/USE_WRITE.write_addr_inst/cmd_queue/inst/fifo_gen_inst/inst_fifo_gen/gconvfifo.rf/grf.rf/rstblk/ngwrdrst.grst.g7serrst.gnsckt_wrst.rst_wr_reg2_inst/dest_clk
    SLICE_X33Y0          FDPE                                         r  i_axi_dwidth_converter_dm_slave/inst/gen_downsizer.gen_simple_downsizer.axi_downsizer_inst/USE_WRITE.write_addr_inst/cmd_queue/inst/fifo_gen_inst/inst_fifo_gen/gconvfifo.rf/grf.rf/rstblk/ngwrdrst.grst.g7serrst.gnsckt_wrst.rst_wr_reg2_inst/arststages_ff_reg[1]/C

Slack:                    inf
  Source:                 i_rstgen_main/i_rstgen_bypass/synch_regs_q_reg[3]/C
                            (rising edge-triggered cell FDCE clocked by clk_out1_xlnx_clk_gen  {rise@0.000ns fall@12.500ns period=25.000ns})
  Destination:            i_axi_dwidth_converter_dm_slave/inst/gen_downsizer.gen_simple_downsizer.axi_downsizer_inst/USE_READ.read_addr_inst/cmd_queue/inst/fifo_gen_inst/inst_fifo_gen/gconvfifo.rf/grf.rf/rstblk/ngwrdrst.grst.g7serrst.gnsckt_wrst.rst_wr_reg2_inst/arststages_ff_reg[0]/PRE
                            (recovery check against rising-edge clock clk_out1_xlnx_clk_gen  {rise@0.000ns fall@12.500ns period=25.000ns})
  Path Group:             (none)
  Path Type:              Recovery (Max at Slow Process Corner)
  Data Path Delay:        7.773ns  (logic 0.674ns (8.671%)  route 7.099ns (91.329%))
  Logic Levels:           1  (LUT1=1)
  Clock Path Skew:        -0.682ns (DCD - SCD + CPR)
    Destination Clock Delay (DCD):    -1.650ns
    Source Clock Delay      (SCD):    -0.967ns
    Clock Pessimism Removal (CPR):    0.000ns
  Clock Uncertainty:      0.082ns  ((TSJ^2 + DJ^2)^1/2) / 2 + PE
    Total System Jitter     (TSJ):    0.071ns
    Discrete Jitter          (DJ):    0.149ns
    Phase Error              (PE):    0.000ns
  Timing Exception:       False Path

    Location             Delay type                Incr(ns)  Path(ns)    Netlist Resource(s)
  -------------------------------------------------------------------    -------------------
                         (clock clk_out1_xlnx_clk_gen rise edge)
                                                      0.000     0.000 r  
    K17                                               0.000     0.000 r  clk_sys (IN)
                         net (fo=0)                   0.000     0.000    i_xlnx_clk_gen/inst/clk_in1
    K17                  IBUF (Prop_ibuf_I_O)         1.475     1.475 r  i_xlnx_clk_gen/inst/clkin1_ibufg/O
                         net (fo=1, routed)           1.285     2.760    i_xlnx_clk_gen/inst/clk_in1_xlnx_clk_gen
    MMCME2_ADV_X1Y2      MMCME2_ADV (Prop_mmcme2_adv_CLKIN1_CLKOUT0)
                                                     -7.759    -4.999 r  i_xlnx_clk_gen/inst/mmcm_adv_inst/CLKOUT0
                         net (fo=1, routed)           2.206    -2.793    i_xlnx_clk_gen/inst/clk_out1_xlnx_clk_gen
    BUFGCTRL_X0Y16       BUFG (Prop_bufg_I_O)         0.101    -2.692 r  i_xlnx_clk_gen/inst/clkout1_buf/O
                         net (fo=22838, routed)       1.725    -0.967    i_rstgen_main/i_rstgen_bypass/clk_out1
    SLICE_X66Y34         FDCE                                         r  i_rstgen_main/i_rstgen_bypass/synch_regs_q_reg[3]/C
  -------------------------------------------------------------------    -------------------
    SLICE_X66Y34         FDCE (Prop_fdce_C_Q)         0.518    -0.449 r  i_rstgen_main/i_rstgen_bypass/synch_regs_q_reg[3]/Q
                         net (fo=41, routed)          5.792     5.343    i_axi_dwidth_converter_dm_slave/inst/gen_downsizer.gen_simple_downsizer.axi_downsizer_inst/USE_WRITE.write_addr_inst/USE_B_CHANNEL.cmd_b_queue/inst/out
    SLICE_X34Y4          LUT1 (Prop_lut1_I0_O)        0.156     5.499 f  i_axi_dwidth_converter_dm_slave/inst/gen_downsizer.gen_simple_downsizer.axi_downsizer_inst/USE_WRITE.write_addr_inst/USE_B_CHANNEL.cmd_b_queue/inst/S_AXI_AREADY_I_i_1/O
                         net (fo=181, routed)         1.306     6.805    i_axi_dwidth_converter_dm_slave/inst/gen_downsizer.gen_simple_downsizer.axi_downsizer_inst/USE_READ.read_addr_inst/cmd_queue/inst/fifo_gen_inst/inst_fifo_gen/gconvfifo.rf/grf.rf/rstblk/ngwrdrst.grst.g7serrst.gnsckt_wrst.rst_wr_reg2_inst/src_arst
    SLICE_X40Y3          FDPE                                         f  i_axi_dwidth_converter_dm_slave/inst/gen_downsizer.gen_simple_downsizer.axi_downsizer_inst/USE_READ.read_addr_inst/cmd_queue/inst/fifo_gen_inst/inst_fifo_gen/gconvfifo.rf/grf.rf/rstblk/ngwrdrst.grst.g7serrst.gnsckt_wrst.rst_wr_reg2_inst/arststages_ff_reg[0]/PRE
  -------------------------------------------------------------------    -------------------

                         (clock clk_out1_xlnx_clk_gen rise edge)
                                                      0.000     0.000 r  
    K17                                               0.000     0.000 r  clk_sys (IN)
                         net (fo=0)                   0.000     0.000    i_xlnx_clk_gen/inst/clk_in1
    K17                  IBUF (Prop_ibuf_I_O)         1.404     1.404 r  i_xlnx_clk_gen/inst/clkin1_ibufg/O
                         net (fo=1, routed)           1.162     2.566    i_xlnx_clk_gen/inst/clk_in1_xlnx_clk_gen
    MMCME2_ADV_X1Y2      MMCME2_ADV (Prop_mmcme2_adv_CLKIN1_CLKOUT0)
                                                     -7.814    -5.248 r  i_xlnx_clk_gen/inst/mmcm_adv_inst/CLKOUT0
                         net (fo=1, routed)           2.012    -3.236    i_xlnx_clk_gen/inst/clk_out1_xlnx_clk_gen
    BUFGCTRL_X0Y16       BUFG (Prop_bufg_I_O)         0.091    -3.145 r  i_xlnx_clk_gen/inst/clkout1_buf/O
                         net (fo=22838, routed)       1.495    -1.650    i_axi_dwidth_converter_dm_slave/inst/gen_downsizer.gen_simple_downsizer.axi_downsizer_inst/USE_READ.read_addr_inst/cmd_queue/inst/fifo_gen_inst/inst_fifo_gen/gconvfifo.rf/grf.rf/rstblk/ngwrdrst.grst.g7serrst.gnsckt_wrst.rst_wr_reg2_inst/dest_clk
    SLICE_X40Y3          FDPE                                         r  i_axi_dwidth_converter_dm_slave/inst/gen_downsizer.gen_simple_downsizer.axi_downsizer_inst/USE_READ.read_addr_inst/cmd_queue/inst/fifo_gen_inst/inst_fifo_gen/gconvfifo.rf/grf.rf/rstblk/ngwrdrst.grst.g7serrst.gnsckt_wrst.rst_wr_reg2_inst/arststages_ff_reg[0]/C

Slack:                    inf
  Source:                 i_rstgen_main/i_rstgen_bypass/synch_regs_q_reg[3]/C
                            (rising edge-triggered cell FDCE clocked by clk_out1_xlnx_clk_gen  {rise@0.000ns fall@12.500ns period=25.000ns})
  Destination:            i_axi_dwidth_converter_dm_slave/inst/gen_downsizer.gen_simple_downsizer.axi_downsizer_inst/USE_READ.read_addr_inst/cmd_queue/inst/fifo_gen_inst/inst_fifo_gen/gconvfifo.rf/grf.rf/rstblk/ngwrdrst.grst.g7serrst.gnsckt_wrst.rst_wr_reg2_inst/arststages_ff_reg[1]/PRE
                            (recovery check against rising-edge clock clk_out1_xlnx_clk_gen  {rise@0.000ns fall@12.500ns period=25.000ns})
  Path Group:             (none)
  Path Type:              Recovery (Max at Slow Process Corner)
  Data Path Delay:        7.773ns  (logic 0.674ns (8.671%)  route 7.099ns (91.329%))
  Logic Levels:           1  (LUT1=1)
  Clock Path Skew:        -0.682ns (DCD - SCD + CPR)
    Destination Clock Delay (DCD):    -1.650ns
    Source Clock Delay      (SCD):    -0.967ns
    Clock Pessimism Removal (CPR):    0.000ns
  Clock Uncertainty:      0.082ns  ((TSJ^2 + DJ^2)^1/2) / 2 + PE
    Total System Jitter     (TSJ):    0.071ns
    Discrete Jitter          (DJ):    0.149ns
    Phase Error              (PE):    0.000ns
  Timing Exception:       False Path

    Location             Delay type                Incr(ns)  Path(ns)    Netlist Resource(s)
  -------------------------------------------------------------------    -------------------
                         (clock clk_out1_xlnx_clk_gen rise edge)
                                                      0.000     0.000 r  
    K17                                               0.000     0.000 r  clk_sys (IN)
                         net (fo=0)                   0.000     0.000    i_xlnx_clk_gen/inst/clk_in1
    K17                  IBUF (Prop_ibuf_I_O)         1.475     1.475 r  i_xlnx_clk_gen/inst/clkin1_ibufg/O
                         net (fo=1, routed)           1.285     2.760    i_xlnx_clk_gen/inst/clk_in1_xlnx_clk_gen
    MMCME2_ADV_X1Y2      MMCME2_ADV (Prop_mmcme2_adv_CLKIN1_CLKOUT0)
                                                     -7.759    -4.999 r  i_xlnx_clk_gen/inst/mmcm_adv_inst/CLKOUT0
                         net (fo=1, routed)           2.206    -2.793    i_xlnx_clk_gen/inst/clk_out1_xlnx_clk_gen
    BUFGCTRL_X0Y16       BUFG (Prop_bufg_I_O)         0.101    -2.692 r  i_xlnx_clk_gen/inst/clkout1_buf/O
                         net (fo=22838, routed)       1.725    -0.967    i_rstgen_main/i_rstgen_bypass/clk_out1
    SLICE_X66Y34         FDCE                                         r  i_rstgen_main/i_rstgen_bypass/synch_regs_q_reg[3]/C
  -------------------------------------------------------------------    -------------------
    SLICE_X66Y34         FDCE (Prop_fdce_C_Q)         0.518    -0.449 r  i_rstgen_main/i_rstgen_bypass/synch_regs_q_reg[3]/Q
                         net (fo=41, routed)          5.792     5.343    i_axi_dwidth_converter_dm_slave/inst/gen_downsizer.gen_simple_downsizer.axi_downsizer_inst/USE_WRITE.write_addr_inst/USE_B_CHANNEL.cmd_b_queue/inst/out
    SLICE_X34Y4          LUT1 (Prop_lut1_I0_O)        0.156     5.499 f  i_axi_dwidth_converter_dm_slave/inst/gen_downsizer.gen_simple_downsizer.axi_downsizer_inst/USE_WRITE.write_addr_inst/USE_B_CHANNEL.cmd_b_queue/inst/S_AXI_AREADY_I_i_1/O
                         net (fo=181, routed)         1.306     6.805    i_axi_dwidth_converter_dm_slave/inst/gen_downsizer.gen_simple_downsizer.axi_downsizer_inst/USE_READ.read_addr_inst/cmd_queue/inst/fifo_gen_inst/inst_fifo_gen/gconvfifo.rf/grf.rf/rstblk/ngwrdrst.grst.g7serrst.gnsckt_wrst.rst_wr_reg2_inst/src_arst
    SLICE_X40Y3          FDPE                                         f  i_axi_dwidth_converter_dm_slave/inst/gen_downsizer.gen_simple_downsizer.axi_downsizer_inst/USE_READ.read_addr_inst/cmd_queue/inst/fifo_gen_inst/inst_fifo_gen/gconvfifo.rf/grf.rf/rstblk/ngwrdrst.grst.g7serrst.gnsckt_wrst.rst_wr_reg2_inst/arststages_ff_reg[1]/PRE
  -------------------------------------------------------------------    -------------------

                         (clock clk_out1_xlnx_clk_gen rise edge)
                                                      0.000     0.000 r  
    K17                                               0.000     0.000 r  clk_sys (IN)
                         net (fo=0)                   0.000     0.000    i_xlnx_clk_gen/inst/clk_in1
    K17                  IBUF (Prop_ibuf_I_O)         1.404     1.404 r  i_xlnx_clk_gen/inst/clkin1_ibufg/O
                         net (fo=1, routed)           1.162     2.566    i_xlnx_clk_gen/inst/clk_in1_xlnx_clk_gen
    MMCME2_ADV_X1Y2      MMCME2_ADV (Prop_mmcme2_adv_CLKIN1_CLKOUT0)
                                                     -7.814    -5.248 r  i_xlnx_clk_gen/inst/mmcm_adv_inst/CLKOUT0
                         net (fo=1, routed)           2.012    -3.236    i_xlnx_clk_gen/inst/clk_out1_xlnx_clk_gen
    BUFGCTRL_X0Y16       BUFG (Prop_bufg_I_O)         0.091    -3.145 r  i_xlnx_clk_gen/inst/clkout1_buf/O
                         net (fo=22838, routed)       1.495    -1.650    i_axi_dwidth_converter_dm_slave/inst/gen_downsizer.gen_simple_downsizer.axi_downsizer_inst/USE_READ.read_addr_inst/cmd_queue/inst/fifo_gen_inst/inst_fifo_gen/gconvfifo.rf/grf.rf/rstblk/ngwrdrst.grst.g7serrst.gnsckt_wrst.rst_wr_reg2_inst/dest_clk
    SLICE_X40Y3          FDPE                                         r  i_axi_dwidth_converter_dm_slave/inst/gen_downsizer.gen_simple_downsizer.axi_downsizer_inst/USE_READ.read_addr_inst/cmd_queue/inst/fifo_gen_inst/inst_fifo_gen/gconvfifo.rf/grf.rf/rstblk/ngwrdrst.grst.g7serrst.gnsckt_wrst.rst_wr_reg2_inst/arststages_ff_reg[1]/C





Min Delay Paths
--------------------------------------------------------------------------------------
Slack:                    inf
  Source:                 i_rstgen_main/i_rstgen_bypass/synch_regs_q_reg[3]/C
                            (rising edge-triggered cell FDCE clocked by clk_out1_xlnx_clk_gen  {rise@0.000ns fall@12.500ns period=25.000ns})
  Destination:            i_axi_dwidth_converter_dm_slave/inst/gen_downsizer.gen_simple_downsizer.axi_downsizer_inst/USE_READ.read_addr_inst/cmd_queue/inst/fifo_gen_inst/inst_fifo_gen/gconvfifo.rf/grf.rf/rstblk/ngwrdrst.grst.g7serrst.gnsckt_wrst.rst_wr_reg2_inst/arststages_ff_reg[0]/PRE
                            (removal check against rising-edge clock clk_out1_xlnx_clk_gen  {rise@0.000ns fall@12.500ns period=25.000ns})
  Path Group:             (none)
  Path Type:              Removal (Min at Fast Process Corner)
  Data Path Delay:        3.280ns  (logic 0.211ns (6.434%)  route 3.069ns (93.566%))
  Logic Levels:           1  (LUT1=1)
  Clock Path Skew:        -0.260ns (DCD - SCD - CPR)
    Destination Clock Delay (DCD):    -0.886ns
    Source Clock Delay      (SCD):    -0.627ns
    Clock Pessimism Removal (CPR):    -0.000ns
  Clock Uncertainty:      0.082ns  ((TSJ^2 + DJ^2)^1/2) / 2 + PE
    Total System Jitter     (TSJ):    0.071ns
    Discrete Jitter          (DJ):    0.149ns
    Phase Error              (PE):    0.000ns
  Timing Exception:       False Path

    Location             Delay type                Incr(ns)  Path(ns)    Netlist Resource(s)
  -------------------------------------------------------------------    -------------------
                         (clock clk_out1_xlnx_clk_gen rise edge)
                                                      0.000     0.000 r  
    K17                                               0.000     0.000 r  clk_sys (IN)
                         net (fo=0)                   0.000     0.000    i_xlnx_clk_gen/inst/clk_in1
    K17                  IBUF (Prop_ibuf_I_O)         0.243     0.243 r  i_xlnx_clk_gen/inst/clkin1_ibufg/O
                         net (fo=1, routed)           0.440     0.683    i_xlnx_clk_gen/inst/clk_in1_xlnx_clk_gen
    MMCME2_ADV_X1Y2      MMCME2_ADV (Prop_mmcme2_adv_CLKIN1_CLKOUT0)
                                                     -2.613    -1.930 r  i_xlnx_clk_gen/inst/mmcm_adv_inst/CLKOUT0
                         net (fo=1, routed)           0.696    -1.233    i_xlnx_clk_gen/inst/clk_out1_xlnx_clk_gen
    BUFGCTRL_X0Y16       BUFG (Prop_bufg_I_O)         0.026    -1.207 r  i_xlnx_clk_gen/inst/clkout1_buf/O
                         net (fo=22838, routed)       0.581    -0.627    i_rstgen_main/i_rstgen_bypass/clk_out1
    SLICE_X66Y34         FDCE                                         r  i_rstgen_main/i_rstgen_bypass/synch_regs_q_reg[3]/C
  -------------------------------------------------------------------    -------------------
    SLICE_X66Y34         FDCE (Prop_fdce_C_Q)         0.164    -0.463 r  i_rstgen_main/i_rstgen_bypass/synch_regs_q_reg[3]/Q
                         net (fo=41, routed)          2.515     2.053    i_axi_dwidth_converter_dm_slave/inst/gen_downsizer.gen_simple_downsizer.axi_downsizer_inst/USE_WRITE.write_addr_inst/USE_B_CHANNEL.cmd_b_queue/inst/out
    SLICE_X34Y4          LUT1 (Prop_lut1_I0_O)        0.047     2.100 f  i_axi_dwidth_converter_dm_slave/inst/gen_downsizer.gen_simple_downsizer.axi_downsizer_inst/USE_WRITE.write_addr_inst/USE_B_CHANNEL.cmd_b_queue/inst/S_AXI_AREADY_I_i_1/O
                         net (fo=181, routed)         0.553     2.653    i_axi_dwidth_converter_dm_slave/inst/gen_downsizer.gen_simple_downsizer.axi_downsizer_inst/USE_READ.read_addr_inst/cmd_queue/inst/fifo_gen_inst/inst_fifo_gen/gconvfifo.rf/grf.rf/rstblk/ngwrdrst.grst.g7serrst.gnsckt_wrst.rst_wr_reg2_inst/src_arst
    SLICE_X40Y3          FDPE                                         f  i_axi_dwidth_converter_dm_slave/inst/gen_downsizer.gen_simple_downsizer.axi_downsizer_inst/USE_READ.read_addr_inst/cmd_queue/inst/fifo_gen_inst/inst_fifo_gen/gconvfifo.rf/grf.rf/rstblk/ngwrdrst.grst.g7serrst.gnsckt_wrst.rst_wr_reg2_inst/arststages_ff_reg[0]/PRE
  -------------------------------------------------------------------    -------------------

                         (clock clk_out1_xlnx_clk_gen rise edge)
                                                      0.000     0.000 r  
    K17                                               0.000     0.000 r  clk_sys (IN)
                         net (fo=0)                   0.000     0.000    i_xlnx_clk_gen/inst/clk_in1
    K17                  IBUF (Prop_ibuf_I_O)         0.431     0.431 r  i_xlnx_clk_gen/inst/clkin1_ibufg/O
                         net (fo=1, routed)           0.480     0.911    i_xlnx_clk_gen/inst/clk_in1_xlnx_clk_gen
    MMCME2_ADV_X1Y2      MMCME2_ADV (Prop_mmcme2_adv_CLKIN1_CLKOUT0)
                                                     -3.407    -2.496 r  i_xlnx_clk_gen/inst/mmcm_adv_inst/CLKOUT0
                         net (fo=1, routed)           0.752    -1.744    i_xlnx_clk_gen/inst/clk_out1_xlnx_clk_gen
    BUFGCTRL_X0Y16       BUFG (Prop_bufg_I_O)         0.029    -1.715 r  i_xlnx_clk_gen/inst/clkout1_buf/O
                         net (fo=22838, routed)       0.829    -0.886    i_axi_dwidth_converter_dm_slave/inst/gen_downsizer.gen_simple_downsizer.axi_downsizer_inst/USE_READ.read_addr_inst/cmd_queue/inst/fifo_gen_inst/inst_fifo_gen/gconvfifo.rf/grf.rf/rstblk/ngwrdrst.grst.g7serrst.gnsckt_wrst.rst_wr_reg2_inst/dest_clk
    SLICE_X40Y3          FDPE                                         r  i_axi_dwidth_converter_dm_slave/inst/gen_downsizer.gen_simple_downsizer.axi_downsizer_inst/USE_READ.read_addr_inst/cmd_queue/inst/fifo_gen_inst/inst_fifo_gen/gconvfifo.rf/grf.rf/rstblk/ngwrdrst.grst.g7serrst.gnsckt_wrst.rst_wr_reg2_inst/arststages_ff_reg[0]/C

Slack:                    inf
  Source:                 i_rstgen_main/i_rstgen_bypass/synch_regs_q_reg[3]/C
                            (rising edge-triggered cell FDCE clocked by clk_out1_xlnx_clk_gen  {rise@0.000ns fall@12.500ns period=25.000ns})
  Destination:            i_axi_dwidth_converter_dm_slave/inst/gen_downsizer.gen_simple_downsizer.axi_downsizer_inst/USE_READ.read_addr_inst/cmd_queue/inst/fifo_gen_inst/inst_fifo_gen/gconvfifo.rf/grf.rf/rstblk/ngwrdrst.grst.g7serrst.gnsckt_wrst.rst_wr_reg2_inst/arststages_ff_reg[1]/PRE
                            (removal check against rising-edge clock clk_out1_xlnx_clk_gen  {rise@0.000ns fall@12.500ns period=25.000ns})
  Path Group:             (none)
  Path Type:              Removal (Min at Fast Process Corner)
  Data Path Delay:        3.280ns  (logic 0.211ns (6.434%)  route 3.069ns (93.566%))
  Logic Levels:           1  (LUT1=1)
  Clock Path Skew:        -0.260ns (DCD - SCD - CPR)
    Destination Clock Delay (DCD):    -0.886ns
    Source Clock Delay      (SCD):    -0.627ns
    Clock Pessimism Removal (CPR):    -0.000ns
  Clock Uncertainty:      0.082ns  ((TSJ^2 + DJ^2)^1/2) / 2 + PE
    Total System Jitter     (TSJ):    0.071ns
    Discrete Jitter          (DJ):    0.149ns
    Phase Error              (PE):    0.000ns
  Timing Exception:       False Path

    Location             Delay type                Incr(ns)  Path(ns)    Netlist Resource(s)
  -------------------------------------------------------------------    -------------------
                         (clock clk_out1_xlnx_clk_gen rise edge)
                                                      0.000     0.000 r  
    K17                                               0.000     0.000 r  clk_sys (IN)
                         net (fo=0)                   0.000     0.000    i_xlnx_clk_gen/inst/clk_in1
    K17                  IBUF (Prop_ibuf_I_O)         0.243     0.243 r  i_xlnx_clk_gen/inst/clkin1_ibufg/O
                         net (fo=1, routed)           0.440     0.683    i_xlnx_clk_gen/inst/clk_in1_xlnx_clk_gen
    MMCME2_ADV_X1Y2      MMCME2_ADV (Prop_mmcme2_adv_CLKIN1_CLKOUT0)
                                                     -2.613    -1.930 r  i_xlnx_clk_gen/inst/mmcm_adv_inst/CLKOUT0
                         net (fo=1, routed)           0.696    -1.233    i_xlnx_clk_gen/inst/clk_out1_xlnx_clk_gen
    BUFGCTRL_X0Y16       BUFG (Prop_bufg_I_O)         0.026    -1.207 r  i_xlnx_clk_gen/inst/clkout1_buf/O
                         net (fo=22838, routed)       0.581    -0.627    i_rstgen_main/i_rstgen_bypass/clk_out1
    SLICE_X66Y34         FDCE                                         r  i_rstgen_main/i_rstgen_bypass/synch_regs_q_reg[3]/C
  -------------------------------------------------------------------    -------------------
    SLICE_X66Y34         FDCE (Prop_fdce_C_Q)         0.164    -0.463 r  i_rstgen_main/i_rstgen_bypass/synch_regs_q_reg[3]/Q
                         net (fo=41, routed)          2.515     2.053    i_axi_dwidth_converter_dm_slave/inst/gen_downsizer.gen_simple_downsizer.axi_downsizer_inst/USE_WRITE.write_addr_inst/USE_B_CHANNEL.cmd_b_queue/inst/out
    SLICE_X34Y4          LUT1 (Prop_lut1_I0_O)        0.047     2.100 f  i_axi_dwidth_converter_dm_slave/inst/gen_downsizer.gen_simple_downsizer.axi_downsizer_inst/USE_WRITE.write_addr_inst/USE_B_CHANNEL.cmd_b_queue/inst/S_AXI_AREADY_I_i_1/O
                         net (fo=181, routed)         0.553     2.653    i_axi_dwidth_converter_dm_slave/inst/gen_downsizer.gen_simple_downsizer.axi_downsizer_inst/USE_READ.read_addr_inst/cmd_queue/inst/fifo_gen_inst/inst_fifo_gen/gconvfifo.rf/grf.rf/rstblk/ngwrdrst.grst.g7serrst.gnsckt_wrst.rst_wr_reg2_inst/src_arst
    SLICE_X40Y3          FDPE                                         f  i_axi_dwidth_converter_dm_slave/inst/gen_downsizer.gen_simple_downsizer.axi_downsizer_inst/USE_READ.read_addr_inst/cmd_queue/inst/fifo_gen_inst/inst_fifo_gen/gconvfifo.rf/grf.rf/rstblk/ngwrdrst.grst.g7serrst.gnsckt_wrst.rst_wr_reg2_inst/arststages_ff_reg[1]/PRE
  -------------------------------------------------------------------    -------------------

                         (clock clk_out1_xlnx_clk_gen rise edge)
                                                      0.000     0.000 r  
    K17                                               0.000     0.000 r  clk_sys (IN)
                         net (fo=0)                   0.000     0.000    i_xlnx_clk_gen/inst/clk_in1
    K17                  IBUF (Prop_ibuf_I_O)         0.431     0.431 r  i_xlnx_clk_gen/inst/clkin1_ibufg/O
                         net (fo=1, routed)           0.480     0.911    i_xlnx_clk_gen/inst/clk_in1_xlnx_clk_gen
    MMCME2_ADV_X1Y2      MMCME2_ADV (Prop_mmcme2_adv_CLKIN1_CLKOUT0)
                                                     -3.407    -2.496 r  i_xlnx_clk_gen/inst/mmcm_adv_inst/CLKOUT0
                         net (fo=1, routed)           0.752    -1.744    i_xlnx_clk_gen/inst/clk_out1_xlnx_clk_gen
    BUFGCTRL_X0Y16       BUFG (Prop_bufg_I_O)         0.029    -1.715 r  i_xlnx_clk_gen/inst/clkout1_buf/O
                         net (fo=22838, routed)       0.829    -0.886    i_axi_dwidth_converter_dm_slave/inst/gen_downsizer.gen_simple_downsizer.axi_downsizer_inst/USE_READ.read_addr_inst/cmd_queue/inst/fifo_gen_inst/inst_fifo_gen/gconvfifo.rf/grf.rf/rstblk/ngwrdrst.grst.g7serrst.gnsckt_wrst.rst_wr_reg2_inst/dest_clk
    SLICE_X40Y3          FDPE                                         r  i_axi_dwidth_converter_dm_slave/inst/gen_downsizer.gen_simple_downsizer.axi_downsizer_inst/USE_READ.read_addr_inst/cmd_queue/inst/fifo_gen_inst/inst_fifo_gen/gconvfifo.rf/grf.rf/rstblk/ngwrdrst.grst.g7serrst.gnsckt_wrst.rst_wr_reg2_inst/arststages_ff_reg[1]/C

Slack:                    inf
  Source:                 i_rstgen_main/i_rstgen_bypass/synch_regs_q_reg[3]/C
                            (rising edge-triggered cell FDCE clocked by clk_out1_xlnx_clk_gen  {rise@0.000ns fall@12.500ns period=25.000ns})
  Destination:            i_axi_dwidth_converter_dm_slave/inst/gen_downsizer.gen_simple_downsizer.axi_downsizer_inst/USE_WRITE.write_addr_inst/cmd_queue/inst/fifo_gen_inst/inst_fifo_gen/gconvfifo.rf/grf.rf/rstblk/ngwrdrst.grst.g7serrst.gnsckt_wrst.rst_wr_reg2_inst/arststages_ff_reg[0]/PRE
                            (removal check against rising-edge clock clk_out1_xlnx_clk_gen  {rise@0.000ns fall@12.500ns period=25.000ns})
  Path Group:             (none)
  Path Type:              Removal (Min at Fast Process Corner)
  Data Path Delay:        3.443ns  (logic 0.211ns (6.128%)  route 3.232ns (93.872%))
  Logic Levels:           1  (LUT1=1)
  Clock Path Skew:        -0.258ns (DCD - SCD - CPR)
    Destination Clock Delay (DCD):    -0.884ns
    Source Clock Delay      (SCD):    -0.627ns
    Clock Pessimism Removal (CPR):    -0.000ns
  Clock Uncertainty:      0.082ns  ((TSJ^2 + DJ^2)^1/2) / 2 + PE
    Total System Jitter     (TSJ):    0.071ns
    Discrete Jitter          (DJ):    0.149ns
    Phase Error              (PE):    0.000ns
  Timing Exception:       False Path

    Location             Delay type                Incr(ns)  Path(ns)    Netlist Resource(s)
  -------------------------------------------------------------------    -------------------
                         (clock clk_out1_xlnx_clk_gen rise edge)
                                                      0.000     0.000 r  
    K17                                               0.000     0.000 r  clk_sys (IN)
                         net (fo=0)                   0.000     0.000    i_xlnx_clk_gen/inst/clk_in1
    K17                  IBUF (Prop_ibuf_I_O)         0.243     0.243 r  i_xlnx_clk_gen/inst/clkin1_ibufg/O
                         net (fo=1, routed)           0.440     0.683    i_xlnx_clk_gen/inst/clk_in1_xlnx_clk_gen
    MMCME2_ADV_X1Y2      MMCME2_ADV (Prop_mmcme2_adv_CLKIN1_CLKOUT0)
                                                     -2.613    -1.930 r  i_xlnx_clk_gen/inst/mmcm_adv_inst/CLKOUT0
                         net (fo=1, routed)           0.696    -1.233    i_xlnx_clk_gen/inst/clk_out1_xlnx_clk_gen
    BUFGCTRL_X0Y16       BUFG (Prop_bufg_I_O)         0.026    -1.207 r  i_xlnx_clk_gen/inst/clkout1_buf/O
                         net (fo=22838, routed)       0.581    -0.627    i_rstgen_main/i_rstgen_bypass/clk_out1
    SLICE_X66Y34         FDCE                                         r  i_rstgen_main/i_rstgen_bypass/synch_regs_q_reg[3]/C
  -------------------------------------------------------------------    -------------------
    SLICE_X66Y34         FDCE (Prop_fdce_C_Q)         0.164    -0.463 r  i_rstgen_main/i_rstgen_bypass/synch_regs_q_reg[3]/Q
                         net (fo=41, routed)          2.515     2.053    i_axi_dwidth_converter_dm_slave/inst/gen_downsizer.gen_simple_downsizer.axi_downsizer_inst/USE_WRITE.write_addr_inst/USE_B_CHANNEL.cmd_b_queue/inst/out
    SLICE_X34Y4          LUT1 (Prop_lut1_I0_O)        0.047     2.100 f  i_axi_dwidth_converter_dm_slave/inst/gen_downsizer.gen_simple_downsizer.axi_downsizer_inst/USE_WRITE.write_addr_inst/USE_B_CHANNEL.cmd_b_queue/inst/S_AXI_AREADY_I_i_1/O
                         net (fo=181, routed)         0.717     2.816    i_axi_dwidth_converter_dm_slave/inst/gen_downsizer.gen_simple_downsizer.axi_downsizer_inst/USE_WRITE.write_addr_inst/cmd_queue/inst/fifo_gen_inst/inst_fifo_gen/gconvfifo.rf/grf.rf/rstblk/ngwrdrst.grst.g7serrst.gnsckt_wrst.rst_wr_reg2_inst/src_arst
    SLICE_X33Y0          FDPE                                         f  i_axi_dwidth_converter_dm_slave/inst/gen_downsizer.gen_simple_downsizer.axi_downsizer_inst/USE_WRITE.write_addr_inst/cmd_queue/inst/fifo_gen_inst/inst_fifo_gen/gconvfifo.rf/grf.rf/rstblk/ngwrdrst.grst.g7serrst.gnsckt_wrst.rst_wr_reg2_inst/arststages_ff_reg[0]/PRE
  -------------------------------------------------------------------    -------------------

                         (clock clk_out1_xlnx_clk_gen rise edge)
                                                      0.000     0.000 r  
    K17                                               0.000     0.000 r  clk_sys (IN)
                         net (fo=0)                   0.000     0.000    i_xlnx_clk_gen/inst/clk_in1
    K17                  IBUF (Prop_ibuf_I_O)         0.431     0.431 r  i_xlnx_clk_gen/inst/clkin1_ibufg/O
                         net (fo=1, routed)           0.480     0.911    i_xlnx_clk_gen/inst/clk_in1_xlnx_clk_gen
    MMCME2_ADV_X1Y2      MMCME2_ADV (Prop_mmcme2_adv_CLKIN1_CLKOUT0)
                                                     -3.407    -2.496 r  i_xlnx_clk_gen/inst/mmcm_adv_inst/CLKOUT0
                         net (fo=1, routed)           0.752    -1.744    i_xlnx_clk_gen/inst/clk_out1_xlnx_clk_gen
    BUFGCTRL_X0Y16       BUFG (Prop_bufg_I_O)         0.029    -1.715 r  i_xlnx_clk_gen/inst/clkout1_buf/O
                         net (fo=22838, routed)       0.831    -0.884    i_axi_dwidth_converter_dm_slave/inst/gen_downsizer.gen_simple_downsizer.axi_downsizer_inst/USE_WRITE.write_addr_inst/cmd_queue/inst/fifo_gen_inst/inst_fifo_gen/gconvfifo.rf/grf.rf/rstblk/ngwrdrst.grst.g7serrst.gnsckt_wrst.rst_wr_reg2_inst/dest_clk
    SLICE_X33Y0          FDPE                                         r  i_axi_dwidth_converter_dm_slave/inst/gen_downsizer.gen_simple_downsizer.axi_downsizer_inst/USE_WRITE.write_addr_inst/cmd_queue/inst/fifo_gen_inst/inst_fifo_gen/gconvfifo.rf/grf.rf/rstblk/ngwrdrst.grst.g7serrst.gnsckt_wrst.rst_wr_reg2_inst/arststages_ff_reg[0]/C

Slack:                    inf
  Source:                 i_rstgen_main/i_rstgen_bypass/synch_regs_q_reg[3]/C
                            (rising edge-triggered cell FDCE clocked by clk_out1_xlnx_clk_gen  {rise@0.000ns fall@12.500ns period=25.000ns})
  Destination:            i_axi_dwidth_converter_dm_slave/inst/gen_downsizer.gen_simple_downsizer.axi_downsizer_inst/USE_WRITE.write_addr_inst/cmd_queue/inst/fifo_gen_inst/inst_fifo_gen/gconvfifo.rf/grf.rf/rstblk/ngwrdrst.grst.g7serrst.gnsckt_wrst.rst_wr_reg2_inst/arststages_ff_reg[1]/PRE
                            (removal check against rising-edge clock clk_out1_xlnx_clk_gen  {rise@0.000ns fall@12.500ns period=25.000ns})
  Path Group:             (none)
  Path Type:              Removal (Min at Fast Process Corner)
  Data Path Delay:        3.443ns  (logic 0.211ns (6.128%)  route 3.232ns (93.872%))
  Logic Levels:           1  (LUT1=1)
  Clock Path Skew:        -0.258ns (DCD - SCD - CPR)
    Destination Clock Delay (DCD):    -0.884ns
    Source Clock Delay      (SCD):    -0.627ns
    Clock Pessimism Removal (CPR):    -0.000ns
  Clock Uncertainty:      0.082ns  ((TSJ^2 + DJ^2)^1/2) / 2 + PE
    Total System Jitter     (TSJ):    0.071ns
    Discrete Jitter          (DJ):    0.149ns
    Phase Error              (PE):    0.000ns
  Timing Exception:       False Path

    Location             Delay type                Incr(ns)  Path(ns)    Netlist Resource(s)
  -------------------------------------------------------------------    -------------------
                         (clock clk_out1_xlnx_clk_gen rise edge)
                                                      0.000     0.000 r  
    K17                                               0.000     0.000 r  clk_sys (IN)
                         net (fo=0)                   0.000     0.000    i_xlnx_clk_gen/inst/clk_in1
    K17                  IBUF (Prop_ibuf_I_O)         0.243     0.243 r  i_xlnx_clk_gen/inst/clkin1_ibufg/O
                         net (fo=1, routed)           0.440     0.683    i_xlnx_clk_gen/inst/clk_in1_xlnx_clk_gen
    MMCME2_ADV_X1Y2      MMCME2_ADV (Prop_mmcme2_adv_CLKIN1_CLKOUT0)
                                                     -2.613    -1.930 r  i_xlnx_clk_gen/inst/mmcm_adv_inst/CLKOUT0
                         net (fo=1, routed)           0.696    -1.233    i_xlnx_clk_gen/inst/clk_out1_xlnx_clk_gen
    BUFGCTRL_X0Y16       BUFG (Prop_bufg_I_O)         0.026    -1.207 r  i_xlnx_clk_gen/inst/clkout1_buf/O
                         net (fo=22838, routed)       0.581    -0.627    i_rstgen_main/i_rstgen_bypass/clk_out1
    SLICE_X66Y34         FDCE                                         r  i_rstgen_main/i_rstgen_bypass/synch_regs_q_reg[3]/C
  -------------------------------------------------------------------    -------------------
    SLICE_X66Y34         FDCE (Prop_fdce_C_Q)         0.164    -0.463 r  i_rstgen_main/i_rstgen_bypass/synch_regs_q_reg[3]/Q
                         net (fo=41, routed)          2.515     2.053    i_axi_dwidth_converter_dm_slave/inst/gen_downsizer.gen_simple_downsizer.axi_downsizer_inst/USE_WRITE.write_addr_inst/USE_B_CHANNEL.cmd_b_queue/inst/out
    SLICE_X34Y4          LUT1 (Prop_lut1_I0_O)        0.047     2.100 f  i_axi_dwidth_converter_dm_slave/inst/gen_downsizer.gen_simple_downsizer.axi_downsizer_inst/USE_WRITE.write_addr_inst/USE_B_CHANNEL.cmd_b_queue/inst/S_AXI_AREADY_I_i_1/O
                         net (fo=181, routed)         0.717     2.816    i_axi_dwidth_converter_dm_slave/inst/gen_downsizer.gen_simple_downsizer.axi_downsizer_inst/USE_WRITE.write_addr_inst/cmd_queue/inst/fifo_gen_inst/inst_fifo_gen/gconvfifo.rf/grf.rf/rstblk/ngwrdrst.grst.g7serrst.gnsckt_wrst.rst_wr_reg2_inst/src_arst
    SLICE_X33Y0          FDPE                                         f  i_axi_dwidth_converter_dm_slave/inst/gen_downsizer.gen_simple_downsizer.axi_downsizer_inst/USE_WRITE.write_addr_inst/cmd_queue/inst/fifo_gen_inst/inst_fifo_gen/gconvfifo.rf/grf.rf/rstblk/ngwrdrst.grst.g7serrst.gnsckt_wrst.rst_wr_reg2_inst/arststages_ff_reg[1]/PRE
  -------------------------------------------------------------------    -------------------

                         (clock clk_out1_xlnx_clk_gen rise edge)
                                                      0.000     0.000 r  
    K17                                               0.000     0.000 r  clk_sys (IN)
                         net (fo=0)                   0.000     0.000    i_xlnx_clk_gen/inst/clk_in1
    K17                  IBUF (Prop_ibuf_I_O)         0.431     0.431 r  i_xlnx_clk_gen/inst/clkin1_ibufg/O
                         net (fo=1, routed)           0.480     0.911    i_xlnx_clk_gen/inst/clk_in1_xlnx_clk_gen
    MMCME2_ADV_X1Y2      MMCME2_ADV (Prop_mmcme2_adv_CLKIN1_CLKOUT0)
                                                     -3.407    -2.496 r  i_xlnx_clk_gen/inst/mmcm_adv_inst/CLKOUT0
                         net (fo=1, routed)           0.752    -1.744    i_xlnx_clk_gen/inst/clk_out1_xlnx_clk_gen
    BUFGCTRL_X0Y16       BUFG (Prop_bufg_I_O)         0.029    -1.715 r  i_xlnx_clk_gen/inst/clkout1_buf/O
                         net (fo=22838, routed)       0.831    -0.884    i_axi_dwidth_converter_dm_slave/inst/gen_downsizer.gen_simple_downsizer.axi_downsizer_inst/USE_WRITE.write_addr_inst/cmd_queue/inst/fifo_gen_inst/inst_fifo_gen/gconvfifo.rf/grf.rf/rstblk/ngwrdrst.grst.g7serrst.gnsckt_wrst.rst_wr_reg2_inst/dest_clk
    SLICE_X33Y0          FDPE                                         r  i_axi_dwidth_converter_dm_slave/inst/gen_downsizer.gen_simple_downsizer.axi_downsizer_inst/USE_WRITE.write_addr_inst/cmd_queue/inst/fifo_gen_inst/inst_fifo_gen/gconvfifo.rf/grf.rf/rstblk/ngwrdrst.grst.g7serrst.gnsckt_wrst.rst_wr_reg2_inst/arststages_ff_reg[1]/C

Slack:                    inf
  Source:                 i_rstgen_main/i_rstgen_bypass/synch_regs_q_reg[3]/C
                            (rising edge-triggered cell FDCE clocked by clk_out1_xlnx_clk_gen  {rise@0.000ns fall@12.500ns period=25.000ns})
  Destination:            i_axi_dwidth_converter_dm_slave/inst/gen_downsizer.gen_simple_downsizer.axi_downsizer_inst/USE_WRITE.write_addr_inst/USE_B_CHANNEL.cmd_b_queue/inst/fifo_gen_inst/inst_fifo_gen/gconvfifo.rf/grf.rf/rstblk/ngwrdrst.grst.g7serrst.gnsckt_wrst.rst_wr_reg2_inst/arststages_ff_reg[0]/PRE
                            (removal check against rising-edge clock clk_out1_xlnx_clk_gen  {rise@0.000ns fall@12.500ns period=25.000ns})
  Path Group:             (none)
  Path Type:              Removal (Min at Fast Process Corner)
  Data Path Delay:        3.701ns  (logic 0.211ns (5.701%)  route 3.490ns (94.299%))
  Logic Levels:           1  (LUT1=1)
  Clock Path Skew:        -0.231ns (DCD - SCD - CPR)
    Destination Clock Delay (DCD):    -0.857ns
    Source Clock Delay      (SCD):    -0.627ns
    Clock Pessimism Removal (CPR):    -0.000ns
  Clock Uncertainty:      0.082ns  ((TSJ^2 + DJ^2)^1/2) / 2 + PE
    Total System Jitter     (TSJ):    0.071ns
    Discrete Jitter          (DJ):    0.149ns
    Phase Error              (PE):    0.000ns
  Timing Exception:       False Path

    Location             Delay type                Incr(ns)  Path(ns)    Netlist Resource(s)
  -------------------------------------------------------------------    -------------------
                         (clock clk_out1_xlnx_clk_gen rise edge)
                                                      0.000     0.000 r  
    K17                                               0.000     0.000 r  clk_sys (IN)
                         net (fo=0)                   0.000     0.000    i_xlnx_clk_gen/inst/clk_in1
    K17                  IBUF (Prop_ibuf_I_O)         0.243     0.243 r  i_xlnx_clk_gen/inst/clkin1_ibufg/O
                         net (fo=1, routed)           0.440     0.683    i_xlnx_clk_gen/inst/clk_in1_xlnx_clk_gen
    MMCME2_ADV_X1Y2      MMCME2_ADV (Prop_mmcme2_adv_CLKIN1_CLKOUT0)
                                                     -2.613    -1.930 r  i_xlnx_clk_gen/inst/mmcm_adv_inst/CLKOUT0
                         net (fo=1, routed)           0.696    -1.233    i_xlnx_clk_gen/inst/clk_out1_xlnx_clk_gen
    BUFGCTRL_X0Y16       BUFG (Prop_bufg_I_O)         0.026    -1.207 r  i_xlnx_clk_gen/inst/clkout1_buf/O
                         net (fo=22838, routed)       0.581    -0.627    i_rstgen_main/i_rstgen_bypass/clk_out1
    SLICE_X66Y34         FDCE                                         r  i_rstgen_main/i_rstgen_bypass/synch_regs_q_reg[3]/C
  -------------------------------------------------------------------    -------------------
    SLICE_X66Y34         FDCE (Prop_fdce_C_Q)         0.164    -0.463 r  i_rstgen_main/i_rstgen_bypass/synch_regs_q_reg[3]/Q
                         net (fo=41, routed)          2.515     2.053    i_axi_dwidth_converter_dm_slave/inst/gen_downsizer.gen_simple_downsizer.axi_downsizer_inst/USE_WRITE.write_addr_inst/USE_B_CHANNEL.cmd_b_queue/inst/out
    SLICE_X34Y4          LUT1 (Prop_lut1_I0_O)        0.047     2.100 f  i_axi_dwidth_converter_dm_slave/inst/gen_downsizer.gen_simple_downsizer.axi_downsizer_inst/USE_WRITE.write_addr_inst/USE_B_CHANNEL.cmd_b_queue/inst/S_AXI_AREADY_I_i_1/O
                         net (fo=181, routed)         0.975     3.074    i_axi_dwidth_converter_dm_slave/inst/gen_downsizer.gen_simple_downsizer.axi_downsizer_inst/USE_WRITE.write_addr_inst/USE_B_CHANNEL.cmd_b_queue/inst/fifo_gen_inst/inst_fifo_gen/gconvfifo.rf/grf.rf/rstblk/ngwrdrst.grst.g7serrst.gnsckt_wrst.rst_wr_reg2_inst/src_arst
    SLICE_X29Y5          FDPE                                         f  i_axi_dwidth_converter_dm_slave/inst/gen_downsizer.gen_simple_downsizer.axi_downsizer_inst/USE_WRITE.write_addr_inst/USE_B_CHANNEL.cmd_b_queue/inst/fifo_gen_inst/inst_fifo_gen/gconvfifo.rf/grf.rf/rstblk/ngwrdrst.grst.g7serrst.gnsckt_wrst.rst_wr_reg2_inst/arststages_ff_reg[0]/PRE
  -------------------------------------------------------------------    -------------------

                         (clock clk_out1_xlnx_clk_gen rise edge)
                                                      0.000     0.000 r  
    K17                                               0.000     0.000 r  clk_sys (IN)
                         net (fo=0)                   0.000     0.000    i_xlnx_clk_gen/inst/clk_in1
    K17                  IBUF (Prop_ibuf_I_O)         0.431     0.431 r  i_xlnx_clk_gen/inst/clkin1_ibufg/O
                         net (fo=1, routed)           0.480     0.911    i_xlnx_clk_gen/inst/clk_in1_xlnx_clk_gen
    MMCME2_ADV_X1Y2      MMCME2_ADV (Prop_mmcme2_adv_CLKIN1_CLKOUT0)
                                                     -3.407    -2.496 r  i_xlnx_clk_gen/inst/mmcm_adv_inst/CLKOUT0
                         net (fo=1, routed)           0.752    -1.744    i_xlnx_clk_gen/inst/clk_out1_xlnx_clk_gen
    BUFGCTRL_X0Y16       BUFG (Prop_bufg_I_O)         0.029    -1.715 r  i_xlnx_clk_gen/inst/clkout1_buf/O
                         net (fo=22838, routed)       0.858    -0.857    i_axi_dwidth_converter_dm_slave/inst/gen_downsizer.gen_simple_downsizer.axi_downsizer_inst/USE_WRITE.write_addr_inst/USE_B_CHANNEL.cmd_b_queue/inst/fifo_gen_inst/inst_fifo_gen/gconvfifo.rf/grf.rf/rstblk/ngwrdrst.grst.g7serrst.gnsckt_wrst.rst_wr_reg2_inst/dest_clk
    SLICE_X29Y5          FDPE                                         r  i_axi_dwidth_converter_dm_slave/inst/gen_downsizer.gen_simple_downsizer.axi_downsizer_inst/USE_WRITE.write_addr_inst/USE_B_CHANNEL.cmd_b_queue/inst/fifo_gen_inst/inst_fifo_gen/gconvfifo.rf/grf.rf/rstblk/ngwrdrst.grst.g7serrst.gnsckt_wrst.rst_wr_reg2_inst/arststages_ff_reg[0]/C

Slack:                    inf
  Source:                 i_rstgen_main/i_rstgen_bypass/synch_regs_q_reg[3]/C
                            (rising edge-triggered cell FDCE clocked by clk_out1_xlnx_clk_gen  {rise@0.000ns fall@12.500ns period=25.000ns})
  Destination:            i_axi_dwidth_converter_dm_slave/inst/gen_downsizer.gen_simple_downsizer.axi_downsizer_inst/USE_WRITE.write_addr_inst/USE_B_CHANNEL.cmd_b_queue/inst/fifo_gen_inst/inst_fifo_gen/gconvfifo.rf/grf.rf/rstblk/ngwrdrst.grst.g7serrst.gnsckt_wrst.rst_wr_reg2_inst/arststages_ff_reg[1]/PRE
                            (removal check against rising-edge clock clk_out1_xlnx_clk_gen  {rise@0.000ns fall@12.500ns period=25.000ns})
  Path Group:             (none)
  Path Type:              Removal (Min at Fast Process Corner)
  Data Path Delay:        3.701ns  (logic 0.211ns (5.701%)  route 3.490ns (94.299%))
  Logic Levels:           1  (LUT1=1)
  Clock Path Skew:        -0.231ns (DCD - SCD - CPR)
    Destination Clock Delay (DCD):    -0.857ns
    Source Clock Delay      (SCD):    -0.627ns
    Clock Pessimism Removal (CPR):    -0.000ns
  Clock Uncertainty:      0.082ns  ((TSJ^2 + DJ^2)^1/2) / 2 + PE
    Total System Jitter     (TSJ):    0.071ns
    Discrete Jitter          (DJ):    0.149ns
    Phase Error              (PE):    0.000ns
  Timing Exception:       False Path

    Location             Delay type                Incr(ns)  Path(ns)    Netlist Resource(s)
  -------------------------------------------------------------------    -------------------
                         (clock clk_out1_xlnx_clk_gen rise edge)
                                                      0.000     0.000 r  
    K17                                               0.000     0.000 r  clk_sys (IN)
                         net (fo=0)                   0.000     0.000    i_xlnx_clk_gen/inst/clk_in1
    K17                  IBUF (Prop_ibuf_I_O)         0.243     0.243 r  i_xlnx_clk_gen/inst/clkin1_ibufg/O
                         net (fo=1, routed)           0.440     0.683    i_xlnx_clk_gen/inst/clk_in1_xlnx_clk_gen
    MMCME2_ADV_X1Y2      MMCME2_ADV (Prop_mmcme2_adv_CLKIN1_CLKOUT0)
                                                     -2.613    -1.930 r  i_xlnx_clk_gen/inst/mmcm_adv_inst/CLKOUT0
                         net (fo=1, routed)           0.696    -1.233    i_xlnx_clk_gen/inst/clk_out1_xlnx_clk_gen
    BUFGCTRL_X0Y16       BUFG (Prop_bufg_I_O)         0.026    -1.207 r  i_xlnx_clk_gen/inst/clkout1_buf/O
                         net (fo=22838, routed)       0.581    -0.627    i_rstgen_main/i_rstgen_bypass/clk_out1
    SLICE_X66Y34         FDCE                                         r  i_rstgen_main/i_rstgen_bypass/synch_regs_q_reg[3]/C
  -------------------------------------------------------------------    -------------------
    SLICE_X66Y34         FDCE (Prop_fdce_C_Q)         0.164    -0.463 r  i_rstgen_main/i_rstgen_bypass/synch_regs_q_reg[3]/Q
                         net (fo=41, routed)          2.515     2.053    i_axi_dwidth_converter_dm_slave/inst/gen_downsizer.gen_simple_downsizer.axi_downsizer_inst/USE_WRITE.write_addr_inst/USE_B_CHANNEL.cmd_b_queue/inst/out
    SLICE_X34Y4          LUT1 (Prop_lut1_I0_O)        0.047     2.100 f  i_axi_dwidth_converter_dm_slave/inst/gen_downsizer.gen_simple_downsizer.axi_downsizer_inst/USE_WRITE.write_addr_inst/USE_B_CHANNEL.cmd_b_queue/inst/S_AXI_AREADY_I_i_1/O
                         net (fo=181, routed)         0.975     3.074    i_axi_dwidth_converter_dm_slave/inst/gen_downsizer.gen_simple_downsizer.axi_downsizer_inst/USE_WRITE.write_addr_inst/USE_B_CHANNEL.cmd_b_queue/inst/fifo_gen_inst/inst_fifo_gen/gconvfifo.rf/grf.rf/rstblk/ngwrdrst.grst.g7serrst.gnsckt_wrst.rst_wr_reg2_inst/src_arst
    SLICE_X29Y5          FDPE                                         f  i_axi_dwidth_converter_dm_slave/inst/gen_downsizer.gen_simple_downsizer.axi_downsizer_inst/USE_WRITE.write_addr_inst/USE_B_CHANNEL.cmd_b_queue/inst/fifo_gen_inst/inst_fifo_gen/gconvfifo.rf/grf.rf/rstblk/ngwrdrst.grst.g7serrst.gnsckt_wrst.rst_wr_reg2_inst/arststages_ff_reg[1]/PRE
  -------------------------------------------------------------------    -------------------

                         (clock clk_out1_xlnx_clk_gen rise edge)
                                                      0.000     0.000 r  
    K17                                               0.000     0.000 r  clk_sys (IN)
                         net (fo=0)                   0.000     0.000    i_xlnx_clk_gen/inst/clk_in1
    K17                  IBUF (Prop_ibuf_I_O)         0.431     0.431 r  i_xlnx_clk_gen/inst/clkin1_ibufg/O
                         net (fo=1, routed)           0.480     0.911    i_xlnx_clk_gen/inst/clk_in1_xlnx_clk_gen
    MMCME2_ADV_X1Y2      MMCME2_ADV (Prop_mmcme2_adv_CLKIN1_CLKOUT0)
                                                     -3.407    -2.496 r  i_xlnx_clk_gen/inst/mmcm_adv_inst/CLKOUT0
                         net (fo=1, routed)           0.752    -1.744    i_xlnx_clk_gen/inst/clk_out1_xlnx_clk_gen
    BUFGCTRL_X0Y16       BUFG (Prop_bufg_I_O)         0.029    -1.715 r  i_xlnx_clk_gen/inst/clkout1_buf/O
                         net (fo=22838, routed)       0.858    -0.857    i_axi_dwidth_converter_dm_slave/inst/gen_downsizer.gen_simple_downsizer.axi_downsizer_inst/USE_WRITE.write_addr_inst/USE_B_CHANNEL.cmd_b_queue/inst/fifo_gen_inst/inst_fifo_gen/gconvfifo.rf/grf.rf/rstblk/ngwrdrst.grst.g7serrst.gnsckt_wrst.rst_wr_reg2_inst/dest_clk
    SLICE_X29Y5          FDPE                                         r  i_axi_dwidth_converter_dm_slave/inst/gen_downsizer.gen_simple_downsizer.axi_downsizer_inst/USE_WRITE.write_addr_inst/USE_B_CHANNEL.cmd_b_queue/inst/fifo_gen_inst/inst_fifo_gen/gconvfifo.rf/grf.rf/rstblk/ngwrdrst.grst.g7serrst.gnsckt_wrst.rst_wr_reg2_inst/arststages_ff_reg[1]/C





--------------------------------------------------------------------------------------
Path Group:  (none)
From Clock:  tck
  To Clock:  clk_out1_xlnx_clk_gen

Max Delay            43 Endpoints
Min Delay            43 Endpoints
--------------------------------------------------------------------------------------


Max Delay Paths
--------------------------------------------------------------------------------------
Slack:                    inf
  Source:                 i_dmi_jtag/i_dmi_cdc/i_cdc_resp/i_dst/ack_dst_q_reg/C
                            (rising edge-triggered cell FDCE clocked by tck  {rise@0.000ns fall@50.000ns period=100.000ns})
  Destination:            i_dmi_jtag/i_dmi_cdc/i_cdc_resp/i_src/ack_src_q_reg/D
                            (rising edge-triggered cell FDCE clocked by clk_out1_xlnx_clk_gen  {rise@0.000ns fall@12.500ns period=25.000ns})
  Path Group:             (none)
  Path Type:              Setup (Max at Slow Process Corner)
  Data Path Delay:        1.523ns  (logic 0.456ns (29.938%)  route 1.067ns (70.062%))
  Logic Levels:           0  
  Clock Path Skew:        -8.577ns (DCD - SCD + CPR)
    Destination Clock Delay (DCD):    -1.585ns
    Source Clock Delay      (SCD):    6.992ns
    Clock Pessimism Removal (CPR):    0.000ns
  Clock Uncertainty:      0.604ns  ((TSJ^2 + TIJ^2 + DJ^2)^1/2) / 2 + PE
    Total System Jitter     (TSJ):    0.071ns
    Total Input Jitter      (TIJ):    1.000ns
    Discrete Jitter          (DJ):    0.149ns
    Phase Error              (PE):    0.097ns
  Timing Exception:       Asynchronous Clock Groups

    Location             Delay type                Incr(ns)  Path(ns)    Netlist Resource(s)
  -------------------------------------------------------------------    -------------------
                         (clock tck rise edge)        0.000     0.000 r  
    H15                                               0.000     0.000 r  tck (IN)
                         net (fo=0)                   0.000     0.000    tck
    H15                  IBUF (Prop_ibuf_I_O)         1.500     1.500 r  tck_IBUF_inst/O
                         net (fo=1, routed)           3.659     5.159    tck_IBUF
    BUFGCTRL_X0Y0        BUFG (Prop_bufg_I_O)         0.101     5.260 r  tck_IBUF_BUFG_inst/O
                         net (fo=258, routed)         1.732     6.992    i_dmi_jtag/i_dmi_cdc/i_cdc_resp/i_dst/CLK
    SLICE_X77Y3          FDCE                                         r  i_dmi_jtag/i_dmi_cdc/i_cdc_resp/i_dst/ack_dst_q_reg/C
  -------------------------------------------------------------------    -------------------
    SLICE_X77Y3          FDCE (Prop_fdce_C_Q)         0.456     7.448 r  i_dmi_jtag/i_dmi_cdc/i_cdc_resp/i_dst/ack_dst_q_reg/Q
                         net (fo=6, routed)           1.067     8.516    i_dmi_jtag/i_dmi_cdc/i_cdc_resp/i_src/ack_src_q_reg_0
    SLICE_X79Y7          FDCE                                         r  i_dmi_jtag/i_dmi_cdc/i_cdc_resp/i_src/ack_src_q_reg/D
  -------------------------------------------------------------------    -------------------

                         (clock clk_out1_xlnx_clk_gen rise edge)
                                                      0.000     0.000 r  
    K17                                               0.000     0.000 r  clk_sys (IN)
                         net (fo=0)                   0.000     0.000    i_xlnx_clk_gen/inst/clk_in1
    K17                  IBUF (Prop_ibuf_I_O)         1.404     1.404 r  i_xlnx_clk_gen/inst/clkin1_ibufg/O
                         net (fo=1, routed)           1.162     2.566    i_xlnx_clk_gen/inst/clk_in1_xlnx_clk_gen
    MMCME2_ADV_X1Y2      MMCME2_ADV (Prop_mmcme2_adv_CLKIN1_CLKOUT0)
                                                     -7.814    -5.248 r  i_xlnx_clk_gen/inst/mmcm_adv_inst/CLKOUT0
                         net (fo=1, routed)           2.012    -3.236    i_xlnx_clk_gen/inst/clk_out1_xlnx_clk_gen
    BUFGCTRL_X0Y16       BUFG (Prop_bufg_I_O)         0.091    -3.145 r  i_xlnx_clk_gen/inst/clkout1_buf/O
                         net (fo=22838, routed)       1.560    -1.585    i_dmi_jtag/i_dmi_cdc/i_cdc_resp/i_src/clk_out1
    SLICE_X79Y7          FDCE                                         r  i_dmi_jtag/i_dmi_cdc/i_cdc_resp/i_src/ack_src_q_reg/C

Slack:                    inf
  Source:                 i_dmi_jtag/i_dmi_cdc/i_cdc_req/i_src/data_src_q_reg[data][17]/C
                            (rising edge-triggered cell FDCE clocked by tck  {rise@0.000ns fall@50.000ns period=100.000ns})
  Destination:            i_dmi_jtag/i_dmi_cdc/i_cdc_req/i_dst/data_dst_q_reg[data][17]/D
                            (rising edge-triggered cell FDCE clocked by clk_out1_xlnx_clk_gen  {rise@0.000ns fall@12.500ns period=25.000ns})
  Path Group:             (none)
  Path Type:              Setup (Max at Slow Process Corner)
  Data Path Delay:        1.407ns  (logic 0.456ns (32.402%)  route 0.951ns (67.598%))
  Logic Levels:           0  
  Clock Path Skew:        -8.578ns (DCD - SCD + CPR)
    Destination Clock Delay (DCD):    -1.583ns
    Source Clock Delay      (SCD):    6.995ns
    Clock Pessimism Removal (CPR):    0.000ns
  Clock Uncertainty:      0.604ns  ((TSJ^2 + TIJ^2 + DJ^2)^1/2) / 2 + PE
    Total System Jitter     (TSJ):    0.071ns
    Total Input Jitter      (TIJ):    1.000ns
    Discrete Jitter          (DJ):    0.149ns
    Phase Error              (PE):    0.097ns
  Timing Exception:       Asynchronous Clock Groups

    Location             Delay type                Incr(ns)  Path(ns)    Netlist Resource(s)
  -------------------------------------------------------------------    -------------------
                         (clock tck rise edge)        0.000     0.000 r  
    H15                                               0.000     0.000 r  tck (IN)
                         net (fo=0)                   0.000     0.000    tck
    H15                  IBUF (Prop_ibuf_I_O)         1.500     1.500 r  tck_IBUF_inst/O
                         net (fo=1, routed)           3.659     5.159    tck_IBUF
    BUFGCTRL_X0Y0        BUFG (Prop_bufg_I_O)         0.101     5.260 r  tck_IBUF_BUFG_inst/O
                         net (fo=258, routed)         1.735     6.995    i_dmi_jtag/i_dmi_cdc/i_cdc_req/i_src/CLK
    SLICE_X81Y3          FDCE                                         r  i_dmi_jtag/i_dmi_cdc/i_cdc_req/i_src/data_src_q_reg[data][17]/C
  -------------------------------------------------------------------    -------------------
    SLICE_X81Y3          FDCE (Prop_fdce_C_Q)         0.456     7.451 r  i_dmi_jtag/i_dmi_cdc/i_cdc_req/i_src/data_src_q_reg[data][17]/Q
                         net (fo=1, routed)           0.951     8.403    i_dmi_jtag/i_dmi_cdc/i_cdc_req/i_dst/data_dst_q_reg[data][31]_3[17]
    SLICE_X81Y6          FDCE                                         r  i_dmi_jtag/i_dmi_cdc/i_cdc_req/i_dst/data_dst_q_reg[data][17]/D
  -------------------------------------------------------------------    -------------------

                         (clock clk_out1_xlnx_clk_gen rise edge)
                                                      0.000     0.000 r  
    K17                                               0.000     0.000 r  clk_sys (IN)
                         net (fo=0)                   0.000     0.000    i_xlnx_clk_gen/inst/clk_in1
    K17                  IBUF (Prop_ibuf_I_O)         1.404     1.404 r  i_xlnx_clk_gen/inst/clkin1_ibufg/O
                         net (fo=1, routed)           1.162     2.566    i_xlnx_clk_gen/inst/clk_in1_xlnx_clk_gen
    MMCME2_ADV_X1Y2      MMCME2_ADV (Prop_mmcme2_adv_CLKIN1_CLKOUT0)
                                                     -7.814    -5.248 r  i_xlnx_clk_gen/inst/mmcm_adv_inst/CLKOUT0
                         net (fo=1, routed)           2.012    -3.236    i_xlnx_clk_gen/inst/clk_out1_xlnx_clk_gen
    BUFGCTRL_X0Y16       BUFG (Prop_bufg_I_O)         0.091    -3.145 r  i_xlnx_clk_gen/inst/clkout1_buf/O
                         net (fo=22838, routed)       1.562    -1.583    i_dmi_jtag/i_dmi_cdc/i_cdc_req/i_dst/clk_out1
    SLICE_X81Y6          FDCE                                         r  i_dmi_jtag/i_dmi_cdc/i_cdc_req/i_dst/data_dst_q_reg[data][17]/C

Slack:                    inf
  Source:                 i_dmi_jtag/i_dmi_cdc/i_cdc_req/i_src/data_src_q_reg[addr][2]/C
                            (rising edge-triggered cell FDCE clocked by tck  {rise@0.000ns fall@50.000ns period=100.000ns})
  Destination:            i_dmi_jtag/i_dmi_cdc/i_cdc_req/i_dst/data_dst_q_reg[addr][2]/D
                            (rising edge-triggered cell FDCE clocked by clk_out1_xlnx_clk_gen  {rise@0.000ns fall@12.500ns period=25.000ns})
  Path Group:             (none)
  Path Type:              Setup (Max at Slow Process Corner)
  Data Path Delay:        1.286ns  (logic 0.456ns (35.450%)  route 0.830ns (64.550%))
  Logic Levels:           0  
  Clock Path Skew:        -8.579ns (DCD - SCD + CPR)
    Destination Clock Delay (DCD):    -1.584ns
    Source Clock Delay      (SCD):    6.995ns
    Clock Pessimism Removal (CPR):    0.000ns
  Clock Uncertainty:      0.604ns  ((TSJ^2 + TIJ^2 + DJ^2)^1/2) / 2 + PE
    Total System Jitter     (TSJ):    0.071ns
    Total Input Jitter      (TIJ):    1.000ns
    Discrete Jitter          (DJ):    0.149ns
    Phase Error              (PE):    0.097ns
  Timing Exception:       Asynchronous Clock Groups

    Location             Delay type                Incr(ns)  Path(ns)    Netlist Resource(s)
  -------------------------------------------------------------------    -------------------
                         (clock tck rise edge)        0.000     0.000 r  
    H15                                               0.000     0.000 r  tck (IN)
                         net (fo=0)                   0.000     0.000    tck
    H15                  IBUF (Prop_ibuf_I_O)         1.500     1.500 r  tck_IBUF_inst/O
                         net (fo=1, routed)           3.659     5.159    tck_IBUF
    BUFGCTRL_X0Y0        BUFG (Prop_bufg_I_O)         0.101     5.260 r  tck_IBUF_BUFG_inst/O
                         net (fo=258, routed)         1.735     6.995    i_dmi_jtag/i_dmi_cdc/i_cdc_req/i_src/CLK
    SLICE_X80Y5          FDCE                                         r  i_dmi_jtag/i_dmi_cdc/i_cdc_req/i_src/data_src_q_reg[addr][2]/C
  -------------------------------------------------------------------    -------------------
    SLICE_X80Y5          FDCE (Prop_fdce_C_Q)         0.456     7.451 r  i_dmi_jtag/i_dmi_cdc/i_cdc_req/i_src/data_src_q_reg[addr][2]/Q
                         net (fo=1, routed)           0.830     8.282    i_dmi_jtag/i_dmi_cdc/i_cdc_req/i_dst/data_dst_q_reg[addr][6]_1[2]
    SLICE_X79Y5          FDCE                                         r  i_dmi_jtag/i_dmi_cdc/i_cdc_req/i_dst/data_dst_q_reg[addr][2]/D
  -------------------------------------------------------------------    -------------------

                         (clock clk_out1_xlnx_clk_gen rise edge)
                                                      0.000     0.000 r  
    K17                                               0.000     0.000 r  clk_sys (IN)
                         net (fo=0)                   0.000     0.000    i_xlnx_clk_gen/inst/clk_in1
    K17                  IBUF (Prop_ibuf_I_O)         1.404     1.404 r  i_xlnx_clk_gen/inst/clkin1_ibufg/O
                         net (fo=1, routed)           1.162     2.566    i_xlnx_clk_gen/inst/clk_in1_xlnx_clk_gen
    MMCME2_ADV_X1Y2      MMCME2_ADV (Prop_mmcme2_adv_CLKIN1_CLKOUT0)
                                                     -7.814    -5.248 r  i_xlnx_clk_gen/inst/mmcm_adv_inst/CLKOUT0
                         net (fo=1, routed)           2.012    -3.236    i_xlnx_clk_gen/inst/clk_out1_xlnx_clk_gen
    BUFGCTRL_X0Y16       BUFG (Prop_bufg_I_O)         0.091    -3.145 r  i_xlnx_clk_gen/inst/clkout1_buf/O
                         net (fo=22838, routed)       1.561    -1.584    i_dmi_jtag/i_dmi_cdc/i_cdc_req/i_dst/clk_out1
    SLICE_X79Y5          FDCE                                         r  i_dmi_jtag/i_dmi_cdc/i_cdc_req/i_dst/data_dst_q_reg[addr][2]/C

Slack:                    inf
  Source:                 i_dmi_jtag/i_dmi_cdc/i_cdc_req/i_src/data_src_q_reg[addr][3]/C
                            (rising edge-triggered cell FDCE clocked by tck  {rise@0.000ns fall@50.000ns period=100.000ns})
  Destination:            i_dmi_jtag/i_dmi_cdc/i_cdc_req/i_dst/data_dst_q_reg[addr][3]/D
                            (rising edge-triggered cell FDCE clocked by clk_out1_xlnx_clk_gen  {rise@0.000ns fall@12.500ns period=25.000ns})
  Path Group:             (none)
  Path Type:              Setup (Max at Slow Process Corner)
  Data Path Delay:        1.277ns  (logic 0.456ns (35.721%)  route 0.821ns (64.279%))
  Logic Levels:           0  
  Clock Path Skew:        -8.579ns (DCD - SCD + CPR)
    Destination Clock Delay (DCD):    -1.584ns
    Source Clock Delay      (SCD):    6.995ns
    Clock Pessimism Removal (CPR):    0.000ns
  Clock Uncertainty:      0.604ns  ((TSJ^2 + TIJ^2 + DJ^2)^1/2) / 2 + PE
    Total System Jitter     (TSJ):    0.071ns
    Total Input Jitter      (TIJ):    1.000ns
    Discrete Jitter          (DJ):    0.149ns
    Phase Error              (PE):    0.097ns
  Timing Exception:       Asynchronous Clock Groups

    Location             Delay type                Incr(ns)  Path(ns)    Netlist Resource(s)
  -------------------------------------------------------------------    -------------------
                         (clock tck rise edge)        0.000     0.000 r  
    H15                                               0.000     0.000 r  tck (IN)
                         net (fo=0)                   0.000     0.000    tck
    H15                  IBUF (Prop_ibuf_I_O)         1.500     1.500 r  tck_IBUF_inst/O
                         net (fo=1, routed)           3.659     5.159    tck_IBUF
    BUFGCTRL_X0Y0        BUFG (Prop_bufg_I_O)         0.101     5.260 r  tck_IBUF_BUFG_inst/O
                         net (fo=258, routed)         1.735     6.995    i_dmi_jtag/i_dmi_cdc/i_cdc_req/i_src/CLK
    SLICE_X80Y5          FDCE                                         r  i_dmi_jtag/i_dmi_cdc/i_cdc_req/i_src/data_src_q_reg[addr][3]/C
  -------------------------------------------------------------------    -------------------
    SLICE_X80Y5          FDCE (Prop_fdce_C_Q)         0.456     7.451 r  i_dmi_jtag/i_dmi_cdc/i_cdc_req/i_src/data_src_q_reg[addr][3]/Q
                         net (fo=1, routed)           0.821     8.272    i_dmi_jtag/i_dmi_cdc/i_cdc_req/i_dst/data_dst_q_reg[addr][6]_1[3]
    SLICE_X79Y5          FDCE                                         r  i_dmi_jtag/i_dmi_cdc/i_cdc_req/i_dst/data_dst_q_reg[addr][3]/D
  -------------------------------------------------------------------    -------------------

                         (clock clk_out1_xlnx_clk_gen rise edge)
                                                      0.000     0.000 r  
    K17                                               0.000     0.000 r  clk_sys (IN)
                         net (fo=0)                   0.000     0.000    i_xlnx_clk_gen/inst/clk_in1
    K17                  IBUF (Prop_ibuf_I_O)         1.404     1.404 r  i_xlnx_clk_gen/inst/clkin1_ibufg/O
                         net (fo=1, routed)           1.162     2.566    i_xlnx_clk_gen/inst/clk_in1_xlnx_clk_gen
    MMCME2_ADV_X1Y2      MMCME2_ADV (Prop_mmcme2_adv_CLKIN1_CLKOUT0)
                                                     -7.814    -5.248 r  i_xlnx_clk_gen/inst/mmcm_adv_inst/CLKOUT0
                         net (fo=1, routed)           2.012    -3.236    i_xlnx_clk_gen/inst/clk_out1_xlnx_clk_gen
    BUFGCTRL_X0Y16       BUFG (Prop_bufg_I_O)         0.091    -3.145 r  i_xlnx_clk_gen/inst/clkout1_buf/O
                         net (fo=22838, routed)       1.561    -1.584    i_dmi_jtag/i_dmi_cdc/i_cdc_req/i_dst/clk_out1
    SLICE_X79Y5          FDCE                                         r  i_dmi_jtag/i_dmi_cdc/i_cdc_req/i_dst/data_dst_q_reg[addr][3]/C

Slack:                    inf
  Source:                 i_dmi_jtag/i_dmi_cdc/i_cdc_req/i_src/data_src_q_reg[data][26]/C
                            (rising edge-triggered cell FDCE clocked by tck  {rise@0.000ns fall@50.000ns period=100.000ns})
  Destination:            i_dmi_jtag/i_dmi_cdc/i_cdc_req/i_dst/data_dst_q_reg[data][26]/D
                            (rising edge-triggered cell FDCE clocked by clk_out1_xlnx_clk_gen  {rise@0.000ns fall@12.500ns period=25.000ns})
  Path Group:             (none)
  Path Type:              Setup (Max at Slow Process Corner)
  Data Path Delay:        1.269ns  (logic 0.456ns (35.927%)  route 0.813ns (64.073%))
  Logic Levels:           0  
  Clock Path Skew:        -8.578ns (DCD - SCD + CPR)
    Destination Clock Delay (DCD):    -1.583ns
    Source Clock Delay      (SCD):    6.995ns
    Clock Pessimism Removal (CPR):    0.000ns
  Clock Uncertainty:      0.604ns  ((TSJ^2 + TIJ^2 + DJ^2)^1/2) / 2 + PE
    Total System Jitter     (TSJ):    0.071ns
    Total Input Jitter      (TIJ):    1.000ns
    Discrete Jitter          (DJ):    0.149ns
    Phase Error              (PE):    0.097ns
  Timing Exception:       Asynchronous Clock Groups

    Location             Delay type                Incr(ns)  Path(ns)    Netlist Resource(s)
  -------------------------------------------------------------------    -------------------
                         (clock tck rise edge)        0.000     0.000 r  
    H15                                               0.000     0.000 r  tck (IN)
                         net (fo=0)                   0.000     0.000    tck
    H15                  IBUF (Prop_ibuf_I_O)         1.500     1.500 r  tck_IBUF_inst/O
                         net (fo=1, routed)           3.659     5.159    tck_IBUF
    BUFGCTRL_X0Y0        BUFG (Prop_bufg_I_O)         0.101     5.260 r  tck_IBUF_BUFG_inst/O
                         net (fo=258, routed)         1.735     6.995    i_dmi_jtag/i_dmi_cdc/i_cdc_req/i_src/CLK
    SLICE_X80Y4          FDCE                                         r  i_dmi_jtag/i_dmi_cdc/i_cdc_req/i_src/data_src_q_reg[data][26]/C
  -------------------------------------------------------------------    -------------------
    SLICE_X80Y4          FDCE (Prop_fdce_C_Q)         0.456     7.451 r  i_dmi_jtag/i_dmi_cdc/i_cdc_req/i_src/data_src_q_reg[data][26]/Q
                         net (fo=1, routed)           0.813     8.265    i_dmi_jtag/i_dmi_cdc/i_cdc_req/i_dst/data_dst_q_reg[data][31]_3[26]
    SLICE_X80Y6          FDCE                                         r  i_dmi_jtag/i_dmi_cdc/i_cdc_req/i_dst/data_dst_q_reg[data][26]/D
  -------------------------------------------------------------------    -------------------

                         (clock clk_out1_xlnx_clk_gen rise edge)
                                                      0.000     0.000 r  
    K17                                               0.000     0.000 r  clk_sys (IN)
                         net (fo=0)                   0.000     0.000    i_xlnx_clk_gen/inst/clk_in1
    K17                  IBUF (Prop_ibuf_I_O)         1.404     1.404 r  i_xlnx_clk_gen/inst/clkin1_ibufg/O
                         net (fo=1, routed)           1.162     2.566    i_xlnx_clk_gen/inst/clk_in1_xlnx_clk_gen
    MMCME2_ADV_X1Y2      MMCME2_ADV (Prop_mmcme2_adv_CLKIN1_CLKOUT0)
                                                     -7.814    -5.248 r  i_xlnx_clk_gen/inst/mmcm_adv_inst/CLKOUT0
                         net (fo=1, routed)           2.012    -3.236    i_xlnx_clk_gen/inst/clk_out1_xlnx_clk_gen
    BUFGCTRL_X0Y16       BUFG (Prop_bufg_I_O)         0.091    -3.145 r  i_xlnx_clk_gen/inst/clkout1_buf/O
                         net (fo=22838, routed)       1.562    -1.583    i_dmi_jtag/i_dmi_cdc/i_cdc_req/i_dst/clk_out1
    SLICE_X80Y6          FDCE                                         r  i_dmi_jtag/i_dmi_cdc/i_cdc_req/i_dst/data_dst_q_reg[data][26]/C

Slack:                    inf
  Source:                 i_dmi_jtag/i_dmi_cdc/i_cdc_req/i_src/data_src_q_reg[addr][1]/C
                            (rising edge-triggered cell FDCE clocked by tck  {rise@0.000ns fall@50.000ns period=100.000ns})
  Destination:            i_dmi_jtag/i_dmi_cdc/i_cdc_req/i_dst/data_dst_q_reg[addr][1]/D
                            (rising edge-triggered cell FDCE clocked by clk_out1_xlnx_clk_gen  {rise@0.000ns fall@12.500ns period=25.000ns})
  Path Group:             (none)
  Path Type:              Setup (Max at Slow Process Corner)
  Data Path Delay:        1.265ns  (logic 0.518ns (40.956%)  route 0.747ns (59.044%))
  Logic Levels:           0  
  Clock Path Skew:        -8.580ns (DCD - SCD + CPR)
    Destination Clock Delay (DCD):    -1.584ns
    Source Clock Delay      (SCD):    6.996ns
    Clock Pessimism Removal (CPR):    0.000ns
  Clock Uncertainty:      0.604ns  ((TSJ^2 + TIJ^2 + DJ^2)^1/2) / 2 + PE
    Total System Jitter     (TSJ):    0.071ns
    Total Input Jitter      (TIJ):    1.000ns
    Discrete Jitter          (DJ):    0.149ns
    Phase Error              (PE):    0.097ns
  Timing Exception:       Asynchronous Clock Groups

    Location             Delay type                Incr(ns)  Path(ns)    Netlist Resource(s)
  -------------------------------------------------------------------    -------------------
                         (clock tck rise edge)        0.000     0.000 r  
    H15                                               0.000     0.000 r  tck (IN)
                         net (fo=0)                   0.000     0.000    tck
    H15                  IBUF (Prop_ibuf_I_O)         1.500     1.500 r  tck_IBUF_inst/O
                         net (fo=1, routed)           3.659     5.159    tck_IBUF
    BUFGCTRL_X0Y0        BUFG (Prop_bufg_I_O)         0.101     5.260 r  tck_IBUF_BUFG_inst/O
                         net (fo=258, routed)         1.736     6.996    i_dmi_jtag/i_dmi_cdc/i_cdc_req/i_src/CLK
    SLICE_X82Y4          FDCE                                         r  i_dmi_jtag/i_dmi_cdc/i_cdc_req/i_src/data_src_q_reg[addr][1]/C
  -------------------------------------------------------------------    -------------------
    SLICE_X82Y4          FDCE (Prop_fdce_C_Q)         0.518     7.514 r  i_dmi_jtag/i_dmi_cdc/i_cdc_req/i_src/data_src_q_reg[addr][1]/Q
                         net (fo=1, routed)           0.747     8.261    i_dmi_jtag/i_dmi_cdc/i_cdc_req/i_dst/data_dst_q_reg[addr][6]_1[1]
    SLICE_X79Y5          FDCE                                         r  i_dmi_jtag/i_dmi_cdc/i_cdc_req/i_dst/data_dst_q_reg[addr][1]/D
  -------------------------------------------------------------------    -------------------

                         (clock clk_out1_xlnx_clk_gen rise edge)
                                                      0.000     0.000 r  
    K17                                               0.000     0.000 r  clk_sys (IN)
                         net (fo=0)                   0.000     0.000    i_xlnx_clk_gen/inst/clk_in1
    K17                  IBUF (Prop_ibuf_I_O)         1.404     1.404 r  i_xlnx_clk_gen/inst/clkin1_ibufg/O
                         net (fo=1, routed)           1.162     2.566    i_xlnx_clk_gen/inst/clk_in1_xlnx_clk_gen
    MMCME2_ADV_X1Y2      MMCME2_ADV (Prop_mmcme2_adv_CLKIN1_CLKOUT0)
                                                     -7.814    -5.248 r  i_xlnx_clk_gen/inst/mmcm_adv_inst/CLKOUT0
                         net (fo=1, routed)           2.012    -3.236    i_xlnx_clk_gen/inst/clk_out1_xlnx_clk_gen
    BUFGCTRL_X0Y16       BUFG (Prop_bufg_I_O)         0.091    -3.145 r  i_xlnx_clk_gen/inst/clkout1_buf/O
                         net (fo=22838, routed)       1.561    -1.584    i_dmi_jtag/i_dmi_cdc/i_cdc_req/i_dst/clk_out1
    SLICE_X79Y5          FDCE                                         r  i_dmi_jtag/i_dmi_cdc/i_cdc_req/i_dst/data_dst_q_reg[addr][1]/C

Slack:                    inf
  Source:                 i_dmi_jtag/i_dmi_cdc/i_cdc_req/i_src/data_src_q_reg[addr][5]/C
                            (rising edge-triggered cell FDCE clocked by tck  {rise@0.000ns fall@50.000ns period=100.000ns})
  Destination:            i_dmi_jtag/i_dmi_cdc/i_cdc_req/i_dst/data_dst_q_reg[addr][5]/D
                            (rising edge-triggered cell FDCE clocked by clk_out1_xlnx_clk_gen  {rise@0.000ns fall@12.500ns period=25.000ns})
  Path Group:             (none)
  Path Type:              Setup (Max at Slow Process Corner)
  Data Path Delay:        1.256ns  (logic 0.518ns (41.230%)  route 0.738ns (58.770%))
  Logic Levels:           0  
  Clock Path Skew:        -8.579ns (DCD - SCD + CPR)
    Destination Clock Delay (DCD):    -1.583ns
    Source Clock Delay      (SCD):    6.996ns
    Clock Pessimism Removal (CPR):    0.000ns
  Clock Uncertainty:      0.604ns  ((TSJ^2 + TIJ^2 + DJ^2)^1/2) / 2 + PE
    Total System Jitter     (TSJ):    0.071ns
    Total Input Jitter      (TIJ):    1.000ns
    Discrete Jitter          (DJ):    0.149ns
    Phase Error              (PE):    0.097ns
  Timing Exception:       Asynchronous Clock Groups

    Location             Delay type                Incr(ns)  Path(ns)    Netlist Resource(s)
  -------------------------------------------------------------------    -------------------
                         (clock tck rise edge)        0.000     0.000 r  
    H15                                               0.000     0.000 r  tck (IN)
                         net (fo=0)                   0.000     0.000    tck
    H15                  IBUF (Prop_ibuf_I_O)         1.500     1.500 r  tck_IBUF_inst/O
                         net (fo=1, routed)           3.659     5.159    tck_IBUF
    BUFGCTRL_X0Y0        BUFG (Prop_bufg_I_O)         0.101     5.260 r  tck_IBUF_BUFG_inst/O
                         net (fo=258, routed)         1.736     6.996    i_dmi_jtag/i_dmi_cdc/i_cdc_req/i_src/CLK
    SLICE_X82Y3          FDCE                                         r  i_dmi_jtag/i_dmi_cdc/i_cdc_req/i_src/data_src_q_reg[addr][5]/C
  -------------------------------------------------------------------    -------------------
    SLICE_X82Y3          FDCE (Prop_fdce_C_Q)         0.518     7.514 r  i_dmi_jtag/i_dmi_cdc/i_cdc_req/i_src/data_src_q_reg[addr][5]/Q
                         net (fo=1, routed)           0.738     8.253    i_dmi_jtag/i_dmi_cdc/i_cdc_req/i_dst/data_dst_q_reg[addr][6]_1[5]
    SLICE_X81Y6          FDCE                                         r  i_dmi_jtag/i_dmi_cdc/i_cdc_req/i_dst/data_dst_q_reg[addr][5]/D
  -------------------------------------------------------------------    -------------------

                         (clock clk_out1_xlnx_clk_gen rise edge)
                                                      0.000     0.000 r  
    K17                                               0.000     0.000 r  clk_sys (IN)
                         net (fo=0)                   0.000     0.000    i_xlnx_clk_gen/inst/clk_in1
    K17                  IBUF (Prop_ibuf_I_O)         1.404     1.404 r  i_xlnx_clk_gen/inst/clkin1_ibufg/O
                         net (fo=1, routed)           1.162     2.566    i_xlnx_clk_gen/inst/clk_in1_xlnx_clk_gen
    MMCME2_ADV_X1Y2      MMCME2_ADV (Prop_mmcme2_adv_CLKIN1_CLKOUT0)
                                                     -7.814    -5.248 r  i_xlnx_clk_gen/inst/mmcm_adv_inst/CLKOUT0
                         net (fo=1, routed)           2.012    -3.236    i_xlnx_clk_gen/inst/clk_out1_xlnx_clk_gen
    BUFGCTRL_X0Y16       BUFG (Prop_bufg_I_O)         0.091    -3.145 r  i_xlnx_clk_gen/inst/clkout1_buf/O
                         net (fo=22838, routed)       1.562    -1.583    i_dmi_jtag/i_dmi_cdc/i_cdc_req/i_dst/clk_out1
    SLICE_X81Y6          FDCE                                         r  i_dmi_jtag/i_dmi_cdc/i_cdc_req/i_dst/data_dst_q_reg[addr][5]/C

Slack:                    inf
  Source:                 i_dmi_jtag/i_dmi_cdc/i_cdc_req/i_src/data_src_q_reg[data][18]/C
                            (rising edge-triggered cell FDCE clocked by tck  {rise@0.000ns fall@50.000ns period=100.000ns})
  Destination:            i_dmi_jtag/i_dmi_cdc/i_cdc_req/i_dst/data_dst_q_reg[data][18]/D
                            (rising edge-triggered cell FDCE clocked by clk_out1_xlnx_clk_gen  {rise@0.000ns fall@12.500ns period=25.000ns})
  Path Group:             (none)
  Path Type:              Setup (Max at Slow Process Corner)
  Data Path Delay:        1.254ns  (logic 0.456ns (36.377%)  route 0.798ns (63.623%))
  Logic Levels:           0  
  Clock Path Skew:        -8.578ns (DCD - SCD + CPR)
    Destination Clock Delay (DCD):    -1.587ns
    Source Clock Delay      (SCD):    6.991ns
    Clock Pessimism Removal (CPR):    0.000ns
  Clock Uncertainty:      0.604ns  ((TSJ^2 + TIJ^2 + DJ^2)^1/2) / 2 + PE
    Total System Jitter     (TSJ):    0.071ns
    Total Input Jitter      (TIJ):    1.000ns
    Discrete Jitter          (DJ):    0.149ns
    Phase Error              (PE):    0.097ns
  Timing Exception:       Asynchronous Clock Groups

    Location             Delay type                Incr(ns)  Path(ns)    Netlist Resource(s)
  -------------------------------------------------------------------    -------------------
                         (clock tck rise edge)        0.000     0.000 r  
    H15                                               0.000     0.000 r  tck (IN)
                         net (fo=0)                   0.000     0.000    tck
    H15                  IBUF (Prop_ibuf_I_O)         1.500     1.500 r  tck_IBUF_inst/O
                         net (fo=1, routed)           3.659     5.159    tck_IBUF
    BUFGCTRL_X0Y0        BUFG (Prop_bufg_I_O)         0.101     5.260 r  tck_IBUF_BUFG_inst/O
                         net (fo=258, routed)         1.731     6.991    i_dmi_jtag/i_dmi_cdc/i_cdc_req/i_src/CLK
    SLICE_X75Y4          FDCE                                         r  i_dmi_jtag/i_dmi_cdc/i_cdc_req/i_src/data_src_q_reg[data][18]/C
  -------------------------------------------------------------------    -------------------
    SLICE_X75Y4          FDCE (Prop_fdce_C_Q)         0.456     7.447 r  i_dmi_jtag/i_dmi_cdc/i_cdc_req/i_src/data_src_q_reg[data][18]/Q
                         net (fo=1, routed)           0.798     8.245    i_dmi_jtag/i_dmi_cdc/i_cdc_req/i_dst/data_dst_q_reg[data][31]_3[18]
    SLICE_X69Y4          FDCE                                         r  i_dmi_jtag/i_dmi_cdc/i_cdc_req/i_dst/data_dst_q_reg[data][18]/D
  -------------------------------------------------------------------    -------------------

                         (clock clk_out1_xlnx_clk_gen rise edge)
                                                      0.000     0.000 r  
    K17                                               0.000     0.000 r  clk_sys (IN)
                         net (fo=0)                   0.000     0.000    i_xlnx_clk_gen/inst/clk_in1
    K17                  IBUF (Prop_ibuf_I_O)         1.404     1.404 r  i_xlnx_clk_gen/inst/clkin1_ibufg/O
                         net (fo=1, routed)           1.162     2.566    i_xlnx_clk_gen/inst/clk_in1_xlnx_clk_gen
    MMCME2_ADV_X1Y2      MMCME2_ADV (Prop_mmcme2_adv_CLKIN1_CLKOUT0)
                                                     -7.814    -5.248 r  i_xlnx_clk_gen/inst/mmcm_adv_inst/CLKOUT0
                         net (fo=1, routed)           2.012    -3.236    i_xlnx_clk_gen/inst/clk_out1_xlnx_clk_gen
    BUFGCTRL_X0Y16       BUFG (Prop_bufg_I_O)         0.091    -3.145 r  i_xlnx_clk_gen/inst/clkout1_buf/O
                         net (fo=22838, routed)       1.558    -1.587    i_dmi_jtag/i_dmi_cdc/i_cdc_req/i_dst/clk_out1
    SLICE_X69Y4          FDCE                                         r  i_dmi_jtag/i_dmi_cdc/i_cdc_req/i_dst/data_dst_q_reg[data][18]/C

Slack:                    inf
  Source:                 i_dmi_jtag/i_dmi_cdc/i_cdc_req/i_src/data_src_q_reg[data][11]/C
                            (rising edge-triggered cell FDCE clocked by tck  {rise@0.000ns fall@50.000ns period=100.000ns})
  Destination:            i_dmi_jtag/i_dmi_cdc/i_cdc_req/i_dst/data_dst_q_reg[data][11]/D
                            (rising edge-triggered cell FDCE clocked by clk_out1_xlnx_clk_gen  {rise@0.000ns fall@12.500ns period=25.000ns})
  Path Group:             (none)
  Path Type:              Setup (Max at Slow Process Corner)
  Data Path Delay:        1.176ns  (logic 0.456ns (38.766%)  route 0.720ns (61.234%))
  Logic Levels:           0  
  Clock Path Skew:        -8.578ns (DCD - SCD + CPR)
    Destination Clock Delay (DCD):    -1.587ns
    Source Clock Delay      (SCD):    6.991ns
    Clock Pessimism Removal (CPR):    0.000ns
  Clock Uncertainty:      0.604ns  ((TSJ^2 + TIJ^2 + DJ^2)^1/2) / 2 + PE
    Total System Jitter     (TSJ):    0.071ns
    Total Input Jitter      (TIJ):    1.000ns
    Discrete Jitter          (DJ):    0.149ns
    Phase Error              (PE):    0.097ns
  Timing Exception:       Asynchronous Clock Groups

    Location             Delay type                Incr(ns)  Path(ns)    Netlist Resource(s)
  -------------------------------------------------------------------    -------------------
                         (clock tck rise edge)        0.000     0.000 r  
    H15                                               0.000     0.000 r  tck (IN)
                         net (fo=0)                   0.000     0.000    tck
    H15                  IBUF (Prop_ibuf_I_O)         1.500     1.500 r  tck_IBUF_inst/O
                         net (fo=1, routed)           3.659     5.159    tck_IBUF
    BUFGCTRL_X0Y0        BUFG (Prop_bufg_I_O)         0.101     5.260 r  tck_IBUF_BUFG_inst/O
                         net (fo=258, routed)         1.731     6.991    i_dmi_jtag/i_dmi_cdc/i_cdc_req/i_src/CLK
    SLICE_X75Y4          FDCE                                         r  i_dmi_jtag/i_dmi_cdc/i_cdc_req/i_src/data_src_q_reg[data][11]/C
  -------------------------------------------------------------------    -------------------
    SLICE_X75Y4          FDCE (Prop_fdce_C_Q)         0.456     7.447 r  i_dmi_jtag/i_dmi_cdc/i_cdc_req/i_src/data_src_q_reg[data][11]/Q
                         net (fo=1, routed)           0.720     8.168    i_dmi_jtag/i_dmi_cdc/i_cdc_req/i_dst/data_dst_q_reg[data][31]_3[11]
    SLICE_X69Y4          FDCE                                         r  i_dmi_jtag/i_dmi_cdc/i_cdc_req/i_dst/data_dst_q_reg[data][11]/D
  -------------------------------------------------------------------    -------------------

                         (clock clk_out1_xlnx_clk_gen rise edge)
                                                      0.000     0.000 r  
    K17                                               0.000     0.000 r  clk_sys (IN)
                         net (fo=0)                   0.000     0.000    i_xlnx_clk_gen/inst/clk_in1
    K17                  IBUF (Prop_ibuf_I_O)         1.404     1.404 r  i_xlnx_clk_gen/inst/clkin1_ibufg/O
                         net (fo=1, routed)           1.162     2.566    i_xlnx_clk_gen/inst/clk_in1_xlnx_clk_gen
    MMCME2_ADV_X1Y2      MMCME2_ADV (Prop_mmcme2_adv_CLKIN1_CLKOUT0)
                                                     -7.814    -5.248 r  i_xlnx_clk_gen/inst/mmcm_adv_inst/CLKOUT0
                         net (fo=1, routed)           2.012    -3.236    i_xlnx_clk_gen/inst/clk_out1_xlnx_clk_gen
    BUFGCTRL_X0Y16       BUFG (Prop_bufg_I_O)         0.091    -3.145 r  i_xlnx_clk_gen/inst/clkout1_buf/O
                         net (fo=22838, routed)       1.558    -1.587    i_dmi_jtag/i_dmi_cdc/i_cdc_req/i_dst/clk_out1
    SLICE_X69Y4          FDCE                                         r  i_dmi_jtag/i_dmi_cdc/i_cdc_req/i_dst/data_dst_q_reg[data][11]/C

Slack:                    inf
  Source:                 i_dmi_jtag/i_dmi_cdc/i_cdc_req/i_src/data_src_q_reg[data][16]/C
                            (rising edge-triggered cell FDCE clocked by tck  {rise@0.000ns fall@50.000ns period=100.000ns})
  Destination:            i_dmi_jtag/i_dmi_cdc/i_cdc_req/i_dst/data_dst_q_reg[data][16]/D
                            (rising edge-triggered cell FDCE clocked by clk_out1_xlnx_clk_gen  {rise@0.000ns fall@12.500ns period=25.000ns})
  Path Group:             (none)
  Path Type:              Setup (Max at Slow Process Corner)
  Data Path Delay:        1.167ns  (logic 0.456ns (39.086%)  route 0.711ns (60.914%))
  Logic Levels:           0  
  Clock Path Skew:        -8.577ns (DCD - SCD + CPR)
    Destination Clock Delay (DCD):    -1.587ns
    Source Clock Delay      (SCD):    6.990ns
    Clock Pessimism Removal (CPR):    0.000ns
  Clock Uncertainty:      0.604ns  ((TSJ^2 + TIJ^2 + DJ^2)^1/2) / 2 + PE
    Total System Jitter     (TSJ):    0.071ns
    Total Input Jitter      (TIJ):    1.000ns
    Discrete Jitter          (DJ):    0.149ns
    Phase Error              (PE):    0.097ns
  Timing Exception:       Asynchronous Clock Groups

    Location             Delay type                Incr(ns)  Path(ns)    Netlist Resource(s)
  -------------------------------------------------------------------    -------------------
                         (clock tck rise edge)        0.000     0.000 r  
    H15                                               0.000     0.000 r  tck (IN)
                         net (fo=0)                   0.000     0.000    tck
    H15                  IBUF (Prop_ibuf_I_O)         1.500     1.500 r  tck_IBUF_inst/O
                         net (fo=1, routed)           3.659     5.159    tck_IBUF
    BUFGCTRL_X0Y0        BUFG (Prop_bufg_I_O)         0.101     5.260 r  tck_IBUF_BUFG_inst/O
                         net (fo=258, routed)         1.730     6.990    i_dmi_jtag/i_dmi_cdc/i_cdc_req/i_src/CLK
    SLICE_X70Y3          FDCE                                         r  i_dmi_jtag/i_dmi_cdc/i_cdc_req/i_src/data_src_q_reg[data][16]/C
  -------------------------------------------------------------------    -------------------
    SLICE_X70Y3          FDCE (Prop_fdce_C_Q)         0.456     7.446 r  i_dmi_jtag/i_dmi_cdc/i_cdc_req/i_src/data_src_q_reg[data][16]/Q
                         net (fo=1, routed)           0.711     8.157    i_dmi_jtag/i_dmi_cdc/i_cdc_req/i_dst/data_dst_q_reg[data][31]_3[16]
    SLICE_X70Y5          FDCE                                         r  i_dmi_jtag/i_dmi_cdc/i_cdc_req/i_dst/data_dst_q_reg[data][16]/D
  -------------------------------------------------------------------    -------------------

                         (clock clk_out1_xlnx_clk_gen rise edge)
                                                      0.000     0.000 r  
    K17                                               0.000     0.000 r  clk_sys (IN)
                         net (fo=0)                   0.000     0.000    i_xlnx_clk_gen/inst/clk_in1
    K17                  IBUF (Prop_ibuf_I_O)         1.404     1.404 r  i_xlnx_clk_gen/inst/clkin1_ibufg/O
                         net (fo=1, routed)           1.162     2.566    i_xlnx_clk_gen/inst/clk_in1_xlnx_clk_gen
    MMCME2_ADV_X1Y2      MMCME2_ADV (Prop_mmcme2_adv_CLKIN1_CLKOUT0)
                                                     -7.814    -5.248 r  i_xlnx_clk_gen/inst/mmcm_adv_inst/CLKOUT0
                         net (fo=1, routed)           2.012    -3.236    i_xlnx_clk_gen/inst/clk_out1_xlnx_clk_gen
    BUFGCTRL_X0Y16       BUFG (Prop_bufg_I_O)         0.091    -3.145 r  i_xlnx_clk_gen/inst/clkout1_buf/O
                         net (fo=22838, routed)       1.558    -1.587    i_dmi_jtag/i_dmi_cdc/i_cdc_req/i_dst/clk_out1
    SLICE_X70Y5          FDCE                                         r  i_dmi_jtag/i_dmi_cdc/i_cdc_req/i_dst/data_dst_q_reg[data][16]/C





Min Delay Paths
--------------------------------------------------------------------------------------
Slack:                    inf
  Source:                 i_dmi_jtag/i_dmi_cdc/i_cdc_req/i_src/data_src_q_reg[data][8]/C
                            (rising edge-triggered cell FDCE clocked by tck  {rise@0.000ns fall@50.000ns period=100.000ns})
  Destination:            i_dmi_jtag/i_dmi_cdc/i_cdc_req/i_dst/data_dst_q_reg[data][8]/D
                            (rising edge-triggered cell FDCE clocked by clk_out1_xlnx_clk_gen  {rise@0.000ns fall@12.500ns period=25.000ns})
  Path Group:             (none)
  Path Type:              Hold (Min at Fast Process Corner)
  Data Path Delay:        0.242ns  (logic 0.128ns (52.976%)  route 0.114ns (47.024%))
  Logic Levels:           0  
  Clock Path Skew:        -3.255ns (DCD - SCD - CPR)
    Destination Clock Delay (DCD):    -0.860ns
    Source Clock Delay      (SCD):    2.395ns
    Clock Pessimism Removal (CPR):    -0.000ns
  Clock Uncertainty:      0.604ns  ((TSJ^2 + TIJ^2 + DJ^2)^1/2) / 2 + PE
    Total System Jitter     (TSJ):    0.071ns
    Total Input Jitter      (TIJ):    1.000ns
    Discrete Jitter          (DJ):    0.149ns
    Phase Error              (PE):    0.097ns
  Timing Exception:       Asynchronous Clock Groups

    Location             Delay type                Incr(ns)  Path(ns)    Netlist Resource(s)
  -------------------------------------------------------------------    -------------------
                         (clock tck rise edge)        0.000     0.000 r  
    H15                                               0.000     0.000 r  tck (IN)
                         net (fo=0)                   0.000     0.000    tck
    H15                  IBUF (Prop_ibuf_I_O)         0.268     0.268 r  tck_IBUF_inst/O
                         net (fo=1, routed)           1.516     1.784    tck_IBUF
    BUFGCTRL_X0Y0        BUFG (Prop_bufg_I_O)         0.026     1.810 r  tck_IBUF_BUFG_inst/O
                         net (fo=258, routed)         0.585     2.395    i_dmi_jtag/i_dmi_cdc/i_cdc_req/i_src/CLK
    SLICE_X70Y3          FDCE                                         r  i_dmi_jtag/i_dmi_cdc/i_cdc_req/i_src/data_src_q_reg[data][8]/C
  -------------------------------------------------------------------    -------------------
    SLICE_X70Y3          FDCE (Prop_fdce_C_Q)         0.128     2.523 r  i_dmi_jtag/i_dmi_cdc/i_cdc_req/i_src/data_src_q_reg[data][8]/Q
                         net (fo=1, routed)           0.114     2.636    i_dmi_jtag/i_dmi_cdc/i_cdc_req/i_dst/data_dst_q_reg[data][31]_3[8]
    SLICE_X70Y2          FDCE                                         r  i_dmi_jtag/i_dmi_cdc/i_cdc_req/i_dst/data_dst_q_reg[data][8]/D
  -------------------------------------------------------------------    -------------------

                         (clock clk_out1_xlnx_clk_gen rise edge)
                                                      0.000     0.000 r  
    K17                                               0.000     0.000 r  clk_sys (IN)
                         net (fo=0)                   0.000     0.000    i_xlnx_clk_gen/inst/clk_in1
    K17                  IBUF (Prop_ibuf_I_O)         0.431     0.431 r  i_xlnx_clk_gen/inst/clkin1_ibufg/O
                         net (fo=1, routed)           0.480     0.911    i_xlnx_clk_gen/inst/clk_in1_xlnx_clk_gen
    MMCME2_ADV_X1Y2      MMCME2_ADV (Prop_mmcme2_adv_CLKIN1_CLKOUT0)
                                                     -3.407    -2.496 r  i_xlnx_clk_gen/inst/mmcm_adv_inst/CLKOUT0
                         net (fo=1, routed)           0.752    -1.744    i_xlnx_clk_gen/inst/clk_out1_xlnx_clk_gen
    BUFGCTRL_X0Y16       BUFG (Prop_bufg_I_O)         0.029    -1.715 r  i_xlnx_clk_gen/inst/clkout1_buf/O
                         net (fo=22838, routed)       0.855    -0.860    i_dmi_jtag/i_dmi_cdc/i_cdc_req/i_dst/clk_out1
    SLICE_X70Y2          FDCE                                         r  i_dmi_jtag/i_dmi_cdc/i_cdc_req/i_dst/data_dst_q_reg[data][8]/C

Slack:                    inf
  Source:                 i_dmi_jtag/i_dmi_cdc/i_cdc_req/i_src/data_src_q_reg[data][24]/C
                            (rising edge-triggered cell FDCE clocked by tck  {rise@0.000ns fall@50.000ns period=100.000ns})
  Destination:            i_dmi_jtag/i_dmi_cdc/i_cdc_req/i_dst/data_dst_q_reg[data][24]/D
                            (rising edge-triggered cell FDCE clocked by clk_out1_xlnx_clk_gen  {rise@0.000ns fall@12.500ns period=25.000ns})
  Path Group:             (none)
  Path Type:              Hold (Min at Fast Process Corner)
  Data Path Delay:        0.244ns  (logic 0.141ns (57.827%)  route 0.103ns (42.173%))
  Logic Levels:           0  
  Clock Path Skew:        -3.256ns (DCD - SCD - CPR)
    Destination Clock Delay (DCD):    -0.860ns
    Source Clock Delay      (SCD):    2.396ns
    Clock Pessimism Removal (CPR):    -0.000ns
  Clock Uncertainty:      0.604ns  ((TSJ^2 + TIJ^2 + DJ^2)^1/2) / 2 + PE
    Total System Jitter     (TSJ):    0.071ns
    Total Input Jitter      (TIJ):    1.000ns
    Discrete Jitter          (DJ):    0.149ns
    Phase Error              (PE):    0.097ns
  Timing Exception:       Asynchronous Clock Groups

    Location             Delay type                Incr(ns)  Path(ns)    Netlist Resource(s)
  -------------------------------------------------------------------    -------------------
                         (clock tck rise edge)        0.000     0.000 r  
    H15                                               0.000     0.000 r  tck (IN)
                         net (fo=0)                   0.000     0.000    tck
    H15                  IBUF (Prop_ibuf_I_O)         0.268     0.268 r  tck_IBUF_inst/O
                         net (fo=1, routed)           1.516     1.784    tck_IBUF
    BUFGCTRL_X0Y0        BUFG (Prop_bufg_I_O)         0.026     1.810 r  tck_IBUF_BUFG_inst/O
                         net (fo=258, routed)         0.586     2.396    i_dmi_jtag/i_dmi_cdc/i_cdc_req/i_src/CLK
    SLICE_X74Y3          FDCE                                         r  i_dmi_jtag/i_dmi_cdc/i_cdc_req/i_src/data_src_q_reg[data][24]/C
  -------------------------------------------------------------------    -------------------
    SLICE_X74Y3          FDCE (Prop_fdce_C_Q)         0.141     2.537 r  i_dmi_jtag/i_dmi_cdc/i_cdc_req/i_src/data_src_q_reg[data][24]/Q
                         net (fo=1, routed)           0.103     2.640    i_dmi_jtag/i_dmi_cdc/i_cdc_req/i_dst/data_dst_q_reg[data][31]_3[24]
    SLICE_X73Y3          FDCE                                         r  i_dmi_jtag/i_dmi_cdc/i_cdc_req/i_dst/data_dst_q_reg[data][24]/D
  -------------------------------------------------------------------    -------------------

                         (clock clk_out1_xlnx_clk_gen rise edge)
                                                      0.000     0.000 r  
    K17                                               0.000     0.000 r  clk_sys (IN)
                         net (fo=0)                   0.000     0.000    i_xlnx_clk_gen/inst/clk_in1
    K17                  IBUF (Prop_ibuf_I_O)         0.431     0.431 r  i_xlnx_clk_gen/inst/clkin1_ibufg/O
                         net (fo=1, routed)           0.480     0.911    i_xlnx_clk_gen/inst/clk_in1_xlnx_clk_gen
    MMCME2_ADV_X1Y2      MMCME2_ADV (Prop_mmcme2_adv_CLKIN1_CLKOUT0)
                                                     -3.407    -2.496 r  i_xlnx_clk_gen/inst/mmcm_adv_inst/CLKOUT0
                         net (fo=1, routed)           0.752    -1.744    i_xlnx_clk_gen/inst/clk_out1_xlnx_clk_gen
    BUFGCTRL_X0Y16       BUFG (Prop_bufg_I_O)         0.029    -1.715 r  i_xlnx_clk_gen/inst/clkout1_buf/O
                         net (fo=22838, routed)       0.855    -0.860    i_dmi_jtag/i_dmi_cdc/i_cdc_req/i_dst/clk_out1
    SLICE_X73Y3          FDCE                                         r  i_dmi_jtag/i_dmi_cdc/i_cdc_req/i_dst/data_dst_q_reg[data][24]/C

Slack:                    inf
  Source:                 i_dmi_jtag/i_dmi_cdc/i_cdc_req/i_src/data_src_q_reg[data][7]/C
                            (rising edge-triggered cell FDCE clocked by tck  {rise@0.000ns fall@50.000ns period=100.000ns})
  Destination:            i_dmi_jtag/i_dmi_cdc/i_cdc_req/i_dst/data_dst_q_reg[data][7]/D
                            (rising edge-triggered cell FDCE clocked by clk_out1_xlnx_clk_gen  {rise@0.000ns fall@12.500ns period=25.000ns})
  Path Group:             (none)
  Path Type:              Hold (Min at Fast Process Corner)
  Data Path Delay:        0.245ns  (logic 0.141ns (57.590%)  route 0.104ns (42.410%))
  Logic Levels:           0  
  Clock Path Skew:        -3.256ns (DCD - SCD - CPR)
    Destination Clock Delay (DCD):    -0.860ns
    Source Clock Delay      (SCD):    2.396ns
    Clock Pessimism Removal (CPR):    -0.000ns
  Clock Uncertainty:      0.604ns  ((TSJ^2 + TIJ^2 + DJ^2)^1/2) / 2 + PE
    Total System Jitter     (TSJ):    0.071ns
    Total Input Jitter      (TIJ):    1.000ns
    Discrete Jitter          (DJ):    0.149ns
    Phase Error              (PE):    0.097ns
  Timing Exception:       Asynchronous Clock Groups

    Location             Delay type                Incr(ns)  Path(ns)    Netlist Resource(s)
  -------------------------------------------------------------------    -------------------
                         (clock tck rise edge)        0.000     0.000 r  
    H15                                               0.000     0.000 r  tck (IN)
                         net (fo=0)                   0.000     0.000    tck
    H15                  IBUF (Prop_ibuf_I_O)         0.268     0.268 r  tck_IBUF_inst/O
                         net (fo=1, routed)           1.516     1.784    tck_IBUF
    BUFGCTRL_X0Y0        BUFG (Prop_bufg_I_O)         0.026     1.810 r  tck_IBUF_BUFG_inst/O
                         net (fo=258, routed)         0.586     2.396    i_dmi_jtag/i_dmi_cdc/i_cdc_req/i_src/CLK
    SLICE_X74Y3          FDCE                                         r  i_dmi_jtag/i_dmi_cdc/i_cdc_req/i_src/data_src_q_reg[data][7]/C
  -------------------------------------------------------------------    -------------------
    SLICE_X74Y3          FDCE (Prop_fdce_C_Q)         0.141     2.537 r  i_dmi_jtag/i_dmi_cdc/i_cdc_req/i_src/data_src_q_reg[data][7]/Q
                         net (fo=1, routed)           0.104     2.641    i_dmi_jtag/i_dmi_cdc/i_cdc_req/i_dst/data_dst_q_reg[data][31]_3[7]
    SLICE_X73Y3          FDCE                                         r  i_dmi_jtag/i_dmi_cdc/i_cdc_req/i_dst/data_dst_q_reg[data][7]/D
  -------------------------------------------------------------------    -------------------

                         (clock clk_out1_xlnx_clk_gen rise edge)
                                                      0.000     0.000 r  
    K17                                               0.000     0.000 r  clk_sys (IN)
                         net (fo=0)                   0.000     0.000    i_xlnx_clk_gen/inst/clk_in1
    K17                  IBUF (Prop_ibuf_I_O)         0.431     0.431 r  i_xlnx_clk_gen/inst/clkin1_ibufg/O
                         net (fo=1, routed)           0.480     0.911    i_xlnx_clk_gen/inst/clk_in1_xlnx_clk_gen
    MMCME2_ADV_X1Y2      MMCME2_ADV (Prop_mmcme2_adv_CLKIN1_CLKOUT0)
                                                     -3.407    -2.496 r  i_xlnx_clk_gen/inst/mmcm_adv_inst/CLKOUT0
                         net (fo=1, routed)           0.752    -1.744    i_xlnx_clk_gen/inst/clk_out1_xlnx_clk_gen
    BUFGCTRL_X0Y16       BUFG (Prop_bufg_I_O)         0.029    -1.715 r  i_xlnx_clk_gen/inst/clkout1_buf/O
                         net (fo=22838, routed)       0.855    -0.860    i_dmi_jtag/i_dmi_cdc/i_cdc_req/i_dst/clk_out1
    SLICE_X73Y3          FDCE                                         r  i_dmi_jtag/i_dmi_cdc/i_cdc_req/i_dst/data_dst_q_reg[data][7]/C

Slack:                    inf
  Source:                 i_dmi_jtag/i_dmi_cdc/i_cdc_req/i_src/data_src_q_reg[data][9]/C
                            (rising edge-triggered cell FDCE clocked by tck  {rise@0.000ns fall@50.000ns period=100.000ns})
  Destination:            i_dmi_jtag/i_dmi_cdc/i_cdc_req/i_dst/data_dst_q_reg[data][9]/D
                            (rising edge-triggered cell FDCE clocked by clk_out1_xlnx_clk_gen  {rise@0.000ns fall@12.500ns period=25.000ns})
  Path Group:             (none)
  Path Type:              Hold (Min at Fast Process Corner)
  Data Path Delay:        0.249ns  (logic 0.128ns (51.354%)  route 0.121ns (48.646%))
  Logic Levels:           0  
  Clock Path Skew:        -3.255ns (DCD - SCD - CPR)
    Destination Clock Delay (DCD):    -0.860ns
    Source Clock Delay      (SCD):    2.395ns
    Clock Pessimism Removal (CPR):    -0.000ns
  Clock Uncertainty:      0.604ns  ((TSJ^2 + TIJ^2 + DJ^2)^1/2) / 2 + PE
    Total System Jitter     (TSJ):    0.071ns
    Total Input Jitter      (TIJ):    1.000ns
    Discrete Jitter          (DJ):    0.149ns
    Phase Error              (PE):    0.097ns
  Timing Exception:       Asynchronous Clock Groups

    Location             Delay type                Incr(ns)  Path(ns)    Netlist Resource(s)
  -------------------------------------------------------------------    -------------------
                         (clock tck rise edge)        0.000     0.000 r  
    H15                                               0.000     0.000 r  tck (IN)
                         net (fo=0)                   0.000     0.000    tck
    H15                  IBUF (Prop_ibuf_I_O)         0.268     0.268 r  tck_IBUF_inst/O
                         net (fo=1, routed)           1.516     1.784    tck_IBUF
    BUFGCTRL_X0Y0        BUFG (Prop_bufg_I_O)         0.026     1.810 r  tck_IBUF_BUFG_inst/O
                         net (fo=258, routed)         0.585     2.395    i_dmi_jtag/i_dmi_cdc/i_cdc_req/i_src/CLK
    SLICE_X70Y3          FDCE                                         r  i_dmi_jtag/i_dmi_cdc/i_cdc_req/i_src/data_src_q_reg[data][9]/C
  -------------------------------------------------------------------    -------------------
    SLICE_X70Y3          FDCE (Prop_fdce_C_Q)         0.128     2.523 r  i_dmi_jtag/i_dmi_cdc/i_cdc_req/i_src/data_src_q_reg[data][9]/Q
                         net (fo=1, routed)           0.121     2.644    i_dmi_jtag/i_dmi_cdc/i_cdc_req/i_dst/data_dst_q_reg[data][31]_3[9]
    SLICE_X70Y2          FDCE                                         r  i_dmi_jtag/i_dmi_cdc/i_cdc_req/i_dst/data_dst_q_reg[data][9]/D
  -------------------------------------------------------------------    -------------------

                         (clock clk_out1_xlnx_clk_gen rise edge)
                                                      0.000     0.000 r  
    K17                                               0.000     0.000 r  clk_sys (IN)
                         net (fo=0)                   0.000     0.000    i_xlnx_clk_gen/inst/clk_in1
    K17                  IBUF (Prop_ibuf_I_O)         0.431     0.431 r  i_xlnx_clk_gen/inst/clkin1_ibufg/O
                         net (fo=1, routed)           0.480     0.911    i_xlnx_clk_gen/inst/clk_in1_xlnx_clk_gen
    MMCME2_ADV_X1Y2      MMCME2_ADV (Prop_mmcme2_adv_CLKIN1_CLKOUT0)
                                                     -3.407    -2.496 r  i_xlnx_clk_gen/inst/mmcm_adv_inst/CLKOUT0
                         net (fo=1, routed)           0.752    -1.744    i_xlnx_clk_gen/inst/clk_out1_xlnx_clk_gen
    BUFGCTRL_X0Y16       BUFG (Prop_bufg_I_O)         0.029    -1.715 r  i_xlnx_clk_gen/inst/clkout1_buf/O
                         net (fo=22838, routed)       0.855    -0.860    i_dmi_jtag/i_dmi_cdc/i_cdc_req/i_dst/clk_out1
    SLICE_X70Y2          FDCE                                         r  i_dmi_jtag/i_dmi_cdc/i_cdc_req/i_dst/data_dst_q_reg[data][9]/C

Slack:                    inf
  Source:                 i_dmi_jtag/i_dmi_cdc/i_cdc_req/i_src/data_src_q_reg[data][22]/C
                            (rising edge-triggered cell FDCE clocked by tck  {rise@0.000ns fall@50.000ns period=100.000ns})
  Destination:            i_dmi_jtag/i_dmi_cdc/i_cdc_req/i_dst/data_dst_q_reg[data][22]/D
                            (rising edge-triggered cell FDCE clocked by clk_out1_xlnx_clk_gen  {rise@0.000ns fall@12.500ns period=25.000ns})
  Path Group:             (none)
  Path Type:              Hold (Min at Fast Process Corner)
  Data Path Delay:        0.253ns  (logic 0.141ns (55.769%)  route 0.112ns (44.231%))
  Logic Levels:           0  
  Clock Path Skew:        -3.255ns (DCD - SCD - CPR)
    Destination Clock Delay (DCD):    -0.860ns
    Source Clock Delay      (SCD):    2.395ns
    Clock Pessimism Removal (CPR):    -0.000ns
  Clock Uncertainty:      0.604ns  ((TSJ^2 + TIJ^2 + DJ^2)^1/2) / 2 + PE
    Total System Jitter     (TSJ):    0.071ns
    Total Input Jitter      (TIJ):    1.000ns
    Discrete Jitter          (DJ):    0.149ns
    Phase Error              (PE):    0.097ns
  Timing Exception:       Asynchronous Clock Groups

    Location             Delay type                Incr(ns)  Path(ns)    Netlist Resource(s)
  -------------------------------------------------------------------    -------------------
                         (clock tck rise edge)        0.000     0.000 r  
    H15                                               0.000     0.000 r  tck (IN)
                         net (fo=0)                   0.000     0.000    tck
    H15                  IBUF (Prop_ibuf_I_O)         0.268     0.268 r  tck_IBUF_inst/O
                         net (fo=1, routed)           1.516     1.784    tck_IBUF
    BUFGCTRL_X0Y0        BUFG (Prop_bufg_I_O)         0.026     1.810 r  tck_IBUF_BUFG_inst/O
                         net (fo=258, routed)         0.585     2.395    i_dmi_jtag/i_dmi_cdc/i_cdc_req/i_src/CLK
    SLICE_X70Y3          FDCE                                         r  i_dmi_jtag/i_dmi_cdc/i_cdc_req/i_src/data_src_q_reg[data][22]/C
  -------------------------------------------------------------------    -------------------
    SLICE_X70Y3          FDCE (Prop_fdce_C_Q)         0.141     2.536 r  i_dmi_jtag/i_dmi_cdc/i_cdc_req/i_src/data_src_q_reg[data][22]/Q
                         net (fo=1, routed)           0.112     2.648    i_dmi_jtag/i_dmi_cdc/i_cdc_req/i_dst/data_dst_q_reg[data][31]_3[22]
    SLICE_X70Y2          FDCE                                         r  i_dmi_jtag/i_dmi_cdc/i_cdc_req/i_dst/data_dst_q_reg[data][22]/D
  -------------------------------------------------------------------    -------------------

                         (clock clk_out1_xlnx_clk_gen rise edge)
                                                      0.000     0.000 r  
    K17                                               0.000     0.000 r  clk_sys (IN)
                         net (fo=0)                   0.000     0.000    i_xlnx_clk_gen/inst/clk_in1
    K17                  IBUF (Prop_ibuf_I_O)         0.431     0.431 r  i_xlnx_clk_gen/inst/clkin1_ibufg/O
                         net (fo=1, routed)           0.480     0.911    i_xlnx_clk_gen/inst/clk_in1_xlnx_clk_gen
    MMCME2_ADV_X1Y2      MMCME2_ADV (Prop_mmcme2_adv_CLKIN1_CLKOUT0)
                                                     -3.407    -2.496 r  i_xlnx_clk_gen/inst/mmcm_adv_inst/CLKOUT0
                         net (fo=1, routed)           0.752    -1.744    i_xlnx_clk_gen/inst/clk_out1_xlnx_clk_gen
    BUFGCTRL_X0Y16       BUFG (Prop_bufg_I_O)         0.029    -1.715 r  i_xlnx_clk_gen/inst/clkout1_buf/O
                         net (fo=22838, routed)       0.855    -0.860    i_dmi_jtag/i_dmi_cdc/i_cdc_req/i_dst/clk_out1
    SLICE_X70Y2          FDCE                                         r  i_dmi_jtag/i_dmi_cdc/i_cdc_req/i_dst/data_dst_q_reg[data][22]/C

Slack:                    inf
  Source:                 i_dmi_jtag/i_dmi_cdc/i_cdc_req/i_src/data_src_q_reg[data][23]/C
                            (rising edge-triggered cell FDCE clocked by tck  {rise@0.000ns fall@50.000ns period=100.000ns})
  Destination:            i_dmi_jtag/i_dmi_cdc/i_cdc_req/i_dst/data_dst_q_reg[data][23]/D
                            (rising edge-triggered cell FDCE clocked by clk_out1_xlnx_clk_gen  {rise@0.000ns fall@12.500ns period=25.000ns})
  Path Group:             (none)
  Path Type:              Hold (Min at Fast Process Corner)
  Data Path Delay:        0.258ns  (logic 0.141ns (54.702%)  route 0.117ns (45.298%))
  Logic Levels:           0  
  Clock Path Skew:        -3.257ns (DCD - SCD - CPR)
    Destination Clock Delay (DCD):    -0.861ns
    Source Clock Delay      (SCD):    2.396ns
    Clock Pessimism Removal (CPR):    -0.000ns
  Clock Uncertainty:      0.604ns  ((TSJ^2 + TIJ^2 + DJ^2)^1/2) / 2 + PE
    Total System Jitter     (TSJ):    0.071ns
    Total Input Jitter      (TIJ):    1.000ns
    Discrete Jitter          (DJ):    0.149ns
    Phase Error              (PE):    0.097ns
  Timing Exception:       Asynchronous Clock Groups

    Location             Delay type                Incr(ns)  Path(ns)    Netlist Resource(s)
  -------------------------------------------------------------------    -------------------
                         (clock tck rise edge)        0.000     0.000 r  
    H15                                               0.000     0.000 r  tck (IN)
                         net (fo=0)                   0.000     0.000    tck
    H15                  IBUF (Prop_ibuf_I_O)         0.268     0.268 r  tck_IBUF_inst/O
                         net (fo=1, routed)           1.516     1.784    tck_IBUF
    BUFGCTRL_X0Y0        BUFG (Prop_bufg_I_O)         0.026     1.810 r  tck_IBUF_BUFG_inst/O
                         net (fo=258, routed)         0.586     2.396    i_dmi_jtag/i_dmi_cdc/i_cdc_req/i_src/CLK
    SLICE_X72Y4          FDCE                                         r  i_dmi_jtag/i_dmi_cdc/i_cdc_req/i_src/data_src_q_reg[data][23]/C
  -------------------------------------------------------------------    -------------------
    SLICE_X72Y4          FDCE (Prop_fdce_C_Q)         0.141     2.537 r  i_dmi_jtag/i_dmi_cdc/i_cdc_req/i_src/data_src_q_reg[data][23]/Q
                         net (fo=1, routed)           0.117     2.653    i_dmi_jtag/i_dmi_cdc/i_cdc_req/i_dst/data_dst_q_reg[data][31]_3[23]
    SLICE_X70Y5          FDCE                                         r  i_dmi_jtag/i_dmi_cdc/i_cdc_req/i_dst/data_dst_q_reg[data][23]/D
  -------------------------------------------------------------------    -------------------

                         (clock clk_out1_xlnx_clk_gen rise edge)
                                                      0.000     0.000 r  
    K17                                               0.000     0.000 r  clk_sys (IN)
                         net (fo=0)                   0.000     0.000    i_xlnx_clk_gen/inst/clk_in1
    K17                  IBUF (Prop_ibuf_I_O)         0.431     0.431 r  i_xlnx_clk_gen/inst/clkin1_ibufg/O
                         net (fo=1, routed)           0.480     0.911    i_xlnx_clk_gen/inst/clk_in1_xlnx_clk_gen
    MMCME2_ADV_X1Y2      MMCME2_ADV (Prop_mmcme2_adv_CLKIN1_CLKOUT0)
                                                     -3.407    -2.496 r  i_xlnx_clk_gen/inst/mmcm_adv_inst/CLKOUT0
                         net (fo=1, routed)           0.752    -1.744    i_xlnx_clk_gen/inst/clk_out1_xlnx_clk_gen
    BUFGCTRL_X0Y16       BUFG (Prop_bufg_I_O)         0.029    -1.715 r  i_xlnx_clk_gen/inst/clkout1_buf/O
                         net (fo=22838, routed)       0.854    -0.861    i_dmi_jtag/i_dmi_cdc/i_cdc_req/i_dst/clk_out1
    SLICE_X70Y5          FDCE                                         r  i_dmi_jtag/i_dmi_cdc/i_cdc_req/i_dst/data_dst_q_reg[data][23]/C

Slack:                    inf
  Source:                 i_dmi_jtag/i_dmi_cdc/i_cdc_req/i_src/data_src_q_reg[data][29]/C
                            (rising edge-triggered cell FDCE clocked by tck  {rise@0.000ns fall@50.000ns period=100.000ns})
  Destination:            i_dmi_jtag/i_dmi_cdc/i_cdc_req/i_dst/data_dst_q_reg[data][29]/D
                            (rising edge-triggered cell FDCE clocked by clk_out1_xlnx_clk_gen  {rise@0.000ns fall@12.500ns period=25.000ns})
  Path Group:             (none)
  Path Type:              Hold (Min at Fast Process Corner)
  Data Path Delay:        0.261ns  (logic 0.141ns (54.072%)  route 0.120ns (45.928%))
  Logic Levels:           0  
  Clock Path Skew:        -3.257ns (DCD - SCD - CPR)
    Destination Clock Delay (DCD):    -0.861ns
    Source Clock Delay      (SCD):    2.396ns
    Clock Pessimism Removal (CPR):    -0.000ns
  Clock Uncertainty:      0.604ns  ((TSJ^2 + TIJ^2 + DJ^2)^1/2) / 2 + PE
    Total System Jitter     (TSJ):    0.071ns
    Total Input Jitter      (TIJ):    1.000ns
    Discrete Jitter          (DJ):    0.149ns
    Phase Error              (PE):    0.097ns
  Timing Exception:       Asynchronous Clock Groups

    Location             Delay type                Incr(ns)  Path(ns)    Netlist Resource(s)
  -------------------------------------------------------------------    -------------------
                         (clock tck rise edge)        0.000     0.000 r  
    H15                                               0.000     0.000 r  tck (IN)
                         net (fo=0)                   0.000     0.000    tck
    H15                  IBUF (Prop_ibuf_I_O)         0.268     0.268 r  tck_IBUF_inst/O
                         net (fo=1, routed)           1.516     1.784    tck_IBUF
    BUFGCTRL_X0Y0        BUFG (Prop_bufg_I_O)         0.026     1.810 r  tck_IBUF_BUFG_inst/O
                         net (fo=258, routed)         0.586     2.396    i_dmi_jtag/i_dmi_cdc/i_cdc_req/i_src/CLK
    SLICE_X72Y4          FDCE                                         r  i_dmi_jtag/i_dmi_cdc/i_cdc_req/i_src/data_src_q_reg[data][29]/C
  -------------------------------------------------------------------    -------------------
    SLICE_X72Y4          FDCE (Prop_fdce_C_Q)         0.141     2.537 r  i_dmi_jtag/i_dmi_cdc/i_cdc_req/i_src/data_src_q_reg[data][29]/Q
                         net (fo=1, routed)           0.120     2.656    i_dmi_jtag/i_dmi_cdc/i_cdc_req/i_dst/data_dst_q_reg[data][31]_3[29]
    SLICE_X70Y5          FDCE                                         r  i_dmi_jtag/i_dmi_cdc/i_cdc_req/i_dst/data_dst_q_reg[data][29]/D
  -------------------------------------------------------------------    -------------------

                         (clock clk_out1_xlnx_clk_gen rise edge)
                                                      0.000     0.000 r  
    K17                                               0.000     0.000 r  clk_sys (IN)
                         net (fo=0)                   0.000     0.000    i_xlnx_clk_gen/inst/clk_in1
    K17                  IBUF (Prop_ibuf_I_O)         0.431     0.431 r  i_xlnx_clk_gen/inst/clkin1_ibufg/O
                         net (fo=1, routed)           0.480     0.911    i_xlnx_clk_gen/inst/clk_in1_xlnx_clk_gen
    MMCME2_ADV_X1Y2      MMCME2_ADV (Prop_mmcme2_adv_CLKIN1_CLKOUT0)
                                                     -3.407    -2.496 r  i_xlnx_clk_gen/inst/mmcm_adv_inst/CLKOUT0
                         net (fo=1, routed)           0.752    -1.744    i_xlnx_clk_gen/inst/clk_out1_xlnx_clk_gen
    BUFGCTRL_X0Y16       BUFG (Prop_bufg_I_O)         0.029    -1.715 r  i_xlnx_clk_gen/inst/clkout1_buf/O
                         net (fo=22838, routed)       0.854    -0.861    i_dmi_jtag/i_dmi_cdc/i_cdc_req/i_dst/clk_out1
    SLICE_X70Y5          FDCE                                         r  i_dmi_jtag/i_dmi_cdc/i_cdc_req/i_dst/data_dst_q_reg[data][29]/C

Slack:                    inf
  Source:                 i_dmi_jtag/i_dmi_cdc/i_cdc_req/i_src/data_src_q_reg[data][5]/C
                            (rising edge-triggered cell FDCE clocked by tck  {rise@0.000ns fall@50.000ns period=100.000ns})
  Destination:            i_dmi_jtag/i_dmi_cdc/i_cdc_req/i_dst/data_dst_q_reg[data][5]/D
                            (rising edge-triggered cell FDCE clocked by clk_out1_xlnx_clk_gen  {rise@0.000ns fall@12.500ns period=25.000ns})
  Path Group:             (none)
  Path Type:              Hold (Min at Fast Process Corner)
  Data Path Delay:        0.305ns  (logic 0.141ns (46.211%)  route 0.164ns (53.789%))
  Logic Levels:           0  
  Clock Path Skew:        -3.256ns (DCD - SCD - CPR)
    Destination Clock Delay (DCD):    -0.861ns
    Source Clock Delay      (SCD):    2.395ns
    Clock Pessimism Removal (CPR):    -0.000ns
  Clock Uncertainty:      0.604ns  ((TSJ^2 + TIJ^2 + DJ^2)^1/2) / 2 + PE
    Total System Jitter     (TSJ):    0.071ns
    Total Input Jitter      (TIJ):    1.000ns
    Discrete Jitter          (DJ):    0.149ns
    Phase Error              (PE):    0.097ns
  Timing Exception:       Asynchronous Clock Groups

    Location             Delay type                Incr(ns)  Path(ns)    Netlist Resource(s)
  -------------------------------------------------------------------    -------------------
                         (clock tck rise edge)        0.000     0.000 r  
    H15                                               0.000     0.000 r  tck (IN)
                         net (fo=0)                   0.000     0.000    tck
    H15                  IBUF (Prop_ibuf_I_O)         0.268     0.268 r  tck_IBUF_inst/O
                         net (fo=1, routed)           1.516     1.784    tck_IBUF
    BUFGCTRL_X0Y0        BUFG (Prop_bufg_I_O)         0.026     1.810 r  tck_IBUF_BUFG_inst/O
                         net (fo=258, routed)         0.585     2.395    i_dmi_jtag/i_dmi_cdc/i_cdc_req/i_src/CLK
    SLICE_X70Y3          FDCE                                         r  i_dmi_jtag/i_dmi_cdc/i_cdc_req/i_src/data_src_q_reg[data][5]/C
  -------------------------------------------------------------------    -------------------
    SLICE_X70Y3          FDCE (Prop_fdce_C_Q)         0.141     2.536 r  i_dmi_jtag/i_dmi_cdc/i_cdc_req/i_src/data_src_q_reg[data][5]/Q
                         net (fo=1, routed)           0.164     2.700    i_dmi_jtag/i_dmi_cdc/i_cdc_req/i_dst/data_dst_q_reg[data][31]_3[5]
    SLICE_X69Y4          FDCE                                         r  i_dmi_jtag/i_dmi_cdc/i_cdc_req/i_dst/data_dst_q_reg[data][5]/D
  -------------------------------------------------------------------    -------------------

                         (clock clk_out1_xlnx_clk_gen rise edge)
                                                      0.000     0.000 r  
    K17                                               0.000     0.000 r  clk_sys (IN)
                         net (fo=0)                   0.000     0.000    i_xlnx_clk_gen/inst/clk_in1
    K17                  IBUF (Prop_ibuf_I_O)         0.431     0.431 r  i_xlnx_clk_gen/inst/clkin1_ibufg/O
                         net (fo=1, routed)           0.480     0.911    i_xlnx_clk_gen/inst/clk_in1_xlnx_clk_gen
    MMCME2_ADV_X1Y2      MMCME2_ADV (Prop_mmcme2_adv_CLKIN1_CLKOUT0)
                                                     -3.407    -2.496 r  i_xlnx_clk_gen/inst/mmcm_adv_inst/CLKOUT0
                         net (fo=1, routed)           0.752    -1.744    i_xlnx_clk_gen/inst/clk_out1_xlnx_clk_gen
    BUFGCTRL_X0Y16       BUFG (Prop_bufg_I_O)         0.029    -1.715 r  i_xlnx_clk_gen/inst/clkout1_buf/O
                         net (fo=22838, routed)       0.854    -0.861    i_dmi_jtag/i_dmi_cdc/i_cdc_req/i_dst/clk_out1
    SLICE_X69Y4          FDCE                                         r  i_dmi_jtag/i_dmi_cdc/i_cdc_req/i_dst/data_dst_q_reg[data][5]/C

Slack:                    inf
  Source:                 i_dmi_jtag/i_dmi_cdc/i_cdc_req/i_src/data_src_q_reg[data][6]/C
                            (rising edge-triggered cell FDCE clocked by tck  {rise@0.000ns fall@50.000ns period=100.000ns})
  Destination:            i_dmi_jtag/i_dmi_cdc/i_cdc_req/i_dst/data_dst_q_reg[data][6]/D
                            (rising edge-triggered cell FDCE clocked by clk_out1_xlnx_clk_gen  {rise@0.000ns fall@12.500ns period=25.000ns})
  Path Group:             (none)
  Path Type:              Hold (Min at Fast Process Corner)
  Data Path Delay:        0.305ns  (logic 0.141ns (46.178%)  route 0.164ns (53.822%))
  Logic Levels:           0  
  Clock Path Skew:        -3.256ns (DCD - SCD - CPR)
    Destination Clock Delay (DCD):    -0.861ns
    Source Clock Delay      (SCD):    2.395ns
    Clock Pessimism Removal (CPR):    -0.000ns
  Clock Uncertainty:      0.604ns  ((TSJ^2 + TIJ^2 + DJ^2)^1/2) / 2 + PE
    Total System Jitter     (TSJ):    0.071ns
    Total Input Jitter      (TIJ):    1.000ns
    Discrete Jitter          (DJ):    0.149ns
    Phase Error              (PE):    0.097ns
  Timing Exception:       Asynchronous Clock Groups

    Location             Delay type                Incr(ns)  Path(ns)    Netlist Resource(s)
  -------------------------------------------------------------------    -------------------
                         (clock tck rise edge)        0.000     0.000 r  
    H15                                               0.000     0.000 r  tck (IN)
                         net (fo=0)                   0.000     0.000    tck
    H15                  IBUF (Prop_ibuf_I_O)         0.268     0.268 r  tck_IBUF_inst/O
                         net (fo=1, routed)           1.516     1.784    tck_IBUF
    BUFGCTRL_X0Y0        BUFG (Prop_bufg_I_O)         0.026     1.810 r  tck_IBUF_BUFG_inst/O
                         net (fo=258, routed)         0.585     2.395    i_dmi_jtag/i_dmi_cdc/i_cdc_req/i_src/CLK
    SLICE_X70Y3          FDCE                                         r  i_dmi_jtag/i_dmi_cdc/i_cdc_req/i_src/data_src_q_reg[data][6]/C
  -------------------------------------------------------------------    -------------------
    SLICE_X70Y3          FDCE (Prop_fdce_C_Q)         0.141     2.536 r  i_dmi_jtag/i_dmi_cdc/i_cdc_req/i_src/data_src_q_reg[data][6]/Q
                         net (fo=1, routed)           0.164     2.700    i_dmi_jtag/i_dmi_cdc/i_cdc_req/i_dst/data_dst_q_reg[data][31]_3[6]
    SLICE_X69Y4          FDCE                                         r  i_dmi_jtag/i_dmi_cdc/i_cdc_req/i_dst/data_dst_q_reg[data][6]/D
  -------------------------------------------------------------------    -------------------

                         (clock clk_out1_xlnx_clk_gen rise edge)
                                                      0.000     0.000 r  
    K17                                               0.000     0.000 r  clk_sys (IN)
                         net (fo=0)                   0.000     0.000    i_xlnx_clk_gen/inst/clk_in1
    K17                  IBUF (Prop_ibuf_I_O)         0.431     0.431 r  i_xlnx_clk_gen/inst/clkin1_ibufg/O
                         net (fo=1, routed)           0.480     0.911    i_xlnx_clk_gen/inst/clk_in1_xlnx_clk_gen
    MMCME2_ADV_X1Y2      MMCME2_ADV (Prop_mmcme2_adv_CLKIN1_CLKOUT0)
                                                     -3.407    -2.496 r  i_xlnx_clk_gen/inst/mmcm_adv_inst/CLKOUT0
                         net (fo=1, routed)           0.752    -1.744    i_xlnx_clk_gen/inst/clk_out1_xlnx_clk_gen
    BUFGCTRL_X0Y16       BUFG (Prop_bufg_I_O)         0.029    -1.715 r  i_xlnx_clk_gen/inst/clkout1_buf/O
                         net (fo=22838, routed)       0.854    -0.861    i_dmi_jtag/i_dmi_cdc/i_cdc_req/i_dst/clk_out1
    SLICE_X69Y4          FDCE                                         r  i_dmi_jtag/i_dmi_cdc/i_cdc_req/i_dst/data_dst_q_reg[data][6]/C

Slack:                    inf
  Source:                 i_dmi_jtag/i_dmi_cdc/i_cdc_req/i_src/data_src_q_reg[data][19]/C
                            (rising edge-triggered cell FDCE clocked by tck  {rise@0.000ns fall@50.000ns period=100.000ns})
  Destination:            i_dmi_jtag/i_dmi_cdc/i_cdc_req/i_dst/data_dst_q_reg[data][19]/D
                            (rising edge-triggered cell FDCE clocked by clk_out1_xlnx_clk_gen  {rise@0.000ns fall@12.500ns period=25.000ns})
  Path Group:             (none)
  Path Type:              Hold (Min at Fast Process Corner)
  Data Path Delay:        0.306ns  (logic 0.141ns (46.105%)  route 0.165ns (53.895%))
  Logic Levels:           0  
  Clock Path Skew:        -3.257ns (DCD - SCD - CPR)
    Destination Clock Delay (DCD):    -0.861ns
    Source Clock Delay      (SCD):    2.396ns
    Clock Pessimism Removal (CPR):    -0.000ns
  Clock Uncertainty:      0.604ns  ((TSJ^2 + TIJ^2 + DJ^2)^1/2) / 2 + PE
    Total System Jitter     (TSJ):    0.071ns
    Total Input Jitter      (TIJ):    1.000ns
    Discrete Jitter          (DJ):    0.149ns
    Phase Error              (PE):    0.097ns
  Timing Exception:       Asynchronous Clock Groups

    Location             Delay type                Incr(ns)  Path(ns)    Netlist Resource(s)
  -------------------------------------------------------------------    -------------------
                         (clock tck rise edge)        0.000     0.000 r  
    H15                                               0.000     0.000 r  tck (IN)
                         net (fo=0)                   0.000     0.000    tck
    H15                  IBUF (Prop_ibuf_I_O)         0.268     0.268 r  tck_IBUF_inst/O
                         net (fo=1, routed)           1.516     1.784    tck_IBUF
    BUFGCTRL_X0Y0        BUFG (Prop_bufg_I_O)         0.026     1.810 r  tck_IBUF_BUFG_inst/O
                         net (fo=258, routed)         0.586     2.396    i_dmi_jtag/i_dmi_cdc/i_cdc_req/i_src/CLK
    SLICE_X72Y4          FDCE                                         r  i_dmi_jtag/i_dmi_cdc/i_cdc_req/i_src/data_src_q_reg[data][19]/C
  -------------------------------------------------------------------    -------------------
    SLICE_X72Y4          FDCE (Prop_fdce_C_Q)         0.141     2.537 r  i_dmi_jtag/i_dmi_cdc/i_cdc_req/i_src/data_src_q_reg[data][19]/Q
                         net (fo=1, routed)           0.165     2.702    i_dmi_jtag/i_dmi_cdc/i_cdc_req/i_dst/data_dst_q_reg[data][31]_3[19]
    SLICE_X69Y4          FDCE                                         r  i_dmi_jtag/i_dmi_cdc/i_cdc_req/i_dst/data_dst_q_reg[data][19]/D
  -------------------------------------------------------------------    -------------------

                         (clock clk_out1_xlnx_clk_gen rise edge)
                                                      0.000     0.000 r  
    K17                                               0.000     0.000 r  clk_sys (IN)
                         net (fo=0)                   0.000     0.000    i_xlnx_clk_gen/inst/clk_in1
    K17                  IBUF (Prop_ibuf_I_O)         0.431     0.431 r  i_xlnx_clk_gen/inst/clkin1_ibufg/O
                         net (fo=1, routed)           0.480     0.911    i_xlnx_clk_gen/inst/clk_in1_xlnx_clk_gen
    MMCME2_ADV_X1Y2      MMCME2_ADV (Prop_mmcme2_adv_CLKIN1_CLKOUT0)
                                                     -3.407    -2.496 r  i_xlnx_clk_gen/inst/mmcm_adv_inst/CLKOUT0
                         net (fo=1, routed)           0.752    -1.744    i_xlnx_clk_gen/inst/clk_out1_xlnx_clk_gen
    BUFGCTRL_X0Y16       BUFG (Prop_bufg_I_O)         0.029    -1.715 r  i_xlnx_clk_gen/inst/clkout1_buf/O
                         net (fo=22838, routed)       0.854    -0.861    i_dmi_jtag/i_dmi_cdc/i_cdc_req/i_dst/clk_out1
    SLICE_X69Y4          FDCE                                         r  i_dmi_jtag/i_dmi_cdc/i_cdc_req/i_dst/data_dst_q_reg[data][19]/C





--------------------------------------------------------------------------------------
Path Group:  (none)
From Clock:  
  To Clock:  tck

Max Delay           258 Endpoints
Min Delay           258 Endpoints
--------------------------------------------------------------------------------------


Max Delay Paths
--------------------------------------------------------------------------------------
Slack:                    inf
  Source:                 trst_n
                            (input port)
  Destination:            i_dmi_jtag/i_dmi_cdc/i_cdc_resp/i_dst/data_dst_q_reg[data][17]/CLR
                            (recovery check against rising-edge clock tck  {rise@0.000ns fall@50.000ns period=100.000ns})
  Path Group:             (none)
  Path Type:              Recovery (Max at Slow Process Corner)
  Data Path Delay:        9.530ns  (logic 1.694ns (17.778%)  route 7.835ns (82.222%))
  Logic Levels:           2  (IBUF=1 LUT1=1)
  Clock Path Skew:        6.198ns (DCD - SCD + CPR)
    Destination Clock Delay (DCD):    6.198ns
    Source Clock Delay      (SCD):    0.000ns
    Clock Pessimism Removal (CPR):    0.000ns
  Clock Uncertainty:      0.501ns  ((TSJ^2 + TIJ^2)^1/2 + DJ) / 2 + PE
    Total System Jitter     (TSJ):    0.050ns
    Total Input Jitter      (TIJ):    1.000ns
    Discrete Jitter          (DJ):    0.000ns
    Phase Error              (PE):    0.000ns
  Timing Exception:       False Path

    Location             Delay type                Incr(ns)  Path(ns)    Netlist Resource(s)
  -------------------------------------------------------------------    -------------------
    V13                                               0.000     0.000 r  trst_n (IN)
                         net (fo=0)                   0.000     0.000    trst_n
    V13                  IBUF (Prop_ibuf_I_O)         1.570     1.570 r  trst_n_IBUF_inst/O
                         net (fo=1, routed)           1.001     2.571    i_dmi_jtag/i_dmi_jtag_tap/trst_n_IBUF
    SLICE_X113Y93        LUT1 (Prop_lut1_I0_O)        0.124     2.695 f  i_dmi_jtag/i_dmi_jtag_tap/FSM_onehot_tap_state_q[15]_i_2/O
                         net (fo=258, routed)         6.834     9.530    i_dmi_jtag/i_dmi_cdc/i_cdc_resp/i_dst/data_dst_q_reg[resp][0]_0
    SLICE_X72Y2          FDCE                                         f  i_dmi_jtag/i_dmi_cdc/i_cdc_resp/i_dst/data_dst_q_reg[data][17]/CLR
  -------------------------------------------------------------------    -------------------

                         (clock tck rise edge)        0.000     0.000 r  
    H15                                               0.000     0.000 r  tck (IN)
                         net (fo=0)                   0.000     0.000    tck
    H15                  IBUF (Prop_ibuf_I_O)         1.430     1.430 r  tck_IBUF_inst/O
                         net (fo=1, routed)           3.120     4.550    tck_IBUF
    BUFGCTRL_X0Y0        BUFG (Prop_bufg_I_O)         0.091     4.641 r  tck_IBUF_BUFG_inst/O
                         net (fo=258, routed)         1.557     6.198    i_dmi_jtag/i_dmi_cdc/i_cdc_resp/i_dst/CLK
    SLICE_X72Y2          FDCE                                         r  i_dmi_jtag/i_dmi_cdc/i_cdc_resp/i_dst/data_dst_q_reg[data][17]/C

Slack:                    inf
  Source:                 trst_n
                            (input port)
  Destination:            i_dmi_jtag/i_dmi_cdc/i_cdc_resp/i_dst/data_dst_q_reg[data][18]/CLR
                            (recovery check against rising-edge clock tck  {rise@0.000ns fall@50.000ns period=100.000ns})
  Path Group:             (none)
  Path Type:              Recovery (Max at Slow Process Corner)
  Data Path Delay:        9.530ns  (logic 1.694ns (17.778%)  route 7.835ns (82.222%))
  Logic Levels:           2  (IBUF=1 LUT1=1)
  Clock Path Skew:        6.198ns (DCD - SCD + CPR)
    Destination Clock Delay (DCD):    6.198ns
    Source Clock Delay      (SCD):    0.000ns
    Clock Pessimism Removal (CPR):    0.000ns
  Clock Uncertainty:      0.501ns  ((TSJ^2 + TIJ^2)^1/2 + DJ) / 2 + PE
    Total System Jitter     (TSJ):    0.050ns
    Total Input Jitter      (TIJ):    1.000ns
    Discrete Jitter          (DJ):    0.000ns
    Phase Error              (PE):    0.000ns
  Timing Exception:       False Path

    Location             Delay type                Incr(ns)  Path(ns)    Netlist Resource(s)
  -------------------------------------------------------------------    -------------------
    V13                                               0.000     0.000 r  trst_n (IN)
                         net (fo=0)                   0.000     0.000    trst_n
    V13                  IBUF (Prop_ibuf_I_O)         1.570     1.570 r  trst_n_IBUF_inst/O
                         net (fo=1, routed)           1.001     2.571    i_dmi_jtag/i_dmi_jtag_tap/trst_n_IBUF
    SLICE_X113Y93        LUT1 (Prop_lut1_I0_O)        0.124     2.695 f  i_dmi_jtag/i_dmi_jtag_tap/FSM_onehot_tap_state_q[15]_i_2/O
                         net (fo=258, routed)         6.834     9.530    i_dmi_jtag/i_dmi_cdc/i_cdc_resp/i_dst/data_dst_q_reg[resp][0]_0
    SLICE_X72Y2          FDCE                                         f  i_dmi_jtag/i_dmi_cdc/i_cdc_resp/i_dst/data_dst_q_reg[data][18]/CLR
  -------------------------------------------------------------------    -------------------

                         (clock tck rise edge)        0.000     0.000 r  
    H15                                               0.000     0.000 r  tck (IN)
                         net (fo=0)                   0.000     0.000    tck
    H15                  IBUF (Prop_ibuf_I_O)         1.430     1.430 r  tck_IBUF_inst/O
                         net (fo=1, routed)           3.120     4.550    tck_IBUF
    BUFGCTRL_X0Y0        BUFG (Prop_bufg_I_O)         0.091     4.641 r  tck_IBUF_BUFG_inst/O
                         net (fo=258, routed)         1.557     6.198    i_dmi_jtag/i_dmi_cdc/i_cdc_resp/i_dst/CLK
    SLICE_X72Y2          FDCE                                         r  i_dmi_jtag/i_dmi_cdc/i_cdc_resp/i_dst/data_dst_q_reg[data][18]/C

Slack:                    inf
  Source:                 trst_n
                            (input port)
  Destination:            i_dmi_jtag/i_dmi_cdc/i_cdc_resp/i_dst/data_dst_q_reg[data][19]/CLR
                            (recovery check against rising-edge clock tck  {rise@0.000ns fall@50.000ns period=100.000ns})
  Path Group:             (none)
  Path Type:              Recovery (Max at Slow Process Corner)
  Data Path Delay:        9.530ns  (logic 1.694ns (17.778%)  route 7.835ns (82.222%))
  Logic Levels:           2  (IBUF=1 LUT1=1)
  Clock Path Skew:        6.198ns (DCD - SCD + CPR)
    Destination Clock Delay (DCD):    6.198ns
    Source Clock Delay      (SCD):    0.000ns
    Clock Pessimism Removal (CPR):    0.000ns
  Clock Uncertainty:      0.501ns  ((TSJ^2 + TIJ^2)^1/2 + DJ) / 2 + PE
    Total System Jitter     (TSJ):    0.050ns
    Total Input Jitter      (TIJ):    1.000ns
    Discrete Jitter          (DJ):    0.000ns
    Phase Error              (PE):    0.000ns
  Timing Exception:       False Path

    Location             Delay type                Incr(ns)  Path(ns)    Netlist Resource(s)
  -------------------------------------------------------------------    -------------------
    V13                                               0.000     0.000 r  trst_n (IN)
                         net (fo=0)                   0.000     0.000    trst_n
    V13                  IBUF (Prop_ibuf_I_O)         1.570     1.570 r  trst_n_IBUF_inst/O
                         net (fo=1, routed)           1.001     2.571    i_dmi_jtag/i_dmi_jtag_tap/trst_n_IBUF
    SLICE_X113Y93        LUT1 (Prop_lut1_I0_O)        0.124     2.695 f  i_dmi_jtag/i_dmi_jtag_tap/FSM_onehot_tap_state_q[15]_i_2/O
                         net (fo=258, routed)         6.834     9.530    i_dmi_jtag/i_dmi_cdc/i_cdc_resp/i_dst/data_dst_q_reg[resp][0]_0
    SLICE_X72Y2          FDCE                                         f  i_dmi_jtag/i_dmi_cdc/i_cdc_resp/i_dst/data_dst_q_reg[data][19]/CLR
  -------------------------------------------------------------------    -------------------

                         (clock tck rise edge)        0.000     0.000 r  
    H15                                               0.000     0.000 r  tck (IN)
                         net (fo=0)                   0.000     0.000    tck
    H15                  IBUF (Prop_ibuf_I_O)         1.430     1.430 r  tck_IBUF_inst/O
                         net (fo=1, routed)           3.120     4.550    tck_IBUF
    BUFGCTRL_X0Y0        BUFG (Prop_bufg_I_O)         0.091     4.641 r  tck_IBUF_BUFG_inst/O
                         net (fo=258, routed)         1.557     6.198    i_dmi_jtag/i_dmi_cdc/i_cdc_resp/i_dst/CLK
    SLICE_X72Y2          FDCE                                         r  i_dmi_jtag/i_dmi_cdc/i_cdc_resp/i_dst/data_dst_q_reg[data][19]/C

Slack:                    inf
  Source:                 trst_n
                            (input port)
  Destination:            i_dmi_jtag/i_dmi_cdc/i_cdc_resp/i_dst/data_dst_q_reg[data][1]/CLR
                            (recovery check against rising-edge clock tck  {rise@0.000ns fall@50.000ns period=100.000ns})
  Path Group:             (none)
  Path Type:              Recovery (Max at Slow Process Corner)
  Data Path Delay:        9.530ns  (logic 1.694ns (17.778%)  route 7.835ns (82.222%))
  Logic Levels:           2  (IBUF=1 LUT1=1)
  Clock Path Skew:        6.198ns (DCD - SCD + CPR)
    Destination Clock Delay (DCD):    6.198ns
    Source Clock Delay      (SCD):    0.000ns
    Clock Pessimism Removal (CPR):    0.000ns
  Clock Uncertainty:      0.501ns  ((TSJ^2 + TIJ^2)^1/2 + DJ) / 2 + PE
    Total System Jitter     (TSJ):    0.050ns
    Total Input Jitter      (TIJ):    1.000ns
    Discrete Jitter          (DJ):    0.000ns
    Phase Error              (PE):    0.000ns
  Timing Exception:       False Path

    Location             Delay type                Incr(ns)  Path(ns)    Netlist Resource(s)
  -------------------------------------------------------------------    -------------------
    V13                                               0.000     0.000 r  trst_n (IN)
                         net (fo=0)                   0.000     0.000    trst_n
    V13                  IBUF (Prop_ibuf_I_O)         1.570     1.570 r  trst_n_IBUF_inst/O
                         net (fo=1, routed)           1.001     2.571    i_dmi_jtag/i_dmi_jtag_tap/trst_n_IBUF
    SLICE_X113Y93        LUT1 (Prop_lut1_I0_O)        0.124     2.695 f  i_dmi_jtag/i_dmi_jtag_tap/FSM_onehot_tap_state_q[15]_i_2/O
                         net (fo=258, routed)         6.834     9.530    i_dmi_jtag/i_dmi_cdc/i_cdc_resp/i_dst/data_dst_q_reg[resp][0]_0
    SLICE_X72Y2          FDCE                                         f  i_dmi_jtag/i_dmi_cdc/i_cdc_resp/i_dst/data_dst_q_reg[data][1]/CLR
  -------------------------------------------------------------------    -------------------

                         (clock tck rise edge)        0.000     0.000 r  
    H15                                               0.000     0.000 r  tck (IN)
                         net (fo=0)                   0.000     0.000    tck
    H15                  IBUF (Prop_ibuf_I_O)         1.430     1.430 r  tck_IBUF_inst/O
                         net (fo=1, routed)           3.120     4.550    tck_IBUF
    BUFGCTRL_X0Y0        BUFG (Prop_bufg_I_O)         0.091     4.641 r  tck_IBUF_BUFG_inst/O
                         net (fo=258, routed)         1.557     6.198    i_dmi_jtag/i_dmi_cdc/i_cdc_resp/i_dst/CLK
    SLICE_X72Y2          FDCE                                         r  i_dmi_jtag/i_dmi_cdc/i_cdc_resp/i_dst/data_dst_q_reg[data][1]/C

Slack:                    inf
  Source:                 trst_n
                            (input port)
  Destination:            i_dmi_jtag/i_dmi_cdc/i_cdc_resp/i_dst/data_dst_q_reg[data][20]/CLR
                            (recovery check against rising-edge clock tck  {rise@0.000ns fall@50.000ns period=100.000ns})
  Path Group:             (none)
  Path Type:              Recovery (Max at Slow Process Corner)
  Data Path Delay:        9.530ns  (logic 1.694ns (17.778%)  route 7.835ns (82.222%))
  Logic Levels:           2  (IBUF=1 LUT1=1)
  Clock Path Skew:        6.198ns (DCD - SCD + CPR)
    Destination Clock Delay (DCD):    6.198ns
    Source Clock Delay      (SCD):    0.000ns
    Clock Pessimism Removal (CPR):    0.000ns
  Clock Uncertainty:      0.501ns  ((TSJ^2 + TIJ^2)^1/2 + DJ) / 2 + PE
    Total System Jitter     (TSJ):    0.050ns
    Total Input Jitter      (TIJ):    1.000ns
    Discrete Jitter          (DJ):    0.000ns
    Phase Error              (PE):    0.000ns
  Timing Exception:       False Path

    Location             Delay type                Incr(ns)  Path(ns)    Netlist Resource(s)
  -------------------------------------------------------------------    -------------------
    V13                                               0.000     0.000 r  trst_n (IN)
                         net (fo=0)                   0.000     0.000    trst_n
    V13                  IBUF (Prop_ibuf_I_O)         1.570     1.570 r  trst_n_IBUF_inst/O
                         net (fo=1, routed)           1.001     2.571    i_dmi_jtag/i_dmi_jtag_tap/trst_n_IBUF
    SLICE_X113Y93        LUT1 (Prop_lut1_I0_O)        0.124     2.695 f  i_dmi_jtag/i_dmi_jtag_tap/FSM_onehot_tap_state_q[15]_i_2/O
                         net (fo=258, routed)         6.834     9.530    i_dmi_jtag/i_dmi_cdc/i_cdc_resp/i_dst/data_dst_q_reg[resp][0]_0
    SLICE_X72Y2          FDCE                                         f  i_dmi_jtag/i_dmi_cdc/i_cdc_resp/i_dst/data_dst_q_reg[data][20]/CLR
  -------------------------------------------------------------------    -------------------

                         (clock tck rise edge)        0.000     0.000 r  
    H15                                               0.000     0.000 r  tck (IN)
                         net (fo=0)                   0.000     0.000    tck
    H15                  IBUF (Prop_ibuf_I_O)         1.430     1.430 r  tck_IBUF_inst/O
                         net (fo=1, routed)           3.120     4.550    tck_IBUF
    BUFGCTRL_X0Y0        BUFG (Prop_bufg_I_O)         0.091     4.641 r  tck_IBUF_BUFG_inst/O
                         net (fo=258, routed)         1.557     6.198    i_dmi_jtag/i_dmi_cdc/i_cdc_resp/i_dst/CLK
    SLICE_X72Y2          FDCE                                         r  i_dmi_jtag/i_dmi_cdc/i_cdc_resp/i_dst/data_dst_q_reg[data][20]/C

Slack:                    inf
  Source:                 trst_n
                            (input port)
  Destination:            i_dmi_jtag/i_dmi_cdc/i_cdc_resp/i_dst/data_dst_q_reg[data][28]/CLR
                            (recovery check against rising-edge clock tck  {rise@0.000ns fall@50.000ns period=100.000ns})
  Path Group:             (none)
  Path Type:              Recovery (Max at Slow Process Corner)
  Data Path Delay:        9.530ns  (logic 1.694ns (17.778%)  route 7.835ns (82.222%))
  Logic Levels:           2  (IBUF=1 LUT1=1)
  Clock Path Skew:        6.198ns (DCD - SCD + CPR)
    Destination Clock Delay (DCD):    6.198ns
    Source Clock Delay      (SCD):    0.000ns
    Clock Pessimism Removal (CPR):    0.000ns
  Clock Uncertainty:      0.501ns  ((TSJ^2 + TIJ^2)^1/2 + DJ) / 2 + PE
    Total System Jitter     (TSJ):    0.050ns
    Total Input Jitter      (TIJ):    1.000ns
    Discrete Jitter          (DJ):    0.000ns
    Phase Error              (PE):    0.000ns
  Timing Exception:       False Path

    Location             Delay type                Incr(ns)  Path(ns)    Netlist Resource(s)
  -------------------------------------------------------------------    -------------------
    V13                                               0.000     0.000 r  trst_n (IN)
                         net (fo=0)                   0.000     0.000    trst_n
    V13                  IBUF (Prop_ibuf_I_O)         1.570     1.570 r  trst_n_IBUF_inst/O
                         net (fo=1, routed)           1.001     2.571    i_dmi_jtag/i_dmi_jtag_tap/trst_n_IBUF
    SLICE_X113Y93        LUT1 (Prop_lut1_I0_O)        0.124     2.695 f  i_dmi_jtag/i_dmi_jtag_tap/FSM_onehot_tap_state_q[15]_i_2/O
                         net (fo=258, routed)         6.834     9.530    i_dmi_jtag/i_dmi_cdc/i_cdc_resp/i_dst/data_dst_q_reg[resp][0]_0
    SLICE_X72Y2          FDCE                                         f  i_dmi_jtag/i_dmi_cdc/i_cdc_resp/i_dst/data_dst_q_reg[data][28]/CLR
  -------------------------------------------------------------------    -------------------

                         (clock tck rise edge)        0.000     0.000 r  
    H15                                               0.000     0.000 r  tck (IN)
                         net (fo=0)                   0.000     0.000    tck
    H15                  IBUF (Prop_ibuf_I_O)         1.430     1.430 r  tck_IBUF_inst/O
                         net (fo=1, routed)           3.120     4.550    tck_IBUF
    BUFGCTRL_X0Y0        BUFG (Prop_bufg_I_O)         0.091     4.641 r  tck_IBUF_BUFG_inst/O
                         net (fo=258, routed)         1.557     6.198    i_dmi_jtag/i_dmi_cdc/i_cdc_resp/i_dst/CLK
    SLICE_X72Y2          FDCE                                         r  i_dmi_jtag/i_dmi_cdc/i_cdc_resp/i_dst/data_dst_q_reg[data][28]/C

Slack:                    inf
  Source:                 trst_n
                            (input port)
  Destination:            i_dmi_jtag/i_dmi_cdc/i_cdc_resp/i_dst/data_dst_q_reg[data][3]/CLR
                            (recovery check against rising-edge clock tck  {rise@0.000ns fall@50.000ns period=100.000ns})
  Path Group:             (none)
  Path Type:              Recovery (Max at Slow Process Corner)
  Data Path Delay:        9.530ns  (logic 1.694ns (17.778%)  route 7.835ns (82.222%))
  Logic Levels:           2  (IBUF=1 LUT1=1)
  Clock Path Skew:        6.198ns (DCD - SCD + CPR)
    Destination Clock Delay (DCD):    6.198ns
    Source Clock Delay      (SCD):    0.000ns
    Clock Pessimism Removal (CPR):    0.000ns
  Clock Uncertainty:      0.501ns  ((TSJ^2 + TIJ^2)^1/2 + DJ) / 2 + PE
    Total System Jitter     (TSJ):    0.050ns
    Total Input Jitter      (TIJ):    1.000ns
    Discrete Jitter          (DJ):    0.000ns
    Phase Error              (PE):    0.000ns
  Timing Exception:       False Path

    Location             Delay type                Incr(ns)  Path(ns)    Netlist Resource(s)
  -------------------------------------------------------------------    -------------------
    V13                                               0.000     0.000 r  trst_n (IN)
                         net (fo=0)                   0.000     0.000    trst_n
    V13                  IBUF (Prop_ibuf_I_O)         1.570     1.570 r  trst_n_IBUF_inst/O
                         net (fo=1, routed)           1.001     2.571    i_dmi_jtag/i_dmi_jtag_tap/trst_n_IBUF
    SLICE_X113Y93        LUT1 (Prop_lut1_I0_O)        0.124     2.695 f  i_dmi_jtag/i_dmi_jtag_tap/FSM_onehot_tap_state_q[15]_i_2/O
                         net (fo=258, routed)         6.834     9.530    i_dmi_jtag/i_dmi_cdc/i_cdc_resp/i_dst/data_dst_q_reg[resp][0]_0
    SLICE_X72Y2          FDCE                                         f  i_dmi_jtag/i_dmi_cdc/i_cdc_resp/i_dst/data_dst_q_reg[data][3]/CLR
  -------------------------------------------------------------------    -------------------

                         (clock tck rise edge)        0.000     0.000 r  
    H15                                               0.000     0.000 r  tck (IN)
                         net (fo=0)                   0.000     0.000    tck
    H15                  IBUF (Prop_ibuf_I_O)         1.430     1.430 r  tck_IBUF_inst/O
                         net (fo=1, routed)           3.120     4.550    tck_IBUF
    BUFGCTRL_X0Y0        BUFG (Prop_bufg_I_O)         0.091     4.641 r  tck_IBUF_BUFG_inst/O
                         net (fo=258, routed)         1.557     6.198    i_dmi_jtag/i_dmi_cdc/i_cdc_resp/i_dst/CLK
    SLICE_X72Y2          FDCE                                         r  i_dmi_jtag/i_dmi_cdc/i_cdc_resp/i_dst/data_dst_q_reg[data][3]/C

Slack:                    inf
  Source:                 trst_n
                            (input port)
  Destination:            i_dmi_jtag/data_q_reg[19]/CLR
                            (recovery check against rising-edge clock tck  {rise@0.000ns fall@50.000ns period=100.000ns})
  Path Group:             (none)
  Path Type:              Recovery (Max at Slow Process Corner)
  Data Path Delay:        9.525ns  (logic 1.694ns (17.786%)  route 7.831ns (82.214%))
  Logic Levels:           2  (IBUF=1 LUT1=1)
  Clock Path Skew:        6.198ns (DCD - SCD + CPR)
    Destination Clock Delay (DCD):    6.198ns
    Source Clock Delay      (SCD):    0.000ns
    Clock Pessimism Removal (CPR):    0.000ns
  Clock Uncertainty:      0.501ns  ((TSJ^2 + TIJ^2)^1/2 + DJ) / 2 + PE
    Total System Jitter     (TSJ):    0.050ns
    Total Input Jitter      (TIJ):    1.000ns
    Discrete Jitter          (DJ):    0.000ns
    Phase Error              (PE):    0.000ns
  Timing Exception:       False Path

    Location             Delay type                Incr(ns)  Path(ns)    Netlist Resource(s)
  -------------------------------------------------------------------    -------------------
    V13                                               0.000     0.000 r  trst_n (IN)
                         net (fo=0)                   0.000     0.000    trst_n
    V13                  IBUF (Prop_ibuf_I_O)         1.570     1.570 r  trst_n_IBUF_inst/O
                         net (fo=1, routed)           1.001     2.571    i_dmi_jtag/i_dmi_jtag_tap/trst_n_IBUF
    SLICE_X113Y93        LUT1 (Prop_lut1_I0_O)        0.124     2.695 f  i_dmi_jtag/i_dmi_jtag_tap/FSM_onehot_tap_state_q[15]_i_2/O
                         net (fo=258, routed)         6.830     9.525    i_dmi_jtag/i_dmi_jtag_tap_n_0
    SLICE_X73Y2          FDCE                                         f  i_dmi_jtag/data_q_reg[19]/CLR
  -------------------------------------------------------------------    -------------------

                         (clock tck rise edge)        0.000     0.000 r  
    H15                                               0.000     0.000 r  tck (IN)
                         net (fo=0)                   0.000     0.000    tck
    H15                  IBUF (Prop_ibuf_I_O)         1.430     1.430 r  tck_IBUF_inst/O
                         net (fo=1, routed)           3.120     4.550    tck_IBUF
    BUFGCTRL_X0Y0        BUFG (Prop_bufg_I_O)         0.091     4.641 r  tck_IBUF_BUFG_inst/O
                         net (fo=258, routed)         1.557     6.198    i_dmi_jtag/CLK
    SLICE_X73Y2          FDCE                                         r  i_dmi_jtag/data_q_reg[19]/C

Slack:                    inf
  Source:                 trst_n
                            (input port)
  Destination:            i_dmi_jtag/data_q_reg[28]/CLR
                            (recovery check against rising-edge clock tck  {rise@0.000ns fall@50.000ns period=100.000ns})
  Path Group:             (none)
  Path Type:              Recovery (Max at Slow Process Corner)
  Data Path Delay:        9.525ns  (logic 1.694ns (17.786%)  route 7.831ns (82.214%))
  Logic Levels:           2  (IBUF=1 LUT1=1)
  Clock Path Skew:        6.198ns (DCD - SCD + CPR)
    Destination Clock Delay (DCD):    6.198ns
    Source Clock Delay      (SCD):    0.000ns
    Clock Pessimism Removal (CPR):    0.000ns
  Clock Uncertainty:      0.501ns  ((TSJ^2 + TIJ^2)^1/2 + DJ) / 2 + PE
    Total System Jitter     (TSJ):    0.050ns
    Total Input Jitter      (TIJ):    1.000ns
    Discrete Jitter          (DJ):    0.000ns
    Phase Error              (PE):    0.000ns
  Timing Exception:       False Path

    Location             Delay type                Incr(ns)  Path(ns)    Netlist Resource(s)
  -------------------------------------------------------------------    -------------------
    V13                                               0.000     0.000 r  trst_n (IN)
                         net (fo=0)                   0.000     0.000    trst_n
    V13                  IBUF (Prop_ibuf_I_O)         1.570     1.570 r  trst_n_IBUF_inst/O
                         net (fo=1, routed)           1.001     2.571    i_dmi_jtag/i_dmi_jtag_tap/trst_n_IBUF
    SLICE_X113Y93        LUT1 (Prop_lut1_I0_O)        0.124     2.695 f  i_dmi_jtag/i_dmi_jtag_tap/FSM_onehot_tap_state_q[15]_i_2/O
                         net (fo=258, routed)         6.830     9.525    i_dmi_jtag/i_dmi_jtag_tap_n_0
    SLICE_X73Y2          FDCE                                         f  i_dmi_jtag/data_q_reg[28]/CLR
  -------------------------------------------------------------------    -------------------

                         (clock tck rise edge)        0.000     0.000 r  
    H15                                               0.000     0.000 r  tck (IN)
                         net (fo=0)                   0.000     0.000    tck
    H15                  IBUF (Prop_ibuf_I_O)         1.430     1.430 r  tck_IBUF_inst/O
                         net (fo=1, routed)           3.120     4.550    tck_IBUF
    BUFGCTRL_X0Y0        BUFG (Prop_bufg_I_O)         0.091     4.641 r  tck_IBUF_BUFG_inst/O
                         net (fo=258, routed)         1.557     6.198    i_dmi_jtag/CLK
    SLICE_X73Y2          FDCE                                         r  i_dmi_jtag/data_q_reg[28]/C

Slack:                    inf
  Source:                 trst_n
                            (input port)
  Destination:            i_dmi_jtag/data_q_reg[29]/CLR
                            (recovery check against rising-edge clock tck  {rise@0.000ns fall@50.000ns period=100.000ns})
  Path Group:             (none)
  Path Type:              Recovery (Max at Slow Process Corner)
  Data Path Delay:        9.525ns  (logic 1.694ns (17.786%)  route 7.831ns (82.214%))
  Logic Levels:           2  (IBUF=1 LUT1=1)
  Clock Path Skew:        6.198ns (DCD - SCD + CPR)
    Destination Clock Delay (DCD):    6.198ns
    Source Clock Delay      (SCD):    0.000ns
    Clock Pessimism Removal (CPR):    0.000ns
  Clock Uncertainty:      0.501ns  ((TSJ^2 + TIJ^2)^1/2 + DJ) / 2 + PE
    Total System Jitter     (TSJ):    0.050ns
    Total Input Jitter      (TIJ):    1.000ns
    Discrete Jitter          (DJ):    0.000ns
    Phase Error              (PE):    0.000ns
  Timing Exception:       False Path

    Location             Delay type                Incr(ns)  Path(ns)    Netlist Resource(s)
  -------------------------------------------------------------------    -------------------
    V13                                               0.000     0.000 r  trst_n (IN)
                         net (fo=0)                   0.000     0.000    trst_n
    V13                  IBUF (Prop_ibuf_I_O)         1.570     1.570 r  trst_n_IBUF_inst/O
                         net (fo=1, routed)           1.001     2.571    i_dmi_jtag/i_dmi_jtag_tap/trst_n_IBUF
    SLICE_X113Y93        LUT1 (Prop_lut1_I0_O)        0.124     2.695 f  i_dmi_jtag/i_dmi_jtag_tap/FSM_onehot_tap_state_q[15]_i_2/O
                         net (fo=258, routed)         6.830     9.525    i_dmi_jtag/i_dmi_jtag_tap_n_0
    SLICE_X73Y2          FDCE                                         f  i_dmi_jtag/data_q_reg[29]/CLR
  -------------------------------------------------------------------    -------------------

                         (clock tck rise edge)        0.000     0.000 r  
    H15                                               0.000     0.000 r  tck (IN)
                         net (fo=0)                   0.000     0.000    tck
    H15                  IBUF (Prop_ibuf_I_O)         1.430     1.430 r  tck_IBUF_inst/O
                         net (fo=1, routed)           3.120     4.550    tck_IBUF
    BUFGCTRL_X0Y0        BUFG (Prop_bufg_I_O)         0.091     4.641 r  tck_IBUF_BUFG_inst/O
                         net (fo=258, routed)         1.557     6.198    i_dmi_jtag/CLK
    SLICE_X73Y2          FDCE                                         r  i_dmi_jtag/data_q_reg[29]/C





Min Delay Paths
--------------------------------------------------------------------------------------
Slack:                    inf
  Source:                 trst_n
                            (input port)
  Destination:            i_dmi_jtag/i_dmi_jtag_tap/td_o_reg/CLR
                            (removal check against rising-edge clock tck  {rise@0.000ns fall@50.000ns period=100.000ns})
  Path Group:             (none)
  Path Type:              Removal (Min at Fast Process Corner)
  Data Path Delay:        1.167ns  (logic 0.382ns (32.732%)  route 0.785ns (67.268%))
  Logic Levels:           2  (IBUF=1 LUT1=1)
  Clock Path Skew:        3.145ns (DCD - SCD - CPR)
    Destination Clock Delay (DCD):    3.145ns = ( 53.145 - 50.000 ) 
    Source Clock Delay      (SCD):    0.000ns
    Clock Pessimism Removal (CPR):    -0.000ns
  Timing Exception:       False Path

    Location             Delay type                Incr(ns)  Path(ns)    Netlist Resource(s)
  -------------------------------------------------------------------    -------------------
    V13                                               0.000     0.000 r  trst_n (IN)
                         net (fo=0)                   0.000     0.000    trst_n
    V13                  IBUF (Prop_ibuf_I_O)         0.337     0.337 r  trst_n_IBUF_inst/O
                         net (fo=1, routed)           0.375     0.712    i_dmi_jtag/i_dmi_jtag_tap/trst_n_IBUF
    SLICE_X113Y93        LUT1 (Prop_lut1_I0_O)        0.045     0.757 f  i_dmi_jtag/i_dmi_jtag_tap/FSM_onehot_tap_state_q[15]_i_2/O
                         net (fo=258, routed)         0.410     1.167    i_dmi_jtag/i_dmi_jtag_tap/trst_n
    SLICE_X113Y78        FDCE                                         f  i_dmi_jtag/i_dmi_jtag_tap/td_o_reg/CLR
  -------------------------------------------------------------------    -------------------

                         (clock tck fall edge)       50.000    50.000 f  
    H15                                               0.000    50.000 f  tck (IN)
                         net (fo=0)                   0.000    50.000    tck
    H15                  IBUF (Prop_ibuf_I_O)         0.456    50.456 f  tck_IBUF_inst/O
                         net (fo=1, routed)           1.762    52.218    tck_IBUF
    BUFGCTRL_X0Y0        BUFG (Prop_bufg_I_O)         0.029    52.247 f  tck_IBUF_BUFG_inst/O
                         net (fo=258, routed)         0.898    53.145    i_dmi_jtag/i_dmi_jtag_tap/tck_ni
    SLICE_X113Y78        FDCE                                         r  i_dmi_jtag/i_dmi_jtag_tap/td_o_reg/C  (IS_INVERTED)

Slack:                    inf
  Source:                 trst_n
                            (input port)
  Destination:            i_dmi_jtag/i_dmi_jtag_tap/FSM_onehot_tap_state_q_reg[13]/CLR
                            (removal check against rising-edge clock tck  {rise@0.000ns fall@50.000ns period=100.000ns})
  Path Group:             (none)
  Path Type:              Removal (Min at Fast Process Corner)
  Data Path Delay:        1.935ns  (logic 0.382ns (19.744%)  route 1.553ns (80.256%))
  Logic Levels:           2  (IBUF=1 LUT1=1)
  Clock Path Skew:        3.157ns (DCD - SCD - CPR)
    Destination Clock Delay (DCD):    3.157ns
    Source Clock Delay      (SCD):    0.000ns
    Clock Pessimism Removal (CPR):    -0.000ns
  Timing Exception:       False Path

    Location             Delay type                Incr(ns)  Path(ns)    Netlist Resource(s)
  -------------------------------------------------------------------    -------------------
    V13                                               0.000     0.000 r  trst_n (IN)
                         net (fo=0)                   0.000     0.000    trst_n
    V13                  IBUF (Prop_ibuf_I_O)         0.337     0.337 r  trst_n_IBUF_inst/O
                         net (fo=1, routed)           0.375     0.712    i_dmi_jtag/i_dmi_jtag_tap/trst_n_IBUF
    SLICE_X113Y93        LUT1 (Prop_lut1_I0_O)        0.045     0.757 f  i_dmi_jtag/i_dmi_jtag_tap/FSM_onehot_tap_state_q[15]_i_2/O
                         net (fo=258, routed)         1.178     1.935    i_dmi_jtag/i_dmi_jtag_tap/trst_n
    SLICE_X112Y7         FDCE                                         f  i_dmi_jtag/i_dmi_jtag_tap/FSM_onehot_tap_state_q_reg[13]/CLR
  -------------------------------------------------------------------    -------------------

                         (clock tck rise edge)        0.000     0.000 r  
    H15                                               0.000     0.000 r  tck (IN)
                         net (fo=0)                   0.000     0.000    tck
    H15                  IBUF (Prop_ibuf_I_O)         0.456     0.456 r  tck_IBUF_inst/O
                         net (fo=1, routed)           1.762     2.218    tck_IBUF
    BUFGCTRL_X0Y0        BUFG (Prop_bufg_I_O)         0.029     2.247 r  tck_IBUF_BUFG_inst/O
                         net (fo=258, routed)         0.910     3.157    i_dmi_jtag/i_dmi_jtag_tap/CLK
    SLICE_X112Y7         FDCE                                         r  i_dmi_jtag/i_dmi_jtag_tap/FSM_onehot_tap_state_q_reg[13]/C

Slack:                    inf
  Source:                 trst_n
                            (input port)
  Destination:            i_dmi_jtag/i_dmi_jtag_tap/FSM_onehot_tap_state_q_reg[14]/CLR
                            (removal check against rising-edge clock tck  {rise@0.000ns fall@50.000ns period=100.000ns})
  Path Group:             (none)
  Path Type:              Removal (Min at Fast Process Corner)
  Data Path Delay:        1.935ns  (logic 0.382ns (19.744%)  route 1.553ns (80.256%))
  Logic Levels:           2  (IBUF=1 LUT1=1)
  Clock Path Skew:        3.157ns (DCD - SCD - CPR)
    Destination Clock Delay (DCD):    3.157ns
    Source Clock Delay      (SCD):    0.000ns
    Clock Pessimism Removal (CPR):    -0.000ns
  Timing Exception:       False Path

    Location             Delay type                Incr(ns)  Path(ns)    Netlist Resource(s)
  -------------------------------------------------------------------    -------------------
    V13                                               0.000     0.000 r  trst_n (IN)
                         net (fo=0)                   0.000     0.000    trst_n
    V13                  IBUF (Prop_ibuf_I_O)         0.337     0.337 r  trst_n_IBUF_inst/O
                         net (fo=1, routed)           0.375     0.712    i_dmi_jtag/i_dmi_jtag_tap/trst_n_IBUF
    SLICE_X113Y93        LUT1 (Prop_lut1_I0_O)        0.045     0.757 f  i_dmi_jtag/i_dmi_jtag_tap/FSM_onehot_tap_state_q[15]_i_2/O
                         net (fo=258, routed)         1.178     1.935    i_dmi_jtag/i_dmi_jtag_tap/trst_n
    SLICE_X112Y7         FDCE                                         f  i_dmi_jtag/i_dmi_jtag_tap/FSM_onehot_tap_state_q_reg[14]/CLR
  -------------------------------------------------------------------    -------------------

                         (clock tck rise edge)        0.000     0.000 r  
    H15                                               0.000     0.000 r  tck (IN)
                         net (fo=0)                   0.000     0.000    tck
    H15                  IBUF (Prop_ibuf_I_O)         0.456     0.456 r  tck_IBUF_inst/O
                         net (fo=1, routed)           1.762     2.218    tck_IBUF
    BUFGCTRL_X0Y0        BUFG (Prop_bufg_I_O)         0.029     2.247 r  tck_IBUF_BUFG_inst/O
                         net (fo=258, routed)         0.910     3.157    i_dmi_jtag/i_dmi_jtag_tap/CLK
    SLICE_X112Y7         FDCE                                         r  i_dmi_jtag/i_dmi_jtag_tap/FSM_onehot_tap_state_q_reg[14]/C

Slack:                    inf
  Source:                 trst_n
                            (input port)
  Destination:            i_dmi_jtag/i_dmi_jtag_tap/FSM_onehot_tap_state_q_reg[5]/CLR
                            (removal check against rising-edge clock tck  {rise@0.000ns fall@50.000ns period=100.000ns})
  Path Group:             (none)
  Path Type:              Removal (Min at Fast Process Corner)
  Data Path Delay:        1.935ns  (logic 0.382ns (19.744%)  route 1.553ns (80.256%))
  Logic Levels:           2  (IBUF=1 LUT1=1)
  Clock Path Skew:        3.157ns (DCD - SCD - CPR)
    Destination Clock Delay (DCD):    3.157ns
    Source Clock Delay      (SCD):    0.000ns
    Clock Pessimism Removal (CPR):    -0.000ns
  Timing Exception:       False Path

    Location             Delay type                Incr(ns)  Path(ns)    Netlist Resource(s)
  -------------------------------------------------------------------    -------------------
    V13                                               0.000     0.000 r  trst_n (IN)
                         net (fo=0)                   0.000     0.000    trst_n
    V13                  IBUF (Prop_ibuf_I_O)         0.337     0.337 r  trst_n_IBUF_inst/O
                         net (fo=1, routed)           0.375     0.712    i_dmi_jtag/i_dmi_jtag_tap/trst_n_IBUF
    SLICE_X113Y93        LUT1 (Prop_lut1_I0_O)        0.045     0.757 f  i_dmi_jtag/i_dmi_jtag_tap/FSM_onehot_tap_state_q[15]_i_2/O
                         net (fo=258, routed)         1.178     1.935    i_dmi_jtag/i_dmi_jtag_tap/trst_n
    SLICE_X113Y7         FDCE                                         f  i_dmi_jtag/i_dmi_jtag_tap/FSM_onehot_tap_state_q_reg[5]/CLR
  -------------------------------------------------------------------    -------------------

                         (clock tck rise edge)        0.000     0.000 r  
    H15                                               0.000     0.000 r  tck (IN)
                         net (fo=0)                   0.000     0.000    tck
    H15                  IBUF (Prop_ibuf_I_O)         0.456     0.456 r  tck_IBUF_inst/O
                         net (fo=1, routed)           1.762     2.218    tck_IBUF
    BUFGCTRL_X0Y0        BUFG (Prop_bufg_I_O)         0.029     2.247 r  tck_IBUF_BUFG_inst/O
                         net (fo=258, routed)         0.910     3.157    i_dmi_jtag/i_dmi_jtag_tap/CLK
    SLICE_X113Y7         FDCE                                         r  i_dmi_jtag/i_dmi_jtag_tap/FSM_onehot_tap_state_q_reg[5]/C

Slack:                    inf
  Source:                 trst_n
                            (input port)
  Destination:            i_dmi_jtag/i_dmi_jtag_tap/FSM_onehot_tap_state_q_reg[6]/CLR
                            (removal check against rising-edge clock tck  {rise@0.000ns fall@50.000ns period=100.000ns})
  Path Group:             (none)
  Path Type:              Removal (Min at Fast Process Corner)
  Data Path Delay:        1.935ns  (logic 0.382ns (19.744%)  route 1.553ns (80.256%))
  Logic Levels:           2  (IBUF=1 LUT1=1)
  Clock Path Skew:        3.157ns (DCD - SCD - CPR)
    Destination Clock Delay (DCD):    3.157ns
    Source Clock Delay      (SCD):    0.000ns
    Clock Pessimism Removal (CPR):    -0.000ns
  Timing Exception:       False Path

    Location             Delay type                Incr(ns)  Path(ns)    Netlist Resource(s)
  -------------------------------------------------------------------    -------------------
    V13                                               0.000     0.000 r  trst_n (IN)
                         net (fo=0)                   0.000     0.000    trst_n
    V13                  IBUF (Prop_ibuf_I_O)         0.337     0.337 r  trst_n_IBUF_inst/O
                         net (fo=1, routed)           0.375     0.712    i_dmi_jtag/i_dmi_jtag_tap/trst_n_IBUF
    SLICE_X113Y93        LUT1 (Prop_lut1_I0_O)        0.045     0.757 f  i_dmi_jtag/i_dmi_jtag_tap/FSM_onehot_tap_state_q[15]_i_2/O
                         net (fo=258, routed)         1.178     1.935    i_dmi_jtag/i_dmi_jtag_tap/trst_n
    SLICE_X112Y7         FDCE                                         f  i_dmi_jtag/i_dmi_jtag_tap/FSM_onehot_tap_state_q_reg[6]/CLR
  -------------------------------------------------------------------    -------------------

                         (clock tck rise edge)        0.000     0.000 r  
    H15                                               0.000     0.000 r  tck (IN)
                         net (fo=0)                   0.000     0.000    tck
    H15                  IBUF (Prop_ibuf_I_O)         0.456     0.456 r  tck_IBUF_inst/O
                         net (fo=1, routed)           1.762     2.218    tck_IBUF
    BUFGCTRL_X0Y0        BUFG (Prop_bufg_I_O)         0.029     2.247 r  tck_IBUF_BUFG_inst/O
                         net (fo=258, routed)         0.910     3.157    i_dmi_jtag/i_dmi_jtag_tap/CLK
    SLICE_X112Y7         FDCE                                         r  i_dmi_jtag/i_dmi_jtag_tap/FSM_onehot_tap_state_q_reg[6]/C

Slack:                    inf
  Source:                 trst_n
                            (input port)
  Destination:            i_dmi_jtag/i_dmi_jtag_tap/FSM_onehot_tap_state_q_reg[7]/CLR
                            (removal check against rising-edge clock tck  {rise@0.000ns fall@50.000ns period=100.000ns})
  Path Group:             (none)
  Path Type:              Removal (Min at Fast Process Corner)
  Data Path Delay:        1.935ns  (logic 0.382ns (19.744%)  route 1.553ns (80.256%))
  Logic Levels:           2  (IBUF=1 LUT1=1)
  Clock Path Skew:        3.157ns (DCD - SCD - CPR)
    Destination Clock Delay (DCD):    3.157ns
    Source Clock Delay      (SCD):    0.000ns
    Clock Pessimism Removal (CPR):    -0.000ns
  Timing Exception:       False Path

    Location             Delay type                Incr(ns)  Path(ns)    Netlist Resource(s)
  -------------------------------------------------------------------    -------------------
    V13                                               0.000     0.000 r  trst_n (IN)
                         net (fo=0)                   0.000     0.000    trst_n
    V13                  IBUF (Prop_ibuf_I_O)         0.337     0.337 r  trst_n_IBUF_inst/O
                         net (fo=1, routed)           0.375     0.712    i_dmi_jtag/i_dmi_jtag_tap/trst_n_IBUF
    SLICE_X113Y93        LUT1 (Prop_lut1_I0_O)        0.045     0.757 f  i_dmi_jtag/i_dmi_jtag_tap/FSM_onehot_tap_state_q[15]_i_2/O
                         net (fo=258, routed)         1.178     1.935    i_dmi_jtag/i_dmi_jtag_tap/trst_n
    SLICE_X113Y7         FDCE                                         f  i_dmi_jtag/i_dmi_jtag_tap/FSM_onehot_tap_state_q_reg[7]/CLR
  -------------------------------------------------------------------    -------------------

                         (clock tck rise edge)        0.000     0.000 r  
    H15                                               0.000     0.000 r  tck (IN)
                         net (fo=0)                   0.000     0.000    tck
    H15                  IBUF (Prop_ibuf_I_O)         0.456     0.456 r  tck_IBUF_inst/O
                         net (fo=1, routed)           1.762     2.218    tck_IBUF
    BUFGCTRL_X0Y0        BUFG (Prop_bufg_I_O)         0.029     2.247 r  tck_IBUF_BUFG_inst/O
                         net (fo=258, routed)         0.910     3.157    i_dmi_jtag/i_dmi_jtag_tap/CLK
    SLICE_X113Y7         FDCE                                         r  i_dmi_jtag/i_dmi_jtag_tap/FSM_onehot_tap_state_q_reg[7]/C

Slack:                    inf
  Source:                 trst_n
                            (input port)
  Destination:            i_dmi_jtag/i_dmi_jtag_tap/FSM_onehot_tap_state_q_reg[8]/CLR
                            (removal check against rising-edge clock tck  {rise@0.000ns fall@50.000ns period=100.000ns})
  Path Group:             (none)
  Path Type:              Removal (Min at Fast Process Corner)
  Data Path Delay:        1.935ns  (logic 0.382ns (19.744%)  route 1.553ns (80.256%))
  Logic Levels:           2  (IBUF=1 LUT1=1)
  Clock Path Skew:        3.157ns (DCD - SCD - CPR)
    Destination Clock Delay (DCD):    3.157ns
    Source Clock Delay      (SCD):    0.000ns
    Clock Pessimism Removal (CPR):    -0.000ns
  Timing Exception:       False Path

    Location             Delay type                Incr(ns)  Path(ns)    Netlist Resource(s)
  -------------------------------------------------------------------    -------------------
    V13                                               0.000     0.000 r  trst_n (IN)
                         net (fo=0)                   0.000     0.000    trst_n
    V13                  IBUF (Prop_ibuf_I_O)         0.337     0.337 r  trst_n_IBUF_inst/O
                         net (fo=1, routed)           0.375     0.712    i_dmi_jtag/i_dmi_jtag_tap/trst_n_IBUF
    SLICE_X113Y93        LUT1 (Prop_lut1_I0_O)        0.045     0.757 f  i_dmi_jtag/i_dmi_jtag_tap/FSM_onehot_tap_state_q[15]_i_2/O
                         net (fo=258, routed)         1.178     1.935    i_dmi_jtag/i_dmi_jtag_tap/trst_n
    SLICE_X113Y7         FDCE                                         f  i_dmi_jtag/i_dmi_jtag_tap/FSM_onehot_tap_state_q_reg[8]/CLR
  -------------------------------------------------------------------    -------------------

                         (clock tck rise edge)        0.000     0.000 r  
    H15                                               0.000     0.000 r  tck (IN)
                         net (fo=0)                   0.000     0.000    tck
    H15                  IBUF (Prop_ibuf_I_O)         0.456     0.456 r  tck_IBUF_inst/O
                         net (fo=1, routed)           1.762     2.218    tck_IBUF
    BUFGCTRL_X0Y0        BUFG (Prop_bufg_I_O)         0.029     2.247 r  tck_IBUF_BUFG_inst/O
                         net (fo=258, routed)         0.910     3.157    i_dmi_jtag/i_dmi_jtag_tap/CLK
    SLICE_X113Y7         FDCE                                         r  i_dmi_jtag/i_dmi_jtag_tap/FSM_onehot_tap_state_q_reg[8]/C

Slack:                    inf
  Source:                 trst_n
                            (input port)
  Destination:            i_dmi_jtag/i_dmi_jtag_tap/FSM_onehot_tap_state_q_reg[9]/CLR
                            (removal check against rising-edge clock tck  {rise@0.000ns fall@50.000ns period=100.000ns})
  Path Group:             (none)
  Path Type:              Removal (Min at Fast Process Corner)
  Data Path Delay:        1.935ns  (logic 0.382ns (19.744%)  route 1.553ns (80.256%))
  Logic Levels:           2  (IBUF=1 LUT1=1)
  Clock Path Skew:        3.157ns (DCD - SCD - CPR)
    Destination Clock Delay (DCD):    3.157ns
    Source Clock Delay      (SCD):    0.000ns
    Clock Pessimism Removal (CPR):    -0.000ns
  Timing Exception:       False Path

    Location             Delay type                Incr(ns)  Path(ns)    Netlist Resource(s)
  -------------------------------------------------------------------    -------------------
    V13                                               0.000     0.000 r  trst_n (IN)
                         net (fo=0)                   0.000     0.000    trst_n
    V13                  IBUF (Prop_ibuf_I_O)         0.337     0.337 r  trst_n_IBUF_inst/O
                         net (fo=1, routed)           0.375     0.712    i_dmi_jtag/i_dmi_jtag_tap/trst_n_IBUF
    SLICE_X113Y93        LUT1 (Prop_lut1_I0_O)        0.045     0.757 f  i_dmi_jtag/i_dmi_jtag_tap/FSM_onehot_tap_state_q[15]_i_2/O
                         net (fo=258, routed)         1.178     1.935    i_dmi_jtag/i_dmi_jtag_tap/trst_n
    SLICE_X113Y7         FDCE                                         f  i_dmi_jtag/i_dmi_jtag_tap/FSM_onehot_tap_state_q_reg[9]/CLR
  -------------------------------------------------------------------    -------------------

                         (clock tck rise edge)        0.000     0.000 r  
    H15                                               0.000     0.000 r  tck (IN)
                         net (fo=0)                   0.000     0.000    tck
    H15                  IBUF (Prop_ibuf_I_O)         0.456     0.456 r  tck_IBUF_inst/O
                         net (fo=1, routed)           1.762     2.218    tck_IBUF
    BUFGCTRL_X0Y0        BUFG (Prop_bufg_I_O)         0.029     2.247 r  tck_IBUF_BUFG_inst/O
                         net (fo=258, routed)         0.910     3.157    i_dmi_jtag/i_dmi_jtag_tap/CLK
    SLICE_X113Y7         FDCE                                         r  i_dmi_jtag/i_dmi_jtag_tap/FSM_onehot_tap_state_q_reg[9]/C

Slack:                    inf
  Source:                 trst_n
                            (input port)
  Destination:            i_dmi_jtag/i_dmi_jtag_tap/FSM_onehot_tap_state_q_reg[11]/CLR
                            (removal check against rising-edge clock tck  {rise@0.000ns fall@50.000ns period=100.000ns})
  Path Group:             (none)
  Path Type:              Removal (Min at Fast Process Corner)
  Data Path Delay:        1.939ns  (logic 0.382ns (19.707%)  route 1.557ns (80.293%))
  Logic Levels:           2  (IBUF=1 LUT1=1)
  Clock Path Skew:        3.158ns (DCD - SCD - CPR)
    Destination Clock Delay (DCD):    3.158ns
    Source Clock Delay      (SCD):    0.000ns
    Clock Pessimism Removal (CPR):    -0.000ns
  Timing Exception:       False Path

    Location             Delay type                Incr(ns)  Path(ns)    Netlist Resource(s)
  -------------------------------------------------------------------    -------------------
    V13                                               0.000     0.000 r  trst_n (IN)
                         net (fo=0)                   0.000     0.000    trst_n
    V13                  IBUF (Prop_ibuf_I_O)         0.337     0.337 r  trst_n_IBUF_inst/O
                         net (fo=1, routed)           0.375     0.712    i_dmi_jtag/i_dmi_jtag_tap/trst_n_IBUF
    SLICE_X113Y93        LUT1 (Prop_lut1_I0_O)        0.045     0.757 f  i_dmi_jtag/i_dmi_jtag_tap/FSM_onehot_tap_state_q[15]_i_2/O
                         net (fo=258, routed)         1.182     1.939    i_dmi_jtag/i_dmi_jtag_tap/trst_n
    SLICE_X111Y6         FDCE                                         f  i_dmi_jtag/i_dmi_jtag_tap/FSM_onehot_tap_state_q_reg[11]/CLR
  -------------------------------------------------------------------    -------------------

                         (clock tck rise edge)        0.000     0.000 r  
    H15                                               0.000     0.000 r  tck (IN)
                         net (fo=0)                   0.000     0.000    tck
    H15                  IBUF (Prop_ibuf_I_O)         0.456     0.456 r  tck_IBUF_inst/O
                         net (fo=1, routed)           1.762     2.218    tck_IBUF
    BUFGCTRL_X0Y0        BUFG (Prop_bufg_I_O)         0.029     2.247 r  tck_IBUF_BUFG_inst/O
                         net (fo=258, routed)         0.911     3.158    i_dmi_jtag/i_dmi_jtag_tap/CLK
    SLICE_X111Y6         FDCE                                         r  i_dmi_jtag/i_dmi_jtag_tap/FSM_onehot_tap_state_q_reg[11]/C

Slack:                    inf
  Source:                 trst_n
                            (input port)
  Destination:            i_dmi_jtag/i_dmi_jtag_tap/FSM_onehot_tap_state_q_reg[12]/CLR
                            (removal check against rising-edge clock tck  {rise@0.000ns fall@50.000ns period=100.000ns})
  Path Group:             (none)
  Path Type:              Removal (Min at Fast Process Corner)
  Data Path Delay:        1.939ns  (logic 0.382ns (19.707%)  route 1.557ns (80.293%))
  Logic Levels:           2  (IBUF=1 LUT1=1)
  Clock Path Skew:        3.158ns (DCD - SCD - CPR)
    Destination Clock Delay (DCD):    3.158ns
    Source Clock Delay      (SCD):    0.000ns
    Clock Pessimism Removal (CPR):    -0.000ns
  Timing Exception:       False Path

    Location             Delay type                Incr(ns)  Path(ns)    Netlist Resource(s)
  -------------------------------------------------------------------    -------------------
    V13                                               0.000     0.000 r  trst_n (IN)
                         net (fo=0)                   0.000     0.000    trst_n
    V13                  IBUF (Prop_ibuf_I_O)         0.337     0.337 r  trst_n_IBUF_inst/O
                         net (fo=1, routed)           0.375     0.712    i_dmi_jtag/i_dmi_jtag_tap/trst_n_IBUF
    SLICE_X113Y93        LUT1 (Prop_lut1_I0_O)        0.045     0.757 f  i_dmi_jtag/i_dmi_jtag_tap/FSM_onehot_tap_state_q[15]_i_2/O
                         net (fo=258, routed)         1.182     1.939    i_dmi_jtag/i_dmi_jtag_tap/trst_n
    SLICE_X111Y6         FDCE                                         f  i_dmi_jtag/i_dmi_jtag_tap/FSM_onehot_tap_state_q_reg[12]/CLR
  -------------------------------------------------------------------    -------------------

                         (clock tck rise edge)        0.000     0.000 r  
    H15                                               0.000     0.000 r  tck (IN)
                         net (fo=0)                   0.000     0.000    tck
    H15                  IBUF (Prop_ibuf_I_O)         0.456     0.456 r  tck_IBUF_inst/O
                         net (fo=1, routed)           1.762     2.218    tck_IBUF
    BUFGCTRL_X0Y0        BUFG (Prop_bufg_I_O)         0.029     2.247 r  tck_IBUF_BUFG_inst/O
                         net (fo=258, routed)         0.911     3.158    i_dmi_jtag/i_dmi_jtag_tap/CLK
    SLICE_X111Y6         FDCE                                         r  i_dmi_jtag/i_dmi_jtag_tap/FSM_onehot_tap_state_q_reg[12]/C





--------------------------------------------------------------------------------------
Path Group:  (none)
From Clock:  clk_out1_xlnx_clk_gen
  To Clock:  tck

Max Delay            36 Endpoints
Min Delay            36 Endpoints
--------------------------------------------------------------------------------------


Max Delay Paths
--------------------------------------------------------------------------------------
Slack:                    inf
  Source:                 i_dmi_jtag/i_dmi_cdc/i_cdc_req/i_dst/ack_dst_q_reg/C
                            (rising edge-triggered cell FDCE clocked by clk_out1_xlnx_clk_gen  {rise@0.000ns fall@12.500ns period=25.000ns})
  Destination:            i_dmi_jtag/i_dmi_cdc/i_cdc_req/i_src/ack_src_q_reg/D
                            (rising edge-triggered cell FDCE clocked by tck  {rise@0.000ns fall@50.000ns period=100.000ns})
  Path Group:             (none)
  Path Type:              Setup (Max at Slow Process Corner)
  Data Path Delay:        1.619ns  (logic 0.456ns (28.161%)  route 1.163ns (71.839%))
  Logic Levels:           0  
  Clock Path Skew:        7.155ns (DCD - SCD + CPR)
    Destination Clock Delay (DCD):    6.199ns
    Source Clock Delay      (SCD):    -0.956ns
    Clock Pessimism Removal (CPR):    0.000ns
  Clock Uncertainty:      0.604ns  ((TSJ^2 + TIJ^2 + DJ^2)^1/2) / 2 + PE
    Total System Jitter     (TSJ):    0.071ns
    Total Input Jitter      (TIJ):    1.000ns
    Discrete Jitter          (DJ):    0.149ns
    Phase Error              (PE):    0.097ns
  Timing Exception:       Asynchronous Clock Groups

    Location             Delay type                Incr(ns)  Path(ns)    Netlist Resource(s)
  -------------------------------------------------------------------    -------------------
                         (clock clk_out1_xlnx_clk_gen rise edge)
                                                      0.000     0.000 r  
    K17                                               0.000     0.000 r  clk_sys (IN)
                         net (fo=0)                   0.000     0.000    i_xlnx_clk_gen/inst/clk_in1
    K17                  IBUF (Prop_ibuf_I_O)         1.475     1.475 r  i_xlnx_clk_gen/inst/clkin1_ibufg/O
                         net (fo=1, routed)           1.285     2.760    i_xlnx_clk_gen/inst/clk_in1_xlnx_clk_gen
    MMCME2_ADV_X1Y2      MMCME2_ADV (Prop_mmcme2_adv_CLKIN1_CLKOUT0)
                                                     -7.759    -4.999 r  i_xlnx_clk_gen/inst/mmcm_adv_inst/CLKOUT0
                         net (fo=1, routed)           2.206    -2.793    i_xlnx_clk_gen/inst/clk_out1_xlnx_clk_gen
    BUFGCTRL_X0Y16       BUFG (Prop_bufg_I_O)         0.101    -2.692 r  i_xlnx_clk_gen/inst/clkout1_buf/O
                         net (fo=22838, routed)       1.736    -0.956    i_dmi_jtag/i_dmi_cdc/i_cdc_req/i_dst/clk_out1
    SLICE_X78Y0          FDCE                                         r  i_dmi_jtag/i_dmi_cdc/i_cdc_req/i_dst/ack_dst_q_reg/C
  -------------------------------------------------------------------    -------------------
    SLICE_X78Y0          FDCE (Prop_fdce_C_Q)         0.456    -0.500 r  i_dmi_jtag/i_dmi_cdc/i_cdc_req/i_dst/ack_dst_q_reg/Q
                         net (fo=11, routed)          1.163     0.663    i_dmi_jtag/i_dmi_cdc/i_cdc_req/i_src/ack_src_q_reg_0
    SLICE_X81Y7          FDCE                                         r  i_dmi_jtag/i_dmi_cdc/i_cdc_req/i_src/ack_src_q_reg/D
  -------------------------------------------------------------------    -------------------

                         (clock tck rise edge)        0.000     0.000 r  
    H15                                               0.000     0.000 r  tck (IN)
                         net (fo=0)                   0.000     0.000    tck
    H15                  IBUF (Prop_ibuf_I_O)         1.430     1.430 r  tck_IBUF_inst/O
                         net (fo=1, routed)           3.120     4.550    tck_IBUF
    BUFGCTRL_X0Y0        BUFG (Prop_bufg_I_O)         0.091     4.641 r  tck_IBUF_BUFG_inst/O
                         net (fo=258, routed)         1.558     6.199    i_dmi_jtag/i_dmi_cdc/i_cdc_req/i_src/CLK
    SLICE_X81Y7          FDCE                                         r  i_dmi_jtag/i_dmi_cdc/i_cdc_req/i_src/ack_src_q_reg/C

Slack:                    inf
  Source:                 i_dmi_jtag/i_dmi_cdc/i_cdc_resp/i_src/data_src_q_reg[data][26]/C
                            (rising edge-triggered cell FDCE clocked by clk_out1_xlnx_clk_gen  {rise@0.000ns fall@12.500ns period=25.000ns})
  Destination:            i_dmi_jtag/i_dmi_cdc/i_cdc_resp/i_dst/data_dst_q_reg[data][26]/D
                            (rising edge-triggered cell FDCE clocked by tck  {rise@0.000ns fall@50.000ns period=100.000ns})
  Path Group:             (none)
  Path Type:              Setup (Max at Slow Process Corner)
  Data Path Delay:        1.442ns  (logic 0.456ns (31.628%)  route 0.986ns (68.372%))
  Logic Levels:           0  
  Clock Path Skew:        7.156ns (DCD - SCD + CPR)
    Destination Clock Delay (DCD):    6.199ns
    Source Clock Delay      (SCD):    -0.957ns
    Clock Pessimism Removal (CPR):    0.000ns
  Clock Uncertainty:      0.604ns  ((TSJ^2 + TIJ^2 + DJ^2)^1/2) / 2 + PE
    Total System Jitter     (TSJ):    0.071ns
    Total Input Jitter      (TIJ):    1.000ns
    Discrete Jitter          (DJ):    0.149ns
    Phase Error              (PE):    0.097ns
  Timing Exception:       Asynchronous Clock Groups

    Location             Delay type                Incr(ns)  Path(ns)    Netlist Resource(s)
  -------------------------------------------------------------------    -------------------
                         (clock clk_out1_xlnx_clk_gen rise edge)
                                                      0.000     0.000 r  
    K17                                               0.000     0.000 r  clk_sys (IN)
                         net (fo=0)                   0.000     0.000    i_xlnx_clk_gen/inst/clk_in1
    K17                  IBUF (Prop_ibuf_I_O)         1.475     1.475 r  i_xlnx_clk_gen/inst/clkin1_ibufg/O
                         net (fo=1, routed)           1.285     2.760    i_xlnx_clk_gen/inst/clk_in1_xlnx_clk_gen
    MMCME2_ADV_X1Y2      MMCME2_ADV (Prop_mmcme2_adv_CLKIN1_CLKOUT0)
                                                     -7.759    -4.999 r  i_xlnx_clk_gen/inst/mmcm_adv_inst/CLKOUT0
                         net (fo=1, routed)           2.206    -2.793    i_xlnx_clk_gen/inst/clk_out1_xlnx_clk_gen
    BUFGCTRL_X0Y16       BUFG (Prop_bufg_I_O)         0.101    -2.692 r  i_xlnx_clk_gen/inst/clkout1_buf/O
                         net (fo=22838, routed)       1.735    -0.957    i_dmi_jtag/i_dmi_cdc/i_cdc_resp/i_src/clk_out1
    SLICE_X79Y4          FDCE                                         r  i_dmi_jtag/i_dmi_cdc/i_cdc_resp/i_src/data_src_q_reg[data][26]/C
  -------------------------------------------------------------------    -------------------
    SLICE_X79Y4          FDCE (Prop_fdce_C_Q)         0.456    -0.501 r  i_dmi_jtag/i_dmi_cdc/i_cdc_resp/i_src/data_src_q_reg[data][26]/Q
                         net (fo=1, routed)           0.986     0.485    i_dmi_jtag/i_dmi_cdc/i_cdc_resp/i_dst/D[26]
    SLICE_X79Y6          FDCE                                         r  i_dmi_jtag/i_dmi_cdc/i_cdc_resp/i_dst/data_dst_q_reg[data][26]/D
  -------------------------------------------------------------------    -------------------

                         (clock tck rise edge)        0.000     0.000 r  
    H15                                               0.000     0.000 r  tck (IN)
                         net (fo=0)                   0.000     0.000    tck
    H15                  IBUF (Prop_ibuf_I_O)         1.430     1.430 r  tck_IBUF_inst/O
                         net (fo=1, routed)           3.120     4.550    tck_IBUF
    BUFGCTRL_X0Y0        BUFG (Prop_bufg_I_O)         0.091     4.641 r  tck_IBUF_BUFG_inst/O
                         net (fo=258, routed)         1.558     6.199    i_dmi_jtag/i_dmi_cdc/i_cdc_resp/i_dst/CLK
    SLICE_X79Y6          FDCE                                         r  i_dmi_jtag/i_dmi_cdc/i_cdc_resp/i_dst/data_dst_q_reg[data][26]/C

Slack:                    inf
  Source:                 i_dmi_jtag/i_dmi_cdc/i_cdc_resp/i_src/data_src_q_reg[data][11]/C
                            (rising edge-triggered cell FDCE clocked by clk_out1_xlnx_clk_gen  {rise@0.000ns fall@12.500ns period=25.000ns})
  Destination:            i_dmi_jtag/i_dmi_cdc/i_cdc_resp/i_dst/data_dst_q_reg[data][11]/D
                            (rising edge-triggered cell FDCE clocked by tck  {rise@0.000ns fall@50.000ns period=100.000ns})
  Path Group:             (none)
  Path Type:              Setup (Max at Slow Process Corner)
  Data Path Delay:        1.389ns  (logic 0.456ns (32.820%)  route 0.933ns (67.180%))
  Logic Levels:           0  
  Clock Path Skew:        7.154ns (DCD - SCD + CPR)
    Destination Clock Delay (DCD):    6.197ns
    Source Clock Delay      (SCD):    -0.957ns
    Clock Pessimism Removal (CPR):    0.000ns
  Clock Uncertainty:      0.604ns  ((TSJ^2 + TIJ^2 + DJ^2)^1/2) / 2 + PE
    Total System Jitter     (TSJ):    0.071ns
    Total Input Jitter      (TIJ):    1.000ns
    Discrete Jitter          (DJ):    0.149ns
    Phase Error              (PE):    0.097ns
  Timing Exception:       Asynchronous Clock Groups

    Location             Delay type                Incr(ns)  Path(ns)    Netlist Resource(s)
  -------------------------------------------------------------------    -------------------
                         (clock clk_out1_xlnx_clk_gen rise edge)
                                                      0.000     0.000 r  
    K17                                               0.000     0.000 r  clk_sys (IN)
                         net (fo=0)                   0.000     0.000    i_xlnx_clk_gen/inst/clk_in1
    K17                  IBUF (Prop_ibuf_I_O)         1.475     1.475 r  i_xlnx_clk_gen/inst/clkin1_ibufg/O
                         net (fo=1, routed)           1.285     2.760    i_xlnx_clk_gen/inst/clk_in1_xlnx_clk_gen
    MMCME2_ADV_X1Y2      MMCME2_ADV (Prop_mmcme2_adv_CLKIN1_CLKOUT0)
                                                     -7.759    -4.999 r  i_xlnx_clk_gen/inst/mmcm_adv_inst/CLKOUT0
                         net (fo=1, routed)           2.206    -2.793    i_xlnx_clk_gen/inst/clk_out1_xlnx_clk_gen
    BUFGCTRL_X0Y16       BUFG (Prop_bufg_I_O)         0.101    -2.692 r  i_xlnx_clk_gen/inst/clkout1_buf/O
                         net (fo=22838, routed)       1.735    -0.957    i_dmi_jtag/i_dmi_cdc/i_cdc_resp/i_src/clk_out1
    SLICE_X79Y4          FDCE                                         r  i_dmi_jtag/i_dmi_cdc/i_cdc_resp/i_src/data_src_q_reg[data][11]/C
  -------------------------------------------------------------------    -------------------
    SLICE_X79Y4          FDCE (Prop_fdce_C_Q)         0.456    -0.501 r  i_dmi_jtag/i_dmi_cdc/i_cdc_resp/i_src/data_src_q_reg[data][11]/Q
                         net (fo=1, routed)           0.933     0.432    i_dmi_jtag/i_dmi_cdc/i_cdc_resp/i_dst/D[11]
    SLICE_X73Y6          FDCE                                         r  i_dmi_jtag/i_dmi_cdc/i_cdc_resp/i_dst/data_dst_q_reg[data][11]/D
  -------------------------------------------------------------------    -------------------

                         (clock tck rise edge)        0.000     0.000 r  
    H15                                               0.000     0.000 r  tck (IN)
                         net (fo=0)                   0.000     0.000    tck
    H15                  IBUF (Prop_ibuf_I_O)         1.430     1.430 r  tck_IBUF_inst/O
                         net (fo=1, routed)           3.120     4.550    tck_IBUF
    BUFGCTRL_X0Y0        BUFG (Prop_bufg_I_O)         0.091     4.641 r  tck_IBUF_BUFG_inst/O
                         net (fo=258, routed)         1.556     6.197    i_dmi_jtag/i_dmi_cdc/i_cdc_resp/i_dst/CLK
    SLICE_X73Y6          FDCE                                         r  i_dmi_jtag/i_dmi_cdc/i_cdc_resp/i_dst/data_dst_q_reg[data][11]/C

Slack:                    inf
  Source:                 i_dmi_jtag/i_dmi_cdc/i_cdc_resp/i_src/data_src_q_reg[resp][1]/C
                            (rising edge-triggered cell FDCE clocked by clk_out1_xlnx_clk_gen  {rise@0.000ns fall@12.500ns period=25.000ns})
  Destination:            i_dmi_jtag/i_dmi_cdc/i_cdc_resp/i_dst/data_dst_q_reg[resp][1]/D
                            (rising edge-triggered cell FDCE clocked by tck  {rise@0.000ns fall@50.000ns period=100.000ns})
  Path Group:             (none)
  Path Type:              Setup (Max at Slow Process Corner)
  Data Path Delay:        1.313ns  (logic 0.518ns (39.446%)  route 0.795ns (60.554%))
  Logic Levels:           0  
  Clock Path Skew:        7.152ns (DCD - SCD + CPR)
    Destination Clock Delay (DCD):    6.262ns
    Source Clock Delay      (SCD):    -0.890ns
    Clock Pessimism Removal (CPR):    0.000ns
  Clock Uncertainty:      0.604ns  ((TSJ^2 + TIJ^2 + DJ^2)^1/2) / 2 + PE
    Total System Jitter     (TSJ):    0.071ns
    Total Input Jitter      (TIJ):    1.000ns
    Discrete Jitter          (DJ):    0.149ns
    Phase Error              (PE):    0.097ns
  Timing Exception:       Asynchronous Clock Groups

    Location             Delay type                Incr(ns)  Path(ns)    Netlist Resource(s)
  -------------------------------------------------------------------    -------------------
                         (clock clk_out1_xlnx_clk_gen rise edge)
                                                      0.000     0.000 r  
    K17                                               0.000     0.000 r  clk_sys (IN)
                         net (fo=0)                   0.000     0.000    i_xlnx_clk_gen/inst/clk_in1
    K17                  IBUF (Prop_ibuf_I_O)         1.475     1.475 r  i_xlnx_clk_gen/inst/clkin1_ibufg/O
                         net (fo=1, routed)           1.285     2.760    i_xlnx_clk_gen/inst/clk_in1_xlnx_clk_gen
    MMCME2_ADV_X1Y2      MMCME2_ADV (Prop_mmcme2_adv_CLKIN1_CLKOUT0)
                                                     -7.759    -4.999 r  i_xlnx_clk_gen/inst/mmcm_adv_inst/CLKOUT0
                         net (fo=1, routed)           2.206    -2.793    i_xlnx_clk_gen/inst/clk_out1_xlnx_clk_gen
    BUFGCTRL_X0Y16       BUFG (Prop_bufg_I_O)         0.101    -2.692 r  i_xlnx_clk_gen/inst/clkout1_buf/O
                         net (fo=22838, routed)       1.802    -0.890    i_dmi_jtag/i_dmi_cdc/i_cdc_resp/i_src/clk_out1
    SLICE_X96Y4          FDCE                                         r  i_dmi_jtag/i_dmi_cdc/i_cdc_resp/i_src/data_src_q_reg[resp][1]/C
  -------------------------------------------------------------------    -------------------
    SLICE_X96Y4          FDCE (Prop_fdce_C_Q)         0.518    -0.372 r  i_dmi_jtag/i_dmi_cdc/i_cdc_resp/i_src/data_src_q_reg[resp][1]/Q
                         net (fo=1, routed)           0.795     0.423    i_dmi_jtag/i_dmi_cdc/i_cdc_resp/i_dst/data_dst_q_reg[resp][1]_0[1]
    SLICE_X96Y5          FDCE                                         r  i_dmi_jtag/i_dmi_cdc/i_cdc_resp/i_dst/data_dst_q_reg[resp][1]/D
  -------------------------------------------------------------------    -------------------

                         (clock tck rise edge)        0.000     0.000 r  
    H15                                               0.000     0.000 r  tck (IN)
                         net (fo=0)                   0.000     0.000    tck
    H15                  IBUF (Prop_ibuf_I_O)         1.430     1.430 r  tck_IBUF_inst/O
                         net (fo=1, routed)           3.120     4.550    tck_IBUF
    BUFGCTRL_X0Y0        BUFG (Prop_bufg_I_O)         0.091     4.641 r  tck_IBUF_BUFG_inst/O
                         net (fo=258, routed)         1.621     6.262    i_dmi_jtag/i_dmi_cdc/i_cdc_resp/i_dst/CLK
    SLICE_X96Y5          FDCE                                         r  i_dmi_jtag/i_dmi_cdc/i_cdc_resp/i_dst/data_dst_q_reg[resp][1]/C

Slack:                    inf
  Source:                 i_dmi_jtag/i_dmi_cdc/i_cdc_resp/i_src/data_src_q_reg[data][31]/C
                            (rising edge-triggered cell FDCE clocked by clk_out1_xlnx_clk_gen  {rise@0.000ns fall@12.500ns period=25.000ns})
  Destination:            i_dmi_jtag/i_dmi_cdc/i_cdc_resp/i_dst/data_dst_q_reg[data][31]/D
                            (rising edge-triggered cell FDCE clocked by tck  {rise@0.000ns fall@50.000ns period=100.000ns})
  Path Group:             (none)
  Path Type:              Setup (Max at Slow Process Corner)
  Data Path Delay:        1.266ns  (logic 0.456ns (36.007%)  route 0.810ns (63.993%))
  Logic Levels:           0  
  Clock Path Skew:        7.156ns (DCD - SCD + CPR)
    Destination Clock Delay (DCD):    6.199ns
    Source Clock Delay      (SCD):    -0.957ns
    Clock Pessimism Removal (CPR):    0.000ns
  Clock Uncertainty:      0.604ns  ((TSJ^2 + TIJ^2 + DJ^2)^1/2) / 2 + PE
    Total System Jitter     (TSJ):    0.071ns
    Total Input Jitter      (TIJ):    1.000ns
    Discrete Jitter          (DJ):    0.149ns
    Phase Error              (PE):    0.097ns
  Timing Exception:       Asynchronous Clock Groups

    Location             Delay type                Incr(ns)  Path(ns)    Netlist Resource(s)
  -------------------------------------------------------------------    -------------------
                         (clock clk_out1_xlnx_clk_gen rise edge)
                                                      0.000     0.000 r  
    K17                                               0.000     0.000 r  clk_sys (IN)
                         net (fo=0)                   0.000     0.000    i_xlnx_clk_gen/inst/clk_in1
    K17                  IBUF (Prop_ibuf_I_O)         1.475     1.475 r  i_xlnx_clk_gen/inst/clkin1_ibufg/O
                         net (fo=1, routed)           1.285     2.760    i_xlnx_clk_gen/inst/clk_in1_xlnx_clk_gen
    MMCME2_ADV_X1Y2      MMCME2_ADV (Prop_mmcme2_adv_CLKIN1_CLKOUT0)
                                                     -7.759    -4.999 r  i_xlnx_clk_gen/inst/mmcm_adv_inst/CLKOUT0
                         net (fo=1, routed)           2.206    -2.793    i_xlnx_clk_gen/inst/clk_out1_xlnx_clk_gen
    BUFGCTRL_X0Y16       BUFG (Prop_bufg_I_O)         0.101    -2.692 r  i_xlnx_clk_gen/inst/clkout1_buf/O
                         net (fo=22838, routed)       1.735    -0.957    i_dmi_jtag/i_dmi_cdc/i_cdc_resp/i_src/clk_out1
    SLICE_X79Y4          FDCE                                         r  i_dmi_jtag/i_dmi_cdc/i_cdc_resp/i_src/data_src_q_reg[data][31]/C
  -------------------------------------------------------------------    -------------------
    SLICE_X79Y4          FDCE (Prop_fdce_C_Q)         0.456    -0.501 r  i_dmi_jtag/i_dmi_cdc/i_cdc_resp/i_src/data_src_q_reg[data][31]/Q
                         net (fo=1, routed)           0.810     0.309    i_dmi_jtag/i_dmi_cdc/i_cdc_resp/i_dst/D[31]
    SLICE_X79Y6          FDCE                                         r  i_dmi_jtag/i_dmi_cdc/i_cdc_resp/i_dst/data_dst_q_reg[data][31]/D
  -------------------------------------------------------------------    -------------------

                         (clock tck rise edge)        0.000     0.000 r  
    H15                                               0.000     0.000 r  tck (IN)
                         net (fo=0)                   0.000     0.000    tck
    H15                  IBUF (Prop_ibuf_I_O)         1.430     1.430 r  tck_IBUF_inst/O
                         net (fo=1, routed)           3.120     4.550    tck_IBUF
    BUFGCTRL_X0Y0        BUFG (Prop_bufg_I_O)         0.091     4.641 r  tck_IBUF_BUFG_inst/O
                         net (fo=258, routed)         1.558     6.199    i_dmi_jtag/i_dmi_cdc/i_cdc_resp/i_dst/CLK
    SLICE_X79Y6          FDCE                                         r  i_dmi_jtag/i_dmi_cdc/i_cdc_resp/i_dst/data_dst_q_reg[data][31]/C

Slack:                    inf
  Source:                 i_dmi_jtag/i_dmi_cdc/i_cdc_resp/i_src/data_src_q_reg[data][2]/C
                            (rising edge-triggered cell FDCE clocked by clk_out1_xlnx_clk_gen  {rise@0.000ns fall@12.500ns period=25.000ns})
  Destination:            i_dmi_jtag/i_dmi_cdc/i_cdc_resp/i_dst/data_dst_q_reg[data][2]/D
                            (rising edge-triggered cell FDCE clocked by tck  {rise@0.000ns fall@50.000ns period=100.000ns})
  Path Group:             (none)
  Path Type:              Setup (Max at Slow Process Corner)
  Data Path Delay:        1.252ns  (logic 0.456ns (36.417%)  route 0.796ns (63.583%))
  Logic Levels:           0  
  Clock Path Skew:        7.154ns (DCD - SCD + CPR)
    Destination Clock Delay (DCD):    6.196ns
    Source Clock Delay      (SCD):    -0.958ns
    Clock Pessimism Removal (CPR):    0.000ns
  Clock Uncertainty:      0.604ns  ((TSJ^2 + TIJ^2 + DJ^2)^1/2) / 2 + PE
    Total System Jitter     (TSJ):    0.071ns
    Total Input Jitter      (TIJ):    1.000ns
    Discrete Jitter          (DJ):    0.149ns
    Phase Error              (PE):    0.097ns
  Timing Exception:       Asynchronous Clock Groups

    Location             Delay type                Incr(ns)  Path(ns)    Netlist Resource(s)
  -------------------------------------------------------------------    -------------------
                         (clock clk_out1_xlnx_clk_gen rise edge)
                                                      0.000     0.000 r  
    K17                                               0.000     0.000 r  clk_sys (IN)
                         net (fo=0)                   0.000     0.000    i_xlnx_clk_gen/inst/clk_in1
    K17                  IBUF (Prop_ibuf_I_O)         1.475     1.475 r  i_xlnx_clk_gen/inst/clkin1_ibufg/O
                         net (fo=1, routed)           1.285     2.760    i_xlnx_clk_gen/inst/clk_in1_xlnx_clk_gen
    MMCME2_ADV_X1Y2      MMCME2_ADV (Prop_mmcme2_adv_CLKIN1_CLKOUT0)
                                                     -7.759    -4.999 r  i_xlnx_clk_gen/inst/mmcm_adv_inst/CLKOUT0
                         net (fo=1, routed)           2.206    -2.793    i_xlnx_clk_gen/inst/clk_out1_xlnx_clk_gen
    BUFGCTRL_X0Y16       BUFG (Prop_bufg_I_O)         0.101    -2.692 r  i_xlnx_clk_gen/inst/clkout1_buf/O
                         net (fo=22838, routed)       1.734    -0.958    i_dmi_jtag/i_dmi_cdc/i_cdc_resp/i_src/clk_out1
    SLICE_X71Y2          FDCE                                         r  i_dmi_jtag/i_dmi_cdc/i_cdc_resp/i_src/data_src_q_reg[data][2]/C
  -------------------------------------------------------------------    -------------------
    SLICE_X71Y2          FDCE (Prop_fdce_C_Q)         0.456    -0.502 r  i_dmi_jtag/i_dmi_cdc/i_cdc_resp/i_src/data_src_q_reg[data][2]/Q
                         net (fo=1, routed)           0.796     0.294    i_dmi_jtag/i_dmi_cdc/i_cdc_resp/i_dst/D[2]
    SLICE_X71Y3          FDCE                                         r  i_dmi_jtag/i_dmi_cdc/i_cdc_resp/i_dst/data_dst_q_reg[data][2]/D
  -------------------------------------------------------------------    -------------------

                         (clock tck rise edge)        0.000     0.000 r  
    H15                                               0.000     0.000 r  tck (IN)
                         net (fo=0)                   0.000     0.000    tck
    H15                  IBUF (Prop_ibuf_I_O)         1.430     1.430 r  tck_IBUF_inst/O
                         net (fo=1, routed)           3.120     4.550    tck_IBUF
    BUFGCTRL_X0Y0        BUFG (Prop_bufg_I_O)         0.091     4.641 r  tck_IBUF_BUFG_inst/O
                         net (fo=258, routed)         1.555     6.196    i_dmi_jtag/i_dmi_cdc/i_cdc_resp/i_dst/CLK
    SLICE_X71Y3          FDCE                                         r  i_dmi_jtag/i_dmi_cdc/i_cdc_resp/i_dst/data_dst_q_reg[data][2]/C

Slack:                    inf
  Source:                 i_dmi_jtag/i_dmi_cdc/i_cdc_resp/i_src/data_src_q_reg[resp][0]/C
                            (rising edge-triggered cell FDCE clocked by clk_out1_xlnx_clk_gen  {rise@0.000ns fall@12.500ns period=25.000ns})
  Destination:            i_dmi_jtag/i_dmi_cdc/i_cdc_resp/i_dst/data_dst_q_reg[resp][0]/D
                            (rising edge-triggered cell FDCE clocked by tck  {rise@0.000ns fall@50.000ns period=100.000ns})
  Path Group:             (none)
  Path Type:              Setup (Max at Slow Process Corner)
  Data Path Delay:        1.181ns  (logic 0.518ns (43.855%)  route 0.663ns (56.145%))
  Logic Levels:           0  
  Clock Path Skew:        7.152ns (DCD - SCD + CPR)
    Destination Clock Delay (DCD):    6.262ns
    Source Clock Delay      (SCD):    -0.890ns
    Clock Pessimism Removal (CPR):    0.000ns
  Clock Uncertainty:      0.604ns  ((TSJ^2 + TIJ^2 + DJ^2)^1/2) / 2 + PE
    Total System Jitter     (TSJ):    0.071ns
    Total Input Jitter      (TIJ):    1.000ns
    Discrete Jitter          (DJ):    0.149ns
    Phase Error              (PE):    0.097ns
  Timing Exception:       Asynchronous Clock Groups

    Location             Delay type                Incr(ns)  Path(ns)    Netlist Resource(s)
  -------------------------------------------------------------------    -------------------
                         (clock clk_out1_xlnx_clk_gen rise edge)
                                                      0.000     0.000 r  
    K17                                               0.000     0.000 r  clk_sys (IN)
                         net (fo=0)                   0.000     0.000    i_xlnx_clk_gen/inst/clk_in1
    K17                  IBUF (Prop_ibuf_I_O)         1.475     1.475 r  i_xlnx_clk_gen/inst/clkin1_ibufg/O
                         net (fo=1, routed)           1.285     2.760    i_xlnx_clk_gen/inst/clk_in1_xlnx_clk_gen
    MMCME2_ADV_X1Y2      MMCME2_ADV (Prop_mmcme2_adv_CLKIN1_CLKOUT0)
                                                     -7.759    -4.999 r  i_xlnx_clk_gen/inst/mmcm_adv_inst/CLKOUT0
                         net (fo=1, routed)           2.206    -2.793    i_xlnx_clk_gen/inst/clk_out1_xlnx_clk_gen
    BUFGCTRL_X0Y16       BUFG (Prop_bufg_I_O)         0.101    -2.692 r  i_xlnx_clk_gen/inst/clkout1_buf/O
                         net (fo=22838, routed)       1.802    -0.890    i_dmi_jtag/i_dmi_cdc/i_cdc_resp/i_src/clk_out1
    SLICE_X96Y4          FDCE                                         r  i_dmi_jtag/i_dmi_cdc/i_cdc_resp/i_src/data_src_q_reg[resp][0]/C
  -------------------------------------------------------------------    -------------------
    SLICE_X96Y4          FDCE (Prop_fdce_C_Q)         0.518    -0.372 r  i_dmi_jtag/i_dmi_cdc/i_cdc_resp/i_src/data_src_q_reg[resp][0]/Q
                         net (fo=1, routed)           0.663     0.291    i_dmi_jtag/i_dmi_cdc/i_cdc_resp/i_dst/data_dst_q_reg[resp][1]_0[0]
    SLICE_X96Y5          FDCE                                         r  i_dmi_jtag/i_dmi_cdc/i_cdc_resp/i_dst/data_dst_q_reg[resp][0]/D
  -------------------------------------------------------------------    -------------------

                         (clock tck rise edge)        0.000     0.000 r  
    H15                                               0.000     0.000 r  tck (IN)
                         net (fo=0)                   0.000     0.000    tck
    H15                  IBUF (Prop_ibuf_I_O)         1.430     1.430 r  tck_IBUF_inst/O
                         net (fo=1, routed)           3.120     4.550    tck_IBUF
    BUFGCTRL_X0Y0        BUFG (Prop_bufg_I_O)         0.091     4.641 r  tck_IBUF_BUFG_inst/O
                         net (fo=258, routed)         1.621     6.262    i_dmi_jtag/i_dmi_cdc/i_cdc_resp/i_dst/CLK
    SLICE_X96Y5          FDCE                                         r  i_dmi_jtag/i_dmi_cdc/i_cdc_resp/i_dst/data_dst_q_reg[resp][0]/C

Slack:                    inf
  Source:                 i_dmi_jtag/i_dmi_cdc/i_cdc_resp/i_src/data_src_q_reg[data][4]/C
                            (rising edge-triggered cell FDCE clocked by clk_out1_xlnx_clk_gen  {rise@0.000ns fall@12.500ns period=25.000ns})
  Destination:            i_dmi_jtag/i_dmi_cdc/i_cdc_resp/i_dst/data_dst_q_reg[data][4]/D
                            (rising edge-triggered cell FDCE clocked by tck  {rise@0.000ns fall@50.000ns period=100.000ns})
  Path Group:             (none)
  Path Type:              Setup (Max at Slow Process Corner)
  Data Path Delay:        1.250ns  (logic 0.456ns (36.487%)  route 0.794ns (63.513%))
  Logic Levels:           0  
  Clock Path Skew:        7.155ns (DCD - SCD + CPR)
    Destination Clock Delay (DCD):    6.196ns
    Source Clock Delay      (SCD):    -0.959ns
    Clock Pessimism Removal (CPR):    0.000ns
  Clock Uncertainty:      0.604ns  ((TSJ^2 + TIJ^2 + DJ^2)^1/2) / 2 + PE
    Total System Jitter     (TSJ):    0.071ns
    Total Input Jitter      (TIJ):    1.000ns
    Discrete Jitter          (DJ):    0.149ns
    Phase Error              (PE):    0.097ns
  Timing Exception:       Asynchronous Clock Groups

    Location             Delay type                Incr(ns)  Path(ns)    Netlist Resource(s)
  -------------------------------------------------------------------    -------------------
                         (clock clk_out1_xlnx_clk_gen rise edge)
                                                      0.000     0.000 r  
    K17                                               0.000     0.000 r  clk_sys (IN)
                         net (fo=0)                   0.000     0.000    i_xlnx_clk_gen/inst/clk_in1
    K17                  IBUF (Prop_ibuf_I_O)         1.475     1.475 r  i_xlnx_clk_gen/inst/clkin1_ibufg/O
                         net (fo=1, routed)           1.285     2.760    i_xlnx_clk_gen/inst/clk_in1_xlnx_clk_gen
    MMCME2_ADV_X1Y2      MMCME2_ADV (Prop_mmcme2_adv_CLKIN1_CLKOUT0)
                                                     -7.759    -4.999 r  i_xlnx_clk_gen/inst/mmcm_adv_inst/CLKOUT0
                         net (fo=1, routed)           2.206    -2.793    i_xlnx_clk_gen/inst/clk_out1_xlnx_clk_gen
    BUFGCTRL_X0Y16       BUFG (Prop_bufg_I_O)         0.101    -2.692 r  i_xlnx_clk_gen/inst/clkout1_buf/O
                         net (fo=22838, routed)       1.733    -0.959    i_dmi_jtag/i_dmi_cdc/i_cdc_resp/i_src/clk_out1
    SLICE_X68Y3          FDCE                                         r  i_dmi_jtag/i_dmi_cdc/i_cdc_resp/i_src/data_src_q_reg[data][4]/C
  -------------------------------------------------------------------    -------------------
    SLICE_X68Y3          FDCE (Prop_fdce_C_Q)         0.456    -0.503 r  i_dmi_jtag/i_dmi_cdc/i_cdc_resp/i_src/data_src_q_reg[data][4]/Q
                         net (fo=1, routed)           0.794     0.291    i_dmi_jtag/i_dmi_cdc/i_cdc_resp/i_dst/D[4]
    SLICE_X71Y3          FDCE                                         r  i_dmi_jtag/i_dmi_cdc/i_cdc_resp/i_dst/data_dst_q_reg[data][4]/D
  -------------------------------------------------------------------    -------------------

                         (clock tck rise edge)        0.000     0.000 r  
    H15                                               0.000     0.000 r  tck (IN)
                         net (fo=0)                   0.000     0.000    tck
    H15                  IBUF (Prop_ibuf_I_O)         1.430     1.430 r  tck_IBUF_inst/O
                         net (fo=1, routed)           3.120     4.550    tck_IBUF
    BUFGCTRL_X0Y0        BUFG (Prop_bufg_I_O)         0.091     4.641 r  tck_IBUF_BUFG_inst/O
                         net (fo=258, routed)         1.555     6.196    i_dmi_jtag/i_dmi_cdc/i_cdc_resp/i_dst/CLK
    SLICE_X71Y3          FDCE                                         r  i_dmi_jtag/i_dmi_cdc/i_cdc_resp/i_dst/data_dst_q_reg[data][4]/C

Slack:                    inf
  Source:                 i_dmi_jtag/i_dmi_cdc/i_cdc_resp/i_src/data_src_q_reg[data][3]/C
                            (rising edge-triggered cell FDCE clocked by clk_out1_xlnx_clk_gen  {rise@0.000ns fall@12.500ns period=25.000ns})
  Destination:            i_dmi_jtag/i_dmi_cdc/i_cdc_resp/i_dst/data_dst_q_reg[data][3]/D
                            (rising edge-triggered cell FDCE clocked by tck  {rise@0.000ns fall@50.000ns period=100.000ns})
  Path Group:             (none)
  Path Type:              Setup (Max at Slow Process Corner)
  Data Path Delay:        1.137ns  (logic 0.456ns (40.117%)  route 0.681ns (59.883%))
  Logic Levels:           0  
  Clock Path Skew:        7.156ns (DCD - SCD + CPR)
    Destination Clock Delay (DCD):    6.198ns
    Source Clock Delay      (SCD):    -0.958ns
    Clock Pessimism Removal (CPR):    0.000ns
  Clock Uncertainty:      0.604ns  ((TSJ^2 + TIJ^2 + DJ^2)^1/2) / 2 + PE
    Total System Jitter     (TSJ):    0.071ns
    Total Input Jitter      (TIJ):    1.000ns
    Discrete Jitter          (DJ):    0.149ns
    Phase Error              (PE):    0.097ns
  Timing Exception:       Asynchronous Clock Groups

    Location             Delay type                Incr(ns)  Path(ns)    Netlist Resource(s)
  -------------------------------------------------------------------    -------------------
                         (clock clk_out1_xlnx_clk_gen rise edge)
                                                      0.000     0.000 r  
    K17                                               0.000     0.000 r  clk_sys (IN)
                         net (fo=0)                   0.000     0.000    i_xlnx_clk_gen/inst/clk_in1
    K17                  IBUF (Prop_ibuf_I_O)         1.475     1.475 r  i_xlnx_clk_gen/inst/clkin1_ibufg/O
                         net (fo=1, routed)           1.285     2.760    i_xlnx_clk_gen/inst/clk_in1_xlnx_clk_gen
    MMCME2_ADV_X1Y2      MMCME2_ADV (Prop_mmcme2_adv_CLKIN1_CLKOUT0)
                                                     -7.759    -4.999 r  i_xlnx_clk_gen/inst/mmcm_adv_inst/CLKOUT0
                         net (fo=1, routed)           2.206    -2.793    i_xlnx_clk_gen/inst/clk_out1_xlnx_clk_gen
    BUFGCTRL_X0Y16       BUFG (Prop_bufg_I_O)         0.101    -2.692 r  i_xlnx_clk_gen/inst/clkout1_buf/O
                         net (fo=22838, routed)       1.734    -0.958    i_dmi_jtag/i_dmi_cdc/i_cdc_resp/i_src/clk_out1
    SLICE_X72Y5          FDCE                                         r  i_dmi_jtag/i_dmi_cdc/i_cdc_resp/i_src/data_src_q_reg[data][3]/C
  -------------------------------------------------------------------    -------------------
    SLICE_X72Y5          FDCE (Prop_fdce_C_Q)         0.456    -0.502 r  i_dmi_jtag/i_dmi_cdc/i_cdc_resp/i_src/data_src_q_reg[data][3]/Q
                         net (fo=1, routed)           0.681     0.178    i_dmi_jtag/i_dmi_cdc/i_cdc_resp/i_dst/D[3]
    SLICE_X72Y2          FDCE                                         r  i_dmi_jtag/i_dmi_cdc/i_cdc_resp/i_dst/data_dst_q_reg[data][3]/D
  -------------------------------------------------------------------    -------------------

                         (clock tck rise edge)        0.000     0.000 r  
    H15                                               0.000     0.000 r  tck (IN)
                         net (fo=0)                   0.000     0.000    tck
    H15                  IBUF (Prop_ibuf_I_O)         1.430     1.430 r  tck_IBUF_inst/O
                         net (fo=1, routed)           3.120     4.550    tck_IBUF
    BUFGCTRL_X0Y0        BUFG (Prop_bufg_I_O)         0.091     4.641 r  tck_IBUF_BUFG_inst/O
                         net (fo=258, routed)         1.557     6.198    i_dmi_jtag/i_dmi_cdc/i_cdc_resp/i_dst/CLK
    SLICE_X72Y2          FDCE                                         r  i_dmi_jtag/i_dmi_cdc/i_cdc_resp/i_dst/data_dst_q_reg[data][3]/C

Slack:                    inf
  Source:                 i_dmi_jtag/i_dmi_cdc/i_cdc_resp/i_src/data_src_q_reg[data][12]/C
                            (rising edge-triggered cell FDCE clocked by clk_out1_xlnx_clk_gen  {rise@0.000ns fall@12.500ns period=25.000ns})
  Destination:            i_dmi_jtag/i_dmi_cdc/i_cdc_resp/i_dst/data_dst_q_reg[data][12]/D
                            (rising edge-triggered cell FDCE clocked by tck  {rise@0.000ns fall@50.000ns period=100.000ns})
  Path Group:             (none)
  Path Type:              Setup (Max at Slow Process Corner)
  Data Path Delay:        1.122ns  (logic 0.456ns (40.652%)  route 0.666ns (59.348%))
  Logic Levels:           0  
  Clock Path Skew:        7.155ns (DCD - SCD + CPR)
    Destination Clock Delay (DCD):    6.197ns
    Source Clock Delay      (SCD):    -0.958ns
    Clock Pessimism Removal (CPR):    0.000ns
  Clock Uncertainty:      0.604ns  ((TSJ^2 + TIJ^2 + DJ^2)^1/2) / 2 + PE
    Total System Jitter     (TSJ):    0.071ns
    Total Input Jitter      (TIJ):    1.000ns
    Discrete Jitter          (DJ):    0.149ns
    Phase Error              (PE):    0.097ns
  Timing Exception:       Asynchronous Clock Groups

    Location             Delay type                Incr(ns)  Path(ns)    Netlist Resource(s)
  -------------------------------------------------------------------    -------------------
                         (clock clk_out1_xlnx_clk_gen rise edge)
                                                      0.000     0.000 r  
    K17                                               0.000     0.000 r  clk_sys (IN)
                         net (fo=0)                   0.000     0.000    i_xlnx_clk_gen/inst/clk_in1
    K17                  IBUF (Prop_ibuf_I_O)         1.475     1.475 r  i_xlnx_clk_gen/inst/clkin1_ibufg/O
                         net (fo=1, routed)           1.285     2.760    i_xlnx_clk_gen/inst/clk_in1_xlnx_clk_gen
    MMCME2_ADV_X1Y2      MMCME2_ADV (Prop_mmcme2_adv_CLKIN1_CLKOUT0)
                                                     -7.759    -4.999 r  i_xlnx_clk_gen/inst/mmcm_adv_inst/CLKOUT0
                         net (fo=1, routed)           2.206    -2.793    i_xlnx_clk_gen/inst/clk_out1_xlnx_clk_gen
    BUFGCTRL_X0Y16       BUFG (Prop_bufg_I_O)         0.101    -2.692 r  i_xlnx_clk_gen/inst/clkout1_buf/O
                         net (fo=22838, routed)       1.734    -0.958    i_dmi_jtag/i_dmi_cdc/i_cdc_resp/i_src/clk_out1
    SLICE_X72Y5          FDCE                                         r  i_dmi_jtag/i_dmi_cdc/i_cdc_resp/i_src/data_src_q_reg[data][12]/C
  -------------------------------------------------------------------    -------------------
    SLICE_X72Y5          FDCE (Prop_fdce_C_Q)         0.456    -0.502 r  i_dmi_jtag/i_dmi_cdc/i_cdc_resp/i_src/data_src_q_reg[data][12]/Q
                         net (fo=1, routed)           0.666     0.164    i_dmi_jtag/i_dmi_cdc/i_cdc_resp/i_dst/D[12]
    SLICE_X73Y6          FDCE                                         r  i_dmi_jtag/i_dmi_cdc/i_cdc_resp/i_dst/data_dst_q_reg[data][12]/D
  -------------------------------------------------------------------    -------------------

                         (clock tck rise edge)        0.000     0.000 r  
    H15                                               0.000     0.000 r  tck (IN)
                         net (fo=0)                   0.000     0.000    tck
    H15                  IBUF (Prop_ibuf_I_O)         1.430     1.430 r  tck_IBUF_inst/O
                         net (fo=1, routed)           3.120     4.550    tck_IBUF
    BUFGCTRL_X0Y0        BUFG (Prop_bufg_I_O)         0.091     4.641 r  tck_IBUF_BUFG_inst/O
                         net (fo=258, routed)         1.556     6.197    i_dmi_jtag/i_dmi_cdc/i_cdc_resp/i_dst/CLK
    SLICE_X73Y6          FDCE                                         r  i_dmi_jtag/i_dmi_cdc/i_cdc_resp/i_dst/data_dst_q_reg[data][12]/C





Min Delay Paths
--------------------------------------------------------------------------------------
Slack:                    inf
  Source:                 i_dmi_jtag/i_dmi_cdc/i_cdc_resp/i_src/data_src_q_reg[data][7]/C
                            (rising edge-triggered cell FDCE clocked by clk_out1_xlnx_clk_gen  {rise@0.000ns fall@12.500ns period=25.000ns})
  Destination:            i_dmi_jtag/i_dmi_cdc/i_cdc_resp/i_dst/data_dst_q_reg[data][7]/D
                            (rising edge-triggered cell FDCE clocked by tck  {rise@0.000ns fall@50.000ns period=100.000ns})
  Path Group:             (none)
  Path Type:              Hold (Min at Slow Process Corner)
  Data Path Delay:        0.641ns  (logic 0.367ns (57.269%)  route 0.274ns (42.731%))
  Logic Levels:           0  
  Clock Path Skew:        8.577ns (DCD - SCD - CPR)
    Destination Clock Delay (DCD):    6.990ns
    Source Clock Delay      (SCD):    -1.587ns
    Clock Pessimism Removal (CPR):    -0.000ns
  Clock Uncertainty:      0.604ns  ((TSJ^2 + TIJ^2 + DJ^2)^1/2) / 2 + PE
    Total System Jitter     (TSJ):    0.071ns
    Total Input Jitter      (TIJ):    1.000ns
    Discrete Jitter          (DJ):    0.149ns
    Phase Error              (PE):    0.097ns
  Timing Exception:       Asynchronous Clock Groups

    Location             Delay type                Incr(ns)  Path(ns)    Netlist Resource(s)
  -------------------------------------------------------------------    -------------------
                         (clock clk_out1_xlnx_clk_gen rise edge)
                                                      0.000     0.000 r  
    K17                                               0.000     0.000 r  clk_sys (IN)
                         net (fo=0)                   0.000     0.000    i_xlnx_clk_gen/inst/clk_in1
    K17                  IBUF (Prop_ibuf_I_O)         1.404     1.404 r  i_xlnx_clk_gen/inst/clkin1_ibufg/O
                         net (fo=1, routed)           1.162     2.566    i_xlnx_clk_gen/inst/clk_in1_xlnx_clk_gen
    MMCME2_ADV_X1Y2      MMCME2_ADV (Prop_mmcme2_adv_CLKIN1_CLKOUT0)
                                                     -7.814    -5.248 r  i_xlnx_clk_gen/inst/mmcm_adv_inst/CLKOUT0
                         net (fo=1, routed)           2.012    -3.236    i_xlnx_clk_gen/inst/clk_out1_xlnx_clk_gen
    BUFGCTRL_X0Y16       BUFG (Prop_bufg_I_O)         0.091    -3.145 r  i_xlnx_clk_gen/inst/clkout1_buf/O
                         net (fo=22838, routed)       1.558    -1.587    i_dmi_jtag/i_dmi_cdc/i_cdc_resp/i_src/clk_out1
    SLICE_X68Y3          FDCE                                         r  i_dmi_jtag/i_dmi_cdc/i_cdc_resp/i_src/data_src_q_reg[data][7]/C
  -------------------------------------------------------------------    -------------------
    SLICE_X68Y3          FDCE (Prop_fdce_C_Q)         0.367    -1.220 r  i_dmi_jtag/i_dmi_cdc/i_cdc_resp/i_src/data_src_q_reg[data][7]/Q
                         net (fo=1, routed)           0.274    -0.946    i_dmi_jtag/i_dmi_cdc/i_cdc_resp/i_dst/D[7]
    SLICE_X71Y3          FDCE                                         r  i_dmi_jtag/i_dmi_cdc/i_cdc_resp/i_dst/data_dst_q_reg[data][7]/D
  -------------------------------------------------------------------    -------------------

                         (clock tck rise edge)        0.000     0.000 r  
    H15                                               0.000     0.000 r  tck (IN)
                         net (fo=0)                   0.000     0.000    tck
    H15                  IBUF (Prop_ibuf_I_O)         1.500     1.500 r  tck_IBUF_inst/O
                         net (fo=1, routed)           3.659     5.159    tck_IBUF
    BUFGCTRL_X0Y0        BUFG (Prop_bufg_I_O)         0.101     5.260 r  tck_IBUF_BUFG_inst/O
                         net (fo=258, routed)         1.730     6.990    i_dmi_jtag/i_dmi_cdc/i_cdc_resp/i_dst/CLK
    SLICE_X71Y3          FDCE                                         r  i_dmi_jtag/i_dmi_cdc/i_cdc_resp/i_dst/data_dst_q_reg[data][7]/C

Slack:                    inf
  Source:                 i_dmi_jtag/i_dmi_cdc/i_cdc_resp/i_src/data_src_q_reg[data][16]/C
                            (rising edge-triggered cell FDCE clocked by clk_out1_xlnx_clk_gen  {rise@0.000ns fall@12.500ns period=25.000ns})
  Destination:            i_dmi_jtag/i_dmi_cdc/i_cdc_resp/i_dst/data_dst_q_reg[data][16]/D
                            (rising edge-triggered cell FDCE clocked by tck  {rise@0.000ns fall@50.000ns period=100.000ns})
  Path Group:             (none)
  Path Type:              Hold (Min at Slow Process Corner)
  Data Path Delay:        0.662ns  (logic 0.367ns (55.435%)  route 0.295ns (44.565%))
  Logic Levels:           0  
  Clock Path Skew:        8.578ns (DCD - SCD - CPR)
    Destination Clock Delay (DCD):    6.992ns
    Source Clock Delay      (SCD):    -1.586ns
    Clock Pessimism Removal (CPR):    -0.000ns
  Clock Uncertainty:      0.604ns  ((TSJ^2 + TIJ^2 + DJ^2)^1/2) / 2 + PE
    Total System Jitter     (TSJ):    0.071ns
    Total Input Jitter      (TIJ):    1.000ns
    Discrete Jitter          (DJ):    0.149ns
    Phase Error              (PE):    0.097ns
  Timing Exception:       Asynchronous Clock Groups

    Location             Delay type                Incr(ns)  Path(ns)    Netlist Resource(s)
  -------------------------------------------------------------------    -------------------
                         (clock clk_out1_xlnx_clk_gen rise edge)
                                                      0.000     0.000 r  
    K17                                               0.000     0.000 r  clk_sys (IN)
                         net (fo=0)                   0.000     0.000    i_xlnx_clk_gen/inst/clk_in1
    K17                  IBUF (Prop_ibuf_I_O)         1.404     1.404 r  i_xlnx_clk_gen/inst/clkin1_ibufg/O
                         net (fo=1, routed)           1.162     2.566    i_xlnx_clk_gen/inst/clk_in1_xlnx_clk_gen
    MMCME2_ADV_X1Y2      MMCME2_ADV (Prop_mmcme2_adv_CLKIN1_CLKOUT0)
                                                     -7.814    -5.248 r  i_xlnx_clk_gen/inst/mmcm_adv_inst/CLKOUT0
                         net (fo=1, routed)           2.012    -3.236    i_xlnx_clk_gen/inst/clk_out1_xlnx_clk_gen
    BUFGCTRL_X0Y16       BUFG (Prop_bufg_I_O)         0.091    -3.145 r  i_xlnx_clk_gen/inst/clkout1_buf/O
                         net (fo=22838, routed)       1.559    -1.586    i_dmi_jtag/i_dmi_cdc/i_cdc_resp/i_src/clk_out1
    SLICE_X71Y0          FDCE                                         r  i_dmi_jtag/i_dmi_cdc/i_cdc_resp/i_src/data_src_q_reg[data][16]/C
  -------------------------------------------------------------------    -------------------
    SLICE_X71Y0          FDCE (Prop_fdce_C_Q)         0.367    -1.219 r  i_dmi_jtag/i_dmi_cdc/i_cdc_resp/i_src/data_src_q_reg[data][16]/Q
                         net (fo=1, routed)           0.295    -0.923    i_dmi_jtag/i_dmi_cdc/i_cdc_resp/i_dst/D[16]
    SLICE_X73Y1          FDCE                                         r  i_dmi_jtag/i_dmi_cdc/i_cdc_resp/i_dst/data_dst_q_reg[data][16]/D
  -------------------------------------------------------------------    -------------------

                         (clock tck rise edge)        0.000     0.000 r  
    H15                                               0.000     0.000 r  tck (IN)
                         net (fo=0)                   0.000     0.000    tck
    H15                  IBUF (Prop_ibuf_I_O)         1.500     1.500 r  tck_IBUF_inst/O
                         net (fo=1, routed)           3.659     5.159    tck_IBUF
    BUFGCTRL_X0Y0        BUFG (Prop_bufg_I_O)         0.101     5.260 r  tck_IBUF_BUFG_inst/O
                         net (fo=258, routed)         1.732     6.992    i_dmi_jtag/i_dmi_cdc/i_cdc_resp/i_dst/CLK
    SLICE_X73Y1          FDCE                                         r  i_dmi_jtag/i_dmi_cdc/i_cdc_resp/i_dst/data_dst_q_reg[data][16]/C

Slack:                    inf
  Source:                 i_dmi_jtag/i_dmi_cdc/i_cdc_resp/i_src/data_src_q_reg[data][0]/C
                            (rising edge-triggered cell FDCE clocked by clk_out1_xlnx_clk_gen  {rise@0.000ns fall@12.500ns period=25.000ns})
  Destination:            i_dmi_jtag/i_dmi_cdc/i_cdc_resp/i_dst/data_dst_q_reg[data][0]/D
                            (rising edge-triggered cell FDCE clocked by tck  {rise@0.000ns fall@50.000ns period=100.000ns})
  Path Group:             (none)
  Path Type:              Hold (Min at Slow Process Corner)
  Data Path Delay:        0.662ns  (logic 0.367ns (55.413%)  route 0.295ns (44.587%))
  Logic Levels:           0  
  Clock Path Skew:        8.578ns (DCD - SCD - CPR)
    Destination Clock Delay (DCD):    6.992ns
    Source Clock Delay      (SCD):    -1.586ns
    Clock Pessimism Removal (CPR):    -0.000ns
  Clock Uncertainty:      0.604ns  ((TSJ^2 + TIJ^2 + DJ^2)^1/2) / 2 + PE
    Total System Jitter     (TSJ):    0.071ns
    Total Input Jitter      (TIJ):    1.000ns
    Discrete Jitter          (DJ):    0.149ns
    Phase Error              (PE):    0.097ns
  Timing Exception:       Asynchronous Clock Groups

    Location             Delay type                Incr(ns)  Path(ns)    Netlist Resource(s)
  -------------------------------------------------------------------    -------------------
                         (clock clk_out1_xlnx_clk_gen rise edge)
                                                      0.000     0.000 r  
    K17                                               0.000     0.000 r  clk_sys (IN)
                         net (fo=0)                   0.000     0.000    i_xlnx_clk_gen/inst/clk_in1
    K17                  IBUF (Prop_ibuf_I_O)         1.404     1.404 r  i_xlnx_clk_gen/inst/clkin1_ibufg/O
                         net (fo=1, routed)           1.162     2.566    i_xlnx_clk_gen/inst/clk_in1_xlnx_clk_gen
    MMCME2_ADV_X1Y2      MMCME2_ADV (Prop_mmcme2_adv_CLKIN1_CLKOUT0)
                                                     -7.814    -5.248 r  i_xlnx_clk_gen/inst/mmcm_adv_inst/CLKOUT0
                         net (fo=1, routed)           2.012    -3.236    i_xlnx_clk_gen/inst/clk_out1_xlnx_clk_gen
    BUFGCTRL_X0Y16       BUFG (Prop_bufg_I_O)         0.091    -3.145 r  i_xlnx_clk_gen/inst/clkout1_buf/O
                         net (fo=22838, routed)       1.559    -1.586    i_dmi_jtag/i_dmi_cdc/i_cdc_resp/i_src/clk_out1
    SLICE_X74Y4          FDCE                                         r  i_dmi_jtag/i_dmi_cdc/i_cdc_resp/i_src/data_src_q_reg[data][0]/C
  -------------------------------------------------------------------    -------------------
    SLICE_X74Y4          FDCE (Prop_fdce_C_Q)         0.367    -1.219 r  i_dmi_jtag/i_dmi_cdc/i_cdc_resp/i_src/data_src_q_reg[data][0]/Q
                         net (fo=1, routed)           0.295    -0.923    i_dmi_jtag/i_dmi_cdc/i_cdc_resp/i_dst/D[0]
    SLICE_X76Y5          FDCE                                         r  i_dmi_jtag/i_dmi_cdc/i_cdc_resp/i_dst/data_dst_q_reg[data][0]/D
  -------------------------------------------------------------------    -------------------

                         (clock tck rise edge)        0.000     0.000 r  
    H15                                               0.000     0.000 r  tck (IN)
                         net (fo=0)                   0.000     0.000    tck
    H15                  IBUF (Prop_ibuf_I_O)         1.500     1.500 r  tck_IBUF_inst/O
                         net (fo=1, routed)           3.659     5.159    tck_IBUF
    BUFGCTRL_X0Y0        BUFG (Prop_bufg_I_O)         0.101     5.260 r  tck_IBUF_BUFG_inst/O
                         net (fo=258, routed)         1.732     6.992    i_dmi_jtag/i_dmi_cdc/i_cdc_resp/i_dst/CLK
    SLICE_X76Y5          FDCE                                         r  i_dmi_jtag/i_dmi_cdc/i_cdc_resp/i_dst/data_dst_q_reg[data][0]/C

Slack:                    inf
  Source:                 i_dmi_jtag/i_dmi_cdc/i_cdc_resp/i_src/data_src_q_reg[data][9]/C
                            (rising edge-triggered cell FDCE clocked by clk_out1_xlnx_clk_gen  {rise@0.000ns fall@12.500ns period=25.000ns})
  Destination:            i_dmi_jtag/i_dmi_cdc/i_cdc_resp/i_dst/data_dst_q_reg[data][9]/D
                            (rising edge-triggered cell FDCE clocked by tck  {rise@0.000ns fall@50.000ns period=100.000ns})
  Path Group:             (none)
  Path Type:              Hold (Min at Slow Process Corner)
  Data Path Delay:        0.735ns  (logic 0.418ns (56.858%)  route 0.317ns (43.142%))
  Logic Levels:           0  
  Clock Path Skew:        8.577ns (DCD - SCD - CPR)
    Destination Clock Delay (DCD):    6.990ns
    Source Clock Delay      (SCD):    -1.587ns
    Clock Pessimism Removal (CPR):    -0.000ns
  Clock Uncertainty:      0.604ns  ((TSJ^2 + TIJ^2 + DJ^2)^1/2) / 2 + PE
    Total System Jitter     (TSJ):    0.071ns
    Total Input Jitter      (TIJ):    1.000ns
    Discrete Jitter          (DJ):    0.149ns
    Phase Error              (PE):    0.097ns
  Timing Exception:       Asynchronous Clock Groups

    Location             Delay type                Incr(ns)  Path(ns)    Netlist Resource(s)
  -------------------------------------------------------------------    -------------------
                         (clock clk_out1_xlnx_clk_gen rise edge)
                                                      0.000     0.000 r  
    K17                                               0.000     0.000 r  clk_sys (IN)
                         net (fo=0)                   0.000     0.000    i_xlnx_clk_gen/inst/clk_in1
    K17                  IBUF (Prop_ibuf_I_O)         1.404     1.404 r  i_xlnx_clk_gen/inst/clkin1_ibufg/O
                         net (fo=1, routed)           1.162     2.566    i_xlnx_clk_gen/inst/clk_in1_xlnx_clk_gen
    MMCME2_ADV_X1Y2      MMCME2_ADV (Prop_mmcme2_adv_CLKIN1_CLKOUT0)
                                                     -7.814    -5.248 r  i_xlnx_clk_gen/inst/mmcm_adv_inst/CLKOUT0
                         net (fo=1, routed)           2.012    -3.236    i_xlnx_clk_gen/inst/clk_out1_xlnx_clk_gen
    BUFGCTRL_X0Y16       BUFG (Prop_bufg_I_O)         0.091    -3.145 r  i_xlnx_clk_gen/inst/clkout1_buf/O
                         net (fo=22838, routed)       1.558    -1.587    i_dmi_jtag/i_dmi_cdc/i_cdc_resp/i_src/clk_out1
    SLICE_X66Y2          FDCE                                         r  i_dmi_jtag/i_dmi_cdc/i_cdc_resp/i_src/data_src_q_reg[data][9]/C
  -------------------------------------------------------------------    -------------------
    SLICE_X66Y2          FDCE (Prop_fdce_C_Q)         0.418    -1.169 r  i_dmi_jtag/i_dmi_cdc/i_cdc_resp/i_src/data_src_q_reg[data][9]/Q
                         net (fo=1, routed)           0.317    -0.851    i_dmi_jtag/i_dmi_cdc/i_cdc_resp/i_dst/D[9]
    SLICE_X67Y2          FDCE                                         r  i_dmi_jtag/i_dmi_cdc/i_cdc_resp/i_dst/data_dst_q_reg[data][9]/D
  -------------------------------------------------------------------    -------------------

                         (clock tck rise edge)        0.000     0.000 r  
    H15                                               0.000     0.000 r  tck (IN)
                         net (fo=0)                   0.000     0.000    tck
    H15                  IBUF (Prop_ibuf_I_O)         1.500     1.500 r  tck_IBUF_inst/O
                         net (fo=1, routed)           3.659     5.159    tck_IBUF
    BUFGCTRL_X0Y0        BUFG (Prop_bufg_I_O)         0.101     5.260 r  tck_IBUF_BUFG_inst/O
                         net (fo=258, routed)         1.730     6.990    i_dmi_jtag/i_dmi_cdc/i_cdc_resp/i_dst/CLK
    SLICE_X67Y2          FDCE                                         r  i_dmi_jtag/i_dmi_cdc/i_cdc_resp/i_dst/data_dst_q_reg[data][9]/C

Slack:                    inf
  Source:                 i_dmi_jtag/i_dmi_cdc/i_cdc_resp/i_src/data_src_q_reg[data][14]/C
                            (rising edge-triggered cell FDCE clocked by clk_out1_xlnx_clk_gen  {rise@0.000ns fall@12.500ns period=25.000ns})
  Destination:            i_dmi_jtag/i_dmi_cdc/i_cdc_resp/i_dst/data_dst_q_reg[data][14]/D
                            (rising edge-triggered cell FDCE clocked by tck  {rise@0.000ns fall@50.000ns period=100.000ns})
  Path Group:             (none)
  Path Type:              Hold (Min at Slow Process Corner)
  Data Path Delay:        0.742ns  (logic 0.367ns (49.429%)  route 0.375ns (50.571%))
  Logic Levels:           0  
  Clock Path Skew:        8.578ns (DCD - SCD - CPR)
    Destination Clock Delay (DCD):    6.992ns
    Source Clock Delay      (SCD):    -1.586ns
    Clock Pessimism Removal (CPR):    -0.000ns
  Clock Uncertainty:      0.604ns  ((TSJ^2 + TIJ^2 + DJ^2)^1/2) / 2 + PE
    Total System Jitter     (TSJ):    0.071ns
    Total Input Jitter      (TIJ):    1.000ns
    Discrete Jitter          (DJ):    0.149ns
    Phase Error              (PE):    0.097ns
  Timing Exception:       Asynchronous Clock Groups

    Location             Delay type                Incr(ns)  Path(ns)    Netlist Resource(s)
  -------------------------------------------------------------------    -------------------
                         (clock clk_out1_xlnx_clk_gen rise edge)
                                                      0.000     0.000 r  
    K17                                               0.000     0.000 r  clk_sys (IN)
                         net (fo=0)                   0.000     0.000    i_xlnx_clk_gen/inst/clk_in1
    K17                  IBUF (Prop_ibuf_I_O)         1.404     1.404 r  i_xlnx_clk_gen/inst/clkin1_ibufg/O
                         net (fo=1, routed)           1.162     2.566    i_xlnx_clk_gen/inst/clk_in1_xlnx_clk_gen
    MMCME2_ADV_X1Y2      MMCME2_ADV (Prop_mmcme2_adv_CLKIN1_CLKOUT0)
                                                     -7.814    -5.248 r  i_xlnx_clk_gen/inst/mmcm_adv_inst/CLKOUT0
                         net (fo=1, routed)           2.012    -3.236    i_xlnx_clk_gen/inst/clk_out1_xlnx_clk_gen
    BUFGCTRL_X0Y16       BUFG (Prop_bufg_I_O)         0.091    -3.145 r  i_xlnx_clk_gen/inst/clkout1_buf/O
                         net (fo=22838, routed)       1.559    -1.586    i_dmi_jtag/i_dmi_cdc/i_cdc_resp/i_src/clk_out1
    SLICE_X74Y4          FDCE                                         r  i_dmi_jtag/i_dmi_cdc/i_cdc_resp/i_src/data_src_q_reg[data][14]/C
  -------------------------------------------------------------------    -------------------
    SLICE_X74Y4          FDCE (Prop_fdce_C_Q)         0.367    -1.219 r  i_dmi_jtag/i_dmi_cdc/i_cdc_resp/i_src/data_src_q_reg[data][14]/Q
                         net (fo=1, routed)           0.375    -0.843    i_dmi_jtag/i_dmi_cdc/i_cdc_resp/i_dst/D[14]
    SLICE_X74Y1          FDCE                                         r  i_dmi_jtag/i_dmi_cdc/i_cdc_resp/i_dst/data_dst_q_reg[data][14]/D
  -------------------------------------------------------------------    -------------------

                         (clock tck rise edge)        0.000     0.000 r  
    H15                                               0.000     0.000 r  tck (IN)
                         net (fo=0)                   0.000     0.000    tck
    H15                  IBUF (Prop_ibuf_I_O)         1.500     1.500 r  tck_IBUF_inst/O
                         net (fo=1, routed)           3.659     5.159    tck_IBUF
    BUFGCTRL_X0Y0        BUFG (Prop_bufg_I_O)         0.101     5.260 r  tck_IBUF_BUFG_inst/O
                         net (fo=258, routed)         1.732     6.992    i_dmi_jtag/i_dmi_cdc/i_cdc_resp/i_dst/CLK
    SLICE_X74Y1          FDCE                                         r  i_dmi_jtag/i_dmi_cdc/i_cdc_resp/i_dst/data_dst_q_reg[data][14]/C

Slack:                    inf
  Source:                 i_dmi_jtag/i_dmi_cdc/i_cdc_resp/i_src/data_src_q_reg[data][13]/C
                            (rising edge-triggered cell FDCE clocked by clk_out1_xlnx_clk_gen  {rise@0.000ns fall@12.500ns period=25.000ns})
  Destination:            i_dmi_jtag/i_dmi_cdc/i_cdc_resp/i_dst/data_dst_q_reg[data][13]/D
                            (rising edge-triggered cell FDCE clocked by tck  {rise@0.000ns fall@50.000ns period=100.000ns})
  Path Group:             (none)
  Path Type:              Hold (Min at Slow Process Corner)
  Data Path Delay:        0.747ns  (logic 0.367ns (49.113%)  route 0.380ns (50.887%))
  Logic Levels:           0  
  Clock Path Skew:        8.578ns (DCD - SCD - CPR)
    Destination Clock Delay (DCD):    6.992ns
    Source Clock Delay      (SCD):    -1.586ns
    Clock Pessimism Removal (CPR):    -0.000ns
  Clock Uncertainty:      0.604ns  ((TSJ^2 + TIJ^2 + DJ^2)^1/2) / 2 + PE
    Total System Jitter     (TSJ):    0.071ns
    Total Input Jitter      (TIJ):    1.000ns
    Discrete Jitter          (DJ):    0.149ns
    Phase Error              (PE):    0.097ns
  Timing Exception:       Asynchronous Clock Groups

    Location             Delay type                Incr(ns)  Path(ns)    Netlist Resource(s)
  -------------------------------------------------------------------    -------------------
                         (clock clk_out1_xlnx_clk_gen rise edge)
                                                      0.000     0.000 r  
    K17                                               0.000     0.000 r  clk_sys (IN)
                         net (fo=0)                   0.000     0.000    i_xlnx_clk_gen/inst/clk_in1
    K17                  IBUF (Prop_ibuf_I_O)         1.404     1.404 r  i_xlnx_clk_gen/inst/clkin1_ibufg/O
                         net (fo=1, routed)           1.162     2.566    i_xlnx_clk_gen/inst/clk_in1_xlnx_clk_gen
    MMCME2_ADV_X1Y2      MMCME2_ADV (Prop_mmcme2_adv_CLKIN1_CLKOUT0)
                                                     -7.814    -5.248 r  i_xlnx_clk_gen/inst/mmcm_adv_inst/CLKOUT0
                         net (fo=1, routed)           2.012    -3.236    i_xlnx_clk_gen/inst/clk_out1_xlnx_clk_gen
    BUFGCTRL_X0Y16       BUFG (Prop_bufg_I_O)         0.091    -3.145 r  i_xlnx_clk_gen/inst/clkout1_buf/O
                         net (fo=22838, routed)       1.559    -1.586    i_dmi_jtag/i_dmi_cdc/i_cdc_resp/i_src/clk_out1
    SLICE_X74Y4          FDCE                                         r  i_dmi_jtag/i_dmi_cdc/i_cdc_resp/i_src/data_src_q_reg[data][13]/C
  -------------------------------------------------------------------    -------------------
    SLICE_X74Y4          FDCE (Prop_fdce_C_Q)         0.367    -1.219 r  i_dmi_jtag/i_dmi_cdc/i_cdc_resp/i_src/data_src_q_reg[data][13]/Q
                         net (fo=1, routed)           0.380    -0.838    i_dmi_jtag/i_dmi_cdc/i_cdc_resp/i_dst/D[13]
    SLICE_X74Y1          FDCE                                         r  i_dmi_jtag/i_dmi_cdc/i_cdc_resp/i_dst/data_dst_q_reg[data][13]/D
  -------------------------------------------------------------------    -------------------

                         (clock tck rise edge)        0.000     0.000 r  
    H15                                               0.000     0.000 r  tck (IN)
                         net (fo=0)                   0.000     0.000    tck
    H15                  IBUF (Prop_ibuf_I_O)         1.500     1.500 r  tck_IBUF_inst/O
                         net (fo=1, routed)           3.659     5.159    tck_IBUF
    BUFGCTRL_X0Y0        BUFG (Prop_bufg_I_O)         0.101     5.260 r  tck_IBUF_BUFG_inst/O
                         net (fo=258, routed)         1.732     6.992    i_dmi_jtag/i_dmi_cdc/i_cdc_resp/i_dst/CLK
    SLICE_X74Y1          FDCE                                         r  i_dmi_jtag/i_dmi_cdc/i_cdc_resp/i_dst/data_dst_q_reg[data][13]/C

Slack:                    inf
  Source:                 i_dmi_jtag/i_dmi_cdc/i_cdc_resp/i_src/data_src_q_reg[data][18]/C
                            (rising edge-triggered cell FDCE clocked by clk_out1_xlnx_clk_gen  {rise@0.000ns fall@12.500ns period=25.000ns})
  Destination:            i_dmi_jtag/i_dmi_cdc/i_cdc_resp/i_dst/data_dst_q_reg[data][18]/D
                            (rising edge-triggered cell FDCE clocked by tck  {rise@0.000ns fall@50.000ns period=100.000ns})
  Path Group:             (none)
  Path Type:              Hold (Min at Slow Process Corner)
  Data Path Delay:        0.761ns  (logic 0.367ns (48.238%)  route 0.394ns (51.762%))
  Logic Levels:           0  
  Clock Path Skew:        8.578ns (DCD - SCD - CPR)
    Destination Clock Delay (DCD):    6.992ns
    Source Clock Delay      (SCD):    -1.586ns
    Clock Pessimism Removal (CPR):    -0.000ns
  Clock Uncertainty:      0.604ns  ((TSJ^2 + TIJ^2 + DJ^2)^1/2) / 2 + PE
    Total System Jitter     (TSJ):    0.071ns
    Total Input Jitter      (TIJ):    1.000ns
    Discrete Jitter          (DJ):    0.149ns
    Phase Error              (PE):    0.097ns
  Timing Exception:       Asynchronous Clock Groups

    Location             Delay type                Incr(ns)  Path(ns)    Netlist Resource(s)
  -------------------------------------------------------------------    -------------------
                         (clock clk_out1_xlnx_clk_gen rise edge)
                                                      0.000     0.000 r  
    K17                                               0.000     0.000 r  clk_sys (IN)
                         net (fo=0)                   0.000     0.000    i_xlnx_clk_gen/inst/clk_in1
    K17                  IBUF (Prop_ibuf_I_O)         1.404     1.404 r  i_xlnx_clk_gen/inst/clkin1_ibufg/O
                         net (fo=1, routed)           1.162     2.566    i_xlnx_clk_gen/inst/clk_in1_xlnx_clk_gen
    MMCME2_ADV_X1Y2      MMCME2_ADV (Prop_mmcme2_adv_CLKIN1_CLKOUT0)
                                                     -7.814    -5.248 r  i_xlnx_clk_gen/inst/mmcm_adv_inst/CLKOUT0
                         net (fo=1, routed)           2.012    -3.236    i_xlnx_clk_gen/inst/clk_out1_xlnx_clk_gen
    BUFGCTRL_X0Y16       BUFG (Prop_bufg_I_O)         0.091    -3.145 r  i_xlnx_clk_gen/inst/clkout1_buf/O
                         net (fo=22838, routed)       1.559    -1.586    i_dmi_jtag/i_dmi_cdc/i_cdc_resp/i_src/clk_out1
    SLICE_X71Y0          FDCE                                         r  i_dmi_jtag/i_dmi_cdc/i_cdc_resp/i_src/data_src_q_reg[data][18]/C
  -------------------------------------------------------------------    -------------------
    SLICE_X71Y0          FDCE (Prop_fdce_C_Q)         0.367    -1.219 r  i_dmi_jtag/i_dmi_cdc/i_cdc_resp/i_src/data_src_q_reg[data][18]/Q
                         net (fo=1, routed)           0.394    -0.825    i_dmi_jtag/i_dmi_cdc/i_cdc_resp/i_dst/D[18]
    SLICE_X72Y2          FDCE                                         r  i_dmi_jtag/i_dmi_cdc/i_cdc_resp/i_dst/data_dst_q_reg[data][18]/D
  -------------------------------------------------------------------    -------------------

                         (clock tck rise edge)        0.000     0.000 r  
    H15                                               0.000     0.000 r  tck (IN)
                         net (fo=0)                   0.000     0.000    tck
    H15                  IBUF (Prop_ibuf_I_O)         1.500     1.500 r  tck_IBUF_inst/O
                         net (fo=1, routed)           3.659     5.159    tck_IBUF
    BUFGCTRL_X0Y0        BUFG (Prop_bufg_I_O)         0.101     5.260 r  tck_IBUF_BUFG_inst/O
                         net (fo=258, routed)         1.732     6.992    i_dmi_jtag/i_dmi_cdc/i_cdc_resp/i_dst/CLK
    SLICE_X72Y2          FDCE                                         r  i_dmi_jtag/i_dmi_cdc/i_cdc_resp/i_dst/data_dst_q_reg[data][18]/C

Slack:                    inf
  Source:                 i_dmi_jtag/i_dmi_cdc/i_cdc_resp/i_src/data_src_q_reg[data][23]/C
                            (rising edge-triggered cell FDCE clocked by clk_out1_xlnx_clk_gen  {rise@0.000ns fall@12.500ns period=25.000ns})
  Destination:            i_dmi_jtag/i_dmi_cdc/i_cdc_resp/i_dst/data_dst_q_reg[data][23]/D
                            (rising edge-triggered cell FDCE clocked by tck  {rise@0.000ns fall@50.000ns period=100.000ns})
  Path Group:             (none)
  Path Type:              Hold (Min at Slow Process Corner)
  Data Path Delay:        0.765ns  (logic 0.367ns (47.976%)  route 0.398ns (52.024%))
  Logic Levels:           0  
  Clock Path Skew:        8.578ns (DCD - SCD - CPR)
    Destination Clock Delay (DCD):    6.992ns
    Source Clock Delay      (SCD):    -1.586ns
    Clock Pessimism Removal (CPR):    -0.000ns
  Clock Uncertainty:      0.604ns  ((TSJ^2 + TIJ^2 + DJ^2)^1/2) / 2 + PE
    Total System Jitter     (TSJ):    0.071ns
    Total Input Jitter      (TIJ):    1.000ns
    Discrete Jitter          (DJ):    0.149ns
    Phase Error              (PE):    0.097ns
  Timing Exception:       Asynchronous Clock Groups

    Location             Delay type                Incr(ns)  Path(ns)    Netlist Resource(s)
  -------------------------------------------------------------------    -------------------
                         (clock clk_out1_xlnx_clk_gen rise edge)
                                                      0.000     0.000 r  
    K17                                               0.000     0.000 r  clk_sys (IN)
                         net (fo=0)                   0.000     0.000    i_xlnx_clk_gen/inst/clk_in1
    K17                  IBUF (Prop_ibuf_I_O)         1.404     1.404 r  i_xlnx_clk_gen/inst/clkin1_ibufg/O
                         net (fo=1, routed)           1.162     2.566    i_xlnx_clk_gen/inst/clk_in1_xlnx_clk_gen
    MMCME2_ADV_X1Y2      MMCME2_ADV (Prop_mmcme2_adv_CLKIN1_CLKOUT0)
                                                     -7.814    -5.248 r  i_xlnx_clk_gen/inst/mmcm_adv_inst/CLKOUT0
                         net (fo=1, routed)           2.012    -3.236    i_xlnx_clk_gen/inst/clk_out1_xlnx_clk_gen
    BUFGCTRL_X0Y16       BUFG (Prop_bufg_I_O)         0.091    -3.145 r  i_xlnx_clk_gen/inst/clkout1_buf/O
                         net (fo=22838, routed)       1.559    -1.586    i_dmi_jtag/i_dmi_cdc/i_cdc_resp/i_src/clk_out1
    SLICE_X74Y4          FDCE                                         r  i_dmi_jtag/i_dmi_cdc/i_cdc_resp/i_src/data_src_q_reg[data][23]/C
  -------------------------------------------------------------------    -------------------
    SLICE_X74Y4          FDCE (Prop_fdce_C_Q)         0.367    -1.219 r  i_dmi_jtag/i_dmi_cdc/i_cdc_resp/i_src/data_src_q_reg[data][23]/Q
                         net (fo=1, routed)           0.398    -0.821    i_dmi_jtag/i_dmi_cdc/i_cdc_resp/i_dst/D[23]
    SLICE_X74Y1          FDCE                                         r  i_dmi_jtag/i_dmi_cdc/i_cdc_resp/i_dst/data_dst_q_reg[data][23]/D
  -------------------------------------------------------------------    -------------------

                         (clock tck rise edge)        0.000     0.000 r  
    H15                                               0.000     0.000 r  tck (IN)
                         net (fo=0)                   0.000     0.000    tck
    H15                  IBUF (Prop_ibuf_I_O)         1.500     1.500 r  tck_IBUF_inst/O
                         net (fo=1, routed)           3.659     5.159    tck_IBUF
    BUFGCTRL_X0Y0        BUFG (Prop_bufg_I_O)         0.101     5.260 r  tck_IBUF_BUFG_inst/O
                         net (fo=258, routed)         1.732     6.992    i_dmi_jtag/i_dmi_cdc/i_cdc_resp/i_dst/CLK
    SLICE_X74Y1          FDCE                                         r  i_dmi_jtag/i_dmi_cdc/i_cdc_resp/i_dst/data_dst_q_reg[data][23]/C

Slack:                    inf
  Source:                 i_dmi_jtag/i_dmi_cdc/i_cdc_resp/i_src/data_src_q_reg[data][27]/C
                            (rising edge-triggered cell FDCE clocked by clk_out1_xlnx_clk_gen  {rise@0.000ns fall@12.500ns period=25.000ns})
  Destination:            i_dmi_jtag/i_dmi_cdc/i_cdc_resp/i_dst/data_dst_q_reg[data][27]/D
                            (rising edge-triggered cell FDCE clocked by tck  {rise@0.000ns fall@50.000ns period=100.000ns})
  Path Group:             (none)
  Path Type:              Hold (Min at Slow Process Corner)
  Data Path Delay:        0.766ns  (logic 0.367ns (47.913%)  route 0.399ns (52.087%))
  Logic Levels:           0  
  Clock Path Skew:        8.577ns (DCD - SCD - CPR)
    Destination Clock Delay (DCD):    6.991ns
    Source Clock Delay      (SCD):    -1.586ns
    Clock Pessimism Removal (CPR):    -0.000ns
  Clock Uncertainty:      0.604ns  ((TSJ^2 + TIJ^2 + DJ^2)^1/2) / 2 + PE
    Total System Jitter     (TSJ):    0.071ns
    Total Input Jitter      (TIJ):    1.000ns
    Discrete Jitter          (DJ):    0.149ns
    Phase Error              (PE):    0.097ns
  Timing Exception:       Asynchronous Clock Groups

    Location             Delay type                Incr(ns)  Path(ns)    Netlist Resource(s)
  -------------------------------------------------------------------    -------------------
                         (clock clk_out1_xlnx_clk_gen rise edge)
                                                      0.000     0.000 r  
    K17                                               0.000     0.000 r  clk_sys (IN)
                         net (fo=0)                   0.000     0.000    i_xlnx_clk_gen/inst/clk_in1
    K17                  IBUF (Prop_ibuf_I_O)         1.404     1.404 r  i_xlnx_clk_gen/inst/clkin1_ibufg/O
                         net (fo=1, routed)           1.162     2.566    i_xlnx_clk_gen/inst/clk_in1_xlnx_clk_gen
    MMCME2_ADV_X1Y2      MMCME2_ADV (Prop_mmcme2_adv_CLKIN1_CLKOUT0)
                                                     -7.814    -5.248 r  i_xlnx_clk_gen/inst/mmcm_adv_inst/CLKOUT0
                         net (fo=1, routed)           2.012    -3.236    i_xlnx_clk_gen/inst/clk_out1_xlnx_clk_gen
    BUFGCTRL_X0Y16       BUFG (Prop_bufg_I_O)         0.091    -3.145 r  i_xlnx_clk_gen/inst/clkout1_buf/O
                         net (fo=22838, routed)       1.559    -1.586    i_dmi_jtag/i_dmi_cdc/i_cdc_resp/i_src/clk_out1
    SLICE_X72Y5          FDCE                                         r  i_dmi_jtag/i_dmi_cdc/i_cdc_resp/i_src/data_src_q_reg[data][27]/C
  -------------------------------------------------------------------    -------------------
    SLICE_X72Y5          FDCE (Prop_fdce_C_Q)         0.367    -1.219 r  i_dmi_jtag/i_dmi_cdc/i_cdc_resp/i_src/data_src_q_reg[data][27]/Q
                         net (fo=1, routed)           0.399    -0.820    i_dmi_jtag/i_dmi_cdc/i_cdc_resp/i_dst/D[27]
    SLICE_X73Y6          FDCE                                         r  i_dmi_jtag/i_dmi_cdc/i_cdc_resp/i_dst/data_dst_q_reg[data][27]/D
  -------------------------------------------------------------------    -------------------

                         (clock tck rise edge)        0.000     0.000 r  
    H15                                               0.000     0.000 r  tck (IN)
                         net (fo=0)                   0.000     0.000    tck
    H15                  IBUF (Prop_ibuf_I_O)         1.500     1.500 r  tck_IBUF_inst/O
                         net (fo=1, routed)           3.659     5.159    tck_IBUF
    BUFGCTRL_X0Y0        BUFG (Prop_bufg_I_O)         0.101     5.260 r  tck_IBUF_BUFG_inst/O
                         net (fo=258, routed)         1.731     6.991    i_dmi_jtag/i_dmi_cdc/i_cdc_resp/i_dst/CLK
    SLICE_X73Y6          FDCE                                         r  i_dmi_jtag/i_dmi_cdc/i_cdc_resp/i_dst/data_dst_q_reg[data][27]/C

Slack:                    inf
  Source:                 i_dmi_jtag/i_dmi_cdc/i_cdc_resp/i_src/data_src_q_reg[data][29]/C
                            (rising edge-triggered cell FDCE clocked by clk_out1_xlnx_clk_gen  {rise@0.000ns fall@12.500ns period=25.000ns})
  Destination:            i_dmi_jtag/i_dmi_cdc/i_cdc_resp/i_dst/data_dst_q_reg[data][29]/D
                            (rising edge-triggered cell FDCE clocked by tck  {rise@0.000ns fall@50.000ns period=100.000ns})
  Path Group:             (none)
  Path Type:              Hold (Min at Slow Process Corner)
  Data Path Delay:        0.768ns  (logic 0.367ns (47.801%)  route 0.401ns (52.199%))
  Logic Levels:           0  
  Clock Path Skew:        8.578ns (DCD - SCD - CPR)
    Destination Clock Delay (DCD):    6.992ns
    Source Clock Delay      (SCD):    -1.586ns
    Clock Pessimism Removal (CPR):    -0.000ns
  Clock Uncertainty:      0.604ns  ((TSJ^2 + TIJ^2 + DJ^2)^1/2) / 2 + PE
    Total System Jitter     (TSJ):    0.071ns
    Total Input Jitter      (TIJ):    1.000ns
    Discrete Jitter          (DJ):    0.149ns
    Phase Error              (PE):    0.097ns
  Timing Exception:       Asynchronous Clock Groups

    Location             Delay type                Incr(ns)  Path(ns)    Netlist Resource(s)
  -------------------------------------------------------------------    -------------------
                         (clock clk_out1_xlnx_clk_gen rise edge)
                                                      0.000     0.000 r  
    K17                                               0.000     0.000 r  clk_sys (IN)
                         net (fo=0)                   0.000     0.000    i_xlnx_clk_gen/inst/clk_in1
    K17                  IBUF (Prop_ibuf_I_O)         1.404     1.404 r  i_xlnx_clk_gen/inst/clkin1_ibufg/O
                         net (fo=1, routed)           1.162     2.566    i_xlnx_clk_gen/inst/clk_in1_xlnx_clk_gen
    MMCME2_ADV_X1Y2      MMCME2_ADV (Prop_mmcme2_adv_CLKIN1_CLKOUT0)
                                                     -7.814    -5.248 r  i_xlnx_clk_gen/inst/mmcm_adv_inst/CLKOUT0
                         net (fo=1, routed)           2.012    -3.236    i_xlnx_clk_gen/inst/clk_out1_xlnx_clk_gen
    BUFGCTRL_X0Y16       BUFG (Prop_bufg_I_O)         0.091    -3.145 r  i_xlnx_clk_gen/inst/clkout1_buf/O
                         net (fo=22838, routed)       1.559    -1.586    i_dmi_jtag/i_dmi_cdc/i_cdc_resp/i_src/clk_out1
    SLICE_X71Y0          FDCE                                         r  i_dmi_jtag/i_dmi_cdc/i_cdc_resp/i_src/data_src_q_reg[data][29]/C
  -------------------------------------------------------------------    -------------------
    SLICE_X71Y0          FDCE (Prop_fdce_C_Q)         0.367    -1.219 r  i_dmi_jtag/i_dmi_cdc/i_cdc_resp/i_src/data_src_q_reg[data][29]/Q
                         net (fo=1, routed)           0.401    -0.818    i_dmi_jtag/i_dmi_cdc/i_cdc_resp/i_dst/D[29]
    SLICE_X73Y1          FDCE                                         r  i_dmi_jtag/i_dmi_cdc/i_cdc_resp/i_dst/data_dst_q_reg[data][29]/D
  -------------------------------------------------------------------    -------------------

                         (clock tck rise edge)        0.000     0.000 r  
    H15                                               0.000     0.000 r  tck (IN)
                         net (fo=0)                   0.000     0.000    tck
    H15                  IBUF (Prop_ibuf_I_O)         1.500     1.500 r  tck_IBUF_inst/O
                         net (fo=1, routed)           3.659     5.159    tck_IBUF
    BUFGCTRL_X0Y0        BUFG (Prop_bufg_I_O)         0.101     5.260 r  tck_IBUF_BUFG_inst/O
                         net (fo=258, routed)         1.732     6.992    i_dmi_jtag/i_dmi_cdc/i_cdc_resp/i_dst/CLK
    SLICE_X73Y1          FDCE                                         r  i_dmi_jtag/i_dmi_cdc/i_cdc_resp/i_dst/data_dst_q_reg[data][29]/C





--------------------------------------------------------------------------------------
Path Group:  (none)
From Clock:  clk_out1_xlnx_clk_gen
  To Clock:  

Max Delay             1 Endpoint
Min Delay             1 Endpoint
--------------------------------------------------------------------------------------


Max Delay Paths
--------------------------------------------------------------------------------------
Slack:                    inf
  Source:                 i_ariane_peripherals/gen_uart.i_apb_uart/SOUT_reg/C
                            (rising edge-triggered cell FDPE clocked by clk_out1_xlnx_clk_gen  {rise@0.000ns fall@12.500ns period=25.000ns})
  Destination:            tx
                            (output port)
  Path Group:             (none)
  Path Type:              Max at Slow Process Corner
  Data Path Delay:        6.461ns  (logic 4.140ns (64.079%)  route 2.321ns (35.921%))
  Logic Levels:           1  (OBUF=1)
  Clock Uncertainty:      0.175ns  ((TSJ^2 + DJ^2)^1/2) / 2 + PE
    Total System Jitter     (TSJ):    0.050ns
    Discrete Jitter          (DJ):    0.149ns
    Phase Error              (PE):    0.097ns

    Location             Delay type                Incr(ns)  Path(ns)    Netlist Resource(s)
  -------------------------------------------------------------------    -------------------
                         (clock clk_out1_xlnx_clk_gen rise edge)
                                                      0.000     0.000 r  
    K17                                               0.000     0.000 r  clk_sys (IN)
                         net (fo=0)                   0.000     0.000    i_xlnx_clk_gen/inst/clk_in1
    K17                  IBUF (Prop_ibuf_I_O)         1.475     1.475 r  i_xlnx_clk_gen/inst/clkin1_ibufg/O
                         net (fo=1, routed)           1.285     2.760    i_xlnx_clk_gen/inst/clk_in1_xlnx_clk_gen
    MMCME2_ADV_X1Y2      MMCME2_ADV (Prop_mmcme2_adv_CLKIN1_CLKOUT0)
                                                     -7.759    -4.999 r  i_xlnx_clk_gen/inst/mmcm_adv_inst/CLKOUT0
                         net (fo=1, routed)           2.206    -2.793    i_xlnx_clk_gen/inst/clk_out1_xlnx_clk_gen
    BUFGCTRL_X0Y16       BUFG (Prop_bufg_I_O)         0.101    -2.692 r  i_xlnx_clk_gen/inst/clkout1_buf/O
                         net (fo=22838, routed)       1.755    -0.937    i_ariane_peripherals/gen_uart.i_apb_uart/clk_out1
    SLICE_X10Y10         FDPE                                         r  i_ariane_peripherals/gen_uart.i_apb_uart/SOUT_reg/C
  -------------------------------------------------------------------    -------------------
    SLICE_X10Y10         FDPE (Prop_fdpe_C_Q)         0.518    -0.419 r  i_ariane_peripherals/gen_uart.i_apb_uart/SOUT_reg/Q
                         net (fo=1, routed)           2.321     1.902    tx_OBUF
    W8                   OBUF (Prop_obuf_I_O)         3.622     5.524 r  tx_OBUF_inst/O
                         net (fo=0)                   0.000     5.524    tx
    W8                                                                r  tx (OUT)
  -------------------------------------------------------------------    -------------------





Min Delay Paths
--------------------------------------------------------------------------------------
Slack:                    inf
  Source:                 i_ariane_peripherals/gen_uart.i_apb_uart/SOUT_reg/C
                            (rising edge-triggered cell FDPE clocked by clk_out1_xlnx_clk_gen  {rise@0.000ns fall@12.500ns period=25.000ns})
  Destination:            tx
                            (output port)
  Path Group:             (none)
  Path Type:              Min at Fast Process Corner
  Data Path Delay:        2.123ns  (logic 1.486ns (70.001%)  route 0.637ns (29.999%))
  Logic Levels:           1  (OBUF=1)
  Clock Uncertainty:      0.175ns  ((TSJ^2 + DJ^2)^1/2) / 2 + PE
    Total System Jitter     (TSJ):    0.050ns
    Discrete Jitter          (DJ):    0.149ns
    Phase Error              (PE):    0.097ns

    Location             Delay type                Incr(ns)  Path(ns)    Netlist Resource(s)
  -------------------------------------------------------------------    -------------------
                         (clock clk_out1_xlnx_clk_gen rise edge)
                                                      0.000     0.000 r  
    K17                                               0.000     0.000 r  clk_sys (IN)
                         net (fo=0)                   0.000     0.000    i_xlnx_clk_gen/inst/clk_in1
    K17                  IBUF (Prop_ibuf_I_O)         0.243     0.243 r  i_xlnx_clk_gen/inst/clkin1_ibufg/O
                         net (fo=1, routed)           0.440     0.683    i_xlnx_clk_gen/inst/clk_in1_xlnx_clk_gen
    MMCME2_ADV_X1Y2      MMCME2_ADV (Prop_mmcme2_adv_CLKIN1_CLKOUT0)
                                                     -2.613    -1.930 r  i_xlnx_clk_gen/inst/mmcm_adv_inst/CLKOUT0
                         net (fo=1, routed)           0.696    -1.233    i_xlnx_clk_gen/inst/clk_out1_xlnx_clk_gen
    BUFGCTRL_X0Y16       BUFG (Prop_bufg_I_O)         0.026    -1.207 r  i_xlnx_clk_gen/inst/clkout1_buf/O
                         net (fo=22838, routed)       0.594    -0.614    i_ariane_peripherals/gen_uart.i_apb_uart/clk_out1
    SLICE_X10Y10         FDPE                                         r  i_ariane_peripherals/gen_uart.i_apb_uart/SOUT_reg/C
  -------------------------------------------------------------------    -------------------
    SLICE_X10Y10         FDPE (Prop_fdpe_C_Q)         0.164    -0.450 r  i_ariane_peripherals/gen_uart.i_apb_uart/SOUT_reg/Q
                         net (fo=1, routed)           0.637     0.187    tx_OBUF
    W8                   OBUF (Prop_obuf_I_O)         1.322     1.509 r  tx_OBUF_inst/O
                         net (fo=0)                   0.000     1.509    tx
    W8                                                                r  tx (OUT)
  -------------------------------------------------------------------    -------------------





--------------------------------------------------------------------------------------
Path Group:  (none)
From Clock:  clkfbout_xlnx_clk_gen
  To Clock:  

Max Delay             1 Endpoint
Min Delay             1 Endpoint
--------------------------------------------------------------------------------------


Max Delay Paths
--------------------------------------------------------------------------------------
Slack:                    inf
  Source:                 i_xlnx_clk_gen/inst/mmcm_adv_inst/CLKFBOUT
                            (clock source 'clkfbout_xlnx_clk_gen'  {rise@0.000ns fall@4.000ns period=8.000ns})
  Destination:            i_xlnx_clk_gen/inst/mmcm_adv_inst/CLKFBIN
  Path Group:             (none)
  Path Type:              Max at Slow Process Corner
  Data Path Delay:        4.287ns  (logic 0.101ns (2.356%)  route 4.186ns (97.644%))
  Logic Levels:           1  (BUFG=1)
  Clock Uncertainty:      0.144ns  ((TSJ^2 + DJ^2)^1/2) / 2 + PE
    Total System Jitter     (TSJ):    0.050ns
    Discrete Jitter          (DJ):    0.080ns
    Phase Error              (PE):    0.097ns

    Location             Delay type                Incr(ns)  Path(ns)    Netlist Resource(s)
  -------------------------------------------------------------------    -------------------
                         (clock clkfbout_xlnx_clk_gen fall edge)
                                                      4.000     4.000 f  
    K17                                               0.000     4.000 f  clk_sys (IN)
                         net (fo=0)                   0.000     4.000    i_xlnx_clk_gen/inst/clk_in1
    K17                  IBUF (Prop_ibuf_I_O)         1.475     5.475 f  i_xlnx_clk_gen/inst/clkin1_ibufg/O
                         net (fo=1, routed)           1.285     6.760    i_xlnx_clk_gen/inst/clk_in1_xlnx_clk_gen
  -------------------------------------------------------------------    -------------------
    MMCME2_ADV_X1Y2      MMCME2_ADV (Prop_mmcme2_adv_CLKIN1_CLKFBOUT)
                                                     -7.759    -0.999 f  i_xlnx_clk_gen/inst/mmcm_adv_inst/CLKFBOUT
                         net (fo=1, routed)           2.206     1.207    i_xlnx_clk_gen/inst/clkfbout_xlnx_clk_gen
    BUFGCTRL_X0Y17       BUFG (Prop_bufg_I_O)         0.101     1.308 f  i_xlnx_clk_gen/inst/clkf_buf/O
                         net (fo=1, routed)           1.980     3.288    i_xlnx_clk_gen/inst/clkfbout_buf_xlnx_clk_gen
    MMCME2_ADV_X1Y2      MMCME2_ADV                                   f  i_xlnx_clk_gen/inst/mmcm_adv_inst/CLKFBIN
  -------------------------------------------------------------------    -------------------





Min Delay Paths
--------------------------------------------------------------------------------------
Slack:                    inf
  Source:                 i_xlnx_clk_gen/inst/mmcm_adv_inst/CLKFBOUT
                            (clock source 'clkfbout_xlnx_clk_gen'  {rise@0.000ns fall@4.000ns period=8.000ns})
  Destination:            i_xlnx_clk_gen/inst/mmcm_adv_inst/CLKFBIN
  Path Group:             (none)
  Path Type:              Min at Slow Process Corner
  Data Path Delay:        3.873ns  (logic 0.091ns (2.349%)  route 3.782ns (97.651%))
  Logic Levels:           1  (BUFG=1)
  Clock Uncertainty:      0.144ns  ((TSJ^2 + DJ^2)^1/2) / 2 + PE
    Total System Jitter     (TSJ):    0.050ns
    Discrete Jitter          (DJ):    0.080ns
    Phase Error              (PE):    0.097ns

    Location             Delay type                Incr(ns)  Path(ns)    Netlist Resource(s)
  -------------------------------------------------------------------    -------------------
                         (clock clkfbout_xlnx_clk_gen rise edge)
                                                      0.000     0.000 r  
    K17                                               0.000     0.000 r  clk_sys (IN)
                         net (fo=0)                   0.000     0.000    i_xlnx_clk_gen/inst/clk_in1
    K17                  IBUF (Prop_ibuf_I_O)         1.404     1.404 r  i_xlnx_clk_gen/inst/clkin1_ibufg/O
                         net (fo=1, routed)           1.162     2.566    i_xlnx_clk_gen/inst/clk_in1_xlnx_clk_gen
  -------------------------------------------------------------------    -------------------
    MMCME2_ADV_X1Y2      MMCME2_ADV (Prop_mmcme2_adv_CLKIN1_CLKFBOUT)
                                                     -7.814    -5.248 r  i_xlnx_clk_gen/inst/mmcm_adv_inst/CLKFBOUT
                         net (fo=1, routed)           2.012    -3.236    i_xlnx_clk_gen/inst/clkfbout_xlnx_clk_gen
    BUFGCTRL_X0Y17       BUFG (Prop_bufg_I_O)         0.091    -3.145 r  i_xlnx_clk_gen/inst/clkf_buf/O
                         net (fo=1, routed)           1.770    -1.375    i_xlnx_clk_gen/inst/clkfbout_buf_xlnx_clk_gen
    MMCME2_ADV_X1Y2      MMCME2_ADV                                   r  i_xlnx_clk_gen/inst/mmcm_adv_inst/CLKFBIN
  -------------------------------------------------------------------    -------------------





--------------------------------------------------------------------------------------
Path Group:  (none)
From Clock:  
  To Clock:  clk_out1_xlnx_clk_gen

Max Delay           843 Endpoints
Min Delay           843 Endpoints
--------------------------------------------------------------------------------------


Max Delay Paths
--------------------------------------------------------------------------------------
Slack:                    inf
  Source:                 cpu_reset
                            (input port)
  Destination:            i_dm_axi2mem/req_addr_q_reg[8]/CLR
                            (recovery check against rising-edge clock clk_out1_xlnx_clk_gen  {rise@0.000ns fall@12.500ns period=25.000ns})
  Path Group:             (none)
  Path Type:              Recovery (Max at Slow Process Corner)
  Data Path Delay:        11.942ns  (logic 1.569ns (13.140%)  route 10.373ns (86.860%))
  Logic Levels:           1  (IBUF=1)
  Clock Path Skew:        -1.652ns (DCD - SCD + CPR)
    Destination Clock Delay (DCD):    -1.652ns
    Source Clock Delay      (SCD):    0.000ns
    Clock Pessimism Removal (CPR):    0.000ns
  Clock Uncertainty:      0.175ns  ((TSJ^2 + DJ^2)^1/2) / 2 + PE
    Total System Jitter     (TSJ):    0.050ns
    Discrete Jitter          (DJ):    0.149ns
    Phase Error              (PE):    0.097ns

    Location             Delay type                Incr(ns)  Path(ns)    Netlist Resource(s)
  -------------------------------------------------------------------    -------------------
    Y16                                               0.000     0.000 f  cpu_reset (IN)
                         net (fo=0)                   0.000     0.000    cpu_reset
    Y16                  IBUF (Prop_ibuf_I_O)         1.569     1.569 f  cpu_reset_IBUF_inst/O
                         net (fo=839, routed)        10.373    11.942    i_dm_axi2mem/cpu_reset_IBUF
    SLICE_X45Y8          FDCE                                         f  i_dm_axi2mem/req_addr_q_reg[8]/CLR
  -------------------------------------------------------------------    -------------------

                         (clock clk_out1_xlnx_clk_gen rise edge)
                                                      0.000     0.000 r  
    K17                                               0.000     0.000 r  clk_sys (IN)
                         net (fo=0)                   0.000     0.000    i_xlnx_clk_gen/inst/clk_in1
    K17                  IBUF (Prop_ibuf_I_O)         1.404     1.404 r  i_xlnx_clk_gen/inst/clkin1_ibufg/O
                         net (fo=1, routed)           1.162     2.566    i_xlnx_clk_gen/inst/clk_in1_xlnx_clk_gen
    MMCME2_ADV_X1Y2      MMCME2_ADV (Prop_mmcme2_adv_CLKIN1_CLKOUT0)
                                                     -7.814    -5.248 r  i_xlnx_clk_gen/inst/mmcm_adv_inst/CLKOUT0
                         net (fo=1, routed)           2.012    -3.236    i_xlnx_clk_gen/inst/clk_out1_xlnx_clk_gen
    BUFGCTRL_X0Y16       BUFG (Prop_bufg_I_O)         0.091    -3.145 r  i_xlnx_clk_gen/inst/clkout1_buf/O
                         net (fo=22838, routed)       1.493    -1.652    i_dm_axi2mem/clk_out1
    SLICE_X45Y8          FDCE                                         r  i_dm_axi2mem/req_addr_q_reg[8]/C

Slack:                    inf
  Source:                 cpu_reset
                            (input port)
  Destination:            i_dm_axi2mem/ax_req_q_reg[addr][6]/CLR
                            (recovery check against rising-edge clock clk_out1_xlnx_clk_gen  {rise@0.000ns fall@12.500ns period=25.000ns})
  Path Group:             (none)
  Path Type:              Recovery (Max at Slow Process Corner)
  Data Path Delay:        11.803ns  (logic 1.569ns (13.295%)  route 10.233ns (86.705%))
  Logic Levels:           1  (IBUF=1)
  Clock Path Skew:        -1.652ns (DCD - SCD + CPR)
    Destination Clock Delay (DCD):    -1.652ns
    Source Clock Delay      (SCD):    0.000ns
    Clock Pessimism Removal (CPR):    0.000ns
  Clock Uncertainty:      0.175ns  ((TSJ^2 + DJ^2)^1/2) / 2 + PE
    Total System Jitter     (TSJ):    0.050ns
    Discrete Jitter          (DJ):    0.149ns
    Phase Error              (PE):    0.097ns

    Location             Delay type                Incr(ns)  Path(ns)    Netlist Resource(s)
  -------------------------------------------------------------------    -------------------
    Y16                                               0.000     0.000 f  cpu_reset (IN)
                         net (fo=0)                   0.000     0.000    cpu_reset
    Y16                  IBUF (Prop_ibuf_I_O)         1.569     1.569 f  cpu_reset_IBUF_inst/O
                         net (fo=839, routed)        10.233    11.803    i_dm_axi2mem/cpu_reset_IBUF
    SLICE_X41Y9          FDCE                                         f  i_dm_axi2mem/ax_req_q_reg[addr][6]/CLR
  -------------------------------------------------------------------    -------------------

                         (clock clk_out1_xlnx_clk_gen rise edge)
                                                      0.000     0.000 r  
    K17                                               0.000     0.000 r  clk_sys (IN)
                         net (fo=0)                   0.000     0.000    i_xlnx_clk_gen/inst/clk_in1
    K17                  IBUF (Prop_ibuf_I_O)         1.404     1.404 r  i_xlnx_clk_gen/inst/clkin1_ibufg/O
                         net (fo=1, routed)           1.162     2.566    i_xlnx_clk_gen/inst/clk_in1_xlnx_clk_gen
    MMCME2_ADV_X1Y2      MMCME2_ADV (Prop_mmcme2_adv_CLKIN1_CLKOUT0)
                                                     -7.814    -5.248 r  i_xlnx_clk_gen/inst/mmcm_adv_inst/CLKOUT0
                         net (fo=1, routed)           2.012    -3.236    i_xlnx_clk_gen/inst/clk_out1_xlnx_clk_gen
    BUFGCTRL_X0Y16       BUFG (Prop_bufg_I_O)         0.091    -3.145 r  i_xlnx_clk_gen/inst/clkout1_buf/O
                         net (fo=22838, routed)       1.493    -1.652    i_dm_axi2mem/clk_out1
    SLICE_X41Y9          FDCE                                         r  i_dm_axi2mem/ax_req_q_reg[addr][6]/C

Slack:                    inf
  Source:                 cpu_reset
                            (input port)
  Destination:            i_dm_top/i_dm_mem/fwd_rom_q_reg/CLR
                            (recovery check against rising-edge clock clk_out1_xlnx_clk_gen  {rise@0.000ns fall@12.500ns period=25.000ns})
  Path Group:             (none)
  Path Type:              Recovery (Max at Slow Process Corner)
  Data Path Delay:        11.777ns  (logic 1.569ns (13.324%)  route 10.208ns (86.676%))
  Logic Levels:           1  (IBUF=1)
  Clock Path Skew:        -1.652ns (DCD - SCD + CPR)
    Destination Clock Delay (DCD):    -1.652ns
    Source Clock Delay      (SCD):    0.000ns
    Clock Pessimism Removal (CPR):    0.000ns
  Clock Uncertainty:      0.175ns  ((TSJ^2 + DJ^2)^1/2) / 2 + PE
    Total System Jitter     (TSJ):    0.050ns
    Discrete Jitter          (DJ):    0.149ns
    Phase Error              (PE):    0.097ns

    Location             Delay type                Incr(ns)  Path(ns)    Netlist Resource(s)
  -------------------------------------------------------------------    -------------------
    Y16                                               0.000     0.000 f  cpu_reset (IN)
                         net (fo=0)                   0.000     0.000    cpu_reset
    Y16                  IBUF (Prop_ibuf_I_O)         1.569     1.569 f  cpu_reset_IBUF_inst/O
                         net (fo=839, routed)        10.208    11.777    i_dm_top/i_dm_mem/cpu_reset_IBUF
    SLICE_X46Y7          FDCE                                         f  i_dm_top/i_dm_mem/fwd_rom_q_reg/CLR
  -------------------------------------------------------------------    -------------------

                         (clock clk_out1_xlnx_clk_gen rise edge)
                                                      0.000     0.000 r  
    K17                                               0.000     0.000 r  clk_sys (IN)
                         net (fo=0)                   0.000     0.000    i_xlnx_clk_gen/inst/clk_in1
    K17                  IBUF (Prop_ibuf_I_O)         1.404     1.404 r  i_xlnx_clk_gen/inst/clkin1_ibufg/O
                         net (fo=1, routed)           1.162     2.566    i_xlnx_clk_gen/inst/clk_in1_xlnx_clk_gen
    MMCME2_ADV_X1Y2      MMCME2_ADV (Prop_mmcme2_adv_CLKIN1_CLKOUT0)
                                                     -7.814    -5.248 r  i_xlnx_clk_gen/inst/mmcm_adv_inst/CLKOUT0
                         net (fo=1, routed)           2.012    -3.236    i_xlnx_clk_gen/inst/clk_out1_xlnx_clk_gen
    BUFGCTRL_X0Y16       BUFG (Prop_bufg_I_O)         0.091    -3.145 r  i_xlnx_clk_gen/inst/clkout1_buf/O
                         net (fo=22838, routed)       1.493    -1.652    i_dm_top/i_dm_mem/clk_out1
    SLICE_X46Y7          FDCE                                         r  i_dm_top/i_dm_mem/fwd_rom_q_reg/C

Slack:                    inf
  Source:                 cpu_reset
                            (input port)
  Destination:            i_dm_axi2mem/ax_req_q_reg[addr][12]/CLR
                            (recovery check against rising-edge clock clk_out1_xlnx_clk_gen  {rise@0.000ns fall@12.500ns period=25.000ns})
  Path Group:             (none)
  Path Type:              Recovery (Max at Slow Process Corner)
  Data Path Delay:        11.669ns  (logic 1.569ns (13.448%)  route 10.099ns (86.552%))
  Logic Levels:           1  (IBUF=1)
  Clock Path Skew:        -1.651ns (DCD - SCD + CPR)
    Destination Clock Delay (DCD):    -1.651ns
    Source Clock Delay      (SCD):    0.000ns
    Clock Pessimism Removal (CPR):    0.000ns
  Clock Uncertainty:      0.175ns  ((TSJ^2 + DJ^2)^1/2) / 2 + PE
    Total System Jitter     (TSJ):    0.050ns
    Discrete Jitter          (DJ):    0.149ns
    Phase Error              (PE):    0.097ns

    Location             Delay type                Incr(ns)  Path(ns)    Netlist Resource(s)
  -------------------------------------------------------------------    -------------------
    Y16                                               0.000     0.000 f  cpu_reset (IN)
                         net (fo=0)                   0.000     0.000    cpu_reset
    Y16                  IBUF (Prop_ibuf_I_O)         1.569     1.569 f  cpu_reset_IBUF_inst/O
                         net (fo=839, routed)        10.099    11.669    i_dm_axi2mem/cpu_reset_IBUF
    SLICE_X40Y8          FDCE                                         f  i_dm_axi2mem/ax_req_q_reg[addr][12]/CLR
  -------------------------------------------------------------------    -------------------

                         (clock clk_out1_xlnx_clk_gen rise edge)
                                                      0.000     0.000 r  
    K17                                               0.000     0.000 r  clk_sys (IN)
                         net (fo=0)                   0.000     0.000    i_xlnx_clk_gen/inst/clk_in1
    K17                  IBUF (Prop_ibuf_I_O)         1.404     1.404 r  i_xlnx_clk_gen/inst/clkin1_ibufg/O
                         net (fo=1, routed)           1.162     2.566    i_xlnx_clk_gen/inst/clk_in1_xlnx_clk_gen
    MMCME2_ADV_X1Y2      MMCME2_ADV (Prop_mmcme2_adv_CLKIN1_CLKOUT0)
                                                     -7.814    -5.248 r  i_xlnx_clk_gen/inst/mmcm_adv_inst/CLKOUT0
                         net (fo=1, routed)           2.012    -3.236    i_xlnx_clk_gen/inst/clk_out1_xlnx_clk_gen
    BUFGCTRL_X0Y16       BUFG (Prop_bufg_I_O)         0.091    -3.145 r  i_xlnx_clk_gen/inst/clkout1_buf/O
                         net (fo=22838, routed)       1.494    -1.651    i_dm_axi2mem/clk_out1
    SLICE_X40Y8          FDCE                                         r  i_dm_axi2mem/ax_req_q_reg[addr][12]/C

Slack:                    inf
  Source:                 cpu_reset
                            (input port)
  Destination:            i_dm_axi2mem/ax_req_q_reg[addr][9]/CLR
                            (recovery check against rising-edge clock clk_out1_xlnx_clk_gen  {rise@0.000ns fall@12.500ns period=25.000ns})
  Path Group:             (none)
  Path Type:              Recovery (Max at Slow Process Corner)
  Data Path Delay:        11.669ns  (logic 1.569ns (13.448%)  route 10.099ns (86.552%))
  Logic Levels:           1  (IBUF=1)
  Clock Path Skew:        -1.651ns (DCD - SCD + CPR)
    Destination Clock Delay (DCD):    -1.651ns
    Source Clock Delay      (SCD):    0.000ns
    Clock Pessimism Removal (CPR):    0.000ns
  Clock Uncertainty:      0.175ns  ((TSJ^2 + DJ^2)^1/2) / 2 + PE
    Total System Jitter     (TSJ):    0.050ns
    Discrete Jitter          (DJ):    0.149ns
    Phase Error              (PE):    0.097ns

    Location             Delay type                Incr(ns)  Path(ns)    Netlist Resource(s)
  -------------------------------------------------------------------    -------------------
    Y16                                               0.000     0.000 f  cpu_reset (IN)
                         net (fo=0)                   0.000     0.000    cpu_reset
    Y16                  IBUF (Prop_ibuf_I_O)         1.569     1.569 f  cpu_reset_IBUF_inst/O
                         net (fo=839, routed)        10.099    11.669    i_dm_axi2mem/cpu_reset_IBUF
    SLICE_X40Y8          FDCE                                         f  i_dm_axi2mem/ax_req_q_reg[addr][9]/CLR
  -------------------------------------------------------------------    -------------------

                         (clock clk_out1_xlnx_clk_gen rise edge)
                                                      0.000     0.000 r  
    K17                                               0.000     0.000 r  clk_sys (IN)
                         net (fo=0)                   0.000     0.000    i_xlnx_clk_gen/inst/clk_in1
    K17                  IBUF (Prop_ibuf_I_O)         1.404     1.404 r  i_xlnx_clk_gen/inst/clkin1_ibufg/O
                         net (fo=1, routed)           1.162     2.566    i_xlnx_clk_gen/inst/clk_in1_xlnx_clk_gen
    MMCME2_ADV_X1Y2      MMCME2_ADV (Prop_mmcme2_adv_CLKIN1_CLKOUT0)
                                                     -7.814    -5.248 r  i_xlnx_clk_gen/inst/mmcm_adv_inst/CLKOUT0
                         net (fo=1, routed)           2.012    -3.236    i_xlnx_clk_gen/inst/clk_out1_xlnx_clk_gen
    BUFGCTRL_X0Y16       BUFG (Prop_bufg_I_O)         0.091    -3.145 r  i_xlnx_clk_gen/inst/clkout1_buf/O
                         net (fo=22838, routed)       1.494    -1.651    i_dm_axi2mem/clk_out1
    SLICE_X40Y8          FDCE                                         r  i_dm_axi2mem/ax_req_q_reg[addr][9]/C

Slack:                    inf
  Source:                 cpu_reset
                            (input port)
  Destination:            i_dm_axi2mem/req_addr_q_reg[10]/CLR
                            (recovery check against rising-edge clock clk_out1_xlnx_clk_gen  {rise@0.000ns fall@12.500ns period=25.000ns})
  Path Group:             (none)
  Path Type:              Recovery (Max at Slow Process Corner)
  Data Path Delay:        11.664ns  (logic 1.569ns (13.453%)  route 10.095ns (86.547%))
  Logic Levels:           1  (IBUF=1)
  Clock Path Skew:        -1.651ns (DCD - SCD + CPR)
    Destination Clock Delay (DCD):    -1.651ns
    Source Clock Delay      (SCD):    0.000ns
    Clock Pessimism Removal (CPR):    0.000ns
  Clock Uncertainty:      0.175ns  ((TSJ^2 + DJ^2)^1/2) / 2 + PE
    Total System Jitter     (TSJ):    0.050ns
    Discrete Jitter          (DJ):    0.149ns
    Phase Error              (PE):    0.097ns

    Location             Delay type                Incr(ns)  Path(ns)    Netlist Resource(s)
  -------------------------------------------------------------------    -------------------
    Y16                                               0.000     0.000 f  cpu_reset (IN)
                         net (fo=0)                   0.000     0.000    cpu_reset
    Y16                  IBUF (Prop_ibuf_I_O)         1.569     1.569 f  cpu_reset_IBUF_inst/O
                         net (fo=839, routed)        10.095    11.664    i_dm_axi2mem/cpu_reset_IBUF
    SLICE_X41Y8          FDCE                                         f  i_dm_axi2mem/req_addr_q_reg[10]/CLR
  -------------------------------------------------------------------    -------------------

                         (clock clk_out1_xlnx_clk_gen rise edge)
                                                      0.000     0.000 r  
    K17                                               0.000     0.000 r  clk_sys (IN)
                         net (fo=0)                   0.000     0.000    i_xlnx_clk_gen/inst/clk_in1
    K17                  IBUF (Prop_ibuf_I_O)         1.404     1.404 r  i_xlnx_clk_gen/inst/clkin1_ibufg/O
                         net (fo=1, routed)           1.162     2.566    i_xlnx_clk_gen/inst/clk_in1_xlnx_clk_gen
    MMCME2_ADV_X1Y2      MMCME2_ADV (Prop_mmcme2_adv_CLKIN1_CLKOUT0)
                                                     -7.814    -5.248 r  i_xlnx_clk_gen/inst/mmcm_adv_inst/CLKOUT0
                         net (fo=1, routed)           2.012    -3.236    i_xlnx_clk_gen/inst/clk_out1_xlnx_clk_gen
    BUFGCTRL_X0Y16       BUFG (Prop_bufg_I_O)         0.091    -3.145 r  i_xlnx_clk_gen/inst/clkout1_buf/O
                         net (fo=22838, routed)       1.494    -1.651    i_dm_axi2mem/clk_out1
    SLICE_X41Y8          FDCE                                         r  i_dm_axi2mem/req_addr_q_reg[10]/C

Slack:                    inf
  Source:                 cpu_reset
                            (input port)
  Destination:            i_dm_axi2mem/req_addr_q_reg[6]/CLR
                            (recovery check against rising-edge clock clk_out1_xlnx_clk_gen  {rise@0.000ns fall@12.500ns period=25.000ns})
  Path Group:             (none)
  Path Type:              Recovery (Max at Slow Process Corner)
  Data Path Delay:        11.664ns  (logic 1.569ns (13.453%)  route 10.095ns (86.547%))
  Logic Levels:           1  (IBUF=1)
  Clock Path Skew:        -1.651ns (DCD - SCD + CPR)
    Destination Clock Delay (DCD):    -1.651ns
    Source Clock Delay      (SCD):    0.000ns
    Clock Pessimism Removal (CPR):    0.000ns
  Clock Uncertainty:      0.175ns  ((TSJ^2 + DJ^2)^1/2) / 2 + PE
    Total System Jitter     (TSJ):    0.050ns
    Discrete Jitter          (DJ):    0.149ns
    Phase Error              (PE):    0.097ns

    Location             Delay type                Incr(ns)  Path(ns)    Netlist Resource(s)
  -------------------------------------------------------------------    -------------------
    Y16                                               0.000     0.000 f  cpu_reset (IN)
                         net (fo=0)                   0.000     0.000    cpu_reset
    Y16                  IBUF (Prop_ibuf_I_O)         1.569     1.569 f  cpu_reset_IBUF_inst/O
                         net (fo=839, routed)        10.095    11.664    i_dm_axi2mem/cpu_reset_IBUF
    SLICE_X41Y8          FDCE                                         f  i_dm_axi2mem/req_addr_q_reg[6]/CLR
  -------------------------------------------------------------------    -------------------

                         (clock clk_out1_xlnx_clk_gen rise edge)
                                                      0.000     0.000 r  
    K17                                               0.000     0.000 r  clk_sys (IN)
                         net (fo=0)                   0.000     0.000    i_xlnx_clk_gen/inst/clk_in1
    K17                  IBUF (Prop_ibuf_I_O)         1.404     1.404 r  i_xlnx_clk_gen/inst/clkin1_ibufg/O
                         net (fo=1, routed)           1.162     2.566    i_xlnx_clk_gen/inst/clk_in1_xlnx_clk_gen
    MMCME2_ADV_X1Y2      MMCME2_ADV (Prop_mmcme2_adv_CLKIN1_CLKOUT0)
                                                     -7.814    -5.248 r  i_xlnx_clk_gen/inst/mmcm_adv_inst/CLKOUT0
                         net (fo=1, routed)           2.012    -3.236    i_xlnx_clk_gen/inst/clk_out1_xlnx_clk_gen
    BUFGCTRL_X0Y16       BUFG (Prop_bufg_I_O)         0.091    -3.145 r  i_xlnx_clk_gen/inst/clkout1_buf/O
                         net (fo=22838, routed)       1.494    -1.651    i_dm_axi2mem/clk_out1
    SLICE_X41Y8          FDCE                                         r  i_dm_axi2mem/req_addr_q_reg[6]/C

Slack:                    inf
  Source:                 cpu_reset
                            (input port)
  Destination:            i_dm_top/i_dm_csrs/i_fifo/i_fifo_v3/write_pointer_q_reg[0]/CLR
                            (recovery check against rising-edge clock clk_out1_xlnx_clk_gen  {rise@0.000ns fall@12.500ns period=25.000ns})
  Path Group:             (none)
  Path Type:              Recovery (Max at Slow Process Corner)
  Data Path Delay:        11.649ns  (logic 1.569ns (13.470%)  route 10.080ns (86.530%))
  Logic Levels:           1  (IBUF=1)
  Clock Path Skew:        -1.583ns (DCD - SCD + CPR)
    Destination Clock Delay (DCD):    -1.583ns
    Source Clock Delay      (SCD):    0.000ns
    Clock Pessimism Removal (CPR):    0.000ns
  Clock Uncertainty:      0.175ns  ((TSJ^2 + DJ^2)^1/2) / 2 + PE
    Total System Jitter     (TSJ):    0.050ns
    Discrete Jitter          (DJ):    0.149ns
    Phase Error              (PE):    0.097ns

    Location             Delay type                Incr(ns)  Path(ns)    Netlist Resource(s)
  -------------------------------------------------------------------    -------------------
    Y16                                               0.000     0.000 f  cpu_reset (IN)
                         net (fo=0)                   0.000     0.000    cpu_reset
    Y16                  IBUF (Prop_ibuf_I_O)         1.569     1.569 f  cpu_reset_IBUF_inst/O
                         net (fo=839, routed)        10.080    11.649    i_dm_top/i_dm_csrs/i_fifo/i_fifo_v3/cpu_reset_IBUF
    SLICE_X76Y0          FDCE                                         f  i_dm_top/i_dm_csrs/i_fifo/i_fifo_v3/write_pointer_q_reg[0]/CLR
  -------------------------------------------------------------------    -------------------

                         (clock clk_out1_xlnx_clk_gen rise edge)
                                                      0.000     0.000 r  
    K17                                               0.000     0.000 r  clk_sys (IN)
                         net (fo=0)                   0.000     0.000    i_xlnx_clk_gen/inst/clk_in1
    K17                  IBUF (Prop_ibuf_I_O)         1.404     1.404 r  i_xlnx_clk_gen/inst/clkin1_ibufg/O
                         net (fo=1, routed)           1.162     2.566    i_xlnx_clk_gen/inst/clk_in1_xlnx_clk_gen
    MMCME2_ADV_X1Y2      MMCME2_ADV (Prop_mmcme2_adv_CLKIN1_CLKOUT0)
                                                     -7.814    -5.248 r  i_xlnx_clk_gen/inst/mmcm_adv_inst/CLKOUT0
                         net (fo=1, routed)           2.012    -3.236    i_xlnx_clk_gen/inst/clk_out1_xlnx_clk_gen
    BUFGCTRL_X0Y16       BUFG (Prop_bufg_I_O)         0.091    -3.145 r  i_xlnx_clk_gen/inst/clkout1_buf/O
                         net (fo=22838, routed)       1.562    -1.583    i_dm_top/i_dm_csrs/i_fifo/i_fifo_v3/clk_out1
    SLICE_X76Y0          FDCE                                         r  i_dm_top/i_dm_csrs/i_fifo/i_fifo_v3/write_pointer_q_reg[0]/C

Slack:                    inf
  Source:                 cpu_reset
                            (input port)
  Destination:            i_dm_axi2mem/ax_req_q_reg[addr][10]/CLR
                            (recovery check against rising-edge clock clk_out1_xlnx_clk_gen  {rise@0.000ns fall@12.500ns period=25.000ns})
  Path Group:             (none)
  Path Type:              Recovery (Max at Slow Process Corner)
  Data Path Delay:        11.640ns  (logic 1.569ns (13.480%)  route 10.071ns (86.520%))
  Logic Levels:           1  (IBUF=1)
  Clock Path Skew:        -1.651ns (DCD - SCD + CPR)
    Destination Clock Delay (DCD):    -1.651ns
    Source Clock Delay      (SCD):    0.000ns
    Clock Pessimism Removal (CPR):    0.000ns
  Clock Uncertainty:      0.175ns  ((TSJ^2 + DJ^2)^1/2) / 2 + PE
    Total System Jitter     (TSJ):    0.050ns
    Discrete Jitter          (DJ):    0.149ns
    Phase Error              (PE):    0.097ns

    Location             Delay type                Incr(ns)  Path(ns)    Netlist Resource(s)
  -------------------------------------------------------------------    -------------------
    Y16                                               0.000     0.000 f  cpu_reset (IN)
                         net (fo=0)                   0.000     0.000    cpu_reset
    Y16                  IBUF (Prop_ibuf_I_O)         1.569     1.569 f  cpu_reset_IBUF_inst/O
                         net (fo=839, routed)        10.071    11.640    i_dm_axi2mem/cpu_reset_IBUF
    SLICE_X43Y8          FDCE                                         f  i_dm_axi2mem/ax_req_q_reg[addr][10]/CLR
  -------------------------------------------------------------------    -------------------

                         (clock clk_out1_xlnx_clk_gen rise edge)
                                                      0.000     0.000 r  
    K17                                               0.000     0.000 r  clk_sys (IN)
                         net (fo=0)                   0.000     0.000    i_xlnx_clk_gen/inst/clk_in1
    K17                  IBUF (Prop_ibuf_I_O)         1.404     1.404 r  i_xlnx_clk_gen/inst/clkin1_ibufg/O
                         net (fo=1, routed)           1.162     2.566    i_xlnx_clk_gen/inst/clk_in1_xlnx_clk_gen
    MMCME2_ADV_X1Y2      MMCME2_ADV (Prop_mmcme2_adv_CLKIN1_CLKOUT0)
                                                     -7.814    -5.248 r  i_xlnx_clk_gen/inst/mmcm_adv_inst/CLKOUT0
                         net (fo=1, routed)           2.012    -3.236    i_xlnx_clk_gen/inst/clk_out1_xlnx_clk_gen
    BUFGCTRL_X0Y16       BUFG (Prop_bufg_I_O)         0.091    -3.145 r  i_xlnx_clk_gen/inst/clkout1_buf/O
                         net (fo=22838, routed)       1.494    -1.651    i_dm_axi2mem/clk_out1
    SLICE_X43Y8          FDCE                                         r  i_dm_axi2mem/ax_req_q_reg[addr][10]/C

Slack:                    inf
  Source:                 cpu_reset
                            (input port)
  Destination:            i_dm_axi2mem/ax_req_q_reg[addr][11]/CLR
                            (recovery check against rising-edge clock clk_out1_xlnx_clk_gen  {rise@0.000ns fall@12.500ns period=25.000ns})
  Path Group:             (none)
  Path Type:              Recovery (Max at Slow Process Corner)
  Data Path Delay:        11.640ns  (logic 1.569ns (13.480%)  route 10.071ns (86.520%))
  Logic Levels:           1  (IBUF=1)
  Clock Path Skew:        -1.651ns (DCD - SCD + CPR)
    Destination Clock Delay (DCD):    -1.651ns
    Source Clock Delay      (SCD):    0.000ns
    Clock Pessimism Removal (CPR):    0.000ns
  Clock Uncertainty:      0.175ns  ((TSJ^2 + DJ^2)^1/2) / 2 + PE
    Total System Jitter     (TSJ):    0.050ns
    Discrete Jitter          (DJ):    0.149ns
    Phase Error              (PE):    0.097ns

    Location             Delay type                Incr(ns)  Path(ns)    Netlist Resource(s)
  -------------------------------------------------------------------    -------------------
    Y16                                               0.000     0.000 f  cpu_reset (IN)
                         net (fo=0)                   0.000     0.000    cpu_reset
    Y16                  IBUF (Prop_ibuf_I_O)         1.569     1.569 f  cpu_reset_IBUF_inst/O
                         net (fo=839, routed)        10.071    11.640    i_dm_axi2mem/cpu_reset_IBUF
    SLICE_X43Y8          FDCE                                         f  i_dm_axi2mem/ax_req_q_reg[addr][11]/CLR
  -------------------------------------------------------------------    -------------------

                         (clock clk_out1_xlnx_clk_gen rise edge)
                                                      0.000     0.000 r  
    K17                                               0.000     0.000 r  clk_sys (IN)
                         net (fo=0)                   0.000     0.000    i_xlnx_clk_gen/inst/clk_in1
    K17                  IBUF (Prop_ibuf_I_O)         1.404     1.404 r  i_xlnx_clk_gen/inst/clkin1_ibufg/O
                         net (fo=1, routed)           1.162     2.566    i_xlnx_clk_gen/inst/clk_in1_xlnx_clk_gen
    MMCME2_ADV_X1Y2      MMCME2_ADV (Prop_mmcme2_adv_CLKIN1_CLKOUT0)
                                                     -7.814    -5.248 r  i_xlnx_clk_gen/inst/mmcm_adv_inst/CLKOUT0
                         net (fo=1, routed)           2.012    -3.236    i_xlnx_clk_gen/inst/clk_out1_xlnx_clk_gen
    BUFGCTRL_X0Y16       BUFG (Prop_bufg_I_O)         0.091    -3.145 r  i_xlnx_clk_gen/inst/clkout1_buf/O
                         net (fo=22838, routed)       1.494    -1.651    i_dm_axi2mem/clk_out1
    SLICE_X43Y8          FDCE                                         r  i_dm_axi2mem/ax_req_q_reg[addr][11]/C





Min Delay Paths
--------------------------------------------------------------------------------------
Slack:                    inf
  Source:                 rx
                            (input port)
  Destination:            i_ariane_peripherals/gen_uart.i_apb_uart/UART_IS_SIN/iD_reg[0]/D
                            (rising edge-triggered cell FDCE clocked by clk_out1_xlnx_clk_gen  {rise@0.000ns fall@12.500ns period=25.000ns})
  Path Group:             (none)
  Path Type:              Hold (Min at Fast Process Corner)
  Data Path Delay:        1.206ns  (logic 0.340ns (28.218%)  route 0.866ns (71.782%))
  Logic Levels:           1  (IBUF=1)
  Clock Path Skew:        -0.851ns (DCD - SCD - CPR)
    Destination Clock Delay (DCD):    -0.851ns
    Source Clock Delay      (SCD):    0.000ns
    Clock Pessimism Removal (CPR):    -0.000ns

    Location             Delay type                Incr(ns)  Path(ns)    Netlist Resource(s)
  -------------------------------------------------------------------    -------------------
    U7                                                0.000     0.000 r  rx (IN)
                         net (fo=0)                   0.000     0.000    rx
    U7                   IBUF (Prop_ibuf_I_O)         0.340     0.340 r  rx_IBUF_inst/O
                         net (fo=1, routed)           0.866     1.206    i_ariane_peripherals/gen_uart.i_apb_uart/UART_IS_SIN/SIN
    SLICE_X10Y9          FDCE                                         r  i_ariane_peripherals/gen_uart.i_apb_uart/UART_IS_SIN/iD_reg[0]/D
  -------------------------------------------------------------------    -------------------

                         (clock clk_out1_xlnx_clk_gen rise edge)
                                                      0.000     0.000 r  
    K17                                               0.000     0.000 r  clk_sys (IN)
                         net (fo=0)                   0.000     0.000    i_xlnx_clk_gen/inst/clk_in1
    K17                  IBUF (Prop_ibuf_I_O)         0.431     0.431 r  i_xlnx_clk_gen/inst/clkin1_ibufg/O
                         net (fo=1, routed)           0.480     0.911    i_xlnx_clk_gen/inst/clk_in1_xlnx_clk_gen
    MMCME2_ADV_X1Y2      MMCME2_ADV (Prop_mmcme2_adv_CLKIN1_CLKOUT0)
                                                     -3.407    -2.496 r  i_xlnx_clk_gen/inst/mmcm_adv_inst/CLKOUT0
                         net (fo=1, routed)           0.752    -1.744    i_xlnx_clk_gen/inst/clk_out1_xlnx_clk_gen
    BUFGCTRL_X0Y16       BUFG (Prop_bufg_I_O)         0.029    -1.715 r  i_xlnx_clk_gen/inst/clkout1_buf/O
                         net (fo=22838, routed)       0.864    -0.851    i_ariane_peripherals/gen_uart.i_apb_uart/UART_IS_SIN/clk_out1
    SLICE_X10Y9          FDCE                                         r  i_ariane_peripherals/gen_uart.i_apb_uart/UART_IS_SIN/iD_reg[0]/C

Slack:                    inf
  Source:                 cpu_reset
                            (input port)
  Destination:            i_dmi_jtag/i_dmi_cdc/i_cdc_resp/i_src/data_src_q_reg[resp][0]/CLR
                            (removal check against rising-edge clock clk_out1_xlnx_clk_gen  {rise@0.000ns fall@12.500ns period=25.000ns})
  Path Group:             (none)
  Path Type:              Removal (Min at Fast Process Corner)
  Data Path Delay:        1.643ns  (logic 0.336ns (20.461%)  route 1.307ns (79.539%))
  Logic Levels:           1  (IBUF=1)
  Clock Path Skew:        -0.832ns (DCD - SCD - CPR)
    Destination Clock Delay (DCD):    -0.832ns
    Source Clock Delay      (SCD):    0.000ns
    Clock Pessimism Removal (CPR):    -0.000ns

    Location             Delay type                Incr(ns)  Path(ns)    Netlist Resource(s)
  -------------------------------------------------------------------    -------------------
    Y16                                               0.000     0.000 f  cpu_reset (IN)
                         net (fo=0)                   0.000     0.000    cpu_reset
    Y16                  IBUF (Prop_ibuf_I_O)         0.336     0.336 f  cpu_reset_IBUF_inst/O
                         net (fo=839, routed)         1.307     1.643    i_dmi_jtag/i_dmi_cdc/i_cdc_resp/i_src/cpu_reset_IBUF
    SLICE_X96Y4          FDCE                                         f  i_dmi_jtag/i_dmi_cdc/i_cdc_resp/i_src/data_src_q_reg[resp][0]/CLR
  -------------------------------------------------------------------    -------------------

                         (clock clk_out1_xlnx_clk_gen rise edge)
                                                      0.000     0.000 r  
    K17                                               0.000     0.000 r  clk_sys (IN)
                         net (fo=0)                   0.000     0.000    i_xlnx_clk_gen/inst/clk_in1
    K17                  IBUF (Prop_ibuf_I_O)         0.431     0.431 r  i_xlnx_clk_gen/inst/clkin1_ibufg/O
                         net (fo=1, routed)           0.480     0.911    i_xlnx_clk_gen/inst/clk_in1_xlnx_clk_gen
    MMCME2_ADV_X1Y2      MMCME2_ADV (Prop_mmcme2_adv_CLKIN1_CLKOUT0)
                                                     -3.407    -2.496 r  i_xlnx_clk_gen/inst/mmcm_adv_inst/CLKOUT0
                         net (fo=1, routed)           0.752    -1.744    i_xlnx_clk_gen/inst/clk_out1_xlnx_clk_gen
    BUFGCTRL_X0Y16       BUFG (Prop_bufg_I_O)         0.029    -1.715 r  i_xlnx_clk_gen/inst/clkout1_buf/O
                         net (fo=22838, routed)       0.883    -0.832    i_dmi_jtag/i_dmi_cdc/i_cdc_resp/i_src/clk_out1
    SLICE_X96Y4          FDCE                                         r  i_dmi_jtag/i_dmi_cdc/i_cdc_resp/i_src/data_src_q_reg[resp][0]/C

Slack:                    inf
  Source:                 cpu_reset
                            (input port)
  Destination:            i_dmi_jtag/i_dmi_cdc/i_cdc_resp/i_src/data_src_q_reg[resp][1]/CLR
                            (removal check against rising-edge clock clk_out1_xlnx_clk_gen  {rise@0.000ns fall@12.500ns period=25.000ns})
  Path Group:             (none)
  Path Type:              Removal (Min at Fast Process Corner)
  Data Path Delay:        1.643ns  (logic 0.336ns (20.461%)  route 1.307ns (79.539%))
  Logic Levels:           1  (IBUF=1)
  Clock Path Skew:        -0.832ns (DCD - SCD - CPR)
    Destination Clock Delay (DCD):    -0.832ns
    Source Clock Delay      (SCD):    0.000ns
    Clock Pessimism Removal (CPR):    -0.000ns

    Location             Delay type                Incr(ns)  Path(ns)    Netlist Resource(s)
  -------------------------------------------------------------------    -------------------
    Y16                                               0.000     0.000 f  cpu_reset (IN)
                         net (fo=0)                   0.000     0.000    cpu_reset
    Y16                  IBUF (Prop_ibuf_I_O)         0.336     0.336 f  cpu_reset_IBUF_inst/O
                         net (fo=839, routed)         1.307     1.643    i_dmi_jtag/i_dmi_cdc/i_cdc_resp/i_src/cpu_reset_IBUF
    SLICE_X96Y4          FDCE                                         f  i_dmi_jtag/i_dmi_cdc/i_cdc_resp/i_src/data_src_q_reg[resp][1]/CLR
  -------------------------------------------------------------------    -------------------

                         (clock clk_out1_xlnx_clk_gen rise edge)
                                                      0.000     0.000 r  
    K17                                               0.000     0.000 r  clk_sys (IN)
                         net (fo=0)                   0.000     0.000    i_xlnx_clk_gen/inst/clk_in1
    K17                  IBUF (Prop_ibuf_I_O)         0.431     0.431 r  i_xlnx_clk_gen/inst/clkin1_ibufg/O
                         net (fo=1, routed)           0.480     0.911    i_xlnx_clk_gen/inst/clk_in1_xlnx_clk_gen
    MMCME2_ADV_X1Y2      MMCME2_ADV (Prop_mmcme2_adv_CLKIN1_CLKOUT0)
                                                     -3.407    -2.496 r  i_xlnx_clk_gen/inst/mmcm_adv_inst/CLKOUT0
                         net (fo=1, routed)           0.752    -1.744    i_xlnx_clk_gen/inst/clk_out1_xlnx_clk_gen
    BUFGCTRL_X0Y16       BUFG (Prop_bufg_I_O)         0.029    -1.715 r  i_xlnx_clk_gen/inst/clkout1_buf/O
                         net (fo=22838, routed)       0.883    -0.832    i_dmi_jtag/i_dmi_cdc/i_cdc_resp/i_src/clk_out1
    SLICE_X96Y4          FDCE                                         r  i_dmi_jtag/i_dmi_cdc/i_cdc_resp/i_src/data_src_q_reg[resp][1]/C

Slack:                    inf
  Source:                 cpu_reset
                            (input port)
  Destination:            i_dm_top/i_dm_csrs/i_fifo/i_fifo_v3/mem_q_reg[1][11]/CLR
                            (removal check against rising-edge clock clk_out1_xlnx_clk_gen  {rise@0.000ns fall@12.500ns period=25.000ns})
  Path Group:             (none)
  Path Type:              Removal (Min at Fast Process Corner)
  Data Path Delay:        1.920ns  (logic 0.336ns (17.509%)  route 1.584ns (82.491%))
  Logic Levels:           1  (IBUF=1)
  Clock Path Skew:        -0.858ns (DCD - SCD - CPR)
    Destination Clock Delay (DCD):    -0.858ns
    Source Clock Delay      (SCD):    0.000ns
    Clock Pessimism Removal (CPR):    -0.000ns

    Location             Delay type                Incr(ns)  Path(ns)    Netlist Resource(s)
  -------------------------------------------------------------------    -------------------
    Y16                                               0.000     0.000 f  cpu_reset (IN)
                         net (fo=0)                   0.000     0.000    cpu_reset
    Y16                  IBUF (Prop_ibuf_I_O)         0.336     0.336 f  cpu_reset_IBUF_inst/O
                         net (fo=839, routed)         1.584     1.920    i_dm_top/i_dm_csrs/i_fifo/i_fifo_v3/cpu_reset_IBUF
    SLICE_X81Y5          FDCE                                         f  i_dm_top/i_dm_csrs/i_fifo/i_fifo_v3/mem_q_reg[1][11]/CLR
  -------------------------------------------------------------------    -------------------

                         (clock clk_out1_xlnx_clk_gen rise edge)
                                                      0.000     0.000 r  
    K17                                               0.000     0.000 r  clk_sys (IN)
                         net (fo=0)                   0.000     0.000    i_xlnx_clk_gen/inst/clk_in1
    K17                  IBUF (Prop_ibuf_I_O)         0.431     0.431 r  i_xlnx_clk_gen/inst/clkin1_ibufg/O
                         net (fo=1, routed)           0.480     0.911    i_xlnx_clk_gen/inst/clk_in1_xlnx_clk_gen
    MMCME2_ADV_X1Y2      MMCME2_ADV (Prop_mmcme2_adv_CLKIN1_CLKOUT0)
                                                     -3.407    -2.496 r  i_xlnx_clk_gen/inst/mmcm_adv_inst/CLKOUT0
                         net (fo=1, routed)           0.752    -1.744    i_xlnx_clk_gen/inst/clk_out1_xlnx_clk_gen
    BUFGCTRL_X0Y16       BUFG (Prop_bufg_I_O)         0.029    -1.715 r  i_xlnx_clk_gen/inst/clkout1_buf/O
                         net (fo=22838, routed)       0.857    -0.858    i_dm_top/i_dm_csrs/i_fifo/i_fifo_v3/clk_out1
    SLICE_X81Y5          FDCE                                         r  i_dm_top/i_dm_csrs/i_fifo/i_fifo_v3/mem_q_reg[1][11]/C

Slack:                    inf
  Source:                 cpu_reset
                            (input port)
  Destination:            i_dm_top/i_dm_csrs/i_fifo/i_fifo_v3/mem_q_reg[1][15]/CLR
                            (removal check against rising-edge clock clk_out1_xlnx_clk_gen  {rise@0.000ns fall@12.500ns period=25.000ns})
  Path Group:             (none)
  Path Type:              Removal (Min at Fast Process Corner)
  Data Path Delay:        2.003ns  (logic 0.336ns (16.777%)  route 1.667ns (83.223%))
  Logic Levels:           1  (IBUF=1)
  Clock Path Skew:        -0.859ns (DCD - SCD - CPR)
    Destination Clock Delay (DCD):    -0.859ns
    Source Clock Delay      (SCD):    0.000ns
    Clock Pessimism Removal (CPR):    -0.000ns

    Location             Delay type                Incr(ns)  Path(ns)    Netlist Resource(s)
  -------------------------------------------------------------------    -------------------
    Y16                                               0.000     0.000 f  cpu_reset (IN)
                         net (fo=0)                   0.000     0.000    cpu_reset
    Y16                  IBUF (Prop_ibuf_I_O)         0.336     0.336 f  cpu_reset_IBUF_inst/O
                         net (fo=839, routed)         1.667     2.003    i_dm_top/i_dm_csrs/i_fifo/i_fifo_v3/cpu_reset_IBUF
    SLICE_X79Y9          FDCE                                         f  i_dm_top/i_dm_csrs/i_fifo/i_fifo_v3/mem_q_reg[1][15]/CLR
  -------------------------------------------------------------------    -------------------

                         (clock clk_out1_xlnx_clk_gen rise edge)
                                                      0.000     0.000 r  
    K17                                               0.000     0.000 r  clk_sys (IN)
                         net (fo=0)                   0.000     0.000    i_xlnx_clk_gen/inst/clk_in1
    K17                  IBUF (Prop_ibuf_I_O)         0.431     0.431 r  i_xlnx_clk_gen/inst/clkin1_ibufg/O
                         net (fo=1, routed)           0.480     0.911    i_xlnx_clk_gen/inst/clk_in1_xlnx_clk_gen
    MMCME2_ADV_X1Y2      MMCME2_ADV (Prop_mmcme2_adv_CLKIN1_CLKOUT0)
                                                     -3.407    -2.496 r  i_xlnx_clk_gen/inst/mmcm_adv_inst/CLKOUT0
                         net (fo=1, routed)           0.752    -1.744    i_xlnx_clk_gen/inst/clk_out1_xlnx_clk_gen
    BUFGCTRL_X0Y16       BUFG (Prop_bufg_I_O)         0.029    -1.715 r  i_xlnx_clk_gen/inst/clkout1_buf/O
                         net (fo=22838, routed)       0.856    -0.859    i_dm_top/i_dm_csrs/i_fifo/i_fifo_v3/clk_out1
    SLICE_X79Y9          FDCE                                         r  i_dm_top/i_dm_csrs/i_fifo/i_fifo_v3/mem_q_reg[1][15]/C

Slack:                    inf
  Source:                 cpu_reset
                            (input port)
  Destination:            i_dm_top/i_dm_csrs/i_fifo/i_fifo_v3/mem_q_reg[1][26]/CLR
                            (removal check against rising-edge clock clk_out1_xlnx_clk_gen  {rise@0.000ns fall@12.500ns period=25.000ns})
  Path Group:             (none)
  Path Type:              Removal (Min at Fast Process Corner)
  Data Path Delay:        2.003ns  (logic 0.336ns (16.777%)  route 1.667ns (83.223%))
  Logic Levels:           1  (IBUF=1)
  Clock Path Skew:        -0.859ns (DCD - SCD - CPR)
    Destination Clock Delay (DCD):    -0.859ns
    Source Clock Delay      (SCD):    0.000ns
    Clock Pessimism Removal (CPR):    -0.000ns

    Location             Delay type                Incr(ns)  Path(ns)    Netlist Resource(s)
  -------------------------------------------------------------------    -------------------
    Y16                                               0.000     0.000 f  cpu_reset (IN)
                         net (fo=0)                   0.000     0.000    cpu_reset
    Y16                  IBUF (Prop_ibuf_I_O)         0.336     0.336 f  cpu_reset_IBUF_inst/O
                         net (fo=839, routed)         1.667     2.003    i_dm_top/i_dm_csrs/i_fifo/i_fifo_v3/cpu_reset_IBUF
    SLICE_X79Y9          FDCE                                         f  i_dm_top/i_dm_csrs/i_fifo/i_fifo_v3/mem_q_reg[1][26]/CLR
  -------------------------------------------------------------------    -------------------

                         (clock clk_out1_xlnx_clk_gen rise edge)
                                                      0.000     0.000 r  
    K17                                               0.000     0.000 r  clk_sys (IN)
                         net (fo=0)                   0.000     0.000    i_xlnx_clk_gen/inst/clk_in1
    K17                  IBUF (Prop_ibuf_I_O)         0.431     0.431 r  i_xlnx_clk_gen/inst/clkin1_ibufg/O
                         net (fo=1, routed)           0.480     0.911    i_xlnx_clk_gen/inst/clk_in1_xlnx_clk_gen
    MMCME2_ADV_X1Y2      MMCME2_ADV (Prop_mmcme2_adv_CLKIN1_CLKOUT0)
                                                     -3.407    -2.496 r  i_xlnx_clk_gen/inst/mmcm_adv_inst/CLKOUT0
                         net (fo=1, routed)           0.752    -1.744    i_xlnx_clk_gen/inst/clk_out1_xlnx_clk_gen
    BUFGCTRL_X0Y16       BUFG (Prop_bufg_I_O)         0.029    -1.715 r  i_xlnx_clk_gen/inst/clkout1_buf/O
                         net (fo=22838, routed)       0.856    -0.859    i_dm_top/i_dm_csrs/i_fifo/i_fifo_v3/clk_out1
    SLICE_X79Y9          FDCE                                         r  i_dm_top/i_dm_csrs/i_fifo/i_fifo_v3/mem_q_reg[1][26]/C

Slack:                    inf
  Source:                 cpu_reset
                            (input port)
  Destination:            i_dm_top/i_dm_csrs/i_fifo/i_fifo_v3/mem_q_reg[1][31]/CLR
                            (removal check against rising-edge clock clk_out1_xlnx_clk_gen  {rise@0.000ns fall@12.500ns period=25.000ns})
  Path Group:             (none)
  Path Type:              Removal (Min at Fast Process Corner)
  Data Path Delay:        2.003ns  (logic 0.336ns (16.777%)  route 1.667ns (83.223%))
  Logic Levels:           1  (IBUF=1)
  Clock Path Skew:        -0.859ns (DCD - SCD - CPR)
    Destination Clock Delay (DCD):    -0.859ns
    Source Clock Delay      (SCD):    0.000ns
    Clock Pessimism Removal (CPR):    -0.000ns

    Location             Delay type                Incr(ns)  Path(ns)    Netlist Resource(s)
  -------------------------------------------------------------------    -------------------
    Y16                                               0.000     0.000 f  cpu_reset (IN)
                         net (fo=0)                   0.000     0.000    cpu_reset
    Y16                  IBUF (Prop_ibuf_I_O)         0.336     0.336 f  cpu_reset_IBUF_inst/O
                         net (fo=839, routed)         1.667     2.003    i_dm_top/i_dm_csrs/i_fifo/i_fifo_v3/cpu_reset_IBUF
    SLICE_X79Y9          FDCE                                         f  i_dm_top/i_dm_csrs/i_fifo/i_fifo_v3/mem_q_reg[1][31]/CLR
  -------------------------------------------------------------------    -------------------

                         (clock clk_out1_xlnx_clk_gen rise edge)
                                                      0.000     0.000 r  
    K17                                               0.000     0.000 r  clk_sys (IN)
                         net (fo=0)                   0.000     0.000    i_xlnx_clk_gen/inst/clk_in1
    K17                  IBUF (Prop_ibuf_I_O)         0.431     0.431 r  i_xlnx_clk_gen/inst/clkin1_ibufg/O
                         net (fo=1, routed)           0.480     0.911    i_xlnx_clk_gen/inst/clk_in1_xlnx_clk_gen
    MMCME2_ADV_X1Y2      MMCME2_ADV (Prop_mmcme2_adv_CLKIN1_CLKOUT0)
                                                     -3.407    -2.496 r  i_xlnx_clk_gen/inst/mmcm_adv_inst/CLKOUT0
                         net (fo=1, routed)           0.752    -1.744    i_xlnx_clk_gen/inst/clk_out1_xlnx_clk_gen
    BUFGCTRL_X0Y16       BUFG (Prop_bufg_I_O)         0.029    -1.715 r  i_xlnx_clk_gen/inst/clkout1_buf/O
                         net (fo=22838, routed)       0.856    -0.859    i_dm_top/i_dm_csrs/i_fifo/i_fifo_v3/clk_out1
    SLICE_X79Y9          FDCE                                         r  i_dm_top/i_dm_csrs/i_fifo/i_fifo_v3/mem_q_reg[1][31]/C

Slack:                    inf
  Source:                 cpu_reset
                            (input port)
  Destination:            i_dm_top/i_dm_csrs/i_fifo/i_fifo_v3/read_pointer_q_reg[0]/CLR
                            (removal check against rising-edge clock clk_out1_xlnx_clk_gen  {rise@0.000ns fall@12.500ns period=25.000ns})
  Path Group:             (none)
  Path Type:              Removal (Min at Fast Process Corner)
  Data Path Delay:        2.026ns  (logic 0.336ns (16.586%)  route 1.690ns (83.414%))
  Logic Levels:           1  (IBUF=1)
  Clock Path Skew:        -0.860ns (DCD - SCD - CPR)
    Destination Clock Delay (DCD):    -0.860ns
    Source Clock Delay      (SCD):    0.000ns
    Clock Pessimism Removal (CPR):    -0.000ns

    Location             Delay type                Incr(ns)  Path(ns)    Netlist Resource(s)
  -------------------------------------------------------------------    -------------------
    Y16                                               0.000     0.000 f  cpu_reset (IN)
                         net (fo=0)                   0.000     0.000    cpu_reset
    Y16                  IBUF (Prop_ibuf_I_O)         0.336     0.336 f  cpu_reset_IBUF_inst/O
                         net (fo=839, routed)         1.690     2.026    i_dm_top/i_dm_csrs/i_fifo/i_fifo_v3/cpu_reset_IBUF
    SLICE_X75Y5          FDCE                                         f  i_dm_top/i_dm_csrs/i_fifo/i_fifo_v3/read_pointer_q_reg[0]/CLR
  -------------------------------------------------------------------    -------------------

                         (clock clk_out1_xlnx_clk_gen rise edge)
                                                      0.000     0.000 r  
    K17                                               0.000     0.000 r  clk_sys (IN)
                         net (fo=0)                   0.000     0.000    i_xlnx_clk_gen/inst/clk_in1
    K17                  IBUF (Prop_ibuf_I_O)         0.431     0.431 r  i_xlnx_clk_gen/inst/clkin1_ibufg/O
                         net (fo=1, routed)           0.480     0.911    i_xlnx_clk_gen/inst/clk_in1_xlnx_clk_gen
    MMCME2_ADV_X1Y2      MMCME2_ADV (Prop_mmcme2_adv_CLKIN1_CLKOUT0)
                                                     -3.407    -2.496 r  i_xlnx_clk_gen/inst/mmcm_adv_inst/CLKOUT0
                         net (fo=1, routed)           0.752    -1.744    i_xlnx_clk_gen/inst/clk_out1_xlnx_clk_gen
    BUFGCTRL_X0Y16       BUFG (Prop_bufg_I_O)         0.029    -1.715 r  i_xlnx_clk_gen/inst/clkout1_buf/O
                         net (fo=22838, routed)       0.855    -0.860    i_dm_top/i_dm_csrs/i_fifo/i_fifo_v3/clk_out1
    SLICE_X75Y5          FDCE                                         r  i_dm_top/i_dm_csrs/i_fifo/i_fifo_v3/read_pointer_q_reg[0]/C

Slack:                    inf
  Source:                 cpu_reset
                            (input port)
  Destination:            i_dm_top/i_dm_sba/FSM_sequential_state_q_reg[0]/CLR
                            (removal check against rising-edge clock clk_out1_xlnx_clk_gen  {rise@0.000ns fall@12.500ns period=25.000ns})
  Path Group:             (none)
  Path Type:              Removal (Min at Fast Process Corner)
  Data Path Delay:        2.026ns  (logic 0.336ns (16.586%)  route 1.690ns (83.414%))
  Logic Levels:           1  (IBUF=1)
  Clock Path Skew:        -0.860ns (DCD - SCD - CPR)
    Destination Clock Delay (DCD):    -0.860ns
    Source Clock Delay      (SCD):    0.000ns
    Clock Pessimism Removal (CPR):    -0.000ns

    Location             Delay type                Incr(ns)  Path(ns)    Netlist Resource(s)
  -------------------------------------------------------------------    -------------------
    Y16                                               0.000     0.000 f  cpu_reset (IN)
                         net (fo=0)                   0.000     0.000    cpu_reset
    Y16                  IBUF (Prop_ibuf_I_O)         0.336     0.336 f  cpu_reset_IBUF_inst/O
                         net (fo=839, routed)         1.690     2.026    i_dm_top/i_dm_sba/cpu_reset_IBUF
    SLICE_X75Y5          FDCE                                         f  i_dm_top/i_dm_sba/FSM_sequential_state_q_reg[0]/CLR
  -------------------------------------------------------------------    -------------------

                         (clock clk_out1_xlnx_clk_gen rise edge)
                                                      0.000     0.000 r  
    K17                                               0.000     0.000 r  clk_sys (IN)
                         net (fo=0)                   0.000     0.000    i_xlnx_clk_gen/inst/clk_in1
    K17                  IBUF (Prop_ibuf_I_O)         0.431     0.431 r  i_xlnx_clk_gen/inst/clkin1_ibufg/O
                         net (fo=1, routed)           0.480     0.911    i_xlnx_clk_gen/inst/clk_in1_xlnx_clk_gen
    MMCME2_ADV_X1Y2      MMCME2_ADV (Prop_mmcme2_adv_CLKIN1_CLKOUT0)
                                                     -3.407    -2.496 r  i_xlnx_clk_gen/inst/mmcm_adv_inst/CLKOUT0
                         net (fo=1, routed)           0.752    -1.744    i_xlnx_clk_gen/inst/clk_out1_xlnx_clk_gen
    BUFGCTRL_X0Y16       BUFG (Prop_bufg_I_O)         0.029    -1.715 r  i_xlnx_clk_gen/inst/clkout1_buf/O
                         net (fo=22838, routed)       0.855    -0.860    i_dm_top/i_dm_sba/clk_out1
    SLICE_X75Y5          FDCE                                         r  i_dm_top/i_dm_sba/FSM_sequential_state_q_reg[0]/C

Slack:                    inf
  Source:                 cpu_reset
                            (input port)
  Destination:            i_dmi_jtag/i_dmi_cdc/i_cdc_req/i_dst/data_dst_q_reg[addr][5]/CLR
                            (removal check against rising-edge clock clk_out1_xlnx_clk_gen  {rise@0.000ns fall@12.500ns period=25.000ns})
  Path Group:             (none)
  Path Type:              Removal (Min at Fast Process Corner)
  Data Path Delay:        2.053ns  (logic 0.336ns (16.374%)  route 1.717ns (83.626%))
  Logic Levels:           1  (IBUF=1)
  Clock Path Skew:        -0.858ns (DCD - SCD - CPR)
    Destination Clock Delay (DCD):    -0.858ns
    Source Clock Delay      (SCD):    0.000ns
    Clock Pessimism Removal (CPR):    -0.000ns

    Location             Delay type                Incr(ns)  Path(ns)    Netlist Resource(s)
  -------------------------------------------------------------------    -------------------
    Y16                                               0.000     0.000 f  cpu_reset (IN)
                         net (fo=0)                   0.000     0.000    cpu_reset
    Y16                  IBUF (Prop_ibuf_I_O)         0.336     0.336 f  cpu_reset_IBUF_inst/O
                         net (fo=839, routed)         1.717     2.053    i_dmi_jtag/i_dmi_cdc/i_cdc_req/i_dst/cpu_reset_IBUF
    SLICE_X81Y6          FDCE                                         f  i_dmi_jtag/i_dmi_cdc/i_cdc_req/i_dst/data_dst_q_reg[addr][5]/CLR
  -------------------------------------------------------------------    -------------------

                         (clock clk_out1_xlnx_clk_gen rise edge)
                                                      0.000     0.000 r  
    K17                                               0.000     0.000 r  clk_sys (IN)
                         net (fo=0)                   0.000     0.000    i_xlnx_clk_gen/inst/clk_in1
    K17                  IBUF (Prop_ibuf_I_O)         0.431     0.431 r  i_xlnx_clk_gen/inst/clkin1_ibufg/O
                         net (fo=1, routed)           0.480     0.911    i_xlnx_clk_gen/inst/clk_in1_xlnx_clk_gen
    MMCME2_ADV_X1Y2      MMCME2_ADV (Prop_mmcme2_adv_CLKIN1_CLKOUT0)
                                                     -3.407    -2.496 r  i_xlnx_clk_gen/inst/mmcm_adv_inst/CLKOUT0
                         net (fo=1, routed)           0.752    -1.744    i_xlnx_clk_gen/inst/clk_out1_xlnx_clk_gen
    BUFGCTRL_X0Y16       BUFG (Prop_bufg_I_O)         0.029    -1.715 r  i_xlnx_clk_gen/inst/clkout1_buf/O
                         net (fo=22838, routed)       0.857    -0.858    i_dmi_jtag/i_dmi_cdc/i_cdc_req/i_dst/clk_out1
    SLICE_X81Y6          FDCE                                         r  i_dmi_jtag/i_dmi_cdc/i_cdc_req/i_dst/data_dst_q_reg[addr][5]/C





