Copyright 1986-2022 Xilinx, Inc. All Rights Reserved. Copyright 2022-2025 Advanced Micro Devices, Inc. All Rights Reserved.
------------------------------------------------------------------------------------------------------------------------------------------------------------------------------------------------------------------------
| Tool Version : Vivado v.2025.2 (lin64) Build 6299465 Fri Nov 14 12:34:56 MST 2025
| Date         : Thu Jul  2 13:48:21 2026
| Host         : rayan-HP-ProBook-445-G8-Notebook-PC running 64-bit Ubuntu 24.04.1 LTS
| Command      : report_timing_summary -max_paths 10 -routable_nets -report_unconstrained -file cva6_timing_summary_routed.rpt -pb cva6_timing_summary_routed.pb -rpx cva6_timing_summary_routed.rpx -warn_on_violation
| Design       : cva6
| Device       : 7z020-clg400
| Speed File   : -1  PRODUCTION 1.12 2019-11-22
| Design State : Routed
------------------------------------------------------------------------------------------------------------------------------------------------------------------------------------------------------------------------

Timing Summary Report

------------------------------------------------------------------------------------------------
| Timer Settings
| --------------
------------------------------------------------------------------------------------------------

  Enable Multi Corner Analysis               :  Yes
  Enable Pessimism Removal                   :  Yes
  Pessimism Removal Resolution               :  Nearest Common Node
  Enable Input Delay Default Clock           :  No
  Enable Preset / Clear Arcs                 :  No
  Disable Flight Delays                      :  No
  Ignore I/O Paths                           :  No
  Timing Early Launch at Borrowing Latches   :  No
  Borrow Time for Max Delay Exceptions       :  Yes
  Merge Timing Exceptions                    :  Yes
  Inter-SLR Compensation                     :  Conservative

  Corner  Analyze    Analyze    
  Name    Max Paths  Min Paths  
  ------  ---------  ---------  
  Slow    Yes        Yes        
  Fast    Yes        Yes        


------------------------------------------------------------------------------------------------
| Report Methodology
| ------------------
------------------------------------------------------------------------------------------------

Rule       Severity  Description                                 Violations  
---------  --------  ------------------------------------------  ----------  
SYNTH-6    Warning   Timing of a RAM block might be sub-optimal  15          
SYNTH-10   Warning   Wide multiplier                             4           
TIMING-18  Warning   Missing input or output delay               1000        
TIMING-23  Warning   Combinational loop found                    1           

Note: This report is based on the most recent report_methodology run and may not be up-to-date. Run report_methodology on the current design for the latest report.



check_timing report

Table of Contents
-----------------
1. checking no_clock (0)
2. checking constant_clock (0)
3. checking pulse_width_clock (0)
4. checking unconstrained_internal_endpoints (0)
5. checking no_input_delay (147)
6. checking no_output_delay (1342)
7. checking multiple_clock (0)
8. checking generated_clocks (0)
9. checking loops (1)
10. checking partial_input_delay (0)
11. checking partial_output_delay (0)
12. checking latch_loops (0)

1. checking no_clock (0)
------------------------
 There are 0 register/latch pins with no clock.


2. checking constant_clock (0)
------------------------------
 There are 0 register/latch pins with constant_clock.


3. checking pulse_width_clock (0)
---------------------------------
 There are 0 register/latch pins which need pulse_width check


4. checking unconstrained_internal_endpoints (0)
------------------------------------------------
 There are 0 pins that are not constrained for maximum delay.

 There are 0 pins that are not constrained for maximum delay due to constant clock.


5. checking no_input_delay (147)
--------------------------------
 There are 147 input ports with no input delay specified. (HIGH)

 There are 0 input ports with no input delay but user has a false path constraint.


6. checking no_output_delay (1342)
----------------------------------
 There are 1342 ports with no output delay specified. (HIGH)

 There are 0 ports with no output delay but user has a false path constraint

 There are 0 ports with no output delay but with a timing clock defined on it or propagating through it


7. checking multiple_clock (0)
------------------------------
 There are 0 register/latch pins with multiple clocks.


8. checking generated_clocks (0)
--------------------------------
 There are 0 generated clocks that are not connected to a clock source.


9. checking loops (1)
---------------------
 There is 1 combinational loop in the design. (HIGH)


10. checking partial_input_delay (0)
------------------------------------
 There are 0 input ports with partial input delay specified.


11. checking partial_output_delay (0)
-------------------------------------
 There are 0 ports with partial output delay specified.


12. checking latch_loops (0)
----------------------------
 There are 0 combinational latch loops in the design through latch input



------------------------------------------------------------------------------------------------
| Design Timing Summary
| ---------------------
------------------------------------------------------------------------------------------------

    WNS(ns)      TNS(ns)  TNS Failing Endpoints  TNS Total Endpoints      WHS(ns)      THS(ns)  THS Failing Endpoints  THS Total Endpoints     WPWS(ns)     TPWS(ns)  TPWS Failing Endpoints  TPWS Total Endpoints  
    -------      -------  ---------------------  -------------------      -------      -------  ---------------------  -------------------     --------     --------  ----------------------  --------------------  
     -0.879      -40.239                     87                14803        0.083        0.000                      0                14803       11.250        0.000                       0                  6833  


Timing constraints are not met.


------------------------------------------------------------------------------------------------
| Clock Summary
| -------------
------------------------------------------------------------------------------------------------

Clock  Waveform(ns)       Period(ns)      Frequency(MHz)
-----  ------------       ----------      --------------
clk_i  {0.000 12.500}     25.000          40.000          


------------------------------------------------------------------------------------------------
| Intra Clock Table
| -----------------
------------------------------------------------------------------------------------------------

Clock             WNS(ns)      TNS(ns)  TNS Failing Endpoints  TNS Total Endpoints      WHS(ns)      THS(ns)  THS Failing Endpoints  THS Total Endpoints     WPWS(ns)     TPWS(ns)  TPWS Failing Endpoints  TPWS Total Endpoints  
-----             -------      -------  ---------------------  -------------------      -------      -------  ---------------------  -------------------     --------     --------  ----------------------  --------------------  
clk_i              -0.879      -40.239                     87                14803        0.083        0.000                      0                14803       11.250        0.000                       0                  6833  


------------------------------------------------------------------------------------------------
| Inter Clock Table
| -----------------
------------------------------------------------------------------------------------------------

From Clock    To Clock          WNS(ns)      TNS(ns)  TNS Failing Endpoints  TNS Total Endpoints      WHS(ns)      THS(ns)  THS Failing Endpoints  THS Total Endpoints  
----------    --------          -------      -------  ---------------------  -------------------      -------      -------  ---------------------  -------------------  


------------------------------------------------------------------------------------------------
| Other Path Groups Table
| -----------------------
------------------------------------------------------------------------------------------------

Path Group    From Clock    To Clock          WNS(ns)      TNS(ns)  TNS Failing Endpoints  TNS Total Endpoints      WHS(ns)      THS(ns)  THS Failing Endpoints  THS Total Endpoints  
----------    ----------    --------          -------      -------  ---------------------  -------------------      -------      -------  ---------------------  -------------------  


------------------------------------------------------------------------------------------------
| User Ignored Path Table
| -----------------------
------------------------------------------------------------------------------------------------

Path Group    From Clock    To Clock    
----------    ----------    --------    


------------------------------------------------------------------------------------------------
| Unconstrained Path Table
| ------------------------
------------------------------------------------------------------------------------------------

Path Group    From Clock    To Clock    
----------    ----------    --------    
(none)                                    
(none)        clk_i                       
(none)                      clk_i         


------------------------------------------------------------------------------------------------
| Timing Details
| --------------
------------------------------------------------------------------------------------------------


---------------------------------------------------------------------------------------------------
From Clock:  clk_i
  To Clock:  clk_i

Setup :           87  Failing Endpoints,  Worst Slack       -0.879ns,  Total Violation      -40.239ns
Hold  :            0  Failing Endpoints,  Worst Slack        0.083ns,  Total Violation        0.000ns
PW    :            0  Failing Endpoints,  Worst Slack       11.250ns,  Total Violation        0.000ns
---------------------------------------------------------------------------------------------------


Max Delay Paths
--------------------------------------------------------------------------------------
Slack (VIOLATED) :        -0.879ns  (required time - arrival time)
  Source:                 ex_stage_i/fpu_gen.fpu_i/fpu_gen.i_fpnew_bulk/gen_operation_groups[3].i_opgroup_block/gen_merged_slice.i_multifmt_slice/gen_num_lanes[0].active_lane.lane_instance.i_fpnew_cast_multi/gen_inside_pipeline[0].mid_pipe_dst_fmt_q_reg[1][2]/C
                            (rising edge-triggered cell FDCE clocked by clk_i  {rise@0.000ns fall@12.500ns period=25.000ns})
  Destination:            issue_stage_i/i_issue_read_operands/fu_data_q_reg[0][operand_a][13]/D
                            (rising edge-triggered cell FDCE clocked by clk_i  {rise@0.000ns fall@12.500ns period=25.000ns})
  Path Group:             clk_i
  Path Type:              Setup (Max at Slow Process Corner)
  Requirement:            25.000ns  (clk_i rise@25.000ns - clk_i rise@0.000ns)
  Data Path Delay:        25.824ns  (logic 8.518ns (32.985%)  route 17.306ns (67.015%))
  Logic Levels:           39  (CARRY4=12 LUT1=1 LUT2=2 LUT3=3 LUT4=3 LUT5=3 LUT6=15)
  Clock Path Skew:        -0.049ns (DCD - SCD + CPR)
    Destination Clock Delay (DCD):    0.924ns = ( 25.924 - 25.000 ) 
    Source Clock Delay      (SCD):    0.973ns
    Clock Pessimism Removal (CPR):    0.000ns
  Clock Uncertainty:      0.035ns  ((TSJ^2 + TIJ^2)^1/2 + DJ) / 2 + PE
    Total System Jitter     (TSJ):    0.071ns
    Total Input Jitter      (TIJ):    0.000ns
    Discrete Jitter          (DJ):    0.000ns
    Phase Error              (PE):    0.000ns

    Location             Delay type                Incr(ns)  Path(ns)    Netlist Resource(s)
  -------------------------------------------------------------------    -------------------
                         (clock clk_i rise edge)      0.000     0.000 r  
                                                      0.000     0.000 r  clk_i (IN)
                         net (fo=6832, unset)         0.973     0.973    ex_stage_i/fpu_gen.fpu_i/fpu_gen.i_fpnew_bulk/gen_operation_groups[3].i_opgroup_block/gen_merged_slice.i_multifmt_slice/gen_num_lanes[0].active_lane.lane_instance.i_fpnew_cast_multi/clk_i
    SLICE_X85Y28         FDCE                                         r  ex_stage_i/fpu_gen.fpu_i/fpu_gen.i_fpnew_bulk/gen_operation_groups[3].i_opgroup_block/gen_merged_slice.i_multifmt_slice/gen_num_lanes[0].active_lane.lane_instance.i_fpnew_cast_multi/gen_inside_pipeline[0].mid_pipe_dst_fmt_q_reg[1][2]/C
  -------------------------------------------------------------------    -------------------
    SLICE_X85Y28         FDCE (Prop_fdce_C_Q)         0.456     1.429 r  ex_stage_i/fpu_gen.fpu_i/fpu_gen.i_fpnew_bulk/gen_operation_groups[3].i_opgroup_block/gen_merged_slice.i_multifmt_slice/gen_num_lanes[0].active_lane.lane_instance.i_fpnew_cast_multi/gen_inside_pipeline[0].mid_pipe_dst_fmt_q_reg[1][2]/Q
                         net (fo=147, routed)         0.494     1.923    ex_stage_i/fpu_gen.fpu_i/fpu_gen.i_fpnew_bulk/gen_operation_groups[3].i_opgroup_block/gen_merged_slice.i_multifmt_slice/gen_num_lanes[0].active_lane.lane_instance.i_fpnew_cast_multi/gen_inside_pipeline[0].mid_pipe_dst_fmt_q_reg_n_0_[1][2]
    SLICE_X84Y28         LUT3 (Prop_lut3_I0_O)        0.124     2.047 r  ex_stage_i/fpu_gen.fpu_i/fpu_gen.i_fpnew_bulk/gen_operation_groups[3].i_opgroup_block/gen_merged_slice.i_multifmt_slice/gen_num_lanes[0].active_lane.lane_instance.i_fpnew_cast_multi/of_before_round1__7_carry_i_1/O
                         net (fo=8, routed)           0.344     2.391    ex_stage_i/fpu_gen.fpu_i/fpu_gen.i_fpnew_bulk/gen_operation_groups[3].i_opgroup_block/gen_merged_slice.i_multifmt_slice/gen_num_lanes[0].active_lane.lane_instance.i_fpnew_cast_multi/of_before_round1__7_carry_i_1_n_0
    SLICE_X85Y29         CARRY4 (Prop_carry4_CYINIT_CO[3])
                                                      0.580     2.971 r  ex_stage_i/fpu_gen.fpu_i/fpu_gen.i_fpnew_bulk/gen_operation_groups[3].i_opgroup_block/gen_merged_slice.i_multifmt_slice/gen_num_lanes[0].active_lane.lane_instance.i_fpnew_cast_multi/of_before_round1__7_carry/CO[3]
                         net (fo=5, routed)           1.003     3.974    ex_stage_i/fpu_gen.fpu_i/fpu_gen.i_fpnew_bulk/gen_operation_groups[3].i_opgroup_block/gen_merged_slice.i_multifmt_slice/gen_num_lanes[0].active_lane.lane_instance.i_fpnew_cast_multi/of_before_round1__7_carry_n_0
    SLICE_X82Y29         CARRY4 (Prop_carry4_CYINIT_CO[2])
                                                      0.608     4.582 r  ex_stage_i/fpu_gen.fpu_i/fpu_gen.i_fpnew_bulk/gen_operation_groups[3].i_opgroup_block/gen_merged_slice.i_multifmt_slice/gen_num_lanes[0].active_lane.lane_instance.i_fpnew_cast_multi/of_before_round0_carry__0_i_9/CO[2]
                         net (fo=20, routed)          0.689     5.271    ex_stage_i/fpu_gen.fpu_i/fpu_gen.i_fpnew_bulk/gen_operation_groups[3].i_opgroup_block/gen_merged_slice.i_multifmt_slice/gen_num_lanes[0].active_lane.lane_instance.i_fpnew_cast_multi/of_before_round0_carry__0_i_9_n_1
    SLICE_X83Y31         LUT2 (Prop_lut2_I0_O)        0.310     5.581 r  ex_stage_i/fpu_gen.fpu_i/fpu_gen.i_fpnew_bulk/gen_operation_groups[3].i_opgroup_block/gen_merged_slice.i_multifmt_slice/gen_num_lanes[0].active_lane.lane_instance.i_fpnew_cast_multi/of_before_round0_carry__1_i_7/O
                         net (fo=1, routed)           0.000     5.581    ex_stage_i/fpu_gen.fpu_i/fpu_gen.i_fpnew_bulk/gen_operation_groups[3].i_opgroup_block/gen_merged_slice.i_multifmt_slice/gen_num_lanes[0].active_lane.lane_instance.i_fpnew_cast_multi/of_before_round0_carry__1_i_7_n_0
    SLICE_X83Y31         CARRY4 (Prop_carry4_S[1]_CO[3])
                                                      0.550     6.131 r  ex_stage_i/fpu_gen.fpu_i/fpu_gen.i_fpnew_bulk/gen_operation_groups[3].i_opgroup_block/gen_merged_slice.i_multifmt_slice/gen_num_lanes[0].active_lane.lane_instance.i_fpnew_cast_multi/of_before_round0_carry__1/CO[3]
                         net (fo=1, routed)           0.000     6.131    ex_stage_i/fpu_gen.fpu_i/fpu_gen.i_fpnew_bulk/gen_operation_groups[3].i_opgroup_block/gen_merged_slice.i_multifmt_slice/gen_num_lanes[0].active_lane.lane_instance.i_fpnew_cast_multi/of_before_round0_carry__1_n_0
    SLICE_X83Y32         CARRY4 (Prop_carry4_CI_CO[3])
                                                      0.114     6.245 f  ex_stage_i/fpu_gen.fpu_i/fpu_gen.i_fpnew_bulk/gen_operation_groups[3].i_opgroup_block/gen_merged_slice.i_multifmt_slice/gen_num_lanes[0].active_lane.lane_instance.i_fpnew_cast_multi/of_before_round0_carry__2/CO[3]
                         net (fo=34, routed)          1.047     7.292    ex_stage_i/fpu_gen.fpu_i/fpu_gen.i_fpnew_bulk/gen_operation_groups[3].i_opgroup_block/gen_merged_slice.i_multifmt_slice/gen_num_lanes[0].active_lane.lane_instance.i_fpnew_cast_multi/of_before_round0__16
    SLICE_X86Y32         LUT3 (Prop_lut3_I0_O)        0.124     7.416 r  ex_stage_i/fpu_gen.fpu_i/fpu_gen.i_fpnew_bulk/gen_operation_groups[3].i_opgroup_block/gen_merged_slice.i_multifmt_slice/gen_num_lanes[0].active_lane.lane_instance.i_fpnew_cast_multi/rvfi_probes_o[instr][wbdata][3][30]_INST_0_i_146/O
                         net (fo=7, routed)           0.463     7.879    ex_stage_i/fpu_gen.fpu_i/fpu_gen.i_fpnew_bulk/gen_operation_groups[3].i_opgroup_block/gen_merged_slice.i_multifmt_slice/gen_num_lanes[0].active_lane.lane_instance.i_fpnew_cast_multi/rvfi_probes_o[instr][wbdata][3][30]_INST_0_i_146_n_0
    SLICE_X86Y33         LUT6 (Prop_lut6_I3_O)        0.124     8.003 r  ex_stage_i/fpu_gen.fpu_i/fpu_gen.i_fpnew_bulk/gen_operation_groups[3].i_opgroup_block/gen_merged_slice.i_multifmt_slice/gen_num_lanes[0].active_lane.lane_instance.i_fpnew_cast_multi/rvfi_probes_o[instr][wbdata][3][30]_INST_0_i_140/O
                         net (fo=87, routed)          1.139     9.141    ex_stage_i/fpu_gen.fpu_i/fpu_gen.i_fpnew_bulk/gen_operation_groups[3].i_opgroup_block/gen_merged_slice.i_multifmt_slice/gen_num_lanes[0].active_lane.lane_instance.i_fpnew_cast_multi/rvfi_probes_o[instr][wbdata][3][30]_INST_0_i_140_n_0
    SLICE_X87Y37         LUT6 (Prop_lut6_I5_O)        0.124     9.265 r  ex_stage_i/fpu_gen.fpu_i/fpu_gen.i_fpnew_bulk/gen_operation_groups[3].i_opgroup_block/gen_merged_slice.i_multifmt_slice/gen_num_lanes[0].active_lane.lane_instance.i_fpnew_cast_multi/mem_q[0][sbe][ex][cause][1]_i_101/O
                         net (fo=2, routed)           0.606     9.872    ex_stage_i/fpu_gen.fpu_i/fpu_gen.i_fpnew_bulk/gen_operation_groups[3].i_opgroup_block/gen_merged_slice.i_multifmt_slice/gen_num_lanes[0].active_lane.lane_instance.i_fpnew_cast_multi/mem_q[0][sbe][ex][cause][1]_i_101_n_0
    SLICE_X86Y37         LUT4 (Prop_lut4_I3_O)        0.124     9.996 r  ex_stage_i/fpu_gen.fpu_i/fpu_gen.i_fpnew_bulk/gen_operation_groups[3].i_opgroup_block/gen_merged_slice.i_multifmt_slice/gen_num_lanes[0].active_lane.lane_instance.i_fpnew_cast_multi/mem_q[0][sbe][ex][cause][1]_i_58/O
                         net (fo=3, routed)           0.641    10.637    ex_stage_i/fpu_gen.fpu_i/fpu_gen.i_fpnew_bulk/gen_operation_groups[3].i_opgroup_block/gen_merged_slice.i_multifmt_slice/gen_num_lanes[0].active_lane.lane_instance.i_fpnew_cast_multi/mem_q[0][sbe][ex][cause][1]_i_58_n_0
    SLICE_X83Y36         LUT5 (Prop_lut5_I3_O)        0.124    10.761 r  ex_stage_i/fpu_gen.fpu_i/fpu_gen.i_fpnew_bulk/gen_operation_groups[3].i_opgroup_block/gen_merged_slice.i_multifmt_slice/gen_num_lanes[0].active_lane.lane_instance.i_fpnew_cast_multi/mem_q[0][sbe][ex][cause][1]_i_68/O
                         net (fo=2, routed)           0.814    11.575    ex_stage_i/fpu_gen.fpu_i/fpu_gen.i_fpnew_bulk/gen_operation_groups[3].i_opgroup_block/gen_merged_slice.i_multifmt_slice/gen_num_lanes[0].active_lane.lane_instance.i_fpnew_cast_multi/mem_q[0][sbe][ex][cause][1]_i_68_n_0
    SLICE_X82Y36         LUT3 (Prop_lut3_I2_O)        0.146    11.721 r  ex_stage_i/fpu_gen.fpu_i/fpu_gen.i_fpnew_bulk/gen_operation_groups[3].i_opgroup_block/gen_merged_slice.i_multifmt_slice/gen_num_lanes[0].active_lane.lane_instance.i_fpnew_cast_multi/mem_q[0][sbe][ex][cause][1]_i_44/O
                         net (fo=2, routed)           0.844    12.565    ex_stage_i/fpu_gen.fpu_i/fpu_gen.i_fpnew_bulk/gen_operation_groups[3].i_opgroup_block/gen_merged_slice.i_multifmt_slice/gen_num_lanes[0].active_lane.lane_instance.i_fpnew_cast_multi/mem_q[0][sbe][ex][cause][1]_i_44_n_0
    SLICE_X81Y35         LUT6 (Prop_lut6_I4_O)        0.328    12.893 r  ex_stage_i/fpu_gen.fpu_i/fpu_gen.i_fpnew_bulk/gen_operation_groups[3].i_opgroup_block/gen_merged_slice.i_multifmt_slice/gen_num_lanes[0].active_lane.lane_instance.i_fpnew_cast_multi/mem_q[0][sbe][ex][cause][1]_i_27/O
                         net (fo=1, routed)           0.797    13.690    ex_stage_i/fpu_gen.fpu_i/fpu_gen.i_fpnew_bulk/gen_operation_groups[3].i_opgroup_block/gen_merged_slice.i_multifmt_slice/gen_num_lanes[0].active_lane.lane_instance.i_fpnew_cast_multi/mem_q[0][sbe][ex][cause][1]_i_27_n_0
    SLICE_X81Y36         LUT6 (Prop_lut6_I0_O)        0.124    13.814 f  ex_stage_i/fpu_gen.fpu_i/fpu_gen.i_fpnew_bulk/gen_operation_groups[3].i_opgroup_block/gen_merged_slice.i_multifmt_slice/gen_num_lanes[0].active_lane.lane_instance.i_fpnew_cast_multi/mem_q[0][sbe][ex][cause][1]_i_18/O
                         net (fo=4, routed)           0.464    14.277    ex_stage_i/fpu_gen.fpu_i/fpu_gen.i_fpnew_bulk/gen_operation_groups[3].i_opgroup_block/gen_merged_slice.i_multifmt_slice/gen_num_lanes[0].active_lane.lane_instance.i_fpnew_cast_multi/mem_q[0][sbe][ex][cause][1]_i_18_n_0
    SLICE_X80Y34         LUT4 (Prop_lut4_I3_O)        0.124    14.401 r  ex_stage_i/fpu_gen.fpu_i/fpu_gen.i_fpnew_bulk/gen_operation_groups[3].i_opgroup_block/gen_merged_slice.i_multifmt_slice/gen_num_lanes[0].active_lane.lane_instance.i_fpnew_cast_multi/rvfi_probes_o[instr][wbdata][3][0]_INST_0_i_52/O
                         net (fo=2, routed)           0.510    14.911    ex_stage_i/fpu_gen.fpu_i/fpu_gen.i_fpnew_bulk/gen_operation_groups[3].i_opgroup_block/gen_merged_slice.i_multifmt_slice/gen_num_lanes[0].active_lane.lane_instance.i_fpnew_cast_multi/rvfi_probes_o[instr][wbdata][3][0]_INST_0_i_52_n_0
    SLICE_X79Y30         LUT2 (Prop_lut2_I0_O)        0.124    15.035 r  ex_stage_i/fpu_gen.fpu_i/fpu_gen.i_fpnew_bulk/gen_operation_groups[3].i_opgroup_block/gen_merged_slice.i_multifmt_slice/gen_num_lanes[0].active_lane.lane_instance.i_fpnew_cast_multi/rvfi_probes_o[instr][wbdata][3][0]_INST_0_i_32/O
                         net (fo=1, routed)           0.426    15.462    ex_stage_i/fpu_gen.fpu_i/fpu_gen.i_fpnew_bulk/gen_operation_groups[3].i_opgroup_block/gen_merged_slice.i_multifmt_slice/gen_num_lanes[0].active_lane.lane_instance.i_fpnew_cast_multi/rvfi_probes_o[instr][wbdata][3][0]_INST_0_i_32_n_0
    SLICE_X78Y30         LUT6 (Prop_lut6_I0_O)        0.124    15.586 r  ex_stage_i/fpu_gen.fpu_i/fpu_gen.i_fpnew_bulk/gen_operation_groups[3].i_opgroup_block/gen_merged_slice.i_multifmt_slice/gen_num_lanes[0].active_lane.lane_instance.i_fpnew_cast_multi/rvfi_probes_o[instr][wbdata][3][0]_INST_0_i_19/O
                         net (fo=1, routed)           0.000    15.586    ex_stage_i/fpu_gen.fpu_i/fpu_gen.i_fpnew_bulk/gen_operation_groups[3].i_opgroup_block/gen_merged_slice.i_multifmt_slice/gen_num_lanes[0].active_lane.lane_instance.i_fpnew_cast_multi/rvfi_probes_o[instr][wbdata][3][0]_INST_0_i_19_n_0
    SLICE_X78Y30         CARRY4 (Prop_carry4_S[0]_CO[3])
                                                      0.532    16.118 r  ex_stage_i/fpu_gen.fpu_i/fpu_gen.i_fpnew_bulk/gen_operation_groups[3].i_opgroup_block/gen_merged_slice.i_multifmt_slice/gen_num_lanes[0].active_lane.lane_instance.i_fpnew_cast_multi/rvfi_probes_o[instr][wbdata][3][0]_INST_0_i_8/CO[3]
                         net (fo=1, routed)           0.000    16.118    ex_stage_i/fpu_gen.fpu_i/fpu_gen.i_fpnew_bulk/gen_operation_groups[3].i_opgroup_block/gen_merged_slice.i_multifmt_slice/gen_num_lanes[0].active_lane.lane_instance.i_fpnew_cast_multi/rvfi_probes_o[instr][wbdata][3][0]_INST_0_i_8_n_0
    SLICE_X78Y31         CARRY4 (Prop_carry4_CI_O[1])
                                                      0.334    16.452 f  ex_stage_i/fpu_gen.fpu_i/fpu_gen.i_fpnew_bulk/gen_operation_groups[3].i_opgroup_block/gen_merged_slice.i_multifmt_slice/gen_num_lanes[0].active_lane.lane_instance.i_fpnew_cast_multi/rvfi_probes_o[instr][wbdata][3][7]_INST_0_i_16/O[1]
                         net (fo=4, routed)           0.591    17.043    ex_stage_i/fpu_gen.fpu_i/fpu_gen.i_fpnew_bulk/gen_operation_groups[3].i_opgroup_block/gen_merged_slice.i_multifmt_slice/gen_num_lanes[0].active_lane.lane_instance.i_fpnew_cast_multi/rounded_abs[5]
    SLICE_X77Y31         LUT1 (Prop_lut1_I0_O)        0.303    17.346 r  ex_stage_i/fpu_gen.fpu_i/fpu_gen.i_fpnew_bulk/gen_operation_groups[3].i_opgroup_block/gen_merged_slice.i_multifmt_slice/gen_num_lanes[0].active_lane.lane_instance.i_fpnew_cast_multi/rvfi_probes_o[instr][wbdata][3][8]_INST_0_i_12/O
                         net (fo=1, routed)           0.000    17.346    ex_stage_i/fpu_gen.fpu_i/fpu_gen.i_fpnew_bulk/gen_operation_groups[3].i_opgroup_block/gen_merged_slice.i_multifmt_slice/gen_num_lanes[0].active_lane.lane_instance.i_fpnew_cast_multi/rvfi_probes_o[instr][wbdata][3][8]_INST_0_i_12_n_0
    SLICE_X77Y31         CARRY4 (Prop_carry4_S[0]_CO[3])
                                                      0.532    17.878 r  ex_stage_i/fpu_gen.fpu_i/fpu_gen.i_fpnew_bulk/gen_operation_groups[3].i_opgroup_block/gen_merged_slice.i_multifmt_slice/gen_num_lanes[0].active_lane.lane_instance.i_fpnew_cast_multi/rvfi_probes_o[instr][wbdata][3][8]_INST_0_i_8/CO[3]
                         net (fo=1, routed)           0.000    17.878    ex_stage_i/fpu_gen.fpu_i/fpu_gen.i_fpnew_bulk/gen_operation_groups[3].i_opgroup_block/gen_merged_slice.i_multifmt_slice/gen_num_lanes[0].active_lane.lane_instance.i_fpnew_cast_multi/rvfi_probes_o[instr][wbdata][3][8]_INST_0_i_8_n_0
    SLICE_X77Y32         CARRY4 (Prop_carry4_CI_CO[3])
                                                      0.114    17.992 r  ex_stage_i/fpu_gen.fpu_i/fpu_gen.i_fpnew_bulk/gen_operation_groups[3].i_opgroup_block/gen_merged_slice.i_multifmt_slice/gen_num_lanes[0].active_lane.lane_instance.i_fpnew_cast_multi/rvfi_probes_o[instr][wbdata][3][12]_INST_0_i_7/CO[3]
                         net (fo=1, routed)           0.000    17.992    ex_stage_i/fpu_gen.fpu_i/fpu_gen.i_fpnew_bulk/gen_operation_groups[3].i_opgroup_block/gen_merged_slice.i_multifmt_slice/gen_num_lanes[0].active_lane.lane_instance.i_fpnew_cast_multi/rvfi_probes_o[instr][wbdata][3][12]_INST_0_i_7_n_0
    SLICE_X77Y33         CARRY4 (Prop_carry4_CI_CO[3])
                                                      0.114    18.106 r  ex_stage_i/fpu_gen.fpu_i/fpu_gen.i_fpnew_bulk/gen_operation_groups[3].i_opgroup_block/gen_merged_slice.i_multifmt_slice/gen_num_lanes[0].active_lane.lane_instance.i_fpnew_cast_multi/rvfi_probes_o[instr][wbdata][3][16]_INST_0_i_7/CO[3]
                         net (fo=1, routed)           0.000    18.106    ex_stage_i/fpu_gen.fpu_i/fpu_gen.i_fpnew_bulk/gen_operation_groups[3].i_opgroup_block/gen_merged_slice.i_multifmt_slice/gen_num_lanes[0].active_lane.lane_instance.i_fpnew_cast_multi/rvfi_probes_o[instr][wbdata][3][16]_INST_0_i_7_n_0
    SLICE_X77Y34         CARRY4 (Prop_carry4_CI_CO[3])
                                                      0.114    18.220 r  ex_stage_i/fpu_gen.fpu_i/fpu_gen.i_fpnew_bulk/gen_operation_groups[3].i_opgroup_block/gen_merged_slice.i_multifmt_slice/gen_num_lanes[0].active_lane.lane_instance.i_fpnew_cast_multi/rvfi_probes_o[instr][wbdata][3][20]_INST_0_i_8/CO[3]
                         net (fo=1, routed)           0.000    18.220    ex_stage_i/fpu_gen.fpu_i/fpu_gen.i_fpnew_bulk/gen_operation_groups[3].i_opgroup_block/gen_merged_slice.i_multifmt_slice/gen_num_lanes[0].active_lane.lane_instance.i_fpnew_cast_multi/rvfi_probes_o[instr][wbdata][3][20]_INST_0_i_8_n_0
    SLICE_X77Y35         CARRY4 (Prop_carry4_CI_CO[3])
                                                      0.114    18.334 r  ex_stage_i/fpu_gen.fpu_i/fpu_gen.i_fpnew_bulk/gen_operation_groups[3].i_opgroup_block/gen_merged_slice.i_multifmt_slice/gen_num_lanes[0].active_lane.lane_instance.i_fpnew_cast_multi/rvfi_probes_o[instr][wbdata][3][24]_INST_0_i_9/CO[3]
                         net (fo=1, routed)           0.000    18.334    ex_stage_i/fpu_gen.fpu_i/fpu_gen.i_fpnew_bulk/gen_operation_groups[3].i_opgroup_block/gen_merged_slice.i_multifmt_slice/gen_num_lanes[0].active_lane.lane_instance.i_fpnew_cast_multi/rvfi_probes_o[instr][wbdata][3][24]_INST_0_i_9_n_0
    SLICE_X77Y36         CARRY4 (Prop_carry4_CI_O[2])
                                                      0.239    18.573 f  ex_stage_i/fpu_gen.fpu_i/fpu_gen.i_fpnew_bulk/gen_operation_groups[3].i_opgroup_block/gen_merged_slice.i_multifmt_slice/gen_num_lanes[0].active_lane.lane_instance.i_fpnew_cast_multi/rvfi_probes_o[instr][wbdata][3][28]_INST_0_i_9/O[2]
                         net (fo=2, routed)           0.782    19.355    ex_stage_i/fpu_gen.fpu_i/fpu_gen.i_fpnew_bulk/gen_operation_groups[3].i_opgroup_block/gen_merged_slice.i_multifmt_slice/gen_num_lanes[0].active_lane.lane_instance.i_fpnew_cast_multi/rounded_uint_res0[27]
    SLICE_X76Y37         LUT5 (Prop_lut5_I1_O)        0.302    19.657 f  ex_stage_i/fpu_gen.fpu_i/fpu_gen.i_fpnew_bulk/gen_operation_groups[3].i_opgroup_block/gen_merged_slice.i_multifmt_slice/gen_num_lanes[0].active_lane.lane_instance.i_fpnew_cast_multi/rvfi_probes_o[instr][wbdata][3][30]_INST_0_i_230/O
                         net (fo=1, routed)           0.492    20.149    ex_stage_i/fpu_gen.fpu_i/fpu_gen.i_fpnew_bulk/gen_operation_groups[3].i_opgroup_block/gen_merged_slice.i_multifmt_slice/gen_num_lanes[0].active_lane.lane_instance.i_fpnew_cast_multi/rvfi_probes_o[instr][wbdata][3][30]_INST_0_i_230_n_0
    SLICE_X76Y36         LUT6 (Prop_lut6_I5_O)        0.124    20.273 f  ex_stage_i/fpu_gen.fpu_i/fpu_gen.i_fpnew_bulk/gen_operation_groups[3].i_opgroup_block/gen_merged_slice.i_multifmt_slice/gen_num_lanes[0].active_lane.lane_instance.i_fpnew_cast_multi/rvfi_probes_o[instr][wbdata][3][30]_INST_0_i_204/O
                         net (fo=1, routed)           0.566    20.839    ex_stage_i/fpu_gen.fpu_i/fpu_gen.i_fpnew_bulk/gen_operation_groups[3].i_opgroup_block/gen_merged_slice.i_multifmt_slice/gen_num_lanes[0].active_lane.lane_instance.i_fpnew_cast_multi/rvfi_probes_o[instr][wbdata][3][30]_INST_0_i_204_n_0
    SLICE_X79Y33         LUT6 (Prop_lut6_I2_O)        0.124    20.963 f  ex_stage_i/fpu_gen.fpu_i/fpu_gen.i_fpnew_bulk/gen_operation_groups[3].i_opgroup_block/gen_merged_slice.i_multifmt_slice/gen_num_lanes[0].active_lane.lane_instance.i_fpnew_cast_multi/rvfi_probes_o[instr][wbdata][3][30]_INST_0_i_160/O
                         net (fo=1, routed)           0.318    21.281    ex_stage_i/fpu_gen.fpu_i/fpu_gen.i_fpnew_bulk/gen_operation_groups[3].i_opgroup_block/gen_merged_slice.i_multifmt_slice/gen_num_lanes[0].active_lane.lane_instance.i_fpnew_cast_multi/rvfi_probes_o[instr][wbdata][3][30]_INST_0_i_160_n_0
    SLICE_X80Y33         LUT6 (Prop_lut6_I1_O)        0.124    21.405 f  ex_stage_i/fpu_gen.fpu_i/fpu_gen.i_fpnew_bulk/gen_operation_groups[3].i_opgroup_block/gen_merged_slice.i_multifmt_slice/gen_num_lanes[0].active_lane.lane_instance.i_fpnew_cast_multi/rvfi_probes_o[instr][wbdata][3][30]_INST_0_i_97/O
                         net (fo=1, routed)           0.291    21.696    ex_stage_i/fpu_gen.fpu_i/fpu_gen.i_fpnew_bulk/gen_operation_groups[3].i_opgroup_block/gen_merged_slice.i_multifmt_slice/gen_num_lanes[0].active_lane.lane_instance.i_fpnew_cast_multi/rvfi_probes_o[instr][wbdata][3][30]_INST_0_i_97_n_0
    SLICE_X81Y33         LUT4 (Prop_lut4_I2_O)        0.124    21.820 f  ex_stage_i/fpu_gen.fpu_i/fpu_gen.i_fpnew_bulk/gen_operation_groups[3].i_opgroup_block/gen_merged_slice.i_multifmt_slice/gen_num_lanes[0].active_lane.lane_instance.i_fpnew_cast_multi/rvfi_probes_o[instr][wbdata][3][30]_INST_0_i_55/O
                         net (fo=1, routed)           0.151    21.971    ex_stage_i/fpu_gen.fpu_i/fpu_gen.i_fpnew_bulk/gen_operation_groups[3].i_opgroup_block/gen_merged_slice.i_multifmt_slice/gen_num_lanes[0].active_lane.lane_instance.i_fpnew_cast_multi/rvfi_probes_o[instr][wbdata][3][30]_INST_0_i_55_n_0
    SLICE_X81Y33         LUT6 (Prop_lut6_I1_O)        0.124    22.095 r  ex_stage_i/fpu_gen.fpu_i/fpu_gen.i_fpnew_bulk/gen_operation_groups[3].i_opgroup_block/gen_merged_slice.i_multifmt_slice/gen_num_lanes[0].active_lane.lane_instance.i_fpnew_cast_multi/rvfi_probes_o[instr][wbdata][3][30]_INST_0_i_37/O
                         net (fo=3, routed)           0.548    22.643    ex_stage_i/fpu_gen.fpu_i/fpu_gen.i_fpnew_bulk/gen_operation_groups[3].i_opgroup_block/gen_merged_slice.i_multifmt_slice/gen_num_lanes[0].active_lane.lane_instance.i_fpnew_cast_multi/rvfi_probes_o[instr][wbdata][3][30]_INST_0_i_37_n_0
    SLICE_X75Y33         LUT6 (Prop_lut6_I1_O)        0.124    22.767 f  ex_stage_i/fpu_gen.fpu_i/fpu_gen.i_fpnew_bulk/gen_operation_groups[3].i_opgroup_block/gen_merged_slice.i_multifmt_slice/gen_num_lanes[0].active_lane.lane_instance.i_fpnew_cast_multi/rvfi_probes_o[instr][wbdata][3][30]_INST_0_i_19/O
                         net (fo=33, routed)          0.770    23.536    ex_stage_i/fpu_gen.fpu_i/fpu_gen.i_fpnew_bulk/gen_operation_groups[3].i_opgroup_block/gen_merged_slice.i_multifmt_slice/gen_num_lanes[0].active_lane.lane_instance.i_fpnew_cast_multi/rvfi_probes_o[instr][wbdata][3][30]_INST_0_i_19_n_0
    SLICE_X75Y32         LUT6 (Prop_lut6_I0_O)        0.124    23.660 r  ex_stage_i/fpu_gen.fpu_i/fpu_gen.i_fpnew_bulk/gen_operation_groups[3].i_opgroup_block/gen_merged_slice.i_multifmt_slice/gen_num_lanes[0].active_lane.lane_instance.i_fpnew_cast_multi/rvfi_probes_o[instr][wbdata][3][13]_INST_0_i_4/O
                         net (fo=1, routed)           0.586    24.247    ex_stage_i/fpu_gen.fpu_i/fpu_gen.i_fpnew_bulk/gen_operation_groups[3].i_opgroup_block/gen_merged_slice.i_multifmt_slice/gen_num_lanes[0].active_lane.lane_instance.i_fpnew_cast_multi/rvfi_probes_o[instr][wbdata][3][13]_INST_0_i_4_n_0
    SLICE_X70Y32         LUT5 (Prop_lut5_I2_O)        0.124    24.371 r  ex_stage_i/fpu_gen.fpu_i/fpu_gen.i_fpnew_bulk/gen_operation_groups[3].i_opgroup_block/gen_merged_slice.i_multifmt_slice/gen_num_lanes[0].active_lane.lane_instance.i_fpnew_cast_multi/rvfi_probes_o[instr][wbdata][3][13]_INST_0_i_1/O
                         net (fo=1, routed)           0.591    24.961    ex_stage_i/fpu_gen.fpu_i/fpu_gen.i_fpnew_bulk/i_arbiter/opgrp_outputs[3][result][13]
    SLICE_X67Y30         LUT6 (Prop_lut6_I0_O)        0.124    25.085 r  ex_stage_i/fpu_gen.fpu_i/fpu_gen.i_fpnew_bulk/i_arbiter/rvfi_probes_o[instr][wbdata][3][13]_INST_0/O
                         net (fo=7, routed)           0.763    25.848    issue_stage_i/i_scoreboard/fu_data_q[0][imm][13]_i_2_0
    SLICE_X59Y29         LUT6 (Prop_lut6_I3_O)        0.124    25.972 r  issue_stage_i/i_scoreboard/rvfi_probes_o[instr][rs1][0][13]_INST_0_i_4/O
                         net (fo=1, routed)           0.154    26.126    issue_stage_i/i_scoreboard/rvfi_probes_o[instr][rs1][0][13]_INST_0_i_4_n_0
    SLICE_X59Y29         LUT6 (Prop_lut6_I5_O)        0.124    26.250 r  issue_stage_i/i_scoreboard/rvfi_probes_o[instr][rs1][0][13]_INST_0_i_1/O
                         net (fo=1, routed)           0.423    26.673    id_stage_i/rs1_res[0]_1[13]
    SLICE_X56Y29         LUT6 (Prop_lut6_I3_O)        0.124    26.797 r  id_stage_i/rvfi_probes_o[instr][rs1][0][13]_INST_0/O
                         net (fo=1, routed)           0.000    26.797    issue_stage_i/i_issue_read_operands/rvfi_probes_o[instr][rs1][0][13]
    SLICE_X56Y29         FDCE                                         r  issue_stage_i/i_issue_read_operands/fu_data_q_reg[0][operand_a][13]/D
  -------------------------------------------------------------------    -------------------

                         (clock clk_i rise edge)     25.000    25.000 r  
                                                      0.000    25.000 r  clk_i (IN)
                         net (fo=6832, unset)         0.924    25.924    issue_stage_i/i_issue_read_operands/clk_i
    SLICE_X56Y29         FDCE                                         r  issue_stage_i/i_issue_read_operands/fu_data_q_reg[0][operand_a][13]/C
                         clock pessimism              0.000    25.924    
                         clock uncertainty           -0.035    25.889    
    SLICE_X56Y29         FDCE (Setup_fdce_C_D)        0.029    25.918    issue_stage_i/i_issue_read_operands/fu_data_q_reg[0][operand_a][13]
  -------------------------------------------------------------------
                         required time                         25.918    
                         arrival time                         -26.797    
  -------------------------------------------------------------------
                         slack                                 -0.879    

Slack (VIOLATED) :        -0.848ns  (required time - arrival time)
  Source:                 ex_stage_i/fpu_gen.fpu_i/fpu_gen.i_fpnew_bulk/gen_operation_groups[3].i_opgroup_block/gen_merged_slice.i_multifmt_slice/gen_num_lanes[0].active_lane.lane_instance.i_fpnew_cast_multi/gen_inside_pipeline[0].mid_pipe_dst_fmt_q_reg[1][2]/C
                            (rising edge-triggered cell FDCE clocked by clk_i  {rise@0.000ns fall@12.500ns period=25.000ns})
  Destination:            issue_stage_i/i_issue_read_operands/fu_data_q_reg[0][operand_b][23]/D
                            (rising edge-triggered cell FDCE clocked by clk_i  {rise@0.000ns fall@12.500ns period=25.000ns})
  Path Group:             clk_i
  Path Type:              Setup (Max at Slow Process Corner)
  Requirement:            25.000ns  (clk_i rise@25.000ns - clk_i rise@0.000ns)
  Data Path Delay:        25.793ns  (logic 8.910ns (34.545%)  route 16.883ns (65.455%))
  Logic Levels:           40  (CARRY4=12 LUT1=1 LUT2=2 LUT3=3 LUT4=3 LUT5=3 LUT6=15 MUXF7=1)
  Clock Path Skew:        -0.049ns (DCD - SCD + CPR)
    Destination Clock Delay (DCD):    0.924ns = ( 25.924 - 25.000 ) 
    Source Clock Delay      (SCD):    0.973ns
    Clock Pessimism Removal (CPR):    0.000ns
  Clock Uncertainty:      0.035ns  ((TSJ^2 + TIJ^2)^1/2 + DJ) / 2 + PE
    Total System Jitter     (TSJ):    0.071ns
    Total Input Jitter      (TIJ):    0.000ns
    Discrete Jitter          (DJ):    0.000ns
    Phase Error              (PE):    0.000ns

    Location             Delay type                Incr(ns)  Path(ns)    Netlist Resource(s)
  -------------------------------------------------------------------    -------------------
                         (clock clk_i rise edge)      0.000     0.000 r  
                                                      0.000     0.000 r  clk_i (IN)
                         net (fo=6832, unset)         0.973     0.973    ex_stage_i/fpu_gen.fpu_i/fpu_gen.i_fpnew_bulk/gen_operation_groups[3].i_opgroup_block/gen_merged_slice.i_multifmt_slice/gen_num_lanes[0].active_lane.lane_instance.i_fpnew_cast_multi/clk_i
    SLICE_X85Y28         FDCE                                         r  ex_stage_i/fpu_gen.fpu_i/fpu_gen.i_fpnew_bulk/gen_operation_groups[3].i_opgroup_block/gen_merged_slice.i_multifmt_slice/gen_num_lanes[0].active_lane.lane_instance.i_fpnew_cast_multi/gen_inside_pipeline[0].mid_pipe_dst_fmt_q_reg[1][2]/C
  -------------------------------------------------------------------    -------------------
    SLICE_X85Y28         FDCE (Prop_fdce_C_Q)         0.456     1.429 r  ex_stage_i/fpu_gen.fpu_i/fpu_gen.i_fpnew_bulk/gen_operation_groups[3].i_opgroup_block/gen_merged_slice.i_multifmt_slice/gen_num_lanes[0].active_lane.lane_instance.i_fpnew_cast_multi/gen_inside_pipeline[0].mid_pipe_dst_fmt_q_reg[1][2]/Q
                         net (fo=147, routed)         0.494     1.923    ex_stage_i/fpu_gen.fpu_i/fpu_gen.i_fpnew_bulk/gen_operation_groups[3].i_opgroup_block/gen_merged_slice.i_multifmt_slice/gen_num_lanes[0].active_lane.lane_instance.i_fpnew_cast_multi/gen_inside_pipeline[0].mid_pipe_dst_fmt_q_reg_n_0_[1][2]
    SLICE_X84Y28         LUT3 (Prop_lut3_I0_O)        0.124     2.047 r  ex_stage_i/fpu_gen.fpu_i/fpu_gen.i_fpnew_bulk/gen_operation_groups[3].i_opgroup_block/gen_merged_slice.i_multifmt_slice/gen_num_lanes[0].active_lane.lane_instance.i_fpnew_cast_multi/of_before_round1__7_carry_i_1/O
                         net (fo=8, routed)           0.344     2.391    ex_stage_i/fpu_gen.fpu_i/fpu_gen.i_fpnew_bulk/gen_operation_groups[3].i_opgroup_block/gen_merged_slice.i_multifmt_slice/gen_num_lanes[0].active_lane.lane_instance.i_fpnew_cast_multi/of_before_round1__7_carry_i_1_n_0
    SLICE_X85Y29         CARRY4 (Prop_carry4_CYINIT_CO[3])
                                                      0.580     2.971 r  ex_stage_i/fpu_gen.fpu_i/fpu_gen.i_fpnew_bulk/gen_operation_groups[3].i_opgroup_block/gen_merged_slice.i_multifmt_slice/gen_num_lanes[0].active_lane.lane_instance.i_fpnew_cast_multi/of_before_round1__7_carry/CO[3]
                         net (fo=5, routed)           1.003     3.974    ex_stage_i/fpu_gen.fpu_i/fpu_gen.i_fpnew_bulk/gen_operation_groups[3].i_opgroup_block/gen_merged_slice.i_multifmt_slice/gen_num_lanes[0].active_lane.lane_instance.i_fpnew_cast_multi/of_before_round1__7_carry_n_0
    SLICE_X82Y29         CARRY4 (Prop_carry4_CYINIT_CO[2])
                                                      0.608     4.582 r  ex_stage_i/fpu_gen.fpu_i/fpu_gen.i_fpnew_bulk/gen_operation_groups[3].i_opgroup_block/gen_merged_slice.i_multifmt_slice/gen_num_lanes[0].active_lane.lane_instance.i_fpnew_cast_multi/of_before_round0_carry__0_i_9/CO[2]
                         net (fo=20, routed)          0.689     5.271    ex_stage_i/fpu_gen.fpu_i/fpu_gen.i_fpnew_bulk/gen_operation_groups[3].i_opgroup_block/gen_merged_slice.i_multifmt_slice/gen_num_lanes[0].active_lane.lane_instance.i_fpnew_cast_multi/of_before_round0_carry__0_i_9_n_1
    SLICE_X83Y31         LUT2 (Prop_lut2_I0_O)        0.310     5.581 r  ex_stage_i/fpu_gen.fpu_i/fpu_gen.i_fpnew_bulk/gen_operation_groups[3].i_opgroup_block/gen_merged_slice.i_multifmt_slice/gen_num_lanes[0].active_lane.lane_instance.i_fpnew_cast_multi/of_before_round0_carry__1_i_7/O
                         net (fo=1, routed)           0.000     5.581    ex_stage_i/fpu_gen.fpu_i/fpu_gen.i_fpnew_bulk/gen_operation_groups[3].i_opgroup_block/gen_merged_slice.i_multifmt_slice/gen_num_lanes[0].active_lane.lane_instance.i_fpnew_cast_multi/of_before_round0_carry__1_i_7_n_0
    SLICE_X83Y31         CARRY4 (Prop_carry4_S[1]_CO[3])
                                                      0.550     6.131 r  ex_stage_i/fpu_gen.fpu_i/fpu_gen.i_fpnew_bulk/gen_operation_groups[3].i_opgroup_block/gen_merged_slice.i_multifmt_slice/gen_num_lanes[0].active_lane.lane_instance.i_fpnew_cast_multi/of_before_round0_carry__1/CO[3]
                         net (fo=1, routed)           0.000     6.131    ex_stage_i/fpu_gen.fpu_i/fpu_gen.i_fpnew_bulk/gen_operation_groups[3].i_opgroup_block/gen_merged_slice.i_multifmt_slice/gen_num_lanes[0].active_lane.lane_instance.i_fpnew_cast_multi/of_before_round0_carry__1_n_0
    SLICE_X83Y32         CARRY4 (Prop_carry4_CI_CO[3])
                                                      0.114     6.245 f  ex_stage_i/fpu_gen.fpu_i/fpu_gen.i_fpnew_bulk/gen_operation_groups[3].i_opgroup_block/gen_merged_slice.i_multifmt_slice/gen_num_lanes[0].active_lane.lane_instance.i_fpnew_cast_multi/of_before_round0_carry__2/CO[3]
                         net (fo=34, routed)          1.047     7.292    ex_stage_i/fpu_gen.fpu_i/fpu_gen.i_fpnew_bulk/gen_operation_groups[3].i_opgroup_block/gen_merged_slice.i_multifmt_slice/gen_num_lanes[0].active_lane.lane_instance.i_fpnew_cast_multi/of_before_round0__16
    SLICE_X86Y32         LUT3 (Prop_lut3_I0_O)        0.124     7.416 r  ex_stage_i/fpu_gen.fpu_i/fpu_gen.i_fpnew_bulk/gen_operation_groups[3].i_opgroup_block/gen_merged_slice.i_multifmt_slice/gen_num_lanes[0].active_lane.lane_instance.i_fpnew_cast_multi/rvfi_probes_o[instr][wbdata][3][30]_INST_0_i_146/O
                         net (fo=7, routed)           0.463     7.879    ex_stage_i/fpu_gen.fpu_i/fpu_gen.i_fpnew_bulk/gen_operation_groups[3].i_opgroup_block/gen_merged_slice.i_multifmt_slice/gen_num_lanes[0].active_lane.lane_instance.i_fpnew_cast_multi/rvfi_probes_o[instr][wbdata][3][30]_INST_0_i_146_n_0
    SLICE_X86Y33         LUT6 (Prop_lut6_I3_O)        0.124     8.003 r  ex_stage_i/fpu_gen.fpu_i/fpu_gen.i_fpnew_bulk/gen_operation_groups[3].i_opgroup_block/gen_merged_slice.i_multifmt_slice/gen_num_lanes[0].active_lane.lane_instance.i_fpnew_cast_multi/rvfi_probes_o[instr][wbdata][3][30]_INST_0_i_140/O
                         net (fo=87, routed)          1.139     9.141    ex_stage_i/fpu_gen.fpu_i/fpu_gen.i_fpnew_bulk/gen_operation_groups[3].i_opgroup_block/gen_merged_slice.i_multifmt_slice/gen_num_lanes[0].active_lane.lane_instance.i_fpnew_cast_multi/rvfi_probes_o[instr][wbdata][3][30]_INST_0_i_140_n_0
    SLICE_X87Y37         LUT6 (Prop_lut6_I5_O)        0.124     9.265 r  ex_stage_i/fpu_gen.fpu_i/fpu_gen.i_fpnew_bulk/gen_operation_groups[3].i_opgroup_block/gen_merged_slice.i_multifmt_slice/gen_num_lanes[0].active_lane.lane_instance.i_fpnew_cast_multi/mem_q[0][sbe][ex][cause][1]_i_101/O
                         net (fo=2, routed)           0.606     9.872    ex_stage_i/fpu_gen.fpu_i/fpu_gen.i_fpnew_bulk/gen_operation_groups[3].i_opgroup_block/gen_merged_slice.i_multifmt_slice/gen_num_lanes[0].active_lane.lane_instance.i_fpnew_cast_multi/mem_q[0][sbe][ex][cause][1]_i_101_n_0
    SLICE_X86Y37         LUT4 (Prop_lut4_I3_O)        0.124     9.996 r  ex_stage_i/fpu_gen.fpu_i/fpu_gen.i_fpnew_bulk/gen_operation_groups[3].i_opgroup_block/gen_merged_slice.i_multifmt_slice/gen_num_lanes[0].active_lane.lane_instance.i_fpnew_cast_multi/mem_q[0][sbe][ex][cause][1]_i_58/O
                         net (fo=3, routed)           0.641    10.637    ex_stage_i/fpu_gen.fpu_i/fpu_gen.i_fpnew_bulk/gen_operation_groups[3].i_opgroup_block/gen_merged_slice.i_multifmt_slice/gen_num_lanes[0].active_lane.lane_instance.i_fpnew_cast_multi/mem_q[0][sbe][ex][cause][1]_i_58_n_0
    SLICE_X83Y36         LUT5 (Prop_lut5_I3_O)        0.124    10.761 r  ex_stage_i/fpu_gen.fpu_i/fpu_gen.i_fpnew_bulk/gen_operation_groups[3].i_opgroup_block/gen_merged_slice.i_multifmt_slice/gen_num_lanes[0].active_lane.lane_instance.i_fpnew_cast_multi/mem_q[0][sbe][ex][cause][1]_i_68/O
                         net (fo=2, routed)           0.814    11.575    ex_stage_i/fpu_gen.fpu_i/fpu_gen.i_fpnew_bulk/gen_operation_groups[3].i_opgroup_block/gen_merged_slice.i_multifmt_slice/gen_num_lanes[0].active_lane.lane_instance.i_fpnew_cast_multi/mem_q[0][sbe][ex][cause][1]_i_68_n_0
    SLICE_X82Y36         LUT3 (Prop_lut3_I2_O)        0.146    11.721 r  ex_stage_i/fpu_gen.fpu_i/fpu_gen.i_fpnew_bulk/gen_operation_groups[3].i_opgroup_block/gen_merged_slice.i_multifmt_slice/gen_num_lanes[0].active_lane.lane_instance.i_fpnew_cast_multi/mem_q[0][sbe][ex][cause][1]_i_44/O
                         net (fo=2, routed)           0.844    12.565    ex_stage_i/fpu_gen.fpu_i/fpu_gen.i_fpnew_bulk/gen_operation_groups[3].i_opgroup_block/gen_merged_slice.i_multifmt_slice/gen_num_lanes[0].active_lane.lane_instance.i_fpnew_cast_multi/mem_q[0][sbe][ex][cause][1]_i_44_n_0
    SLICE_X81Y35         LUT6 (Prop_lut6_I4_O)        0.328    12.893 r  ex_stage_i/fpu_gen.fpu_i/fpu_gen.i_fpnew_bulk/gen_operation_groups[3].i_opgroup_block/gen_merged_slice.i_multifmt_slice/gen_num_lanes[0].active_lane.lane_instance.i_fpnew_cast_multi/mem_q[0][sbe][ex][cause][1]_i_27/O
                         net (fo=1, routed)           0.797    13.690    ex_stage_i/fpu_gen.fpu_i/fpu_gen.i_fpnew_bulk/gen_operation_groups[3].i_opgroup_block/gen_merged_slice.i_multifmt_slice/gen_num_lanes[0].active_lane.lane_instance.i_fpnew_cast_multi/mem_q[0][sbe][ex][cause][1]_i_27_n_0
    SLICE_X81Y36         LUT6 (Prop_lut6_I0_O)        0.124    13.814 f  ex_stage_i/fpu_gen.fpu_i/fpu_gen.i_fpnew_bulk/gen_operation_groups[3].i_opgroup_block/gen_merged_slice.i_multifmt_slice/gen_num_lanes[0].active_lane.lane_instance.i_fpnew_cast_multi/mem_q[0][sbe][ex][cause][1]_i_18/O
                         net (fo=4, routed)           0.464    14.277    ex_stage_i/fpu_gen.fpu_i/fpu_gen.i_fpnew_bulk/gen_operation_groups[3].i_opgroup_block/gen_merged_slice.i_multifmt_slice/gen_num_lanes[0].active_lane.lane_instance.i_fpnew_cast_multi/mem_q[0][sbe][ex][cause][1]_i_18_n_0
    SLICE_X80Y34         LUT4 (Prop_lut4_I3_O)        0.124    14.401 r  ex_stage_i/fpu_gen.fpu_i/fpu_gen.i_fpnew_bulk/gen_operation_groups[3].i_opgroup_block/gen_merged_slice.i_multifmt_slice/gen_num_lanes[0].active_lane.lane_instance.i_fpnew_cast_multi/rvfi_probes_o[instr][wbdata][3][0]_INST_0_i_52/O
                         net (fo=2, routed)           0.510    14.911    ex_stage_i/fpu_gen.fpu_i/fpu_gen.i_fpnew_bulk/gen_operation_groups[3].i_opgroup_block/gen_merged_slice.i_multifmt_slice/gen_num_lanes[0].active_lane.lane_instance.i_fpnew_cast_multi/rvfi_probes_o[instr][wbdata][3][0]_INST_0_i_52_n_0
    SLICE_X79Y30         LUT2 (Prop_lut2_I0_O)        0.124    15.035 r  ex_stage_i/fpu_gen.fpu_i/fpu_gen.i_fpnew_bulk/gen_operation_groups[3].i_opgroup_block/gen_merged_slice.i_multifmt_slice/gen_num_lanes[0].active_lane.lane_instance.i_fpnew_cast_multi/rvfi_probes_o[instr][wbdata][3][0]_INST_0_i_32/O
                         net (fo=1, routed)           0.426    15.462    ex_stage_i/fpu_gen.fpu_i/fpu_gen.i_fpnew_bulk/gen_operation_groups[3].i_opgroup_block/gen_merged_slice.i_multifmt_slice/gen_num_lanes[0].active_lane.lane_instance.i_fpnew_cast_multi/rvfi_probes_o[instr][wbdata][3][0]_INST_0_i_32_n_0
    SLICE_X78Y30         LUT6 (Prop_lut6_I0_O)        0.124    15.586 r  ex_stage_i/fpu_gen.fpu_i/fpu_gen.i_fpnew_bulk/gen_operation_groups[3].i_opgroup_block/gen_merged_slice.i_multifmt_slice/gen_num_lanes[0].active_lane.lane_instance.i_fpnew_cast_multi/rvfi_probes_o[instr][wbdata][3][0]_INST_0_i_19/O
                         net (fo=1, routed)           0.000    15.586    ex_stage_i/fpu_gen.fpu_i/fpu_gen.i_fpnew_bulk/gen_operation_groups[3].i_opgroup_block/gen_merged_slice.i_multifmt_slice/gen_num_lanes[0].active_lane.lane_instance.i_fpnew_cast_multi/rvfi_probes_o[instr][wbdata][3][0]_INST_0_i_19_n_0
    SLICE_X78Y30         CARRY4 (Prop_carry4_S[0]_CO[3])
                                                      0.532    16.118 r  ex_stage_i/fpu_gen.fpu_i/fpu_gen.i_fpnew_bulk/gen_operation_groups[3].i_opgroup_block/gen_merged_slice.i_multifmt_slice/gen_num_lanes[0].active_lane.lane_instance.i_fpnew_cast_multi/rvfi_probes_o[instr][wbdata][3][0]_INST_0_i_8/CO[3]
                         net (fo=1, routed)           0.000    16.118    ex_stage_i/fpu_gen.fpu_i/fpu_gen.i_fpnew_bulk/gen_operation_groups[3].i_opgroup_block/gen_merged_slice.i_multifmt_slice/gen_num_lanes[0].active_lane.lane_instance.i_fpnew_cast_multi/rvfi_probes_o[instr][wbdata][3][0]_INST_0_i_8_n_0
    SLICE_X78Y31         CARRY4 (Prop_carry4_CI_O[1])
                                                      0.334    16.452 f  ex_stage_i/fpu_gen.fpu_i/fpu_gen.i_fpnew_bulk/gen_operation_groups[3].i_opgroup_block/gen_merged_slice.i_multifmt_slice/gen_num_lanes[0].active_lane.lane_instance.i_fpnew_cast_multi/rvfi_probes_o[instr][wbdata][3][7]_INST_0_i_16/O[1]
                         net (fo=4, routed)           0.591    17.043    ex_stage_i/fpu_gen.fpu_i/fpu_gen.i_fpnew_bulk/gen_operation_groups[3].i_opgroup_block/gen_merged_slice.i_multifmt_slice/gen_num_lanes[0].active_lane.lane_instance.i_fpnew_cast_multi/rounded_abs[5]
    SLICE_X77Y31         LUT1 (Prop_lut1_I0_O)        0.303    17.346 r  ex_stage_i/fpu_gen.fpu_i/fpu_gen.i_fpnew_bulk/gen_operation_groups[3].i_opgroup_block/gen_merged_slice.i_multifmt_slice/gen_num_lanes[0].active_lane.lane_instance.i_fpnew_cast_multi/rvfi_probes_o[instr][wbdata][3][8]_INST_0_i_12/O
                         net (fo=1, routed)           0.000    17.346    ex_stage_i/fpu_gen.fpu_i/fpu_gen.i_fpnew_bulk/gen_operation_groups[3].i_opgroup_block/gen_merged_slice.i_multifmt_slice/gen_num_lanes[0].active_lane.lane_instance.i_fpnew_cast_multi/rvfi_probes_o[instr][wbdata][3][8]_INST_0_i_12_n_0
    SLICE_X77Y31         CARRY4 (Prop_carry4_S[0]_CO[3])
                                                      0.532    17.878 r  ex_stage_i/fpu_gen.fpu_i/fpu_gen.i_fpnew_bulk/gen_operation_groups[3].i_opgroup_block/gen_merged_slice.i_multifmt_slice/gen_num_lanes[0].active_lane.lane_instance.i_fpnew_cast_multi/rvfi_probes_o[instr][wbdata][3][8]_INST_0_i_8/CO[3]
                         net (fo=1, routed)           0.000    17.878    ex_stage_i/fpu_gen.fpu_i/fpu_gen.i_fpnew_bulk/gen_operation_groups[3].i_opgroup_block/gen_merged_slice.i_multifmt_slice/gen_num_lanes[0].active_lane.lane_instance.i_fpnew_cast_multi/rvfi_probes_o[instr][wbdata][3][8]_INST_0_i_8_n_0
    SLICE_X77Y32         CARRY4 (Prop_carry4_CI_CO[3])
                                                      0.114    17.992 r  ex_stage_i/fpu_gen.fpu_i/fpu_gen.i_fpnew_bulk/gen_operation_groups[3].i_opgroup_block/gen_merged_slice.i_multifmt_slice/gen_num_lanes[0].active_lane.lane_instance.i_fpnew_cast_multi/rvfi_probes_o[instr][wbdata][3][12]_INST_0_i_7/CO[3]
                         net (fo=1, routed)           0.000    17.992    ex_stage_i/fpu_gen.fpu_i/fpu_gen.i_fpnew_bulk/gen_operation_groups[3].i_opgroup_block/gen_merged_slice.i_multifmt_slice/gen_num_lanes[0].active_lane.lane_instance.i_fpnew_cast_multi/rvfi_probes_o[instr][wbdata][3][12]_INST_0_i_7_n_0
    SLICE_X77Y33         CARRY4 (Prop_carry4_CI_CO[3])
                                                      0.114    18.106 r  ex_stage_i/fpu_gen.fpu_i/fpu_gen.i_fpnew_bulk/gen_operation_groups[3].i_opgroup_block/gen_merged_slice.i_multifmt_slice/gen_num_lanes[0].active_lane.lane_instance.i_fpnew_cast_multi/rvfi_probes_o[instr][wbdata][3][16]_INST_0_i_7/CO[3]
                         net (fo=1, routed)           0.000    18.106    ex_stage_i/fpu_gen.fpu_i/fpu_gen.i_fpnew_bulk/gen_operation_groups[3].i_opgroup_block/gen_merged_slice.i_multifmt_slice/gen_num_lanes[0].active_lane.lane_instance.i_fpnew_cast_multi/rvfi_probes_o[instr][wbdata][3][16]_INST_0_i_7_n_0
    SLICE_X77Y34         CARRY4 (Prop_carry4_CI_CO[3])
                                                      0.114    18.220 r  ex_stage_i/fpu_gen.fpu_i/fpu_gen.i_fpnew_bulk/gen_operation_groups[3].i_opgroup_block/gen_merged_slice.i_multifmt_slice/gen_num_lanes[0].active_lane.lane_instance.i_fpnew_cast_multi/rvfi_probes_o[instr][wbdata][3][20]_INST_0_i_8/CO[3]
                         net (fo=1, routed)           0.000    18.220    ex_stage_i/fpu_gen.fpu_i/fpu_gen.i_fpnew_bulk/gen_operation_groups[3].i_opgroup_block/gen_merged_slice.i_multifmt_slice/gen_num_lanes[0].active_lane.lane_instance.i_fpnew_cast_multi/rvfi_probes_o[instr][wbdata][3][20]_INST_0_i_8_n_0
    SLICE_X77Y35         CARRY4 (Prop_carry4_CI_CO[3])
                                                      0.114    18.334 r  ex_stage_i/fpu_gen.fpu_i/fpu_gen.i_fpnew_bulk/gen_operation_groups[3].i_opgroup_block/gen_merged_slice.i_multifmt_slice/gen_num_lanes[0].active_lane.lane_instance.i_fpnew_cast_multi/rvfi_probes_o[instr][wbdata][3][24]_INST_0_i_9/CO[3]
                         net (fo=1, routed)           0.000    18.334    ex_stage_i/fpu_gen.fpu_i/fpu_gen.i_fpnew_bulk/gen_operation_groups[3].i_opgroup_block/gen_merged_slice.i_multifmt_slice/gen_num_lanes[0].active_lane.lane_instance.i_fpnew_cast_multi/rvfi_probes_o[instr][wbdata][3][24]_INST_0_i_9_n_0
    SLICE_X77Y36         CARRY4 (Prop_carry4_CI_O[2])
                                                      0.239    18.573 r  ex_stage_i/fpu_gen.fpu_i/fpu_gen.i_fpnew_bulk/gen_operation_groups[3].i_opgroup_block/gen_merged_slice.i_multifmt_slice/gen_num_lanes[0].active_lane.lane_instance.i_fpnew_cast_multi/rvfi_probes_o[instr][wbdata][3][28]_INST_0_i_9/O[2]
                         net (fo=2, routed)           0.782    19.355    ex_stage_i/fpu_gen.fpu_i/fpu_gen.i_fpnew_bulk/gen_operation_groups[3].i_opgroup_block/gen_merged_slice.i_multifmt_slice/gen_num_lanes[0].active_lane.lane_instance.i_fpnew_cast_multi/rounded_uint_res0[27]
    SLICE_X76Y37         LUT5 (Prop_lut5_I1_O)        0.302    19.657 r  ex_stage_i/fpu_gen.fpu_i/fpu_gen.i_fpnew_bulk/gen_operation_groups[3].i_opgroup_block/gen_merged_slice.i_multifmt_slice/gen_num_lanes[0].active_lane.lane_instance.i_fpnew_cast_multi/rvfi_probes_o[instr][wbdata][3][30]_INST_0_i_230/O
                         net (fo=1, routed)           0.492    20.149    ex_stage_i/fpu_gen.fpu_i/fpu_gen.i_fpnew_bulk/gen_operation_groups[3].i_opgroup_block/gen_merged_slice.i_multifmt_slice/gen_num_lanes[0].active_lane.lane_instance.i_fpnew_cast_multi/rvfi_probes_o[instr][wbdata][3][30]_INST_0_i_230_n_0
    SLICE_X76Y36         LUT6 (Prop_lut6_I5_O)        0.124    20.273 r  ex_stage_i/fpu_gen.fpu_i/fpu_gen.i_fpnew_bulk/gen_operation_groups[3].i_opgroup_block/gen_merged_slice.i_multifmt_slice/gen_num_lanes[0].active_lane.lane_instance.i_fpnew_cast_multi/rvfi_probes_o[instr][wbdata][3][30]_INST_0_i_204/O
                         net (fo=1, routed)           0.566    20.839    ex_stage_i/fpu_gen.fpu_i/fpu_gen.i_fpnew_bulk/gen_operation_groups[3].i_opgroup_block/gen_merged_slice.i_multifmt_slice/gen_num_lanes[0].active_lane.lane_instance.i_fpnew_cast_multi/rvfi_probes_o[instr][wbdata][3][30]_INST_0_i_204_n_0
    SLICE_X79Y33         LUT6 (Prop_lut6_I2_O)        0.124    20.963 r  ex_stage_i/fpu_gen.fpu_i/fpu_gen.i_fpnew_bulk/gen_operation_groups[3].i_opgroup_block/gen_merged_slice.i_multifmt_slice/gen_num_lanes[0].active_lane.lane_instance.i_fpnew_cast_multi/rvfi_probes_o[instr][wbdata][3][30]_INST_0_i_160/O
                         net (fo=1, routed)           0.318    21.281    ex_stage_i/fpu_gen.fpu_i/fpu_gen.i_fpnew_bulk/gen_operation_groups[3].i_opgroup_block/gen_merged_slice.i_multifmt_slice/gen_num_lanes[0].active_lane.lane_instance.i_fpnew_cast_multi/rvfi_probes_o[instr][wbdata][3][30]_INST_0_i_160_n_0
    SLICE_X80Y33         LUT6 (Prop_lut6_I1_O)        0.124    21.405 r  ex_stage_i/fpu_gen.fpu_i/fpu_gen.i_fpnew_bulk/gen_operation_groups[3].i_opgroup_block/gen_merged_slice.i_multifmt_slice/gen_num_lanes[0].active_lane.lane_instance.i_fpnew_cast_multi/rvfi_probes_o[instr][wbdata][3][30]_INST_0_i_97/O
                         net (fo=1, routed)           0.291    21.696    ex_stage_i/fpu_gen.fpu_i/fpu_gen.i_fpnew_bulk/gen_operation_groups[3].i_opgroup_block/gen_merged_slice.i_multifmt_slice/gen_num_lanes[0].active_lane.lane_instance.i_fpnew_cast_multi/rvfi_probes_o[instr][wbdata][3][30]_INST_0_i_97_n_0
    SLICE_X81Y33         LUT4 (Prop_lut4_I2_O)        0.124    21.820 r  ex_stage_i/fpu_gen.fpu_i/fpu_gen.i_fpnew_bulk/gen_operation_groups[3].i_opgroup_block/gen_merged_slice.i_multifmt_slice/gen_num_lanes[0].active_lane.lane_instance.i_fpnew_cast_multi/rvfi_probes_o[instr][wbdata][3][30]_INST_0_i_55/O
                         net (fo=1, routed)           0.151    21.971    ex_stage_i/fpu_gen.fpu_i/fpu_gen.i_fpnew_bulk/gen_operation_groups[3].i_opgroup_block/gen_merged_slice.i_multifmt_slice/gen_num_lanes[0].active_lane.lane_instance.i_fpnew_cast_multi/rvfi_probes_o[instr][wbdata][3][30]_INST_0_i_55_n_0
    SLICE_X81Y33         LUT6 (Prop_lut6_I1_O)        0.124    22.095 f  ex_stage_i/fpu_gen.fpu_i/fpu_gen.i_fpnew_bulk/gen_operation_groups[3].i_opgroup_block/gen_merged_slice.i_multifmt_slice/gen_num_lanes[0].active_lane.lane_instance.i_fpnew_cast_multi/rvfi_probes_o[instr][wbdata][3][30]_INST_0_i_37/O
                         net (fo=3, routed)           0.493    22.588    ex_stage_i/fpu_gen.fpu_i/fpu_gen.i_fpnew_bulk/gen_operation_groups[3].i_opgroup_block/gen_merged_slice.i_multifmt_slice/gen_num_lanes[0].active_lane.lane_instance.i_fpnew_cast_multi/rvfi_probes_o[instr][wbdata][3][30]_INST_0_i_37_n_0
    SLICE_X75Y35         LUT6 (Prop_lut6_I4_O)        0.124    22.712 r  ex_stage_i/fpu_gen.fpu_i/fpu_gen.i_fpnew_bulk/gen_operation_groups[3].i_opgroup_block/gen_merged_slice.i_multifmt_slice/gen_num_lanes[0].active_lane.lane_instance.i_fpnew_cast_multi/rvfi_probes_o[instr][wbdata][3][30]_INST_0_i_21/O
                         net (fo=3, routed)           0.309    23.021    ex_stage_i/fpu_gen.fpu_i/fpu_gen.i_fpnew_bulk/gen_operation_groups[3].i_opgroup_block/gen_merged_slice.i_multifmt_slice/gen_num_lanes[0].active_lane.lane_instance.i_fpnew_cast_multi/rvfi_probes_o[instr][wbdata][3][30]_INST_0_i_21_n_0
    SLICE_X73Y35         LUT6 (Prop_lut6_I3_O)        0.124    23.145 f  ex_stage_i/fpu_gen.fpu_i/fpu_gen.i_fpnew_bulk/gen_operation_groups[3].i_opgroup_block/gen_merged_slice.i_multifmt_slice/gen_num_lanes[0].active_lane.lane_instance.i_fpnew_cast_multi/rvfi_probes_o[instr][wbdata][3][29]_INST_0_i_7/O
                         net (fo=31, routed)          0.849    23.995    ex_stage_i/fpu_gen.fpu_i/fpu_gen.i_fpnew_bulk/gen_operation_groups[3].i_opgroup_block/gen_merged_slice.i_multifmt_slice/gen_num_lanes[0].active_lane.lane_instance.i_fpnew_cast_multi/rvfi_probes_o[instr][wbdata][3][29]_INST_0_i_7_n_0
    SLICE_X68Y34         LUT5 (Prop_lut5_I3_O)        0.124    24.119 r  ex_stage_i/fpu_gen.fpu_i/fpu_gen.i_fpnew_bulk/gen_operation_groups[3].i_opgroup_block/gen_merged_slice.i_multifmt_slice/gen_num_lanes[0].active_lane.lane_instance.i_fpnew_cast_multi/rvfi_probes_o[instr][wbdata][3][23]_INST_0_i_4/O
                         net (fo=1, routed)           0.309    24.428    ex_stage_i/fpu_gen.fpu_i/fpu_gen.i_fpnew_bulk/gen_operation_groups[2].i_opgroup_block/gen_parallel_slices[0].active_format.i_fmt_slice/gen_num_lanes[0].active_lane.lane_instance.i_noncomp/opgrp_outputs[3][result][0]
    SLICE_X65Y34         LUT6 (Prop_lut6_I0_O)        0.124    24.552 r  ex_stage_i/fpu_gen.fpu_i/fpu_gen.i_fpnew_bulk/gen_operation_groups[2].i_opgroup_block/gen_parallel_slices[0].active_format.i_fmt_slice/gen_num_lanes[0].active_lane.lane_instance.i_noncomp/rvfi_probes_o[instr][wbdata][3][23]_INST_0_i_2/O
                         net (fo=1, routed)           0.000    24.552    ex_stage_i/fpu_gen.fpu_i/fpu_gen.i_fpnew_bulk/i_arbiter/gen_arbiter.data_nodes[2][result][1]
    SLICE_X65Y34         MUXF7 (Prop_muxf7_I1_O)      0.217    24.769 r  ex_stage_i/fpu_gen.fpu_i/fpu_gen.i_fpnew_bulk/i_arbiter/rvfi_probes_o[instr][wbdata][3][23]_INST_0/O
                         net (fo=7, routed)           0.526    25.295    issue_stage_i/i_scoreboard/fu_data_q[0][imm][23]_i_2_0
    SLICE_X65Y34         LUT6 (Prop_lut6_I3_O)        0.299    25.594 r  issue_stage_i/i_scoreboard/rvfi_probes_o[instr][rs2][0][23]_INST_0_i_5/O
                         net (fo=1, routed)           0.491    26.085    issue_stage_i/i_scoreboard/rvfi_probes_o[instr][rs2][0][23]_INST_0_i_5_n_0
    SLICE_X65Y33         LUT6 (Prop_lut6_I5_O)        0.124    26.209 r  issue_stage_i/i_scoreboard/rvfi_probes_o[instr][rs2][0][23]_INST_0_i_1/O
                         net (fo=1, routed)           0.433    26.642    issue_stage_i/i_issue_read_operands/rs2_res[0]_117[23]
    SLICE_X65Y33         LUT6 (Prop_lut6_I1_O)        0.124    26.766 r  issue_stage_i/i_issue_read_operands/fu_data_n_inferred__0/rvfi_probes_o[instr][rs2][0][23]_INST_0/O
                         net (fo=1, routed)           0.000    26.766    issue_stage_i/i_issue_read_operands/rvfi_probes_o[instr][rs2][0][23]
    SLICE_X65Y33         FDCE                                         r  issue_stage_i/i_issue_read_operands/fu_data_q_reg[0][operand_b][23]/D
  -------------------------------------------------------------------    -------------------

                         (clock clk_i rise edge)     25.000    25.000 r  
                                                      0.000    25.000 r  clk_i (IN)
                         net (fo=6832, unset)         0.924    25.924    issue_stage_i/i_issue_read_operands/clk_i
    SLICE_X65Y33         FDCE                                         r  issue_stage_i/i_issue_read_operands/fu_data_q_reg[0][operand_b][23]/C
                         clock pessimism              0.000    25.924    
                         clock uncertainty           -0.035    25.889    
    SLICE_X65Y33         FDCE (Setup_fdce_C_D)        0.029    25.918    issue_stage_i/i_issue_read_operands/fu_data_q_reg[0][operand_b][23]
  -------------------------------------------------------------------
                         required time                         25.918    
                         arrival time                         -26.766    
  -------------------------------------------------------------------
                         slack                                 -0.848    

Slack (VIOLATED) :        -0.810ns  (required time - arrival time)
  Source:                 ex_stage_i/fpu_gen.fpu_i/fpu_gen.i_fpnew_bulk/gen_operation_groups[3].i_opgroup_block/gen_merged_slice.i_multifmt_slice/gen_num_lanes[0].active_lane.lane_instance.i_fpnew_cast_multi/gen_inside_pipeline[0].mid_pipe_dst_fmt_q_reg[1][2]/C
                            (rising edge-triggered cell FDCE clocked by clk_i  {rise@0.000ns fall@12.500ns period=25.000ns})
  Destination:            issue_stage_i/i_issue_read_operands/fu_data_q_reg[0][imm][5]/D
                            (rising edge-triggered cell FDCE clocked by clk_i  {rise@0.000ns fall@12.500ns period=25.000ns})
  Path Group:             clk_i
  Path Type:              Setup (Max at Slow Process Corner)
  Requirement:            25.000ns  (clk_i rise@25.000ns - clk_i rise@0.000ns)
  Data Path Delay:        25.757ns  (logic 8.518ns (33.071%)  route 17.239ns (66.929%))
  Logic Levels:           39  (CARRY4=12 LUT1=1 LUT2=2 LUT3=3 LUT4=3 LUT5=3 LUT6=15)
  Clock Path Skew:        -0.049ns (DCD - SCD + CPR)
    Destination Clock Delay (DCD):    0.924ns = ( 25.924 - 25.000 ) 
    Source Clock Delay      (SCD):    0.973ns
    Clock Pessimism Removal (CPR):    0.000ns
  Clock Uncertainty:      0.035ns  ((TSJ^2 + TIJ^2)^1/2 + DJ) / 2 + PE
    Total System Jitter     (TSJ):    0.071ns
    Total Input Jitter      (TIJ):    0.000ns
    Discrete Jitter          (DJ):    0.000ns
    Phase Error              (PE):    0.000ns

    Location             Delay type                Incr(ns)  Path(ns)    Netlist Resource(s)
  -------------------------------------------------------------------    -------------------
                         (clock clk_i rise edge)      0.000     0.000 r  
                                                      0.000     0.000 r  clk_i (IN)
                         net (fo=6832, unset)         0.973     0.973    ex_stage_i/fpu_gen.fpu_i/fpu_gen.i_fpnew_bulk/gen_operation_groups[3].i_opgroup_block/gen_merged_slice.i_multifmt_slice/gen_num_lanes[0].active_lane.lane_instance.i_fpnew_cast_multi/clk_i
    SLICE_X85Y28         FDCE                                         r  ex_stage_i/fpu_gen.fpu_i/fpu_gen.i_fpnew_bulk/gen_operation_groups[3].i_opgroup_block/gen_merged_slice.i_multifmt_slice/gen_num_lanes[0].active_lane.lane_instance.i_fpnew_cast_multi/gen_inside_pipeline[0].mid_pipe_dst_fmt_q_reg[1][2]/C
  -------------------------------------------------------------------    -------------------
    SLICE_X85Y28         FDCE (Prop_fdce_C_Q)         0.456     1.429 r  ex_stage_i/fpu_gen.fpu_i/fpu_gen.i_fpnew_bulk/gen_operation_groups[3].i_opgroup_block/gen_merged_slice.i_multifmt_slice/gen_num_lanes[0].active_lane.lane_instance.i_fpnew_cast_multi/gen_inside_pipeline[0].mid_pipe_dst_fmt_q_reg[1][2]/Q
                         net (fo=147, routed)         0.494     1.923    ex_stage_i/fpu_gen.fpu_i/fpu_gen.i_fpnew_bulk/gen_operation_groups[3].i_opgroup_block/gen_merged_slice.i_multifmt_slice/gen_num_lanes[0].active_lane.lane_instance.i_fpnew_cast_multi/gen_inside_pipeline[0].mid_pipe_dst_fmt_q_reg_n_0_[1][2]
    SLICE_X84Y28         LUT3 (Prop_lut3_I0_O)        0.124     2.047 r  ex_stage_i/fpu_gen.fpu_i/fpu_gen.i_fpnew_bulk/gen_operation_groups[3].i_opgroup_block/gen_merged_slice.i_multifmt_slice/gen_num_lanes[0].active_lane.lane_instance.i_fpnew_cast_multi/of_before_round1__7_carry_i_1/O
                         net (fo=8, routed)           0.344     2.391    ex_stage_i/fpu_gen.fpu_i/fpu_gen.i_fpnew_bulk/gen_operation_groups[3].i_opgroup_block/gen_merged_slice.i_multifmt_slice/gen_num_lanes[0].active_lane.lane_instance.i_fpnew_cast_multi/of_before_round1__7_carry_i_1_n_0
    SLICE_X85Y29         CARRY4 (Prop_carry4_CYINIT_CO[3])
                                                      0.580     2.971 r  ex_stage_i/fpu_gen.fpu_i/fpu_gen.i_fpnew_bulk/gen_operation_groups[3].i_opgroup_block/gen_merged_slice.i_multifmt_slice/gen_num_lanes[0].active_lane.lane_instance.i_fpnew_cast_multi/of_before_round1__7_carry/CO[3]
                         net (fo=5, routed)           1.003     3.974    ex_stage_i/fpu_gen.fpu_i/fpu_gen.i_fpnew_bulk/gen_operation_groups[3].i_opgroup_block/gen_merged_slice.i_multifmt_slice/gen_num_lanes[0].active_lane.lane_instance.i_fpnew_cast_multi/of_before_round1__7_carry_n_0
    SLICE_X82Y29         CARRY4 (Prop_carry4_CYINIT_CO[2])
                                                      0.608     4.582 r  ex_stage_i/fpu_gen.fpu_i/fpu_gen.i_fpnew_bulk/gen_operation_groups[3].i_opgroup_block/gen_merged_slice.i_multifmt_slice/gen_num_lanes[0].active_lane.lane_instance.i_fpnew_cast_multi/of_before_round0_carry__0_i_9/CO[2]
                         net (fo=20, routed)          0.689     5.271    ex_stage_i/fpu_gen.fpu_i/fpu_gen.i_fpnew_bulk/gen_operation_groups[3].i_opgroup_block/gen_merged_slice.i_multifmt_slice/gen_num_lanes[0].active_lane.lane_instance.i_fpnew_cast_multi/of_before_round0_carry__0_i_9_n_1
    SLICE_X83Y31         LUT2 (Prop_lut2_I0_O)        0.310     5.581 r  ex_stage_i/fpu_gen.fpu_i/fpu_gen.i_fpnew_bulk/gen_operation_groups[3].i_opgroup_block/gen_merged_slice.i_multifmt_slice/gen_num_lanes[0].active_lane.lane_instance.i_fpnew_cast_multi/of_before_round0_carry__1_i_7/O
                         net (fo=1, routed)           0.000     5.581    ex_stage_i/fpu_gen.fpu_i/fpu_gen.i_fpnew_bulk/gen_operation_groups[3].i_opgroup_block/gen_merged_slice.i_multifmt_slice/gen_num_lanes[0].active_lane.lane_instance.i_fpnew_cast_multi/of_before_round0_carry__1_i_7_n_0
    SLICE_X83Y31         CARRY4 (Prop_carry4_S[1]_CO[3])
                                                      0.550     6.131 r  ex_stage_i/fpu_gen.fpu_i/fpu_gen.i_fpnew_bulk/gen_operation_groups[3].i_opgroup_block/gen_merged_slice.i_multifmt_slice/gen_num_lanes[0].active_lane.lane_instance.i_fpnew_cast_multi/of_before_round0_carry__1/CO[3]
                         net (fo=1, routed)           0.000     6.131    ex_stage_i/fpu_gen.fpu_i/fpu_gen.i_fpnew_bulk/gen_operation_groups[3].i_opgroup_block/gen_merged_slice.i_multifmt_slice/gen_num_lanes[0].active_lane.lane_instance.i_fpnew_cast_multi/of_before_round0_carry__1_n_0
    SLICE_X83Y32         CARRY4 (Prop_carry4_CI_CO[3])
                                                      0.114     6.245 f  ex_stage_i/fpu_gen.fpu_i/fpu_gen.i_fpnew_bulk/gen_operation_groups[3].i_opgroup_block/gen_merged_slice.i_multifmt_slice/gen_num_lanes[0].active_lane.lane_instance.i_fpnew_cast_multi/of_before_round0_carry__2/CO[3]
                         net (fo=34, routed)          1.047     7.292    ex_stage_i/fpu_gen.fpu_i/fpu_gen.i_fpnew_bulk/gen_operation_groups[3].i_opgroup_block/gen_merged_slice.i_multifmt_slice/gen_num_lanes[0].active_lane.lane_instance.i_fpnew_cast_multi/of_before_round0__16
    SLICE_X86Y32         LUT3 (Prop_lut3_I0_O)        0.124     7.416 r  ex_stage_i/fpu_gen.fpu_i/fpu_gen.i_fpnew_bulk/gen_operation_groups[3].i_opgroup_block/gen_merged_slice.i_multifmt_slice/gen_num_lanes[0].active_lane.lane_instance.i_fpnew_cast_multi/rvfi_probes_o[instr][wbdata][3][30]_INST_0_i_146/O
                         net (fo=7, routed)           0.463     7.879    ex_stage_i/fpu_gen.fpu_i/fpu_gen.i_fpnew_bulk/gen_operation_groups[3].i_opgroup_block/gen_merged_slice.i_multifmt_slice/gen_num_lanes[0].active_lane.lane_instance.i_fpnew_cast_multi/rvfi_probes_o[instr][wbdata][3][30]_INST_0_i_146_n_0
    SLICE_X86Y33         LUT6 (Prop_lut6_I3_O)        0.124     8.003 r  ex_stage_i/fpu_gen.fpu_i/fpu_gen.i_fpnew_bulk/gen_operation_groups[3].i_opgroup_block/gen_merged_slice.i_multifmt_slice/gen_num_lanes[0].active_lane.lane_instance.i_fpnew_cast_multi/rvfi_probes_o[instr][wbdata][3][30]_INST_0_i_140/O
                         net (fo=87, routed)          1.139     9.141    ex_stage_i/fpu_gen.fpu_i/fpu_gen.i_fpnew_bulk/gen_operation_groups[3].i_opgroup_block/gen_merged_slice.i_multifmt_slice/gen_num_lanes[0].active_lane.lane_instance.i_fpnew_cast_multi/rvfi_probes_o[instr][wbdata][3][30]_INST_0_i_140_n_0
    SLICE_X87Y37         LUT6 (Prop_lut6_I5_O)        0.124     9.265 r  ex_stage_i/fpu_gen.fpu_i/fpu_gen.i_fpnew_bulk/gen_operation_groups[3].i_opgroup_block/gen_merged_slice.i_multifmt_slice/gen_num_lanes[0].active_lane.lane_instance.i_fpnew_cast_multi/mem_q[0][sbe][ex][cause][1]_i_101/O
                         net (fo=2, routed)           0.606     9.872    ex_stage_i/fpu_gen.fpu_i/fpu_gen.i_fpnew_bulk/gen_operation_groups[3].i_opgroup_block/gen_merged_slice.i_multifmt_slice/gen_num_lanes[0].active_lane.lane_instance.i_fpnew_cast_multi/mem_q[0][sbe][ex][cause][1]_i_101_n_0
    SLICE_X86Y37         LUT4 (Prop_lut4_I3_O)        0.124     9.996 r  ex_stage_i/fpu_gen.fpu_i/fpu_gen.i_fpnew_bulk/gen_operation_groups[3].i_opgroup_block/gen_merged_slice.i_multifmt_slice/gen_num_lanes[0].active_lane.lane_instance.i_fpnew_cast_multi/mem_q[0][sbe][ex][cause][1]_i_58/O
                         net (fo=3, routed)           0.641    10.637    ex_stage_i/fpu_gen.fpu_i/fpu_gen.i_fpnew_bulk/gen_operation_groups[3].i_opgroup_block/gen_merged_slice.i_multifmt_slice/gen_num_lanes[0].active_lane.lane_instance.i_fpnew_cast_multi/mem_q[0][sbe][ex][cause][1]_i_58_n_0
    SLICE_X83Y36         LUT5 (Prop_lut5_I3_O)        0.124    10.761 r  ex_stage_i/fpu_gen.fpu_i/fpu_gen.i_fpnew_bulk/gen_operation_groups[3].i_opgroup_block/gen_merged_slice.i_multifmt_slice/gen_num_lanes[0].active_lane.lane_instance.i_fpnew_cast_multi/mem_q[0][sbe][ex][cause][1]_i_68/O
                         net (fo=2, routed)           0.814    11.575    ex_stage_i/fpu_gen.fpu_i/fpu_gen.i_fpnew_bulk/gen_operation_groups[3].i_opgroup_block/gen_merged_slice.i_multifmt_slice/gen_num_lanes[0].active_lane.lane_instance.i_fpnew_cast_multi/mem_q[0][sbe][ex][cause][1]_i_68_n_0
    SLICE_X82Y36         LUT3 (Prop_lut3_I2_O)        0.146    11.721 r  ex_stage_i/fpu_gen.fpu_i/fpu_gen.i_fpnew_bulk/gen_operation_groups[3].i_opgroup_block/gen_merged_slice.i_multifmt_slice/gen_num_lanes[0].active_lane.lane_instance.i_fpnew_cast_multi/mem_q[0][sbe][ex][cause][1]_i_44/O
                         net (fo=2, routed)           0.844    12.565    ex_stage_i/fpu_gen.fpu_i/fpu_gen.i_fpnew_bulk/gen_operation_groups[3].i_opgroup_block/gen_merged_slice.i_multifmt_slice/gen_num_lanes[0].active_lane.lane_instance.i_fpnew_cast_multi/mem_q[0][sbe][ex][cause][1]_i_44_n_0
    SLICE_X81Y35         LUT6 (Prop_lut6_I4_O)        0.328    12.893 r  ex_stage_i/fpu_gen.fpu_i/fpu_gen.i_fpnew_bulk/gen_operation_groups[3].i_opgroup_block/gen_merged_slice.i_multifmt_slice/gen_num_lanes[0].active_lane.lane_instance.i_fpnew_cast_multi/mem_q[0][sbe][ex][cause][1]_i_27/O
                         net (fo=1, routed)           0.797    13.690    ex_stage_i/fpu_gen.fpu_i/fpu_gen.i_fpnew_bulk/gen_operation_groups[3].i_opgroup_block/gen_merged_slice.i_multifmt_slice/gen_num_lanes[0].active_lane.lane_instance.i_fpnew_cast_multi/mem_q[0][sbe][ex][cause][1]_i_27_n_0
    SLICE_X81Y36         LUT6 (Prop_lut6_I0_O)        0.124    13.814 f  ex_stage_i/fpu_gen.fpu_i/fpu_gen.i_fpnew_bulk/gen_operation_groups[3].i_opgroup_block/gen_merged_slice.i_multifmt_slice/gen_num_lanes[0].active_lane.lane_instance.i_fpnew_cast_multi/mem_q[0][sbe][ex][cause][1]_i_18/O
                         net (fo=4, routed)           0.464    14.277    ex_stage_i/fpu_gen.fpu_i/fpu_gen.i_fpnew_bulk/gen_operation_groups[3].i_opgroup_block/gen_merged_slice.i_multifmt_slice/gen_num_lanes[0].active_lane.lane_instance.i_fpnew_cast_multi/mem_q[0][sbe][ex][cause][1]_i_18_n_0
    SLICE_X80Y34         LUT4 (Prop_lut4_I3_O)        0.124    14.401 r  ex_stage_i/fpu_gen.fpu_i/fpu_gen.i_fpnew_bulk/gen_operation_groups[3].i_opgroup_block/gen_merged_slice.i_multifmt_slice/gen_num_lanes[0].active_lane.lane_instance.i_fpnew_cast_multi/rvfi_probes_o[instr][wbdata][3][0]_INST_0_i_52/O
                         net (fo=2, routed)           0.510    14.911    ex_stage_i/fpu_gen.fpu_i/fpu_gen.i_fpnew_bulk/gen_operation_groups[3].i_opgroup_block/gen_merged_slice.i_multifmt_slice/gen_num_lanes[0].active_lane.lane_instance.i_fpnew_cast_multi/rvfi_probes_o[instr][wbdata][3][0]_INST_0_i_52_n_0
    SLICE_X79Y30         LUT2 (Prop_lut2_I0_O)        0.124    15.035 r  ex_stage_i/fpu_gen.fpu_i/fpu_gen.i_fpnew_bulk/gen_operation_groups[3].i_opgroup_block/gen_merged_slice.i_multifmt_slice/gen_num_lanes[0].active_lane.lane_instance.i_fpnew_cast_multi/rvfi_probes_o[instr][wbdata][3][0]_INST_0_i_32/O
                         net (fo=1, routed)           0.426    15.462    ex_stage_i/fpu_gen.fpu_i/fpu_gen.i_fpnew_bulk/gen_operation_groups[3].i_opgroup_block/gen_merged_slice.i_multifmt_slice/gen_num_lanes[0].active_lane.lane_instance.i_fpnew_cast_multi/rvfi_probes_o[instr][wbdata][3][0]_INST_0_i_32_n_0
    SLICE_X78Y30         LUT6 (Prop_lut6_I0_O)        0.124    15.586 r  ex_stage_i/fpu_gen.fpu_i/fpu_gen.i_fpnew_bulk/gen_operation_groups[3].i_opgroup_block/gen_merged_slice.i_multifmt_slice/gen_num_lanes[0].active_lane.lane_instance.i_fpnew_cast_multi/rvfi_probes_o[instr][wbdata][3][0]_INST_0_i_19/O
                         net (fo=1, routed)           0.000    15.586    ex_stage_i/fpu_gen.fpu_i/fpu_gen.i_fpnew_bulk/gen_operation_groups[3].i_opgroup_block/gen_merged_slice.i_multifmt_slice/gen_num_lanes[0].active_lane.lane_instance.i_fpnew_cast_multi/rvfi_probes_o[instr][wbdata][3][0]_INST_0_i_19_n_0
    SLICE_X78Y30         CARRY4 (Prop_carry4_S[0]_CO[3])
                                                      0.532    16.118 r  ex_stage_i/fpu_gen.fpu_i/fpu_gen.i_fpnew_bulk/gen_operation_groups[3].i_opgroup_block/gen_merged_slice.i_multifmt_slice/gen_num_lanes[0].active_lane.lane_instance.i_fpnew_cast_multi/rvfi_probes_o[instr][wbdata][3][0]_INST_0_i_8/CO[3]
                         net (fo=1, routed)           0.000    16.118    ex_stage_i/fpu_gen.fpu_i/fpu_gen.i_fpnew_bulk/gen_operation_groups[3].i_opgroup_block/gen_merged_slice.i_multifmt_slice/gen_num_lanes[0].active_lane.lane_instance.i_fpnew_cast_multi/rvfi_probes_o[instr][wbdata][3][0]_INST_0_i_8_n_0
    SLICE_X78Y31         CARRY4 (Prop_carry4_CI_O[1])
                                                      0.334    16.452 f  ex_stage_i/fpu_gen.fpu_i/fpu_gen.i_fpnew_bulk/gen_operation_groups[3].i_opgroup_block/gen_merged_slice.i_multifmt_slice/gen_num_lanes[0].active_lane.lane_instance.i_fpnew_cast_multi/rvfi_probes_o[instr][wbdata][3][7]_INST_0_i_16/O[1]
                         net (fo=4, routed)           0.591    17.043    ex_stage_i/fpu_gen.fpu_i/fpu_gen.i_fpnew_bulk/gen_operation_groups[3].i_opgroup_block/gen_merged_slice.i_multifmt_slice/gen_num_lanes[0].active_lane.lane_instance.i_fpnew_cast_multi/rounded_abs[5]
    SLICE_X77Y31         LUT1 (Prop_lut1_I0_O)        0.303    17.346 r  ex_stage_i/fpu_gen.fpu_i/fpu_gen.i_fpnew_bulk/gen_operation_groups[3].i_opgroup_block/gen_merged_slice.i_multifmt_slice/gen_num_lanes[0].active_lane.lane_instance.i_fpnew_cast_multi/rvfi_probes_o[instr][wbdata][3][8]_INST_0_i_12/O
                         net (fo=1, routed)           0.000    17.346    ex_stage_i/fpu_gen.fpu_i/fpu_gen.i_fpnew_bulk/gen_operation_groups[3].i_opgroup_block/gen_merged_slice.i_multifmt_slice/gen_num_lanes[0].active_lane.lane_instance.i_fpnew_cast_multi/rvfi_probes_o[instr][wbdata][3][8]_INST_0_i_12_n_0
    SLICE_X77Y31         CARRY4 (Prop_carry4_S[0]_CO[3])
                                                      0.532    17.878 r  ex_stage_i/fpu_gen.fpu_i/fpu_gen.i_fpnew_bulk/gen_operation_groups[3].i_opgroup_block/gen_merged_slice.i_multifmt_slice/gen_num_lanes[0].active_lane.lane_instance.i_fpnew_cast_multi/rvfi_probes_o[instr][wbdata][3][8]_INST_0_i_8/CO[3]
                         net (fo=1, routed)           0.000    17.878    ex_stage_i/fpu_gen.fpu_i/fpu_gen.i_fpnew_bulk/gen_operation_groups[3].i_opgroup_block/gen_merged_slice.i_multifmt_slice/gen_num_lanes[0].active_lane.lane_instance.i_fpnew_cast_multi/rvfi_probes_o[instr][wbdata][3][8]_INST_0_i_8_n_0
    SLICE_X77Y32         CARRY4 (Prop_carry4_CI_CO[3])
                                                      0.114    17.992 r  ex_stage_i/fpu_gen.fpu_i/fpu_gen.i_fpnew_bulk/gen_operation_groups[3].i_opgroup_block/gen_merged_slice.i_multifmt_slice/gen_num_lanes[0].active_lane.lane_instance.i_fpnew_cast_multi/rvfi_probes_o[instr][wbdata][3][12]_INST_0_i_7/CO[3]
                         net (fo=1, routed)           0.000    17.992    ex_stage_i/fpu_gen.fpu_i/fpu_gen.i_fpnew_bulk/gen_operation_groups[3].i_opgroup_block/gen_merged_slice.i_multifmt_slice/gen_num_lanes[0].active_lane.lane_instance.i_fpnew_cast_multi/rvfi_probes_o[instr][wbdata][3][12]_INST_0_i_7_n_0
    SLICE_X77Y33         CARRY4 (Prop_carry4_CI_CO[3])
                                                      0.114    18.106 r  ex_stage_i/fpu_gen.fpu_i/fpu_gen.i_fpnew_bulk/gen_operation_groups[3].i_opgroup_block/gen_merged_slice.i_multifmt_slice/gen_num_lanes[0].active_lane.lane_instance.i_fpnew_cast_multi/rvfi_probes_o[instr][wbdata][3][16]_INST_0_i_7/CO[3]
                         net (fo=1, routed)           0.000    18.106    ex_stage_i/fpu_gen.fpu_i/fpu_gen.i_fpnew_bulk/gen_operation_groups[3].i_opgroup_block/gen_merged_slice.i_multifmt_slice/gen_num_lanes[0].active_lane.lane_instance.i_fpnew_cast_multi/rvfi_probes_o[instr][wbdata][3][16]_INST_0_i_7_n_0
    SLICE_X77Y34         CARRY4 (Prop_carry4_CI_CO[3])
                                                      0.114    18.220 r  ex_stage_i/fpu_gen.fpu_i/fpu_gen.i_fpnew_bulk/gen_operation_groups[3].i_opgroup_block/gen_merged_slice.i_multifmt_slice/gen_num_lanes[0].active_lane.lane_instance.i_fpnew_cast_multi/rvfi_probes_o[instr][wbdata][3][20]_INST_0_i_8/CO[3]
                         net (fo=1, routed)           0.000    18.220    ex_stage_i/fpu_gen.fpu_i/fpu_gen.i_fpnew_bulk/gen_operation_groups[3].i_opgroup_block/gen_merged_slice.i_multifmt_slice/gen_num_lanes[0].active_lane.lane_instance.i_fpnew_cast_multi/rvfi_probes_o[instr][wbdata][3][20]_INST_0_i_8_n_0
    SLICE_X77Y35         CARRY4 (Prop_carry4_CI_CO[3])
                                                      0.114    18.334 r  ex_stage_i/fpu_gen.fpu_i/fpu_gen.i_fpnew_bulk/gen_operation_groups[3].i_opgroup_block/gen_merged_slice.i_multifmt_slice/gen_num_lanes[0].active_lane.lane_instance.i_fpnew_cast_multi/rvfi_probes_o[instr][wbdata][3][24]_INST_0_i_9/CO[3]
                         net (fo=1, routed)           0.000    18.334    ex_stage_i/fpu_gen.fpu_i/fpu_gen.i_fpnew_bulk/gen_operation_groups[3].i_opgroup_block/gen_merged_slice.i_multifmt_slice/gen_num_lanes[0].active_lane.lane_instance.i_fpnew_cast_multi/rvfi_probes_o[instr][wbdata][3][24]_INST_0_i_9_n_0
    SLICE_X77Y36         CARRY4 (Prop_carry4_CI_O[2])
                                                      0.239    18.573 f  ex_stage_i/fpu_gen.fpu_i/fpu_gen.i_fpnew_bulk/gen_operation_groups[3].i_opgroup_block/gen_merged_slice.i_multifmt_slice/gen_num_lanes[0].active_lane.lane_instance.i_fpnew_cast_multi/rvfi_probes_o[instr][wbdata][3][28]_INST_0_i_9/O[2]
                         net (fo=2, routed)           0.782    19.355    ex_stage_i/fpu_gen.fpu_i/fpu_gen.i_fpnew_bulk/gen_operation_groups[3].i_opgroup_block/gen_merged_slice.i_multifmt_slice/gen_num_lanes[0].active_lane.lane_instance.i_fpnew_cast_multi/rounded_uint_res0[27]
    SLICE_X76Y37         LUT5 (Prop_lut5_I1_O)        0.302    19.657 f  ex_stage_i/fpu_gen.fpu_i/fpu_gen.i_fpnew_bulk/gen_operation_groups[3].i_opgroup_block/gen_merged_slice.i_multifmt_slice/gen_num_lanes[0].active_lane.lane_instance.i_fpnew_cast_multi/rvfi_probes_o[instr][wbdata][3][30]_INST_0_i_230/O
                         net (fo=1, routed)           0.492    20.149    ex_stage_i/fpu_gen.fpu_i/fpu_gen.i_fpnew_bulk/gen_operation_groups[3].i_opgroup_block/gen_merged_slice.i_multifmt_slice/gen_num_lanes[0].active_lane.lane_instance.i_fpnew_cast_multi/rvfi_probes_o[instr][wbdata][3][30]_INST_0_i_230_n_0
    SLICE_X76Y36         LUT6 (Prop_lut6_I5_O)        0.124    20.273 f  ex_stage_i/fpu_gen.fpu_i/fpu_gen.i_fpnew_bulk/gen_operation_groups[3].i_opgroup_block/gen_merged_slice.i_multifmt_slice/gen_num_lanes[0].active_lane.lane_instance.i_fpnew_cast_multi/rvfi_probes_o[instr][wbdata][3][30]_INST_0_i_204/O
                         net (fo=1, routed)           0.566    20.839    ex_stage_i/fpu_gen.fpu_i/fpu_gen.i_fpnew_bulk/gen_operation_groups[3].i_opgroup_block/gen_merged_slice.i_multifmt_slice/gen_num_lanes[0].active_lane.lane_instance.i_fpnew_cast_multi/rvfi_probes_o[instr][wbdata][3][30]_INST_0_i_204_n_0
    SLICE_X79Y33         LUT6 (Prop_lut6_I2_O)        0.124    20.963 f  ex_stage_i/fpu_gen.fpu_i/fpu_gen.i_fpnew_bulk/gen_operation_groups[3].i_opgroup_block/gen_merged_slice.i_multifmt_slice/gen_num_lanes[0].active_lane.lane_instance.i_fpnew_cast_multi/rvfi_probes_o[instr][wbdata][3][30]_INST_0_i_160/O
                         net (fo=1, routed)           0.318    21.281    ex_stage_i/fpu_gen.fpu_i/fpu_gen.i_fpnew_bulk/gen_operation_groups[3].i_opgroup_block/gen_merged_slice.i_multifmt_slice/gen_num_lanes[0].active_lane.lane_instance.i_fpnew_cast_multi/rvfi_probes_o[instr][wbdata][3][30]_INST_0_i_160_n_0
    SLICE_X80Y33         LUT6 (Prop_lut6_I1_O)        0.124    21.405 f  ex_stage_i/fpu_gen.fpu_i/fpu_gen.i_fpnew_bulk/gen_operation_groups[3].i_opgroup_block/gen_merged_slice.i_multifmt_slice/gen_num_lanes[0].active_lane.lane_instance.i_fpnew_cast_multi/rvfi_probes_o[instr][wbdata][3][30]_INST_0_i_97/O
                         net (fo=1, routed)           0.291    21.696    ex_stage_i/fpu_gen.fpu_i/fpu_gen.i_fpnew_bulk/gen_operation_groups[3].i_opgroup_block/gen_merged_slice.i_multifmt_slice/gen_num_lanes[0].active_lane.lane_instance.i_fpnew_cast_multi/rvfi_probes_o[instr][wbdata][3][30]_INST_0_i_97_n_0
    SLICE_X81Y33         LUT4 (Prop_lut4_I2_O)        0.124    21.820 f  ex_stage_i/fpu_gen.fpu_i/fpu_gen.i_fpnew_bulk/gen_operation_groups[3].i_opgroup_block/gen_merged_slice.i_multifmt_slice/gen_num_lanes[0].active_lane.lane_instance.i_fpnew_cast_multi/rvfi_probes_o[instr][wbdata][3][30]_INST_0_i_55/O
                         net (fo=1, routed)           0.151    21.971    ex_stage_i/fpu_gen.fpu_i/fpu_gen.i_fpnew_bulk/gen_operation_groups[3].i_opgroup_block/gen_merged_slice.i_multifmt_slice/gen_num_lanes[0].active_lane.lane_instance.i_fpnew_cast_multi/rvfi_probes_o[instr][wbdata][3][30]_INST_0_i_55_n_0
    SLICE_X81Y33         LUT6 (Prop_lut6_I1_O)        0.124    22.095 r  ex_stage_i/fpu_gen.fpu_i/fpu_gen.i_fpnew_bulk/gen_operation_groups[3].i_opgroup_block/gen_merged_slice.i_multifmt_slice/gen_num_lanes[0].active_lane.lane_instance.i_fpnew_cast_multi/rvfi_probes_o[instr][wbdata][3][30]_INST_0_i_37/O
                         net (fo=3, routed)           0.548    22.643    ex_stage_i/fpu_gen.fpu_i/fpu_gen.i_fpnew_bulk/gen_operation_groups[3].i_opgroup_block/gen_merged_slice.i_multifmt_slice/gen_num_lanes[0].active_lane.lane_instance.i_fpnew_cast_multi/rvfi_probes_o[instr][wbdata][3][30]_INST_0_i_37_n_0
    SLICE_X75Y33         LUT6 (Prop_lut6_I1_O)        0.124    22.767 f  ex_stage_i/fpu_gen.fpu_i/fpu_gen.i_fpnew_bulk/gen_operation_groups[3].i_opgroup_block/gen_merged_slice.i_multifmt_slice/gen_num_lanes[0].active_lane.lane_instance.i_fpnew_cast_multi/rvfi_probes_o[instr][wbdata][3][30]_INST_0_i_19/O
                         net (fo=33, routed)          0.617    23.384    ex_stage_i/fpu_gen.fpu_i/fpu_gen.i_fpnew_bulk/gen_operation_groups[3].i_opgroup_block/gen_merged_slice.i_multifmt_slice/gen_num_lanes[0].active_lane.lane_instance.i_fpnew_cast_multi/rvfi_probes_o[instr][wbdata][3][30]_INST_0_i_19_n_0
    SLICE_X74Y33         LUT6 (Prop_lut6_I0_O)        0.124    23.508 r  ex_stage_i/fpu_gen.fpu_i/fpu_gen.i_fpnew_bulk/gen_operation_groups[3].i_opgroup_block/gen_merged_slice.i_multifmt_slice/gen_num_lanes[0].active_lane.lane_instance.i_fpnew_cast_multi/rvfi_probes_o[instr][wbdata][3][5]_INST_0_i_4/O
                         net (fo=1, routed)           0.629    24.137    ex_stage_i/fpu_gen.fpu_i/fpu_gen.i_fpnew_bulk/gen_operation_groups[3].i_opgroup_block/gen_merged_slice.i_multifmt_slice/gen_num_lanes[0].active_lane.lane_instance.i_fpnew_cast_multi/rvfi_probes_o[instr][wbdata][3][5]_INST_0_i_4_n_0
    SLICE_X73Y33         LUT5 (Prop_lut5_I2_O)        0.124    24.261 r  ex_stage_i/fpu_gen.fpu_i/fpu_gen.i_fpnew_bulk/gen_operation_groups[3].i_opgroup_block/gen_merged_slice.i_multifmt_slice/gen_num_lanes[0].active_lane.lane_instance.i_fpnew_cast_multi/rvfi_probes_o[instr][wbdata][3][5]_INST_0_i_1/O
                         net (fo=1, routed)           0.404    24.665    ex_stage_i/fpu_gen.fpu_i/fpu_gen.i_fpnew_bulk/i_arbiter/opgrp_outputs[3][result][5]
    SLICE_X73Y32         LUT6 (Prop_lut6_I0_O)        0.124    24.789 r  ex_stage_i/fpu_gen.fpu_i/fpu_gen.i_fpnew_bulk/i_arbiter/rvfi_probes_o[instr][wbdata][3][5]_INST_0/O
                         net (fo=7, routed)           0.694    25.483    issue_stage_i/i_scoreboard/fu_data_q[0][imm][5]_i_2_0
    SLICE_X74Y29         LUT6 (Prop_lut6_I3_O)        0.124    25.607 r  issue_stage_i/i_scoreboard/fu_data_q[0][imm][5]_i_5/O
                         net (fo=1, routed)           0.574    26.181    issue_stage_i/i_scoreboard/fu_data_q[0][imm][5]_i_5_n_0
    SLICE_X75Y29         LUT6 (Prop_lut6_I5_O)        0.124    26.305 r  issue_stage_i/i_scoreboard/fu_data_q[0][imm][5]_i_2/O
                         net (fo=1, routed)           0.301    26.606    issue_stage_i/i_scoreboard/i_issue_read_operands/rs3[0]_118[5]
    SLICE_X75Y28         LUT6 (Prop_lut6_I2_O)        0.124    26.730 r  issue_stage_i/i_scoreboard/fu_data_q[0][imm][5]_i_1/O
                         net (fo=1, routed)           0.000    26.730    issue_stage_i/i_issue_read_operands/fu_data_q_reg[0][imm][31]_1[5]
    SLICE_X75Y28         FDCE                                         r  issue_stage_i/i_issue_read_operands/fu_data_q_reg[0][imm][5]/D
  -------------------------------------------------------------------    -------------------

                         (clock clk_i rise edge)     25.000    25.000 r  
                                                      0.000    25.000 r  clk_i (IN)
                         net (fo=6832, unset)         0.924    25.924    issue_stage_i/i_issue_read_operands/clk_i
    SLICE_X75Y28         FDCE                                         r  issue_stage_i/i_issue_read_operands/fu_data_q_reg[0][imm][5]/C
                         clock pessimism              0.000    25.924    
                         clock uncertainty           -0.035    25.889    
    SLICE_X75Y28         FDCE (Setup_fdce_C_D)        0.031    25.920    issue_stage_i/i_issue_read_operands/fu_data_q_reg[0][imm][5]
  -------------------------------------------------------------------
                         required time                         25.920    
                         arrival time                         -26.730    
  -------------------------------------------------------------------
                         slack                                 -0.810    

Slack (VIOLATED) :        -0.800ns  (required time - arrival time)
  Source:                 ex_stage_i/fpu_gen.fpu_i/fpu_gen.i_fpnew_bulk/gen_operation_groups[3].i_opgroup_block/gen_merged_slice.i_multifmt_slice/gen_num_lanes[0].active_lane.lane_instance.i_fpnew_cast_multi/gen_inside_pipeline[0].mid_pipe_dst_fmt_q_reg[1][2]/C
                            (rising edge-triggered cell FDCE clocked by clk_i  {rise@0.000ns fall@12.500ns period=25.000ns})
  Destination:            issue_stage_i/i_issue_read_operands/fu_data_q_reg[0][imm][13]/D
                            (rising edge-triggered cell FDCE clocked by clk_i  {rise@0.000ns fall@12.500ns period=25.000ns})
  Path Group:             clk_i
  Path Type:              Setup (Max at Slow Process Corner)
  Requirement:            25.000ns  (clk_i rise@25.000ns - clk_i rise@0.000ns)
  Data Path Delay:        25.745ns  (logic 8.518ns (33.086%)  route 17.227ns (66.914%))
  Logic Levels:           39  (CARRY4=12 LUT1=1 LUT2=2 LUT3=3 LUT4=3 LUT5=3 LUT6=15)
  Clock Path Skew:        -0.049ns (DCD - SCD + CPR)
    Destination Clock Delay (DCD):    0.924ns = ( 25.924 - 25.000 ) 
    Source Clock Delay      (SCD):    0.973ns
    Clock Pessimism Removal (CPR):    0.000ns
  Clock Uncertainty:      0.035ns  ((TSJ^2 + TIJ^2)^1/2 + DJ) / 2 + PE
    Total System Jitter     (TSJ):    0.071ns
    Total Input Jitter      (TIJ):    0.000ns
    Discrete Jitter          (DJ):    0.000ns
    Phase Error              (PE):    0.000ns

    Location             Delay type                Incr(ns)  Path(ns)    Netlist Resource(s)
  -------------------------------------------------------------------    -------------------
                         (clock clk_i rise edge)      0.000     0.000 r  
                                                      0.000     0.000 r  clk_i (IN)
                         net (fo=6832, unset)         0.973     0.973    ex_stage_i/fpu_gen.fpu_i/fpu_gen.i_fpnew_bulk/gen_operation_groups[3].i_opgroup_block/gen_merged_slice.i_multifmt_slice/gen_num_lanes[0].active_lane.lane_instance.i_fpnew_cast_multi/clk_i
    SLICE_X85Y28         FDCE                                         r  ex_stage_i/fpu_gen.fpu_i/fpu_gen.i_fpnew_bulk/gen_operation_groups[3].i_opgroup_block/gen_merged_slice.i_multifmt_slice/gen_num_lanes[0].active_lane.lane_instance.i_fpnew_cast_multi/gen_inside_pipeline[0].mid_pipe_dst_fmt_q_reg[1][2]/C
  -------------------------------------------------------------------    -------------------
    SLICE_X85Y28         FDCE (Prop_fdce_C_Q)         0.456     1.429 r  ex_stage_i/fpu_gen.fpu_i/fpu_gen.i_fpnew_bulk/gen_operation_groups[3].i_opgroup_block/gen_merged_slice.i_multifmt_slice/gen_num_lanes[0].active_lane.lane_instance.i_fpnew_cast_multi/gen_inside_pipeline[0].mid_pipe_dst_fmt_q_reg[1][2]/Q
                         net (fo=147, routed)         0.494     1.923    ex_stage_i/fpu_gen.fpu_i/fpu_gen.i_fpnew_bulk/gen_operation_groups[3].i_opgroup_block/gen_merged_slice.i_multifmt_slice/gen_num_lanes[0].active_lane.lane_instance.i_fpnew_cast_multi/gen_inside_pipeline[0].mid_pipe_dst_fmt_q_reg_n_0_[1][2]
    SLICE_X84Y28         LUT3 (Prop_lut3_I0_O)        0.124     2.047 r  ex_stage_i/fpu_gen.fpu_i/fpu_gen.i_fpnew_bulk/gen_operation_groups[3].i_opgroup_block/gen_merged_slice.i_multifmt_slice/gen_num_lanes[0].active_lane.lane_instance.i_fpnew_cast_multi/of_before_round1__7_carry_i_1/O
                         net (fo=8, routed)           0.344     2.391    ex_stage_i/fpu_gen.fpu_i/fpu_gen.i_fpnew_bulk/gen_operation_groups[3].i_opgroup_block/gen_merged_slice.i_multifmt_slice/gen_num_lanes[0].active_lane.lane_instance.i_fpnew_cast_multi/of_before_round1__7_carry_i_1_n_0
    SLICE_X85Y29         CARRY4 (Prop_carry4_CYINIT_CO[3])
                                                      0.580     2.971 r  ex_stage_i/fpu_gen.fpu_i/fpu_gen.i_fpnew_bulk/gen_operation_groups[3].i_opgroup_block/gen_merged_slice.i_multifmt_slice/gen_num_lanes[0].active_lane.lane_instance.i_fpnew_cast_multi/of_before_round1__7_carry/CO[3]
                         net (fo=5, routed)           1.003     3.974    ex_stage_i/fpu_gen.fpu_i/fpu_gen.i_fpnew_bulk/gen_operation_groups[3].i_opgroup_block/gen_merged_slice.i_multifmt_slice/gen_num_lanes[0].active_lane.lane_instance.i_fpnew_cast_multi/of_before_round1__7_carry_n_0
    SLICE_X82Y29         CARRY4 (Prop_carry4_CYINIT_CO[2])
                                                      0.608     4.582 r  ex_stage_i/fpu_gen.fpu_i/fpu_gen.i_fpnew_bulk/gen_operation_groups[3].i_opgroup_block/gen_merged_slice.i_multifmt_slice/gen_num_lanes[0].active_lane.lane_instance.i_fpnew_cast_multi/of_before_round0_carry__0_i_9/CO[2]
                         net (fo=20, routed)          0.689     5.271    ex_stage_i/fpu_gen.fpu_i/fpu_gen.i_fpnew_bulk/gen_operation_groups[3].i_opgroup_block/gen_merged_slice.i_multifmt_slice/gen_num_lanes[0].active_lane.lane_instance.i_fpnew_cast_multi/of_before_round0_carry__0_i_9_n_1
    SLICE_X83Y31         LUT2 (Prop_lut2_I0_O)        0.310     5.581 r  ex_stage_i/fpu_gen.fpu_i/fpu_gen.i_fpnew_bulk/gen_operation_groups[3].i_opgroup_block/gen_merged_slice.i_multifmt_slice/gen_num_lanes[0].active_lane.lane_instance.i_fpnew_cast_multi/of_before_round0_carry__1_i_7/O
                         net (fo=1, routed)           0.000     5.581    ex_stage_i/fpu_gen.fpu_i/fpu_gen.i_fpnew_bulk/gen_operation_groups[3].i_opgroup_block/gen_merged_slice.i_multifmt_slice/gen_num_lanes[0].active_lane.lane_instance.i_fpnew_cast_multi/of_before_round0_carry__1_i_7_n_0
    SLICE_X83Y31         CARRY4 (Prop_carry4_S[1]_CO[3])
                                                      0.550     6.131 r  ex_stage_i/fpu_gen.fpu_i/fpu_gen.i_fpnew_bulk/gen_operation_groups[3].i_opgroup_block/gen_merged_slice.i_multifmt_slice/gen_num_lanes[0].active_lane.lane_instance.i_fpnew_cast_multi/of_before_round0_carry__1/CO[3]
                         net (fo=1, routed)           0.000     6.131    ex_stage_i/fpu_gen.fpu_i/fpu_gen.i_fpnew_bulk/gen_operation_groups[3].i_opgroup_block/gen_merged_slice.i_multifmt_slice/gen_num_lanes[0].active_lane.lane_instance.i_fpnew_cast_multi/of_before_round0_carry__1_n_0
    SLICE_X83Y32         CARRY4 (Prop_carry4_CI_CO[3])
                                                      0.114     6.245 f  ex_stage_i/fpu_gen.fpu_i/fpu_gen.i_fpnew_bulk/gen_operation_groups[3].i_opgroup_block/gen_merged_slice.i_multifmt_slice/gen_num_lanes[0].active_lane.lane_instance.i_fpnew_cast_multi/of_before_round0_carry__2/CO[3]
                         net (fo=34, routed)          1.047     7.292    ex_stage_i/fpu_gen.fpu_i/fpu_gen.i_fpnew_bulk/gen_operation_groups[3].i_opgroup_block/gen_merged_slice.i_multifmt_slice/gen_num_lanes[0].active_lane.lane_instance.i_fpnew_cast_multi/of_before_round0__16
    SLICE_X86Y32         LUT3 (Prop_lut3_I0_O)        0.124     7.416 r  ex_stage_i/fpu_gen.fpu_i/fpu_gen.i_fpnew_bulk/gen_operation_groups[3].i_opgroup_block/gen_merged_slice.i_multifmt_slice/gen_num_lanes[0].active_lane.lane_instance.i_fpnew_cast_multi/rvfi_probes_o[instr][wbdata][3][30]_INST_0_i_146/O
                         net (fo=7, routed)           0.463     7.879    ex_stage_i/fpu_gen.fpu_i/fpu_gen.i_fpnew_bulk/gen_operation_groups[3].i_opgroup_block/gen_merged_slice.i_multifmt_slice/gen_num_lanes[0].active_lane.lane_instance.i_fpnew_cast_multi/rvfi_probes_o[instr][wbdata][3][30]_INST_0_i_146_n_0
    SLICE_X86Y33         LUT6 (Prop_lut6_I3_O)        0.124     8.003 r  ex_stage_i/fpu_gen.fpu_i/fpu_gen.i_fpnew_bulk/gen_operation_groups[3].i_opgroup_block/gen_merged_slice.i_multifmt_slice/gen_num_lanes[0].active_lane.lane_instance.i_fpnew_cast_multi/rvfi_probes_o[instr][wbdata][3][30]_INST_0_i_140/O
                         net (fo=87, routed)          1.139     9.141    ex_stage_i/fpu_gen.fpu_i/fpu_gen.i_fpnew_bulk/gen_operation_groups[3].i_opgroup_block/gen_merged_slice.i_multifmt_slice/gen_num_lanes[0].active_lane.lane_instance.i_fpnew_cast_multi/rvfi_probes_o[instr][wbdata][3][30]_INST_0_i_140_n_0
    SLICE_X87Y37         LUT6 (Prop_lut6_I5_O)        0.124     9.265 r  ex_stage_i/fpu_gen.fpu_i/fpu_gen.i_fpnew_bulk/gen_operation_groups[3].i_opgroup_block/gen_merged_slice.i_multifmt_slice/gen_num_lanes[0].active_lane.lane_instance.i_fpnew_cast_multi/mem_q[0][sbe][ex][cause][1]_i_101/O
                         net (fo=2, routed)           0.606     9.872    ex_stage_i/fpu_gen.fpu_i/fpu_gen.i_fpnew_bulk/gen_operation_groups[3].i_opgroup_block/gen_merged_slice.i_multifmt_slice/gen_num_lanes[0].active_lane.lane_instance.i_fpnew_cast_multi/mem_q[0][sbe][ex][cause][1]_i_101_n_0
    SLICE_X86Y37         LUT4 (Prop_lut4_I3_O)        0.124     9.996 r  ex_stage_i/fpu_gen.fpu_i/fpu_gen.i_fpnew_bulk/gen_operation_groups[3].i_opgroup_block/gen_merged_slice.i_multifmt_slice/gen_num_lanes[0].active_lane.lane_instance.i_fpnew_cast_multi/mem_q[0][sbe][ex][cause][1]_i_58/O
                         net (fo=3, routed)           0.641    10.637    ex_stage_i/fpu_gen.fpu_i/fpu_gen.i_fpnew_bulk/gen_operation_groups[3].i_opgroup_block/gen_merged_slice.i_multifmt_slice/gen_num_lanes[0].active_lane.lane_instance.i_fpnew_cast_multi/mem_q[0][sbe][ex][cause][1]_i_58_n_0
    SLICE_X83Y36         LUT5 (Prop_lut5_I3_O)        0.124    10.761 r  ex_stage_i/fpu_gen.fpu_i/fpu_gen.i_fpnew_bulk/gen_operation_groups[3].i_opgroup_block/gen_merged_slice.i_multifmt_slice/gen_num_lanes[0].active_lane.lane_instance.i_fpnew_cast_multi/mem_q[0][sbe][ex][cause][1]_i_68/O
                         net (fo=2, routed)           0.814    11.575    ex_stage_i/fpu_gen.fpu_i/fpu_gen.i_fpnew_bulk/gen_operation_groups[3].i_opgroup_block/gen_merged_slice.i_multifmt_slice/gen_num_lanes[0].active_lane.lane_instance.i_fpnew_cast_multi/mem_q[0][sbe][ex][cause][1]_i_68_n_0
    SLICE_X82Y36         LUT3 (Prop_lut3_I2_O)        0.146    11.721 r  ex_stage_i/fpu_gen.fpu_i/fpu_gen.i_fpnew_bulk/gen_operation_groups[3].i_opgroup_block/gen_merged_slice.i_multifmt_slice/gen_num_lanes[0].active_lane.lane_instance.i_fpnew_cast_multi/mem_q[0][sbe][ex][cause][1]_i_44/O
                         net (fo=2, routed)           0.844    12.565    ex_stage_i/fpu_gen.fpu_i/fpu_gen.i_fpnew_bulk/gen_operation_groups[3].i_opgroup_block/gen_merged_slice.i_multifmt_slice/gen_num_lanes[0].active_lane.lane_instance.i_fpnew_cast_multi/mem_q[0][sbe][ex][cause][1]_i_44_n_0
    SLICE_X81Y35         LUT6 (Prop_lut6_I4_O)        0.328    12.893 r  ex_stage_i/fpu_gen.fpu_i/fpu_gen.i_fpnew_bulk/gen_operation_groups[3].i_opgroup_block/gen_merged_slice.i_multifmt_slice/gen_num_lanes[0].active_lane.lane_instance.i_fpnew_cast_multi/mem_q[0][sbe][ex][cause][1]_i_27/O
                         net (fo=1, routed)           0.797    13.690    ex_stage_i/fpu_gen.fpu_i/fpu_gen.i_fpnew_bulk/gen_operation_groups[3].i_opgroup_block/gen_merged_slice.i_multifmt_slice/gen_num_lanes[0].active_lane.lane_instance.i_fpnew_cast_multi/mem_q[0][sbe][ex][cause][1]_i_27_n_0
    SLICE_X81Y36         LUT6 (Prop_lut6_I0_O)        0.124    13.814 f  ex_stage_i/fpu_gen.fpu_i/fpu_gen.i_fpnew_bulk/gen_operation_groups[3].i_opgroup_block/gen_merged_slice.i_multifmt_slice/gen_num_lanes[0].active_lane.lane_instance.i_fpnew_cast_multi/mem_q[0][sbe][ex][cause][1]_i_18/O
                         net (fo=4, routed)           0.464    14.277    ex_stage_i/fpu_gen.fpu_i/fpu_gen.i_fpnew_bulk/gen_operation_groups[3].i_opgroup_block/gen_merged_slice.i_multifmt_slice/gen_num_lanes[0].active_lane.lane_instance.i_fpnew_cast_multi/mem_q[0][sbe][ex][cause][1]_i_18_n_0
    SLICE_X80Y34         LUT4 (Prop_lut4_I3_O)        0.124    14.401 r  ex_stage_i/fpu_gen.fpu_i/fpu_gen.i_fpnew_bulk/gen_operation_groups[3].i_opgroup_block/gen_merged_slice.i_multifmt_slice/gen_num_lanes[0].active_lane.lane_instance.i_fpnew_cast_multi/rvfi_probes_o[instr][wbdata][3][0]_INST_0_i_52/O
                         net (fo=2, routed)           0.510    14.911    ex_stage_i/fpu_gen.fpu_i/fpu_gen.i_fpnew_bulk/gen_operation_groups[3].i_opgroup_block/gen_merged_slice.i_multifmt_slice/gen_num_lanes[0].active_lane.lane_instance.i_fpnew_cast_multi/rvfi_probes_o[instr][wbdata][3][0]_INST_0_i_52_n_0
    SLICE_X79Y30         LUT2 (Prop_lut2_I0_O)        0.124    15.035 r  ex_stage_i/fpu_gen.fpu_i/fpu_gen.i_fpnew_bulk/gen_operation_groups[3].i_opgroup_block/gen_merged_slice.i_multifmt_slice/gen_num_lanes[0].active_lane.lane_instance.i_fpnew_cast_multi/rvfi_probes_o[instr][wbdata][3][0]_INST_0_i_32/O
                         net (fo=1, routed)           0.426    15.462    ex_stage_i/fpu_gen.fpu_i/fpu_gen.i_fpnew_bulk/gen_operation_groups[3].i_opgroup_block/gen_merged_slice.i_multifmt_slice/gen_num_lanes[0].active_lane.lane_instance.i_fpnew_cast_multi/rvfi_probes_o[instr][wbdata][3][0]_INST_0_i_32_n_0
    SLICE_X78Y30         LUT6 (Prop_lut6_I0_O)        0.124    15.586 r  ex_stage_i/fpu_gen.fpu_i/fpu_gen.i_fpnew_bulk/gen_operation_groups[3].i_opgroup_block/gen_merged_slice.i_multifmt_slice/gen_num_lanes[0].active_lane.lane_instance.i_fpnew_cast_multi/rvfi_probes_o[instr][wbdata][3][0]_INST_0_i_19/O
                         net (fo=1, routed)           0.000    15.586    ex_stage_i/fpu_gen.fpu_i/fpu_gen.i_fpnew_bulk/gen_operation_groups[3].i_opgroup_block/gen_merged_slice.i_multifmt_slice/gen_num_lanes[0].active_lane.lane_instance.i_fpnew_cast_multi/rvfi_probes_o[instr][wbdata][3][0]_INST_0_i_19_n_0
    SLICE_X78Y30         CARRY4 (Prop_carry4_S[0]_CO[3])
                                                      0.532    16.118 r  ex_stage_i/fpu_gen.fpu_i/fpu_gen.i_fpnew_bulk/gen_operation_groups[3].i_opgroup_block/gen_merged_slice.i_multifmt_slice/gen_num_lanes[0].active_lane.lane_instance.i_fpnew_cast_multi/rvfi_probes_o[instr][wbdata][3][0]_INST_0_i_8/CO[3]
                         net (fo=1, routed)           0.000    16.118    ex_stage_i/fpu_gen.fpu_i/fpu_gen.i_fpnew_bulk/gen_operation_groups[3].i_opgroup_block/gen_merged_slice.i_multifmt_slice/gen_num_lanes[0].active_lane.lane_instance.i_fpnew_cast_multi/rvfi_probes_o[instr][wbdata][3][0]_INST_0_i_8_n_0
    SLICE_X78Y31         CARRY4 (Prop_carry4_CI_O[1])
                                                      0.334    16.452 f  ex_stage_i/fpu_gen.fpu_i/fpu_gen.i_fpnew_bulk/gen_operation_groups[3].i_opgroup_block/gen_merged_slice.i_multifmt_slice/gen_num_lanes[0].active_lane.lane_instance.i_fpnew_cast_multi/rvfi_probes_o[instr][wbdata][3][7]_INST_0_i_16/O[1]
                         net (fo=4, routed)           0.591    17.043    ex_stage_i/fpu_gen.fpu_i/fpu_gen.i_fpnew_bulk/gen_operation_groups[3].i_opgroup_block/gen_merged_slice.i_multifmt_slice/gen_num_lanes[0].active_lane.lane_instance.i_fpnew_cast_multi/rounded_abs[5]
    SLICE_X77Y31         LUT1 (Prop_lut1_I0_O)        0.303    17.346 r  ex_stage_i/fpu_gen.fpu_i/fpu_gen.i_fpnew_bulk/gen_operation_groups[3].i_opgroup_block/gen_merged_slice.i_multifmt_slice/gen_num_lanes[0].active_lane.lane_instance.i_fpnew_cast_multi/rvfi_probes_o[instr][wbdata][3][8]_INST_0_i_12/O
                         net (fo=1, routed)           0.000    17.346    ex_stage_i/fpu_gen.fpu_i/fpu_gen.i_fpnew_bulk/gen_operation_groups[3].i_opgroup_block/gen_merged_slice.i_multifmt_slice/gen_num_lanes[0].active_lane.lane_instance.i_fpnew_cast_multi/rvfi_probes_o[instr][wbdata][3][8]_INST_0_i_12_n_0
    SLICE_X77Y31         CARRY4 (Prop_carry4_S[0]_CO[3])
                                                      0.532    17.878 r  ex_stage_i/fpu_gen.fpu_i/fpu_gen.i_fpnew_bulk/gen_operation_groups[3].i_opgroup_block/gen_merged_slice.i_multifmt_slice/gen_num_lanes[0].active_lane.lane_instance.i_fpnew_cast_multi/rvfi_probes_o[instr][wbdata][3][8]_INST_0_i_8/CO[3]
                         net (fo=1, routed)           0.000    17.878    ex_stage_i/fpu_gen.fpu_i/fpu_gen.i_fpnew_bulk/gen_operation_groups[3].i_opgroup_block/gen_merged_slice.i_multifmt_slice/gen_num_lanes[0].active_lane.lane_instance.i_fpnew_cast_multi/rvfi_probes_o[instr][wbdata][3][8]_INST_0_i_8_n_0
    SLICE_X77Y32         CARRY4 (Prop_carry4_CI_CO[3])
                                                      0.114    17.992 r  ex_stage_i/fpu_gen.fpu_i/fpu_gen.i_fpnew_bulk/gen_operation_groups[3].i_opgroup_block/gen_merged_slice.i_multifmt_slice/gen_num_lanes[0].active_lane.lane_instance.i_fpnew_cast_multi/rvfi_probes_o[instr][wbdata][3][12]_INST_0_i_7/CO[3]
                         net (fo=1, routed)           0.000    17.992    ex_stage_i/fpu_gen.fpu_i/fpu_gen.i_fpnew_bulk/gen_operation_groups[3].i_opgroup_block/gen_merged_slice.i_multifmt_slice/gen_num_lanes[0].active_lane.lane_instance.i_fpnew_cast_multi/rvfi_probes_o[instr][wbdata][3][12]_INST_0_i_7_n_0
    SLICE_X77Y33         CARRY4 (Prop_carry4_CI_CO[3])
                                                      0.114    18.106 r  ex_stage_i/fpu_gen.fpu_i/fpu_gen.i_fpnew_bulk/gen_operation_groups[3].i_opgroup_block/gen_merged_slice.i_multifmt_slice/gen_num_lanes[0].active_lane.lane_instance.i_fpnew_cast_multi/rvfi_probes_o[instr][wbdata][3][16]_INST_0_i_7/CO[3]
                         net (fo=1, routed)           0.000    18.106    ex_stage_i/fpu_gen.fpu_i/fpu_gen.i_fpnew_bulk/gen_operation_groups[3].i_opgroup_block/gen_merged_slice.i_multifmt_slice/gen_num_lanes[0].active_lane.lane_instance.i_fpnew_cast_multi/rvfi_probes_o[instr][wbdata][3][16]_INST_0_i_7_n_0
    SLICE_X77Y34         CARRY4 (Prop_carry4_CI_CO[3])
                                                      0.114    18.220 r  ex_stage_i/fpu_gen.fpu_i/fpu_gen.i_fpnew_bulk/gen_operation_groups[3].i_opgroup_block/gen_merged_slice.i_multifmt_slice/gen_num_lanes[0].active_lane.lane_instance.i_fpnew_cast_multi/rvfi_probes_o[instr][wbdata][3][20]_INST_0_i_8/CO[3]
                         net (fo=1, routed)           0.000    18.220    ex_stage_i/fpu_gen.fpu_i/fpu_gen.i_fpnew_bulk/gen_operation_groups[3].i_opgroup_block/gen_merged_slice.i_multifmt_slice/gen_num_lanes[0].active_lane.lane_instance.i_fpnew_cast_multi/rvfi_probes_o[instr][wbdata][3][20]_INST_0_i_8_n_0
    SLICE_X77Y35         CARRY4 (Prop_carry4_CI_CO[3])
                                                      0.114    18.334 r  ex_stage_i/fpu_gen.fpu_i/fpu_gen.i_fpnew_bulk/gen_operation_groups[3].i_opgroup_block/gen_merged_slice.i_multifmt_slice/gen_num_lanes[0].active_lane.lane_instance.i_fpnew_cast_multi/rvfi_probes_o[instr][wbdata][3][24]_INST_0_i_9/CO[3]
                         net (fo=1, routed)           0.000    18.334    ex_stage_i/fpu_gen.fpu_i/fpu_gen.i_fpnew_bulk/gen_operation_groups[3].i_opgroup_block/gen_merged_slice.i_multifmt_slice/gen_num_lanes[0].active_lane.lane_instance.i_fpnew_cast_multi/rvfi_probes_o[instr][wbdata][3][24]_INST_0_i_9_n_0
    SLICE_X77Y36         CARRY4 (Prop_carry4_CI_O[2])
                                                      0.239    18.573 f  ex_stage_i/fpu_gen.fpu_i/fpu_gen.i_fpnew_bulk/gen_operation_groups[3].i_opgroup_block/gen_merged_slice.i_multifmt_slice/gen_num_lanes[0].active_lane.lane_instance.i_fpnew_cast_multi/rvfi_probes_o[instr][wbdata][3][28]_INST_0_i_9/O[2]
                         net (fo=2, routed)           0.782    19.355    ex_stage_i/fpu_gen.fpu_i/fpu_gen.i_fpnew_bulk/gen_operation_groups[3].i_opgroup_block/gen_merged_slice.i_multifmt_slice/gen_num_lanes[0].active_lane.lane_instance.i_fpnew_cast_multi/rounded_uint_res0[27]
    SLICE_X76Y37         LUT5 (Prop_lut5_I1_O)        0.302    19.657 f  ex_stage_i/fpu_gen.fpu_i/fpu_gen.i_fpnew_bulk/gen_operation_groups[3].i_opgroup_block/gen_merged_slice.i_multifmt_slice/gen_num_lanes[0].active_lane.lane_instance.i_fpnew_cast_multi/rvfi_probes_o[instr][wbdata][3][30]_INST_0_i_230/O
                         net (fo=1, routed)           0.492    20.149    ex_stage_i/fpu_gen.fpu_i/fpu_gen.i_fpnew_bulk/gen_operation_groups[3].i_opgroup_block/gen_merged_slice.i_multifmt_slice/gen_num_lanes[0].active_lane.lane_instance.i_fpnew_cast_multi/rvfi_probes_o[instr][wbdata][3][30]_INST_0_i_230_n_0
    SLICE_X76Y36         LUT6 (Prop_lut6_I5_O)        0.124    20.273 f  ex_stage_i/fpu_gen.fpu_i/fpu_gen.i_fpnew_bulk/gen_operation_groups[3].i_opgroup_block/gen_merged_slice.i_multifmt_slice/gen_num_lanes[0].active_lane.lane_instance.i_fpnew_cast_multi/rvfi_probes_o[instr][wbdata][3][30]_INST_0_i_204/O
                         net (fo=1, routed)           0.566    20.839    ex_stage_i/fpu_gen.fpu_i/fpu_gen.i_fpnew_bulk/gen_operation_groups[3].i_opgroup_block/gen_merged_slice.i_multifmt_slice/gen_num_lanes[0].active_lane.lane_instance.i_fpnew_cast_multi/rvfi_probes_o[instr][wbdata][3][30]_INST_0_i_204_n_0
    SLICE_X79Y33         LUT6 (Prop_lut6_I2_O)        0.124    20.963 f  ex_stage_i/fpu_gen.fpu_i/fpu_gen.i_fpnew_bulk/gen_operation_groups[3].i_opgroup_block/gen_merged_slice.i_multifmt_slice/gen_num_lanes[0].active_lane.lane_instance.i_fpnew_cast_multi/rvfi_probes_o[instr][wbdata][3][30]_INST_0_i_160/O
                         net (fo=1, routed)           0.318    21.281    ex_stage_i/fpu_gen.fpu_i/fpu_gen.i_fpnew_bulk/gen_operation_groups[3].i_opgroup_block/gen_merged_slice.i_multifmt_slice/gen_num_lanes[0].active_lane.lane_instance.i_fpnew_cast_multi/rvfi_probes_o[instr][wbdata][3][30]_INST_0_i_160_n_0
    SLICE_X80Y33         LUT6 (Prop_lut6_I1_O)        0.124    21.405 f  ex_stage_i/fpu_gen.fpu_i/fpu_gen.i_fpnew_bulk/gen_operation_groups[3].i_opgroup_block/gen_merged_slice.i_multifmt_slice/gen_num_lanes[0].active_lane.lane_instance.i_fpnew_cast_multi/rvfi_probes_o[instr][wbdata][3][30]_INST_0_i_97/O
                         net (fo=1, routed)           0.291    21.696    ex_stage_i/fpu_gen.fpu_i/fpu_gen.i_fpnew_bulk/gen_operation_groups[3].i_opgroup_block/gen_merged_slice.i_multifmt_slice/gen_num_lanes[0].active_lane.lane_instance.i_fpnew_cast_multi/rvfi_probes_o[instr][wbdata][3][30]_INST_0_i_97_n_0
    SLICE_X81Y33         LUT4 (Prop_lut4_I2_O)        0.124    21.820 f  ex_stage_i/fpu_gen.fpu_i/fpu_gen.i_fpnew_bulk/gen_operation_groups[3].i_opgroup_block/gen_merged_slice.i_multifmt_slice/gen_num_lanes[0].active_lane.lane_instance.i_fpnew_cast_multi/rvfi_probes_o[instr][wbdata][3][30]_INST_0_i_55/O
                         net (fo=1, routed)           0.151    21.971    ex_stage_i/fpu_gen.fpu_i/fpu_gen.i_fpnew_bulk/gen_operation_groups[3].i_opgroup_block/gen_merged_slice.i_multifmt_slice/gen_num_lanes[0].active_lane.lane_instance.i_fpnew_cast_multi/rvfi_probes_o[instr][wbdata][3][30]_INST_0_i_55_n_0
    SLICE_X81Y33         LUT6 (Prop_lut6_I1_O)        0.124    22.095 r  ex_stage_i/fpu_gen.fpu_i/fpu_gen.i_fpnew_bulk/gen_operation_groups[3].i_opgroup_block/gen_merged_slice.i_multifmt_slice/gen_num_lanes[0].active_lane.lane_instance.i_fpnew_cast_multi/rvfi_probes_o[instr][wbdata][3][30]_INST_0_i_37/O
                         net (fo=3, routed)           0.548    22.643    ex_stage_i/fpu_gen.fpu_i/fpu_gen.i_fpnew_bulk/gen_operation_groups[3].i_opgroup_block/gen_merged_slice.i_multifmt_slice/gen_num_lanes[0].active_lane.lane_instance.i_fpnew_cast_multi/rvfi_probes_o[instr][wbdata][3][30]_INST_0_i_37_n_0
    SLICE_X75Y33         LUT6 (Prop_lut6_I1_O)        0.124    22.767 f  ex_stage_i/fpu_gen.fpu_i/fpu_gen.i_fpnew_bulk/gen_operation_groups[3].i_opgroup_block/gen_merged_slice.i_multifmt_slice/gen_num_lanes[0].active_lane.lane_instance.i_fpnew_cast_multi/rvfi_probes_o[instr][wbdata][3][30]_INST_0_i_19/O
                         net (fo=33, routed)          0.770    23.536    ex_stage_i/fpu_gen.fpu_i/fpu_gen.i_fpnew_bulk/gen_operation_groups[3].i_opgroup_block/gen_merged_slice.i_multifmt_slice/gen_num_lanes[0].active_lane.lane_instance.i_fpnew_cast_multi/rvfi_probes_o[instr][wbdata][3][30]_INST_0_i_19_n_0
    SLICE_X75Y32         LUT6 (Prop_lut6_I0_O)        0.124    23.660 r  ex_stage_i/fpu_gen.fpu_i/fpu_gen.i_fpnew_bulk/gen_operation_groups[3].i_opgroup_block/gen_merged_slice.i_multifmt_slice/gen_num_lanes[0].active_lane.lane_instance.i_fpnew_cast_multi/rvfi_probes_o[instr][wbdata][3][13]_INST_0_i_4/O
                         net (fo=1, routed)           0.586    24.247    ex_stage_i/fpu_gen.fpu_i/fpu_gen.i_fpnew_bulk/gen_operation_groups[3].i_opgroup_block/gen_merged_slice.i_multifmt_slice/gen_num_lanes[0].active_lane.lane_instance.i_fpnew_cast_multi/rvfi_probes_o[instr][wbdata][3][13]_INST_0_i_4_n_0
    SLICE_X70Y32         LUT5 (Prop_lut5_I2_O)        0.124    24.371 r  ex_stage_i/fpu_gen.fpu_i/fpu_gen.i_fpnew_bulk/gen_operation_groups[3].i_opgroup_block/gen_merged_slice.i_multifmt_slice/gen_num_lanes[0].active_lane.lane_instance.i_fpnew_cast_multi/rvfi_probes_o[instr][wbdata][3][13]_INST_0_i_1/O
                         net (fo=1, routed)           0.591    24.961    ex_stage_i/fpu_gen.fpu_i/fpu_gen.i_fpnew_bulk/i_arbiter/opgrp_outputs[3][result][13]
    SLICE_X67Y30         LUT6 (Prop_lut6_I0_O)        0.124    25.085 r  ex_stage_i/fpu_gen.fpu_i/fpu_gen.i_fpnew_bulk/i_arbiter/rvfi_probes_o[instr][wbdata][3][13]_INST_0/O
                         net (fo=7, routed)           0.658    25.743    issue_stage_i/i_scoreboard/fu_data_q[0][imm][13]_i_2_0
    SLICE_X56Y28         LUT6 (Prop_lut6_I3_O)        0.124    25.867 r  issue_stage_i/i_scoreboard/fu_data_q[0][imm][13]_i_5/O
                         net (fo=1, routed)           0.159    26.026    issue_stage_i/i_scoreboard/fu_data_q[0][imm][13]_i_5_n_0
    SLICE_X56Y28         LUT6 (Prop_lut6_I5_O)        0.124    26.150 r  issue_stage_i/i_scoreboard/fu_data_q[0][imm][13]_i_2/O
                         net (fo=1, routed)           0.444    26.594    issue_stage_i/i_scoreboard/i_issue_read_operands/rs3[0]_118[13]
    SLICE_X56Y28         LUT6 (Prop_lut6_I2_O)        0.124    26.718 r  issue_stage_i/i_scoreboard/fu_data_q[0][imm][13]_i_1/O
                         net (fo=1, routed)           0.000    26.718    issue_stage_i/i_issue_read_operands/fu_data_q_reg[0][imm][31]_1[13]
    SLICE_X56Y28         FDCE                                         r  issue_stage_i/i_issue_read_operands/fu_data_q_reg[0][imm][13]/D
  -------------------------------------------------------------------    -------------------

                         (clock clk_i rise edge)     25.000    25.000 r  
                                                      0.000    25.000 r  clk_i (IN)
                         net (fo=6832, unset)         0.924    25.924    issue_stage_i/i_issue_read_operands/clk_i
    SLICE_X56Y28         FDCE                                         r  issue_stage_i/i_issue_read_operands/fu_data_q_reg[0][imm][13]/C
                         clock pessimism              0.000    25.924    
                         clock uncertainty           -0.035    25.889    
    SLICE_X56Y28         FDCE (Setup_fdce_C_D)        0.029    25.918    issue_stage_i/i_issue_read_operands/fu_data_q_reg[0][imm][13]
  -------------------------------------------------------------------
                         required time                         25.918    
                         arrival time                         -26.718    
  -------------------------------------------------------------------
                         slack                                 -0.800    

Slack (VIOLATED) :        -0.759ns  (required time - arrival time)
  Source:                 ex_stage_i/fpu_gen.fpu_i/fpu_gen.i_fpnew_bulk/gen_operation_groups[3].i_opgroup_block/gen_merged_slice.i_multifmt_slice/gen_num_lanes[0].active_lane.lane_instance.i_fpnew_cast_multi/gen_inside_pipeline[0].mid_pipe_dst_fmt_q_reg[1][2]/C
                            (rising edge-triggered cell FDCE clocked by clk_i  {rise@0.000ns fall@12.500ns period=25.000ns})
  Destination:            issue_stage_i/i_issue_read_operands/fu_data_q_reg[0][imm][15]/D
                            (rising edge-triggered cell FDCE clocked by clk_i  {rise@0.000ns fall@12.500ns period=25.000ns})
  Path Group:             clk_i
  Path Type:              Setup (Max at Slow Process Corner)
  Requirement:            25.000ns  (clk_i rise@25.000ns - clk_i rise@0.000ns)
  Data Path Delay:        25.706ns  (logic 8.518ns (33.137%)  route 17.188ns (66.863%))
  Logic Levels:           39  (CARRY4=12 LUT1=1 LUT2=2 LUT3=3 LUT4=3 LUT5=3 LUT6=15)
  Clock Path Skew:        -0.049ns (DCD - SCD + CPR)
    Destination Clock Delay (DCD):    0.924ns = ( 25.924 - 25.000 ) 
    Source Clock Delay      (SCD):    0.973ns
    Clock Pessimism Removal (CPR):    0.000ns
  Clock Uncertainty:      0.035ns  ((TSJ^2 + TIJ^2)^1/2 + DJ) / 2 + PE
    Total System Jitter     (TSJ):    0.071ns
    Total Input Jitter      (TIJ):    0.000ns
    Discrete Jitter          (DJ):    0.000ns
    Phase Error              (PE):    0.000ns

    Location             Delay type                Incr(ns)  Path(ns)    Netlist Resource(s)
  -------------------------------------------------------------------    -------------------
                         (clock clk_i rise edge)      0.000     0.000 r  
                                                      0.000     0.000 r  clk_i (IN)
                         net (fo=6832, unset)         0.973     0.973    ex_stage_i/fpu_gen.fpu_i/fpu_gen.i_fpnew_bulk/gen_operation_groups[3].i_opgroup_block/gen_merged_slice.i_multifmt_slice/gen_num_lanes[0].active_lane.lane_instance.i_fpnew_cast_multi/clk_i
    SLICE_X85Y28         FDCE                                         r  ex_stage_i/fpu_gen.fpu_i/fpu_gen.i_fpnew_bulk/gen_operation_groups[3].i_opgroup_block/gen_merged_slice.i_multifmt_slice/gen_num_lanes[0].active_lane.lane_instance.i_fpnew_cast_multi/gen_inside_pipeline[0].mid_pipe_dst_fmt_q_reg[1][2]/C
  -------------------------------------------------------------------    -------------------
    SLICE_X85Y28         FDCE (Prop_fdce_C_Q)         0.456     1.429 r  ex_stage_i/fpu_gen.fpu_i/fpu_gen.i_fpnew_bulk/gen_operation_groups[3].i_opgroup_block/gen_merged_slice.i_multifmt_slice/gen_num_lanes[0].active_lane.lane_instance.i_fpnew_cast_multi/gen_inside_pipeline[0].mid_pipe_dst_fmt_q_reg[1][2]/Q
                         net (fo=147, routed)         0.494     1.923    ex_stage_i/fpu_gen.fpu_i/fpu_gen.i_fpnew_bulk/gen_operation_groups[3].i_opgroup_block/gen_merged_slice.i_multifmt_slice/gen_num_lanes[0].active_lane.lane_instance.i_fpnew_cast_multi/gen_inside_pipeline[0].mid_pipe_dst_fmt_q_reg_n_0_[1][2]
    SLICE_X84Y28         LUT3 (Prop_lut3_I0_O)        0.124     2.047 r  ex_stage_i/fpu_gen.fpu_i/fpu_gen.i_fpnew_bulk/gen_operation_groups[3].i_opgroup_block/gen_merged_slice.i_multifmt_slice/gen_num_lanes[0].active_lane.lane_instance.i_fpnew_cast_multi/of_before_round1__7_carry_i_1/O
                         net (fo=8, routed)           0.344     2.391    ex_stage_i/fpu_gen.fpu_i/fpu_gen.i_fpnew_bulk/gen_operation_groups[3].i_opgroup_block/gen_merged_slice.i_multifmt_slice/gen_num_lanes[0].active_lane.lane_instance.i_fpnew_cast_multi/of_before_round1__7_carry_i_1_n_0
    SLICE_X85Y29         CARRY4 (Prop_carry4_CYINIT_CO[3])
                                                      0.580     2.971 r  ex_stage_i/fpu_gen.fpu_i/fpu_gen.i_fpnew_bulk/gen_operation_groups[3].i_opgroup_block/gen_merged_slice.i_multifmt_slice/gen_num_lanes[0].active_lane.lane_instance.i_fpnew_cast_multi/of_before_round1__7_carry/CO[3]
                         net (fo=5, routed)           1.003     3.974    ex_stage_i/fpu_gen.fpu_i/fpu_gen.i_fpnew_bulk/gen_operation_groups[3].i_opgroup_block/gen_merged_slice.i_multifmt_slice/gen_num_lanes[0].active_lane.lane_instance.i_fpnew_cast_multi/of_before_round1__7_carry_n_0
    SLICE_X82Y29         CARRY4 (Prop_carry4_CYINIT_CO[2])
                                                      0.608     4.582 r  ex_stage_i/fpu_gen.fpu_i/fpu_gen.i_fpnew_bulk/gen_operation_groups[3].i_opgroup_block/gen_merged_slice.i_multifmt_slice/gen_num_lanes[0].active_lane.lane_instance.i_fpnew_cast_multi/of_before_round0_carry__0_i_9/CO[2]
                         net (fo=20, routed)          0.689     5.271    ex_stage_i/fpu_gen.fpu_i/fpu_gen.i_fpnew_bulk/gen_operation_groups[3].i_opgroup_block/gen_merged_slice.i_multifmt_slice/gen_num_lanes[0].active_lane.lane_instance.i_fpnew_cast_multi/of_before_round0_carry__0_i_9_n_1
    SLICE_X83Y31         LUT2 (Prop_lut2_I0_O)        0.310     5.581 r  ex_stage_i/fpu_gen.fpu_i/fpu_gen.i_fpnew_bulk/gen_operation_groups[3].i_opgroup_block/gen_merged_slice.i_multifmt_slice/gen_num_lanes[0].active_lane.lane_instance.i_fpnew_cast_multi/of_before_round0_carry__1_i_7/O
                         net (fo=1, routed)           0.000     5.581    ex_stage_i/fpu_gen.fpu_i/fpu_gen.i_fpnew_bulk/gen_operation_groups[3].i_opgroup_block/gen_merged_slice.i_multifmt_slice/gen_num_lanes[0].active_lane.lane_instance.i_fpnew_cast_multi/of_before_round0_carry__1_i_7_n_0
    SLICE_X83Y31         CARRY4 (Prop_carry4_S[1]_CO[3])
                                                      0.550     6.131 r  ex_stage_i/fpu_gen.fpu_i/fpu_gen.i_fpnew_bulk/gen_operation_groups[3].i_opgroup_block/gen_merged_slice.i_multifmt_slice/gen_num_lanes[0].active_lane.lane_instance.i_fpnew_cast_multi/of_before_round0_carry__1/CO[3]
                         net (fo=1, routed)           0.000     6.131    ex_stage_i/fpu_gen.fpu_i/fpu_gen.i_fpnew_bulk/gen_operation_groups[3].i_opgroup_block/gen_merged_slice.i_multifmt_slice/gen_num_lanes[0].active_lane.lane_instance.i_fpnew_cast_multi/of_before_round0_carry__1_n_0
    SLICE_X83Y32         CARRY4 (Prop_carry4_CI_CO[3])
                                                      0.114     6.245 f  ex_stage_i/fpu_gen.fpu_i/fpu_gen.i_fpnew_bulk/gen_operation_groups[3].i_opgroup_block/gen_merged_slice.i_multifmt_slice/gen_num_lanes[0].active_lane.lane_instance.i_fpnew_cast_multi/of_before_round0_carry__2/CO[3]
                         net (fo=34, routed)          1.047     7.292    ex_stage_i/fpu_gen.fpu_i/fpu_gen.i_fpnew_bulk/gen_operation_groups[3].i_opgroup_block/gen_merged_slice.i_multifmt_slice/gen_num_lanes[0].active_lane.lane_instance.i_fpnew_cast_multi/of_before_round0__16
    SLICE_X86Y32         LUT3 (Prop_lut3_I0_O)        0.124     7.416 r  ex_stage_i/fpu_gen.fpu_i/fpu_gen.i_fpnew_bulk/gen_operation_groups[3].i_opgroup_block/gen_merged_slice.i_multifmt_slice/gen_num_lanes[0].active_lane.lane_instance.i_fpnew_cast_multi/rvfi_probes_o[instr][wbdata][3][30]_INST_0_i_146/O
                         net (fo=7, routed)           0.463     7.879    ex_stage_i/fpu_gen.fpu_i/fpu_gen.i_fpnew_bulk/gen_operation_groups[3].i_opgroup_block/gen_merged_slice.i_multifmt_slice/gen_num_lanes[0].active_lane.lane_instance.i_fpnew_cast_multi/rvfi_probes_o[instr][wbdata][3][30]_INST_0_i_146_n_0
    SLICE_X86Y33         LUT6 (Prop_lut6_I3_O)        0.124     8.003 r  ex_stage_i/fpu_gen.fpu_i/fpu_gen.i_fpnew_bulk/gen_operation_groups[3].i_opgroup_block/gen_merged_slice.i_multifmt_slice/gen_num_lanes[0].active_lane.lane_instance.i_fpnew_cast_multi/rvfi_probes_o[instr][wbdata][3][30]_INST_0_i_140/O
                         net (fo=87, routed)          1.139     9.141    ex_stage_i/fpu_gen.fpu_i/fpu_gen.i_fpnew_bulk/gen_operation_groups[3].i_opgroup_block/gen_merged_slice.i_multifmt_slice/gen_num_lanes[0].active_lane.lane_instance.i_fpnew_cast_multi/rvfi_probes_o[instr][wbdata][3][30]_INST_0_i_140_n_0
    SLICE_X87Y37         LUT6 (Prop_lut6_I5_O)        0.124     9.265 r  ex_stage_i/fpu_gen.fpu_i/fpu_gen.i_fpnew_bulk/gen_operation_groups[3].i_opgroup_block/gen_merged_slice.i_multifmt_slice/gen_num_lanes[0].active_lane.lane_instance.i_fpnew_cast_multi/mem_q[0][sbe][ex][cause][1]_i_101/O
                         net (fo=2, routed)           0.606     9.872    ex_stage_i/fpu_gen.fpu_i/fpu_gen.i_fpnew_bulk/gen_operation_groups[3].i_opgroup_block/gen_merged_slice.i_multifmt_slice/gen_num_lanes[0].active_lane.lane_instance.i_fpnew_cast_multi/mem_q[0][sbe][ex][cause][1]_i_101_n_0
    SLICE_X86Y37         LUT4 (Prop_lut4_I3_O)        0.124     9.996 r  ex_stage_i/fpu_gen.fpu_i/fpu_gen.i_fpnew_bulk/gen_operation_groups[3].i_opgroup_block/gen_merged_slice.i_multifmt_slice/gen_num_lanes[0].active_lane.lane_instance.i_fpnew_cast_multi/mem_q[0][sbe][ex][cause][1]_i_58/O
                         net (fo=3, routed)           0.641    10.637    ex_stage_i/fpu_gen.fpu_i/fpu_gen.i_fpnew_bulk/gen_operation_groups[3].i_opgroup_block/gen_merged_slice.i_multifmt_slice/gen_num_lanes[0].active_lane.lane_instance.i_fpnew_cast_multi/mem_q[0][sbe][ex][cause][1]_i_58_n_0
    SLICE_X83Y36         LUT5 (Prop_lut5_I3_O)        0.124    10.761 r  ex_stage_i/fpu_gen.fpu_i/fpu_gen.i_fpnew_bulk/gen_operation_groups[3].i_opgroup_block/gen_merged_slice.i_multifmt_slice/gen_num_lanes[0].active_lane.lane_instance.i_fpnew_cast_multi/mem_q[0][sbe][ex][cause][1]_i_68/O
                         net (fo=2, routed)           0.814    11.575    ex_stage_i/fpu_gen.fpu_i/fpu_gen.i_fpnew_bulk/gen_operation_groups[3].i_opgroup_block/gen_merged_slice.i_multifmt_slice/gen_num_lanes[0].active_lane.lane_instance.i_fpnew_cast_multi/mem_q[0][sbe][ex][cause][1]_i_68_n_0
    SLICE_X82Y36         LUT3 (Prop_lut3_I2_O)        0.146    11.721 r  ex_stage_i/fpu_gen.fpu_i/fpu_gen.i_fpnew_bulk/gen_operation_groups[3].i_opgroup_block/gen_merged_slice.i_multifmt_slice/gen_num_lanes[0].active_lane.lane_instance.i_fpnew_cast_multi/mem_q[0][sbe][ex][cause][1]_i_44/O
                         net (fo=2, routed)           0.844    12.565    ex_stage_i/fpu_gen.fpu_i/fpu_gen.i_fpnew_bulk/gen_operation_groups[3].i_opgroup_block/gen_merged_slice.i_multifmt_slice/gen_num_lanes[0].active_lane.lane_instance.i_fpnew_cast_multi/mem_q[0][sbe][ex][cause][1]_i_44_n_0
    SLICE_X81Y35         LUT6 (Prop_lut6_I4_O)        0.328    12.893 r  ex_stage_i/fpu_gen.fpu_i/fpu_gen.i_fpnew_bulk/gen_operation_groups[3].i_opgroup_block/gen_merged_slice.i_multifmt_slice/gen_num_lanes[0].active_lane.lane_instance.i_fpnew_cast_multi/mem_q[0][sbe][ex][cause][1]_i_27/O
                         net (fo=1, routed)           0.797    13.690    ex_stage_i/fpu_gen.fpu_i/fpu_gen.i_fpnew_bulk/gen_operation_groups[3].i_opgroup_block/gen_merged_slice.i_multifmt_slice/gen_num_lanes[0].active_lane.lane_instance.i_fpnew_cast_multi/mem_q[0][sbe][ex][cause][1]_i_27_n_0
    SLICE_X81Y36         LUT6 (Prop_lut6_I0_O)        0.124    13.814 f  ex_stage_i/fpu_gen.fpu_i/fpu_gen.i_fpnew_bulk/gen_operation_groups[3].i_opgroup_block/gen_merged_slice.i_multifmt_slice/gen_num_lanes[0].active_lane.lane_instance.i_fpnew_cast_multi/mem_q[0][sbe][ex][cause][1]_i_18/O
                         net (fo=4, routed)           0.464    14.277    ex_stage_i/fpu_gen.fpu_i/fpu_gen.i_fpnew_bulk/gen_operation_groups[3].i_opgroup_block/gen_merged_slice.i_multifmt_slice/gen_num_lanes[0].active_lane.lane_instance.i_fpnew_cast_multi/mem_q[0][sbe][ex][cause][1]_i_18_n_0
    SLICE_X80Y34         LUT4 (Prop_lut4_I3_O)        0.124    14.401 r  ex_stage_i/fpu_gen.fpu_i/fpu_gen.i_fpnew_bulk/gen_operation_groups[3].i_opgroup_block/gen_merged_slice.i_multifmt_slice/gen_num_lanes[0].active_lane.lane_instance.i_fpnew_cast_multi/rvfi_probes_o[instr][wbdata][3][0]_INST_0_i_52/O
                         net (fo=2, routed)           0.510    14.911    ex_stage_i/fpu_gen.fpu_i/fpu_gen.i_fpnew_bulk/gen_operation_groups[3].i_opgroup_block/gen_merged_slice.i_multifmt_slice/gen_num_lanes[0].active_lane.lane_instance.i_fpnew_cast_multi/rvfi_probes_o[instr][wbdata][3][0]_INST_0_i_52_n_0
    SLICE_X79Y30         LUT2 (Prop_lut2_I0_O)        0.124    15.035 r  ex_stage_i/fpu_gen.fpu_i/fpu_gen.i_fpnew_bulk/gen_operation_groups[3].i_opgroup_block/gen_merged_slice.i_multifmt_slice/gen_num_lanes[0].active_lane.lane_instance.i_fpnew_cast_multi/rvfi_probes_o[instr][wbdata][3][0]_INST_0_i_32/O
                         net (fo=1, routed)           0.426    15.462    ex_stage_i/fpu_gen.fpu_i/fpu_gen.i_fpnew_bulk/gen_operation_groups[3].i_opgroup_block/gen_merged_slice.i_multifmt_slice/gen_num_lanes[0].active_lane.lane_instance.i_fpnew_cast_multi/rvfi_probes_o[instr][wbdata][3][0]_INST_0_i_32_n_0
    SLICE_X78Y30         LUT6 (Prop_lut6_I0_O)        0.124    15.586 r  ex_stage_i/fpu_gen.fpu_i/fpu_gen.i_fpnew_bulk/gen_operation_groups[3].i_opgroup_block/gen_merged_slice.i_multifmt_slice/gen_num_lanes[0].active_lane.lane_instance.i_fpnew_cast_multi/rvfi_probes_o[instr][wbdata][3][0]_INST_0_i_19/O
                         net (fo=1, routed)           0.000    15.586    ex_stage_i/fpu_gen.fpu_i/fpu_gen.i_fpnew_bulk/gen_operation_groups[3].i_opgroup_block/gen_merged_slice.i_multifmt_slice/gen_num_lanes[0].active_lane.lane_instance.i_fpnew_cast_multi/rvfi_probes_o[instr][wbdata][3][0]_INST_0_i_19_n_0
    SLICE_X78Y30         CARRY4 (Prop_carry4_S[0]_CO[3])
                                                      0.532    16.118 r  ex_stage_i/fpu_gen.fpu_i/fpu_gen.i_fpnew_bulk/gen_operation_groups[3].i_opgroup_block/gen_merged_slice.i_multifmt_slice/gen_num_lanes[0].active_lane.lane_instance.i_fpnew_cast_multi/rvfi_probes_o[instr][wbdata][3][0]_INST_0_i_8/CO[3]
                         net (fo=1, routed)           0.000    16.118    ex_stage_i/fpu_gen.fpu_i/fpu_gen.i_fpnew_bulk/gen_operation_groups[3].i_opgroup_block/gen_merged_slice.i_multifmt_slice/gen_num_lanes[0].active_lane.lane_instance.i_fpnew_cast_multi/rvfi_probes_o[instr][wbdata][3][0]_INST_0_i_8_n_0
    SLICE_X78Y31         CARRY4 (Prop_carry4_CI_O[1])
                                                      0.334    16.452 f  ex_stage_i/fpu_gen.fpu_i/fpu_gen.i_fpnew_bulk/gen_operation_groups[3].i_opgroup_block/gen_merged_slice.i_multifmt_slice/gen_num_lanes[0].active_lane.lane_instance.i_fpnew_cast_multi/rvfi_probes_o[instr][wbdata][3][7]_INST_0_i_16/O[1]
                         net (fo=4, routed)           0.591    17.043    ex_stage_i/fpu_gen.fpu_i/fpu_gen.i_fpnew_bulk/gen_operation_groups[3].i_opgroup_block/gen_merged_slice.i_multifmt_slice/gen_num_lanes[0].active_lane.lane_instance.i_fpnew_cast_multi/rounded_abs[5]
    SLICE_X77Y31         LUT1 (Prop_lut1_I0_O)        0.303    17.346 r  ex_stage_i/fpu_gen.fpu_i/fpu_gen.i_fpnew_bulk/gen_operation_groups[3].i_opgroup_block/gen_merged_slice.i_multifmt_slice/gen_num_lanes[0].active_lane.lane_instance.i_fpnew_cast_multi/rvfi_probes_o[instr][wbdata][3][8]_INST_0_i_12/O
                         net (fo=1, routed)           0.000    17.346    ex_stage_i/fpu_gen.fpu_i/fpu_gen.i_fpnew_bulk/gen_operation_groups[3].i_opgroup_block/gen_merged_slice.i_multifmt_slice/gen_num_lanes[0].active_lane.lane_instance.i_fpnew_cast_multi/rvfi_probes_o[instr][wbdata][3][8]_INST_0_i_12_n_0
    SLICE_X77Y31         CARRY4 (Prop_carry4_S[0]_CO[3])
                                                      0.532    17.878 r  ex_stage_i/fpu_gen.fpu_i/fpu_gen.i_fpnew_bulk/gen_operation_groups[3].i_opgroup_block/gen_merged_slice.i_multifmt_slice/gen_num_lanes[0].active_lane.lane_instance.i_fpnew_cast_multi/rvfi_probes_o[instr][wbdata][3][8]_INST_0_i_8/CO[3]
                         net (fo=1, routed)           0.000    17.878    ex_stage_i/fpu_gen.fpu_i/fpu_gen.i_fpnew_bulk/gen_operation_groups[3].i_opgroup_block/gen_merged_slice.i_multifmt_slice/gen_num_lanes[0].active_lane.lane_instance.i_fpnew_cast_multi/rvfi_probes_o[instr][wbdata][3][8]_INST_0_i_8_n_0
    SLICE_X77Y32         CARRY4 (Prop_carry4_CI_CO[3])
                                                      0.114    17.992 r  ex_stage_i/fpu_gen.fpu_i/fpu_gen.i_fpnew_bulk/gen_operation_groups[3].i_opgroup_block/gen_merged_slice.i_multifmt_slice/gen_num_lanes[0].active_lane.lane_instance.i_fpnew_cast_multi/rvfi_probes_o[instr][wbdata][3][12]_INST_0_i_7/CO[3]
                         net (fo=1, routed)           0.000    17.992    ex_stage_i/fpu_gen.fpu_i/fpu_gen.i_fpnew_bulk/gen_operation_groups[3].i_opgroup_block/gen_merged_slice.i_multifmt_slice/gen_num_lanes[0].active_lane.lane_instance.i_fpnew_cast_multi/rvfi_probes_o[instr][wbdata][3][12]_INST_0_i_7_n_0
    SLICE_X77Y33         CARRY4 (Prop_carry4_CI_CO[3])
                                                      0.114    18.106 r  ex_stage_i/fpu_gen.fpu_i/fpu_gen.i_fpnew_bulk/gen_operation_groups[3].i_opgroup_block/gen_merged_slice.i_multifmt_slice/gen_num_lanes[0].active_lane.lane_instance.i_fpnew_cast_multi/rvfi_probes_o[instr][wbdata][3][16]_INST_0_i_7/CO[3]
                         net (fo=1, routed)           0.000    18.106    ex_stage_i/fpu_gen.fpu_i/fpu_gen.i_fpnew_bulk/gen_operation_groups[3].i_opgroup_block/gen_merged_slice.i_multifmt_slice/gen_num_lanes[0].active_lane.lane_instance.i_fpnew_cast_multi/rvfi_probes_o[instr][wbdata][3][16]_INST_0_i_7_n_0
    SLICE_X77Y34         CARRY4 (Prop_carry4_CI_CO[3])
                                                      0.114    18.220 r  ex_stage_i/fpu_gen.fpu_i/fpu_gen.i_fpnew_bulk/gen_operation_groups[3].i_opgroup_block/gen_merged_slice.i_multifmt_slice/gen_num_lanes[0].active_lane.lane_instance.i_fpnew_cast_multi/rvfi_probes_o[instr][wbdata][3][20]_INST_0_i_8/CO[3]
                         net (fo=1, routed)           0.000    18.220    ex_stage_i/fpu_gen.fpu_i/fpu_gen.i_fpnew_bulk/gen_operation_groups[3].i_opgroup_block/gen_merged_slice.i_multifmt_slice/gen_num_lanes[0].active_lane.lane_instance.i_fpnew_cast_multi/rvfi_probes_o[instr][wbdata][3][20]_INST_0_i_8_n_0
    SLICE_X77Y35         CARRY4 (Prop_carry4_CI_CO[3])
                                                      0.114    18.334 r  ex_stage_i/fpu_gen.fpu_i/fpu_gen.i_fpnew_bulk/gen_operation_groups[3].i_opgroup_block/gen_merged_slice.i_multifmt_slice/gen_num_lanes[0].active_lane.lane_instance.i_fpnew_cast_multi/rvfi_probes_o[instr][wbdata][3][24]_INST_0_i_9/CO[3]
                         net (fo=1, routed)           0.000    18.334    ex_stage_i/fpu_gen.fpu_i/fpu_gen.i_fpnew_bulk/gen_operation_groups[3].i_opgroup_block/gen_merged_slice.i_multifmt_slice/gen_num_lanes[0].active_lane.lane_instance.i_fpnew_cast_multi/rvfi_probes_o[instr][wbdata][3][24]_INST_0_i_9_n_0
    SLICE_X77Y36         CARRY4 (Prop_carry4_CI_O[2])
                                                      0.239    18.573 f  ex_stage_i/fpu_gen.fpu_i/fpu_gen.i_fpnew_bulk/gen_operation_groups[3].i_opgroup_block/gen_merged_slice.i_multifmt_slice/gen_num_lanes[0].active_lane.lane_instance.i_fpnew_cast_multi/rvfi_probes_o[instr][wbdata][3][28]_INST_0_i_9/O[2]
                         net (fo=2, routed)           0.782    19.355    ex_stage_i/fpu_gen.fpu_i/fpu_gen.i_fpnew_bulk/gen_operation_groups[3].i_opgroup_block/gen_merged_slice.i_multifmt_slice/gen_num_lanes[0].active_lane.lane_instance.i_fpnew_cast_multi/rounded_uint_res0[27]
    SLICE_X76Y37         LUT5 (Prop_lut5_I1_O)        0.302    19.657 f  ex_stage_i/fpu_gen.fpu_i/fpu_gen.i_fpnew_bulk/gen_operation_groups[3].i_opgroup_block/gen_merged_slice.i_multifmt_slice/gen_num_lanes[0].active_lane.lane_instance.i_fpnew_cast_multi/rvfi_probes_o[instr][wbdata][3][30]_INST_0_i_230/O
                         net (fo=1, routed)           0.492    20.149    ex_stage_i/fpu_gen.fpu_i/fpu_gen.i_fpnew_bulk/gen_operation_groups[3].i_opgroup_block/gen_merged_slice.i_multifmt_slice/gen_num_lanes[0].active_lane.lane_instance.i_fpnew_cast_multi/rvfi_probes_o[instr][wbdata][3][30]_INST_0_i_230_n_0
    SLICE_X76Y36         LUT6 (Prop_lut6_I5_O)        0.124    20.273 f  ex_stage_i/fpu_gen.fpu_i/fpu_gen.i_fpnew_bulk/gen_operation_groups[3].i_opgroup_block/gen_merged_slice.i_multifmt_slice/gen_num_lanes[0].active_lane.lane_instance.i_fpnew_cast_multi/rvfi_probes_o[instr][wbdata][3][30]_INST_0_i_204/O
                         net (fo=1, routed)           0.566    20.839    ex_stage_i/fpu_gen.fpu_i/fpu_gen.i_fpnew_bulk/gen_operation_groups[3].i_opgroup_block/gen_merged_slice.i_multifmt_slice/gen_num_lanes[0].active_lane.lane_instance.i_fpnew_cast_multi/rvfi_probes_o[instr][wbdata][3][30]_INST_0_i_204_n_0
    SLICE_X79Y33         LUT6 (Prop_lut6_I2_O)        0.124    20.963 f  ex_stage_i/fpu_gen.fpu_i/fpu_gen.i_fpnew_bulk/gen_operation_groups[3].i_opgroup_block/gen_merged_slice.i_multifmt_slice/gen_num_lanes[0].active_lane.lane_instance.i_fpnew_cast_multi/rvfi_probes_o[instr][wbdata][3][30]_INST_0_i_160/O
                         net (fo=1, routed)           0.318    21.281    ex_stage_i/fpu_gen.fpu_i/fpu_gen.i_fpnew_bulk/gen_operation_groups[3].i_opgroup_block/gen_merged_slice.i_multifmt_slice/gen_num_lanes[0].active_lane.lane_instance.i_fpnew_cast_multi/rvfi_probes_o[instr][wbdata][3][30]_INST_0_i_160_n_0
    SLICE_X80Y33         LUT6 (Prop_lut6_I1_O)        0.124    21.405 f  ex_stage_i/fpu_gen.fpu_i/fpu_gen.i_fpnew_bulk/gen_operation_groups[3].i_opgroup_block/gen_merged_slice.i_multifmt_slice/gen_num_lanes[0].active_lane.lane_instance.i_fpnew_cast_multi/rvfi_probes_o[instr][wbdata][3][30]_INST_0_i_97/O
                         net (fo=1, routed)           0.291    21.696    ex_stage_i/fpu_gen.fpu_i/fpu_gen.i_fpnew_bulk/gen_operation_groups[3].i_opgroup_block/gen_merged_slice.i_multifmt_slice/gen_num_lanes[0].active_lane.lane_instance.i_fpnew_cast_multi/rvfi_probes_o[instr][wbdata][3][30]_INST_0_i_97_n_0
    SLICE_X81Y33         LUT4 (Prop_lut4_I2_O)        0.124    21.820 f  ex_stage_i/fpu_gen.fpu_i/fpu_gen.i_fpnew_bulk/gen_operation_groups[3].i_opgroup_block/gen_merged_slice.i_multifmt_slice/gen_num_lanes[0].active_lane.lane_instance.i_fpnew_cast_multi/rvfi_probes_o[instr][wbdata][3][30]_INST_0_i_55/O
                         net (fo=1, routed)           0.151    21.971    ex_stage_i/fpu_gen.fpu_i/fpu_gen.i_fpnew_bulk/gen_operation_groups[3].i_opgroup_block/gen_merged_slice.i_multifmt_slice/gen_num_lanes[0].active_lane.lane_instance.i_fpnew_cast_multi/rvfi_probes_o[instr][wbdata][3][30]_INST_0_i_55_n_0
    SLICE_X81Y33         LUT6 (Prop_lut6_I1_O)        0.124    22.095 r  ex_stage_i/fpu_gen.fpu_i/fpu_gen.i_fpnew_bulk/gen_operation_groups[3].i_opgroup_block/gen_merged_slice.i_multifmt_slice/gen_num_lanes[0].active_lane.lane_instance.i_fpnew_cast_multi/rvfi_probes_o[instr][wbdata][3][30]_INST_0_i_37/O
                         net (fo=3, routed)           0.548    22.643    ex_stage_i/fpu_gen.fpu_i/fpu_gen.i_fpnew_bulk/gen_operation_groups[3].i_opgroup_block/gen_merged_slice.i_multifmt_slice/gen_num_lanes[0].active_lane.lane_instance.i_fpnew_cast_multi/rvfi_probes_o[instr][wbdata][3][30]_INST_0_i_37_n_0
    SLICE_X75Y33         LUT6 (Prop_lut6_I1_O)        0.124    22.767 f  ex_stage_i/fpu_gen.fpu_i/fpu_gen.i_fpnew_bulk/gen_operation_groups[3].i_opgroup_block/gen_merged_slice.i_multifmt_slice/gen_num_lanes[0].active_lane.lane_instance.i_fpnew_cast_multi/rvfi_probes_o[instr][wbdata][3][30]_INST_0_i_19/O
                         net (fo=33, routed)          0.969    23.736    ex_stage_i/fpu_gen.fpu_i/fpu_gen.i_fpnew_bulk/gen_operation_groups[3].i_opgroup_block/gen_merged_slice.i_multifmt_slice/gen_num_lanes[0].active_lane.lane_instance.i_fpnew_cast_multi/rvfi_probes_o[instr][wbdata][3][30]_INST_0_i_19_n_0
    SLICE_X70Y33         LUT6 (Prop_lut6_I0_O)        0.124    23.860 r  ex_stage_i/fpu_gen.fpu_i/fpu_gen.i_fpnew_bulk/gen_operation_groups[3].i_opgroup_block/gen_merged_slice.i_multifmt_slice/gen_num_lanes[0].active_lane.lane_instance.i_fpnew_cast_multi/rvfi_probes_o[instr][wbdata][3][15]_INST_0_i_4/O
                         net (fo=1, routed)           0.570    24.430    ex_stage_i/fpu_gen.fpu_i/fpu_gen.i_fpnew_bulk/gen_operation_groups[3].i_opgroup_block/gen_merged_slice.i_multifmt_slice/gen_num_lanes[0].active_lane.lane_instance.i_fpnew_cast_multi/rvfi_probes_o[instr][wbdata][3][15]_INST_0_i_4_n_0
    SLICE_X66Y32         LUT5 (Prop_lut5_I2_O)        0.124    24.554 r  ex_stage_i/fpu_gen.fpu_i/fpu_gen.i_fpnew_bulk/gen_operation_groups[3].i_opgroup_block/gen_merged_slice.i_multifmt_slice/gen_num_lanes[0].active_lane.lane_instance.i_fpnew_cast_multi/rvfi_probes_o[instr][wbdata][3][15]_INST_0_i_1/O
                         net (fo=1, routed)           0.600    25.154    ex_stage_i/fpu_gen.fpu_i/fpu_gen.i_fpnew_bulk/i_arbiter/opgrp_outputs[3][result][15]
    SLICE_X59Y31         LUT6 (Prop_lut6_I0_O)        0.124    25.278 r  ex_stage_i/fpu_gen.fpu_i/fpu_gen.i_fpnew_bulk/i_arbiter/rvfi_probes_o[instr][wbdata][3][15]_INST_0/O
                         net (fo=7, routed)           0.470    25.749    issue_stage_i/i_scoreboard/fu_data_q[0][imm][15]_i_2_0
    SLICE_X57Y32         LUT6 (Prop_lut6_I3_O)        0.124    25.873 r  issue_stage_i/i_scoreboard/fu_data_q[0][imm][15]_i_5/O
                         net (fo=1, routed)           0.295    26.168    issue_stage_i/i_scoreboard/fu_data_q[0][imm][15]_i_5_n_0
    SLICE_X57Y31         LUT6 (Prop_lut6_I5_O)        0.124    26.292 r  issue_stage_i/i_scoreboard/fu_data_q[0][imm][15]_i_2/O
                         net (fo=1, routed)           0.263    26.555    issue_stage_i/i_scoreboard/i_issue_read_operands/rs3[0]_118[15]
    SLICE_X57Y31         LUT6 (Prop_lut6_I2_O)        0.124    26.679 r  issue_stage_i/i_scoreboard/fu_data_q[0][imm][15]_i_1/O
                         net (fo=1, routed)           0.000    26.679    issue_stage_i/i_issue_read_operands/fu_data_q_reg[0][imm][31]_1[15]
    SLICE_X57Y31         FDCE                                         r  issue_stage_i/i_issue_read_operands/fu_data_q_reg[0][imm][15]/D
  -------------------------------------------------------------------    -------------------

                         (clock clk_i rise edge)     25.000    25.000 r  
                                                      0.000    25.000 r  clk_i (IN)
                         net (fo=6832, unset)         0.924    25.924    issue_stage_i/i_issue_read_operands/clk_i
    SLICE_X57Y31         FDCE                                         r  issue_stage_i/i_issue_read_operands/fu_data_q_reg[0][imm][15]/C
                         clock pessimism              0.000    25.924    
                         clock uncertainty           -0.035    25.889    
    SLICE_X57Y31         FDCE (Setup_fdce_C_D)        0.031    25.920    issue_stage_i/i_issue_read_operands/fu_data_q_reg[0][imm][15]
  -------------------------------------------------------------------
                         required time                         25.920    
                         arrival time                         -26.679    
  -------------------------------------------------------------------
                         slack                                 -0.759    

Slack (VIOLATED) :        -0.749ns  (required time - arrival time)
  Source:                 ex_stage_i/fpu_gen.fpu_i/fpu_gen.i_fpnew_bulk/gen_operation_groups[3].i_opgroup_block/gen_merged_slice.i_multifmt_slice/gen_num_lanes[0].active_lane.lane_instance.i_fpnew_cast_multi/gen_inside_pipeline[0].mid_pipe_dst_fmt_q_reg[1][2]/C
                            (rising edge-triggered cell FDCE clocked by clk_i  {rise@0.000ns fall@12.500ns period=25.000ns})
  Destination:            issue_stage_i/i_issue_read_operands/fu_data_q_reg[0][operand_a][0]/D
                            (rising edge-triggered cell FDCE clocked by clk_i  {rise@0.000ns fall@12.500ns period=25.000ns})
  Path Group:             clk_i
  Path Type:              Setup (Max at Slow Process Corner)
  Requirement:            25.000ns  (clk_i rise@25.000ns - clk_i rise@0.000ns)
  Data Path Delay:        25.694ns  (logic 8.518ns (33.152%)  route 17.176ns (66.848%))
  Logic Levels:           39  (CARRY4=12 LUT1=1 LUT2=2 LUT3=3 LUT4=3 LUT5=3 LUT6=15)
  Clock Path Skew:        -0.049ns (DCD - SCD + CPR)
    Destination Clock Delay (DCD):    0.924ns = ( 25.924 - 25.000 ) 
    Source Clock Delay      (SCD):    0.973ns
    Clock Pessimism Removal (CPR):    0.000ns
  Clock Uncertainty:      0.035ns  ((TSJ^2 + TIJ^2)^1/2 + DJ) / 2 + PE
    Total System Jitter     (TSJ):    0.071ns
    Total Input Jitter      (TIJ):    0.000ns
    Discrete Jitter          (DJ):    0.000ns
    Phase Error              (PE):    0.000ns

    Location             Delay type                Incr(ns)  Path(ns)    Netlist Resource(s)
  -------------------------------------------------------------------    -------------------
                         (clock clk_i rise edge)      0.000     0.000 r  
                                                      0.000     0.000 r  clk_i (IN)
                         net (fo=6832, unset)         0.973     0.973    ex_stage_i/fpu_gen.fpu_i/fpu_gen.i_fpnew_bulk/gen_operation_groups[3].i_opgroup_block/gen_merged_slice.i_multifmt_slice/gen_num_lanes[0].active_lane.lane_instance.i_fpnew_cast_multi/clk_i
    SLICE_X85Y28         FDCE                                         r  ex_stage_i/fpu_gen.fpu_i/fpu_gen.i_fpnew_bulk/gen_operation_groups[3].i_opgroup_block/gen_merged_slice.i_multifmt_slice/gen_num_lanes[0].active_lane.lane_instance.i_fpnew_cast_multi/gen_inside_pipeline[0].mid_pipe_dst_fmt_q_reg[1][2]/C
  -------------------------------------------------------------------    -------------------
    SLICE_X85Y28         FDCE (Prop_fdce_C_Q)         0.456     1.429 r  ex_stage_i/fpu_gen.fpu_i/fpu_gen.i_fpnew_bulk/gen_operation_groups[3].i_opgroup_block/gen_merged_slice.i_multifmt_slice/gen_num_lanes[0].active_lane.lane_instance.i_fpnew_cast_multi/gen_inside_pipeline[0].mid_pipe_dst_fmt_q_reg[1][2]/Q
                         net (fo=147, routed)         0.494     1.923    ex_stage_i/fpu_gen.fpu_i/fpu_gen.i_fpnew_bulk/gen_operation_groups[3].i_opgroup_block/gen_merged_slice.i_multifmt_slice/gen_num_lanes[0].active_lane.lane_instance.i_fpnew_cast_multi/gen_inside_pipeline[0].mid_pipe_dst_fmt_q_reg_n_0_[1][2]
    SLICE_X84Y28         LUT3 (Prop_lut3_I0_O)        0.124     2.047 r  ex_stage_i/fpu_gen.fpu_i/fpu_gen.i_fpnew_bulk/gen_operation_groups[3].i_opgroup_block/gen_merged_slice.i_multifmt_slice/gen_num_lanes[0].active_lane.lane_instance.i_fpnew_cast_multi/of_before_round1__7_carry_i_1/O
                         net (fo=8, routed)           0.344     2.391    ex_stage_i/fpu_gen.fpu_i/fpu_gen.i_fpnew_bulk/gen_operation_groups[3].i_opgroup_block/gen_merged_slice.i_multifmt_slice/gen_num_lanes[0].active_lane.lane_instance.i_fpnew_cast_multi/of_before_round1__7_carry_i_1_n_0
    SLICE_X85Y29         CARRY4 (Prop_carry4_CYINIT_CO[3])
                                                      0.580     2.971 r  ex_stage_i/fpu_gen.fpu_i/fpu_gen.i_fpnew_bulk/gen_operation_groups[3].i_opgroup_block/gen_merged_slice.i_multifmt_slice/gen_num_lanes[0].active_lane.lane_instance.i_fpnew_cast_multi/of_before_round1__7_carry/CO[3]
                         net (fo=5, routed)           1.003     3.974    ex_stage_i/fpu_gen.fpu_i/fpu_gen.i_fpnew_bulk/gen_operation_groups[3].i_opgroup_block/gen_merged_slice.i_multifmt_slice/gen_num_lanes[0].active_lane.lane_instance.i_fpnew_cast_multi/of_before_round1__7_carry_n_0
    SLICE_X82Y29         CARRY4 (Prop_carry4_CYINIT_CO[2])
                                                      0.608     4.582 r  ex_stage_i/fpu_gen.fpu_i/fpu_gen.i_fpnew_bulk/gen_operation_groups[3].i_opgroup_block/gen_merged_slice.i_multifmt_slice/gen_num_lanes[0].active_lane.lane_instance.i_fpnew_cast_multi/of_before_round0_carry__0_i_9/CO[2]
                         net (fo=20, routed)          0.689     5.271    ex_stage_i/fpu_gen.fpu_i/fpu_gen.i_fpnew_bulk/gen_operation_groups[3].i_opgroup_block/gen_merged_slice.i_multifmt_slice/gen_num_lanes[0].active_lane.lane_instance.i_fpnew_cast_multi/of_before_round0_carry__0_i_9_n_1
    SLICE_X83Y31         LUT2 (Prop_lut2_I0_O)        0.310     5.581 r  ex_stage_i/fpu_gen.fpu_i/fpu_gen.i_fpnew_bulk/gen_operation_groups[3].i_opgroup_block/gen_merged_slice.i_multifmt_slice/gen_num_lanes[0].active_lane.lane_instance.i_fpnew_cast_multi/of_before_round0_carry__1_i_7/O
                         net (fo=1, routed)           0.000     5.581    ex_stage_i/fpu_gen.fpu_i/fpu_gen.i_fpnew_bulk/gen_operation_groups[3].i_opgroup_block/gen_merged_slice.i_multifmt_slice/gen_num_lanes[0].active_lane.lane_instance.i_fpnew_cast_multi/of_before_round0_carry__1_i_7_n_0
    SLICE_X83Y31         CARRY4 (Prop_carry4_S[1]_CO[3])
                                                      0.550     6.131 r  ex_stage_i/fpu_gen.fpu_i/fpu_gen.i_fpnew_bulk/gen_operation_groups[3].i_opgroup_block/gen_merged_slice.i_multifmt_slice/gen_num_lanes[0].active_lane.lane_instance.i_fpnew_cast_multi/of_before_round0_carry__1/CO[3]
                         net (fo=1, routed)           0.000     6.131    ex_stage_i/fpu_gen.fpu_i/fpu_gen.i_fpnew_bulk/gen_operation_groups[3].i_opgroup_block/gen_merged_slice.i_multifmt_slice/gen_num_lanes[0].active_lane.lane_instance.i_fpnew_cast_multi/of_before_round0_carry__1_n_0
    SLICE_X83Y32         CARRY4 (Prop_carry4_CI_CO[3])
                                                      0.114     6.245 f  ex_stage_i/fpu_gen.fpu_i/fpu_gen.i_fpnew_bulk/gen_operation_groups[3].i_opgroup_block/gen_merged_slice.i_multifmt_slice/gen_num_lanes[0].active_lane.lane_instance.i_fpnew_cast_multi/of_before_round0_carry__2/CO[3]
                         net (fo=34, routed)          1.047     7.292    ex_stage_i/fpu_gen.fpu_i/fpu_gen.i_fpnew_bulk/gen_operation_groups[3].i_opgroup_block/gen_merged_slice.i_multifmt_slice/gen_num_lanes[0].active_lane.lane_instance.i_fpnew_cast_multi/of_before_round0__16
    SLICE_X86Y32         LUT3 (Prop_lut3_I0_O)        0.124     7.416 r  ex_stage_i/fpu_gen.fpu_i/fpu_gen.i_fpnew_bulk/gen_operation_groups[3].i_opgroup_block/gen_merged_slice.i_multifmt_slice/gen_num_lanes[0].active_lane.lane_instance.i_fpnew_cast_multi/rvfi_probes_o[instr][wbdata][3][30]_INST_0_i_146/O
                         net (fo=7, routed)           0.463     7.879    ex_stage_i/fpu_gen.fpu_i/fpu_gen.i_fpnew_bulk/gen_operation_groups[3].i_opgroup_block/gen_merged_slice.i_multifmt_slice/gen_num_lanes[0].active_lane.lane_instance.i_fpnew_cast_multi/rvfi_probes_o[instr][wbdata][3][30]_INST_0_i_146_n_0
    SLICE_X86Y33         LUT6 (Prop_lut6_I3_O)        0.124     8.003 r  ex_stage_i/fpu_gen.fpu_i/fpu_gen.i_fpnew_bulk/gen_operation_groups[3].i_opgroup_block/gen_merged_slice.i_multifmt_slice/gen_num_lanes[0].active_lane.lane_instance.i_fpnew_cast_multi/rvfi_probes_o[instr][wbdata][3][30]_INST_0_i_140/O
                         net (fo=87, routed)          1.139     9.141    ex_stage_i/fpu_gen.fpu_i/fpu_gen.i_fpnew_bulk/gen_operation_groups[3].i_opgroup_block/gen_merged_slice.i_multifmt_slice/gen_num_lanes[0].active_lane.lane_instance.i_fpnew_cast_multi/rvfi_probes_o[instr][wbdata][3][30]_INST_0_i_140_n_0
    SLICE_X87Y37         LUT6 (Prop_lut6_I5_O)        0.124     9.265 r  ex_stage_i/fpu_gen.fpu_i/fpu_gen.i_fpnew_bulk/gen_operation_groups[3].i_opgroup_block/gen_merged_slice.i_multifmt_slice/gen_num_lanes[0].active_lane.lane_instance.i_fpnew_cast_multi/mem_q[0][sbe][ex][cause][1]_i_101/O
                         net (fo=2, routed)           0.606     9.872    ex_stage_i/fpu_gen.fpu_i/fpu_gen.i_fpnew_bulk/gen_operation_groups[3].i_opgroup_block/gen_merged_slice.i_multifmt_slice/gen_num_lanes[0].active_lane.lane_instance.i_fpnew_cast_multi/mem_q[0][sbe][ex][cause][1]_i_101_n_0
    SLICE_X86Y37         LUT4 (Prop_lut4_I3_O)        0.124     9.996 r  ex_stage_i/fpu_gen.fpu_i/fpu_gen.i_fpnew_bulk/gen_operation_groups[3].i_opgroup_block/gen_merged_slice.i_multifmt_slice/gen_num_lanes[0].active_lane.lane_instance.i_fpnew_cast_multi/mem_q[0][sbe][ex][cause][1]_i_58/O
                         net (fo=3, routed)           0.641    10.637    ex_stage_i/fpu_gen.fpu_i/fpu_gen.i_fpnew_bulk/gen_operation_groups[3].i_opgroup_block/gen_merged_slice.i_multifmt_slice/gen_num_lanes[0].active_lane.lane_instance.i_fpnew_cast_multi/mem_q[0][sbe][ex][cause][1]_i_58_n_0
    SLICE_X83Y36         LUT5 (Prop_lut5_I3_O)        0.124    10.761 r  ex_stage_i/fpu_gen.fpu_i/fpu_gen.i_fpnew_bulk/gen_operation_groups[3].i_opgroup_block/gen_merged_slice.i_multifmt_slice/gen_num_lanes[0].active_lane.lane_instance.i_fpnew_cast_multi/mem_q[0][sbe][ex][cause][1]_i_68/O
                         net (fo=2, routed)           0.814    11.575    ex_stage_i/fpu_gen.fpu_i/fpu_gen.i_fpnew_bulk/gen_operation_groups[3].i_opgroup_block/gen_merged_slice.i_multifmt_slice/gen_num_lanes[0].active_lane.lane_instance.i_fpnew_cast_multi/mem_q[0][sbe][ex][cause][1]_i_68_n_0
    SLICE_X82Y36         LUT3 (Prop_lut3_I2_O)        0.146    11.721 r  ex_stage_i/fpu_gen.fpu_i/fpu_gen.i_fpnew_bulk/gen_operation_groups[3].i_opgroup_block/gen_merged_slice.i_multifmt_slice/gen_num_lanes[0].active_lane.lane_instance.i_fpnew_cast_multi/mem_q[0][sbe][ex][cause][1]_i_44/O
                         net (fo=2, routed)           0.844    12.565    ex_stage_i/fpu_gen.fpu_i/fpu_gen.i_fpnew_bulk/gen_operation_groups[3].i_opgroup_block/gen_merged_slice.i_multifmt_slice/gen_num_lanes[0].active_lane.lane_instance.i_fpnew_cast_multi/mem_q[0][sbe][ex][cause][1]_i_44_n_0
    SLICE_X81Y35         LUT6 (Prop_lut6_I4_O)        0.328    12.893 r  ex_stage_i/fpu_gen.fpu_i/fpu_gen.i_fpnew_bulk/gen_operation_groups[3].i_opgroup_block/gen_merged_slice.i_multifmt_slice/gen_num_lanes[0].active_lane.lane_instance.i_fpnew_cast_multi/mem_q[0][sbe][ex][cause][1]_i_27/O
                         net (fo=1, routed)           0.797    13.690    ex_stage_i/fpu_gen.fpu_i/fpu_gen.i_fpnew_bulk/gen_operation_groups[3].i_opgroup_block/gen_merged_slice.i_multifmt_slice/gen_num_lanes[0].active_lane.lane_instance.i_fpnew_cast_multi/mem_q[0][sbe][ex][cause][1]_i_27_n_0
    SLICE_X81Y36         LUT6 (Prop_lut6_I0_O)        0.124    13.814 f  ex_stage_i/fpu_gen.fpu_i/fpu_gen.i_fpnew_bulk/gen_operation_groups[3].i_opgroup_block/gen_merged_slice.i_multifmt_slice/gen_num_lanes[0].active_lane.lane_instance.i_fpnew_cast_multi/mem_q[0][sbe][ex][cause][1]_i_18/O
                         net (fo=4, routed)           0.464    14.277    ex_stage_i/fpu_gen.fpu_i/fpu_gen.i_fpnew_bulk/gen_operation_groups[3].i_opgroup_block/gen_merged_slice.i_multifmt_slice/gen_num_lanes[0].active_lane.lane_instance.i_fpnew_cast_multi/mem_q[0][sbe][ex][cause][1]_i_18_n_0
    SLICE_X80Y34         LUT4 (Prop_lut4_I3_O)        0.124    14.401 r  ex_stage_i/fpu_gen.fpu_i/fpu_gen.i_fpnew_bulk/gen_operation_groups[3].i_opgroup_block/gen_merged_slice.i_multifmt_slice/gen_num_lanes[0].active_lane.lane_instance.i_fpnew_cast_multi/rvfi_probes_o[instr][wbdata][3][0]_INST_0_i_52/O
                         net (fo=2, routed)           0.510    14.911    ex_stage_i/fpu_gen.fpu_i/fpu_gen.i_fpnew_bulk/gen_operation_groups[3].i_opgroup_block/gen_merged_slice.i_multifmt_slice/gen_num_lanes[0].active_lane.lane_instance.i_fpnew_cast_multi/rvfi_probes_o[instr][wbdata][3][0]_INST_0_i_52_n_0
    SLICE_X79Y30         LUT2 (Prop_lut2_I0_O)        0.124    15.035 r  ex_stage_i/fpu_gen.fpu_i/fpu_gen.i_fpnew_bulk/gen_operation_groups[3].i_opgroup_block/gen_merged_slice.i_multifmt_slice/gen_num_lanes[0].active_lane.lane_instance.i_fpnew_cast_multi/rvfi_probes_o[instr][wbdata][3][0]_INST_0_i_32/O
                         net (fo=1, routed)           0.426    15.462    ex_stage_i/fpu_gen.fpu_i/fpu_gen.i_fpnew_bulk/gen_operation_groups[3].i_opgroup_block/gen_merged_slice.i_multifmt_slice/gen_num_lanes[0].active_lane.lane_instance.i_fpnew_cast_multi/rvfi_probes_o[instr][wbdata][3][0]_INST_0_i_32_n_0
    SLICE_X78Y30         LUT6 (Prop_lut6_I0_O)        0.124    15.586 r  ex_stage_i/fpu_gen.fpu_i/fpu_gen.i_fpnew_bulk/gen_operation_groups[3].i_opgroup_block/gen_merged_slice.i_multifmt_slice/gen_num_lanes[0].active_lane.lane_instance.i_fpnew_cast_multi/rvfi_probes_o[instr][wbdata][3][0]_INST_0_i_19/O
                         net (fo=1, routed)           0.000    15.586    ex_stage_i/fpu_gen.fpu_i/fpu_gen.i_fpnew_bulk/gen_operation_groups[3].i_opgroup_block/gen_merged_slice.i_multifmt_slice/gen_num_lanes[0].active_lane.lane_instance.i_fpnew_cast_multi/rvfi_probes_o[instr][wbdata][3][0]_INST_0_i_19_n_0
    SLICE_X78Y30         CARRY4 (Prop_carry4_S[0]_CO[3])
                                                      0.532    16.118 r  ex_stage_i/fpu_gen.fpu_i/fpu_gen.i_fpnew_bulk/gen_operation_groups[3].i_opgroup_block/gen_merged_slice.i_multifmt_slice/gen_num_lanes[0].active_lane.lane_instance.i_fpnew_cast_multi/rvfi_probes_o[instr][wbdata][3][0]_INST_0_i_8/CO[3]
                         net (fo=1, routed)           0.000    16.118    ex_stage_i/fpu_gen.fpu_i/fpu_gen.i_fpnew_bulk/gen_operation_groups[3].i_opgroup_block/gen_merged_slice.i_multifmt_slice/gen_num_lanes[0].active_lane.lane_instance.i_fpnew_cast_multi/rvfi_probes_o[instr][wbdata][3][0]_INST_0_i_8_n_0
    SLICE_X78Y31         CARRY4 (Prop_carry4_CI_O[1])
                                                      0.334    16.452 f  ex_stage_i/fpu_gen.fpu_i/fpu_gen.i_fpnew_bulk/gen_operation_groups[3].i_opgroup_block/gen_merged_slice.i_multifmt_slice/gen_num_lanes[0].active_lane.lane_instance.i_fpnew_cast_multi/rvfi_probes_o[instr][wbdata][3][7]_INST_0_i_16/O[1]
                         net (fo=4, routed)           0.591    17.043    ex_stage_i/fpu_gen.fpu_i/fpu_gen.i_fpnew_bulk/gen_operation_groups[3].i_opgroup_block/gen_merged_slice.i_multifmt_slice/gen_num_lanes[0].active_lane.lane_instance.i_fpnew_cast_multi/rounded_abs[5]
    SLICE_X77Y31         LUT1 (Prop_lut1_I0_O)        0.303    17.346 r  ex_stage_i/fpu_gen.fpu_i/fpu_gen.i_fpnew_bulk/gen_operation_groups[3].i_opgroup_block/gen_merged_slice.i_multifmt_slice/gen_num_lanes[0].active_lane.lane_instance.i_fpnew_cast_multi/rvfi_probes_o[instr][wbdata][3][8]_INST_0_i_12/O
                         net (fo=1, routed)           0.000    17.346    ex_stage_i/fpu_gen.fpu_i/fpu_gen.i_fpnew_bulk/gen_operation_groups[3].i_opgroup_block/gen_merged_slice.i_multifmt_slice/gen_num_lanes[0].active_lane.lane_instance.i_fpnew_cast_multi/rvfi_probes_o[instr][wbdata][3][8]_INST_0_i_12_n_0
    SLICE_X77Y31         CARRY4 (Prop_carry4_S[0]_CO[3])
                                                      0.532    17.878 r  ex_stage_i/fpu_gen.fpu_i/fpu_gen.i_fpnew_bulk/gen_operation_groups[3].i_opgroup_block/gen_merged_slice.i_multifmt_slice/gen_num_lanes[0].active_lane.lane_instance.i_fpnew_cast_multi/rvfi_probes_o[instr][wbdata][3][8]_INST_0_i_8/CO[3]
                         net (fo=1, routed)           0.000    17.878    ex_stage_i/fpu_gen.fpu_i/fpu_gen.i_fpnew_bulk/gen_operation_groups[3].i_opgroup_block/gen_merged_slice.i_multifmt_slice/gen_num_lanes[0].active_lane.lane_instance.i_fpnew_cast_multi/rvfi_probes_o[instr][wbdata][3][8]_INST_0_i_8_n_0
    SLICE_X77Y32         CARRY4 (Prop_carry4_CI_CO[3])
                                                      0.114    17.992 r  ex_stage_i/fpu_gen.fpu_i/fpu_gen.i_fpnew_bulk/gen_operation_groups[3].i_opgroup_block/gen_merged_slice.i_multifmt_slice/gen_num_lanes[0].active_lane.lane_instance.i_fpnew_cast_multi/rvfi_probes_o[instr][wbdata][3][12]_INST_0_i_7/CO[3]
                         net (fo=1, routed)           0.000    17.992    ex_stage_i/fpu_gen.fpu_i/fpu_gen.i_fpnew_bulk/gen_operation_groups[3].i_opgroup_block/gen_merged_slice.i_multifmt_slice/gen_num_lanes[0].active_lane.lane_instance.i_fpnew_cast_multi/rvfi_probes_o[instr][wbdata][3][12]_INST_0_i_7_n_0
    SLICE_X77Y33         CARRY4 (Prop_carry4_CI_CO[3])
                                                      0.114    18.106 r  ex_stage_i/fpu_gen.fpu_i/fpu_gen.i_fpnew_bulk/gen_operation_groups[3].i_opgroup_block/gen_merged_slice.i_multifmt_slice/gen_num_lanes[0].active_lane.lane_instance.i_fpnew_cast_multi/rvfi_probes_o[instr][wbdata][3][16]_INST_0_i_7/CO[3]
                         net (fo=1, routed)           0.000    18.106    ex_stage_i/fpu_gen.fpu_i/fpu_gen.i_fpnew_bulk/gen_operation_groups[3].i_opgroup_block/gen_merged_slice.i_multifmt_slice/gen_num_lanes[0].active_lane.lane_instance.i_fpnew_cast_multi/rvfi_probes_o[instr][wbdata][3][16]_INST_0_i_7_n_0
    SLICE_X77Y34         CARRY4 (Prop_carry4_CI_CO[3])
                                                      0.114    18.220 r  ex_stage_i/fpu_gen.fpu_i/fpu_gen.i_fpnew_bulk/gen_operation_groups[3].i_opgroup_block/gen_merged_slice.i_multifmt_slice/gen_num_lanes[0].active_lane.lane_instance.i_fpnew_cast_multi/rvfi_probes_o[instr][wbdata][3][20]_INST_0_i_8/CO[3]
                         net (fo=1, routed)           0.000    18.220    ex_stage_i/fpu_gen.fpu_i/fpu_gen.i_fpnew_bulk/gen_operation_groups[3].i_opgroup_block/gen_merged_slice.i_multifmt_slice/gen_num_lanes[0].active_lane.lane_instance.i_fpnew_cast_multi/rvfi_probes_o[instr][wbdata][3][20]_INST_0_i_8_n_0
    SLICE_X77Y35         CARRY4 (Prop_carry4_CI_CO[3])
                                                      0.114    18.334 r  ex_stage_i/fpu_gen.fpu_i/fpu_gen.i_fpnew_bulk/gen_operation_groups[3].i_opgroup_block/gen_merged_slice.i_multifmt_slice/gen_num_lanes[0].active_lane.lane_instance.i_fpnew_cast_multi/rvfi_probes_o[instr][wbdata][3][24]_INST_0_i_9/CO[3]
                         net (fo=1, routed)           0.000    18.334    ex_stage_i/fpu_gen.fpu_i/fpu_gen.i_fpnew_bulk/gen_operation_groups[3].i_opgroup_block/gen_merged_slice.i_multifmt_slice/gen_num_lanes[0].active_lane.lane_instance.i_fpnew_cast_multi/rvfi_probes_o[instr][wbdata][3][24]_INST_0_i_9_n_0
    SLICE_X77Y36         CARRY4 (Prop_carry4_CI_O[2])
                                                      0.239    18.573 f  ex_stage_i/fpu_gen.fpu_i/fpu_gen.i_fpnew_bulk/gen_operation_groups[3].i_opgroup_block/gen_merged_slice.i_multifmt_slice/gen_num_lanes[0].active_lane.lane_instance.i_fpnew_cast_multi/rvfi_probes_o[instr][wbdata][3][28]_INST_0_i_9/O[2]
                         net (fo=2, routed)           0.782    19.355    ex_stage_i/fpu_gen.fpu_i/fpu_gen.i_fpnew_bulk/gen_operation_groups[3].i_opgroup_block/gen_merged_slice.i_multifmt_slice/gen_num_lanes[0].active_lane.lane_instance.i_fpnew_cast_multi/rounded_uint_res0[27]
    SLICE_X76Y37         LUT5 (Prop_lut5_I1_O)        0.302    19.657 f  ex_stage_i/fpu_gen.fpu_i/fpu_gen.i_fpnew_bulk/gen_operation_groups[3].i_opgroup_block/gen_merged_slice.i_multifmt_slice/gen_num_lanes[0].active_lane.lane_instance.i_fpnew_cast_multi/rvfi_probes_o[instr][wbdata][3][30]_INST_0_i_230/O
                         net (fo=1, routed)           0.492    20.149    ex_stage_i/fpu_gen.fpu_i/fpu_gen.i_fpnew_bulk/gen_operation_groups[3].i_opgroup_block/gen_merged_slice.i_multifmt_slice/gen_num_lanes[0].active_lane.lane_instance.i_fpnew_cast_multi/rvfi_probes_o[instr][wbdata][3][30]_INST_0_i_230_n_0
    SLICE_X76Y36         LUT6 (Prop_lut6_I5_O)        0.124    20.273 f  ex_stage_i/fpu_gen.fpu_i/fpu_gen.i_fpnew_bulk/gen_operation_groups[3].i_opgroup_block/gen_merged_slice.i_multifmt_slice/gen_num_lanes[0].active_lane.lane_instance.i_fpnew_cast_multi/rvfi_probes_o[instr][wbdata][3][30]_INST_0_i_204/O
                         net (fo=1, routed)           0.566    20.839    ex_stage_i/fpu_gen.fpu_i/fpu_gen.i_fpnew_bulk/gen_operation_groups[3].i_opgroup_block/gen_merged_slice.i_multifmt_slice/gen_num_lanes[0].active_lane.lane_instance.i_fpnew_cast_multi/rvfi_probes_o[instr][wbdata][3][30]_INST_0_i_204_n_0
    SLICE_X79Y33         LUT6 (Prop_lut6_I2_O)        0.124    20.963 f  ex_stage_i/fpu_gen.fpu_i/fpu_gen.i_fpnew_bulk/gen_operation_groups[3].i_opgroup_block/gen_merged_slice.i_multifmt_slice/gen_num_lanes[0].active_lane.lane_instance.i_fpnew_cast_multi/rvfi_probes_o[instr][wbdata][3][30]_INST_0_i_160/O
                         net (fo=1, routed)           0.318    21.281    ex_stage_i/fpu_gen.fpu_i/fpu_gen.i_fpnew_bulk/gen_operation_groups[3].i_opgroup_block/gen_merged_slice.i_multifmt_slice/gen_num_lanes[0].active_lane.lane_instance.i_fpnew_cast_multi/rvfi_probes_o[instr][wbdata][3][30]_INST_0_i_160_n_0
    SLICE_X80Y33         LUT6 (Prop_lut6_I1_O)        0.124    21.405 f  ex_stage_i/fpu_gen.fpu_i/fpu_gen.i_fpnew_bulk/gen_operation_groups[3].i_opgroup_block/gen_merged_slice.i_multifmt_slice/gen_num_lanes[0].active_lane.lane_instance.i_fpnew_cast_multi/rvfi_probes_o[instr][wbdata][3][30]_INST_0_i_97/O
                         net (fo=1, routed)           0.291    21.696    ex_stage_i/fpu_gen.fpu_i/fpu_gen.i_fpnew_bulk/gen_operation_groups[3].i_opgroup_block/gen_merged_slice.i_multifmt_slice/gen_num_lanes[0].active_lane.lane_instance.i_fpnew_cast_multi/rvfi_probes_o[instr][wbdata][3][30]_INST_0_i_97_n_0
    SLICE_X81Y33         LUT4 (Prop_lut4_I2_O)        0.124    21.820 f  ex_stage_i/fpu_gen.fpu_i/fpu_gen.i_fpnew_bulk/gen_operation_groups[3].i_opgroup_block/gen_merged_slice.i_multifmt_slice/gen_num_lanes[0].active_lane.lane_instance.i_fpnew_cast_multi/rvfi_probes_o[instr][wbdata][3][30]_INST_0_i_55/O
                         net (fo=1, routed)           0.151    21.971    ex_stage_i/fpu_gen.fpu_i/fpu_gen.i_fpnew_bulk/gen_operation_groups[3].i_opgroup_block/gen_merged_slice.i_multifmt_slice/gen_num_lanes[0].active_lane.lane_instance.i_fpnew_cast_multi/rvfi_probes_o[instr][wbdata][3][30]_INST_0_i_55_n_0
    SLICE_X81Y33         LUT6 (Prop_lut6_I1_O)        0.124    22.095 r  ex_stage_i/fpu_gen.fpu_i/fpu_gen.i_fpnew_bulk/gen_operation_groups[3].i_opgroup_block/gen_merged_slice.i_multifmt_slice/gen_num_lanes[0].active_lane.lane_instance.i_fpnew_cast_multi/rvfi_probes_o[instr][wbdata][3][30]_INST_0_i_37/O
                         net (fo=3, routed)           0.548    22.643    ex_stage_i/fpu_gen.fpu_i/fpu_gen.i_fpnew_bulk/gen_operation_groups[3].i_opgroup_block/gen_merged_slice.i_multifmt_slice/gen_num_lanes[0].active_lane.lane_instance.i_fpnew_cast_multi/rvfi_probes_o[instr][wbdata][3][30]_INST_0_i_37_n_0
    SLICE_X75Y33         LUT6 (Prop_lut6_I1_O)        0.124    22.767 f  ex_stage_i/fpu_gen.fpu_i/fpu_gen.i_fpnew_bulk/gen_operation_groups[3].i_opgroup_block/gen_merged_slice.i_multifmt_slice/gen_num_lanes[0].active_lane.lane_instance.i_fpnew_cast_multi/rvfi_probes_o[instr][wbdata][3][30]_INST_0_i_19/O
                         net (fo=33, routed)          0.730    23.497    ex_stage_i/fpu_gen.fpu_i/fpu_gen.i_fpnew_bulk/gen_operation_groups[3].i_opgroup_block/gen_merged_slice.i_multifmt_slice/gen_num_lanes[0].active_lane.lane_instance.i_fpnew_cast_multi/rvfi_probes_o[instr][wbdata][3][30]_INST_0_i_19_n_0
    SLICE_X72Y32         LUT6 (Prop_lut6_I0_O)        0.124    23.621 r  ex_stage_i/fpu_gen.fpu_i/fpu_gen.i_fpnew_bulk/gen_operation_groups[3].i_opgroup_block/gen_merged_slice.i_multifmt_slice/gen_num_lanes[0].active_lane.lane_instance.i_fpnew_cast_multi/rvfi_probes_o[instr][wbdata][3][0]_INST_0_i_4/O
                         net (fo=1, routed)           0.586    24.206    ex_stage_i/fpu_gen.fpu_i/fpu_gen.i_fpnew_bulk/gen_operation_groups[3].i_opgroup_block/gen_merged_slice.i_multifmt_slice/gen_num_lanes[0].active_lane.lane_instance.i_fpnew_cast_multi/rvfi_probes_o[instr][wbdata][3][0]_INST_0_i_4_n_0
    SLICE_X70Y32         LUT5 (Prop_lut5_I2_O)        0.124    24.330 r  ex_stage_i/fpu_gen.fpu_i/fpu_gen.i_fpnew_bulk/gen_operation_groups[3].i_opgroup_block/gen_merged_slice.i_multifmt_slice/gen_num_lanes[0].active_lane.lane_instance.i_fpnew_cast_multi/rvfi_probes_o[instr][wbdata][3][0]_INST_0_i_1/O
                         net (fo=1, routed)           0.282    24.613    ex_stage_i/fpu_gen.fpu_i/fpu_gen.i_fpnew_bulk/i_arbiter/opgrp_outputs[3][result][0]
    SLICE_X69Y32         LUT6 (Prop_lut6_I0_O)        0.124    24.737 r  ex_stage_i/fpu_gen.fpu_i/fpu_gen.i_fpnew_bulk/i_arbiter/rvfi_probes_o[instr][wbdata][3][0]_INST_0/O
                         net (fo=7, routed)           0.670    25.407    issue_stage_i/i_scoreboard/fu_data_q[0][imm][0]_i_2_0
    SLICE_X69Y28         LUT6 (Prop_lut6_I3_O)        0.124    25.531 r  issue_stage_i/i_scoreboard/rvfi_probes_o[instr][rs1][0][0]_INST_0_i_5/O
                         net (fo=1, routed)           0.485    26.016    issue_stage_i/i_scoreboard/rvfi_probes_o[instr][rs1][0][0]_INST_0_i_5_n_0
    SLICE_X69Y26         LUT6 (Prop_lut6_I5_O)        0.124    26.140 r  issue_stage_i/i_scoreboard/rvfi_probes_o[instr][rs1][0][0]_INST_0_i_2/O
                         net (fo=1, routed)           0.403    26.543    id_stage_i/rs1_res[0]_1[0]
    SLICE_X69Y26         LUT6 (Prop_lut6_I4_O)        0.124    26.667 r  id_stage_i/rvfi_probes_o[instr][rs1][0][0]_INST_0/O
                         net (fo=1, routed)           0.000    26.667    issue_stage_i/i_issue_read_operands/rvfi_probes_o[instr][rs1][0][0]
    SLICE_X69Y26         FDCE                                         r  issue_stage_i/i_issue_read_operands/fu_data_q_reg[0][operand_a][0]/D
  -------------------------------------------------------------------    -------------------

                         (clock clk_i rise edge)     25.000    25.000 r  
                                                      0.000    25.000 r  clk_i (IN)
                         net (fo=6832, unset)         0.924    25.924    issue_stage_i/i_issue_read_operands/clk_i
    SLICE_X69Y26         FDCE                                         r  issue_stage_i/i_issue_read_operands/fu_data_q_reg[0][operand_a][0]/C
                         clock pessimism              0.000    25.924    
                         clock uncertainty           -0.035    25.889    
    SLICE_X69Y26         FDCE (Setup_fdce_C_D)        0.029    25.918    issue_stage_i/i_issue_read_operands/fu_data_q_reg[0][operand_a][0]
  -------------------------------------------------------------------
                         required time                         25.918    
                         arrival time                         -26.667    
  -------------------------------------------------------------------
                         slack                                 -0.749    

Slack (VIOLATED) :        -0.740ns  (required time - arrival time)
  Source:                 ex_stage_i/fpu_gen.fpu_i/fpu_gen.i_fpnew_bulk/gen_operation_groups[3].i_opgroup_block/gen_merged_slice.i_multifmt_slice/gen_num_lanes[0].active_lane.lane_instance.i_fpnew_cast_multi/gen_inside_pipeline[0].mid_pipe_dst_fmt_q_reg[1][2]/C
                            (rising edge-triggered cell FDCE clocked by clk_i  {rise@0.000ns fall@12.500ns period=25.000ns})
  Destination:            issue_stage_i/i_issue_read_operands/fu_data_q_reg[0][operand_a][28]/D
                            (rising edge-triggered cell FDCE clocked by clk_i  {rise@0.000ns fall@12.500ns period=25.000ns})
  Path Group:             clk_i
  Path Type:              Setup (Max at Slow Process Corner)
  Requirement:            25.000ns  (clk_i rise@25.000ns - clk_i rise@0.000ns)
  Data Path Delay:        25.685ns  (logic 8.937ns (34.794%)  route 16.748ns (65.206%))
  Logic Levels:           40  (CARRY4=12 LUT1=1 LUT2=2 LUT3=3 LUT4=3 LUT5=2 LUT6=16 MUXF7=1)
  Clock Path Skew:        -0.049ns (DCD - SCD + CPR)
    Destination Clock Delay (DCD):    0.924ns = ( 25.924 - 25.000 ) 
    Source Clock Delay      (SCD):    0.973ns
    Clock Pessimism Removal (CPR):    0.000ns
  Clock Uncertainty:      0.035ns  ((TSJ^2 + TIJ^2)^1/2 + DJ) / 2 + PE
    Total System Jitter     (TSJ):    0.071ns
    Total Input Jitter      (TIJ):    0.000ns
    Discrete Jitter          (DJ):    0.000ns
    Phase Error              (PE):    0.000ns

    Location             Delay type                Incr(ns)  Path(ns)    Netlist Resource(s)
  -------------------------------------------------------------------    -------------------
                         (clock clk_i rise edge)      0.000     0.000 r  
                                                      0.000     0.000 r  clk_i (IN)
                         net (fo=6832, unset)         0.973     0.973    ex_stage_i/fpu_gen.fpu_i/fpu_gen.i_fpnew_bulk/gen_operation_groups[3].i_opgroup_block/gen_merged_slice.i_multifmt_slice/gen_num_lanes[0].active_lane.lane_instance.i_fpnew_cast_multi/clk_i
    SLICE_X85Y28         FDCE                                         r  ex_stage_i/fpu_gen.fpu_i/fpu_gen.i_fpnew_bulk/gen_operation_groups[3].i_opgroup_block/gen_merged_slice.i_multifmt_slice/gen_num_lanes[0].active_lane.lane_instance.i_fpnew_cast_multi/gen_inside_pipeline[0].mid_pipe_dst_fmt_q_reg[1][2]/C
  -------------------------------------------------------------------    -------------------
    SLICE_X85Y28         FDCE (Prop_fdce_C_Q)         0.456     1.429 r  ex_stage_i/fpu_gen.fpu_i/fpu_gen.i_fpnew_bulk/gen_operation_groups[3].i_opgroup_block/gen_merged_slice.i_multifmt_slice/gen_num_lanes[0].active_lane.lane_instance.i_fpnew_cast_multi/gen_inside_pipeline[0].mid_pipe_dst_fmt_q_reg[1][2]/Q
                         net (fo=147, routed)         0.494     1.923    ex_stage_i/fpu_gen.fpu_i/fpu_gen.i_fpnew_bulk/gen_operation_groups[3].i_opgroup_block/gen_merged_slice.i_multifmt_slice/gen_num_lanes[0].active_lane.lane_instance.i_fpnew_cast_multi/gen_inside_pipeline[0].mid_pipe_dst_fmt_q_reg_n_0_[1][2]
    SLICE_X84Y28         LUT3 (Prop_lut3_I0_O)        0.124     2.047 r  ex_stage_i/fpu_gen.fpu_i/fpu_gen.i_fpnew_bulk/gen_operation_groups[3].i_opgroup_block/gen_merged_slice.i_multifmt_slice/gen_num_lanes[0].active_lane.lane_instance.i_fpnew_cast_multi/of_before_round1__7_carry_i_1/O
                         net (fo=8, routed)           0.344     2.391    ex_stage_i/fpu_gen.fpu_i/fpu_gen.i_fpnew_bulk/gen_operation_groups[3].i_opgroup_block/gen_merged_slice.i_multifmt_slice/gen_num_lanes[0].active_lane.lane_instance.i_fpnew_cast_multi/of_before_round1__7_carry_i_1_n_0
    SLICE_X85Y29         CARRY4 (Prop_carry4_CYINIT_CO[3])
                                                      0.580     2.971 r  ex_stage_i/fpu_gen.fpu_i/fpu_gen.i_fpnew_bulk/gen_operation_groups[3].i_opgroup_block/gen_merged_slice.i_multifmt_slice/gen_num_lanes[0].active_lane.lane_instance.i_fpnew_cast_multi/of_before_round1__7_carry/CO[3]
                         net (fo=5, routed)           1.003     3.974    ex_stage_i/fpu_gen.fpu_i/fpu_gen.i_fpnew_bulk/gen_operation_groups[3].i_opgroup_block/gen_merged_slice.i_multifmt_slice/gen_num_lanes[0].active_lane.lane_instance.i_fpnew_cast_multi/of_before_round1__7_carry_n_0
    SLICE_X82Y29         CARRY4 (Prop_carry4_CYINIT_CO[2])
                                                      0.608     4.582 r  ex_stage_i/fpu_gen.fpu_i/fpu_gen.i_fpnew_bulk/gen_operation_groups[3].i_opgroup_block/gen_merged_slice.i_multifmt_slice/gen_num_lanes[0].active_lane.lane_instance.i_fpnew_cast_multi/of_before_round0_carry__0_i_9/CO[2]
                         net (fo=20, routed)          0.689     5.271    ex_stage_i/fpu_gen.fpu_i/fpu_gen.i_fpnew_bulk/gen_operation_groups[3].i_opgroup_block/gen_merged_slice.i_multifmt_slice/gen_num_lanes[0].active_lane.lane_instance.i_fpnew_cast_multi/of_before_round0_carry__0_i_9_n_1
    SLICE_X83Y31         LUT2 (Prop_lut2_I0_O)        0.310     5.581 r  ex_stage_i/fpu_gen.fpu_i/fpu_gen.i_fpnew_bulk/gen_operation_groups[3].i_opgroup_block/gen_merged_slice.i_multifmt_slice/gen_num_lanes[0].active_lane.lane_instance.i_fpnew_cast_multi/of_before_round0_carry__1_i_7/O
                         net (fo=1, routed)           0.000     5.581    ex_stage_i/fpu_gen.fpu_i/fpu_gen.i_fpnew_bulk/gen_operation_groups[3].i_opgroup_block/gen_merged_slice.i_multifmt_slice/gen_num_lanes[0].active_lane.lane_instance.i_fpnew_cast_multi/of_before_round0_carry__1_i_7_n_0
    SLICE_X83Y31         CARRY4 (Prop_carry4_S[1]_CO[3])
                                                      0.550     6.131 r  ex_stage_i/fpu_gen.fpu_i/fpu_gen.i_fpnew_bulk/gen_operation_groups[3].i_opgroup_block/gen_merged_slice.i_multifmt_slice/gen_num_lanes[0].active_lane.lane_instance.i_fpnew_cast_multi/of_before_round0_carry__1/CO[3]
                         net (fo=1, routed)           0.000     6.131    ex_stage_i/fpu_gen.fpu_i/fpu_gen.i_fpnew_bulk/gen_operation_groups[3].i_opgroup_block/gen_merged_slice.i_multifmt_slice/gen_num_lanes[0].active_lane.lane_instance.i_fpnew_cast_multi/of_before_round0_carry__1_n_0
    SLICE_X83Y32         CARRY4 (Prop_carry4_CI_CO[3])
                                                      0.114     6.245 f  ex_stage_i/fpu_gen.fpu_i/fpu_gen.i_fpnew_bulk/gen_operation_groups[3].i_opgroup_block/gen_merged_slice.i_multifmt_slice/gen_num_lanes[0].active_lane.lane_instance.i_fpnew_cast_multi/of_before_round0_carry__2/CO[3]
                         net (fo=34, routed)          1.047     7.292    ex_stage_i/fpu_gen.fpu_i/fpu_gen.i_fpnew_bulk/gen_operation_groups[3].i_opgroup_block/gen_merged_slice.i_multifmt_slice/gen_num_lanes[0].active_lane.lane_instance.i_fpnew_cast_multi/of_before_round0__16
    SLICE_X86Y32         LUT3 (Prop_lut3_I0_O)        0.124     7.416 r  ex_stage_i/fpu_gen.fpu_i/fpu_gen.i_fpnew_bulk/gen_operation_groups[3].i_opgroup_block/gen_merged_slice.i_multifmt_slice/gen_num_lanes[0].active_lane.lane_instance.i_fpnew_cast_multi/rvfi_probes_o[instr][wbdata][3][30]_INST_0_i_146/O
                         net (fo=7, routed)           0.463     7.879    ex_stage_i/fpu_gen.fpu_i/fpu_gen.i_fpnew_bulk/gen_operation_groups[3].i_opgroup_block/gen_merged_slice.i_multifmt_slice/gen_num_lanes[0].active_lane.lane_instance.i_fpnew_cast_multi/rvfi_probes_o[instr][wbdata][3][30]_INST_0_i_146_n_0
    SLICE_X86Y33         LUT6 (Prop_lut6_I3_O)        0.124     8.003 r  ex_stage_i/fpu_gen.fpu_i/fpu_gen.i_fpnew_bulk/gen_operation_groups[3].i_opgroup_block/gen_merged_slice.i_multifmt_slice/gen_num_lanes[0].active_lane.lane_instance.i_fpnew_cast_multi/rvfi_probes_o[instr][wbdata][3][30]_INST_0_i_140/O
                         net (fo=87, routed)          1.139     9.141    ex_stage_i/fpu_gen.fpu_i/fpu_gen.i_fpnew_bulk/gen_operation_groups[3].i_opgroup_block/gen_merged_slice.i_multifmt_slice/gen_num_lanes[0].active_lane.lane_instance.i_fpnew_cast_multi/rvfi_probes_o[instr][wbdata][3][30]_INST_0_i_140_n_0
    SLICE_X87Y37         LUT6 (Prop_lut6_I5_O)        0.124     9.265 r  ex_stage_i/fpu_gen.fpu_i/fpu_gen.i_fpnew_bulk/gen_operation_groups[3].i_opgroup_block/gen_merged_slice.i_multifmt_slice/gen_num_lanes[0].active_lane.lane_instance.i_fpnew_cast_multi/mem_q[0][sbe][ex][cause][1]_i_101/O
                         net (fo=2, routed)           0.606     9.872    ex_stage_i/fpu_gen.fpu_i/fpu_gen.i_fpnew_bulk/gen_operation_groups[3].i_opgroup_block/gen_merged_slice.i_multifmt_slice/gen_num_lanes[0].active_lane.lane_instance.i_fpnew_cast_multi/mem_q[0][sbe][ex][cause][1]_i_101_n_0
    SLICE_X86Y37         LUT4 (Prop_lut4_I3_O)        0.124     9.996 r  ex_stage_i/fpu_gen.fpu_i/fpu_gen.i_fpnew_bulk/gen_operation_groups[3].i_opgroup_block/gen_merged_slice.i_multifmt_slice/gen_num_lanes[0].active_lane.lane_instance.i_fpnew_cast_multi/mem_q[0][sbe][ex][cause][1]_i_58/O
                         net (fo=3, routed)           0.641    10.637    ex_stage_i/fpu_gen.fpu_i/fpu_gen.i_fpnew_bulk/gen_operation_groups[3].i_opgroup_block/gen_merged_slice.i_multifmt_slice/gen_num_lanes[0].active_lane.lane_instance.i_fpnew_cast_multi/mem_q[0][sbe][ex][cause][1]_i_58_n_0
    SLICE_X83Y36         LUT5 (Prop_lut5_I3_O)        0.124    10.761 r  ex_stage_i/fpu_gen.fpu_i/fpu_gen.i_fpnew_bulk/gen_operation_groups[3].i_opgroup_block/gen_merged_slice.i_multifmt_slice/gen_num_lanes[0].active_lane.lane_instance.i_fpnew_cast_multi/mem_q[0][sbe][ex][cause][1]_i_68/O
                         net (fo=2, routed)           0.814    11.575    ex_stage_i/fpu_gen.fpu_i/fpu_gen.i_fpnew_bulk/gen_operation_groups[3].i_opgroup_block/gen_merged_slice.i_multifmt_slice/gen_num_lanes[0].active_lane.lane_instance.i_fpnew_cast_multi/mem_q[0][sbe][ex][cause][1]_i_68_n_0
    SLICE_X82Y36         LUT3 (Prop_lut3_I2_O)        0.146    11.721 r  ex_stage_i/fpu_gen.fpu_i/fpu_gen.i_fpnew_bulk/gen_operation_groups[3].i_opgroup_block/gen_merged_slice.i_multifmt_slice/gen_num_lanes[0].active_lane.lane_instance.i_fpnew_cast_multi/mem_q[0][sbe][ex][cause][1]_i_44/O
                         net (fo=2, routed)           0.844    12.565    ex_stage_i/fpu_gen.fpu_i/fpu_gen.i_fpnew_bulk/gen_operation_groups[3].i_opgroup_block/gen_merged_slice.i_multifmt_slice/gen_num_lanes[0].active_lane.lane_instance.i_fpnew_cast_multi/mem_q[0][sbe][ex][cause][1]_i_44_n_0
    SLICE_X81Y35         LUT6 (Prop_lut6_I4_O)        0.328    12.893 r  ex_stage_i/fpu_gen.fpu_i/fpu_gen.i_fpnew_bulk/gen_operation_groups[3].i_opgroup_block/gen_merged_slice.i_multifmt_slice/gen_num_lanes[0].active_lane.lane_instance.i_fpnew_cast_multi/mem_q[0][sbe][ex][cause][1]_i_27/O
                         net (fo=1, routed)           0.797    13.690    ex_stage_i/fpu_gen.fpu_i/fpu_gen.i_fpnew_bulk/gen_operation_groups[3].i_opgroup_block/gen_merged_slice.i_multifmt_slice/gen_num_lanes[0].active_lane.lane_instance.i_fpnew_cast_multi/mem_q[0][sbe][ex][cause][1]_i_27_n_0
    SLICE_X81Y36         LUT6 (Prop_lut6_I0_O)        0.124    13.814 f  ex_stage_i/fpu_gen.fpu_i/fpu_gen.i_fpnew_bulk/gen_operation_groups[3].i_opgroup_block/gen_merged_slice.i_multifmt_slice/gen_num_lanes[0].active_lane.lane_instance.i_fpnew_cast_multi/mem_q[0][sbe][ex][cause][1]_i_18/O
                         net (fo=4, routed)           0.464    14.277    ex_stage_i/fpu_gen.fpu_i/fpu_gen.i_fpnew_bulk/gen_operation_groups[3].i_opgroup_block/gen_merged_slice.i_multifmt_slice/gen_num_lanes[0].active_lane.lane_instance.i_fpnew_cast_multi/mem_q[0][sbe][ex][cause][1]_i_18_n_0
    SLICE_X80Y34         LUT4 (Prop_lut4_I3_O)        0.124    14.401 r  ex_stage_i/fpu_gen.fpu_i/fpu_gen.i_fpnew_bulk/gen_operation_groups[3].i_opgroup_block/gen_merged_slice.i_multifmt_slice/gen_num_lanes[0].active_lane.lane_instance.i_fpnew_cast_multi/rvfi_probes_o[instr][wbdata][3][0]_INST_0_i_52/O
                         net (fo=2, routed)           0.510    14.911    ex_stage_i/fpu_gen.fpu_i/fpu_gen.i_fpnew_bulk/gen_operation_groups[3].i_opgroup_block/gen_merged_slice.i_multifmt_slice/gen_num_lanes[0].active_lane.lane_instance.i_fpnew_cast_multi/rvfi_probes_o[instr][wbdata][3][0]_INST_0_i_52_n_0
    SLICE_X79Y30         LUT2 (Prop_lut2_I0_O)        0.124    15.035 r  ex_stage_i/fpu_gen.fpu_i/fpu_gen.i_fpnew_bulk/gen_operation_groups[3].i_opgroup_block/gen_merged_slice.i_multifmt_slice/gen_num_lanes[0].active_lane.lane_instance.i_fpnew_cast_multi/rvfi_probes_o[instr][wbdata][3][0]_INST_0_i_32/O
                         net (fo=1, routed)           0.426    15.462    ex_stage_i/fpu_gen.fpu_i/fpu_gen.i_fpnew_bulk/gen_operation_groups[3].i_opgroup_block/gen_merged_slice.i_multifmt_slice/gen_num_lanes[0].active_lane.lane_instance.i_fpnew_cast_multi/rvfi_probes_o[instr][wbdata][3][0]_INST_0_i_32_n_0
    SLICE_X78Y30         LUT6 (Prop_lut6_I0_O)        0.124    15.586 r  ex_stage_i/fpu_gen.fpu_i/fpu_gen.i_fpnew_bulk/gen_operation_groups[3].i_opgroup_block/gen_merged_slice.i_multifmt_slice/gen_num_lanes[0].active_lane.lane_instance.i_fpnew_cast_multi/rvfi_probes_o[instr][wbdata][3][0]_INST_0_i_19/O
                         net (fo=1, routed)           0.000    15.586    ex_stage_i/fpu_gen.fpu_i/fpu_gen.i_fpnew_bulk/gen_operation_groups[3].i_opgroup_block/gen_merged_slice.i_multifmt_slice/gen_num_lanes[0].active_lane.lane_instance.i_fpnew_cast_multi/rvfi_probes_o[instr][wbdata][3][0]_INST_0_i_19_n_0
    SLICE_X78Y30         CARRY4 (Prop_carry4_S[0]_CO[3])
                                                      0.532    16.118 r  ex_stage_i/fpu_gen.fpu_i/fpu_gen.i_fpnew_bulk/gen_operation_groups[3].i_opgroup_block/gen_merged_slice.i_multifmt_slice/gen_num_lanes[0].active_lane.lane_instance.i_fpnew_cast_multi/rvfi_probes_o[instr][wbdata][3][0]_INST_0_i_8/CO[3]
                         net (fo=1, routed)           0.000    16.118    ex_stage_i/fpu_gen.fpu_i/fpu_gen.i_fpnew_bulk/gen_operation_groups[3].i_opgroup_block/gen_merged_slice.i_multifmt_slice/gen_num_lanes[0].active_lane.lane_instance.i_fpnew_cast_multi/rvfi_probes_o[instr][wbdata][3][0]_INST_0_i_8_n_0
    SLICE_X78Y31         CARRY4 (Prop_carry4_CI_O[1])
                                                      0.334    16.452 f  ex_stage_i/fpu_gen.fpu_i/fpu_gen.i_fpnew_bulk/gen_operation_groups[3].i_opgroup_block/gen_merged_slice.i_multifmt_slice/gen_num_lanes[0].active_lane.lane_instance.i_fpnew_cast_multi/rvfi_probes_o[instr][wbdata][3][7]_INST_0_i_16/O[1]
                         net (fo=4, routed)           0.591    17.043    ex_stage_i/fpu_gen.fpu_i/fpu_gen.i_fpnew_bulk/gen_operation_groups[3].i_opgroup_block/gen_merged_slice.i_multifmt_slice/gen_num_lanes[0].active_lane.lane_instance.i_fpnew_cast_multi/rounded_abs[5]
    SLICE_X77Y31         LUT1 (Prop_lut1_I0_O)        0.303    17.346 r  ex_stage_i/fpu_gen.fpu_i/fpu_gen.i_fpnew_bulk/gen_operation_groups[3].i_opgroup_block/gen_merged_slice.i_multifmt_slice/gen_num_lanes[0].active_lane.lane_instance.i_fpnew_cast_multi/rvfi_probes_o[instr][wbdata][3][8]_INST_0_i_12/O
                         net (fo=1, routed)           0.000    17.346    ex_stage_i/fpu_gen.fpu_i/fpu_gen.i_fpnew_bulk/gen_operation_groups[3].i_opgroup_block/gen_merged_slice.i_multifmt_slice/gen_num_lanes[0].active_lane.lane_instance.i_fpnew_cast_multi/rvfi_probes_o[instr][wbdata][3][8]_INST_0_i_12_n_0
    SLICE_X77Y31         CARRY4 (Prop_carry4_S[0]_CO[3])
                                                      0.532    17.878 r  ex_stage_i/fpu_gen.fpu_i/fpu_gen.i_fpnew_bulk/gen_operation_groups[3].i_opgroup_block/gen_merged_slice.i_multifmt_slice/gen_num_lanes[0].active_lane.lane_instance.i_fpnew_cast_multi/rvfi_probes_o[instr][wbdata][3][8]_INST_0_i_8/CO[3]
                         net (fo=1, routed)           0.000    17.878    ex_stage_i/fpu_gen.fpu_i/fpu_gen.i_fpnew_bulk/gen_operation_groups[3].i_opgroup_block/gen_merged_slice.i_multifmt_slice/gen_num_lanes[0].active_lane.lane_instance.i_fpnew_cast_multi/rvfi_probes_o[instr][wbdata][3][8]_INST_0_i_8_n_0
    SLICE_X77Y32         CARRY4 (Prop_carry4_CI_CO[3])
                                                      0.114    17.992 r  ex_stage_i/fpu_gen.fpu_i/fpu_gen.i_fpnew_bulk/gen_operation_groups[3].i_opgroup_block/gen_merged_slice.i_multifmt_slice/gen_num_lanes[0].active_lane.lane_instance.i_fpnew_cast_multi/rvfi_probes_o[instr][wbdata][3][12]_INST_0_i_7/CO[3]
                         net (fo=1, routed)           0.000    17.992    ex_stage_i/fpu_gen.fpu_i/fpu_gen.i_fpnew_bulk/gen_operation_groups[3].i_opgroup_block/gen_merged_slice.i_multifmt_slice/gen_num_lanes[0].active_lane.lane_instance.i_fpnew_cast_multi/rvfi_probes_o[instr][wbdata][3][12]_INST_0_i_7_n_0
    SLICE_X77Y33         CARRY4 (Prop_carry4_CI_CO[3])
                                                      0.114    18.106 r  ex_stage_i/fpu_gen.fpu_i/fpu_gen.i_fpnew_bulk/gen_operation_groups[3].i_opgroup_block/gen_merged_slice.i_multifmt_slice/gen_num_lanes[0].active_lane.lane_instance.i_fpnew_cast_multi/rvfi_probes_o[instr][wbdata][3][16]_INST_0_i_7/CO[3]
                         net (fo=1, routed)           0.000    18.106    ex_stage_i/fpu_gen.fpu_i/fpu_gen.i_fpnew_bulk/gen_operation_groups[3].i_opgroup_block/gen_merged_slice.i_multifmt_slice/gen_num_lanes[0].active_lane.lane_instance.i_fpnew_cast_multi/rvfi_probes_o[instr][wbdata][3][16]_INST_0_i_7_n_0
    SLICE_X77Y34         CARRY4 (Prop_carry4_CI_CO[3])
                                                      0.114    18.220 r  ex_stage_i/fpu_gen.fpu_i/fpu_gen.i_fpnew_bulk/gen_operation_groups[3].i_opgroup_block/gen_merged_slice.i_multifmt_slice/gen_num_lanes[0].active_lane.lane_instance.i_fpnew_cast_multi/rvfi_probes_o[instr][wbdata][3][20]_INST_0_i_8/CO[3]
                         net (fo=1, routed)           0.000    18.220    ex_stage_i/fpu_gen.fpu_i/fpu_gen.i_fpnew_bulk/gen_operation_groups[3].i_opgroup_block/gen_merged_slice.i_multifmt_slice/gen_num_lanes[0].active_lane.lane_instance.i_fpnew_cast_multi/rvfi_probes_o[instr][wbdata][3][20]_INST_0_i_8_n_0
    SLICE_X77Y35         CARRY4 (Prop_carry4_CI_CO[3])
                                                      0.114    18.334 r  ex_stage_i/fpu_gen.fpu_i/fpu_gen.i_fpnew_bulk/gen_operation_groups[3].i_opgroup_block/gen_merged_slice.i_multifmt_slice/gen_num_lanes[0].active_lane.lane_instance.i_fpnew_cast_multi/rvfi_probes_o[instr][wbdata][3][24]_INST_0_i_9/CO[3]
                         net (fo=1, routed)           0.000    18.334    ex_stage_i/fpu_gen.fpu_i/fpu_gen.i_fpnew_bulk/gen_operation_groups[3].i_opgroup_block/gen_merged_slice.i_multifmt_slice/gen_num_lanes[0].active_lane.lane_instance.i_fpnew_cast_multi/rvfi_probes_o[instr][wbdata][3][24]_INST_0_i_9_n_0
    SLICE_X77Y36         CARRY4 (Prop_carry4_CI_O[2])
                                                      0.239    18.573 r  ex_stage_i/fpu_gen.fpu_i/fpu_gen.i_fpnew_bulk/gen_operation_groups[3].i_opgroup_block/gen_merged_slice.i_multifmt_slice/gen_num_lanes[0].active_lane.lane_instance.i_fpnew_cast_multi/rvfi_probes_o[instr][wbdata][3][28]_INST_0_i_9/O[2]
                         net (fo=2, routed)           0.782    19.355    ex_stage_i/fpu_gen.fpu_i/fpu_gen.i_fpnew_bulk/gen_operation_groups[3].i_opgroup_block/gen_merged_slice.i_multifmt_slice/gen_num_lanes[0].active_lane.lane_instance.i_fpnew_cast_multi/rounded_uint_res0[27]
    SLICE_X76Y37         LUT5 (Prop_lut5_I1_O)        0.302    19.657 r  ex_stage_i/fpu_gen.fpu_i/fpu_gen.i_fpnew_bulk/gen_operation_groups[3].i_opgroup_block/gen_merged_slice.i_multifmt_slice/gen_num_lanes[0].active_lane.lane_instance.i_fpnew_cast_multi/rvfi_probes_o[instr][wbdata][3][30]_INST_0_i_230/O
                         net (fo=1, routed)           0.492    20.149    ex_stage_i/fpu_gen.fpu_i/fpu_gen.i_fpnew_bulk/gen_operation_groups[3].i_opgroup_block/gen_merged_slice.i_multifmt_slice/gen_num_lanes[0].active_lane.lane_instance.i_fpnew_cast_multi/rvfi_probes_o[instr][wbdata][3][30]_INST_0_i_230_n_0
    SLICE_X76Y36         LUT6 (Prop_lut6_I5_O)        0.124    20.273 r  ex_stage_i/fpu_gen.fpu_i/fpu_gen.i_fpnew_bulk/gen_operation_groups[3].i_opgroup_block/gen_merged_slice.i_multifmt_slice/gen_num_lanes[0].active_lane.lane_instance.i_fpnew_cast_multi/rvfi_probes_o[instr][wbdata][3][30]_INST_0_i_204/O
                         net (fo=1, routed)           0.566    20.839    ex_stage_i/fpu_gen.fpu_i/fpu_gen.i_fpnew_bulk/gen_operation_groups[3].i_opgroup_block/gen_merged_slice.i_multifmt_slice/gen_num_lanes[0].active_lane.lane_instance.i_fpnew_cast_multi/rvfi_probes_o[instr][wbdata][3][30]_INST_0_i_204_n_0
    SLICE_X79Y33         LUT6 (Prop_lut6_I2_O)        0.124    20.963 r  ex_stage_i/fpu_gen.fpu_i/fpu_gen.i_fpnew_bulk/gen_operation_groups[3].i_opgroup_block/gen_merged_slice.i_multifmt_slice/gen_num_lanes[0].active_lane.lane_instance.i_fpnew_cast_multi/rvfi_probes_o[instr][wbdata][3][30]_INST_0_i_160/O
                         net (fo=1, routed)           0.318    21.281    ex_stage_i/fpu_gen.fpu_i/fpu_gen.i_fpnew_bulk/gen_operation_groups[3].i_opgroup_block/gen_merged_slice.i_multifmt_slice/gen_num_lanes[0].active_lane.lane_instance.i_fpnew_cast_multi/rvfi_probes_o[instr][wbdata][3][30]_INST_0_i_160_n_0
    SLICE_X80Y33         LUT6 (Prop_lut6_I1_O)        0.124    21.405 r  ex_stage_i/fpu_gen.fpu_i/fpu_gen.i_fpnew_bulk/gen_operation_groups[3].i_opgroup_block/gen_merged_slice.i_multifmt_slice/gen_num_lanes[0].active_lane.lane_instance.i_fpnew_cast_multi/rvfi_probes_o[instr][wbdata][3][30]_INST_0_i_97/O
                         net (fo=1, routed)           0.291    21.696    ex_stage_i/fpu_gen.fpu_i/fpu_gen.i_fpnew_bulk/gen_operation_groups[3].i_opgroup_block/gen_merged_slice.i_multifmt_slice/gen_num_lanes[0].active_lane.lane_instance.i_fpnew_cast_multi/rvfi_probes_o[instr][wbdata][3][30]_INST_0_i_97_n_0
    SLICE_X81Y33         LUT4 (Prop_lut4_I2_O)        0.124    21.820 r  ex_stage_i/fpu_gen.fpu_i/fpu_gen.i_fpnew_bulk/gen_operation_groups[3].i_opgroup_block/gen_merged_slice.i_multifmt_slice/gen_num_lanes[0].active_lane.lane_instance.i_fpnew_cast_multi/rvfi_probes_o[instr][wbdata][3][30]_INST_0_i_55/O
                         net (fo=1, routed)           0.151    21.971    ex_stage_i/fpu_gen.fpu_i/fpu_gen.i_fpnew_bulk/gen_operation_groups[3].i_opgroup_block/gen_merged_slice.i_multifmt_slice/gen_num_lanes[0].active_lane.lane_instance.i_fpnew_cast_multi/rvfi_probes_o[instr][wbdata][3][30]_INST_0_i_55_n_0
    SLICE_X81Y33         LUT6 (Prop_lut6_I1_O)        0.124    22.095 f  ex_stage_i/fpu_gen.fpu_i/fpu_gen.i_fpnew_bulk/gen_operation_groups[3].i_opgroup_block/gen_merged_slice.i_multifmt_slice/gen_num_lanes[0].active_lane.lane_instance.i_fpnew_cast_multi/rvfi_probes_o[instr][wbdata][3][30]_INST_0_i_37/O
                         net (fo=3, routed)           0.493    22.588    ex_stage_i/fpu_gen.fpu_i/fpu_gen.i_fpnew_bulk/gen_operation_groups[3].i_opgroup_block/gen_merged_slice.i_multifmt_slice/gen_num_lanes[0].active_lane.lane_instance.i_fpnew_cast_multi/rvfi_probes_o[instr][wbdata][3][30]_INST_0_i_37_n_0
    SLICE_X75Y35         LUT6 (Prop_lut6_I4_O)        0.124    22.712 r  ex_stage_i/fpu_gen.fpu_i/fpu_gen.i_fpnew_bulk/gen_operation_groups[3].i_opgroup_block/gen_merged_slice.i_multifmt_slice/gen_num_lanes[0].active_lane.lane_instance.i_fpnew_cast_multi/rvfi_probes_o[instr][wbdata][3][30]_INST_0_i_21/O
                         net (fo=3, routed)           0.309    23.021    ex_stage_i/fpu_gen.fpu_i/fpu_gen.i_fpnew_bulk/gen_operation_groups[3].i_opgroup_block/gen_merged_slice.i_multifmt_slice/gen_num_lanes[0].active_lane.lane_instance.i_fpnew_cast_multi/rvfi_probes_o[instr][wbdata][3][30]_INST_0_i_21_n_0
    SLICE_X73Y35         LUT6 (Prop_lut6_I3_O)        0.124    23.145 f  ex_stage_i/fpu_gen.fpu_i/fpu_gen.i_fpnew_bulk/gen_operation_groups[3].i_opgroup_block/gen_merged_slice.i_multifmt_slice/gen_num_lanes[0].active_lane.lane_instance.i_fpnew_cast_multi/rvfi_probes_o[instr][wbdata][3][29]_INST_0_i_7/O
                         net (fo=31, routed)          0.693    23.839    ex_stage_i/fpu_gen.fpu_i/fpu_gen.i_fpnew_bulk/gen_operation_groups[3].i_opgroup_block/gen_merged_slice.i_multifmt_slice/gen_num_lanes[0].active_lane.lane_instance.i_fpnew_cast_multi/rvfi_probes_o[instr][wbdata][3][29]_INST_0_i_7_n_0
    SLICE_X74Y37         LUT6 (Prop_lut6_I0_O)        0.124    23.963 f  ex_stage_i/fpu_gen.fpu_i/fpu_gen.i_fpnew_bulk/gen_operation_groups[3].i_opgroup_block/gen_merged_slice.i_multifmt_slice/gen_num_lanes[0].active_lane.lane_instance.i_fpnew_cast_multi/rvfi_probes_o[instr][wbdata][3][28]_INST_0_i_4/O
                         net (fo=1, routed)           0.433    24.396    ex_stage_i/fpu_gen.fpu_i/fpu_gen.i_fpnew_bulk/gen_operation_groups[3].i_opgroup_block/gen_merged_slice.i_multifmt_slice/gen_num_lanes[0].active_lane.lane_instance.i_fpnew_cast_multi/rvfi_probes_o[instr][wbdata][3][28]_INST_0_i_4_n_0
    SLICE_X72Y39         LUT6 (Prop_lut6_I2_O)        0.124    24.520 r  ex_stage_i/fpu_gen.fpu_i/fpu_gen.i_fpnew_bulk/gen_operation_groups[3].i_opgroup_block/gen_merged_slice.i_multifmt_slice/gen_num_lanes[0].active_lane.lane_instance.i_fpnew_cast_multi/rvfi_probes_o[instr][wbdata][3][28]_INST_0_i_2/O
                         net (fo=1, routed)           0.000    24.520    ex_stage_i/fpu_gen.fpu_i/fpu_gen.i_fpnew_bulk/i_arbiter/gen_arbiter.data_nodes[2][result][2]
    SLICE_X72Y39         MUXF7 (Prop_muxf7_I1_O)      0.245    24.765 r  ex_stage_i/fpu_gen.fpu_i/fpu_gen.i_fpnew_bulk/i_arbiter/rvfi_probes_o[instr][wbdata][3][28]_INST_0/O
                         net (fo=7, routed)           0.492    25.258    issue_stage_i/i_scoreboard/fu_data_q[0][imm][28]_i_2_0
    SLICE_X74Y37         LUT6 (Prop_lut6_I3_O)        0.298    25.556 r  issue_stage_i/i_scoreboard/rvfi_probes_o[instr][rs1][0][28]_INST_0_i_4/O
                         net (fo=1, routed)           0.452    26.007    issue_stage_i/i_scoreboard/rvfi_probes_o[instr][rs1][0][28]_INST_0_i_4_n_0
    SLICE_X75Y37         LUT6 (Prop_lut6_I5_O)        0.124    26.131 r  issue_stage_i/i_scoreboard/rvfi_probes_o[instr][rs1][0][28]_INST_0_i_2/O
                         net (fo=1, routed)           0.403    26.534    id_stage_i/rs1_res[0]_1[28]
    SLICE_X75Y37         LUT6 (Prop_lut6_I5_O)        0.124    26.658 r  id_stage_i/rvfi_probes_o[instr][rs1][0][28]_INST_0/O
                         net (fo=1, routed)           0.000    26.658    issue_stage_i/i_issue_read_operands/rvfi_probes_o[instr][rs1][0][28]
    SLICE_X75Y37         FDCE                                         r  issue_stage_i/i_issue_read_operands/fu_data_q_reg[0][operand_a][28]/D
  -------------------------------------------------------------------    -------------------

                         (clock clk_i rise edge)     25.000    25.000 r  
                                                      0.000    25.000 r  clk_i (IN)
                         net (fo=6832, unset)         0.924    25.924    issue_stage_i/i_issue_read_operands/clk_i
    SLICE_X75Y37         FDCE                                         r  issue_stage_i/i_issue_read_operands/fu_data_q_reg[0][operand_a][28]/C
                         clock pessimism              0.000    25.924    
                         clock uncertainty           -0.035    25.889    
    SLICE_X75Y37         FDCE (Setup_fdce_C_D)        0.029    25.918    issue_stage_i/i_issue_read_operands/fu_data_q_reg[0][operand_a][28]
  -------------------------------------------------------------------
                         required time                         25.918    
                         arrival time                         -26.658    
  -------------------------------------------------------------------
                         slack                                 -0.740    

Slack (VIOLATED) :        -0.726ns  (required time - arrival time)
  Source:                 ex_stage_i/fpu_gen.fpu_i/fpu_gen.i_fpnew_bulk/gen_operation_groups[3].i_opgroup_block/gen_merged_slice.i_multifmt_slice/gen_num_lanes[0].active_lane.lane_instance.i_fpnew_cast_multi/gen_inside_pipeline[0].mid_pipe_dst_fmt_q_reg[1][2]/C
                            (rising edge-triggered cell FDCE clocked by clk_i  {rise@0.000ns fall@12.500ns period=25.000ns})
  Destination:            issue_stage_i/i_issue_read_operands/fu_data_q_reg[0][operand_b][28]/D
                            (rising edge-triggered cell FDCE clocked by clk_i  {rise@0.000ns fall@12.500ns period=25.000ns})
  Path Group:             clk_i
  Path Type:              Setup (Max at Slow Process Corner)
  Requirement:            25.000ns  (clk_i rise@25.000ns - clk_i rise@0.000ns)
  Data Path Delay:        25.671ns  (logic 8.937ns (34.813%)  route 16.734ns (65.187%))
  Logic Levels:           40  (CARRY4=12 LUT1=1 LUT2=2 LUT3=3 LUT4=3 LUT5=2 LUT6=16 MUXF7=1)
  Clock Path Skew:        -0.049ns (DCD - SCD + CPR)
    Destination Clock Delay (DCD):    0.924ns = ( 25.924 - 25.000 ) 
    Source Clock Delay      (SCD):    0.973ns
    Clock Pessimism Removal (CPR):    0.000ns
  Clock Uncertainty:      0.035ns  ((TSJ^2 + TIJ^2)^1/2 + DJ) / 2 + PE
    Total System Jitter     (TSJ):    0.071ns
    Total Input Jitter      (TIJ):    0.000ns
    Discrete Jitter          (DJ):    0.000ns
    Phase Error              (PE):    0.000ns

    Location             Delay type                Incr(ns)  Path(ns)    Netlist Resource(s)
  -------------------------------------------------------------------    -------------------
                         (clock clk_i rise edge)      0.000     0.000 r  
                                                      0.000     0.000 r  clk_i (IN)
                         net (fo=6832, unset)         0.973     0.973    ex_stage_i/fpu_gen.fpu_i/fpu_gen.i_fpnew_bulk/gen_operation_groups[3].i_opgroup_block/gen_merged_slice.i_multifmt_slice/gen_num_lanes[0].active_lane.lane_instance.i_fpnew_cast_multi/clk_i
    SLICE_X85Y28         FDCE                                         r  ex_stage_i/fpu_gen.fpu_i/fpu_gen.i_fpnew_bulk/gen_operation_groups[3].i_opgroup_block/gen_merged_slice.i_multifmt_slice/gen_num_lanes[0].active_lane.lane_instance.i_fpnew_cast_multi/gen_inside_pipeline[0].mid_pipe_dst_fmt_q_reg[1][2]/C
  -------------------------------------------------------------------    -------------------
    SLICE_X85Y28         FDCE (Prop_fdce_C_Q)         0.456     1.429 r  ex_stage_i/fpu_gen.fpu_i/fpu_gen.i_fpnew_bulk/gen_operation_groups[3].i_opgroup_block/gen_merged_slice.i_multifmt_slice/gen_num_lanes[0].active_lane.lane_instance.i_fpnew_cast_multi/gen_inside_pipeline[0].mid_pipe_dst_fmt_q_reg[1][2]/Q
                         net (fo=147, routed)         0.494     1.923    ex_stage_i/fpu_gen.fpu_i/fpu_gen.i_fpnew_bulk/gen_operation_groups[3].i_opgroup_block/gen_merged_slice.i_multifmt_slice/gen_num_lanes[0].active_lane.lane_instance.i_fpnew_cast_multi/gen_inside_pipeline[0].mid_pipe_dst_fmt_q_reg_n_0_[1][2]
    SLICE_X84Y28         LUT3 (Prop_lut3_I0_O)        0.124     2.047 r  ex_stage_i/fpu_gen.fpu_i/fpu_gen.i_fpnew_bulk/gen_operation_groups[3].i_opgroup_block/gen_merged_slice.i_multifmt_slice/gen_num_lanes[0].active_lane.lane_instance.i_fpnew_cast_multi/of_before_round1__7_carry_i_1/O
                         net (fo=8, routed)           0.344     2.391    ex_stage_i/fpu_gen.fpu_i/fpu_gen.i_fpnew_bulk/gen_operation_groups[3].i_opgroup_block/gen_merged_slice.i_multifmt_slice/gen_num_lanes[0].active_lane.lane_instance.i_fpnew_cast_multi/of_before_round1__7_carry_i_1_n_0
    SLICE_X85Y29         CARRY4 (Prop_carry4_CYINIT_CO[3])
                                                      0.580     2.971 r  ex_stage_i/fpu_gen.fpu_i/fpu_gen.i_fpnew_bulk/gen_operation_groups[3].i_opgroup_block/gen_merged_slice.i_multifmt_slice/gen_num_lanes[0].active_lane.lane_instance.i_fpnew_cast_multi/of_before_round1__7_carry/CO[3]
                         net (fo=5, routed)           1.003     3.974    ex_stage_i/fpu_gen.fpu_i/fpu_gen.i_fpnew_bulk/gen_operation_groups[3].i_opgroup_block/gen_merged_slice.i_multifmt_slice/gen_num_lanes[0].active_lane.lane_instance.i_fpnew_cast_multi/of_before_round1__7_carry_n_0
    SLICE_X82Y29         CARRY4 (Prop_carry4_CYINIT_CO[2])
                                                      0.608     4.582 r  ex_stage_i/fpu_gen.fpu_i/fpu_gen.i_fpnew_bulk/gen_operation_groups[3].i_opgroup_block/gen_merged_slice.i_multifmt_slice/gen_num_lanes[0].active_lane.lane_instance.i_fpnew_cast_multi/of_before_round0_carry__0_i_9/CO[2]
                         net (fo=20, routed)          0.689     5.271    ex_stage_i/fpu_gen.fpu_i/fpu_gen.i_fpnew_bulk/gen_operation_groups[3].i_opgroup_block/gen_merged_slice.i_multifmt_slice/gen_num_lanes[0].active_lane.lane_instance.i_fpnew_cast_multi/of_before_round0_carry__0_i_9_n_1
    SLICE_X83Y31         LUT2 (Prop_lut2_I0_O)        0.310     5.581 r  ex_stage_i/fpu_gen.fpu_i/fpu_gen.i_fpnew_bulk/gen_operation_groups[3].i_opgroup_block/gen_merged_slice.i_multifmt_slice/gen_num_lanes[0].active_lane.lane_instance.i_fpnew_cast_multi/of_before_round0_carry__1_i_7/O
                         net (fo=1, routed)           0.000     5.581    ex_stage_i/fpu_gen.fpu_i/fpu_gen.i_fpnew_bulk/gen_operation_groups[3].i_opgroup_block/gen_merged_slice.i_multifmt_slice/gen_num_lanes[0].active_lane.lane_instance.i_fpnew_cast_multi/of_before_round0_carry__1_i_7_n_0
    SLICE_X83Y31         CARRY4 (Prop_carry4_S[1]_CO[3])
                                                      0.550     6.131 r  ex_stage_i/fpu_gen.fpu_i/fpu_gen.i_fpnew_bulk/gen_operation_groups[3].i_opgroup_block/gen_merged_slice.i_multifmt_slice/gen_num_lanes[0].active_lane.lane_instance.i_fpnew_cast_multi/of_before_round0_carry__1/CO[3]
                         net (fo=1, routed)           0.000     6.131    ex_stage_i/fpu_gen.fpu_i/fpu_gen.i_fpnew_bulk/gen_operation_groups[3].i_opgroup_block/gen_merged_slice.i_multifmt_slice/gen_num_lanes[0].active_lane.lane_instance.i_fpnew_cast_multi/of_before_round0_carry__1_n_0
    SLICE_X83Y32         CARRY4 (Prop_carry4_CI_CO[3])
                                                      0.114     6.245 f  ex_stage_i/fpu_gen.fpu_i/fpu_gen.i_fpnew_bulk/gen_operation_groups[3].i_opgroup_block/gen_merged_slice.i_multifmt_slice/gen_num_lanes[0].active_lane.lane_instance.i_fpnew_cast_multi/of_before_round0_carry__2/CO[3]
                         net (fo=34, routed)          1.047     7.292    ex_stage_i/fpu_gen.fpu_i/fpu_gen.i_fpnew_bulk/gen_operation_groups[3].i_opgroup_block/gen_merged_slice.i_multifmt_slice/gen_num_lanes[0].active_lane.lane_instance.i_fpnew_cast_multi/of_before_round0__16
    SLICE_X86Y32         LUT3 (Prop_lut3_I0_O)        0.124     7.416 r  ex_stage_i/fpu_gen.fpu_i/fpu_gen.i_fpnew_bulk/gen_operation_groups[3].i_opgroup_block/gen_merged_slice.i_multifmt_slice/gen_num_lanes[0].active_lane.lane_instance.i_fpnew_cast_multi/rvfi_probes_o[instr][wbdata][3][30]_INST_0_i_146/O
                         net (fo=7, routed)           0.463     7.879    ex_stage_i/fpu_gen.fpu_i/fpu_gen.i_fpnew_bulk/gen_operation_groups[3].i_opgroup_block/gen_merged_slice.i_multifmt_slice/gen_num_lanes[0].active_lane.lane_instance.i_fpnew_cast_multi/rvfi_probes_o[instr][wbdata][3][30]_INST_0_i_146_n_0
    SLICE_X86Y33         LUT6 (Prop_lut6_I3_O)        0.124     8.003 r  ex_stage_i/fpu_gen.fpu_i/fpu_gen.i_fpnew_bulk/gen_operation_groups[3].i_opgroup_block/gen_merged_slice.i_multifmt_slice/gen_num_lanes[0].active_lane.lane_instance.i_fpnew_cast_multi/rvfi_probes_o[instr][wbdata][3][30]_INST_0_i_140/O
                         net (fo=87, routed)          1.139     9.141    ex_stage_i/fpu_gen.fpu_i/fpu_gen.i_fpnew_bulk/gen_operation_groups[3].i_opgroup_block/gen_merged_slice.i_multifmt_slice/gen_num_lanes[0].active_lane.lane_instance.i_fpnew_cast_multi/rvfi_probes_o[instr][wbdata][3][30]_INST_0_i_140_n_0
    SLICE_X87Y37         LUT6 (Prop_lut6_I5_O)        0.124     9.265 r  ex_stage_i/fpu_gen.fpu_i/fpu_gen.i_fpnew_bulk/gen_operation_groups[3].i_opgroup_block/gen_merged_slice.i_multifmt_slice/gen_num_lanes[0].active_lane.lane_instance.i_fpnew_cast_multi/mem_q[0][sbe][ex][cause][1]_i_101/O
                         net (fo=2, routed)           0.606     9.872    ex_stage_i/fpu_gen.fpu_i/fpu_gen.i_fpnew_bulk/gen_operation_groups[3].i_opgroup_block/gen_merged_slice.i_multifmt_slice/gen_num_lanes[0].active_lane.lane_instance.i_fpnew_cast_multi/mem_q[0][sbe][ex][cause][1]_i_101_n_0
    SLICE_X86Y37         LUT4 (Prop_lut4_I3_O)        0.124     9.996 r  ex_stage_i/fpu_gen.fpu_i/fpu_gen.i_fpnew_bulk/gen_operation_groups[3].i_opgroup_block/gen_merged_slice.i_multifmt_slice/gen_num_lanes[0].active_lane.lane_instance.i_fpnew_cast_multi/mem_q[0][sbe][ex][cause][1]_i_58/O
                         net (fo=3, routed)           0.641    10.637    ex_stage_i/fpu_gen.fpu_i/fpu_gen.i_fpnew_bulk/gen_operation_groups[3].i_opgroup_block/gen_merged_slice.i_multifmt_slice/gen_num_lanes[0].active_lane.lane_instance.i_fpnew_cast_multi/mem_q[0][sbe][ex][cause][1]_i_58_n_0
    SLICE_X83Y36         LUT5 (Prop_lut5_I3_O)        0.124    10.761 r  ex_stage_i/fpu_gen.fpu_i/fpu_gen.i_fpnew_bulk/gen_operation_groups[3].i_opgroup_block/gen_merged_slice.i_multifmt_slice/gen_num_lanes[0].active_lane.lane_instance.i_fpnew_cast_multi/mem_q[0][sbe][ex][cause][1]_i_68/O
                         net (fo=2, routed)           0.814    11.575    ex_stage_i/fpu_gen.fpu_i/fpu_gen.i_fpnew_bulk/gen_operation_groups[3].i_opgroup_block/gen_merged_slice.i_multifmt_slice/gen_num_lanes[0].active_lane.lane_instance.i_fpnew_cast_multi/mem_q[0][sbe][ex][cause][1]_i_68_n_0
    SLICE_X82Y36         LUT3 (Prop_lut3_I2_O)        0.146    11.721 r  ex_stage_i/fpu_gen.fpu_i/fpu_gen.i_fpnew_bulk/gen_operation_groups[3].i_opgroup_block/gen_merged_slice.i_multifmt_slice/gen_num_lanes[0].active_lane.lane_instance.i_fpnew_cast_multi/mem_q[0][sbe][ex][cause][1]_i_44/O
                         net (fo=2, routed)           0.844    12.565    ex_stage_i/fpu_gen.fpu_i/fpu_gen.i_fpnew_bulk/gen_operation_groups[3].i_opgroup_block/gen_merged_slice.i_multifmt_slice/gen_num_lanes[0].active_lane.lane_instance.i_fpnew_cast_multi/mem_q[0][sbe][ex][cause][1]_i_44_n_0
    SLICE_X81Y35         LUT6 (Prop_lut6_I4_O)        0.328    12.893 r  ex_stage_i/fpu_gen.fpu_i/fpu_gen.i_fpnew_bulk/gen_operation_groups[3].i_opgroup_block/gen_merged_slice.i_multifmt_slice/gen_num_lanes[0].active_lane.lane_instance.i_fpnew_cast_multi/mem_q[0][sbe][ex][cause][1]_i_27/O
                         net (fo=1, routed)           0.797    13.690    ex_stage_i/fpu_gen.fpu_i/fpu_gen.i_fpnew_bulk/gen_operation_groups[3].i_opgroup_block/gen_merged_slice.i_multifmt_slice/gen_num_lanes[0].active_lane.lane_instance.i_fpnew_cast_multi/mem_q[0][sbe][ex][cause][1]_i_27_n_0
    SLICE_X81Y36         LUT6 (Prop_lut6_I0_O)        0.124    13.814 f  ex_stage_i/fpu_gen.fpu_i/fpu_gen.i_fpnew_bulk/gen_operation_groups[3].i_opgroup_block/gen_merged_slice.i_multifmt_slice/gen_num_lanes[0].active_lane.lane_instance.i_fpnew_cast_multi/mem_q[0][sbe][ex][cause][1]_i_18/O
                         net (fo=4, routed)           0.464    14.277    ex_stage_i/fpu_gen.fpu_i/fpu_gen.i_fpnew_bulk/gen_operation_groups[3].i_opgroup_block/gen_merged_slice.i_multifmt_slice/gen_num_lanes[0].active_lane.lane_instance.i_fpnew_cast_multi/mem_q[0][sbe][ex][cause][1]_i_18_n_0
    SLICE_X80Y34         LUT4 (Prop_lut4_I3_O)        0.124    14.401 r  ex_stage_i/fpu_gen.fpu_i/fpu_gen.i_fpnew_bulk/gen_operation_groups[3].i_opgroup_block/gen_merged_slice.i_multifmt_slice/gen_num_lanes[0].active_lane.lane_instance.i_fpnew_cast_multi/rvfi_probes_o[instr][wbdata][3][0]_INST_0_i_52/O
                         net (fo=2, routed)           0.510    14.911    ex_stage_i/fpu_gen.fpu_i/fpu_gen.i_fpnew_bulk/gen_operation_groups[3].i_opgroup_block/gen_merged_slice.i_multifmt_slice/gen_num_lanes[0].active_lane.lane_instance.i_fpnew_cast_multi/rvfi_probes_o[instr][wbdata][3][0]_INST_0_i_52_n_0
    SLICE_X79Y30         LUT2 (Prop_lut2_I0_O)        0.124    15.035 r  ex_stage_i/fpu_gen.fpu_i/fpu_gen.i_fpnew_bulk/gen_operation_groups[3].i_opgroup_block/gen_merged_slice.i_multifmt_slice/gen_num_lanes[0].active_lane.lane_instance.i_fpnew_cast_multi/rvfi_probes_o[instr][wbdata][3][0]_INST_0_i_32/O
                         net (fo=1, routed)           0.426    15.462    ex_stage_i/fpu_gen.fpu_i/fpu_gen.i_fpnew_bulk/gen_operation_groups[3].i_opgroup_block/gen_merged_slice.i_multifmt_slice/gen_num_lanes[0].active_lane.lane_instance.i_fpnew_cast_multi/rvfi_probes_o[instr][wbdata][3][0]_INST_0_i_32_n_0
    SLICE_X78Y30         LUT6 (Prop_lut6_I0_O)        0.124    15.586 r  ex_stage_i/fpu_gen.fpu_i/fpu_gen.i_fpnew_bulk/gen_operation_groups[3].i_opgroup_block/gen_merged_slice.i_multifmt_slice/gen_num_lanes[0].active_lane.lane_instance.i_fpnew_cast_multi/rvfi_probes_o[instr][wbdata][3][0]_INST_0_i_19/O
                         net (fo=1, routed)           0.000    15.586    ex_stage_i/fpu_gen.fpu_i/fpu_gen.i_fpnew_bulk/gen_operation_groups[3].i_opgroup_block/gen_merged_slice.i_multifmt_slice/gen_num_lanes[0].active_lane.lane_instance.i_fpnew_cast_multi/rvfi_probes_o[instr][wbdata][3][0]_INST_0_i_19_n_0
    SLICE_X78Y30         CARRY4 (Prop_carry4_S[0]_CO[3])
                                                      0.532    16.118 r  ex_stage_i/fpu_gen.fpu_i/fpu_gen.i_fpnew_bulk/gen_operation_groups[3].i_opgroup_block/gen_merged_slice.i_multifmt_slice/gen_num_lanes[0].active_lane.lane_instance.i_fpnew_cast_multi/rvfi_probes_o[instr][wbdata][3][0]_INST_0_i_8/CO[3]
                         net (fo=1, routed)           0.000    16.118    ex_stage_i/fpu_gen.fpu_i/fpu_gen.i_fpnew_bulk/gen_operation_groups[3].i_opgroup_block/gen_merged_slice.i_multifmt_slice/gen_num_lanes[0].active_lane.lane_instance.i_fpnew_cast_multi/rvfi_probes_o[instr][wbdata][3][0]_INST_0_i_8_n_0
    SLICE_X78Y31         CARRY4 (Prop_carry4_CI_O[1])
                                                      0.334    16.452 f  ex_stage_i/fpu_gen.fpu_i/fpu_gen.i_fpnew_bulk/gen_operation_groups[3].i_opgroup_block/gen_merged_slice.i_multifmt_slice/gen_num_lanes[0].active_lane.lane_instance.i_fpnew_cast_multi/rvfi_probes_o[instr][wbdata][3][7]_INST_0_i_16/O[1]
                         net (fo=4, routed)           0.591    17.043    ex_stage_i/fpu_gen.fpu_i/fpu_gen.i_fpnew_bulk/gen_operation_groups[3].i_opgroup_block/gen_merged_slice.i_multifmt_slice/gen_num_lanes[0].active_lane.lane_instance.i_fpnew_cast_multi/rounded_abs[5]
    SLICE_X77Y31         LUT1 (Prop_lut1_I0_O)        0.303    17.346 r  ex_stage_i/fpu_gen.fpu_i/fpu_gen.i_fpnew_bulk/gen_operation_groups[3].i_opgroup_block/gen_merged_slice.i_multifmt_slice/gen_num_lanes[0].active_lane.lane_instance.i_fpnew_cast_multi/rvfi_probes_o[instr][wbdata][3][8]_INST_0_i_12/O
                         net (fo=1, routed)           0.000    17.346    ex_stage_i/fpu_gen.fpu_i/fpu_gen.i_fpnew_bulk/gen_operation_groups[3].i_opgroup_block/gen_merged_slice.i_multifmt_slice/gen_num_lanes[0].active_lane.lane_instance.i_fpnew_cast_multi/rvfi_probes_o[instr][wbdata][3][8]_INST_0_i_12_n_0
    SLICE_X77Y31         CARRY4 (Prop_carry4_S[0]_CO[3])
                                                      0.532    17.878 r  ex_stage_i/fpu_gen.fpu_i/fpu_gen.i_fpnew_bulk/gen_operation_groups[3].i_opgroup_block/gen_merged_slice.i_multifmt_slice/gen_num_lanes[0].active_lane.lane_instance.i_fpnew_cast_multi/rvfi_probes_o[instr][wbdata][3][8]_INST_0_i_8/CO[3]
                         net (fo=1, routed)           0.000    17.878    ex_stage_i/fpu_gen.fpu_i/fpu_gen.i_fpnew_bulk/gen_operation_groups[3].i_opgroup_block/gen_merged_slice.i_multifmt_slice/gen_num_lanes[0].active_lane.lane_instance.i_fpnew_cast_multi/rvfi_probes_o[instr][wbdata][3][8]_INST_0_i_8_n_0
    SLICE_X77Y32         CARRY4 (Prop_carry4_CI_CO[3])
                                                      0.114    17.992 r  ex_stage_i/fpu_gen.fpu_i/fpu_gen.i_fpnew_bulk/gen_operation_groups[3].i_opgroup_block/gen_merged_slice.i_multifmt_slice/gen_num_lanes[0].active_lane.lane_instance.i_fpnew_cast_multi/rvfi_probes_o[instr][wbdata][3][12]_INST_0_i_7/CO[3]
                         net (fo=1, routed)           0.000    17.992    ex_stage_i/fpu_gen.fpu_i/fpu_gen.i_fpnew_bulk/gen_operation_groups[3].i_opgroup_block/gen_merged_slice.i_multifmt_slice/gen_num_lanes[0].active_lane.lane_instance.i_fpnew_cast_multi/rvfi_probes_o[instr][wbdata][3][12]_INST_0_i_7_n_0
    SLICE_X77Y33         CARRY4 (Prop_carry4_CI_CO[3])
                                                      0.114    18.106 r  ex_stage_i/fpu_gen.fpu_i/fpu_gen.i_fpnew_bulk/gen_operation_groups[3].i_opgroup_block/gen_merged_slice.i_multifmt_slice/gen_num_lanes[0].active_lane.lane_instance.i_fpnew_cast_multi/rvfi_probes_o[instr][wbdata][3][16]_INST_0_i_7/CO[3]
                         net (fo=1, routed)           0.000    18.106    ex_stage_i/fpu_gen.fpu_i/fpu_gen.i_fpnew_bulk/gen_operation_groups[3].i_opgroup_block/gen_merged_slice.i_multifmt_slice/gen_num_lanes[0].active_lane.lane_instance.i_fpnew_cast_multi/rvfi_probes_o[instr][wbdata][3][16]_INST_0_i_7_n_0
    SLICE_X77Y34         CARRY4 (Prop_carry4_CI_CO[3])
                                                      0.114    18.220 r  ex_stage_i/fpu_gen.fpu_i/fpu_gen.i_fpnew_bulk/gen_operation_groups[3].i_opgroup_block/gen_merged_slice.i_multifmt_slice/gen_num_lanes[0].active_lane.lane_instance.i_fpnew_cast_multi/rvfi_probes_o[instr][wbdata][3][20]_INST_0_i_8/CO[3]
                         net (fo=1, routed)           0.000    18.220    ex_stage_i/fpu_gen.fpu_i/fpu_gen.i_fpnew_bulk/gen_operation_groups[3].i_opgroup_block/gen_merged_slice.i_multifmt_slice/gen_num_lanes[0].active_lane.lane_instance.i_fpnew_cast_multi/rvfi_probes_o[instr][wbdata][3][20]_INST_0_i_8_n_0
    SLICE_X77Y35         CARRY4 (Prop_carry4_CI_CO[3])
                                                      0.114    18.334 r  ex_stage_i/fpu_gen.fpu_i/fpu_gen.i_fpnew_bulk/gen_operation_groups[3].i_opgroup_block/gen_merged_slice.i_multifmt_slice/gen_num_lanes[0].active_lane.lane_instance.i_fpnew_cast_multi/rvfi_probes_o[instr][wbdata][3][24]_INST_0_i_9/CO[3]
                         net (fo=1, routed)           0.000    18.334    ex_stage_i/fpu_gen.fpu_i/fpu_gen.i_fpnew_bulk/gen_operation_groups[3].i_opgroup_block/gen_merged_slice.i_multifmt_slice/gen_num_lanes[0].active_lane.lane_instance.i_fpnew_cast_multi/rvfi_probes_o[instr][wbdata][3][24]_INST_0_i_9_n_0
    SLICE_X77Y36         CARRY4 (Prop_carry4_CI_O[2])
                                                      0.239    18.573 r  ex_stage_i/fpu_gen.fpu_i/fpu_gen.i_fpnew_bulk/gen_operation_groups[3].i_opgroup_block/gen_merged_slice.i_multifmt_slice/gen_num_lanes[0].active_lane.lane_instance.i_fpnew_cast_multi/rvfi_probes_o[instr][wbdata][3][28]_INST_0_i_9/O[2]
                         net (fo=2, routed)           0.782    19.355    ex_stage_i/fpu_gen.fpu_i/fpu_gen.i_fpnew_bulk/gen_operation_groups[3].i_opgroup_block/gen_merged_slice.i_multifmt_slice/gen_num_lanes[0].active_lane.lane_instance.i_fpnew_cast_multi/rounded_uint_res0[27]
    SLICE_X76Y37         LUT5 (Prop_lut5_I1_O)        0.302    19.657 r  ex_stage_i/fpu_gen.fpu_i/fpu_gen.i_fpnew_bulk/gen_operation_groups[3].i_opgroup_block/gen_merged_slice.i_multifmt_slice/gen_num_lanes[0].active_lane.lane_instance.i_fpnew_cast_multi/rvfi_probes_o[instr][wbdata][3][30]_INST_0_i_230/O
                         net (fo=1, routed)           0.492    20.149    ex_stage_i/fpu_gen.fpu_i/fpu_gen.i_fpnew_bulk/gen_operation_groups[3].i_opgroup_block/gen_merged_slice.i_multifmt_slice/gen_num_lanes[0].active_lane.lane_instance.i_fpnew_cast_multi/rvfi_probes_o[instr][wbdata][3][30]_INST_0_i_230_n_0
    SLICE_X76Y36         LUT6 (Prop_lut6_I5_O)        0.124    20.273 r  ex_stage_i/fpu_gen.fpu_i/fpu_gen.i_fpnew_bulk/gen_operation_groups[3].i_opgroup_block/gen_merged_slice.i_multifmt_slice/gen_num_lanes[0].active_lane.lane_instance.i_fpnew_cast_multi/rvfi_probes_o[instr][wbdata][3][30]_INST_0_i_204/O
                         net (fo=1, routed)           0.566    20.839    ex_stage_i/fpu_gen.fpu_i/fpu_gen.i_fpnew_bulk/gen_operation_groups[3].i_opgroup_block/gen_merged_slice.i_multifmt_slice/gen_num_lanes[0].active_lane.lane_instance.i_fpnew_cast_multi/rvfi_probes_o[instr][wbdata][3][30]_INST_0_i_204_n_0
    SLICE_X79Y33         LUT6 (Prop_lut6_I2_O)        0.124    20.963 r  ex_stage_i/fpu_gen.fpu_i/fpu_gen.i_fpnew_bulk/gen_operation_groups[3].i_opgroup_block/gen_merged_slice.i_multifmt_slice/gen_num_lanes[0].active_lane.lane_instance.i_fpnew_cast_multi/rvfi_probes_o[instr][wbdata][3][30]_INST_0_i_160/O
                         net (fo=1, routed)           0.318    21.281    ex_stage_i/fpu_gen.fpu_i/fpu_gen.i_fpnew_bulk/gen_operation_groups[3].i_opgroup_block/gen_merged_slice.i_multifmt_slice/gen_num_lanes[0].active_lane.lane_instance.i_fpnew_cast_multi/rvfi_probes_o[instr][wbdata][3][30]_INST_0_i_160_n_0
    SLICE_X80Y33         LUT6 (Prop_lut6_I1_O)        0.124    21.405 r  ex_stage_i/fpu_gen.fpu_i/fpu_gen.i_fpnew_bulk/gen_operation_groups[3].i_opgroup_block/gen_merged_slice.i_multifmt_slice/gen_num_lanes[0].active_lane.lane_instance.i_fpnew_cast_multi/rvfi_probes_o[instr][wbdata][3][30]_INST_0_i_97/O
                         net (fo=1, routed)           0.291    21.696    ex_stage_i/fpu_gen.fpu_i/fpu_gen.i_fpnew_bulk/gen_operation_groups[3].i_opgroup_block/gen_merged_slice.i_multifmt_slice/gen_num_lanes[0].active_lane.lane_instance.i_fpnew_cast_multi/rvfi_probes_o[instr][wbdata][3][30]_INST_0_i_97_n_0
    SLICE_X81Y33         LUT4 (Prop_lut4_I2_O)        0.124    21.820 r  ex_stage_i/fpu_gen.fpu_i/fpu_gen.i_fpnew_bulk/gen_operation_groups[3].i_opgroup_block/gen_merged_slice.i_multifmt_slice/gen_num_lanes[0].active_lane.lane_instance.i_fpnew_cast_multi/rvfi_probes_o[instr][wbdata][3][30]_INST_0_i_55/O
                         net (fo=1, routed)           0.151    21.971    ex_stage_i/fpu_gen.fpu_i/fpu_gen.i_fpnew_bulk/gen_operation_groups[3].i_opgroup_block/gen_merged_slice.i_multifmt_slice/gen_num_lanes[0].active_lane.lane_instance.i_fpnew_cast_multi/rvfi_probes_o[instr][wbdata][3][30]_INST_0_i_55_n_0
    SLICE_X81Y33         LUT6 (Prop_lut6_I1_O)        0.124    22.095 f  ex_stage_i/fpu_gen.fpu_i/fpu_gen.i_fpnew_bulk/gen_operation_groups[3].i_opgroup_block/gen_merged_slice.i_multifmt_slice/gen_num_lanes[0].active_lane.lane_instance.i_fpnew_cast_multi/rvfi_probes_o[instr][wbdata][3][30]_INST_0_i_37/O
                         net (fo=3, routed)           0.493    22.588    ex_stage_i/fpu_gen.fpu_i/fpu_gen.i_fpnew_bulk/gen_operation_groups[3].i_opgroup_block/gen_merged_slice.i_multifmt_slice/gen_num_lanes[0].active_lane.lane_instance.i_fpnew_cast_multi/rvfi_probes_o[instr][wbdata][3][30]_INST_0_i_37_n_0
    SLICE_X75Y35         LUT6 (Prop_lut6_I4_O)        0.124    22.712 r  ex_stage_i/fpu_gen.fpu_i/fpu_gen.i_fpnew_bulk/gen_operation_groups[3].i_opgroup_block/gen_merged_slice.i_multifmt_slice/gen_num_lanes[0].active_lane.lane_instance.i_fpnew_cast_multi/rvfi_probes_o[instr][wbdata][3][30]_INST_0_i_21/O
                         net (fo=3, routed)           0.309    23.021    ex_stage_i/fpu_gen.fpu_i/fpu_gen.i_fpnew_bulk/gen_operation_groups[3].i_opgroup_block/gen_merged_slice.i_multifmt_slice/gen_num_lanes[0].active_lane.lane_instance.i_fpnew_cast_multi/rvfi_probes_o[instr][wbdata][3][30]_INST_0_i_21_n_0
    SLICE_X73Y35         LUT6 (Prop_lut6_I3_O)        0.124    23.145 f  ex_stage_i/fpu_gen.fpu_i/fpu_gen.i_fpnew_bulk/gen_operation_groups[3].i_opgroup_block/gen_merged_slice.i_multifmt_slice/gen_num_lanes[0].active_lane.lane_instance.i_fpnew_cast_multi/rvfi_probes_o[instr][wbdata][3][29]_INST_0_i_7/O
                         net (fo=31, routed)          0.693    23.839    ex_stage_i/fpu_gen.fpu_i/fpu_gen.i_fpnew_bulk/gen_operation_groups[3].i_opgroup_block/gen_merged_slice.i_multifmt_slice/gen_num_lanes[0].active_lane.lane_instance.i_fpnew_cast_multi/rvfi_probes_o[instr][wbdata][3][29]_INST_0_i_7_n_0
    SLICE_X74Y37         LUT6 (Prop_lut6_I0_O)        0.124    23.963 f  ex_stage_i/fpu_gen.fpu_i/fpu_gen.i_fpnew_bulk/gen_operation_groups[3].i_opgroup_block/gen_merged_slice.i_multifmt_slice/gen_num_lanes[0].active_lane.lane_instance.i_fpnew_cast_multi/rvfi_probes_o[instr][wbdata][3][28]_INST_0_i_4/O
                         net (fo=1, routed)           0.433    24.396    ex_stage_i/fpu_gen.fpu_i/fpu_gen.i_fpnew_bulk/gen_operation_groups[3].i_opgroup_block/gen_merged_slice.i_multifmt_slice/gen_num_lanes[0].active_lane.lane_instance.i_fpnew_cast_multi/rvfi_probes_o[instr][wbdata][3][28]_INST_0_i_4_n_0
    SLICE_X72Y39         LUT6 (Prop_lut6_I2_O)        0.124    24.520 r  ex_stage_i/fpu_gen.fpu_i/fpu_gen.i_fpnew_bulk/gen_operation_groups[3].i_opgroup_block/gen_merged_slice.i_multifmt_slice/gen_num_lanes[0].active_lane.lane_instance.i_fpnew_cast_multi/rvfi_probes_o[instr][wbdata][3][28]_INST_0_i_2/O
                         net (fo=1, routed)           0.000    24.520    ex_stage_i/fpu_gen.fpu_i/fpu_gen.i_fpnew_bulk/i_arbiter/gen_arbiter.data_nodes[2][result][2]
    SLICE_X72Y39         MUXF7 (Prop_muxf7_I1_O)      0.245    24.765 r  ex_stage_i/fpu_gen.fpu_i/fpu_gen.i_fpnew_bulk/i_arbiter/rvfi_probes_o[instr][wbdata][3][28]_INST_0/O
                         net (fo=7, routed)           0.501    25.266    issue_stage_i/i_scoreboard/fu_data_q[0][imm][28]_i_2_0
    SLICE_X73Y38         LUT6 (Prop_lut6_I3_O)        0.298    25.564 r  issue_stage_i/i_scoreboard/rvfi_probes_o[instr][rs2][0][28]_INST_0_i_5/O
                         net (fo=1, routed)           0.399    25.963    issue_stage_i/i_scoreboard/rvfi_probes_o[instr][rs2][0][28]_INST_0_i_5_n_0
    SLICE_X75Y38         LUT6 (Prop_lut6_I5_O)        0.124    26.087 r  issue_stage_i/i_scoreboard/rvfi_probes_o[instr][rs2][0][28]_INST_0_i_1/O
                         net (fo=1, routed)           0.433    26.520    issue_stage_i/i_issue_read_operands/rs2_res[0]_117[28]
    SLICE_X75Y38         LUT6 (Prop_lut6_I1_O)        0.124    26.644 r  issue_stage_i/i_issue_read_operands/fu_data_n_inferred__0/rvfi_probes_o[instr][rs2][0][28]_INST_0/O
                         net (fo=1, routed)           0.000    26.644    issue_stage_i/i_issue_read_operands/rvfi_probes_o[instr][rs2][0][28]
    SLICE_X75Y38         FDCE                                         r  issue_stage_i/i_issue_read_operands/fu_data_q_reg[0][operand_b][28]/D
  -------------------------------------------------------------------    -------------------

                         (clock clk_i rise edge)     25.000    25.000 r  
                                                      0.000    25.000 r  clk_i (IN)
                         net (fo=6832, unset)         0.924    25.924    issue_stage_i/i_issue_read_operands/clk_i
    SLICE_X75Y38         FDCE                                         r  issue_stage_i/i_issue_read_operands/fu_data_q_reg[0][operand_b][28]/C
                         clock pessimism              0.000    25.924    
                         clock uncertainty           -0.035    25.889    
    SLICE_X75Y38         FDCE (Setup_fdce_C_D)        0.029    25.918    issue_stage_i/i_issue_read_operands/fu_data_q_reg[0][operand_b][28]
  -------------------------------------------------------------------
                         required time                         25.918    
                         arrival time                         -26.644    
  -------------------------------------------------------------------
                         slack                                 -0.726    

Slack (VIOLATED) :        -0.722ns  (required time - arrival time)
  Source:                 ex_stage_i/fpu_gen.fpu_i/fpu_gen.i_fpnew_bulk/gen_operation_groups[3].i_opgroup_block/gen_merged_slice.i_multifmt_slice/gen_num_lanes[0].active_lane.lane_instance.i_fpnew_cast_multi/gen_inside_pipeline[0].mid_pipe_dst_fmt_q_reg[1][2]/C
                            (rising edge-triggered cell FDCE clocked by clk_i  {rise@0.000ns fall@12.500ns period=25.000ns})
  Destination:            issue_stage_i/i_issue_read_operands/fu_data_q_reg[0][operand_b][6]/D
                            (rising edge-triggered cell FDCE clocked by clk_i  {rise@0.000ns fall@12.500ns period=25.000ns})
  Path Group:             clk_i
  Path Type:              Setup (Max at Slow Process Corner)
  Requirement:            25.000ns  (clk_i rise@25.000ns - clk_i rise@0.000ns)
  Data Path Delay:        25.669ns  (logic 8.518ns (33.184%)  route 17.151ns (66.816%))
  Logic Levels:           39  (CARRY4=12 LUT1=1 LUT2=2 LUT3=3 LUT4=3 LUT5=3 LUT6=15)
  Clock Path Skew:        -0.049ns (DCD - SCD + CPR)
    Destination Clock Delay (DCD):    0.924ns = ( 25.924 - 25.000 ) 
    Source Clock Delay      (SCD):    0.973ns
    Clock Pessimism Removal (CPR):    0.000ns
  Clock Uncertainty:      0.035ns  ((TSJ^2 + TIJ^2)^1/2 + DJ) / 2 + PE
    Total System Jitter     (TSJ):    0.071ns
    Total Input Jitter      (TIJ):    0.000ns
    Discrete Jitter          (DJ):    0.000ns
    Phase Error              (PE):    0.000ns

    Location             Delay type                Incr(ns)  Path(ns)    Netlist Resource(s)
  -------------------------------------------------------------------    -------------------
                         (clock clk_i rise edge)      0.000     0.000 r  
                                                      0.000     0.000 r  clk_i (IN)
                         net (fo=6832, unset)         0.973     0.973    ex_stage_i/fpu_gen.fpu_i/fpu_gen.i_fpnew_bulk/gen_operation_groups[3].i_opgroup_block/gen_merged_slice.i_multifmt_slice/gen_num_lanes[0].active_lane.lane_instance.i_fpnew_cast_multi/clk_i
    SLICE_X85Y28         FDCE                                         r  ex_stage_i/fpu_gen.fpu_i/fpu_gen.i_fpnew_bulk/gen_operation_groups[3].i_opgroup_block/gen_merged_slice.i_multifmt_slice/gen_num_lanes[0].active_lane.lane_instance.i_fpnew_cast_multi/gen_inside_pipeline[0].mid_pipe_dst_fmt_q_reg[1][2]/C
  -------------------------------------------------------------------    -------------------
    SLICE_X85Y28         FDCE (Prop_fdce_C_Q)         0.456     1.429 r  ex_stage_i/fpu_gen.fpu_i/fpu_gen.i_fpnew_bulk/gen_operation_groups[3].i_opgroup_block/gen_merged_slice.i_multifmt_slice/gen_num_lanes[0].active_lane.lane_instance.i_fpnew_cast_multi/gen_inside_pipeline[0].mid_pipe_dst_fmt_q_reg[1][2]/Q
                         net (fo=147, routed)         0.494     1.923    ex_stage_i/fpu_gen.fpu_i/fpu_gen.i_fpnew_bulk/gen_operation_groups[3].i_opgroup_block/gen_merged_slice.i_multifmt_slice/gen_num_lanes[0].active_lane.lane_instance.i_fpnew_cast_multi/gen_inside_pipeline[0].mid_pipe_dst_fmt_q_reg_n_0_[1][2]
    SLICE_X84Y28         LUT3 (Prop_lut3_I0_O)        0.124     2.047 r  ex_stage_i/fpu_gen.fpu_i/fpu_gen.i_fpnew_bulk/gen_operation_groups[3].i_opgroup_block/gen_merged_slice.i_multifmt_slice/gen_num_lanes[0].active_lane.lane_instance.i_fpnew_cast_multi/of_before_round1__7_carry_i_1/O
                         net (fo=8, routed)           0.344     2.391    ex_stage_i/fpu_gen.fpu_i/fpu_gen.i_fpnew_bulk/gen_operation_groups[3].i_opgroup_block/gen_merged_slice.i_multifmt_slice/gen_num_lanes[0].active_lane.lane_instance.i_fpnew_cast_multi/of_before_round1__7_carry_i_1_n_0
    SLICE_X85Y29         CARRY4 (Prop_carry4_CYINIT_CO[3])
                                                      0.580     2.971 r  ex_stage_i/fpu_gen.fpu_i/fpu_gen.i_fpnew_bulk/gen_operation_groups[3].i_opgroup_block/gen_merged_slice.i_multifmt_slice/gen_num_lanes[0].active_lane.lane_instance.i_fpnew_cast_multi/of_before_round1__7_carry/CO[3]
                         net (fo=5, routed)           1.003     3.974    ex_stage_i/fpu_gen.fpu_i/fpu_gen.i_fpnew_bulk/gen_operation_groups[3].i_opgroup_block/gen_merged_slice.i_multifmt_slice/gen_num_lanes[0].active_lane.lane_instance.i_fpnew_cast_multi/of_before_round1__7_carry_n_0
    SLICE_X82Y29         CARRY4 (Prop_carry4_CYINIT_CO[2])
                                                      0.608     4.582 r  ex_stage_i/fpu_gen.fpu_i/fpu_gen.i_fpnew_bulk/gen_operation_groups[3].i_opgroup_block/gen_merged_slice.i_multifmt_slice/gen_num_lanes[0].active_lane.lane_instance.i_fpnew_cast_multi/of_before_round0_carry__0_i_9/CO[2]
                         net (fo=20, routed)          0.689     5.271    ex_stage_i/fpu_gen.fpu_i/fpu_gen.i_fpnew_bulk/gen_operation_groups[3].i_opgroup_block/gen_merged_slice.i_multifmt_slice/gen_num_lanes[0].active_lane.lane_instance.i_fpnew_cast_multi/of_before_round0_carry__0_i_9_n_1
    SLICE_X83Y31         LUT2 (Prop_lut2_I0_O)        0.310     5.581 r  ex_stage_i/fpu_gen.fpu_i/fpu_gen.i_fpnew_bulk/gen_operation_groups[3].i_opgroup_block/gen_merged_slice.i_multifmt_slice/gen_num_lanes[0].active_lane.lane_instance.i_fpnew_cast_multi/of_before_round0_carry__1_i_7/O
                         net (fo=1, routed)           0.000     5.581    ex_stage_i/fpu_gen.fpu_i/fpu_gen.i_fpnew_bulk/gen_operation_groups[3].i_opgroup_block/gen_merged_slice.i_multifmt_slice/gen_num_lanes[0].active_lane.lane_instance.i_fpnew_cast_multi/of_before_round0_carry__1_i_7_n_0
    SLICE_X83Y31         CARRY4 (Prop_carry4_S[1]_CO[3])
                                                      0.550     6.131 r  ex_stage_i/fpu_gen.fpu_i/fpu_gen.i_fpnew_bulk/gen_operation_groups[3].i_opgroup_block/gen_merged_slice.i_multifmt_slice/gen_num_lanes[0].active_lane.lane_instance.i_fpnew_cast_multi/of_before_round0_carry__1/CO[3]
                         net (fo=1, routed)           0.000     6.131    ex_stage_i/fpu_gen.fpu_i/fpu_gen.i_fpnew_bulk/gen_operation_groups[3].i_opgroup_block/gen_merged_slice.i_multifmt_slice/gen_num_lanes[0].active_lane.lane_instance.i_fpnew_cast_multi/of_before_round0_carry__1_n_0
    SLICE_X83Y32         CARRY4 (Prop_carry4_CI_CO[3])
                                                      0.114     6.245 f  ex_stage_i/fpu_gen.fpu_i/fpu_gen.i_fpnew_bulk/gen_operation_groups[3].i_opgroup_block/gen_merged_slice.i_multifmt_slice/gen_num_lanes[0].active_lane.lane_instance.i_fpnew_cast_multi/of_before_round0_carry__2/CO[3]
                         net (fo=34, routed)          1.047     7.292    ex_stage_i/fpu_gen.fpu_i/fpu_gen.i_fpnew_bulk/gen_operation_groups[3].i_opgroup_block/gen_merged_slice.i_multifmt_slice/gen_num_lanes[0].active_lane.lane_instance.i_fpnew_cast_multi/of_before_round0__16
    SLICE_X86Y32         LUT3 (Prop_lut3_I0_O)        0.124     7.416 r  ex_stage_i/fpu_gen.fpu_i/fpu_gen.i_fpnew_bulk/gen_operation_groups[3].i_opgroup_block/gen_merged_slice.i_multifmt_slice/gen_num_lanes[0].active_lane.lane_instance.i_fpnew_cast_multi/rvfi_probes_o[instr][wbdata][3][30]_INST_0_i_146/O
                         net (fo=7, routed)           0.463     7.879    ex_stage_i/fpu_gen.fpu_i/fpu_gen.i_fpnew_bulk/gen_operation_groups[3].i_opgroup_block/gen_merged_slice.i_multifmt_slice/gen_num_lanes[0].active_lane.lane_instance.i_fpnew_cast_multi/rvfi_probes_o[instr][wbdata][3][30]_INST_0_i_146_n_0
    SLICE_X86Y33         LUT6 (Prop_lut6_I3_O)        0.124     8.003 r  ex_stage_i/fpu_gen.fpu_i/fpu_gen.i_fpnew_bulk/gen_operation_groups[3].i_opgroup_block/gen_merged_slice.i_multifmt_slice/gen_num_lanes[0].active_lane.lane_instance.i_fpnew_cast_multi/rvfi_probes_o[instr][wbdata][3][30]_INST_0_i_140/O
                         net (fo=87, routed)          1.139     9.141    ex_stage_i/fpu_gen.fpu_i/fpu_gen.i_fpnew_bulk/gen_operation_groups[3].i_opgroup_block/gen_merged_slice.i_multifmt_slice/gen_num_lanes[0].active_lane.lane_instance.i_fpnew_cast_multi/rvfi_probes_o[instr][wbdata][3][30]_INST_0_i_140_n_0
    SLICE_X87Y37         LUT6 (Prop_lut6_I5_O)        0.124     9.265 r  ex_stage_i/fpu_gen.fpu_i/fpu_gen.i_fpnew_bulk/gen_operation_groups[3].i_opgroup_block/gen_merged_slice.i_multifmt_slice/gen_num_lanes[0].active_lane.lane_instance.i_fpnew_cast_multi/mem_q[0][sbe][ex][cause][1]_i_101/O
                         net (fo=2, routed)           0.606     9.872    ex_stage_i/fpu_gen.fpu_i/fpu_gen.i_fpnew_bulk/gen_operation_groups[3].i_opgroup_block/gen_merged_slice.i_multifmt_slice/gen_num_lanes[0].active_lane.lane_instance.i_fpnew_cast_multi/mem_q[0][sbe][ex][cause][1]_i_101_n_0
    SLICE_X86Y37         LUT4 (Prop_lut4_I3_O)        0.124     9.996 r  ex_stage_i/fpu_gen.fpu_i/fpu_gen.i_fpnew_bulk/gen_operation_groups[3].i_opgroup_block/gen_merged_slice.i_multifmt_slice/gen_num_lanes[0].active_lane.lane_instance.i_fpnew_cast_multi/mem_q[0][sbe][ex][cause][1]_i_58/O
                         net (fo=3, routed)           0.641    10.637    ex_stage_i/fpu_gen.fpu_i/fpu_gen.i_fpnew_bulk/gen_operation_groups[3].i_opgroup_block/gen_merged_slice.i_multifmt_slice/gen_num_lanes[0].active_lane.lane_instance.i_fpnew_cast_multi/mem_q[0][sbe][ex][cause][1]_i_58_n_0
    SLICE_X83Y36         LUT5 (Prop_lut5_I3_O)        0.124    10.761 r  ex_stage_i/fpu_gen.fpu_i/fpu_gen.i_fpnew_bulk/gen_operation_groups[3].i_opgroup_block/gen_merged_slice.i_multifmt_slice/gen_num_lanes[0].active_lane.lane_instance.i_fpnew_cast_multi/mem_q[0][sbe][ex][cause][1]_i_68/O
                         net (fo=2, routed)           0.814    11.575    ex_stage_i/fpu_gen.fpu_i/fpu_gen.i_fpnew_bulk/gen_operation_groups[3].i_opgroup_block/gen_merged_slice.i_multifmt_slice/gen_num_lanes[0].active_lane.lane_instance.i_fpnew_cast_multi/mem_q[0][sbe][ex][cause][1]_i_68_n_0
    SLICE_X82Y36         LUT3 (Prop_lut3_I2_O)        0.146    11.721 r  ex_stage_i/fpu_gen.fpu_i/fpu_gen.i_fpnew_bulk/gen_operation_groups[3].i_opgroup_block/gen_merged_slice.i_multifmt_slice/gen_num_lanes[0].active_lane.lane_instance.i_fpnew_cast_multi/mem_q[0][sbe][ex][cause][1]_i_44/O
                         net (fo=2, routed)           0.844    12.565    ex_stage_i/fpu_gen.fpu_i/fpu_gen.i_fpnew_bulk/gen_operation_groups[3].i_opgroup_block/gen_merged_slice.i_multifmt_slice/gen_num_lanes[0].active_lane.lane_instance.i_fpnew_cast_multi/mem_q[0][sbe][ex][cause][1]_i_44_n_0
    SLICE_X81Y35         LUT6 (Prop_lut6_I4_O)        0.328    12.893 r  ex_stage_i/fpu_gen.fpu_i/fpu_gen.i_fpnew_bulk/gen_operation_groups[3].i_opgroup_block/gen_merged_slice.i_multifmt_slice/gen_num_lanes[0].active_lane.lane_instance.i_fpnew_cast_multi/mem_q[0][sbe][ex][cause][1]_i_27/O
                         net (fo=1, routed)           0.797    13.690    ex_stage_i/fpu_gen.fpu_i/fpu_gen.i_fpnew_bulk/gen_operation_groups[3].i_opgroup_block/gen_merged_slice.i_multifmt_slice/gen_num_lanes[0].active_lane.lane_instance.i_fpnew_cast_multi/mem_q[0][sbe][ex][cause][1]_i_27_n_0
    SLICE_X81Y36         LUT6 (Prop_lut6_I0_O)        0.124    13.814 f  ex_stage_i/fpu_gen.fpu_i/fpu_gen.i_fpnew_bulk/gen_operation_groups[3].i_opgroup_block/gen_merged_slice.i_multifmt_slice/gen_num_lanes[0].active_lane.lane_instance.i_fpnew_cast_multi/mem_q[0][sbe][ex][cause][1]_i_18/O
                         net (fo=4, routed)           0.464    14.277    ex_stage_i/fpu_gen.fpu_i/fpu_gen.i_fpnew_bulk/gen_operation_groups[3].i_opgroup_block/gen_merged_slice.i_multifmt_slice/gen_num_lanes[0].active_lane.lane_instance.i_fpnew_cast_multi/mem_q[0][sbe][ex][cause][1]_i_18_n_0
    SLICE_X80Y34         LUT4 (Prop_lut4_I3_O)        0.124    14.401 r  ex_stage_i/fpu_gen.fpu_i/fpu_gen.i_fpnew_bulk/gen_operation_groups[3].i_opgroup_block/gen_merged_slice.i_multifmt_slice/gen_num_lanes[0].active_lane.lane_instance.i_fpnew_cast_multi/rvfi_probes_o[instr][wbdata][3][0]_INST_0_i_52/O
                         net (fo=2, routed)           0.510    14.911    ex_stage_i/fpu_gen.fpu_i/fpu_gen.i_fpnew_bulk/gen_operation_groups[3].i_opgroup_block/gen_merged_slice.i_multifmt_slice/gen_num_lanes[0].active_lane.lane_instance.i_fpnew_cast_multi/rvfi_probes_o[instr][wbdata][3][0]_INST_0_i_52_n_0
    SLICE_X79Y30         LUT2 (Prop_lut2_I0_O)        0.124    15.035 r  ex_stage_i/fpu_gen.fpu_i/fpu_gen.i_fpnew_bulk/gen_operation_groups[3].i_opgroup_block/gen_merged_slice.i_multifmt_slice/gen_num_lanes[0].active_lane.lane_instance.i_fpnew_cast_multi/rvfi_probes_o[instr][wbdata][3][0]_INST_0_i_32/O
                         net (fo=1, routed)           0.426    15.462    ex_stage_i/fpu_gen.fpu_i/fpu_gen.i_fpnew_bulk/gen_operation_groups[3].i_opgroup_block/gen_merged_slice.i_multifmt_slice/gen_num_lanes[0].active_lane.lane_instance.i_fpnew_cast_multi/rvfi_probes_o[instr][wbdata][3][0]_INST_0_i_32_n_0
    SLICE_X78Y30         LUT6 (Prop_lut6_I0_O)        0.124    15.586 r  ex_stage_i/fpu_gen.fpu_i/fpu_gen.i_fpnew_bulk/gen_operation_groups[3].i_opgroup_block/gen_merged_slice.i_multifmt_slice/gen_num_lanes[0].active_lane.lane_instance.i_fpnew_cast_multi/rvfi_probes_o[instr][wbdata][3][0]_INST_0_i_19/O
                         net (fo=1, routed)           0.000    15.586    ex_stage_i/fpu_gen.fpu_i/fpu_gen.i_fpnew_bulk/gen_operation_groups[3].i_opgroup_block/gen_merged_slice.i_multifmt_slice/gen_num_lanes[0].active_lane.lane_instance.i_fpnew_cast_multi/rvfi_probes_o[instr][wbdata][3][0]_INST_0_i_19_n_0
    SLICE_X78Y30         CARRY4 (Prop_carry4_S[0]_CO[3])
                                                      0.532    16.118 r  ex_stage_i/fpu_gen.fpu_i/fpu_gen.i_fpnew_bulk/gen_operation_groups[3].i_opgroup_block/gen_merged_slice.i_multifmt_slice/gen_num_lanes[0].active_lane.lane_instance.i_fpnew_cast_multi/rvfi_probes_o[instr][wbdata][3][0]_INST_0_i_8/CO[3]
                         net (fo=1, routed)           0.000    16.118    ex_stage_i/fpu_gen.fpu_i/fpu_gen.i_fpnew_bulk/gen_operation_groups[3].i_opgroup_block/gen_merged_slice.i_multifmt_slice/gen_num_lanes[0].active_lane.lane_instance.i_fpnew_cast_multi/rvfi_probes_o[instr][wbdata][3][0]_INST_0_i_8_n_0
    SLICE_X78Y31         CARRY4 (Prop_carry4_CI_O[1])
                                                      0.334    16.452 f  ex_stage_i/fpu_gen.fpu_i/fpu_gen.i_fpnew_bulk/gen_operation_groups[3].i_opgroup_block/gen_merged_slice.i_multifmt_slice/gen_num_lanes[0].active_lane.lane_instance.i_fpnew_cast_multi/rvfi_probes_o[instr][wbdata][3][7]_INST_0_i_16/O[1]
                         net (fo=4, routed)           0.591    17.043    ex_stage_i/fpu_gen.fpu_i/fpu_gen.i_fpnew_bulk/gen_operation_groups[3].i_opgroup_block/gen_merged_slice.i_multifmt_slice/gen_num_lanes[0].active_lane.lane_instance.i_fpnew_cast_multi/rounded_abs[5]
    SLICE_X77Y31         LUT1 (Prop_lut1_I0_O)        0.303    17.346 r  ex_stage_i/fpu_gen.fpu_i/fpu_gen.i_fpnew_bulk/gen_operation_groups[3].i_opgroup_block/gen_merged_slice.i_multifmt_slice/gen_num_lanes[0].active_lane.lane_instance.i_fpnew_cast_multi/rvfi_probes_o[instr][wbdata][3][8]_INST_0_i_12/O
                         net (fo=1, routed)           0.000    17.346    ex_stage_i/fpu_gen.fpu_i/fpu_gen.i_fpnew_bulk/gen_operation_groups[3].i_opgroup_block/gen_merged_slice.i_multifmt_slice/gen_num_lanes[0].active_lane.lane_instance.i_fpnew_cast_multi/rvfi_probes_o[instr][wbdata][3][8]_INST_0_i_12_n_0
    SLICE_X77Y31         CARRY4 (Prop_carry4_S[0]_CO[3])
                                                      0.532    17.878 r  ex_stage_i/fpu_gen.fpu_i/fpu_gen.i_fpnew_bulk/gen_operation_groups[3].i_opgroup_block/gen_merged_slice.i_multifmt_slice/gen_num_lanes[0].active_lane.lane_instance.i_fpnew_cast_multi/rvfi_probes_o[instr][wbdata][3][8]_INST_0_i_8/CO[3]
                         net (fo=1, routed)           0.000    17.878    ex_stage_i/fpu_gen.fpu_i/fpu_gen.i_fpnew_bulk/gen_operation_groups[3].i_opgroup_block/gen_merged_slice.i_multifmt_slice/gen_num_lanes[0].active_lane.lane_instance.i_fpnew_cast_multi/rvfi_probes_o[instr][wbdata][3][8]_INST_0_i_8_n_0
    SLICE_X77Y32         CARRY4 (Prop_carry4_CI_CO[3])
                                                      0.114    17.992 r  ex_stage_i/fpu_gen.fpu_i/fpu_gen.i_fpnew_bulk/gen_operation_groups[3].i_opgroup_block/gen_merged_slice.i_multifmt_slice/gen_num_lanes[0].active_lane.lane_instance.i_fpnew_cast_multi/rvfi_probes_o[instr][wbdata][3][12]_INST_0_i_7/CO[3]
                         net (fo=1, routed)           0.000    17.992    ex_stage_i/fpu_gen.fpu_i/fpu_gen.i_fpnew_bulk/gen_operation_groups[3].i_opgroup_block/gen_merged_slice.i_multifmt_slice/gen_num_lanes[0].active_lane.lane_instance.i_fpnew_cast_multi/rvfi_probes_o[instr][wbdata][3][12]_INST_0_i_7_n_0
    SLICE_X77Y33         CARRY4 (Prop_carry4_CI_CO[3])
                                                      0.114    18.106 r  ex_stage_i/fpu_gen.fpu_i/fpu_gen.i_fpnew_bulk/gen_operation_groups[3].i_opgroup_block/gen_merged_slice.i_multifmt_slice/gen_num_lanes[0].active_lane.lane_instance.i_fpnew_cast_multi/rvfi_probes_o[instr][wbdata][3][16]_INST_0_i_7/CO[3]
                         net (fo=1, routed)           0.000    18.106    ex_stage_i/fpu_gen.fpu_i/fpu_gen.i_fpnew_bulk/gen_operation_groups[3].i_opgroup_block/gen_merged_slice.i_multifmt_slice/gen_num_lanes[0].active_lane.lane_instance.i_fpnew_cast_multi/rvfi_probes_o[instr][wbdata][3][16]_INST_0_i_7_n_0
    SLICE_X77Y34         CARRY4 (Prop_carry4_CI_CO[3])
                                                      0.114    18.220 r  ex_stage_i/fpu_gen.fpu_i/fpu_gen.i_fpnew_bulk/gen_operation_groups[3].i_opgroup_block/gen_merged_slice.i_multifmt_slice/gen_num_lanes[0].active_lane.lane_instance.i_fpnew_cast_multi/rvfi_probes_o[instr][wbdata][3][20]_INST_0_i_8/CO[3]
                         net (fo=1, routed)           0.000    18.220    ex_stage_i/fpu_gen.fpu_i/fpu_gen.i_fpnew_bulk/gen_operation_groups[3].i_opgroup_block/gen_merged_slice.i_multifmt_slice/gen_num_lanes[0].active_lane.lane_instance.i_fpnew_cast_multi/rvfi_probes_o[instr][wbdata][3][20]_INST_0_i_8_n_0
    SLICE_X77Y35         CARRY4 (Prop_carry4_CI_CO[3])
                                                      0.114    18.334 r  ex_stage_i/fpu_gen.fpu_i/fpu_gen.i_fpnew_bulk/gen_operation_groups[3].i_opgroup_block/gen_merged_slice.i_multifmt_slice/gen_num_lanes[0].active_lane.lane_instance.i_fpnew_cast_multi/rvfi_probes_o[instr][wbdata][3][24]_INST_0_i_9/CO[3]
                         net (fo=1, routed)           0.000    18.334    ex_stage_i/fpu_gen.fpu_i/fpu_gen.i_fpnew_bulk/gen_operation_groups[3].i_opgroup_block/gen_merged_slice.i_multifmt_slice/gen_num_lanes[0].active_lane.lane_instance.i_fpnew_cast_multi/rvfi_probes_o[instr][wbdata][3][24]_INST_0_i_9_n_0
    SLICE_X77Y36         CARRY4 (Prop_carry4_CI_O[2])
                                                      0.239    18.573 f  ex_stage_i/fpu_gen.fpu_i/fpu_gen.i_fpnew_bulk/gen_operation_groups[3].i_opgroup_block/gen_merged_slice.i_multifmt_slice/gen_num_lanes[0].active_lane.lane_instance.i_fpnew_cast_multi/rvfi_probes_o[instr][wbdata][3][28]_INST_0_i_9/O[2]
                         net (fo=2, routed)           0.782    19.355    ex_stage_i/fpu_gen.fpu_i/fpu_gen.i_fpnew_bulk/gen_operation_groups[3].i_opgroup_block/gen_merged_slice.i_multifmt_slice/gen_num_lanes[0].active_lane.lane_instance.i_fpnew_cast_multi/rounded_uint_res0[27]
    SLICE_X76Y37         LUT5 (Prop_lut5_I1_O)        0.302    19.657 f  ex_stage_i/fpu_gen.fpu_i/fpu_gen.i_fpnew_bulk/gen_operation_groups[3].i_opgroup_block/gen_merged_slice.i_multifmt_slice/gen_num_lanes[0].active_lane.lane_instance.i_fpnew_cast_multi/rvfi_probes_o[instr][wbdata][3][30]_INST_0_i_230/O
                         net (fo=1, routed)           0.492    20.149    ex_stage_i/fpu_gen.fpu_i/fpu_gen.i_fpnew_bulk/gen_operation_groups[3].i_opgroup_block/gen_merged_slice.i_multifmt_slice/gen_num_lanes[0].active_lane.lane_instance.i_fpnew_cast_multi/rvfi_probes_o[instr][wbdata][3][30]_INST_0_i_230_n_0
    SLICE_X76Y36         LUT6 (Prop_lut6_I5_O)        0.124    20.273 f  ex_stage_i/fpu_gen.fpu_i/fpu_gen.i_fpnew_bulk/gen_operation_groups[3].i_opgroup_block/gen_merged_slice.i_multifmt_slice/gen_num_lanes[0].active_lane.lane_instance.i_fpnew_cast_multi/rvfi_probes_o[instr][wbdata][3][30]_INST_0_i_204/O
                         net (fo=1, routed)           0.566    20.839    ex_stage_i/fpu_gen.fpu_i/fpu_gen.i_fpnew_bulk/gen_operation_groups[3].i_opgroup_block/gen_merged_slice.i_multifmt_slice/gen_num_lanes[0].active_lane.lane_instance.i_fpnew_cast_multi/rvfi_probes_o[instr][wbdata][3][30]_INST_0_i_204_n_0
    SLICE_X79Y33         LUT6 (Prop_lut6_I2_O)        0.124    20.963 f  ex_stage_i/fpu_gen.fpu_i/fpu_gen.i_fpnew_bulk/gen_operation_groups[3].i_opgroup_block/gen_merged_slice.i_multifmt_slice/gen_num_lanes[0].active_lane.lane_instance.i_fpnew_cast_multi/rvfi_probes_o[instr][wbdata][3][30]_INST_0_i_160/O
                         net (fo=1, routed)           0.318    21.281    ex_stage_i/fpu_gen.fpu_i/fpu_gen.i_fpnew_bulk/gen_operation_groups[3].i_opgroup_block/gen_merged_slice.i_multifmt_slice/gen_num_lanes[0].active_lane.lane_instance.i_fpnew_cast_multi/rvfi_probes_o[instr][wbdata][3][30]_INST_0_i_160_n_0
    SLICE_X80Y33         LUT6 (Prop_lut6_I1_O)        0.124    21.405 f  ex_stage_i/fpu_gen.fpu_i/fpu_gen.i_fpnew_bulk/gen_operation_groups[3].i_opgroup_block/gen_merged_slice.i_multifmt_slice/gen_num_lanes[0].active_lane.lane_instance.i_fpnew_cast_multi/rvfi_probes_o[instr][wbdata][3][30]_INST_0_i_97/O
                         net (fo=1, routed)           0.291    21.696    ex_stage_i/fpu_gen.fpu_i/fpu_gen.i_fpnew_bulk/gen_operation_groups[3].i_opgroup_block/gen_merged_slice.i_multifmt_slice/gen_num_lanes[0].active_lane.lane_instance.i_fpnew_cast_multi/rvfi_probes_o[instr][wbdata][3][30]_INST_0_i_97_n_0
    SLICE_X81Y33         LUT4 (Prop_lut4_I2_O)        0.124    21.820 f  ex_stage_i/fpu_gen.fpu_i/fpu_gen.i_fpnew_bulk/gen_operation_groups[3].i_opgroup_block/gen_merged_slice.i_multifmt_slice/gen_num_lanes[0].active_lane.lane_instance.i_fpnew_cast_multi/rvfi_probes_o[instr][wbdata][3][30]_INST_0_i_55/O
                         net (fo=1, routed)           0.151    21.971    ex_stage_i/fpu_gen.fpu_i/fpu_gen.i_fpnew_bulk/gen_operation_groups[3].i_opgroup_block/gen_merged_slice.i_multifmt_slice/gen_num_lanes[0].active_lane.lane_instance.i_fpnew_cast_multi/rvfi_probes_o[instr][wbdata][3][30]_INST_0_i_55_n_0
    SLICE_X81Y33         LUT6 (Prop_lut6_I1_O)        0.124    22.095 r  ex_stage_i/fpu_gen.fpu_i/fpu_gen.i_fpnew_bulk/gen_operation_groups[3].i_opgroup_block/gen_merged_slice.i_multifmt_slice/gen_num_lanes[0].active_lane.lane_instance.i_fpnew_cast_multi/rvfi_probes_o[instr][wbdata][3][30]_INST_0_i_37/O
                         net (fo=3, routed)           0.548    22.643    ex_stage_i/fpu_gen.fpu_i/fpu_gen.i_fpnew_bulk/gen_operation_groups[3].i_opgroup_block/gen_merged_slice.i_multifmt_slice/gen_num_lanes[0].active_lane.lane_instance.i_fpnew_cast_multi/rvfi_probes_o[instr][wbdata][3][30]_INST_0_i_37_n_0
    SLICE_X75Y33         LUT6 (Prop_lut6_I1_O)        0.124    22.767 f  ex_stage_i/fpu_gen.fpu_i/fpu_gen.i_fpnew_bulk/gen_operation_groups[3].i_opgroup_block/gen_merged_slice.i_multifmt_slice/gen_num_lanes[0].active_lane.lane_instance.i_fpnew_cast_multi/rvfi_probes_o[instr][wbdata][3][30]_INST_0_i_19/O
                         net (fo=33, routed)          0.737    23.504    ex_stage_i/fpu_gen.fpu_i/fpu_gen.i_fpnew_bulk/gen_operation_groups[3].i_opgroup_block/gen_merged_slice.i_multifmt_slice/gen_num_lanes[0].active_lane.lane_instance.i_fpnew_cast_multi/rvfi_probes_o[instr][wbdata][3][30]_INST_0_i_19_n_0
    SLICE_X66Y33         LUT6 (Prop_lut6_I0_O)        0.124    23.628 r  ex_stage_i/fpu_gen.fpu_i/fpu_gen.i_fpnew_bulk/gen_operation_groups[3].i_opgroup_block/gen_merged_slice.i_multifmt_slice/gen_num_lanes[0].active_lane.lane_instance.i_fpnew_cast_multi/rvfi_probes_o[instr][wbdata][3][6]_INST_0_i_4/O
                         net (fo=1, routed)           0.563    24.191    ex_stage_i/fpu_gen.fpu_i/fpu_gen.i_fpnew_bulk/gen_operation_groups[3].i_opgroup_block/gen_merged_slice.i_multifmt_slice/gen_num_lanes[0].active_lane.lane_instance.i_fpnew_cast_multi/rvfi_probes_o[instr][wbdata][3][6]_INST_0_i_4_n_0
    SLICE_X65Y33         LUT5 (Prop_lut5_I2_O)        0.124    24.315 r  ex_stage_i/fpu_gen.fpu_i/fpu_gen.i_fpnew_bulk/gen_operation_groups[3].i_opgroup_block/gen_merged_slice.i_multifmt_slice/gen_num_lanes[0].active_lane.lane_instance.i_fpnew_cast_multi/rvfi_probes_o[instr][wbdata][3][6]_INST_0_i_1/O
                         net (fo=1, routed)           0.430    24.745    ex_stage_i/fpu_gen.fpu_i/fpu_gen.i_fpnew_bulk/i_arbiter/opgrp_outputs[3][result][6]
    SLICE_X64Y33         LUT6 (Prop_lut6_I0_O)        0.124    24.869 r  ex_stage_i/fpu_gen.fpu_i/fpu_gen.i_fpnew_bulk/i_arbiter/rvfi_probes_o[instr][wbdata][3][6]_INST_0/O
                         net (fo=7, routed)           0.558    25.426    issue_stage_i/i_scoreboard/fu_data_q[0][imm][6]_i_2_0
    SLICE_X63Y28         LUT6 (Prop_lut6_I3_O)        0.124    25.550 r  issue_stage_i/i_scoreboard/rvfi_probes_o[instr][rs2][0][6]_INST_0_i_5/O
                         net (fo=1, routed)           0.436    25.987    issue_stage_i/i_scoreboard/rvfi_probes_o[instr][rs2][0][6]_INST_0_i_5_n_0
    SLICE_X59Y28         LUT6 (Prop_lut6_I5_O)        0.124    26.111 r  issue_stage_i/i_scoreboard/rvfi_probes_o[instr][rs2][0][6]_INST_0_i_1/O
                         net (fo=1, routed)           0.407    26.518    issue_stage_i/i_issue_read_operands/rs2_res[0]_117[6]
    SLICE_X59Y28         LUT6 (Prop_lut6_I1_O)        0.124    26.642 r  issue_stage_i/i_issue_read_operands/fu_data_n_inferred__0/rvfi_probes_o[instr][rs2][0][6]_INST_0/O
                         net (fo=1, routed)           0.000    26.642    issue_stage_i/i_issue_read_operands/rvfi_probes_o[instr][rs2][0][6]
    SLICE_X59Y28         FDCE                                         r  issue_stage_i/i_issue_read_operands/fu_data_q_reg[0][operand_b][6]/D
  -------------------------------------------------------------------    -------------------

                         (clock clk_i rise edge)     25.000    25.000 r  
                                                      0.000    25.000 r  clk_i (IN)
                         net (fo=6832, unset)         0.924    25.924    issue_stage_i/i_issue_read_operands/clk_i
    SLICE_X59Y28         FDCE                                         r  issue_stage_i/i_issue_read_operands/fu_data_q_reg[0][operand_b][6]/C
                         clock pessimism              0.000    25.924    
                         clock uncertainty           -0.035    25.889    
    SLICE_X59Y28         FDCE (Setup_fdce_C_D)        0.031    25.920    issue_stage_i/i_issue_read_operands/fu_data_q_reg[0][operand_b][6]
  -------------------------------------------------------------------
                         required time                         25.920    
                         arrival time                         -26.642    
  -------------------------------------------------------------------
                         slack                                 -0.722    

Slack (VIOLATED) :        -0.715ns  (required time - arrival time)
  Source:                 ex_stage_i/fpu_gen.fpu_i/fpu_gen.i_fpnew_bulk/gen_operation_groups[3].i_opgroup_block/gen_merged_slice.i_multifmt_slice/gen_num_lanes[0].active_lane.lane_instance.i_fpnew_cast_multi/gen_inside_pipeline[0].mid_pipe_dst_fmt_q_reg[1][2]/C
                            (rising edge-triggered cell FDCE clocked by clk_i  {rise@0.000ns fall@12.500ns period=25.000ns})
  Destination:            issue_stage_i/i_issue_read_operands/fu_data_q_reg[0][imm][3]/D
                            (rising edge-triggered cell FDCE clocked by clk_i  {rise@0.000ns fall@12.500ns period=25.000ns})
  Path Group:             clk_i
  Path Type:              Setup (Max at Slow Process Corner)
  Requirement:            25.000ns  (clk_i rise@25.000ns - clk_i rise@0.000ns)
  Data Path Delay:        25.660ns  (logic 8.518ns (33.196%)  route 17.142ns (66.804%))
  Logic Levels:           39  (CARRY4=12 LUT1=1 LUT2=2 LUT3=3 LUT4=3 LUT5=3 LUT6=15)
  Clock Path Skew:        -0.049ns (DCD - SCD + CPR)
    Destination Clock Delay (DCD):    0.924ns = ( 25.924 - 25.000 ) 
    Source Clock Delay      (SCD):    0.973ns
    Clock Pessimism Removal (CPR):    0.000ns
  Clock Uncertainty:      0.035ns  ((TSJ^2 + TIJ^2)^1/2 + DJ) / 2 + PE
    Total System Jitter     (TSJ):    0.071ns
    Total Input Jitter      (TIJ):    0.000ns
    Discrete Jitter          (DJ):    0.000ns
    Phase Error              (PE):    0.000ns

    Location             Delay type                Incr(ns)  Path(ns)    Netlist Resource(s)
  -------------------------------------------------------------------    -------------------
                         (clock clk_i rise edge)      0.000     0.000 r  
                                                      0.000     0.000 r  clk_i (IN)
                         net (fo=6832, unset)         0.973     0.973    ex_stage_i/fpu_gen.fpu_i/fpu_gen.i_fpnew_bulk/gen_operation_groups[3].i_opgroup_block/gen_merged_slice.i_multifmt_slice/gen_num_lanes[0].active_lane.lane_instance.i_fpnew_cast_multi/clk_i
    SLICE_X85Y28         FDCE                                         r  ex_stage_i/fpu_gen.fpu_i/fpu_gen.i_fpnew_bulk/gen_operation_groups[3].i_opgroup_block/gen_merged_slice.i_multifmt_slice/gen_num_lanes[0].active_lane.lane_instance.i_fpnew_cast_multi/gen_inside_pipeline[0].mid_pipe_dst_fmt_q_reg[1][2]/C
  -------------------------------------------------------------------    -------------------
    SLICE_X85Y28         FDCE (Prop_fdce_C_Q)         0.456     1.429 r  ex_stage_i/fpu_gen.fpu_i/fpu_gen.i_fpnew_bulk/gen_operation_groups[3].i_opgroup_block/gen_merged_slice.i_multifmt_slice/gen_num_lanes[0].active_lane.lane_instance.i_fpnew_cast_multi/gen_inside_pipeline[0].mid_pipe_dst_fmt_q_reg[1][2]/Q
                         net (fo=147, routed)         0.494     1.923    ex_stage_i/fpu_gen.fpu_i/fpu_gen.i_fpnew_bulk/gen_operation_groups[3].i_opgroup_block/gen_merged_slice.i_multifmt_slice/gen_num_lanes[0].active_lane.lane_instance.i_fpnew_cast_multi/gen_inside_pipeline[0].mid_pipe_dst_fmt_q_reg_n_0_[1][2]
    SLICE_X84Y28         LUT3 (Prop_lut3_I0_O)        0.124     2.047 r  ex_stage_i/fpu_gen.fpu_i/fpu_gen.i_fpnew_bulk/gen_operation_groups[3].i_opgroup_block/gen_merged_slice.i_multifmt_slice/gen_num_lanes[0].active_lane.lane_instance.i_fpnew_cast_multi/of_before_round1__7_carry_i_1/O
                         net (fo=8, routed)           0.344     2.391    ex_stage_i/fpu_gen.fpu_i/fpu_gen.i_fpnew_bulk/gen_operation_groups[3].i_opgroup_block/gen_merged_slice.i_multifmt_slice/gen_num_lanes[0].active_lane.lane_instance.i_fpnew_cast_multi/of_before_round1__7_carry_i_1_n_0
    SLICE_X85Y29         CARRY4 (Prop_carry4_CYINIT_CO[3])
                                                      0.580     2.971 r  ex_stage_i/fpu_gen.fpu_i/fpu_gen.i_fpnew_bulk/gen_operation_groups[3].i_opgroup_block/gen_merged_slice.i_multifmt_slice/gen_num_lanes[0].active_lane.lane_instance.i_fpnew_cast_multi/of_before_round1__7_carry/CO[3]
                         net (fo=5, routed)           1.003     3.974    ex_stage_i/fpu_gen.fpu_i/fpu_gen.i_fpnew_bulk/gen_operation_groups[3].i_opgroup_block/gen_merged_slice.i_multifmt_slice/gen_num_lanes[0].active_lane.lane_instance.i_fpnew_cast_multi/of_before_round1__7_carry_n_0
    SLICE_X82Y29         CARRY4 (Prop_carry4_CYINIT_CO[2])
                                                      0.608     4.582 r  ex_stage_i/fpu_gen.fpu_i/fpu_gen.i_fpnew_bulk/gen_operation_groups[3].i_opgroup_block/gen_merged_slice.i_multifmt_slice/gen_num_lanes[0].active_lane.lane_instance.i_fpnew_cast_multi/of_before_round0_carry__0_i_9/CO[2]
                         net (fo=20, routed)          0.689     5.271    ex_stage_i/fpu_gen.fpu_i/fpu_gen.i_fpnew_bulk/gen_operation_groups[3].i_opgroup_block/gen_merged_slice.i_multifmt_slice/gen_num_lanes[0].active_lane.lane_instance.i_fpnew_cast_multi/of_before_round0_carry__0_i_9_n_1
    SLICE_X83Y31         LUT2 (Prop_lut2_I0_O)        0.310     5.581 r  ex_stage_i/fpu_gen.fpu_i/fpu_gen.i_fpnew_bulk/gen_operation_groups[3].i_opgroup_block/gen_merged_slice.i_multifmt_slice/gen_num_lanes[0].active_lane.lane_instance.i_fpnew_cast_multi/of_before_round0_carry__1_i_7/O
                         net (fo=1, routed)           0.000     5.581    ex_stage_i/fpu_gen.fpu_i/fpu_gen.i_fpnew_bulk/gen_operation_groups[3].i_opgroup_block/gen_merged_slice.i_multifmt_slice/gen_num_lanes[0].active_lane.lane_instance.i_fpnew_cast_multi/of_before_round0_carry__1_i_7_n_0
    SLICE_X83Y31         CARRY4 (Prop_carry4_S[1]_CO[3])
                                                      0.550     6.131 r  ex_stage_i/fpu_gen.fpu_i/fpu_gen.i_fpnew_bulk/gen_operation_groups[3].i_opgroup_block/gen_merged_slice.i_multifmt_slice/gen_num_lanes[0].active_lane.lane_instance.i_fpnew_cast_multi/of_before_round0_carry__1/CO[3]
                         net (fo=1, routed)           0.000     6.131    ex_stage_i/fpu_gen.fpu_i/fpu_gen.i_fpnew_bulk/gen_operation_groups[3].i_opgroup_block/gen_merged_slice.i_multifmt_slice/gen_num_lanes[0].active_lane.lane_instance.i_fpnew_cast_multi/of_before_round0_carry__1_n_0
    SLICE_X83Y32         CARRY4 (Prop_carry4_CI_CO[3])
                                                      0.114     6.245 f  ex_stage_i/fpu_gen.fpu_i/fpu_gen.i_fpnew_bulk/gen_operation_groups[3].i_opgroup_block/gen_merged_slice.i_multifmt_slice/gen_num_lanes[0].active_lane.lane_instance.i_fpnew_cast_multi/of_before_round0_carry__2/CO[3]
                         net (fo=34, routed)          1.047     7.292    ex_stage_i/fpu_gen.fpu_i/fpu_gen.i_fpnew_bulk/gen_operation_groups[3].i_opgroup_block/gen_merged_slice.i_multifmt_slice/gen_num_lanes[0].active_lane.lane_instance.i_fpnew_cast_multi/of_before_round0__16
    SLICE_X86Y32         LUT3 (Prop_lut3_I0_O)        0.124     7.416 r  ex_stage_i/fpu_gen.fpu_i/fpu_gen.i_fpnew_bulk/gen_operation_groups[3].i_opgroup_block/gen_merged_slice.i_multifmt_slice/gen_num_lanes[0].active_lane.lane_instance.i_fpnew_cast_multi/rvfi_probes_o[instr][wbdata][3][30]_INST_0_i_146/O
                         net (fo=7, routed)           0.463     7.879    ex_stage_i/fpu_gen.fpu_i/fpu_gen.i_fpnew_bulk/gen_operation_groups[3].i_opgroup_block/gen_merged_slice.i_multifmt_slice/gen_num_lanes[0].active_lane.lane_instance.i_fpnew_cast_multi/rvfi_probes_o[instr][wbdata][3][30]_INST_0_i_146_n_0
    SLICE_X86Y33         LUT6 (Prop_lut6_I3_O)        0.124     8.003 r  ex_stage_i/fpu_gen.fpu_i/fpu_gen.i_fpnew_bulk/gen_operation_groups[3].i_opgroup_block/gen_merged_slice.i_multifmt_slice/gen_num_lanes[0].active_lane.lane_instance.i_fpnew_cast_multi/rvfi_probes_o[instr][wbdata][3][30]_INST_0_i_140/O
                         net (fo=87, routed)          1.139     9.141    ex_stage_i/fpu_gen.fpu_i/fpu_gen.i_fpnew_bulk/gen_operation_groups[3].i_opgroup_block/gen_merged_slice.i_multifmt_slice/gen_num_lanes[0].active_lane.lane_instance.i_fpnew_cast_multi/rvfi_probes_o[instr][wbdata][3][30]_INST_0_i_140_n_0
    SLICE_X87Y37         LUT6 (Prop_lut6_I5_O)        0.124     9.265 r  ex_stage_i/fpu_gen.fpu_i/fpu_gen.i_fpnew_bulk/gen_operation_groups[3].i_opgroup_block/gen_merged_slice.i_multifmt_slice/gen_num_lanes[0].active_lane.lane_instance.i_fpnew_cast_multi/mem_q[0][sbe][ex][cause][1]_i_101/O
                         net (fo=2, routed)           0.606     9.872    ex_stage_i/fpu_gen.fpu_i/fpu_gen.i_fpnew_bulk/gen_operation_groups[3].i_opgroup_block/gen_merged_slice.i_multifmt_slice/gen_num_lanes[0].active_lane.lane_instance.i_fpnew_cast_multi/mem_q[0][sbe][ex][cause][1]_i_101_n_0
    SLICE_X86Y37         LUT4 (Prop_lut4_I3_O)        0.124     9.996 r  ex_stage_i/fpu_gen.fpu_i/fpu_gen.i_fpnew_bulk/gen_operation_groups[3].i_opgroup_block/gen_merged_slice.i_multifmt_slice/gen_num_lanes[0].active_lane.lane_instance.i_fpnew_cast_multi/mem_q[0][sbe][ex][cause][1]_i_58/O
                         net (fo=3, routed)           0.641    10.637    ex_stage_i/fpu_gen.fpu_i/fpu_gen.i_fpnew_bulk/gen_operation_groups[3].i_opgroup_block/gen_merged_slice.i_multifmt_slice/gen_num_lanes[0].active_lane.lane_instance.i_fpnew_cast_multi/mem_q[0][sbe][ex][cause][1]_i_58_n_0
    SLICE_X83Y36         LUT5 (Prop_lut5_I3_O)        0.124    10.761 r  ex_stage_i/fpu_gen.fpu_i/fpu_gen.i_fpnew_bulk/gen_operation_groups[3].i_opgroup_block/gen_merged_slice.i_multifmt_slice/gen_num_lanes[0].active_lane.lane_instance.i_fpnew_cast_multi/mem_q[0][sbe][ex][cause][1]_i_68/O
                         net (fo=2, routed)           0.814    11.575    ex_stage_i/fpu_gen.fpu_i/fpu_gen.i_fpnew_bulk/gen_operation_groups[3].i_opgroup_block/gen_merged_slice.i_multifmt_slice/gen_num_lanes[0].active_lane.lane_instance.i_fpnew_cast_multi/mem_q[0][sbe][ex][cause][1]_i_68_n_0
    SLICE_X82Y36         LUT3 (Prop_lut3_I2_O)        0.146    11.721 r  ex_stage_i/fpu_gen.fpu_i/fpu_gen.i_fpnew_bulk/gen_operation_groups[3].i_opgroup_block/gen_merged_slice.i_multifmt_slice/gen_num_lanes[0].active_lane.lane_instance.i_fpnew_cast_multi/mem_q[0][sbe][ex][cause][1]_i_44/O
                         net (fo=2, routed)           0.844    12.565    ex_stage_i/fpu_gen.fpu_i/fpu_gen.i_fpnew_bulk/gen_operation_groups[3].i_opgroup_block/gen_merged_slice.i_multifmt_slice/gen_num_lanes[0].active_lane.lane_instance.i_fpnew_cast_multi/mem_q[0][sbe][ex][cause][1]_i_44_n_0
    SLICE_X81Y35         LUT6 (Prop_lut6_I4_O)        0.328    12.893 r  ex_stage_i/fpu_gen.fpu_i/fpu_gen.i_fpnew_bulk/gen_operation_groups[3].i_opgroup_block/gen_merged_slice.i_multifmt_slice/gen_num_lanes[0].active_lane.lane_instance.i_fpnew_cast_multi/mem_q[0][sbe][ex][cause][1]_i_27/O
                         net (fo=1, routed)           0.797    13.690    ex_stage_i/fpu_gen.fpu_i/fpu_gen.i_fpnew_bulk/gen_operation_groups[3].i_opgroup_block/gen_merged_slice.i_multifmt_slice/gen_num_lanes[0].active_lane.lane_instance.i_fpnew_cast_multi/mem_q[0][sbe][ex][cause][1]_i_27_n_0
    SLICE_X81Y36         LUT6 (Prop_lut6_I0_O)        0.124    13.814 f  ex_stage_i/fpu_gen.fpu_i/fpu_gen.i_fpnew_bulk/gen_operation_groups[3].i_opgroup_block/gen_merged_slice.i_multifmt_slice/gen_num_lanes[0].active_lane.lane_instance.i_fpnew_cast_multi/mem_q[0][sbe][ex][cause][1]_i_18/O
                         net (fo=4, routed)           0.464    14.277    ex_stage_i/fpu_gen.fpu_i/fpu_gen.i_fpnew_bulk/gen_operation_groups[3].i_opgroup_block/gen_merged_slice.i_multifmt_slice/gen_num_lanes[0].active_lane.lane_instance.i_fpnew_cast_multi/mem_q[0][sbe][ex][cause][1]_i_18_n_0
    SLICE_X80Y34         LUT4 (Prop_lut4_I3_O)        0.124    14.401 r  ex_stage_i/fpu_gen.fpu_i/fpu_gen.i_fpnew_bulk/gen_operation_groups[3].i_opgroup_block/gen_merged_slice.i_multifmt_slice/gen_num_lanes[0].active_lane.lane_instance.i_fpnew_cast_multi/rvfi_probes_o[instr][wbdata][3][0]_INST_0_i_52/O
                         net (fo=2, routed)           0.510    14.911    ex_stage_i/fpu_gen.fpu_i/fpu_gen.i_fpnew_bulk/gen_operation_groups[3].i_opgroup_block/gen_merged_slice.i_multifmt_slice/gen_num_lanes[0].active_lane.lane_instance.i_fpnew_cast_multi/rvfi_probes_o[instr][wbdata][3][0]_INST_0_i_52_n_0
    SLICE_X79Y30         LUT2 (Prop_lut2_I0_O)        0.124    15.035 r  ex_stage_i/fpu_gen.fpu_i/fpu_gen.i_fpnew_bulk/gen_operation_groups[3].i_opgroup_block/gen_merged_slice.i_multifmt_slice/gen_num_lanes[0].active_lane.lane_instance.i_fpnew_cast_multi/rvfi_probes_o[instr][wbdata][3][0]_INST_0_i_32/O
                         net (fo=1, routed)           0.426    15.462    ex_stage_i/fpu_gen.fpu_i/fpu_gen.i_fpnew_bulk/gen_operation_groups[3].i_opgroup_block/gen_merged_slice.i_multifmt_slice/gen_num_lanes[0].active_lane.lane_instance.i_fpnew_cast_multi/rvfi_probes_o[instr][wbdata][3][0]_INST_0_i_32_n_0
    SLICE_X78Y30         LUT6 (Prop_lut6_I0_O)        0.124    15.586 r  ex_stage_i/fpu_gen.fpu_i/fpu_gen.i_fpnew_bulk/gen_operation_groups[3].i_opgroup_block/gen_merged_slice.i_multifmt_slice/gen_num_lanes[0].active_lane.lane_instance.i_fpnew_cast_multi/rvfi_probes_o[instr][wbdata][3][0]_INST_0_i_19/O
                         net (fo=1, routed)           0.000    15.586    ex_stage_i/fpu_gen.fpu_i/fpu_gen.i_fpnew_bulk/gen_operation_groups[3].i_opgroup_block/gen_merged_slice.i_multifmt_slice/gen_num_lanes[0].active_lane.lane_instance.i_fpnew_cast_multi/rvfi_probes_o[instr][wbdata][3][0]_INST_0_i_19_n_0
    SLICE_X78Y30         CARRY4 (Prop_carry4_S[0]_CO[3])
                                                      0.532    16.118 r  ex_stage_i/fpu_gen.fpu_i/fpu_gen.i_fpnew_bulk/gen_operation_groups[3].i_opgroup_block/gen_merged_slice.i_multifmt_slice/gen_num_lanes[0].active_lane.lane_instance.i_fpnew_cast_multi/rvfi_probes_o[instr][wbdata][3][0]_INST_0_i_8/CO[3]
                         net (fo=1, routed)           0.000    16.118    ex_stage_i/fpu_gen.fpu_i/fpu_gen.i_fpnew_bulk/gen_operation_groups[3].i_opgroup_block/gen_merged_slice.i_multifmt_slice/gen_num_lanes[0].active_lane.lane_instance.i_fpnew_cast_multi/rvfi_probes_o[instr][wbdata][3][0]_INST_0_i_8_n_0
    SLICE_X78Y31         CARRY4 (Prop_carry4_CI_O[1])
                                                      0.334    16.452 f  ex_stage_i/fpu_gen.fpu_i/fpu_gen.i_fpnew_bulk/gen_operation_groups[3].i_opgroup_block/gen_merged_slice.i_multifmt_slice/gen_num_lanes[0].active_lane.lane_instance.i_fpnew_cast_multi/rvfi_probes_o[instr][wbdata][3][7]_INST_0_i_16/O[1]
                         net (fo=4, routed)           0.591    17.043    ex_stage_i/fpu_gen.fpu_i/fpu_gen.i_fpnew_bulk/gen_operation_groups[3].i_opgroup_block/gen_merged_slice.i_multifmt_slice/gen_num_lanes[0].active_lane.lane_instance.i_fpnew_cast_multi/rounded_abs[5]
    SLICE_X77Y31         LUT1 (Prop_lut1_I0_O)        0.303    17.346 r  ex_stage_i/fpu_gen.fpu_i/fpu_gen.i_fpnew_bulk/gen_operation_groups[3].i_opgroup_block/gen_merged_slice.i_multifmt_slice/gen_num_lanes[0].active_lane.lane_instance.i_fpnew_cast_multi/rvfi_probes_o[instr][wbdata][3][8]_INST_0_i_12/O
                         net (fo=1, routed)           0.000    17.346    ex_stage_i/fpu_gen.fpu_i/fpu_gen.i_fpnew_bulk/gen_operation_groups[3].i_opgroup_block/gen_merged_slice.i_multifmt_slice/gen_num_lanes[0].active_lane.lane_instance.i_fpnew_cast_multi/rvfi_probes_o[instr][wbdata][3][8]_INST_0_i_12_n_0
    SLICE_X77Y31         CARRY4 (Prop_carry4_S[0]_CO[3])
                                                      0.532    17.878 r  ex_stage_i/fpu_gen.fpu_i/fpu_gen.i_fpnew_bulk/gen_operation_groups[3].i_opgroup_block/gen_merged_slice.i_multifmt_slice/gen_num_lanes[0].active_lane.lane_instance.i_fpnew_cast_multi/rvfi_probes_o[instr][wbdata][3][8]_INST_0_i_8/CO[3]
                         net (fo=1, routed)           0.000    17.878    ex_stage_i/fpu_gen.fpu_i/fpu_gen.i_fpnew_bulk/gen_operation_groups[3].i_opgroup_block/gen_merged_slice.i_multifmt_slice/gen_num_lanes[0].active_lane.lane_instance.i_fpnew_cast_multi/rvfi_probes_o[instr][wbdata][3][8]_INST_0_i_8_n_0
    SLICE_X77Y32         CARRY4 (Prop_carry4_CI_CO[3])
                                                      0.114    17.992 r  ex_stage_i/fpu_gen.fpu_i/fpu_gen.i_fpnew_bulk/gen_operation_groups[3].i_opgroup_block/gen_merged_slice.i_multifmt_slice/gen_num_lanes[0].active_lane.lane_instance.i_fpnew_cast_multi/rvfi_probes_o[instr][wbdata][3][12]_INST_0_i_7/CO[3]
                         net (fo=1, routed)           0.000    17.992    ex_stage_i/fpu_gen.fpu_i/fpu_gen.i_fpnew_bulk/gen_operation_groups[3].i_opgroup_block/gen_merged_slice.i_multifmt_slice/gen_num_lanes[0].active_lane.lane_instance.i_fpnew_cast_multi/rvfi_probes_o[instr][wbdata][3][12]_INST_0_i_7_n_0
    SLICE_X77Y33         CARRY4 (Prop_carry4_CI_CO[3])
                                                      0.114    18.106 r  ex_stage_i/fpu_gen.fpu_i/fpu_gen.i_fpnew_bulk/gen_operation_groups[3].i_opgroup_block/gen_merged_slice.i_multifmt_slice/gen_num_lanes[0].active_lane.lane_instance.i_fpnew_cast_multi/rvfi_probes_o[instr][wbdata][3][16]_INST_0_i_7/CO[3]
                         net (fo=1, routed)           0.000    18.106    ex_stage_i/fpu_gen.fpu_i/fpu_gen.i_fpnew_bulk/gen_operation_groups[3].i_opgroup_block/gen_merged_slice.i_multifmt_slice/gen_num_lanes[0].active_lane.lane_instance.i_fpnew_cast_multi/rvfi_probes_o[instr][wbdata][3][16]_INST_0_i_7_n_0
    SLICE_X77Y34         CARRY4 (Prop_carry4_CI_CO[3])
                                                      0.114    18.220 r  ex_stage_i/fpu_gen.fpu_i/fpu_gen.i_fpnew_bulk/gen_operation_groups[3].i_opgroup_block/gen_merged_slice.i_multifmt_slice/gen_num_lanes[0].active_lane.lane_instance.i_fpnew_cast_multi/rvfi_probes_o[instr][wbdata][3][20]_INST_0_i_8/CO[3]
                         net (fo=1, routed)           0.000    18.220    ex_stage_i/fpu_gen.fpu_i/fpu_gen.i_fpnew_bulk/gen_operation_groups[3].i_opgroup_block/gen_merged_slice.i_multifmt_slice/gen_num_lanes[0].active_lane.lane_instance.i_fpnew_cast_multi/rvfi_probes_o[instr][wbdata][3][20]_INST_0_i_8_n_0
    SLICE_X77Y35         CARRY4 (Prop_carry4_CI_CO[3])
                                                      0.114    18.334 r  ex_stage_i/fpu_gen.fpu_i/fpu_gen.i_fpnew_bulk/gen_operation_groups[3].i_opgroup_block/gen_merged_slice.i_multifmt_slice/gen_num_lanes[0].active_lane.lane_instance.i_fpnew_cast_multi/rvfi_probes_o[instr][wbdata][3][24]_INST_0_i_9/CO[3]
                         net (fo=1, routed)           0.000    18.334    ex_stage_i/fpu_gen.fpu_i/fpu_gen.i_fpnew_bulk/gen_operation_groups[3].i_opgroup_block/gen_merged_slice.i_multifmt_slice/gen_num_lanes[0].active_lane.lane_instance.i_fpnew_cast_multi/rvfi_probes_o[instr][wbdata][3][24]_INST_0_i_9_n_0
    SLICE_X77Y36         CARRY4 (Prop_carry4_CI_O[2])
                                                      0.239    18.573 r  ex_stage_i/fpu_gen.fpu_i/fpu_gen.i_fpnew_bulk/gen_operation_groups[3].i_opgroup_block/gen_merged_slice.i_multifmt_slice/gen_num_lanes[0].active_lane.lane_instance.i_fpnew_cast_multi/rvfi_probes_o[instr][wbdata][3][28]_INST_0_i_9/O[2]
                         net (fo=2, routed)           0.782    19.355    ex_stage_i/fpu_gen.fpu_i/fpu_gen.i_fpnew_bulk/gen_operation_groups[3].i_opgroup_block/gen_merged_slice.i_multifmt_slice/gen_num_lanes[0].active_lane.lane_instance.i_fpnew_cast_multi/rounded_uint_res0[27]
    SLICE_X76Y37         LUT5 (Prop_lut5_I1_O)        0.302    19.657 r  ex_stage_i/fpu_gen.fpu_i/fpu_gen.i_fpnew_bulk/gen_operation_groups[3].i_opgroup_block/gen_merged_slice.i_multifmt_slice/gen_num_lanes[0].active_lane.lane_instance.i_fpnew_cast_multi/rvfi_probes_o[instr][wbdata][3][30]_INST_0_i_230/O
                         net (fo=1, routed)           0.492    20.149    ex_stage_i/fpu_gen.fpu_i/fpu_gen.i_fpnew_bulk/gen_operation_groups[3].i_opgroup_block/gen_merged_slice.i_multifmt_slice/gen_num_lanes[0].active_lane.lane_instance.i_fpnew_cast_multi/rvfi_probes_o[instr][wbdata][3][30]_INST_0_i_230_n_0
    SLICE_X76Y36         LUT6 (Prop_lut6_I5_O)        0.124    20.273 r  ex_stage_i/fpu_gen.fpu_i/fpu_gen.i_fpnew_bulk/gen_operation_groups[3].i_opgroup_block/gen_merged_slice.i_multifmt_slice/gen_num_lanes[0].active_lane.lane_instance.i_fpnew_cast_multi/rvfi_probes_o[instr][wbdata][3][30]_INST_0_i_204/O
                         net (fo=1, routed)           0.566    20.839    ex_stage_i/fpu_gen.fpu_i/fpu_gen.i_fpnew_bulk/gen_operation_groups[3].i_opgroup_block/gen_merged_slice.i_multifmt_slice/gen_num_lanes[0].active_lane.lane_instance.i_fpnew_cast_multi/rvfi_probes_o[instr][wbdata][3][30]_INST_0_i_204_n_0
    SLICE_X79Y33         LUT6 (Prop_lut6_I2_O)        0.124    20.963 r  ex_stage_i/fpu_gen.fpu_i/fpu_gen.i_fpnew_bulk/gen_operation_groups[3].i_opgroup_block/gen_merged_slice.i_multifmt_slice/gen_num_lanes[0].active_lane.lane_instance.i_fpnew_cast_multi/rvfi_probes_o[instr][wbdata][3][30]_INST_0_i_160/O
                         net (fo=1, routed)           0.318    21.281    ex_stage_i/fpu_gen.fpu_i/fpu_gen.i_fpnew_bulk/gen_operation_groups[3].i_opgroup_block/gen_merged_slice.i_multifmt_slice/gen_num_lanes[0].active_lane.lane_instance.i_fpnew_cast_multi/rvfi_probes_o[instr][wbdata][3][30]_INST_0_i_160_n_0
    SLICE_X80Y33         LUT6 (Prop_lut6_I1_O)        0.124    21.405 r  ex_stage_i/fpu_gen.fpu_i/fpu_gen.i_fpnew_bulk/gen_operation_groups[3].i_opgroup_block/gen_merged_slice.i_multifmt_slice/gen_num_lanes[0].active_lane.lane_instance.i_fpnew_cast_multi/rvfi_probes_o[instr][wbdata][3][30]_INST_0_i_97/O
                         net (fo=1, routed)           0.291    21.696    ex_stage_i/fpu_gen.fpu_i/fpu_gen.i_fpnew_bulk/gen_operation_groups[3].i_opgroup_block/gen_merged_slice.i_multifmt_slice/gen_num_lanes[0].active_lane.lane_instance.i_fpnew_cast_multi/rvfi_probes_o[instr][wbdata][3][30]_INST_0_i_97_n_0
    SLICE_X81Y33         LUT4 (Prop_lut4_I2_O)        0.124    21.820 r  ex_stage_i/fpu_gen.fpu_i/fpu_gen.i_fpnew_bulk/gen_operation_groups[3].i_opgroup_block/gen_merged_slice.i_multifmt_slice/gen_num_lanes[0].active_lane.lane_instance.i_fpnew_cast_multi/rvfi_probes_o[instr][wbdata][3][30]_INST_0_i_55/O
                         net (fo=1, routed)           0.151    21.971    ex_stage_i/fpu_gen.fpu_i/fpu_gen.i_fpnew_bulk/gen_operation_groups[3].i_opgroup_block/gen_merged_slice.i_multifmt_slice/gen_num_lanes[0].active_lane.lane_instance.i_fpnew_cast_multi/rvfi_probes_o[instr][wbdata][3][30]_INST_0_i_55_n_0
    SLICE_X81Y33         LUT6 (Prop_lut6_I1_O)        0.124    22.095 f  ex_stage_i/fpu_gen.fpu_i/fpu_gen.i_fpnew_bulk/gen_operation_groups[3].i_opgroup_block/gen_merged_slice.i_multifmt_slice/gen_num_lanes[0].active_lane.lane_instance.i_fpnew_cast_multi/rvfi_probes_o[instr][wbdata][3][30]_INST_0_i_37/O
                         net (fo=3, routed)           0.493    22.588    ex_stage_i/fpu_gen.fpu_i/fpu_gen.i_fpnew_bulk/gen_operation_groups[3].i_opgroup_block/gen_merged_slice.i_multifmt_slice/gen_num_lanes[0].active_lane.lane_instance.i_fpnew_cast_multi/rvfi_probes_o[instr][wbdata][3][30]_INST_0_i_37_n_0
    SLICE_X75Y35         LUT6 (Prop_lut6_I4_O)        0.124    22.712 r  ex_stage_i/fpu_gen.fpu_i/fpu_gen.i_fpnew_bulk/gen_operation_groups[3].i_opgroup_block/gen_merged_slice.i_multifmt_slice/gen_num_lanes[0].active_lane.lane_instance.i_fpnew_cast_multi/rvfi_probes_o[instr][wbdata][3][30]_INST_0_i_21/O
                         net (fo=3, routed)           0.309    23.021    ex_stage_i/fpu_gen.fpu_i/fpu_gen.i_fpnew_bulk/gen_operation_groups[3].i_opgroup_block/gen_merged_slice.i_multifmt_slice/gen_num_lanes[0].active_lane.lane_instance.i_fpnew_cast_multi/rvfi_probes_o[instr][wbdata][3][30]_INST_0_i_21_n_0
    SLICE_X73Y35         LUT6 (Prop_lut6_I3_O)        0.124    23.145 f  ex_stage_i/fpu_gen.fpu_i/fpu_gen.i_fpnew_bulk/gen_operation_groups[3].i_opgroup_block/gen_merged_slice.i_multifmt_slice/gen_num_lanes[0].active_lane.lane_instance.i_fpnew_cast_multi/rvfi_probes_o[instr][wbdata][3][29]_INST_0_i_7/O
                         net (fo=31, routed)          1.134    24.280    ex_stage_i/fpu_gen.fpu_i/fpu_gen.i_fpnew_bulk/gen_operation_groups[3].i_opgroup_block/gen_merged_slice.i_multifmt_slice/gen_num_lanes[0].active_lane.lane_instance.i_fpnew_cast_multi/rvfi_probes_o[instr][wbdata][3][29]_INST_0_i_7_n_0
    SLICE_X68Y32         LUT5 (Prop_lut5_I3_O)        0.124    24.404 r  ex_stage_i/fpu_gen.fpu_i/fpu_gen.i_fpnew_bulk/gen_operation_groups[3].i_opgroup_block/gen_merged_slice.i_multifmt_slice/gen_num_lanes[0].active_lane.lane_instance.i_fpnew_cast_multi/rvfi_probes_o[instr][wbdata][3][3]_INST_0_i_1/O
                         net (fo=1, routed)           0.162    24.566    ex_stage_i/fpu_gen.fpu_i/fpu_gen.i_fpnew_bulk/i_arbiter/opgrp_outputs[3][result][3]
    SLICE_X68Y32         LUT6 (Prop_lut6_I0_O)        0.124    24.690 r  ex_stage_i/fpu_gen.fpu_i/fpu_gen.i_fpnew_bulk/i_arbiter/rvfi_probes_o[instr][wbdata][3][3]_INST_0/O
                         net (fo=7, routed)           0.581    25.270    issue_stage_i/i_scoreboard/fu_data_q[0][imm][3]_i_2_0
    SLICE_X70Y29         LUT6 (Prop_lut6_I3_O)        0.124    25.394 r  issue_stage_i/i_scoreboard/fu_data_q[0][imm][3]_i_5/O
                         net (fo=1, routed)           0.490    25.884    issue_stage_i/i_scoreboard/fu_data_q[0][imm][3]_i_5_n_0
    SLICE_X70Y29         LUT6 (Prop_lut6_I5_O)        0.124    26.008 r  issue_stage_i/i_scoreboard/fu_data_q[0][imm][3]_i_2/O
                         net (fo=1, routed)           0.501    26.509    issue_stage_i/i_scoreboard/i_issue_read_operands/rs3[0]_118[3]
    SLICE_X70Y28         LUT6 (Prop_lut6_I2_O)        0.124    26.633 r  issue_stage_i/i_scoreboard/fu_data_q[0][imm][3]_i_1/O
                         net (fo=1, routed)           0.000    26.633    issue_stage_i/i_issue_read_operands/fu_data_q_reg[0][imm][31]_1[3]
    SLICE_X70Y28         FDCE                                         r  issue_stage_i/i_issue_read_operands/fu_data_q_reg[0][imm][3]/D
  -------------------------------------------------------------------    -------------------

                         (clock clk_i rise edge)     25.000    25.000 r  
                                                      0.000    25.000 r  clk_i (IN)
                         net (fo=6832, unset)         0.924    25.924    issue_stage_i/i_issue_read_operands/clk_i
    SLICE_X70Y28         FDCE                                         r  issue_stage_i/i_issue_read_operands/fu_data_q_reg[0][imm][3]/C
                         clock pessimism              0.000    25.924    
                         clock uncertainty           -0.035    25.889    
    SLICE_X70Y28         FDCE (Setup_fdce_C_D)        0.029    25.918    issue_stage_i/i_issue_read_operands/fu_data_q_reg[0][imm][3]
  -------------------------------------------------------------------
                         required time                         25.918    
                         arrival time                         -26.633    
  -------------------------------------------------------------------
                         slack                                 -0.715    





Min Delay Paths
--------------------------------------------------------------------------------------
Slack (MET) :             0.083ns  (arrival time - required time)
  Source:                 gen_cache_hpd.i_cache_subsystem/i_axi_arbiter/i_icache_hpdcache_data_upsize/buf_q_reg[0][1][26]/C
                            (rising edge-triggered cell FDCE clocked by clk_i  {rise@0.000ns fall@12.500ns period=25.000ns})
  Destination:            gen_cache_hpd.i_cache_subsystem/i_cva6_icache/gen_sram[0].data_sram/data_sram/gen_cut[1].i_tc_sram_wrapper/i_ram/Mem_DP_reg/DIADI[26]
                            (rising edge-triggered cell RAMB36E1 clocked by clk_i  {rise@0.000ns fall@12.500ns period=25.000ns})
  Path Group:             clk_i
  Path Type:              Hold (Min at Fast Process Corner)
  Requirement:            0.000ns  (clk_i rise@0.000ns - clk_i rise@0.000ns)
  Data Path Delay:        0.260ns  (logic 0.141ns (54.228%)  route 0.119ns (45.772%))
  Logic Levels:           0  
  Clock Path Skew:        0.022ns (DCD - SCD - CPR)
    Destination Clock Delay (DCD):    0.432ns
    Source Clock Delay      (SCD):    0.410ns
    Clock Pessimism Removal (CPR):    -0.000ns

    Location             Delay type                Incr(ns)  Path(ns)    Netlist Resource(s)
  -------------------------------------------------------------------    -------------------
                         (clock clk_i rise edge)      0.000     0.000 r  
                                                      0.000     0.000 r  clk_i (IN)
                         net (fo=6832, unset)         0.410     0.410    gen_cache_hpd.i_cache_subsystem/i_axi_arbiter/i_icache_hpdcache_data_upsize/clk_i
    SLICE_X9Y16          FDCE                                         r  gen_cache_hpd.i_cache_subsystem/i_axi_arbiter/i_icache_hpdcache_data_upsize/buf_q_reg[0][1][26]/C
  -------------------------------------------------------------------    -------------------
    SLICE_X9Y16          FDCE (Prop_fdce_C_Q)         0.141     0.551 r  gen_cache_hpd.i_cache_subsystem/i_axi_arbiter/i_icache_hpdcache_data_upsize/buf_q_reg[0][1][26]/Q
                         net (fo=3, routed)           0.119     0.670    gen_cache_hpd.i_cache_subsystem/i_cva6_icache/gen_sram[0].data_sram/data_sram/gen_cut[1].i_tc_sram_wrapper/i_ram/icache_miss_resp[data][26]
    RAMB36_X0Y3          RAMB36E1                                     r  gen_cache_hpd.i_cache_subsystem/i_cva6_icache/gen_sram[0].data_sram/data_sram/gen_cut[1].i_tc_sram_wrapper/i_ram/Mem_DP_reg/DIADI[26]
  -------------------------------------------------------------------    -------------------

                         (clock clk_i rise edge)      0.000     0.000 r  
                                                      0.000     0.000 r  clk_i (IN)
                         net (fo=6832, unset)         0.432     0.432    gen_cache_hpd.i_cache_subsystem/i_cva6_icache/gen_sram[0].data_sram/data_sram/gen_cut[1].i_tc_sram_wrapper/i_ram/clk_i
    RAMB36_X0Y3          RAMB36E1                                     r  gen_cache_hpd.i_cache_subsystem/i_cva6_icache/gen_sram[0].data_sram/data_sram/gen_cut[1].i_tc_sram_wrapper/i_ram/Mem_DP_reg/CLKBWRCLK
                         clock pessimism              0.000     0.432    
    RAMB36_X0Y3          RAMB36E1 (Hold_ramb36e1_CLKBWRCLK_DIADI[26])
                                                      0.155     0.587    gen_cache_hpd.i_cache_subsystem/i_cva6_icache/gen_sram[0].data_sram/data_sram/gen_cut[1].i_tc_sram_wrapper/i_ram/Mem_DP_reg
  -------------------------------------------------------------------
                         required time                         -0.587    
                         arrival time                           0.670    
  -------------------------------------------------------------------
                         slack                                  0.083    

Slack (MET) :             0.086ns  (arrival time - required time)
  Source:                 gen_cache_hpd.i_cache_subsystem/i_axi_arbiter/i_icache_hpdcache_data_upsize/buf_q_reg[0][0][47]/C
                            (rising edge-triggered cell FDCE clocked by clk_i  {rise@0.000ns fall@12.500ns period=25.000ns})
  Destination:            gen_cache_hpd.i_cache_subsystem/i_cva6_icache/gen_sram[1].data_sram/data_sram/gen_cut[0].i_tc_sram_wrapper/i_ram/Mem_DP_reg/DIBDI[15]
                            (rising edge-triggered cell RAMB36E1 clocked by clk_i  {rise@0.000ns fall@12.500ns period=25.000ns})
  Path Group:             clk_i
  Path Type:              Hold (Min at Fast Process Corner)
  Requirement:            0.000ns  (clk_i rise@0.000ns - clk_i rise@0.000ns)
  Data Path Delay:        0.262ns  (logic 0.141ns (53.780%)  route 0.121ns (46.220%))
  Logic Levels:           0  
  Clock Path Skew:        0.022ns (DCD - SCD - CPR)
    Destination Clock Delay (DCD):    0.432ns
    Source Clock Delay      (SCD):    0.410ns
    Clock Pessimism Removal (CPR):    -0.000ns

    Location             Delay type                Incr(ns)  Path(ns)    Netlist Resource(s)
  -------------------------------------------------------------------    -------------------
                         (clock clk_i rise edge)      0.000     0.000 r  
                                                      0.000     0.000 r  clk_i (IN)
                         net (fo=6832, unset)         0.410     0.410    gen_cache_hpd.i_cache_subsystem/i_axi_arbiter/i_icache_hpdcache_data_upsize/clk_i
    SLICE_X9Y4           FDCE                                         r  gen_cache_hpd.i_cache_subsystem/i_axi_arbiter/i_icache_hpdcache_data_upsize/buf_q_reg[0][0][47]/C
  -------------------------------------------------------------------    -------------------
    SLICE_X9Y4           FDCE (Prop_fdce_C_Q)         0.141     0.551 r  gen_cache_hpd.i_cache_subsystem/i_axi_arbiter/i_icache_hpdcache_data_upsize/buf_q_reg[0][0][47]/Q
                         net (fo=3, routed)           0.121     0.672    gen_cache_hpd.i_cache_subsystem/i_cva6_icache/gen_sram[1].data_sram/data_sram/gen_cut[0].i_tc_sram_wrapper/i_ram/icache_miss_resp[data][47]
    RAMB36_X0Y0          RAMB36E1                                     r  gen_cache_hpd.i_cache_subsystem/i_cva6_icache/gen_sram[1].data_sram/data_sram/gen_cut[0].i_tc_sram_wrapper/i_ram/Mem_DP_reg/DIBDI[15]
  -------------------------------------------------------------------    -------------------

                         (clock clk_i rise edge)      0.000     0.000 r  
                                                      0.000     0.000 r  clk_i (IN)
                         net (fo=6832, unset)         0.432     0.432    gen_cache_hpd.i_cache_subsystem/i_cva6_icache/gen_sram[1].data_sram/data_sram/gen_cut[0].i_tc_sram_wrapper/i_ram/clk_i
    RAMB36_X0Y0          RAMB36E1                                     r  gen_cache_hpd.i_cache_subsystem/i_cva6_icache/gen_sram[1].data_sram/data_sram/gen_cut[0].i_tc_sram_wrapper/i_ram/Mem_DP_reg/CLKBWRCLK
                         clock pessimism              0.000     0.432    
    RAMB36_X0Y0          RAMB36E1 (Hold_ramb36e1_CLKBWRCLK_DIBDI[15])
                                                      0.155     0.587    gen_cache_hpd.i_cache_subsystem/i_cva6_icache/gen_sram[1].data_sram/data_sram/gen_cut[0].i_tc_sram_wrapper/i_ram/Mem_DP_reg
  -------------------------------------------------------------------
                         required time                         -0.587    
                         arrival time                           0.672    
  -------------------------------------------------------------------
                         slack                                  0.086    

Slack (MET) :             0.095ns  (arrival time - required time)
  Source:                 gen_cache_hpd.i_cache_subsystem/i_dcache/i_hpdcache/hpdcache_miss_handler_i/i_r_metadata_fifo/gen_fifo.wptr_q_reg[0]/C
                            (rising edge-triggered cell FDCE clocked by clk_i  {rise@0.000ns fall@12.500ns period=25.000ns})
  Destination:            gen_cache_hpd.i_cache_subsystem/i_dcache/i_hpdcache/hpdcache_miss_handler_i/i_r_metadata_fifo/gen_fifo.fifo_mem_q_reg[3][r_error]_0_3_0_0/DP/WADR0
                            (rising edge-triggered cell RAMD32 clocked by clk_i  {rise@0.000ns fall@12.500ns period=25.000ns})
  Path Group:             clk_i
  Path Type:              Hold (Min at Fast Process Corner)
  Requirement:            0.000ns  (clk_i rise@0.000ns - clk_i rise@0.000ns)
  Data Path Delay:        0.426ns  (logic 0.141ns (33.083%)  route 0.285ns (66.917%))
  Logic Levels:           0  
  Clock Path Skew:        0.022ns (DCD - SCD - CPR)
    Destination Clock Delay (DCD):    0.432ns
    Source Clock Delay      (SCD):    0.410ns
    Clock Pessimism Removal (CPR):    -0.000ns

    Location             Delay type                Incr(ns)  Path(ns)    Netlist Resource(s)
  -------------------------------------------------------------------    -------------------
                         (clock clk_i rise edge)      0.000     0.000 r  
                                                      0.000     0.000 r  clk_i (IN)
                         net (fo=6832, unset)         0.410     0.410    gen_cache_hpd.i_cache_subsystem/i_dcache/i_hpdcache/hpdcache_miss_handler_i/i_r_metadata_fifo/clk_i
    SLICE_X81Y4          FDCE                                         r  gen_cache_hpd.i_cache_subsystem/i_dcache/i_hpdcache/hpdcache_miss_handler_i/i_r_metadata_fifo/gen_fifo.wptr_q_reg[0]/C
  -------------------------------------------------------------------    -------------------
    SLICE_X81Y4          FDCE (Prop_fdce_C_Q)         0.141     0.551 r  gen_cache_hpd.i_cache_subsystem/i_dcache/i_hpdcache/hpdcache_miss_handler_i/i_r_metadata_fifo/gen_fifo.wptr_q_reg[0]/Q
                         net (fo=12, routed)          0.285     0.836    gen_cache_hpd.i_cache_subsystem/i_dcache/i_hpdcache/hpdcache_miss_handler_i/i_r_metadata_fifo/gen_fifo.fifo_mem_q_reg[3][r_error]_0_3_0_0/A0
    SLICE_X82Y4          RAMD32                                       r  gen_cache_hpd.i_cache_subsystem/i_dcache/i_hpdcache/hpdcache_miss_handler_i/i_r_metadata_fifo/gen_fifo.fifo_mem_q_reg[3][r_error]_0_3_0_0/DP/WADR0
  -------------------------------------------------------------------    -------------------

                         (clock clk_i rise edge)      0.000     0.000 r  
                                                      0.000     0.000 r  clk_i (IN)
                         net (fo=6832, unset)         0.432     0.432    gen_cache_hpd.i_cache_subsystem/i_dcache/i_hpdcache/hpdcache_miss_handler_i/i_r_metadata_fifo/gen_fifo.fifo_mem_q_reg[3][r_error]_0_3_0_0/WCLK
    SLICE_X82Y4          RAMD32                                       r  gen_cache_hpd.i_cache_subsystem/i_dcache/i_hpdcache/hpdcache_miss_handler_i/i_r_metadata_fifo/gen_fifo.fifo_mem_q_reg[3][r_error]_0_3_0_0/DP/CLK
                         clock pessimism              0.000     0.432    
    SLICE_X82Y4          RAMD32 (Hold_ramd32_CLK_WADR0)
                                                      0.310     0.742    gen_cache_hpd.i_cache_subsystem/i_dcache/i_hpdcache/hpdcache_miss_handler_i/i_r_metadata_fifo/gen_fifo.fifo_mem_q_reg[3][r_error]_0_3_0_0/DP
  -------------------------------------------------------------------
                         required time                         -0.742    
                         arrival time                           0.836    
  -------------------------------------------------------------------
                         slack                                  0.095    

Slack (MET) :             0.095ns  (arrival time - required time)
  Source:                 gen_cache_hpd.i_cache_subsystem/i_dcache/i_hpdcache/hpdcache_miss_handler_i/i_r_metadata_fifo/gen_fifo.wptr_q_reg[0]/C
                            (rising edge-triggered cell FDCE clocked by clk_i  {rise@0.000ns fall@12.500ns period=25.000ns})
  Destination:            gen_cache_hpd.i_cache_subsystem/i_dcache/i_hpdcache/hpdcache_miss_handler_i/i_r_metadata_fifo/gen_fifo.fifo_mem_q_reg[3][r_error]_0_3_0_0/SP/WADR0
                            (rising edge-triggered cell RAMD32 clocked by clk_i  {rise@0.000ns fall@12.500ns period=25.000ns})
  Path Group:             clk_i
  Path Type:              Hold (Min at Fast Process Corner)
  Requirement:            0.000ns  (clk_i rise@0.000ns - clk_i rise@0.000ns)
  Data Path Delay:        0.426ns  (logic 0.141ns (33.083%)  route 0.285ns (66.917%))
  Logic Levels:           0  
  Clock Path Skew:        0.022ns (DCD - SCD - CPR)
    Destination Clock Delay (DCD):    0.432ns
    Source Clock Delay      (SCD):    0.410ns
    Clock Pessimism Removal (CPR):    -0.000ns

    Location             Delay type                Incr(ns)  Path(ns)    Netlist Resource(s)
  -------------------------------------------------------------------    -------------------
                         (clock clk_i rise edge)      0.000     0.000 r  
                                                      0.000     0.000 r  clk_i (IN)
                         net (fo=6832, unset)         0.410     0.410    gen_cache_hpd.i_cache_subsystem/i_dcache/i_hpdcache/hpdcache_miss_handler_i/i_r_metadata_fifo/clk_i
    SLICE_X81Y4          FDCE                                         r  gen_cache_hpd.i_cache_subsystem/i_dcache/i_hpdcache/hpdcache_miss_handler_i/i_r_metadata_fifo/gen_fifo.wptr_q_reg[0]/C
  -------------------------------------------------------------------    -------------------
    SLICE_X81Y4          FDCE (Prop_fdce_C_Q)         0.141     0.551 r  gen_cache_hpd.i_cache_subsystem/i_dcache/i_hpdcache/hpdcache_miss_handler_i/i_r_metadata_fifo/gen_fifo.wptr_q_reg[0]/Q
                         net (fo=12, routed)          0.285     0.836    gen_cache_hpd.i_cache_subsystem/i_dcache/i_hpdcache/hpdcache_miss_handler_i/i_r_metadata_fifo/gen_fifo.fifo_mem_q_reg[3][r_error]_0_3_0_0/A0
    SLICE_X82Y4          RAMD32                                       r  gen_cache_hpd.i_cache_subsystem/i_dcache/i_hpdcache/hpdcache_miss_handler_i/i_r_metadata_fifo/gen_fifo.fifo_mem_q_reg[3][r_error]_0_3_0_0/SP/WADR0
  -------------------------------------------------------------------    -------------------

                         (clock clk_i rise edge)      0.000     0.000 r  
                                                      0.000     0.000 r  clk_i (IN)
                         net (fo=6832, unset)         0.432     0.432    gen_cache_hpd.i_cache_subsystem/i_dcache/i_hpdcache/hpdcache_miss_handler_i/i_r_metadata_fifo/gen_fifo.fifo_mem_q_reg[3][r_error]_0_3_0_0/WCLK
    SLICE_X82Y4          RAMD32                                       r  gen_cache_hpd.i_cache_subsystem/i_dcache/i_hpdcache/hpdcache_miss_handler_i/i_r_metadata_fifo/gen_fifo.fifo_mem_q_reg[3][r_error]_0_3_0_0/SP/CLK
                         clock pessimism              0.000     0.432    
    SLICE_X82Y4          RAMD32 (Hold_ramd32_CLK_WADR0)
                                                      0.310     0.742    gen_cache_hpd.i_cache_subsystem/i_dcache/i_hpdcache/hpdcache_miss_handler_i/i_r_metadata_fifo/gen_fifo.fifo_mem_q_reg[3][r_error]_0_3_0_0/SP
  -------------------------------------------------------------------
                         required time                         -0.742    
                         arrival time                           0.836    
  -------------------------------------------------------------------
                         slack                                  0.095    

Slack (MET) :             0.100ns  (arrival time - required time)
  Source:                 gen_cache_hpd.i_cache_subsystem/i_cva6_icache/i_lfsr/lfsr_q_reg[1]/C
                            (rising edge-triggered cell FDPE clocked by clk_i  {rise@0.000ns fall@12.500ns period=25.000ns})
  Destination:            gen_cache_hpd.i_cache_subsystem/i_cva6_icache/i_lfsr/lfsr_q_reg[0]/D
                            (rising edge-triggered cell FDPE clocked by clk_i  {rise@0.000ns fall@12.500ns period=25.000ns})
  Path Group:             clk_i
  Path Type:              Hold (Min at Fast Process Corner)
  Requirement:            0.000ns  (clk_i rise@0.000ns - clk_i rise@0.000ns)
  Data Path Delay:        0.197ns  (logic 0.141ns (71.611%)  route 0.056ns (28.389%))
  Logic Levels:           0  
  Clock Path Skew:        0.022ns (DCD - SCD - CPR)
    Destination Clock Delay (DCD):    0.432ns
    Source Clock Delay      (SCD):    0.410ns
    Clock Pessimism Removal (CPR):    -0.000ns

    Location             Delay type                Incr(ns)  Path(ns)    Netlist Resource(s)
  -------------------------------------------------------------------    -------------------
                         (clock clk_i rise edge)      0.000     0.000 r  
                                                      0.000     0.000 r  clk_i (IN)
                         net (fo=6832, unset)         0.410     0.410    gen_cache_hpd.i_cache_subsystem/i_cva6_icache/i_lfsr/clk_i
    SLICE_X13Y9          FDPE                                         r  gen_cache_hpd.i_cache_subsystem/i_cva6_icache/i_lfsr/lfsr_q_reg[1]/C
  -------------------------------------------------------------------    -------------------
    SLICE_X13Y9          FDPE (Prop_fdpe_C_Q)         0.141     0.551 r  gen_cache_hpd.i_cache_subsystem/i_cva6_icache/i_lfsr/lfsr_q_reg[1]/Q
                         net (fo=1, routed)           0.056     0.607    gen_cache_hpd.i_cache_subsystem/i_cva6_icache/i_lfsr/lfsr_q[1]
    SLICE_X13Y9          FDPE                                         r  gen_cache_hpd.i_cache_subsystem/i_cva6_icache/i_lfsr/lfsr_q_reg[0]/D
  -------------------------------------------------------------------    -------------------

                         (clock clk_i rise edge)      0.000     0.000 r  
                                                      0.000     0.000 r  clk_i (IN)
                         net (fo=6832, unset)         0.432     0.432    gen_cache_hpd.i_cache_subsystem/i_cva6_icache/i_lfsr/clk_i
    SLICE_X13Y9          FDPE                                         r  gen_cache_hpd.i_cache_subsystem/i_cva6_icache/i_lfsr/lfsr_q_reg[0]/C
                         clock pessimism              0.000     0.432    
    SLICE_X13Y9          FDPE (Hold_fdpe_C_D)         0.075     0.507    gen_cache_hpd.i_cache_subsystem/i_cva6_icache/i_lfsr/lfsr_q_reg[0]
  -------------------------------------------------------------------
                         required time                         -0.507    
                         arrival time                           0.607    
  -------------------------------------------------------------------
                         slack                                  0.100    

Slack (MET) :             0.101ns  (arrival time - required time)
  Source:                 ex_stage_i/fpu_gen.fpu_i/fpu_gen.operand_c_q_reg[20]/C
                            (rising edge-triggered cell FDCE clocked by clk_i  {rise@0.000ns fall@12.500ns period=25.000ns})
  Destination:            ex_stage_i/fpu_gen.fpu_i/fpu_gen.i_fpnew_bulk/gen_operation_groups[0].i_opgroup_block/gen_parallel_slices[0].active_format.i_fmt_slice/gen_num_lanes[0].active_lane.lane_instance.i_fma/gen_input_pipeline[0].inp_pipe_operands_q_reg[1][2][20]/D
                            (rising edge-triggered cell FDCE clocked by clk_i  {rise@0.000ns fall@12.500ns period=25.000ns})
  Path Group:             clk_i
  Path Type:              Hold (Min at Fast Process Corner)
  Requirement:            0.000ns  (clk_i rise@0.000ns - clk_i rise@0.000ns)
  Data Path Delay:        0.242ns  (logic 0.186ns (76.826%)  route 0.056ns (23.173%))
  Logic Levels:           1  (LUT4=1)
  Clock Path Skew:        0.022ns (DCD - SCD - CPR)
    Destination Clock Delay (DCD):    0.432ns
    Source Clock Delay      (SCD):    0.410ns
    Clock Pessimism Removal (CPR):    -0.000ns

    Location             Delay type                Incr(ns)  Path(ns)    Netlist Resource(s)
  -------------------------------------------------------------------    -------------------
                         (clock clk_i rise edge)      0.000     0.000 r  
                                                      0.000     0.000 r  clk_i (IN)
                         net (fo=6832, unset)         0.410     0.410    ex_stage_i/fpu_gen.fpu_i/clk_i
    SLICE_X67Y40         FDCE                                         r  ex_stage_i/fpu_gen.fpu_i/fpu_gen.operand_c_q_reg[20]/C
  -------------------------------------------------------------------    -------------------
    SLICE_X67Y40         FDCE (Prop_fdce_C_Q)         0.141     0.551 r  ex_stage_i/fpu_gen.fpu_i/fpu_gen.operand_c_q_reg[20]/Q
                         net (fo=1, routed)           0.056     0.607    ex_stage_i/fpu_gen.fpu_i/fpu_gen.i_fpnew_bulk/gen_operation_groups[0].i_opgroup_block/gen_parallel_slices[0].active_format.i_fmt_slice/gen_num_lanes[0].active_lane.lane_instance.i_fma/gen_input_pipeline[0].inp_pipe_operands_q_reg[1][2][31]_0[20]
    SLICE_X66Y40         LUT4 (Prop_lut4_I0_O)        0.045     0.652 r  ex_stage_i/fpu_gen.fpu_i/fpu_gen.i_fpnew_bulk/gen_operation_groups[0].i_opgroup_block/gen_parallel_slices[0].active_format.i_fmt_slice/gen_num_lanes[0].active_lane.lane_instance.i_fma/gen_input_pipeline[0].inp_pipe_operands_q[1][2][20]_i_1/O
                         net (fo=1, routed)           0.000     0.652    ex_stage_i/fpu_gen.fpu_i/fpu_gen.i_fpnew_bulk/gen_operation_groups[0].i_opgroup_block/gen_parallel_slices[0].active_format.i_fmt_slice/gen_num_lanes[0].active_lane.lane_instance.i_fma/fpu_gen.fpu_operands[2]_1[20]
    SLICE_X66Y40         FDCE                                         r  ex_stage_i/fpu_gen.fpu_i/fpu_gen.i_fpnew_bulk/gen_operation_groups[0].i_opgroup_block/gen_parallel_slices[0].active_format.i_fmt_slice/gen_num_lanes[0].active_lane.lane_instance.i_fma/gen_input_pipeline[0].inp_pipe_operands_q_reg[1][2][20]/D
  -------------------------------------------------------------------    -------------------

                         (clock clk_i rise edge)      0.000     0.000 r  
                                                      0.000     0.000 r  clk_i (IN)
                         net (fo=6832, unset)         0.432     0.432    ex_stage_i/fpu_gen.fpu_i/fpu_gen.i_fpnew_bulk/gen_operation_groups[0].i_opgroup_block/gen_parallel_slices[0].active_format.i_fmt_slice/gen_num_lanes[0].active_lane.lane_instance.i_fma/clk_i
    SLICE_X66Y40         FDCE                                         r  ex_stage_i/fpu_gen.fpu_i/fpu_gen.i_fpnew_bulk/gen_operation_groups[0].i_opgroup_block/gen_parallel_slices[0].active_format.i_fmt_slice/gen_num_lanes[0].active_lane.lane_instance.i_fma/gen_input_pipeline[0].inp_pipe_operands_q_reg[1][2][20]/C
                         clock pessimism              0.000     0.432    
    SLICE_X66Y40         FDCE (Hold_fdce_C_D)         0.120     0.552    ex_stage_i/fpu_gen.fpu_i/fpu_gen.i_fpnew_bulk/gen_operation_groups[0].i_opgroup_block/gen_parallel_slices[0].active_format.i_fmt_slice/gen_num_lanes[0].active_lane.lane_instance.i_fma/gen_input_pipeline[0].inp_pipe_operands_q_reg[1][2][20]
  -------------------------------------------------------------------
                         required time                         -0.552    
                         arrival time                           0.652    
  -------------------------------------------------------------------
                         slack                                  0.101    

Slack (MET) :             0.107ns  (arrival time - required time)
  Source:                 gen_cache_hpd.i_cache_subsystem/i_axi_arbiter/i_icache_hpdcache_data_upsize/buf_q_reg[0][0][27]/C
                            (rising edge-triggered cell FDCE clocked by clk_i  {rise@0.000ns fall@12.500ns period=25.000ns})
  Destination:            gen_cache_hpd.i_cache_subsystem/i_cva6_icache/gen_sram[1].data_sram/data_sram/gen_cut[0].i_tc_sram_wrapper/i_ram/Mem_DP_reg/DIADI[27]
                            (rising edge-triggered cell RAMB36E1 clocked by clk_i  {rise@0.000ns fall@12.500ns period=25.000ns})
  Path Group:             clk_i
  Path Type:              Hold (Min at Fast Process Corner)
  Requirement:            0.000ns  (clk_i rise@0.000ns - clk_i rise@0.000ns)
  Data Path Delay:        0.284ns  (logic 0.164ns (57.744%)  route 0.120ns (42.256%))
  Logic Levels:           0  
  Clock Path Skew:        0.022ns (DCD - SCD - CPR)
    Destination Clock Delay (DCD):    0.432ns
    Source Clock Delay      (SCD):    0.410ns
    Clock Pessimism Removal (CPR):    -0.000ns

    Location             Delay type                Incr(ns)  Path(ns)    Netlist Resource(s)
  -------------------------------------------------------------------    -------------------
                         (clock clk_i rise edge)      0.000     0.000 r  
                                                      0.000     0.000 r  clk_i (IN)
                         net (fo=6832, unset)         0.410     0.410    gen_cache_hpd.i_cache_subsystem/i_axi_arbiter/i_icache_hpdcache_data_upsize/clk_i
    SLICE_X8Y4           FDCE                                         r  gen_cache_hpd.i_cache_subsystem/i_axi_arbiter/i_icache_hpdcache_data_upsize/buf_q_reg[0][0][27]/C
  -------------------------------------------------------------------    -------------------
    SLICE_X8Y4           FDCE (Prop_fdce_C_Q)         0.164     0.574 r  gen_cache_hpd.i_cache_subsystem/i_axi_arbiter/i_icache_hpdcache_data_upsize/buf_q_reg[0][0][27]/Q
                         net (fo=3, routed)           0.120     0.694    gen_cache_hpd.i_cache_subsystem/i_cva6_icache/gen_sram[1].data_sram/data_sram/gen_cut[0].i_tc_sram_wrapper/i_ram/icache_miss_resp[data][27]
    RAMB36_X0Y0          RAMB36E1                                     r  gen_cache_hpd.i_cache_subsystem/i_cva6_icache/gen_sram[1].data_sram/data_sram/gen_cut[0].i_tc_sram_wrapper/i_ram/Mem_DP_reg/DIADI[27]
  -------------------------------------------------------------------    -------------------

                         (clock clk_i rise edge)      0.000     0.000 r  
                                                      0.000     0.000 r  clk_i (IN)
                         net (fo=6832, unset)         0.432     0.432    gen_cache_hpd.i_cache_subsystem/i_cva6_icache/gen_sram[1].data_sram/data_sram/gen_cut[0].i_tc_sram_wrapper/i_ram/clk_i
    RAMB36_X0Y0          RAMB36E1                                     r  gen_cache_hpd.i_cache_subsystem/i_cva6_icache/gen_sram[1].data_sram/data_sram/gen_cut[0].i_tc_sram_wrapper/i_ram/Mem_DP_reg/CLKBWRCLK
                         clock pessimism              0.000     0.432    
    RAMB36_X0Y0          RAMB36E1 (Hold_ramb36e1_CLKBWRCLK_DIADI[27])
                                                      0.155     0.587    gen_cache_hpd.i_cache_subsystem/i_cva6_icache/gen_sram[1].data_sram/data_sram/gen_cut[0].i_tc_sram_wrapper/i_ram/Mem_DP_reg
  -------------------------------------------------------------------
                         required time                         -0.587    
                         arrival time                           0.694    
  -------------------------------------------------------------------
                         slack                                  0.107    

Slack (MET) :             0.109ns  (arrival time - required time)
  Source:                 gen_cache_hpd.i_cache_subsystem/i_axi_arbiter/i_icache_hpdcache_data_upsize/buf_q_reg[0][0][30]/C
                            (rising edge-triggered cell FDCE clocked by clk_i  {rise@0.000ns fall@12.500ns period=25.000ns})
  Destination:            gen_cache_hpd.i_cache_subsystem/i_cva6_icache/gen_sram[1].data_sram/data_sram/gen_cut[0].i_tc_sram_wrapper/i_ram/Mem_DP_reg/DIADI[30]
                            (rising edge-triggered cell RAMB36E1 clocked by clk_i  {rise@0.000ns fall@12.500ns period=25.000ns})
  Path Group:             clk_i
  Path Type:              Hold (Min at Fast Process Corner)
  Requirement:            0.000ns  (clk_i rise@0.000ns - clk_i rise@0.000ns)
  Data Path Delay:        0.285ns  (logic 0.164ns (57.508%)  route 0.121ns (42.492%))
  Logic Levels:           0  
  Clock Path Skew:        0.022ns (DCD - SCD - CPR)
    Destination Clock Delay (DCD):    0.432ns
    Source Clock Delay      (SCD):    0.410ns
    Clock Pessimism Removal (CPR):    -0.000ns

    Location             Delay type                Incr(ns)  Path(ns)    Netlist Resource(s)
  -------------------------------------------------------------------    -------------------
                         (clock clk_i rise edge)      0.000     0.000 r  
                                                      0.000     0.000 r  clk_i (IN)
                         net (fo=6832, unset)         0.410     0.410    gen_cache_hpd.i_cache_subsystem/i_axi_arbiter/i_icache_hpdcache_data_upsize/clk_i
    SLICE_X8Y2           FDCE                                         r  gen_cache_hpd.i_cache_subsystem/i_axi_arbiter/i_icache_hpdcache_data_upsize/buf_q_reg[0][0][30]/C
  -------------------------------------------------------------------    -------------------
    SLICE_X8Y2           FDCE (Prop_fdce_C_Q)         0.164     0.574 r  gen_cache_hpd.i_cache_subsystem/i_axi_arbiter/i_icache_hpdcache_data_upsize/buf_q_reg[0][0][30]/Q
                         net (fo=3, routed)           0.121     0.695    gen_cache_hpd.i_cache_subsystem/i_cva6_icache/gen_sram[1].data_sram/data_sram/gen_cut[0].i_tc_sram_wrapper/i_ram/icache_miss_resp[data][30]
    RAMB36_X0Y0          RAMB36E1                                     r  gen_cache_hpd.i_cache_subsystem/i_cva6_icache/gen_sram[1].data_sram/data_sram/gen_cut[0].i_tc_sram_wrapper/i_ram/Mem_DP_reg/DIADI[30]
  -------------------------------------------------------------------    -------------------

                         (clock clk_i rise edge)      0.000     0.000 r  
                                                      0.000     0.000 r  clk_i (IN)
                         net (fo=6832, unset)         0.432     0.432    gen_cache_hpd.i_cache_subsystem/i_cva6_icache/gen_sram[1].data_sram/data_sram/gen_cut[0].i_tc_sram_wrapper/i_ram/clk_i
    RAMB36_X0Y0          RAMB36E1                                     r  gen_cache_hpd.i_cache_subsystem/i_cva6_icache/gen_sram[1].data_sram/data_sram/gen_cut[0].i_tc_sram_wrapper/i_ram/Mem_DP_reg/CLKBWRCLK
                         clock pessimism              0.000     0.432    
    RAMB36_X0Y0          RAMB36E1 (Hold_ramb36e1_CLKBWRCLK_DIADI[30])
                                                      0.155     0.587    gen_cache_hpd.i_cache_subsystem/i_cva6_icache/gen_sram[1].data_sram/data_sram/gen_cut[0].i_tc_sram_wrapper/i_ram/Mem_DP_reg
  -------------------------------------------------------------------
                         required time                         -0.587    
                         arrival time                           0.695    
  -------------------------------------------------------------------
                         slack                                  0.109    

Slack (MET) :             0.109ns  (arrival time - required time)
  Source:                 gen_cache_hpd.i_cache_subsystem/i_axi_arbiter/i_icache_hpdcache_data_upsize/buf_q_reg[0][0][59]/C
                            (rising edge-triggered cell FDCE clocked by clk_i  {rise@0.000ns fall@12.500ns period=25.000ns})
  Destination:            gen_cache_hpd.i_cache_subsystem/i_cva6_icache/gen_sram[1].data_sram/data_sram/gen_cut[0].i_tc_sram_wrapper/i_ram/Mem_DP_reg/DIBDI[27]
                            (rising edge-triggered cell RAMB36E1 clocked by clk_i  {rise@0.000ns fall@12.500ns period=25.000ns})
  Path Group:             clk_i
  Path Type:              Hold (Min at Fast Process Corner)
  Requirement:            0.000ns  (clk_i rise@0.000ns - clk_i rise@0.000ns)
  Data Path Delay:        0.285ns  (logic 0.164ns (57.508%)  route 0.121ns (42.492%))
  Logic Levels:           0  
  Clock Path Skew:        0.022ns (DCD - SCD - CPR)
    Destination Clock Delay (DCD):    0.432ns
    Source Clock Delay      (SCD):    0.410ns
    Clock Pessimism Removal (CPR):    -0.000ns

    Location             Delay type                Incr(ns)  Path(ns)    Netlist Resource(s)
  -------------------------------------------------------------------    -------------------
                         (clock clk_i rise edge)      0.000     0.000 r  
                                                      0.000     0.000 r  clk_i (IN)
                         net (fo=6832, unset)         0.410     0.410    gen_cache_hpd.i_cache_subsystem/i_axi_arbiter/i_icache_hpdcache_data_upsize/clk_i
    SLICE_X8Y4           FDCE                                         r  gen_cache_hpd.i_cache_subsystem/i_axi_arbiter/i_icache_hpdcache_data_upsize/buf_q_reg[0][0][59]/C
  -------------------------------------------------------------------    -------------------
    SLICE_X8Y4           FDCE (Prop_fdce_C_Q)         0.164     0.574 r  gen_cache_hpd.i_cache_subsystem/i_axi_arbiter/i_icache_hpdcache_data_upsize/buf_q_reg[0][0][59]/Q
                         net (fo=3, routed)           0.121     0.695    gen_cache_hpd.i_cache_subsystem/i_cva6_icache/gen_sram[1].data_sram/data_sram/gen_cut[0].i_tc_sram_wrapper/i_ram/icache_miss_resp[data][59]
    RAMB36_X0Y0          RAMB36E1                                     r  gen_cache_hpd.i_cache_subsystem/i_cva6_icache/gen_sram[1].data_sram/data_sram/gen_cut[0].i_tc_sram_wrapper/i_ram/Mem_DP_reg/DIBDI[27]
  -------------------------------------------------------------------    -------------------

                         (clock clk_i rise edge)      0.000     0.000 r  
                                                      0.000     0.000 r  clk_i (IN)
                         net (fo=6832, unset)         0.432     0.432    gen_cache_hpd.i_cache_subsystem/i_cva6_icache/gen_sram[1].data_sram/data_sram/gen_cut[0].i_tc_sram_wrapper/i_ram/clk_i
    RAMB36_X0Y0          RAMB36E1                                     r  gen_cache_hpd.i_cache_subsystem/i_cva6_icache/gen_sram[1].data_sram/data_sram/gen_cut[0].i_tc_sram_wrapper/i_ram/Mem_DP_reg/CLKBWRCLK
                         clock pessimism              0.000     0.432    
    RAMB36_X0Y0          RAMB36E1 (Hold_ramb36e1_CLKBWRCLK_DIBDI[27])
                                                      0.155     0.587    gen_cache_hpd.i_cache_subsystem/i_cva6_icache/gen_sram[1].data_sram/data_sram/gen_cut[0].i_tc_sram_wrapper/i_ram/Mem_DP_reg
  -------------------------------------------------------------------
                         required time                         -0.587    
                         arrival time                           0.695    
  -------------------------------------------------------------------
                         slack                                  0.109    

Slack (MET) :             0.110ns  (arrival time - required time)
  Source:                 gen_cache_hpd.i_cache_subsystem/i_axi_arbiter/i_icache_hpdcache_data_upsize/buf_q_reg[0][1][46]/C
                            (rising edge-triggered cell FDCE clocked by clk_i  {rise@0.000ns fall@12.500ns period=25.000ns})
  Destination:            gen_cache_hpd.i_cache_subsystem/i_cva6_icache/gen_sram[0].data_sram/data_sram/gen_cut[1].i_tc_sram_wrapper/i_ram/Mem_DP_reg/DIBDI[14]
                            (rising edge-triggered cell RAMB36E1 clocked by clk_i  {rise@0.000ns fall@12.500ns period=25.000ns})
  Path Group:             clk_i
  Path Type:              Hold (Min at Fast Process Corner)
  Requirement:            0.000ns  (clk_i rise@0.000ns - clk_i rise@0.000ns)
  Data Path Delay:        0.286ns  (logic 0.164ns (57.307%)  route 0.122ns (42.693%))
  Logic Levels:           0  
  Clock Path Skew:        0.022ns (DCD - SCD - CPR)
    Destination Clock Delay (DCD):    0.432ns
    Source Clock Delay      (SCD):    0.410ns
    Clock Pessimism Removal (CPR):    -0.000ns

    Location             Delay type                Incr(ns)  Path(ns)    Netlist Resource(s)
  -------------------------------------------------------------------    -------------------
                         (clock clk_i rise edge)      0.000     0.000 r  
                                                      0.000     0.000 r  clk_i (IN)
                         net (fo=6832, unset)         0.410     0.410    gen_cache_hpd.i_cache_subsystem/i_axi_arbiter/i_icache_hpdcache_data_upsize/clk_i
    SLICE_X8Y16          FDCE                                         r  gen_cache_hpd.i_cache_subsystem/i_axi_arbiter/i_icache_hpdcache_data_upsize/buf_q_reg[0][1][46]/C
  -------------------------------------------------------------------    -------------------
    SLICE_X8Y16          FDCE (Prop_fdce_C_Q)         0.164     0.574 r  gen_cache_hpd.i_cache_subsystem/i_axi_arbiter/i_icache_hpdcache_data_upsize/buf_q_reg[0][1][46]/Q
                         net (fo=3, routed)           0.122     0.696    gen_cache_hpd.i_cache_subsystem/i_cva6_icache/gen_sram[0].data_sram/data_sram/gen_cut[1].i_tc_sram_wrapper/i_ram/icache_miss_resp[data][46]
    RAMB36_X0Y3          RAMB36E1                                     r  gen_cache_hpd.i_cache_subsystem/i_cva6_icache/gen_sram[0].data_sram/data_sram/gen_cut[1].i_tc_sram_wrapper/i_ram/Mem_DP_reg/DIBDI[14]
  -------------------------------------------------------------------    -------------------

                         (clock clk_i rise edge)      0.000     0.000 r  
                                                      0.000     0.000 r  clk_i (IN)
                         net (fo=6832, unset)         0.432     0.432    gen_cache_hpd.i_cache_subsystem/i_cva6_icache/gen_sram[0].data_sram/data_sram/gen_cut[1].i_tc_sram_wrapper/i_ram/clk_i
    RAMB36_X0Y3          RAMB36E1                                     r  gen_cache_hpd.i_cache_subsystem/i_cva6_icache/gen_sram[0].data_sram/data_sram/gen_cut[1].i_tc_sram_wrapper/i_ram/Mem_DP_reg/CLKBWRCLK
                         clock pessimism              0.000     0.432    
    RAMB36_X0Y3          RAMB36E1 (Hold_ramb36e1_CLKBWRCLK_DIBDI[14])
                                                      0.155     0.587    gen_cache_hpd.i_cache_subsystem/i_cva6_icache/gen_sram[0].data_sram/data_sram/gen_cut[1].i_tc_sram_wrapper/i_ram/Mem_DP_reg
  -------------------------------------------------------------------
                         required time                         -0.587    
                         arrival time                           0.696    
  -------------------------------------------------------------------
                         slack                                  0.110    





Pulse Width Checks
--------------------------------------------------------------------------------------
Clock Name:         clk_i
Waveform(ns):       { 0.000 12.500 }
Period(ns):         25.000
Sources:            { clk_i }

Check Type        Corner  Lib Pin             Reference Pin  Required(ns)  Actual(ns)  Slack(ns)  Location      Pin
Min Period        n/a     RAMB36E1/CLKARDCLK  n/a            2.944         25.000      22.056     RAMB36_X0Y2   gen_cache_hpd.i_cache_subsystem/i_cva6_icache/gen_sram[0].data_sram/data_sram/gen_cut[0].i_tc_sram_wrapper/i_ram/Mem_DP_reg/CLKARDCLK
Min Period        n/a     RAMB36E1/CLKBWRCLK  n/a            2.944         25.000      22.056     RAMB36_X0Y2   gen_cache_hpd.i_cache_subsystem/i_cva6_icache/gen_sram[0].data_sram/data_sram/gen_cut[0].i_tc_sram_wrapper/i_ram/Mem_DP_reg/CLKBWRCLK
Min Period        n/a     RAMB36E1/CLKARDCLK  n/a            2.944         25.000      22.056     RAMB36_X0Y3   gen_cache_hpd.i_cache_subsystem/i_cva6_icache/gen_sram[0].data_sram/data_sram/gen_cut[1].i_tc_sram_wrapper/i_ram/Mem_DP_reg/CLKARDCLK
Min Period        n/a     RAMB36E1/CLKBWRCLK  n/a            2.944         25.000      22.056     RAMB36_X0Y3   gen_cache_hpd.i_cache_subsystem/i_cva6_icache/gen_sram[0].data_sram/data_sram/gen_cut[1].i_tc_sram_wrapper/i_ram/Mem_DP_reg/CLKBWRCLK
Min Period        n/a     RAMB36E1/CLKARDCLK  n/a            2.944         25.000      22.056     RAMB36_X1Y1   gen_cache_hpd.i_cache_subsystem/i_cva6_icache/gen_sram[0].tag_sram/data_sram/gen_cut[0].i_tc_sram_wrapper/i_ram/Mem_DP_reg/CLKARDCLK
Min Period        n/a     RAMB36E1/CLKBWRCLK  n/a            2.944         25.000      22.056     RAMB36_X1Y1   gen_cache_hpd.i_cache_subsystem/i_cva6_icache/gen_sram[0].tag_sram/data_sram/gen_cut[0].i_tc_sram_wrapper/i_ram/Mem_DP_reg/CLKBWRCLK
Min Period        n/a     RAMB36E1/CLKARDCLK  n/a            2.944         25.000      22.056     RAMB36_X0Y0   gen_cache_hpd.i_cache_subsystem/i_cva6_icache/gen_sram[1].data_sram/data_sram/gen_cut[0].i_tc_sram_wrapper/i_ram/Mem_DP_reg/CLKARDCLK
Min Period        n/a     RAMB36E1/CLKBWRCLK  n/a            2.944         25.000      22.056     RAMB36_X0Y0   gen_cache_hpd.i_cache_subsystem/i_cva6_icache/gen_sram[1].data_sram/data_sram/gen_cut[0].i_tc_sram_wrapper/i_ram/Mem_DP_reg/CLKBWRCLK
Min Period        n/a     RAMB36E1/CLKARDCLK  n/a            2.944         25.000      22.056     RAMB36_X0Y1   gen_cache_hpd.i_cache_subsystem/i_cva6_icache/gen_sram[1].data_sram/data_sram/gen_cut[1].i_tc_sram_wrapper/i_ram/Mem_DP_reg/CLKARDCLK
Min Period        n/a     RAMB36E1/CLKBWRCLK  n/a            2.944         25.000      22.056     RAMB36_X0Y1   gen_cache_hpd.i_cache_subsystem/i_cva6_icache/gen_sram[1].data_sram/data_sram/gen_cut[1].i_tc_sram_wrapper/i_ram/Mem_DP_reg/CLKBWRCLK
Low Pulse Width   Slow    RAMD64E/CLK         n/a            1.250         12.500      11.250     SLICE_X26Y11  bht_gen.i_bht/gen_fpga_bht.gen_bht_ram[0].i_bht_ram/mem_reg_r1_0_63_0_2/RAMA/CLK
Low Pulse Width   Fast    RAMD64E/CLK         n/a            1.250         12.500      11.250     SLICE_X26Y11  bht_gen.i_bht/gen_fpga_bht.gen_bht_ram[0].i_bht_ram/mem_reg_r1_0_63_0_2/RAMA/CLK
Low Pulse Width   Slow    RAMD64E/CLK         n/a            1.250         12.500      11.250     SLICE_X26Y11  bht_gen.i_bht/gen_fpga_bht.gen_bht_ram[0].i_bht_ram/mem_reg_r1_0_63_0_2/RAMB/CLK
Low Pulse Width   Fast    RAMD64E/CLK         n/a            1.250         12.500      11.250     SLICE_X26Y11  bht_gen.i_bht/gen_fpga_bht.gen_bht_ram[0].i_bht_ram/mem_reg_r1_0_63_0_2/RAMB/CLK
Low Pulse Width   Slow    RAMD64E/CLK         n/a            1.250         12.500      11.250     SLICE_X26Y11  bht_gen.i_bht/gen_fpga_bht.gen_bht_ram[0].i_bht_ram/mem_reg_r1_0_63_0_2/RAMC/CLK
Low Pulse Width   Fast    RAMD64E/CLK         n/a            1.250         12.500      11.250     SLICE_X26Y11  bht_gen.i_bht/gen_fpga_bht.gen_bht_ram[0].i_bht_ram/mem_reg_r1_0_63_0_2/RAMC/CLK
Low Pulse Width   Slow    RAMD64E/CLK         n/a            1.250         12.500      11.250     SLICE_X26Y11  bht_gen.i_bht/gen_fpga_bht.gen_bht_ram[0].i_bht_ram/mem_reg_r1_0_63_0_2/RAMD/CLK
Low Pulse Width   Fast    RAMD64E/CLK         n/a            1.250         12.500      11.250     SLICE_X26Y11  bht_gen.i_bht/gen_fpga_bht.gen_bht_ram[0].i_bht_ram/mem_reg_r1_0_63_0_2/RAMD/CLK
Low Pulse Width   Slow    RAMD64E/CLK         n/a            1.250         12.500      11.250     SLICE_X26Y12  bht_gen.i_bht/gen_fpga_bht.gen_bht_ram[0].i_bht_ram/mem_reg_r1_64_127_0_2/RAMA/CLK
Low Pulse Width   Fast    RAMD64E/CLK         n/a            1.250         12.500      11.250     SLICE_X26Y12  bht_gen.i_bht/gen_fpga_bht.gen_bht_ram[0].i_bht_ram/mem_reg_r1_64_127_0_2/RAMA/CLK
High Pulse Width  Slow    RAMD64E/CLK         n/a            1.250         12.500      11.250     SLICE_X26Y11  bht_gen.i_bht/gen_fpga_bht.gen_bht_ram[0].i_bht_ram/mem_reg_r1_0_63_0_2/RAMA/CLK
High Pulse Width  Fast    RAMD64E/CLK         n/a            1.250         12.500      11.250     SLICE_X26Y11  bht_gen.i_bht/gen_fpga_bht.gen_bht_ram[0].i_bht_ram/mem_reg_r1_0_63_0_2/RAMA/CLK
High Pulse Width  Slow    RAMD64E/CLK         n/a            1.250         12.500      11.250     SLICE_X26Y11  bht_gen.i_bht/gen_fpga_bht.gen_bht_ram[0].i_bht_ram/mem_reg_r1_0_63_0_2/RAMB/CLK
High Pulse Width  Fast    RAMD64E/CLK         n/a            1.250         12.500      11.250     SLICE_X26Y11  bht_gen.i_bht/gen_fpga_bht.gen_bht_ram[0].i_bht_ram/mem_reg_r1_0_63_0_2/RAMB/CLK
High Pulse Width  Slow    RAMD64E/CLK         n/a            1.250         12.500      11.250     SLICE_X26Y11  bht_gen.i_bht/gen_fpga_bht.gen_bht_ram[0].i_bht_ram/mem_reg_r1_0_63_0_2/RAMC/CLK
High Pulse Width  Fast    RAMD64E/CLK         n/a            1.250         12.500      11.250     SLICE_X26Y11  bht_gen.i_bht/gen_fpga_bht.gen_bht_ram[0].i_bht_ram/mem_reg_r1_0_63_0_2/RAMC/CLK
High Pulse Width  Slow    RAMD64E/CLK         n/a            1.250         12.500      11.250     SLICE_X26Y11  bht_gen.i_bht/gen_fpga_bht.gen_bht_ram[0].i_bht_ram/mem_reg_r1_0_63_0_2/RAMD/CLK
High Pulse Width  Fast    RAMD64E/CLK         n/a            1.250         12.500      11.250     SLICE_X26Y11  bht_gen.i_bht/gen_fpga_bht.gen_bht_ram[0].i_bht_ram/mem_reg_r1_0_63_0_2/RAMD/CLK
High Pulse Width  Slow    RAMD64E/CLK         n/a            1.250         12.500      11.250     SLICE_X26Y12  bht_gen.i_bht/gen_fpga_bht.gen_bht_ram[0].i_bht_ram/mem_reg_r1_64_127_0_2/RAMA/CLK
High Pulse Width  Fast    RAMD64E/CLK         n/a            1.250         12.500      11.250     SLICE_X26Y12  bht_gen.i_bht/gen_fpga_bht.gen_bht_ram[0].i_bht_ram/mem_reg_r1_64_127_0_2/RAMA/CLK



--------------------------------------------------------------------------------------
Path Group:  (none)
From Clock:  
  To Clock:  

Max Delay            36 Endpoints
Min Delay            36 Endpoints
--------------------------------------------------------------------------------------


Max Delay Paths
--------------------------------------------------------------------------------------
Slack:                    inf
  Source:                 noc_resp_i[r][id][1]
                            (input port)
  Destination:            noc_req_o[r_ready]
                            (output port)
  Path Group:             (none)
  Path Type:              Max at Slow Process Corner
  Data Path Delay:        6.784ns  (logic 0.832ns (12.264%)  route 5.952ns (87.736%))
  Logic Levels:           3  (LUT4=1 LUT5=1 LUT6=1)

    Location             Delay type                Incr(ns)  Path(ns)    Netlist Resource(s)
  -------------------------------------------------------------------    -------------------
                                                      0.000     0.000 f  noc_resp_i[r][id][1] (IN)
                         net (fo=106, unset)          0.973     0.973    gen_cache_hpd.i_cache_subsystem/i_dcache/i_hpdcache/hpdcache_miss_handler_i/i_data_resize/gen_noresize.fifo_i/noc_resp_i[r][id][1]
    SLICE_X81Y3          LUT5 (Prop_lut5_I0_O)        0.152     1.125 r  gen_cache_hpd.i_cache_subsystem/i_dcache/i_hpdcache/hpdcache_miss_handler_i/i_data_resize/gen_noresize.fifo_i/noc_req_o[r_ready]_INST_0_i_2/O
                         net (fo=7, routed)           1.025     2.150    gen_cache_hpd.i_cache_subsystem/i_dcache/i_hpdcache/hpdcache_miss_handler_i/i_data_resize/gen_noresize.fifo_i/mem_resp_read_miss_ready
    SLICE_X81Y4          LUT4 (Prop_lut4_I3_O)        0.354     2.504 r  gen_cache_hpd.i_cache_subsystem/i_dcache/i_hpdcache/hpdcache_miss_handler_i/i_data_resize/gen_noresize.fifo_i/noc_req_o[r_ready]_INST_0_i_1/O
                         net (fo=1, routed)           2.981     5.485    gen_cache_hpd.i_cache_subsystem/i_axi_arbiter/i_icache_refill_meta_fifo/gen_buffer.i_sync_buffer/dcache_read_resp_ready
    SLICE_X22Y7          LUT6 (Prop_lut6_I2_O)        0.326     5.811 r  gen_cache_hpd.i_cache_subsystem/i_axi_arbiter/i_icache_refill_meta_fifo/gen_buffer.i_sync_buffer/noc_req_o[r_ready]_INST_0/O
                         net (fo=0)                   0.973     6.784    noc_req_o[r_ready]
                                                                      r  noc_req_o[r_ready] (OUT)
  -------------------------------------------------------------------    -------------------

Slack:                    inf
  Source:                 hart_id_i[6]
                            (input port)
  Destination:            rvfi_probes_o[instr][wdata][0][6]
                            (output port)
  Path Group:             (none)
  Path Type:              Max at Slow Process Corner
  Data Path Delay:        6.315ns  (logic 0.496ns (7.854%)  route 5.819ns (92.146%))
  Logic Levels:           4  (LUT3=1 LUT5=1 LUT6=2)

    Location             Delay type                Incr(ns)  Path(ns)    Netlist Resource(s)
  -------------------------------------------------------------------    -------------------
                                                      0.000     0.000 r  hart_id_i[6] (IN)
                         net (fo=0)                   0.973     0.973    ex_stage_i/csr_buffer_i/hart_id_i[6]
    SLICE_X33Y15         LUT5 (Prop_lut5_I2_O)        0.124     1.097 r  ex_stage_i/csr_buffer_i/rvfi_probes_o[instr][wdata][0][6]_INST_0_i_14/O
                         net (fo=1, routed)           0.809     1.906    ex_stage_i/csr_buffer_i/rvfi_probes_o[instr][wdata][0][6]_INST_0_i_14_n_0
    SLICE_X33Y21         LUT6 (Prop_lut6_I3_O)        0.124     2.030 r  ex_stage_i/csr_buffer_i/rvfi_probes_o[instr][wdata][0][6]_INST_0_i_4/O
                         net (fo=1, routed)           1.184     3.213    ex_stage_i/csr_buffer_i/rvfi_probes_o[instr][wdata][0][6]_INST_0_i_4_n_0
    SLICE_X30Y17         LUT6 (Prop_lut6_I3_O)        0.124     3.337 r  ex_stage_i/csr_buffer_i/rvfi_probes_o[instr][wdata][0][6]_INST_0_i_1/O
                         net (fo=2, routed)           1.881     5.218    issue_stage_i/i_scoreboard/csr_rdata_csr_commit[6]
    SLICE_X55Y23         LUT3 (Prop_lut3_I2_O)        0.124     5.342 r  issue_stage_i/i_scoreboard/rvfi_probes_o[instr][wdata][0][6]_INST_0/O
                         net (fo=6, unset)            0.973     6.315    rvfi_probes_o[instr][wdata][0][6]
                                                                      r  rvfi_probes_o[instr][wdata][0][6] (OUT)
  -------------------------------------------------------------------    -------------------

Slack:                    inf
  Source:                 hart_id_i[7]
                            (input port)
  Destination:            rvfi_probes_o[instr][wdata][0][7]
                            (output port)
  Path Group:             (none)
  Path Type:              Max at Slow Process Corner
  Data Path Delay:        6.295ns  (logic 0.620ns (9.849%)  route 5.675ns (90.152%))
  Logic Levels:           5  (LUT4=1 LUT5=1 LUT6=3)

    Location             Delay type                Incr(ns)  Path(ns)    Netlist Resource(s)
  -------------------------------------------------------------------    -------------------
                                                      0.000     0.000 r  hart_id_i[7] (IN)
                         net (fo=0)                   0.973     0.973    ex_stage_i/csr_buffer_i/hart_id_i[7]
    SLICE_X35Y13         LUT6 (Prop_lut6_I1_O)        0.124     1.097 r  ex_stage_i/csr_buffer_i/dscratch0_q[7]_i_16/O
                         net (fo=1, routed)           0.450     1.547    ex_stage_i/csr_buffer_i/dscratch0_q[7]_i_16_n_0
    SLICE_X37Y14         LUT5 (Prop_lut5_I0_O)        0.124     1.671 r  ex_stage_i/csr_buffer_i/dscratch0_q[7]_i_10/O
                         net (fo=1, routed)           1.034     2.705    ex_stage_i/csr_buffer_i/dscratch0_q[7]_i_10_n_0
    SLICE_X40Y17         LUT6 (Prop_lut6_I0_O)        0.124     2.829 r  ex_stage_i/csr_buffer_i/dscratch0_q[7]_i_4/O
                         net (fo=2, routed)           1.080     3.909    ex_stage_i/csr_buffer_i/dscratch0_q[7]_i_4_n_0
    SLICE_X33Y19         LUT6 (Prop_lut6_I3_O)        0.124     4.033 r  ex_stage_i/csr_buffer_i/rvfi_probes_o[instr][wdata][0][7]_INST_0_i_1/O
                         net (fo=1, routed)           1.165     5.198    issue_stage_i/i_scoreboard/csr_rdata[0]
    SLICE_X46Y20         LUT4 (Prop_lut4_I3_O)        0.124     5.322 r  issue_stage_i/i_scoreboard/rvfi_probes_o[instr][wdata][0][7]_INST_0/O
                         net (fo=6, unset)            0.973     6.295    rvfi_probes_o[instr][wdata][0][7]
                                                                      r  rvfi_probes_o[instr][wdata][0][7] (OUT)
  -------------------------------------------------------------------    -------------------

Slack:                    inf
  Source:                 hart_id_i[20]
                            (input port)
  Destination:            rvfi_probes_o[instr][wdata][0][20]
                            (output port)
  Path Group:             (none)
  Path Type:              Max at Slow Process Corner
  Data Path Delay:        5.944ns  (logic 0.496ns (8.345%)  route 5.448ns (91.655%))
  Logic Levels:           4  (LUT3=1 LUT4=1 LUT5=1 LUT6=1)

    Location             Delay type                Incr(ns)  Path(ns)    Netlist Resource(s)
  -------------------------------------------------------------------    -------------------
                                                      0.000     0.000 r  hart_id_i[20] (IN)
                         net (fo=0)                   0.973     0.973    ex_stage_i/csr_buffer_i/hart_id_i[20]
    SLICE_X36Y18         LUT4 (Prop_lut4_I2_O)        0.124     1.097 r  ex_stage_i/csr_buffer_i/rvfi_probes_o[instr][wdata][0][20]_INST_0_i_9/O
                         net (fo=1, routed)           1.076     2.173    csr_regfile_i/rvfi_probes_o[instr][wdata][0][20]_INST_0_i_1
    SLICE_X36Y28         LUT6 (Prop_lut6_I3_O)        0.124     2.297 r  csr_regfile_i/rvfi_probes_o[instr][wdata][0][20]_INST_0_i_3/O
                         net (fo=1, routed)           1.194     3.491    ex_stage_i/csr_buffer_i/dcsr_q_reg[zero2][20]
    SLICE_X37Y34         LUT5 (Prop_lut5_I2_O)        0.124     3.615 r  ex_stage_i/csr_buffer_i/rvfi_probes_o[instr][wdata][0][20]_INST_0_i_1/O
                         net (fo=2, routed)           1.232     4.847    issue_stage_i/i_scoreboard/csr_rdata_csr_commit[19]
    SLICE_X55Y34         LUT3 (Prop_lut3_I2_O)        0.124     4.971 r  issue_stage_i/i_scoreboard/rvfi_probes_o[instr][wdata][0][20]_INST_0/O
                         net (fo=6, unset)            0.973     5.944    rvfi_probes_o[instr][wdata][0][20]
                                                                      r  rvfi_probes_o[instr][wdata][0][20] (OUT)
  -------------------------------------------------------------------    -------------------

Slack:                    inf
  Source:                 hart_id_i[26]
                            (input port)
  Destination:            rvfi_probes_o[instr][wdata][0][26]
                            (output port)
  Path Group:             (none)
  Path Type:              Max at Slow Process Corner
  Data Path Delay:        5.897ns  (logic 0.722ns (12.244%)  route 5.175ns (87.756%))
  Logic Levels:           4  (LUT3=1 LUT5=1 LUT6=2)

    Location             Delay type                Incr(ns)  Path(ns)    Netlist Resource(s)
  -------------------------------------------------------------------    -------------------
                                                      0.000     0.000 r  hart_id_i[26] (IN)
                         net (fo=0)                   0.973     0.973    ex_stage_i/csr_buffer_i/hart_id_i[26]
    SLICE_X36Y24         LUT5 (Prop_lut5_I1_O)        0.146     1.119 r  ex_stage_i/csr_buffer_i/rvfi_probes_o[instr][wdata][0][26]_INST_0_i_16/O
                         net (fo=1, routed)           1.182     2.301    ex_stage_i/csr_buffer_i/rvfi_probes_o[instr][wdata][0][26]_INST_0_i_16_n_0
    SLICE_X39Y29         LUT6 (Prop_lut6_I3_O)        0.328     2.629 r  ex_stage_i/csr_buffer_i/rvfi_probes_o[instr][wdata][0][26]_INST_0_i_4/O
                         net (fo=1, routed)           0.897     3.526    ex_stage_i/csr_buffer_i/rvfi_probes_o[instr][wdata][0][26]_INST_0_i_4_n_0
    SLICE_X39Y33         LUT6 (Prop_lut6_I3_O)        0.124     3.650 r  ex_stage_i/csr_buffer_i/rvfi_probes_o[instr][wdata][0][26]_INST_0_i_1/O
                         net (fo=2, routed)           1.150     4.800    issue_stage_i/i_scoreboard/csr_rdata_csr_commit[25]
    SLICE_X53Y37         LUT3 (Prop_lut3_I2_O)        0.124     4.924 r  issue_stage_i/i_scoreboard/rvfi_probes_o[instr][wdata][0][26]_INST_0/O
                         net (fo=6, unset)            0.973     5.897    rvfi_probes_o[instr][wdata][0][26]
                                                                      r  rvfi_probes_o[instr][wdata][0][26] (OUT)
  -------------------------------------------------------------------    -------------------

Slack:                    inf
  Source:                 hart_id_i[2]
                            (input port)
  Destination:            rvfi_probes_o[instr][wdata][0][2]
                            (output port)
  Path Group:             (none)
  Path Type:              Max at Slow Process Corner
  Data Path Delay:        5.754ns  (logic 0.496ns (8.619%)  route 5.258ns (91.381%))
  Logic Levels:           4  (LUT3=1 LUT5=1 LUT6=2)

    Location             Delay type                Incr(ns)  Path(ns)    Netlist Resource(s)
  -------------------------------------------------------------------    -------------------
                                                      0.000     0.000 r  hart_id_i[2] (IN)
                         net (fo=0)                   0.973     0.973    ex_stage_i/csr_buffer_i/hart_id_i[2]
    SLICE_X37Y12         LUT6 (Prop_lut6_I1_O)        0.124     1.097 r  ex_stage_i/csr_buffer_i/rvfi_probes_o[instr][wdata][0][2]_INST_0_i_10/O
                         net (fo=1, routed)           0.636     1.733    ex_stage_i/csr_buffer_i/rvfi_probes_o[instr][wdata][0][2]_INST_0_i_10_n_0
    SLICE_X37Y10         LUT5 (Prop_lut5_I0_O)        0.124     1.857 r  ex_stage_i/csr_buffer_i/rvfi_probes_o[instr][wdata][0][2]_INST_0_i_4/O
                         net (fo=1, routed)           1.344     3.202    csr_regfile_i/fcsr_q_reg[fprec][2]_1
    SLICE_X32Y19         LUT6 (Prop_lut6_I3_O)        0.124     3.326 r  csr_regfile_i/rvfi_probes_o[instr][wdata][0][2]_INST_0_i_1/O
                         net (fo=2, routed)           1.332     4.657    issue_stage_i/i_scoreboard/csr_rdata_csr_commit[2]
    SLICE_X51Y22         LUT3 (Prop_lut3_I2_O)        0.124     4.781 r  issue_stage_i/i_scoreboard/rvfi_probes_o[instr][wdata][0][2]_INST_0/O
                         net (fo=6, unset)            0.973     5.754    rvfi_probes_o[instr][wdata][0][2]
                                                                      r  rvfi_probes_o[instr][wdata][0][2] (OUT)
  -------------------------------------------------------------------    -------------------

Slack:                    inf
  Source:                 hart_id_i[21]
                            (input port)
  Destination:            rvfi_probes_o[instr][wdata][0][21]
                            (output port)
  Path Group:             (none)
  Path Type:              Max at Slow Process Corner
  Data Path Delay:        5.720ns  (logic 0.496ns (8.671%)  route 5.224ns (91.329%))
  Logic Levels:           4  (LUT3=1 LUT5=1 LUT6=2)

    Location             Delay type                Incr(ns)  Path(ns)    Netlist Resource(s)
  -------------------------------------------------------------------    -------------------
                                                      0.000     0.000 r  hart_id_i[21] (IN)
                         net (fo=0)                   0.973     0.973    ex_stage_i/csr_buffer_i/hart_id_i[21]
    SLICE_X36Y22         LUT5 (Prop_lut5_I2_O)        0.124     1.097 r  ex_stage_i/csr_buffer_i/rvfi_probes_o[instr][wdata][0][21]_INST_0_i_11/O
                         net (fo=1, routed)           0.995     2.092    ex_stage_i/csr_buffer_i/rvfi_probes_o[instr][wdata][0][21]_INST_0_i_11_n_0
    SLICE_X39Y31         LUT6 (Prop_lut6_I3_O)        0.124     2.216 r  ex_stage_i/csr_buffer_i/rvfi_probes_o[instr][wdata][0][21]_INST_0_i_4/O
                         net (fo=1, routed)           1.130     3.345    ex_stage_i/csr_buffer_i/rvfi_probes_o[instr][wdata][0][21]_INST_0_i_4_n_0
    SLICE_X39Y35         LUT6 (Prop_lut6_I3_O)        0.124     3.469 r  ex_stage_i/csr_buffer_i/rvfi_probes_o[instr][wdata][0][21]_INST_0_i_1/O
                         net (fo=2, routed)           1.154     4.623    issue_stage_i/i_scoreboard/csr_rdata_csr_commit[20]
    SLICE_X53Y35         LUT3 (Prop_lut3_I2_O)        0.124     4.747 r  issue_stage_i/i_scoreboard/rvfi_probes_o[instr][wdata][0][21]_INST_0/O
                         net (fo=6, unset)            0.973     5.720    rvfi_probes_o[instr][wdata][0][21]
                                                                      r  rvfi_probes_o[instr][wdata][0][21] (OUT)
  -------------------------------------------------------------------    -------------------

Slack:                    inf
  Source:                 hart_id_i[23]
                            (input port)
  Destination:            rvfi_probes_o[instr][wdata][0][23]
                            (output port)
  Path Group:             (none)
  Path Type:              Max at Slow Process Corner
  Data Path Delay:        5.684ns  (logic 0.496ns (8.726%)  route 5.188ns (91.274%))
  Logic Levels:           4  (LUT3=1 LUT4=1 LUT5=1 LUT6=1)

    Location             Delay type                Incr(ns)  Path(ns)    Netlist Resource(s)
  -------------------------------------------------------------------    -------------------
                                                      0.000     0.000 r  hart_id_i[23] (IN)
                         net (fo=0)                   0.973     0.973    ex_stage_i/csr_buffer_i/hart_id_i[23]
    SLICE_X36Y20         LUT4 (Prop_lut4_I2_O)        0.124     1.097 r  ex_stage_i/csr_buffer_i/rvfi_probes_o[instr][wdata][0][23]_INST_0_i_9/O
                         net (fo=1, routed)           0.725     1.822    csr_regfile_i/rvfi_probes_o[instr][wdata][0][23]_INST_0_i_1_0
    SLICE_X36Y27         LUT6 (Prop_lut6_I3_O)        0.124     1.946 r  csr_regfile_i/rvfi_probes_o[instr][wdata][0][23]_INST_0_i_3/O
                         net (fo=1, routed)           1.193     3.139    ex_stage_i/csr_buffer_i/dcsr_q_reg[zero2][23]
    SLICE_X36Y33         LUT5 (Prop_lut5_I2_O)        0.124     3.263 r  ex_stage_i/csr_buffer_i/rvfi_probes_o[instr][wdata][0][23]_INST_0_i_1/O
                         net (fo=2, routed)           1.324     4.587    issue_stage_i/i_scoreboard/csr_rdata_csr_commit[22]
    SLICE_X53Y35         LUT3 (Prop_lut3_I2_O)        0.124     4.711 r  issue_stage_i/i_scoreboard/rvfi_probes_o[instr][wdata][0][23]_INST_0/O
                         net (fo=6, unset)            0.973     5.684    rvfi_probes_o[instr][wdata][0][23]
                                                                      r  rvfi_probes_o[instr][wdata][0][23] (OUT)
  -------------------------------------------------------------------    -------------------

Slack:                    inf
  Source:                 hart_id_i[12]
                            (input port)
  Destination:            rvfi_probes_o[instr][wdata][0][12]
                            (output port)
  Path Group:             (none)
  Path Type:              Max at Slow Process Corner
  Data Path Delay:        5.635ns  (logic 0.496ns (8.801%)  route 5.139ns (91.199%))
  Logic Levels:           4  (LUT3=1 LUT4=1 LUT6=2)

    Location             Delay type                Incr(ns)  Path(ns)    Netlist Resource(s)
  -------------------------------------------------------------------    -------------------
                                                      0.000     0.000 r  hart_id_i[12] (IN)
                         net (fo=0)                   0.973     0.973    ex_stage_i/csr_buffer_i/hart_id_i[12]
    SLICE_X36Y15         LUT4 (Prop_lut4_I2_O)        0.124     1.097 r  ex_stage_i/csr_buffer_i/rvfi_probes_o[instr][wdata][0][12]_INST_0_i_10/O
                         net (fo=1, routed)           0.507     1.604    csr_regfile_i/rvfi_probes_o[instr][wdata][0][12]_INST_0_i_1
    SLICE_X36Y22         LUT6 (Prop_lut6_I3_O)        0.124     1.728 r  csr_regfile_i/rvfi_probes_o[instr][wdata][0][12]_INST_0_i_5/O
                         net (fo=1, routed)           1.080     2.807    ex_stage_i/csr_buffer_i/dcsr_q_reg[ebreaku]
    SLICE_X30Y22         LUT6 (Prop_lut6_I4_O)        0.124     2.931 r  ex_stage_i/csr_buffer_i/rvfi_probes_o[instr][wdata][0][12]_INST_0_i_1/O
                         net (fo=2, routed)           1.607     4.538    issue_stage_i/i_scoreboard/csr_rdata_csr_commit[11]
    SLICE_X53Y24         LUT3 (Prop_lut3_I2_O)        0.124     4.662 r  issue_stage_i/i_scoreboard/rvfi_probes_o[instr][wdata][0][12]_INST_0/O
                         net (fo=6, unset)            0.973     5.635    rvfi_probes_o[instr][wdata][0][12]
                                                                      r  rvfi_probes_o[instr][wdata][0][12] (OUT)
  -------------------------------------------------------------------    -------------------

Slack:                    inf
  Source:                 hart_id_i[17]
                            (input port)
  Destination:            rvfi_probes_o[instr][wdata][0][17]
                            (output port)
  Path Group:             (none)
  Path Type:              Max at Slow Process Corner
  Data Path Delay:        5.594ns  (logic 0.722ns (12.907%)  route 4.872ns (87.093%))
  Logic Levels:           4  (LUT3=1 LUT5=1 LUT6=2)

    Location             Delay type                Incr(ns)  Path(ns)    Netlist Resource(s)
  -------------------------------------------------------------------    -------------------
                                                      0.000     0.000 r  hart_id_i[17] (IN)
                         net (fo=0)                   0.973     0.973    ex_stage_i/csr_buffer_i/hart_id_i[17]
    SLICE_X36Y19         LUT5 (Prop_lut5_I1_O)        0.146     1.119 r  ex_stage_i/csr_buffer_i/rvfi_probes_o[instr][wdata][0][17]_INST_0_i_13/O
                         net (fo=1, routed)           1.034     2.153    ex_stage_i/csr_buffer_i/rvfi_probes_o[instr][wdata][0][17]_INST_0_i_13_n_0
    SLICE_X39Y25         LUT6 (Prop_lut6_I3_O)        0.328     2.481 r  ex_stage_i/csr_buffer_i/rvfi_probes_o[instr][wdata][0][17]_INST_0_i_4/O
                         net (fo=1, routed)           0.999     3.479    ex_stage_i/csr_buffer_i/rvfi_probes_o[instr][wdata][0][17]_INST_0_i_4_n_0
    SLICE_X39Y29         LUT6 (Prop_lut6_I3_O)        0.124     3.603 r  ex_stage_i/csr_buffer_i/rvfi_probes_o[instr][wdata][0][17]_INST_0_i_1/O
                         net (fo=2, routed)           0.894     4.497    issue_stage_i/i_scoreboard/csr_rdata_csr_commit[16]
    SLICE_X51Y30         LUT3 (Prop_lut3_I2_O)        0.124     4.621 r  issue_stage_i/i_scoreboard/rvfi_probes_o[instr][wdata][0][17]_INST_0/O
                         net (fo=6, unset)            0.973     5.594    rvfi_probes_o[instr][wdata][0][17]
                                                                      r  rvfi_probes_o[instr][wdata][0][17] (OUT)
  -------------------------------------------------------------------    -------------------





Min Delay Paths
--------------------------------------------------------------------------------------
Slack:                    inf
  Source:                 noc_resp_i[b_valid]
                            (input port)
  Destination:            noc_req_o[b_ready]
                            (output port)
  Path Group:             (none)
  Path Type:              Min at Fast Process Corner
  Data Path Delay:        0.410ns  (logic 0.000ns (0.000%)  route 0.410ns (100.000%))
  Logic Levels:           0  

    Location             Delay type                Incr(ns)  Path(ns)    Netlist Resource(s)
  -------------------------------------------------------------------    -------------------
                                                      0.000     0.000 r  noc_resp_i[b_valid] (IN)
                         net (fo=3, unset)            0.410     0.410    noc_resp_i[b_valid]
                                                                      r  noc_req_o[b_ready] (OUT)
  -------------------------------------------------------------------    -------------------

Slack:                    inf
  Source:                 noc_resp_i[r][last]
                            (input port)
  Destination:            noc_req_o[r_ready]
                            (output port)
  Path Group:             (none)
  Path Type:              Min at Fast Process Corner
  Data Path Delay:        0.865ns  (logic 0.045ns (5.201%)  route 0.820ns (94.799%))
  Logic Levels:           1  (LUT6=1)

    Location             Delay type                Incr(ns)  Path(ns)    Netlist Resource(s)
  -------------------------------------------------------------------    -------------------
                                                      0.000     0.000 f  noc_resp_i[r][last] (IN)
                         net (fo=4, unset)            0.410     0.410    gen_cache_hpd.i_cache_subsystem/i_axi_arbiter/i_icache_refill_meta_fifo/gen_buffer.i_sync_buffer/noc_resp_i[r][last]
    SLICE_X22Y7          LUT6 (Prop_lut6_I4_O)        0.045     0.455 r  gen_cache_hpd.i_cache_subsystem/i_axi_arbiter/i_icache_refill_meta_fifo/gen_buffer.i_sync_buffer/noc_req_o[r_ready]_INST_0/O
                         net (fo=0)                   0.410     0.865    noc_req_o[r_ready]
                                                                      r  noc_req_o[r_ready] (OUT)
  -------------------------------------------------------------------    -------------------

Slack:                    inf
  Source:                 noc_resp_i[w_ready]
                            (input port)
  Destination:            noc_req_o[aw_valid]
                            (output port)
  Path Group:             (none)
  Path Type:              Min at Fast Process Corner
  Data Path Delay:        1.267ns  (logic 0.153ns (12.074%)  route 1.114ns (87.926%))
  Logic Levels:           2  (LUT3=1 LUT5=1)

    Location             Delay type                Incr(ns)  Path(ns)    Netlist Resource(s)
  -------------------------------------------------------------------    -------------------
                                                      0.000     0.000 r  noc_resp_i[w_ready] (IN)
                         net (fo=9, unset)            0.410     0.410    gen_cache_hpd.i_cache_subsystem/i_dcache/i_hpdcache/hpdcache_mem_req_write_arbiter_i/req_gnt_fifo_i/noc_resp_i[w_ready]
    SLICE_X83Y0          LUT5 (Prop_lut5_I0_O)        0.043     0.453 r  gen_cache_hpd.i_cache_subsystem/i_dcache/i_hpdcache/hpdcache_mem_req_write_arbiter_i/req_gnt_fifo_i/noc_req_o[aw_valid]_INST_0_i_2/O
                         net (fo=7, routed)           0.294     0.747    gen_cache_hpd.i_cache_subsystem/i_dcache/i_hpdcache/hpdcache_mem_req_write_arbiter_i/hpdcache_fxarb_mem_req_write_i/noc_req_o[aw_valid]_0
    SLICE_X80Y0          LUT3 (Prop_lut3_I1_O)        0.110     0.857 r  gen_cache_hpd.i_cache_subsystem/i_dcache/i_hpdcache/hpdcache_mem_req_write_arbiter_i/hpdcache_fxarb_mem_req_write_i/noc_req_o[aw_valid]_INST_0/O
                         net (fo=0)                   0.410     1.267    noc_req_o[aw_valid]
                                                                      r  noc_req_o[aw_valid] (OUT)
  -------------------------------------------------------------------    -------------------

Slack:                    inf
  Source:                 noc_resp_i[aw_ready]
                            (input port)
  Destination:            noc_req_o[w_valid]
                            (output port)
  Path Group:             (none)
  Path Type:              Min at Fast Process Corner
  Data Path Delay:        1.553ns  (logic 0.199ns (12.817%)  route 1.354ns (87.183%))
  Logic Levels:           3  (LUT2=1 LUT6=2)

    Location             Delay type                Incr(ns)  Path(ns)    Netlist Resource(s)
  -------------------------------------------------------------------    -------------------
                                                      0.000     0.000 r  noc_resp_i[aw_ready] (IN)
                         net (fo=7, unset)            0.410     0.410    gen_cache_hpd.i_cache_subsystem/i_dcache/i_hpdcache/hpdcache_mem_req_write_arbiter_i/req_fifo_i/gen_buffer.i_sync_buffer/noc_resp_i[aw_ready]
    SLICE_X80Y2          LUT2 (Prop_lut2_I0_O)        0.044     0.454 r  gen_cache_hpd.i_cache_subsystem/i_dcache/i_hpdcache/hpdcache_mem_req_write_arbiter_i/req_fifo_i/gen_buffer.i_sync_buffer/noc_req_o[w_valid]_INST_0_i_5/O
                         net (fo=7, routed)           0.363     0.818    gen_cache_hpd.i_cache_subsystem/i_dcache/i_hpdcache/hpdcache_mem_req_write_arbiter_i/req_gnt_fifo_i/gen_fifo.wptr_q_reg[0]_1
    SLICE_X85Y2          LUT6 (Prop_lut6_I4_O)        0.110     0.928 r  gen_cache_hpd.i_cache_subsystem/i_dcache/i_hpdcache/hpdcache_mem_req_write_arbiter_i/req_gnt_fifo_i/noc_req_o[w_valid]_INST_0_i_3/O
                         net (fo=2, routed)           0.170     1.097    gen_cache_hpd.i_cache_subsystem/i_dcache/i_hpdcache/gen_wbuf.hpdcache_wbuf_i/send_data_ptr_fifo_i/noc_req_o[w_valid]_2
    SLICE_X84Y2          LUT6 (Prop_lut6_I5_O)        0.045     1.142 r  gen_cache_hpd.i_cache_subsystem/i_dcache/i_hpdcache/gen_wbuf.hpdcache_wbuf_i/send_data_ptr_fifo_i/noc_req_o[w_valid]_INST_0/O
                         net (fo=0)                   0.410     1.553    noc_req_o[w_valid]
                                                                      r  noc_req_o[w_valid] (OUT)
  -------------------------------------------------------------------    -------------------

Slack:                    inf
  Source:                 hart_id_i[0]
                            (input port)
  Destination:            rvfi_probes_o[instr][wdata][0][0]
                            (output port)
  Path Group:             (none)
  Path Type:              Min at Fast Process Corner
  Data Path Delay:        1.623ns  (logic 0.180ns (11.093%)  route 1.443ns (88.907%))
  Logic Levels:           4  (LUT3=1 LUT6=3)

    Location             Delay type                Incr(ns)  Path(ns)    Netlist Resource(s)
  -------------------------------------------------------------------    -------------------
                                                      0.000     0.000 r  hart_id_i[0] (IN)
                         net (fo=0)                   0.410     0.410    ex_stage_i/csr_buffer_i/hart_id_i[0]
    SLICE_X36Y16         LUT6 (Prop_lut6_I5_O)        0.045     0.455 r  ex_stage_i/csr_buffer_i/rvfi_probes_o[instr][wdata][0][0]_INST_0_i_14/O
                         net (fo=1, routed)           0.105     0.560    ex_stage_i/csr_buffer_i/rvfi_probes_o[instr][wdata][0][0]_INST_0_i_14_n_0
    SLICE_X37Y16         LUT6 (Prop_lut6_I5_O)        0.045     0.605 r  ex_stage_i/csr_buffer_i/rvfi_probes_o[instr][wdata][0][0]_INST_0_i_5/O
                         net (fo=1, routed)           0.221     0.827    ex_stage_i/csr_buffer_i/rvfi_probes_o[instr][wdata][0][0]_INST_0_i_5_n_0
    SLICE_X36Y16         LUT6 (Prop_lut6_I4_O)        0.045     0.872 r  ex_stage_i/csr_buffer_i/rvfi_probes_o[instr][wdata][0][0]_INST_0_i_1/O
                         net (fo=4, routed)           0.296     1.167    issue_stage_i/i_scoreboard/csr_rdata_csr_commit[0]
    SLICE_X46Y20         LUT3 (Prop_lut3_I2_O)        0.045     1.212 r  issue_stage_i/i_scoreboard/rvfi_probes_o[instr][wdata][0][0]_INST_0/O
                         net (fo=6, unset)            0.410     1.623    rvfi_probes_o[instr][wdata][0][0]
                                                                      r  rvfi_probes_o[instr][wdata][0][0] (OUT)
  -------------------------------------------------------------------    -------------------

Slack:                    inf
  Source:                 hart_id_i[31]
                            (input port)
  Destination:            rvfi_probes_o[instr][wdata][0][31]
                            (output port)
  Path Group:             (none)
  Path Type:              Min at Fast Process Corner
  Data Path Delay:        1.701ns  (logic 0.180ns (10.582%)  route 1.521ns (89.418%))
  Logic Levels:           4  (LUT4=2 LUT5=1 LUT6=1)

    Location             Delay type                Incr(ns)  Path(ns)    Netlist Resource(s)
  -------------------------------------------------------------------    -------------------
                                                      0.000     0.000 r  hart_id_i[31] (IN)
                         net (fo=0)                   0.410     0.410    ex_stage_i/csr_buffer_i/hart_id_i[31]
    SLICE_X37Y20         LUT5 (Prop_lut5_I0_O)        0.045     0.455 r  ex_stage_i/csr_buffer_i/dscratch0_q[31]_i_17/O
                         net (fo=2, routed)           0.226     0.681    ex_stage_i/csr_buffer_i/dscratch0_q[31]_i_17_n_0
    SLICE_X37Y18         LUT4 (Prop_lut4_I3_O)        0.045     0.726 r  ex_stage_i/csr_buffer_i/rvfi_probes_o[instr][wdata][0][31]_INST_0_i_10/O
                         net (fo=1, routed)           0.082     0.808    ex_stage_i/csr_buffer_i/rvfi_probes_o[instr][wdata][0][31]_INST_0_i_10_n_0
    SLICE_X37Y18         LUT6 (Prop_lut6_I2_O)        0.045     0.853 r  ex_stage_i/csr_buffer_i/rvfi_probes_o[instr][wdata][0][31]_INST_0_i_3/O
                         net (fo=1, routed)           0.392     1.246    issue_stage_i/i_scoreboard/csr_rdata[1]
    SLICE_X46Y20         LUT4 (Prop_lut4_I3_O)        0.045     1.291 r  issue_stage_i/i_scoreboard/rvfi_probes_o[instr][wdata][0][31]_INST_0/O
                         net (fo=6, unset)            0.410     1.701    rvfi_probes_o[instr][wdata][0][31]
                                                                      r  rvfi_probes_o[instr][wdata][0][31] (OUT)
  -------------------------------------------------------------------    -------------------

Slack:                    inf
  Source:                 hart_id_i[30]
                            (input port)
  Destination:            rvfi_probes_o[instr][wdata][0][30]
                            (output port)
  Path Group:             (none)
  Path Type:              Min at Fast Process Corner
  Data Path Delay:        1.701ns  (logic 0.180ns (10.579%)  route 1.521ns (89.421%))
  Logic Levels:           4  (LUT3=1 LUT5=2 LUT6=1)

    Location             Delay type                Incr(ns)  Path(ns)    Netlist Resource(s)
  -------------------------------------------------------------------    -------------------
                                                      0.000     0.000 r  hart_id_i[30] (IN)
                         net (fo=0)                   0.410     0.410    ex_stage_i/csr_buffer_i/hart_id_i[30]
    SLICE_X37Y22         LUT5 (Prop_lut5_I2_O)        0.045     0.455 r  ex_stage_i/csr_buffer_i/rvfi_probes_o[instr][wdata][0][30]_INST_0_i_19/O
                         net (fo=1, routed)           0.212     0.667    ex_stage_i/csr_buffer_i/rvfi_probes_o[instr][wdata][0][30]_INST_0_i_19_n_0
    SLICE_X38Y29         LUT6 (Prop_lut6_I3_O)        0.045     0.712 r  ex_stage_i/csr_buffer_i/rvfi_probes_o[instr][wdata][0][30]_INST_0_i_5/O
                         net (fo=1, routed)           0.122     0.834    ex_stage_i/csr_buffer_i/rvfi_probes_o[instr][wdata][0][30]_INST_0_i_5_n_0
    SLICE_X38Y29         LUT5 (Prop_lut5_I3_O)        0.045     0.879 r  ex_stage_i/csr_buffer_i/rvfi_probes_o[instr][wdata][0][30]_INST_0_i_1/O
                         net (fo=2, routed)           0.367     1.246    issue_stage_i/i_scoreboard/csr_rdata_csr_commit[29]
    SLICE_X49Y32         LUT3 (Prop_lut3_I2_O)        0.045     1.291 r  issue_stage_i/i_scoreboard/rvfi_probes_o[instr][wdata][0][30]_INST_0/O
                         net (fo=6, unset)            0.410     1.701    rvfi_probes_o[instr][wdata][0][30]
                                                                      r  rvfi_probes_o[instr][wdata][0][30] (OUT)
  -------------------------------------------------------------------    -------------------

Slack:                    inf
  Source:                 hart_id_i[13]
                            (input port)
  Destination:            rvfi_probes_o[instr][wdata][0][13]
                            (output port)
  Path Group:             (none)
  Path Type:              Min at Fast Process Corner
  Data Path Delay:        1.715ns  (logic 0.180ns (10.493%)  route 1.535ns (89.507%))
  Logic Levels:           4  (LUT3=1 LUT5=2 LUT6=1)

    Location             Delay type                Incr(ns)  Path(ns)    Netlist Resource(s)
  -------------------------------------------------------------------    -------------------
                                                      0.000     0.000 r  hart_id_i[13] (IN)
                         net (fo=0)                   0.410     0.410    ex_stage_i/csr_buffer_i/hart_id_i[13]
    SLICE_X36Y22         LUT5 (Prop_lut5_I2_O)        0.045     0.455 r  ex_stage_i/csr_buffer_i/rvfi_probes_o[instr][wdata][0][13]_INST_0_i_12/O
                         net (fo=1, routed)           0.163     0.618    ex_stage_i/csr_buffer_i/rvfi_probes_o[instr][wdata][0][13]_INST_0_i_12_n_0
    SLICE_X40Y23         LUT6 (Prop_lut6_I3_O)        0.045     0.663 r  ex_stage_i/csr_buffer_i/rvfi_probes_o[instr][wdata][0][13]_INST_0_i_4/O
                         net (fo=1, routed)           0.137     0.801    ex_stage_i/csr_buffer_i/rvfi_probes_o[instr][wdata][0][13]_INST_0_i_4_n_0
    SLICE_X40Y23         LUT5 (Prop_lut5_I3_O)        0.045     0.846 r  ex_stage_i/csr_buffer_i/rvfi_probes_o[instr][wdata][0][13]_INST_0_i_1/O
                         net (fo=2, routed)           0.415     1.260    issue_stage_i/i_scoreboard/csr_rdata_csr_commit[12]
    SLICE_X55Y23         LUT3 (Prop_lut3_I2_O)        0.045     1.305 r  issue_stage_i/i_scoreboard/rvfi_probes_o[instr][wdata][0][13]_INST_0/O
                         net (fo=6, unset)            0.410     1.715    rvfi_probes_o[instr][wdata][0][13]
                                                                      r  rvfi_probes_o[instr][wdata][0][13] (OUT)
  -------------------------------------------------------------------    -------------------

Slack:                    inf
  Source:                 hart_id_i[3]
                            (input port)
  Destination:            rvfi_probes_o[instr][wdata][0][3]
                            (output port)
  Path Group:             (none)
  Path Type:              Min at Fast Process Corner
  Data Path Delay:        1.718ns  (logic 0.180ns (10.480%)  route 1.538ns (89.520%))
  Logic Levels:           4  (LUT3=1 LUT4=1 LUT5=1 LUT6=1)

    Location             Delay type                Incr(ns)  Path(ns)    Netlist Resource(s)
  -------------------------------------------------------------------    -------------------
                                                      0.000     0.000 r  hart_id_i[3] (IN)
                         net (fo=0)                   0.410     0.410    ex_stage_i/csr_buffer_i/hart_id_i[3]
    SLICE_X34Y21         LUT4 (Prop_lut4_I0_O)        0.045     0.455 r  ex_stage_i/csr_buffer_i/rvfi_probes_o[instr][wdata][0][3]_INST_0_i_10/O
                         net (fo=1, routed)           0.089     0.544    ex_stage_i/csr_buffer_i/rvfi_probes_o[instr][wdata][0][3]_INST_0_i_10_n_0
    SLICE_X34Y21         LUT5 (Prop_lut5_I1_O)        0.045     0.589 r  ex_stage_i/csr_buffer_i/rvfi_probes_o[instr][wdata][0][3]_INST_0_i_3/O
                         net (fo=1, routed)           0.184     0.773    ex_stage_i/csr_buffer_i/rvfi_probes_o[instr][wdata][0][3]_INST_0_i_3_n_0
    SLICE_X36Y20         LUT6 (Prop_lut6_I2_O)        0.045     0.818 r  ex_stage_i/csr_buffer_i/rvfi_probes_o[instr][wdata][0][3]_INST_0_i_1/O
                         net (fo=2, routed)           0.444     1.262    issue_stage_i/i_scoreboard/csr_rdata_csr_commit[3]
    SLICE_X53Y22         LUT3 (Prop_lut3_I2_O)        0.045     1.307 r  issue_stage_i/i_scoreboard/rvfi_probes_o[instr][wdata][0][3]_INST_0/O
                         net (fo=6, unset)            0.410     1.718    rvfi_probes_o[instr][wdata][0][3]
                                                                      r  rvfi_probes_o[instr][wdata][0][3] (OUT)
  -------------------------------------------------------------------    -------------------

Slack:                    inf
  Source:                 hart_id_i[10]
                            (input port)
  Destination:            rvfi_probes_o[instr][wdata][0][10]
                            (output port)
  Path Group:             (none)
  Path Type:              Min at Fast Process Corner
  Data Path Delay:        1.720ns  (logic 0.135ns (7.849%)  route 1.585ns (92.151%))
  Logic Levels:           3  (LUT3=1 LUT6=2)

    Location             Delay type                Incr(ns)  Path(ns)    Netlist Resource(s)
  -------------------------------------------------------------------    -------------------
                                                      0.000     0.000 r  hart_id_i[10] (IN)
                         net (fo=0)                   0.410     0.410    ex_stage_i/csr_buffer_i/hart_id_i[10]
    SLICE_X35Y13         LUT6 (Prop_lut6_I3_O)        0.045     0.455 r  ex_stage_i/csr_buffer_i/rvfi_probes_o[instr][wdata][0][10]_INST_0_i_4/O
                         net (fo=1, routed)           0.335     0.790    ex_stage_i/csr_buffer_i/rvfi_probes_o[instr][wdata][0][10]_INST_0_i_4_n_0
    SLICE_X34Y15         LUT6 (Prop_lut6_I3_O)        0.045     0.835 r  ex_stage_i/csr_buffer_i/rvfi_probes_o[instr][wdata][0][10]_INST_0_i_1/O
                         net (fo=4, routed)           0.430     1.265    issue_stage_i/i_scoreboard/csr_rdata_csr_commit[9]
    SLICE_X46Y20         LUT3 (Prop_lut3_I2_O)        0.045     1.310 r  issue_stage_i/i_scoreboard/rvfi_probes_o[instr][wdata][0][10]_INST_0/O
                         net (fo=6, unset)            0.410     1.720    rvfi_probes_o[instr][wdata][0][10]
                                                                      r  rvfi_probes_o[instr][wdata][0][10] (OUT)
  -------------------------------------------------------------------    -------------------





--------------------------------------------------------------------------------------
Path Group:  (none)
From Clock:  clk_i
  To Clock:  

Max Delay          1342 Endpoints
Min Delay          1342 Endpoints
--------------------------------------------------------------------------------------


Max Delay Paths
--------------------------------------------------------------------------------------
Slack:                    inf
  Source:                 ex_stage_i/fpu_gen.fpu_i/fpu_gen.i_fpnew_bulk/gen_operation_groups[3].i_opgroup_block/gen_merged_slice.i_multifmt_slice/gen_num_lanes[0].active_lane.lane_instance.i_fpnew_cast_multi/gen_inside_pipeline[0].mid_pipe_dst_fmt_q_reg[1][2]/C
                            (rising edge-triggered cell FDCE clocked by clk_i  {rise@0.000ns fall@12.500ns period=25.000ns})
  Destination:            rvfi_probes_o[instr][rs1][0][13]
                            (output port)
  Path Group:             (none)
  Path Type:              Max at Slow Process Corner
  Data Path Delay:        26.797ns  (logic 8.518ns (31.787%)  route 18.279ns (68.213%))
  Logic Levels:           39  (CARRY4=12 LUT1=1 LUT2=2 LUT3=3 LUT4=3 LUT5=3 LUT6=15)
  Clock Uncertainty:      0.025ns  ((TSJ^2 + TIJ^2)^1/2 + DJ) / 2 + PE
    Total System Jitter     (TSJ):    0.050ns
    Total Input Jitter      (TIJ):    0.000ns
    Discrete Jitter          (DJ):    0.000ns
    Phase Error              (PE):    0.000ns

    Location             Delay type                Incr(ns)  Path(ns)    Netlist Resource(s)
  -------------------------------------------------------------------    -------------------
                         (clock clk_i rise edge)      0.000     0.000 r  
                                                      0.000     0.000 r  clk_i (IN)
                         net (fo=6832, unset)         0.973     0.973    ex_stage_i/fpu_gen.fpu_i/fpu_gen.i_fpnew_bulk/gen_operation_groups[3].i_opgroup_block/gen_merged_slice.i_multifmt_slice/gen_num_lanes[0].active_lane.lane_instance.i_fpnew_cast_multi/clk_i
    SLICE_X85Y28         FDCE                                         r  ex_stage_i/fpu_gen.fpu_i/fpu_gen.i_fpnew_bulk/gen_operation_groups[3].i_opgroup_block/gen_merged_slice.i_multifmt_slice/gen_num_lanes[0].active_lane.lane_instance.i_fpnew_cast_multi/gen_inside_pipeline[0].mid_pipe_dst_fmt_q_reg[1][2]/C
  -------------------------------------------------------------------    -------------------
    SLICE_X85Y28         FDCE (Prop_fdce_C_Q)         0.456     1.429 r  ex_stage_i/fpu_gen.fpu_i/fpu_gen.i_fpnew_bulk/gen_operation_groups[3].i_opgroup_block/gen_merged_slice.i_multifmt_slice/gen_num_lanes[0].active_lane.lane_instance.i_fpnew_cast_multi/gen_inside_pipeline[0].mid_pipe_dst_fmt_q_reg[1][2]/Q
                         net (fo=147, routed)         0.494     1.923    ex_stage_i/fpu_gen.fpu_i/fpu_gen.i_fpnew_bulk/gen_operation_groups[3].i_opgroup_block/gen_merged_slice.i_multifmt_slice/gen_num_lanes[0].active_lane.lane_instance.i_fpnew_cast_multi/gen_inside_pipeline[0].mid_pipe_dst_fmt_q_reg_n_0_[1][2]
    SLICE_X84Y28         LUT3 (Prop_lut3_I0_O)        0.124     2.047 r  ex_stage_i/fpu_gen.fpu_i/fpu_gen.i_fpnew_bulk/gen_operation_groups[3].i_opgroup_block/gen_merged_slice.i_multifmt_slice/gen_num_lanes[0].active_lane.lane_instance.i_fpnew_cast_multi/of_before_round1__7_carry_i_1/O
                         net (fo=8, routed)           0.344     2.391    ex_stage_i/fpu_gen.fpu_i/fpu_gen.i_fpnew_bulk/gen_operation_groups[3].i_opgroup_block/gen_merged_slice.i_multifmt_slice/gen_num_lanes[0].active_lane.lane_instance.i_fpnew_cast_multi/of_before_round1__7_carry_i_1_n_0
    SLICE_X85Y29         CARRY4 (Prop_carry4_CYINIT_CO[3])
                                                      0.580     2.971 r  ex_stage_i/fpu_gen.fpu_i/fpu_gen.i_fpnew_bulk/gen_operation_groups[3].i_opgroup_block/gen_merged_slice.i_multifmt_slice/gen_num_lanes[0].active_lane.lane_instance.i_fpnew_cast_multi/of_before_round1__7_carry/CO[3]
                         net (fo=5, routed)           1.003     3.974    ex_stage_i/fpu_gen.fpu_i/fpu_gen.i_fpnew_bulk/gen_operation_groups[3].i_opgroup_block/gen_merged_slice.i_multifmt_slice/gen_num_lanes[0].active_lane.lane_instance.i_fpnew_cast_multi/of_before_round1__7_carry_n_0
    SLICE_X82Y29         CARRY4 (Prop_carry4_CYINIT_CO[2])
                                                      0.608     4.582 r  ex_stage_i/fpu_gen.fpu_i/fpu_gen.i_fpnew_bulk/gen_operation_groups[3].i_opgroup_block/gen_merged_slice.i_multifmt_slice/gen_num_lanes[0].active_lane.lane_instance.i_fpnew_cast_multi/of_before_round0_carry__0_i_9/CO[2]
                         net (fo=20, routed)          0.689     5.271    ex_stage_i/fpu_gen.fpu_i/fpu_gen.i_fpnew_bulk/gen_operation_groups[3].i_opgroup_block/gen_merged_slice.i_multifmt_slice/gen_num_lanes[0].active_lane.lane_instance.i_fpnew_cast_multi/of_before_round0_carry__0_i_9_n_1
    SLICE_X83Y31         LUT2 (Prop_lut2_I0_O)        0.310     5.581 r  ex_stage_i/fpu_gen.fpu_i/fpu_gen.i_fpnew_bulk/gen_operation_groups[3].i_opgroup_block/gen_merged_slice.i_multifmt_slice/gen_num_lanes[0].active_lane.lane_instance.i_fpnew_cast_multi/of_before_round0_carry__1_i_7/O
                         net (fo=1, routed)           0.000     5.581    ex_stage_i/fpu_gen.fpu_i/fpu_gen.i_fpnew_bulk/gen_operation_groups[3].i_opgroup_block/gen_merged_slice.i_multifmt_slice/gen_num_lanes[0].active_lane.lane_instance.i_fpnew_cast_multi/of_before_round0_carry__1_i_7_n_0
    SLICE_X83Y31         CARRY4 (Prop_carry4_S[1]_CO[3])
                                                      0.550     6.131 r  ex_stage_i/fpu_gen.fpu_i/fpu_gen.i_fpnew_bulk/gen_operation_groups[3].i_opgroup_block/gen_merged_slice.i_multifmt_slice/gen_num_lanes[0].active_lane.lane_instance.i_fpnew_cast_multi/of_before_round0_carry__1/CO[3]
                         net (fo=1, routed)           0.000     6.131    ex_stage_i/fpu_gen.fpu_i/fpu_gen.i_fpnew_bulk/gen_operation_groups[3].i_opgroup_block/gen_merged_slice.i_multifmt_slice/gen_num_lanes[0].active_lane.lane_instance.i_fpnew_cast_multi/of_before_round0_carry__1_n_0
    SLICE_X83Y32         CARRY4 (Prop_carry4_CI_CO[3])
                                                      0.114     6.245 f  ex_stage_i/fpu_gen.fpu_i/fpu_gen.i_fpnew_bulk/gen_operation_groups[3].i_opgroup_block/gen_merged_slice.i_multifmt_slice/gen_num_lanes[0].active_lane.lane_instance.i_fpnew_cast_multi/of_before_round0_carry__2/CO[3]
                         net (fo=34, routed)          1.047     7.292    ex_stage_i/fpu_gen.fpu_i/fpu_gen.i_fpnew_bulk/gen_operation_groups[3].i_opgroup_block/gen_merged_slice.i_multifmt_slice/gen_num_lanes[0].active_lane.lane_instance.i_fpnew_cast_multi/of_before_round0__16
    SLICE_X86Y32         LUT3 (Prop_lut3_I0_O)        0.124     7.416 r  ex_stage_i/fpu_gen.fpu_i/fpu_gen.i_fpnew_bulk/gen_operation_groups[3].i_opgroup_block/gen_merged_slice.i_multifmt_slice/gen_num_lanes[0].active_lane.lane_instance.i_fpnew_cast_multi/rvfi_probes_o[instr][wbdata][3][30]_INST_0_i_146/O
                         net (fo=7, routed)           0.463     7.879    ex_stage_i/fpu_gen.fpu_i/fpu_gen.i_fpnew_bulk/gen_operation_groups[3].i_opgroup_block/gen_merged_slice.i_multifmt_slice/gen_num_lanes[0].active_lane.lane_instance.i_fpnew_cast_multi/rvfi_probes_o[instr][wbdata][3][30]_INST_0_i_146_n_0
    SLICE_X86Y33         LUT6 (Prop_lut6_I3_O)        0.124     8.003 r  ex_stage_i/fpu_gen.fpu_i/fpu_gen.i_fpnew_bulk/gen_operation_groups[3].i_opgroup_block/gen_merged_slice.i_multifmt_slice/gen_num_lanes[0].active_lane.lane_instance.i_fpnew_cast_multi/rvfi_probes_o[instr][wbdata][3][30]_INST_0_i_140/O
                         net (fo=87, routed)          1.139     9.141    ex_stage_i/fpu_gen.fpu_i/fpu_gen.i_fpnew_bulk/gen_operation_groups[3].i_opgroup_block/gen_merged_slice.i_multifmt_slice/gen_num_lanes[0].active_lane.lane_instance.i_fpnew_cast_multi/rvfi_probes_o[instr][wbdata][3][30]_INST_0_i_140_n_0
    SLICE_X87Y37         LUT6 (Prop_lut6_I5_O)        0.124     9.265 r  ex_stage_i/fpu_gen.fpu_i/fpu_gen.i_fpnew_bulk/gen_operation_groups[3].i_opgroup_block/gen_merged_slice.i_multifmt_slice/gen_num_lanes[0].active_lane.lane_instance.i_fpnew_cast_multi/mem_q[0][sbe][ex][cause][1]_i_101/O
                         net (fo=2, routed)           0.606     9.872    ex_stage_i/fpu_gen.fpu_i/fpu_gen.i_fpnew_bulk/gen_operation_groups[3].i_opgroup_block/gen_merged_slice.i_multifmt_slice/gen_num_lanes[0].active_lane.lane_instance.i_fpnew_cast_multi/mem_q[0][sbe][ex][cause][1]_i_101_n_0
    SLICE_X86Y37         LUT4 (Prop_lut4_I3_O)        0.124     9.996 r  ex_stage_i/fpu_gen.fpu_i/fpu_gen.i_fpnew_bulk/gen_operation_groups[3].i_opgroup_block/gen_merged_slice.i_multifmt_slice/gen_num_lanes[0].active_lane.lane_instance.i_fpnew_cast_multi/mem_q[0][sbe][ex][cause][1]_i_58/O
                         net (fo=3, routed)           0.641    10.637    ex_stage_i/fpu_gen.fpu_i/fpu_gen.i_fpnew_bulk/gen_operation_groups[3].i_opgroup_block/gen_merged_slice.i_multifmt_slice/gen_num_lanes[0].active_lane.lane_instance.i_fpnew_cast_multi/mem_q[0][sbe][ex][cause][1]_i_58_n_0
    SLICE_X83Y36         LUT5 (Prop_lut5_I3_O)        0.124    10.761 r  ex_stage_i/fpu_gen.fpu_i/fpu_gen.i_fpnew_bulk/gen_operation_groups[3].i_opgroup_block/gen_merged_slice.i_multifmt_slice/gen_num_lanes[0].active_lane.lane_instance.i_fpnew_cast_multi/mem_q[0][sbe][ex][cause][1]_i_68/O
                         net (fo=2, routed)           0.814    11.575    ex_stage_i/fpu_gen.fpu_i/fpu_gen.i_fpnew_bulk/gen_operation_groups[3].i_opgroup_block/gen_merged_slice.i_multifmt_slice/gen_num_lanes[0].active_lane.lane_instance.i_fpnew_cast_multi/mem_q[0][sbe][ex][cause][1]_i_68_n_0
    SLICE_X82Y36         LUT3 (Prop_lut3_I2_O)        0.146    11.721 r  ex_stage_i/fpu_gen.fpu_i/fpu_gen.i_fpnew_bulk/gen_operation_groups[3].i_opgroup_block/gen_merged_slice.i_multifmt_slice/gen_num_lanes[0].active_lane.lane_instance.i_fpnew_cast_multi/mem_q[0][sbe][ex][cause][1]_i_44/O
                         net (fo=2, routed)           0.844    12.565    ex_stage_i/fpu_gen.fpu_i/fpu_gen.i_fpnew_bulk/gen_operation_groups[3].i_opgroup_block/gen_merged_slice.i_multifmt_slice/gen_num_lanes[0].active_lane.lane_instance.i_fpnew_cast_multi/mem_q[0][sbe][ex][cause][1]_i_44_n_0
    SLICE_X81Y35         LUT6 (Prop_lut6_I4_O)        0.328    12.893 r  ex_stage_i/fpu_gen.fpu_i/fpu_gen.i_fpnew_bulk/gen_operation_groups[3].i_opgroup_block/gen_merged_slice.i_multifmt_slice/gen_num_lanes[0].active_lane.lane_instance.i_fpnew_cast_multi/mem_q[0][sbe][ex][cause][1]_i_27/O
                         net (fo=1, routed)           0.797    13.690    ex_stage_i/fpu_gen.fpu_i/fpu_gen.i_fpnew_bulk/gen_operation_groups[3].i_opgroup_block/gen_merged_slice.i_multifmt_slice/gen_num_lanes[0].active_lane.lane_instance.i_fpnew_cast_multi/mem_q[0][sbe][ex][cause][1]_i_27_n_0
    SLICE_X81Y36         LUT6 (Prop_lut6_I0_O)        0.124    13.814 f  ex_stage_i/fpu_gen.fpu_i/fpu_gen.i_fpnew_bulk/gen_operation_groups[3].i_opgroup_block/gen_merged_slice.i_multifmt_slice/gen_num_lanes[0].active_lane.lane_instance.i_fpnew_cast_multi/mem_q[0][sbe][ex][cause][1]_i_18/O
                         net (fo=4, routed)           0.464    14.277    ex_stage_i/fpu_gen.fpu_i/fpu_gen.i_fpnew_bulk/gen_operation_groups[3].i_opgroup_block/gen_merged_slice.i_multifmt_slice/gen_num_lanes[0].active_lane.lane_instance.i_fpnew_cast_multi/mem_q[0][sbe][ex][cause][1]_i_18_n_0
    SLICE_X80Y34         LUT4 (Prop_lut4_I3_O)        0.124    14.401 r  ex_stage_i/fpu_gen.fpu_i/fpu_gen.i_fpnew_bulk/gen_operation_groups[3].i_opgroup_block/gen_merged_slice.i_multifmt_slice/gen_num_lanes[0].active_lane.lane_instance.i_fpnew_cast_multi/rvfi_probes_o[instr][wbdata][3][0]_INST_0_i_52/O
                         net (fo=2, routed)           0.510    14.911    ex_stage_i/fpu_gen.fpu_i/fpu_gen.i_fpnew_bulk/gen_operation_groups[3].i_opgroup_block/gen_merged_slice.i_multifmt_slice/gen_num_lanes[0].active_lane.lane_instance.i_fpnew_cast_multi/rvfi_probes_o[instr][wbdata][3][0]_INST_0_i_52_n_0
    SLICE_X79Y30         LUT2 (Prop_lut2_I0_O)        0.124    15.035 r  ex_stage_i/fpu_gen.fpu_i/fpu_gen.i_fpnew_bulk/gen_operation_groups[3].i_opgroup_block/gen_merged_slice.i_multifmt_slice/gen_num_lanes[0].active_lane.lane_instance.i_fpnew_cast_multi/rvfi_probes_o[instr][wbdata][3][0]_INST_0_i_32/O
                         net (fo=1, routed)           0.426    15.462    ex_stage_i/fpu_gen.fpu_i/fpu_gen.i_fpnew_bulk/gen_operation_groups[3].i_opgroup_block/gen_merged_slice.i_multifmt_slice/gen_num_lanes[0].active_lane.lane_instance.i_fpnew_cast_multi/rvfi_probes_o[instr][wbdata][3][0]_INST_0_i_32_n_0
    SLICE_X78Y30         LUT6 (Prop_lut6_I0_O)        0.124    15.586 r  ex_stage_i/fpu_gen.fpu_i/fpu_gen.i_fpnew_bulk/gen_operation_groups[3].i_opgroup_block/gen_merged_slice.i_multifmt_slice/gen_num_lanes[0].active_lane.lane_instance.i_fpnew_cast_multi/rvfi_probes_o[instr][wbdata][3][0]_INST_0_i_19/O
                         net (fo=1, routed)           0.000    15.586    ex_stage_i/fpu_gen.fpu_i/fpu_gen.i_fpnew_bulk/gen_operation_groups[3].i_opgroup_block/gen_merged_slice.i_multifmt_slice/gen_num_lanes[0].active_lane.lane_instance.i_fpnew_cast_multi/rvfi_probes_o[instr][wbdata][3][0]_INST_0_i_19_n_0
    SLICE_X78Y30         CARRY4 (Prop_carry4_S[0]_CO[3])
                                                      0.532    16.118 r  ex_stage_i/fpu_gen.fpu_i/fpu_gen.i_fpnew_bulk/gen_operation_groups[3].i_opgroup_block/gen_merged_slice.i_multifmt_slice/gen_num_lanes[0].active_lane.lane_instance.i_fpnew_cast_multi/rvfi_probes_o[instr][wbdata][3][0]_INST_0_i_8/CO[3]
                         net (fo=1, routed)           0.000    16.118    ex_stage_i/fpu_gen.fpu_i/fpu_gen.i_fpnew_bulk/gen_operation_groups[3].i_opgroup_block/gen_merged_slice.i_multifmt_slice/gen_num_lanes[0].active_lane.lane_instance.i_fpnew_cast_multi/rvfi_probes_o[instr][wbdata][3][0]_INST_0_i_8_n_0
    SLICE_X78Y31         CARRY4 (Prop_carry4_CI_O[1])
                                                      0.334    16.452 f  ex_stage_i/fpu_gen.fpu_i/fpu_gen.i_fpnew_bulk/gen_operation_groups[3].i_opgroup_block/gen_merged_slice.i_multifmt_slice/gen_num_lanes[0].active_lane.lane_instance.i_fpnew_cast_multi/rvfi_probes_o[instr][wbdata][3][7]_INST_0_i_16/O[1]
                         net (fo=4, routed)           0.591    17.043    ex_stage_i/fpu_gen.fpu_i/fpu_gen.i_fpnew_bulk/gen_operation_groups[3].i_opgroup_block/gen_merged_slice.i_multifmt_slice/gen_num_lanes[0].active_lane.lane_instance.i_fpnew_cast_multi/rounded_abs[5]
    SLICE_X77Y31         LUT1 (Prop_lut1_I0_O)        0.303    17.346 r  ex_stage_i/fpu_gen.fpu_i/fpu_gen.i_fpnew_bulk/gen_operation_groups[3].i_opgroup_block/gen_merged_slice.i_multifmt_slice/gen_num_lanes[0].active_lane.lane_instance.i_fpnew_cast_multi/rvfi_probes_o[instr][wbdata][3][8]_INST_0_i_12/O
                         net (fo=1, routed)           0.000    17.346    ex_stage_i/fpu_gen.fpu_i/fpu_gen.i_fpnew_bulk/gen_operation_groups[3].i_opgroup_block/gen_merged_slice.i_multifmt_slice/gen_num_lanes[0].active_lane.lane_instance.i_fpnew_cast_multi/rvfi_probes_o[instr][wbdata][3][8]_INST_0_i_12_n_0
    SLICE_X77Y31         CARRY4 (Prop_carry4_S[0]_CO[3])
                                                      0.532    17.878 r  ex_stage_i/fpu_gen.fpu_i/fpu_gen.i_fpnew_bulk/gen_operation_groups[3].i_opgroup_block/gen_merged_slice.i_multifmt_slice/gen_num_lanes[0].active_lane.lane_instance.i_fpnew_cast_multi/rvfi_probes_o[instr][wbdata][3][8]_INST_0_i_8/CO[3]
                         net (fo=1, routed)           0.000    17.878    ex_stage_i/fpu_gen.fpu_i/fpu_gen.i_fpnew_bulk/gen_operation_groups[3].i_opgroup_block/gen_merged_slice.i_multifmt_slice/gen_num_lanes[0].active_lane.lane_instance.i_fpnew_cast_multi/rvfi_probes_o[instr][wbdata][3][8]_INST_0_i_8_n_0
    SLICE_X77Y32         CARRY4 (Prop_carry4_CI_CO[3])
                                                      0.114    17.992 r  ex_stage_i/fpu_gen.fpu_i/fpu_gen.i_fpnew_bulk/gen_operation_groups[3].i_opgroup_block/gen_merged_slice.i_multifmt_slice/gen_num_lanes[0].active_lane.lane_instance.i_fpnew_cast_multi/rvfi_probes_o[instr][wbdata][3][12]_INST_0_i_7/CO[3]
                         net (fo=1, routed)           0.000    17.992    ex_stage_i/fpu_gen.fpu_i/fpu_gen.i_fpnew_bulk/gen_operation_groups[3].i_opgroup_block/gen_merged_slice.i_multifmt_slice/gen_num_lanes[0].active_lane.lane_instance.i_fpnew_cast_multi/rvfi_probes_o[instr][wbdata][3][12]_INST_0_i_7_n_0
    SLICE_X77Y33         CARRY4 (Prop_carry4_CI_CO[3])
                                                      0.114    18.106 r  ex_stage_i/fpu_gen.fpu_i/fpu_gen.i_fpnew_bulk/gen_operation_groups[3].i_opgroup_block/gen_merged_slice.i_multifmt_slice/gen_num_lanes[0].active_lane.lane_instance.i_fpnew_cast_multi/rvfi_probes_o[instr][wbdata][3][16]_INST_0_i_7/CO[3]
                         net (fo=1, routed)           0.000    18.106    ex_stage_i/fpu_gen.fpu_i/fpu_gen.i_fpnew_bulk/gen_operation_groups[3].i_opgroup_block/gen_merged_slice.i_multifmt_slice/gen_num_lanes[0].active_lane.lane_instance.i_fpnew_cast_multi/rvfi_probes_o[instr][wbdata][3][16]_INST_0_i_7_n_0
    SLICE_X77Y34         CARRY4 (Prop_carry4_CI_CO[3])
                                                      0.114    18.220 r  ex_stage_i/fpu_gen.fpu_i/fpu_gen.i_fpnew_bulk/gen_operation_groups[3].i_opgroup_block/gen_merged_slice.i_multifmt_slice/gen_num_lanes[0].active_lane.lane_instance.i_fpnew_cast_multi/rvfi_probes_o[instr][wbdata][3][20]_INST_0_i_8/CO[3]
                         net (fo=1, routed)           0.000    18.220    ex_stage_i/fpu_gen.fpu_i/fpu_gen.i_fpnew_bulk/gen_operation_groups[3].i_opgroup_block/gen_merged_slice.i_multifmt_slice/gen_num_lanes[0].active_lane.lane_instance.i_fpnew_cast_multi/rvfi_probes_o[instr][wbdata][3][20]_INST_0_i_8_n_0
    SLICE_X77Y35         CARRY4 (Prop_carry4_CI_CO[3])
                                                      0.114    18.334 r  ex_stage_i/fpu_gen.fpu_i/fpu_gen.i_fpnew_bulk/gen_operation_groups[3].i_opgroup_block/gen_merged_slice.i_multifmt_slice/gen_num_lanes[0].active_lane.lane_instance.i_fpnew_cast_multi/rvfi_probes_o[instr][wbdata][3][24]_INST_0_i_9/CO[3]
                         net (fo=1, routed)           0.000    18.334    ex_stage_i/fpu_gen.fpu_i/fpu_gen.i_fpnew_bulk/gen_operation_groups[3].i_opgroup_block/gen_merged_slice.i_multifmt_slice/gen_num_lanes[0].active_lane.lane_instance.i_fpnew_cast_multi/rvfi_probes_o[instr][wbdata][3][24]_INST_0_i_9_n_0
    SLICE_X77Y36         CARRY4 (Prop_carry4_CI_O[2])
                                                      0.239    18.573 f  ex_stage_i/fpu_gen.fpu_i/fpu_gen.i_fpnew_bulk/gen_operation_groups[3].i_opgroup_block/gen_merged_slice.i_multifmt_slice/gen_num_lanes[0].active_lane.lane_instance.i_fpnew_cast_multi/rvfi_probes_o[instr][wbdata][3][28]_INST_0_i_9/O[2]
                         net (fo=2, routed)           0.782    19.355    ex_stage_i/fpu_gen.fpu_i/fpu_gen.i_fpnew_bulk/gen_operation_groups[3].i_opgroup_block/gen_merged_slice.i_multifmt_slice/gen_num_lanes[0].active_lane.lane_instance.i_fpnew_cast_multi/rounded_uint_res0[27]
    SLICE_X76Y37         LUT5 (Prop_lut5_I1_O)        0.302    19.657 f  ex_stage_i/fpu_gen.fpu_i/fpu_gen.i_fpnew_bulk/gen_operation_groups[3].i_opgroup_block/gen_merged_slice.i_multifmt_slice/gen_num_lanes[0].active_lane.lane_instance.i_fpnew_cast_multi/rvfi_probes_o[instr][wbdata][3][30]_INST_0_i_230/O
                         net (fo=1, routed)           0.492    20.149    ex_stage_i/fpu_gen.fpu_i/fpu_gen.i_fpnew_bulk/gen_operation_groups[3].i_opgroup_block/gen_merged_slice.i_multifmt_slice/gen_num_lanes[0].active_lane.lane_instance.i_fpnew_cast_multi/rvfi_probes_o[instr][wbdata][3][30]_INST_0_i_230_n_0
    SLICE_X76Y36         LUT6 (Prop_lut6_I5_O)        0.124    20.273 f  ex_stage_i/fpu_gen.fpu_i/fpu_gen.i_fpnew_bulk/gen_operation_groups[3].i_opgroup_block/gen_merged_slice.i_multifmt_slice/gen_num_lanes[0].active_lane.lane_instance.i_fpnew_cast_multi/rvfi_probes_o[instr][wbdata][3][30]_INST_0_i_204/O
                         net (fo=1, routed)           0.566    20.839    ex_stage_i/fpu_gen.fpu_i/fpu_gen.i_fpnew_bulk/gen_operation_groups[3].i_opgroup_block/gen_merged_slice.i_multifmt_slice/gen_num_lanes[0].active_lane.lane_instance.i_fpnew_cast_multi/rvfi_probes_o[instr][wbdata][3][30]_INST_0_i_204_n_0
    SLICE_X79Y33         LUT6 (Prop_lut6_I2_O)        0.124    20.963 f  ex_stage_i/fpu_gen.fpu_i/fpu_gen.i_fpnew_bulk/gen_operation_groups[3].i_opgroup_block/gen_merged_slice.i_multifmt_slice/gen_num_lanes[0].active_lane.lane_instance.i_fpnew_cast_multi/rvfi_probes_o[instr][wbdata][3][30]_INST_0_i_160/O
                         net (fo=1, routed)           0.318    21.281    ex_stage_i/fpu_gen.fpu_i/fpu_gen.i_fpnew_bulk/gen_operation_groups[3].i_opgroup_block/gen_merged_slice.i_multifmt_slice/gen_num_lanes[0].active_lane.lane_instance.i_fpnew_cast_multi/rvfi_probes_o[instr][wbdata][3][30]_INST_0_i_160_n_0
    SLICE_X80Y33         LUT6 (Prop_lut6_I1_O)        0.124    21.405 f  ex_stage_i/fpu_gen.fpu_i/fpu_gen.i_fpnew_bulk/gen_operation_groups[3].i_opgroup_block/gen_merged_slice.i_multifmt_slice/gen_num_lanes[0].active_lane.lane_instance.i_fpnew_cast_multi/rvfi_probes_o[instr][wbdata][3][30]_INST_0_i_97/O
                         net (fo=1, routed)           0.291    21.696    ex_stage_i/fpu_gen.fpu_i/fpu_gen.i_fpnew_bulk/gen_operation_groups[3].i_opgroup_block/gen_merged_slice.i_multifmt_slice/gen_num_lanes[0].active_lane.lane_instance.i_fpnew_cast_multi/rvfi_probes_o[instr][wbdata][3][30]_INST_0_i_97_n_0
    SLICE_X81Y33         LUT4 (Prop_lut4_I2_O)        0.124    21.820 f  ex_stage_i/fpu_gen.fpu_i/fpu_gen.i_fpnew_bulk/gen_operation_groups[3].i_opgroup_block/gen_merged_slice.i_multifmt_slice/gen_num_lanes[0].active_lane.lane_instance.i_fpnew_cast_multi/rvfi_probes_o[instr][wbdata][3][30]_INST_0_i_55/O
                         net (fo=1, routed)           0.151    21.971    ex_stage_i/fpu_gen.fpu_i/fpu_gen.i_fpnew_bulk/gen_operation_groups[3].i_opgroup_block/gen_merged_slice.i_multifmt_slice/gen_num_lanes[0].active_lane.lane_instance.i_fpnew_cast_multi/rvfi_probes_o[instr][wbdata][3][30]_INST_0_i_55_n_0
    SLICE_X81Y33         LUT6 (Prop_lut6_I1_O)        0.124    22.095 r  ex_stage_i/fpu_gen.fpu_i/fpu_gen.i_fpnew_bulk/gen_operation_groups[3].i_opgroup_block/gen_merged_slice.i_multifmt_slice/gen_num_lanes[0].active_lane.lane_instance.i_fpnew_cast_multi/rvfi_probes_o[instr][wbdata][3][30]_INST_0_i_37/O
                         net (fo=3, routed)           0.548    22.643    ex_stage_i/fpu_gen.fpu_i/fpu_gen.i_fpnew_bulk/gen_operation_groups[3].i_opgroup_block/gen_merged_slice.i_multifmt_slice/gen_num_lanes[0].active_lane.lane_instance.i_fpnew_cast_multi/rvfi_probes_o[instr][wbdata][3][30]_INST_0_i_37_n_0
    SLICE_X75Y33         LUT6 (Prop_lut6_I1_O)        0.124    22.767 f  ex_stage_i/fpu_gen.fpu_i/fpu_gen.i_fpnew_bulk/gen_operation_groups[3].i_opgroup_block/gen_merged_slice.i_multifmt_slice/gen_num_lanes[0].active_lane.lane_instance.i_fpnew_cast_multi/rvfi_probes_o[instr][wbdata][3][30]_INST_0_i_19/O
                         net (fo=33, routed)          0.770    23.536    ex_stage_i/fpu_gen.fpu_i/fpu_gen.i_fpnew_bulk/gen_operation_groups[3].i_opgroup_block/gen_merged_slice.i_multifmt_slice/gen_num_lanes[0].active_lane.lane_instance.i_fpnew_cast_multi/rvfi_probes_o[instr][wbdata][3][30]_INST_0_i_19_n_0
    SLICE_X75Y32         LUT6 (Prop_lut6_I0_O)        0.124    23.660 r  ex_stage_i/fpu_gen.fpu_i/fpu_gen.i_fpnew_bulk/gen_operation_groups[3].i_opgroup_block/gen_merged_slice.i_multifmt_slice/gen_num_lanes[0].active_lane.lane_instance.i_fpnew_cast_multi/rvfi_probes_o[instr][wbdata][3][13]_INST_0_i_4/O
                         net (fo=1, routed)           0.586    24.247    ex_stage_i/fpu_gen.fpu_i/fpu_gen.i_fpnew_bulk/gen_operation_groups[3].i_opgroup_block/gen_merged_slice.i_multifmt_slice/gen_num_lanes[0].active_lane.lane_instance.i_fpnew_cast_multi/rvfi_probes_o[instr][wbdata][3][13]_INST_0_i_4_n_0
    SLICE_X70Y32         LUT5 (Prop_lut5_I2_O)        0.124    24.371 r  ex_stage_i/fpu_gen.fpu_i/fpu_gen.i_fpnew_bulk/gen_operation_groups[3].i_opgroup_block/gen_merged_slice.i_multifmt_slice/gen_num_lanes[0].active_lane.lane_instance.i_fpnew_cast_multi/rvfi_probes_o[instr][wbdata][3][13]_INST_0_i_1/O
                         net (fo=1, routed)           0.591    24.961    ex_stage_i/fpu_gen.fpu_i/fpu_gen.i_fpnew_bulk/i_arbiter/opgrp_outputs[3][result][13]
    SLICE_X67Y30         LUT6 (Prop_lut6_I0_O)        0.124    25.085 r  ex_stage_i/fpu_gen.fpu_i/fpu_gen.i_fpnew_bulk/i_arbiter/rvfi_probes_o[instr][wbdata][3][13]_INST_0/O
                         net (fo=7, routed)           0.763    25.848    issue_stage_i/i_scoreboard/fu_data_q[0][imm][13]_i_2_0
    SLICE_X59Y29         LUT6 (Prop_lut6_I3_O)        0.124    25.972 r  issue_stage_i/i_scoreboard/rvfi_probes_o[instr][rs1][0][13]_INST_0_i_4/O
                         net (fo=1, routed)           0.154    26.126    issue_stage_i/i_scoreboard/rvfi_probes_o[instr][rs1][0][13]_INST_0_i_4_n_0
    SLICE_X59Y29         LUT6 (Prop_lut6_I5_O)        0.124    26.250 r  issue_stage_i/i_scoreboard/rvfi_probes_o[instr][rs1][0][13]_INST_0_i_1/O
                         net (fo=1, routed)           0.423    26.673    id_stage_i/rs1_res[0]_1[13]
    SLICE_X56Y29         LUT6 (Prop_lut6_I3_O)        0.124    26.797 r  id_stage_i/rvfi_probes_o[instr][rs1][0][13]_INST_0/O
                         net (fo=1, unset)            0.973    27.770    rvfi_probes_o[instr][rs1][0][13]
                                                                      r  rvfi_probes_o[instr][rs1][0][13] (OUT)
  -------------------------------------------------------------------    -------------------

Slack:                    inf
  Source:                 ex_stage_i/fpu_gen.fpu_i/fpu_gen.i_fpnew_bulk/gen_operation_groups[3].i_opgroup_block/gen_merged_slice.i_multifmt_slice/gen_num_lanes[0].active_lane.lane_instance.i_fpnew_cast_multi/gen_inside_pipeline[0].mid_pipe_dst_fmt_q_reg[1][2]/C
                            (rising edge-triggered cell FDCE clocked by clk_i  {rise@0.000ns fall@12.500ns period=25.000ns})
  Destination:            rvfi_probes_o[instr][rs2][0][23]
                            (output port)
  Path Group:             (none)
  Path Type:              Max at Slow Process Corner
  Data Path Delay:        26.766ns  (logic 8.910ns (33.289%)  route 17.856ns (66.711%))
  Logic Levels:           40  (CARRY4=12 LUT1=1 LUT2=2 LUT3=3 LUT4=3 LUT5=3 LUT6=15 MUXF7=1)
  Clock Uncertainty:      0.025ns  ((TSJ^2 + TIJ^2)^1/2 + DJ) / 2 + PE
    Total System Jitter     (TSJ):    0.050ns
    Total Input Jitter      (TIJ):    0.000ns
    Discrete Jitter          (DJ):    0.000ns
    Phase Error              (PE):    0.000ns

    Location             Delay type                Incr(ns)  Path(ns)    Netlist Resource(s)
  -------------------------------------------------------------------    -------------------
                         (clock clk_i rise edge)      0.000     0.000 r  
                                                      0.000     0.000 r  clk_i (IN)
                         net (fo=6832, unset)         0.973     0.973    ex_stage_i/fpu_gen.fpu_i/fpu_gen.i_fpnew_bulk/gen_operation_groups[3].i_opgroup_block/gen_merged_slice.i_multifmt_slice/gen_num_lanes[0].active_lane.lane_instance.i_fpnew_cast_multi/clk_i
    SLICE_X85Y28         FDCE                                         r  ex_stage_i/fpu_gen.fpu_i/fpu_gen.i_fpnew_bulk/gen_operation_groups[3].i_opgroup_block/gen_merged_slice.i_multifmt_slice/gen_num_lanes[0].active_lane.lane_instance.i_fpnew_cast_multi/gen_inside_pipeline[0].mid_pipe_dst_fmt_q_reg[1][2]/C
  -------------------------------------------------------------------    -------------------
    SLICE_X85Y28         FDCE (Prop_fdce_C_Q)         0.456     1.429 r  ex_stage_i/fpu_gen.fpu_i/fpu_gen.i_fpnew_bulk/gen_operation_groups[3].i_opgroup_block/gen_merged_slice.i_multifmt_slice/gen_num_lanes[0].active_lane.lane_instance.i_fpnew_cast_multi/gen_inside_pipeline[0].mid_pipe_dst_fmt_q_reg[1][2]/Q
                         net (fo=147, routed)         0.494     1.923    ex_stage_i/fpu_gen.fpu_i/fpu_gen.i_fpnew_bulk/gen_operation_groups[3].i_opgroup_block/gen_merged_slice.i_multifmt_slice/gen_num_lanes[0].active_lane.lane_instance.i_fpnew_cast_multi/gen_inside_pipeline[0].mid_pipe_dst_fmt_q_reg_n_0_[1][2]
    SLICE_X84Y28         LUT3 (Prop_lut3_I0_O)        0.124     2.047 r  ex_stage_i/fpu_gen.fpu_i/fpu_gen.i_fpnew_bulk/gen_operation_groups[3].i_opgroup_block/gen_merged_slice.i_multifmt_slice/gen_num_lanes[0].active_lane.lane_instance.i_fpnew_cast_multi/of_before_round1__7_carry_i_1/O
                         net (fo=8, routed)           0.344     2.391    ex_stage_i/fpu_gen.fpu_i/fpu_gen.i_fpnew_bulk/gen_operation_groups[3].i_opgroup_block/gen_merged_slice.i_multifmt_slice/gen_num_lanes[0].active_lane.lane_instance.i_fpnew_cast_multi/of_before_round1__7_carry_i_1_n_0
    SLICE_X85Y29         CARRY4 (Prop_carry4_CYINIT_CO[3])
                                                      0.580     2.971 r  ex_stage_i/fpu_gen.fpu_i/fpu_gen.i_fpnew_bulk/gen_operation_groups[3].i_opgroup_block/gen_merged_slice.i_multifmt_slice/gen_num_lanes[0].active_lane.lane_instance.i_fpnew_cast_multi/of_before_round1__7_carry/CO[3]
                         net (fo=5, routed)           1.003     3.974    ex_stage_i/fpu_gen.fpu_i/fpu_gen.i_fpnew_bulk/gen_operation_groups[3].i_opgroup_block/gen_merged_slice.i_multifmt_slice/gen_num_lanes[0].active_lane.lane_instance.i_fpnew_cast_multi/of_before_round1__7_carry_n_0
    SLICE_X82Y29         CARRY4 (Prop_carry4_CYINIT_CO[2])
                                                      0.608     4.582 r  ex_stage_i/fpu_gen.fpu_i/fpu_gen.i_fpnew_bulk/gen_operation_groups[3].i_opgroup_block/gen_merged_slice.i_multifmt_slice/gen_num_lanes[0].active_lane.lane_instance.i_fpnew_cast_multi/of_before_round0_carry__0_i_9/CO[2]
                         net (fo=20, routed)          0.689     5.271    ex_stage_i/fpu_gen.fpu_i/fpu_gen.i_fpnew_bulk/gen_operation_groups[3].i_opgroup_block/gen_merged_slice.i_multifmt_slice/gen_num_lanes[0].active_lane.lane_instance.i_fpnew_cast_multi/of_before_round0_carry__0_i_9_n_1
    SLICE_X83Y31         LUT2 (Prop_lut2_I0_O)        0.310     5.581 r  ex_stage_i/fpu_gen.fpu_i/fpu_gen.i_fpnew_bulk/gen_operation_groups[3].i_opgroup_block/gen_merged_slice.i_multifmt_slice/gen_num_lanes[0].active_lane.lane_instance.i_fpnew_cast_multi/of_before_round0_carry__1_i_7/O
                         net (fo=1, routed)           0.000     5.581    ex_stage_i/fpu_gen.fpu_i/fpu_gen.i_fpnew_bulk/gen_operation_groups[3].i_opgroup_block/gen_merged_slice.i_multifmt_slice/gen_num_lanes[0].active_lane.lane_instance.i_fpnew_cast_multi/of_before_round0_carry__1_i_7_n_0
    SLICE_X83Y31         CARRY4 (Prop_carry4_S[1]_CO[3])
                                                      0.550     6.131 r  ex_stage_i/fpu_gen.fpu_i/fpu_gen.i_fpnew_bulk/gen_operation_groups[3].i_opgroup_block/gen_merged_slice.i_multifmt_slice/gen_num_lanes[0].active_lane.lane_instance.i_fpnew_cast_multi/of_before_round0_carry__1/CO[3]
                         net (fo=1, routed)           0.000     6.131    ex_stage_i/fpu_gen.fpu_i/fpu_gen.i_fpnew_bulk/gen_operation_groups[3].i_opgroup_block/gen_merged_slice.i_multifmt_slice/gen_num_lanes[0].active_lane.lane_instance.i_fpnew_cast_multi/of_before_round0_carry__1_n_0
    SLICE_X83Y32         CARRY4 (Prop_carry4_CI_CO[3])
                                                      0.114     6.245 f  ex_stage_i/fpu_gen.fpu_i/fpu_gen.i_fpnew_bulk/gen_operation_groups[3].i_opgroup_block/gen_merged_slice.i_multifmt_slice/gen_num_lanes[0].active_lane.lane_instance.i_fpnew_cast_multi/of_before_round0_carry__2/CO[3]
                         net (fo=34, routed)          1.047     7.292    ex_stage_i/fpu_gen.fpu_i/fpu_gen.i_fpnew_bulk/gen_operation_groups[3].i_opgroup_block/gen_merged_slice.i_multifmt_slice/gen_num_lanes[0].active_lane.lane_instance.i_fpnew_cast_multi/of_before_round0__16
    SLICE_X86Y32         LUT3 (Prop_lut3_I0_O)        0.124     7.416 r  ex_stage_i/fpu_gen.fpu_i/fpu_gen.i_fpnew_bulk/gen_operation_groups[3].i_opgroup_block/gen_merged_slice.i_multifmt_slice/gen_num_lanes[0].active_lane.lane_instance.i_fpnew_cast_multi/rvfi_probes_o[instr][wbdata][3][30]_INST_0_i_146/O
                         net (fo=7, routed)           0.463     7.879    ex_stage_i/fpu_gen.fpu_i/fpu_gen.i_fpnew_bulk/gen_operation_groups[3].i_opgroup_block/gen_merged_slice.i_multifmt_slice/gen_num_lanes[0].active_lane.lane_instance.i_fpnew_cast_multi/rvfi_probes_o[instr][wbdata][3][30]_INST_0_i_146_n_0
    SLICE_X86Y33         LUT6 (Prop_lut6_I3_O)        0.124     8.003 r  ex_stage_i/fpu_gen.fpu_i/fpu_gen.i_fpnew_bulk/gen_operation_groups[3].i_opgroup_block/gen_merged_slice.i_multifmt_slice/gen_num_lanes[0].active_lane.lane_instance.i_fpnew_cast_multi/rvfi_probes_o[instr][wbdata][3][30]_INST_0_i_140/O
                         net (fo=87, routed)          1.139     9.141    ex_stage_i/fpu_gen.fpu_i/fpu_gen.i_fpnew_bulk/gen_operation_groups[3].i_opgroup_block/gen_merged_slice.i_multifmt_slice/gen_num_lanes[0].active_lane.lane_instance.i_fpnew_cast_multi/rvfi_probes_o[instr][wbdata][3][30]_INST_0_i_140_n_0
    SLICE_X87Y37         LUT6 (Prop_lut6_I5_O)        0.124     9.265 r  ex_stage_i/fpu_gen.fpu_i/fpu_gen.i_fpnew_bulk/gen_operation_groups[3].i_opgroup_block/gen_merged_slice.i_multifmt_slice/gen_num_lanes[0].active_lane.lane_instance.i_fpnew_cast_multi/mem_q[0][sbe][ex][cause][1]_i_101/O
                         net (fo=2, routed)           0.606     9.872    ex_stage_i/fpu_gen.fpu_i/fpu_gen.i_fpnew_bulk/gen_operation_groups[3].i_opgroup_block/gen_merged_slice.i_multifmt_slice/gen_num_lanes[0].active_lane.lane_instance.i_fpnew_cast_multi/mem_q[0][sbe][ex][cause][1]_i_101_n_0
    SLICE_X86Y37         LUT4 (Prop_lut4_I3_O)        0.124     9.996 r  ex_stage_i/fpu_gen.fpu_i/fpu_gen.i_fpnew_bulk/gen_operation_groups[3].i_opgroup_block/gen_merged_slice.i_multifmt_slice/gen_num_lanes[0].active_lane.lane_instance.i_fpnew_cast_multi/mem_q[0][sbe][ex][cause][1]_i_58/O
                         net (fo=3, routed)           0.641    10.637    ex_stage_i/fpu_gen.fpu_i/fpu_gen.i_fpnew_bulk/gen_operation_groups[3].i_opgroup_block/gen_merged_slice.i_multifmt_slice/gen_num_lanes[0].active_lane.lane_instance.i_fpnew_cast_multi/mem_q[0][sbe][ex][cause][1]_i_58_n_0
    SLICE_X83Y36         LUT5 (Prop_lut5_I3_O)        0.124    10.761 r  ex_stage_i/fpu_gen.fpu_i/fpu_gen.i_fpnew_bulk/gen_operation_groups[3].i_opgroup_block/gen_merged_slice.i_multifmt_slice/gen_num_lanes[0].active_lane.lane_instance.i_fpnew_cast_multi/mem_q[0][sbe][ex][cause][1]_i_68/O
                         net (fo=2, routed)           0.814    11.575    ex_stage_i/fpu_gen.fpu_i/fpu_gen.i_fpnew_bulk/gen_operation_groups[3].i_opgroup_block/gen_merged_slice.i_multifmt_slice/gen_num_lanes[0].active_lane.lane_instance.i_fpnew_cast_multi/mem_q[0][sbe][ex][cause][1]_i_68_n_0
    SLICE_X82Y36         LUT3 (Prop_lut3_I2_O)        0.146    11.721 r  ex_stage_i/fpu_gen.fpu_i/fpu_gen.i_fpnew_bulk/gen_operation_groups[3].i_opgroup_block/gen_merged_slice.i_multifmt_slice/gen_num_lanes[0].active_lane.lane_instance.i_fpnew_cast_multi/mem_q[0][sbe][ex][cause][1]_i_44/O
                         net (fo=2, routed)           0.844    12.565    ex_stage_i/fpu_gen.fpu_i/fpu_gen.i_fpnew_bulk/gen_operation_groups[3].i_opgroup_block/gen_merged_slice.i_multifmt_slice/gen_num_lanes[0].active_lane.lane_instance.i_fpnew_cast_multi/mem_q[0][sbe][ex][cause][1]_i_44_n_0
    SLICE_X81Y35         LUT6 (Prop_lut6_I4_O)        0.328    12.893 r  ex_stage_i/fpu_gen.fpu_i/fpu_gen.i_fpnew_bulk/gen_operation_groups[3].i_opgroup_block/gen_merged_slice.i_multifmt_slice/gen_num_lanes[0].active_lane.lane_instance.i_fpnew_cast_multi/mem_q[0][sbe][ex][cause][1]_i_27/O
                         net (fo=1, routed)           0.797    13.690    ex_stage_i/fpu_gen.fpu_i/fpu_gen.i_fpnew_bulk/gen_operation_groups[3].i_opgroup_block/gen_merged_slice.i_multifmt_slice/gen_num_lanes[0].active_lane.lane_instance.i_fpnew_cast_multi/mem_q[0][sbe][ex][cause][1]_i_27_n_0
    SLICE_X81Y36         LUT6 (Prop_lut6_I0_O)        0.124    13.814 f  ex_stage_i/fpu_gen.fpu_i/fpu_gen.i_fpnew_bulk/gen_operation_groups[3].i_opgroup_block/gen_merged_slice.i_multifmt_slice/gen_num_lanes[0].active_lane.lane_instance.i_fpnew_cast_multi/mem_q[0][sbe][ex][cause][1]_i_18/O
                         net (fo=4, routed)           0.464    14.277    ex_stage_i/fpu_gen.fpu_i/fpu_gen.i_fpnew_bulk/gen_operation_groups[3].i_opgroup_block/gen_merged_slice.i_multifmt_slice/gen_num_lanes[0].active_lane.lane_instance.i_fpnew_cast_multi/mem_q[0][sbe][ex][cause][1]_i_18_n_0
    SLICE_X80Y34         LUT4 (Prop_lut4_I3_O)        0.124    14.401 r  ex_stage_i/fpu_gen.fpu_i/fpu_gen.i_fpnew_bulk/gen_operation_groups[3].i_opgroup_block/gen_merged_slice.i_multifmt_slice/gen_num_lanes[0].active_lane.lane_instance.i_fpnew_cast_multi/rvfi_probes_o[instr][wbdata][3][0]_INST_0_i_52/O
                         net (fo=2, routed)           0.510    14.911    ex_stage_i/fpu_gen.fpu_i/fpu_gen.i_fpnew_bulk/gen_operation_groups[3].i_opgroup_block/gen_merged_slice.i_multifmt_slice/gen_num_lanes[0].active_lane.lane_instance.i_fpnew_cast_multi/rvfi_probes_o[instr][wbdata][3][0]_INST_0_i_52_n_0
    SLICE_X79Y30         LUT2 (Prop_lut2_I0_O)        0.124    15.035 r  ex_stage_i/fpu_gen.fpu_i/fpu_gen.i_fpnew_bulk/gen_operation_groups[3].i_opgroup_block/gen_merged_slice.i_multifmt_slice/gen_num_lanes[0].active_lane.lane_instance.i_fpnew_cast_multi/rvfi_probes_o[instr][wbdata][3][0]_INST_0_i_32/O
                         net (fo=1, routed)           0.426    15.462    ex_stage_i/fpu_gen.fpu_i/fpu_gen.i_fpnew_bulk/gen_operation_groups[3].i_opgroup_block/gen_merged_slice.i_multifmt_slice/gen_num_lanes[0].active_lane.lane_instance.i_fpnew_cast_multi/rvfi_probes_o[instr][wbdata][3][0]_INST_0_i_32_n_0
    SLICE_X78Y30         LUT6 (Prop_lut6_I0_O)        0.124    15.586 r  ex_stage_i/fpu_gen.fpu_i/fpu_gen.i_fpnew_bulk/gen_operation_groups[3].i_opgroup_block/gen_merged_slice.i_multifmt_slice/gen_num_lanes[0].active_lane.lane_instance.i_fpnew_cast_multi/rvfi_probes_o[instr][wbdata][3][0]_INST_0_i_19/O
                         net (fo=1, routed)           0.000    15.586    ex_stage_i/fpu_gen.fpu_i/fpu_gen.i_fpnew_bulk/gen_operation_groups[3].i_opgroup_block/gen_merged_slice.i_multifmt_slice/gen_num_lanes[0].active_lane.lane_instance.i_fpnew_cast_multi/rvfi_probes_o[instr][wbdata][3][0]_INST_0_i_19_n_0
    SLICE_X78Y30         CARRY4 (Prop_carry4_S[0]_CO[3])
                                                      0.532    16.118 r  ex_stage_i/fpu_gen.fpu_i/fpu_gen.i_fpnew_bulk/gen_operation_groups[3].i_opgroup_block/gen_merged_slice.i_multifmt_slice/gen_num_lanes[0].active_lane.lane_instance.i_fpnew_cast_multi/rvfi_probes_o[instr][wbdata][3][0]_INST_0_i_8/CO[3]
                         net (fo=1, routed)           0.000    16.118    ex_stage_i/fpu_gen.fpu_i/fpu_gen.i_fpnew_bulk/gen_operation_groups[3].i_opgroup_block/gen_merged_slice.i_multifmt_slice/gen_num_lanes[0].active_lane.lane_instance.i_fpnew_cast_multi/rvfi_probes_o[instr][wbdata][3][0]_INST_0_i_8_n_0
    SLICE_X78Y31         CARRY4 (Prop_carry4_CI_O[1])
                                                      0.334    16.452 f  ex_stage_i/fpu_gen.fpu_i/fpu_gen.i_fpnew_bulk/gen_operation_groups[3].i_opgroup_block/gen_merged_slice.i_multifmt_slice/gen_num_lanes[0].active_lane.lane_instance.i_fpnew_cast_multi/rvfi_probes_o[instr][wbdata][3][7]_INST_0_i_16/O[1]
                         net (fo=4, routed)           0.591    17.043    ex_stage_i/fpu_gen.fpu_i/fpu_gen.i_fpnew_bulk/gen_operation_groups[3].i_opgroup_block/gen_merged_slice.i_multifmt_slice/gen_num_lanes[0].active_lane.lane_instance.i_fpnew_cast_multi/rounded_abs[5]
    SLICE_X77Y31         LUT1 (Prop_lut1_I0_O)        0.303    17.346 r  ex_stage_i/fpu_gen.fpu_i/fpu_gen.i_fpnew_bulk/gen_operation_groups[3].i_opgroup_block/gen_merged_slice.i_multifmt_slice/gen_num_lanes[0].active_lane.lane_instance.i_fpnew_cast_multi/rvfi_probes_o[instr][wbdata][3][8]_INST_0_i_12/O
                         net (fo=1, routed)           0.000    17.346    ex_stage_i/fpu_gen.fpu_i/fpu_gen.i_fpnew_bulk/gen_operation_groups[3].i_opgroup_block/gen_merged_slice.i_multifmt_slice/gen_num_lanes[0].active_lane.lane_instance.i_fpnew_cast_multi/rvfi_probes_o[instr][wbdata][3][8]_INST_0_i_12_n_0
    SLICE_X77Y31         CARRY4 (Prop_carry4_S[0]_CO[3])
                                                      0.532    17.878 r  ex_stage_i/fpu_gen.fpu_i/fpu_gen.i_fpnew_bulk/gen_operation_groups[3].i_opgroup_block/gen_merged_slice.i_multifmt_slice/gen_num_lanes[0].active_lane.lane_instance.i_fpnew_cast_multi/rvfi_probes_o[instr][wbdata][3][8]_INST_0_i_8/CO[3]
                         net (fo=1, routed)           0.000    17.878    ex_stage_i/fpu_gen.fpu_i/fpu_gen.i_fpnew_bulk/gen_operation_groups[3].i_opgroup_block/gen_merged_slice.i_multifmt_slice/gen_num_lanes[0].active_lane.lane_instance.i_fpnew_cast_multi/rvfi_probes_o[instr][wbdata][3][8]_INST_0_i_8_n_0
    SLICE_X77Y32         CARRY4 (Prop_carry4_CI_CO[3])
                                                      0.114    17.992 r  ex_stage_i/fpu_gen.fpu_i/fpu_gen.i_fpnew_bulk/gen_operation_groups[3].i_opgroup_block/gen_merged_slice.i_multifmt_slice/gen_num_lanes[0].active_lane.lane_instance.i_fpnew_cast_multi/rvfi_probes_o[instr][wbdata][3][12]_INST_0_i_7/CO[3]
                         net (fo=1, routed)           0.000    17.992    ex_stage_i/fpu_gen.fpu_i/fpu_gen.i_fpnew_bulk/gen_operation_groups[3].i_opgroup_block/gen_merged_slice.i_multifmt_slice/gen_num_lanes[0].active_lane.lane_instance.i_fpnew_cast_multi/rvfi_probes_o[instr][wbdata][3][12]_INST_0_i_7_n_0
    SLICE_X77Y33         CARRY4 (Prop_carry4_CI_CO[3])
                                                      0.114    18.106 r  ex_stage_i/fpu_gen.fpu_i/fpu_gen.i_fpnew_bulk/gen_operation_groups[3].i_opgroup_block/gen_merged_slice.i_multifmt_slice/gen_num_lanes[0].active_lane.lane_instance.i_fpnew_cast_multi/rvfi_probes_o[instr][wbdata][3][16]_INST_0_i_7/CO[3]
                         net (fo=1, routed)           0.000    18.106    ex_stage_i/fpu_gen.fpu_i/fpu_gen.i_fpnew_bulk/gen_operation_groups[3].i_opgroup_block/gen_merged_slice.i_multifmt_slice/gen_num_lanes[0].active_lane.lane_instance.i_fpnew_cast_multi/rvfi_probes_o[instr][wbdata][3][16]_INST_0_i_7_n_0
    SLICE_X77Y34         CARRY4 (Prop_carry4_CI_CO[3])
                                                      0.114    18.220 r  ex_stage_i/fpu_gen.fpu_i/fpu_gen.i_fpnew_bulk/gen_operation_groups[3].i_opgroup_block/gen_merged_slice.i_multifmt_slice/gen_num_lanes[0].active_lane.lane_instance.i_fpnew_cast_multi/rvfi_probes_o[instr][wbdata][3][20]_INST_0_i_8/CO[3]
                         net (fo=1, routed)           0.000    18.220    ex_stage_i/fpu_gen.fpu_i/fpu_gen.i_fpnew_bulk/gen_operation_groups[3].i_opgroup_block/gen_merged_slice.i_multifmt_slice/gen_num_lanes[0].active_lane.lane_instance.i_fpnew_cast_multi/rvfi_probes_o[instr][wbdata][3][20]_INST_0_i_8_n_0
    SLICE_X77Y35         CARRY4 (Prop_carry4_CI_CO[3])
                                                      0.114    18.334 r  ex_stage_i/fpu_gen.fpu_i/fpu_gen.i_fpnew_bulk/gen_operation_groups[3].i_opgroup_block/gen_merged_slice.i_multifmt_slice/gen_num_lanes[0].active_lane.lane_instance.i_fpnew_cast_multi/rvfi_probes_o[instr][wbdata][3][24]_INST_0_i_9/CO[3]
                         net (fo=1, routed)           0.000    18.334    ex_stage_i/fpu_gen.fpu_i/fpu_gen.i_fpnew_bulk/gen_operation_groups[3].i_opgroup_block/gen_merged_slice.i_multifmt_slice/gen_num_lanes[0].active_lane.lane_instance.i_fpnew_cast_multi/rvfi_probes_o[instr][wbdata][3][24]_INST_0_i_9_n_0
    SLICE_X77Y36         CARRY4 (Prop_carry4_CI_O[2])
                                                      0.239    18.573 r  ex_stage_i/fpu_gen.fpu_i/fpu_gen.i_fpnew_bulk/gen_operation_groups[3].i_opgroup_block/gen_merged_slice.i_multifmt_slice/gen_num_lanes[0].active_lane.lane_instance.i_fpnew_cast_multi/rvfi_probes_o[instr][wbdata][3][28]_INST_0_i_9/O[2]
                         net (fo=2, routed)           0.782    19.355    ex_stage_i/fpu_gen.fpu_i/fpu_gen.i_fpnew_bulk/gen_operation_groups[3].i_opgroup_block/gen_merged_slice.i_multifmt_slice/gen_num_lanes[0].active_lane.lane_instance.i_fpnew_cast_multi/rounded_uint_res0[27]
    SLICE_X76Y37         LUT5 (Prop_lut5_I1_O)        0.302    19.657 r  ex_stage_i/fpu_gen.fpu_i/fpu_gen.i_fpnew_bulk/gen_operation_groups[3].i_opgroup_block/gen_merged_slice.i_multifmt_slice/gen_num_lanes[0].active_lane.lane_instance.i_fpnew_cast_multi/rvfi_probes_o[instr][wbdata][3][30]_INST_0_i_230/O
                         net (fo=1, routed)           0.492    20.149    ex_stage_i/fpu_gen.fpu_i/fpu_gen.i_fpnew_bulk/gen_operation_groups[3].i_opgroup_block/gen_merged_slice.i_multifmt_slice/gen_num_lanes[0].active_lane.lane_instance.i_fpnew_cast_multi/rvfi_probes_o[instr][wbdata][3][30]_INST_0_i_230_n_0
    SLICE_X76Y36         LUT6 (Prop_lut6_I5_O)        0.124    20.273 r  ex_stage_i/fpu_gen.fpu_i/fpu_gen.i_fpnew_bulk/gen_operation_groups[3].i_opgroup_block/gen_merged_slice.i_multifmt_slice/gen_num_lanes[0].active_lane.lane_instance.i_fpnew_cast_multi/rvfi_probes_o[instr][wbdata][3][30]_INST_0_i_204/O
                         net (fo=1, routed)           0.566    20.839    ex_stage_i/fpu_gen.fpu_i/fpu_gen.i_fpnew_bulk/gen_operation_groups[3].i_opgroup_block/gen_merged_slice.i_multifmt_slice/gen_num_lanes[0].active_lane.lane_instance.i_fpnew_cast_multi/rvfi_probes_o[instr][wbdata][3][30]_INST_0_i_204_n_0
    SLICE_X79Y33         LUT6 (Prop_lut6_I2_O)        0.124    20.963 r  ex_stage_i/fpu_gen.fpu_i/fpu_gen.i_fpnew_bulk/gen_operation_groups[3].i_opgroup_block/gen_merged_slice.i_multifmt_slice/gen_num_lanes[0].active_lane.lane_instance.i_fpnew_cast_multi/rvfi_probes_o[instr][wbdata][3][30]_INST_0_i_160/O
                         net (fo=1, routed)           0.318    21.281    ex_stage_i/fpu_gen.fpu_i/fpu_gen.i_fpnew_bulk/gen_operation_groups[3].i_opgroup_block/gen_merged_slice.i_multifmt_slice/gen_num_lanes[0].active_lane.lane_instance.i_fpnew_cast_multi/rvfi_probes_o[instr][wbdata][3][30]_INST_0_i_160_n_0
    SLICE_X80Y33         LUT6 (Prop_lut6_I1_O)        0.124    21.405 r  ex_stage_i/fpu_gen.fpu_i/fpu_gen.i_fpnew_bulk/gen_operation_groups[3].i_opgroup_block/gen_merged_slice.i_multifmt_slice/gen_num_lanes[0].active_lane.lane_instance.i_fpnew_cast_multi/rvfi_probes_o[instr][wbdata][3][30]_INST_0_i_97/O
                         net (fo=1, routed)           0.291    21.696    ex_stage_i/fpu_gen.fpu_i/fpu_gen.i_fpnew_bulk/gen_operation_groups[3].i_opgroup_block/gen_merged_slice.i_multifmt_slice/gen_num_lanes[0].active_lane.lane_instance.i_fpnew_cast_multi/rvfi_probes_o[instr][wbdata][3][30]_INST_0_i_97_n_0
    SLICE_X81Y33         LUT4 (Prop_lut4_I2_O)        0.124    21.820 r  ex_stage_i/fpu_gen.fpu_i/fpu_gen.i_fpnew_bulk/gen_operation_groups[3].i_opgroup_block/gen_merged_slice.i_multifmt_slice/gen_num_lanes[0].active_lane.lane_instance.i_fpnew_cast_multi/rvfi_probes_o[instr][wbdata][3][30]_INST_0_i_55/O
                         net (fo=1, routed)           0.151    21.971    ex_stage_i/fpu_gen.fpu_i/fpu_gen.i_fpnew_bulk/gen_operation_groups[3].i_opgroup_block/gen_merged_slice.i_multifmt_slice/gen_num_lanes[0].active_lane.lane_instance.i_fpnew_cast_multi/rvfi_probes_o[instr][wbdata][3][30]_INST_0_i_55_n_0
    SLICE_X81Y33         LUT6 (Prop_lut6_I1_O)        0.124    22.095 f  ex_stage_i/fpu_gen.fpu_i/fpu_gen.i_fpnew_bulk/gen_operation_groups[3].i_opgroup_block/gen_merged_slice.i_multifmt_slice/gen_num_lanes[0].active_lane.lane_instance.i_fpnew_cast_multi/rvfi_probes_o[instr][wbdata][3][30]_INST_0_i_37/O
                         net (fo=3, routed)           0.493    22.588    ex_stage_i/fpu_gen.fpu_i/fpu_gen.i_fpnew_bulk/gen_operation_groups[3].i_opgroup_block/gen_merged_slice.i_multifmt_slice/gen_num_lanes[0].active_lane.lane_instance.i_fpnew_cast_multi/rvfi_probes_o[instr][wbdata][3][30]_INST_0_i_37_n_0
    SLICE_X75Y35         LUT6 (Prop_lut6_I4_O)        0.124    22.712 r  ex_stage_i/fpu_gen.fpu_i/fpu_gen.i_fpnew_bulk/gen_operation_groups[3].i_opgroup_block/gen_merged_slice.i_multifmt_slice/gen_num_lanes[0].active_lane.lane_instance.i_fpnew_cast_multi/rvfi_probes_o[instr][wbdata][3][30]_INST_0_i_21/O
                         net (fo=3, routed)           0.309    23.021    ex_stage_i/fpu_gen.fpu_i/fpu_gen.i_fpnew_bulk/gen_operation_groups[3].i_opgroup_block/gen_merged_slice.i_multifmt_slice/gen_num_lanes[0].active_lane.lane_instance.i_fpnew_cast_multi/rvfi_probes_o[instr][wbdata][3][30]_INST_0_i_21_n_0
    SLICE_X73Y35         LUT6 (Prop_lut6_I3_O)        0.124    23.145 f  ex_stage_i/fpu_gen.fpu_i/fpu_gen.i_fpnew_bulk/gen_operation_groups[3].i_opgroup_block/gen_merged_slice.i_multifmt_slice/gen_num_lanes[0].active_lane.lane_instance.i_fpnew_cast_multi/rvfi_probes_o[instr][wbdata][3][29]_INST_0_i_7/O
                         net (fo=31, routed)          0.849    23.995    ex_stage_i/fpu_gen.fpu_i/fpu_gen.i_fpnew_bulk/gen_operation_groups[3].i_opgroup_block/gen_merged_slice.i_multifmt_slice/gen_num_lanes[0].active_lane.lane_instance.i_fpnew_cast_multi/rvfi_probes_o[instr][wbdata][3][29]_INST_0_i_7_n_0
    SLICE_X68Y34         LUT5 (Prop_lut5_I3_O)        0.124    24.119 r  ex_stage_i/fpu_gen.fpu_i/fpu_gen.i_fpnew_bulk/gen_operation_groups[3].i_opgroup_block/gen_merged_slice.i_multifmt_slice/gen_num_lanes[0].active_lane.lane_instance.i_fpnew_cast_multi/rvfi_probes_o[instr][wbdata][3][23]_INST_0_i_4/O
                         net (fo=1, routed)           0.309    24.428    ex_stage_i/fpu_gen.fpu_i/fpu_gen.i_fpnew_bulk/gen_operation_groups[2].i_opgroup_block/gen_parallel_slices[0].active_format.i_fmt_slice/gen_num_lanes[0].active_lane.lane_instance.i_noncomp/opgrp_outputs[3][result][0]
    SLICE_X65Y34         LUT6 (Prop_lut6_I0_O)        0.124    24.552 r  ex_stage_i/fpu_gen.fpu_i/fpu_gen.i_fpnew_bulk/gen_operation_groups[2].i_opgroup_block/gen_parallel_slices[0].active_format.i_fmt_slice/gen_num_lanes[0].active_lane.lane_instance.i_noncomp/rvfi_probes_o[instr][wbdata][3][23]_INST_0_i_2/O
                         net (fo=1, routed)           0.000    24.552    ex_stage_i/fpu_gen.fpu_i/fpu_gen.i_fpnew_bulk/i_arbiter/gen_arbiter.data_nodes[2][result][1]
    SLICE_X65Y34         MUXF7 (Prop_muxf7_I1_O)      0.217    24.769 r  ex_stage_i/fpu_gen.fpu_i/fpu_gen.i_fpnew_bulk/i_arbiter/rvfi_probes_o[instr][wbdata][3][23]_INST_0/O
                         net (fo=7, routed)           0.526    25.295    issue_stage_i/i_scoreboard/fu_data_q[0][imm][23]_i_2_0
    SLICE_X65Y34         LUT6 (Prop_lut6_I3_O)        0.299    25.594 r  issue_stage_i/i_scoreboard/rvfi_probes_o[instr][rs2][0][23]_INST_0_i_5/O
                         net (fo=1, routed)           0.491    26.085    issue_stage_i/i_scoreboard/rvfi_probes_o[instr][rs2][0][23]_INST_0_i_5_n_0
    SLICE_X65Y33         LUT6 (Prop_lut6_I5_O)        0.124    26.209 r  issue_stage_i/i_scoreboard/rvfi_probes_o[instr][rs2][0][23]_INST_0_i_1/O
                         net (fo=1, routed)           0.433    26.642    issue_stage_i/i_issue_read_operands/rs2_res[0]_117[23]
    SLICE_X65Y33         LUT6 (Prop_lut6_I1_O)        0.124    26.766 r  issue_stage_i/i_issue_read_operands/fu_data_n_inferred__0/rvfi_probes_o[instr][rs2][0][23]_INST_0/O
                         net (fo=1, unset)            0.973    27.739    rvfi_probes_o[instr][rs2][0][23]
                                                                      r  rvfi_probes_o[instr][rs2][0][23] (OUT)
  -------------------------------------------------------------------    -------------------

Slack:                    inf
  Source:                 ex_stage_i/fpu_gen.fpu_i/fpu_gen.i_fpnew_bulk/gen_operation_groups[3].i_opgroup_block/gen_merged_slice.i_multifmt_slice/gen_num_lanes[0].active_lane.lane_instance.i_fpnew_cast_multi/gen_inside_pipeline[0].mid_pipe_dst_fmt_q_reg[1][2]/C
                            (rising edge-triggered cell FDCE clocked by clk_i  {rise@0.000ns fall@12.500ns period=25.000ns})
  Destination:            rvfi_probes_o[instr][rs1][0][0]
                            (output port)
  Path Group:             (none)
  Path Type:              Max at Slow Process Corner
  Data Path Delay:        26.667ns  (logic 8.518ns (31.943%)  route 18.149ns (68.057%))
  Logic Levels:           39  (CARRY4=12 LUT1=1 LUT2=2 LUT3=3 LUT4=3 LUT5=3 LUT6=15)
  Clock Uncertainty:      0.025ns  ((TSJ^2 + TIJ^2)^1/2 + DJ) / 2 + PE
    Total System Jitter     (TSJ):    0.050ns
    Total Input Jitter      (TIJ):    0.000ns
    Discrete Jitter          (DJ):    0.000ns
    Phase Error              (PE):    0.000ns

    Location             Delay type                Incr(ns)  Path(ns)    Netlist Resource(s)
  -------------------------------------------------------------------    -------------------
                         (clock clk_i rise edge)      0.000     0.000 r  
                                                      0.000     0.000 r  clk_i (IN)
                         net (fo=6832, unset)         0.973     0.973    ex_stage_i/fpu_gen.fpu_i/fpu_gen.i_fpnew_bulk/gen_operation_groups[3].i_opgroup_block/gen_merged_slice.i_multifmt_slice/gen_num_lanes[0].active_lane.lane_instance.i_fpnew_cast_multi/clk_i
    SLICE_X85Y28         FDCE                                         r  ex_stage_i/fpu_gen.fpu_i/fpu_gen.i_fpnew_bulk/gen_operation_groups[3].i_opgroup_block/gen_merged_slice.i_multifmt_slice/gen_num_lanes[0].active_lane.lane_instance.i_fpnew_cast_multi/gen_inside_pipeline[0].mid_pipe_dst_fmt_q_reg[1][2]/C
  -------------------------------------------------------------------    -------------------
    SLICE_X85Y28         FDCE (Prop_fdce_C_Q)         0.456     1.429 r  ex_stage_i/fpu_gen.fpu_i/fpu_gen.i_fpnew_bulk/gen_operation_groups[3].i_opgroup_block/gen_merged_slice.i_multifmt_slice/gen_num_lanes[0].active_lane.lane_instance.i_fpnew_cast_multi/gen_inside_pipeline[0].mid_pipe_dst_fmt_q_reg[1][2]/Q
                         net (fo=147, routed)         0.494     1.923    ex_stage_i/fpu_gen.fpu_i/fpu_gen.i_fpnew_bulk/gen_operation_groups[3].i_opgroup_block/gen_merged_slice.i_multifmt_slice/gen_num_lanes[0].active_lane.lane_instance.i_fpnew_cast_multi/gen_inside_pipeline[0].mid_pipe_dst_fmt_q_reg_n_0_[1][2]
    SLICE_X84Y28         LUT3 (Prop_lut3_I0_O)        0.124     2.047 r  ex_stage_i/fpu_gen.fpu_i/fpu_gen.i_fpnew_bulk/gen_operation_groups[3].i_opgroup_block/gen_merged_slice.i_multifmt_slice/gen_num_lanes[0].active_lane.lane_instance.i_fpnew_cast_multi/of_before_round1__7_carry_i_1/O
                         net (fo=8, routed)           0.344     2.391    ex_stage_i/fpu_gen.fpu_i/fpu_gen.i_fpnew_bulk/gen_operation_groups[3].i_opgroup_block/gen_merged_slice.i_multifmt_slice/gen_num_lanes[0].active_lane.lane_instance.i_fpnew_cast_multi/of_before_round1__7_carry_i_1_n_0
    SLICE_X85Y29         CARRY4 (Prop_carry4_CYINIT_CO[3])
                                                      0.580     2.971 r  ex_stage_i/fpu_gen.fpu_i/fpu_gen.i_fpnew_bulk/gen_operation_groups[3].i_opgroup_block/gen_merged_slice.i_multifmt_slice/gen_num_lanes[0].active_lane.lane_instance.i_fpnew_cast_multi/of_before_round1__7_carry/CO[3]
                         net (fo=5, routed)           1.003     3.974    ex_stage_i/fpu_gen.fpu_i/fpu_gen.i_fpnew_bulk/gen_operation_groups[3].i_opgroup_block/gen_merged_slice.i_multifmt_slice/gen_num_lanes[0].active_lane.lane_instance.i_fpnew_cast_multi/of_before_round1__7_carry_n_0
    SLICE_X82Y29         CARRY4 (Prop_carry4_CYINIT_CO[2])
                                                      0.608     4.582 r  ex_stage_i/fpu_gen.fpu_i/fpu_gen.i_fpnew_bulk/gen_operation_groups[3].i_opgroup_block/gen_merged_slice.i_multifmt_slice/gen_num_lanes[0].active_lane.lane_instance.i_fpnew_cast_multi/of_before_round0_carry__0_i_9/CO[2]
                         net (fo=20, routed)          0.689     5.271    ex_stage_i/fpu_gen.fpu_i/fpu_gen.i_fpnew_bulk/gen_operation_groups[3].i_opgroup_block/gen_merged_slice.i_multifmt_slice/gen_num_lanes[0].active_lane.lane_instance.i_fpnew_cast_multi/of_before_round0_carry__0_i_9_n_1
    SLICE_X83Y31         LUT2 (Prop_lut2_I0_O)        0.310     5.581 r  ex_stage_i/fpu_gen.fpu_i/fpu_gen.i_fpnew_bulk/gen_operation_groups[3].i_opgroup_block/gen_merged_slice.i_multifmt_slice/gen_num_lanes[0].active_lane.lane_instance.i_fpnew_cast_multi/of_before_round0_carry__1_i_7/O
                         net (fo=1, routed)           0.000     5.581    ex_stage_i/fpu_gen.fpu_i/fpu_gen.i_fpnew_bulk/gen_operation_groups[3].i_opgroup_block/gen_merged_slice.i_multifmt_slice/gen_num_lanes[0].active_lane.lane_instance.i_fpnew_cast_multi/of_before_round0_carry__1_i_7_n_0
    SLICE_X83Y31         CARRY4 (Prop_carry4_S[1]_CO[3])
                                                      0.550     6.131 r  ex_stage_i/fpu_gen.fpu_i/fpu_gen.i_fpnew_bulk/gen_operation_groups[3].i_opgroup_block/gen_merged_slice.i_multifmt_slice/gen_num_lanes[0].active_lane.lane_instance.i_fpnew_cast_multi/of_before_round0_carry__1/CO[3]
                         net (fo=1, routed)           0.000     6.131    ex_stage_i/fpu_gen.fpu_i/fpu_gen.i_fpnew_bulk/gen_operation_groups[3].i_opgroup_block/gen_merged_slice.i_multifmt_slice/gen_num_lanes[0].active_lane.lane_instance.i_fpnew_cast_multi/of_before_round0_carry__1_n_0
    SLICE_X83Y32         CARRY4 (Prop_carry4_CI_CO[3])
                                                      0.114     6.245 f  ex_stage_i/fpu_gen.fpu_i/fpu_gen.i_fpnew_bulk/gen_operation_groups[3].i_opgroup_block/gen_merged_slice.i_multifmt_slice/gen_num_lanes[0].active_lane.lane_instance.i_fpnew_cast_multi/of_before_round0_carry__2/CO[3]
                         net (fo=34, routed)          1.047     7.292    ex_stage_i/fpu_gen.fpu_i/fpu_gen.i_fpnew_bulk/gen_operation_groups[3].i_opgroup_block/gen_merged_slice.i_multifmt_slice/gen_num_lanes[0].active_lane.lane_instance.i_fpnew_cast_multi/of_before_round0__16
    SLICE_X86Y32         LUT3 (Prop_lut3_I0_O)        0.124     7.416 r  ex_stage_i/fpu_gen.fpu_i/fpu_gen.i_fpnew_bulk/gen_operation_groups[3].i_opgroup_block/gen_merged_slice.i_multifmt_slice/gen_num_lanes[0].active_lane.lane_instance.i_fpnew_cast_multi/rvfi_probes_o[instr][wbdata][3][30]_INST_0_i_146/O
                         net (fo=7, routed)           0.463     7.879    ex_stage_i/fpu_gen.fpu_i/fpu_gen.i_fpnew_bulk/gen_operation_groups[3].i_opgroup_block/gen_merged_slice.i_multifmt_slice/gen_num_lanes[0].active_lane.lane_instance.i_fpnew_cast_multi/rvfi_probes_o[instr][wbdata][3][30]_INST_0_i_146_n_0
    SLICE_X86Y33         LUT6 (Prop_lut6_I3_O)        0.124     8.003 r  ex_stage_i/fpu_gen.fpu_i/fpu_gen.i_fpnew_bulk/gen_operation_groups[3].i_opgroup_block/gen_merged_slice.i_multifmt_slice/gen_num_lanes[0].active_lane.lane_instance.i_fpnew_cast_multi/rvfi_probes_o[instr][wbdata][3][30]_INST_0_i_140/O
                         net (fo=87, routed)          1.139     9.141    ex_stage_i/fpu_gen.fpu_i/fpu_gen.i_fpnew_bulk/gen_operation_groups[3].i_opgroup_block/gen_merged_slice.i_multifmt_slice/gen_num_lanes[0].active_lane.lane_instance.i_fpnew_cast_multi/rvfi_probes_o[instr][wbdata][3][30]_INST_0_i_140_n_0
    SLICE_X87Y37         LUT6 (Prop_lut6_I5_O)        0.124     9.265 r  ex_stage_i/fpu_gen.fpu_i/fpu_gen.i_fpnew_bulk/gen_operation_groups[3].i_opgroup_block/gen_merged_slice.i_multifmt_slice/gen_num_lanes[0].active_lane.lane_instance.i_fpnew_cast_multi/mem_q[0][sbe][ex][cause][1]_i_101/O
                         net (fo=2, routed)           0.606     9.872    ex_stage_i/fpu_gen.fpu_i/fpu_gen.i_fpnew_bulk/gen_operation_groups[3].i_opgroup_block/gen_merged_slice.i_multifmt_slice/gen_num_lanes[0].active_lane.lane_instance.i_fpnew_cast_multi/mem_q[0][sbe][ex][cause][1]_i_101_n_0
    SLICE_X86Y37         LUT4 (Prop_lut4_I3_O)        0.124     9.996 r  ex_stage_i/fpu_gen.fpu_i/fpu_gen.i_fpnew_bulk/gen_operation_groups[3].i_opgroup_block/gen_merged_slice.i_multifmt_slice/gen_num_lanes[0].active_lane.lane_instance.i_fpnew_cast_multi/mem_q[0][sbe][ex][cause][1]_i_58/O
                         net (fo=3, routed)           0.641    10.637    ex_stage_i/fpu_gen.fpu_i/fpu_gen.i_fpnew_bulk/gen_operation_groups[3].i_opgroup_block/gen_merged_slice.i_multifmt_slice/gen_num_lanes[0].active_lane.lane_instance.i_fpnew_cast_multi/mem_q[0][sbe][ex][cause][1]_i_58_n_0
    SLICE_X83Y36         LUT5 (Prop_lut5_I3_O)        0.124    10.761 r  ex_stage_i/fpu_gen.fpu_i/fpu_gen.i_fpnew_bulk/gen_operation_groups[3].i_opgroup_block/gen_merged_slice.i_multifmt_slice/gen_num_lanes[0].active_lane.lane_instance.i_fpnew_cast_multi/mem_q[0][sbe][ex][cause][1]_i_68/O
                         net (fo=2, routed)           0.814    11.575    ex_stage_i/fpu_gen.fpu_i/fpu_gen.i_fpnew_bulk/gen_operation_groups[3].i_opgroup_block/gen_merged_slice.i_multifmt_slice/gen_num_lanes[0].active_lane.lane_instance.i_fpnew_cast_multi/mem_q[0][sbe][ex][cause][1]_i_68_n_0
    SLICE_X82Y36         LUT3 (Prop_lut3_I2_O)        0.146    11.721 r  ex_stage_i/fpu_gen.fpu_i/fpu_gen.i_fpnew_bulk/gen_operation_groups[3].i_opgroup_block/gen_merged_slice.i_multifmt_slice/gen_num_lanes[0].active_lane.lane_instance.i_fpnew_cast_multi/mem_q[0][sbe][ex][cause][1]_i_44/O
                         net (fo=2, routed)           0.844    12.565    ex_stage_i/fpu_gen.fpu_i/fpu_gen.i_fpnew_bulk/gen_operation_groups[3].i_opgroup_block/gen_merged_slice.i_multifmt_slice/gen_num_lanes[0].active_lane.lane_instance.i_fpnew_cast_multi/mem_q[0][sbe][ex][cause][1]_i_44_n_0
    SLICE_X81Y35         LUT6 (Prop_lut6_I4_O)        0.328    12.893 r  ex_stage_i/fpu_gen.fpu_i/fpu_gen.i_fpnew_bulk/gen_operation_groups[3].i_opgroup_block/gen_merged_slice.i_multifmt_slice/gen_num_lanes[0].active_lane.lane_instance.i_fpnew_cast_multi/mem_q[0][sbe][ex][cause][1]_i_27/O
                         net (fo=1, routed)           0.797    13.690    ex_stage_i/fpu_gen.fpu_i/fpu_gen.i_fpnew_bulk/gen_operation_groups[3].i_opgroup_block/gen_merged_slice.i_multifmt_slice/gen_num_lanes[0].active_lane.lane_instance.i_fpnew_cast_multi/mem_q[0][sbe][ex][cause][1]_i_27_n_0
    SLICE_X81Y36         LUT6 (Prop_lut6_I0_O)        0.124    13.814 f  ex_stage_i/fpu_gen.fpu_i/fpu_gen.i_fpnew_bulk/gen_operation_groups[3].i_opgroup_block/gen_merged_slice.i_multifmt_slice/gen_num_lanes[0].active_lane.lane_instance.i_fpnew_cast_multi/mem_q[0][sbe][ex][cause][1]_i_18/O
                         net (fo=4, routed)           0.464    14.277    ex_stage_i/fpu_gen.fpu_i/fpu_gen.i_fpnew_bulk/gen_operation_groups[3].i_opgroup_block/gen_merged_slice.i_multifmt_slice/gen_num_lanes[0].active_lane.lane_instance.i_fpnew_cast_multi/mem_q[0][sbe][ex][cause][1]_i_18_n_0
    SLICE_X80Y34         LUT4 (Prop_lut4_I3_O)        0.124    14.401 r  ex_stage_i/fpu_gen.fpu_i/fpu_gen.i_fpnew_bulk/gen_operation_groups[3].i_opgroup_block/gen_merged_slice.i_multifmt_slice/gen_num_lanes[0].active_lane.lane_instance.i_fpnew_cast_multi/rvfi_probes_o[instr][wbdata][3][0]_INST_0_i_52/O
                         net (fo=2, routed)           0.510    14.911    ex_stage_i/fpu_gen.fpu_i/fpu_gen.i_fpnew_bulk/gen_operation_groups[3].i_opgroup_block/gen_merged_slice.i_multifmt_slice/gen_num_lanes[0].active_lane.lane_instance.i_fpnew_cast_multi/rvfi_probes_o[instr][wbdata][3][0]_INST_0_i_52_n_0
    SLICE_X79Y30         LUT2 (Prop_lut2_I0_O)        0.124    15.035 r  ex_stage_i/fpu_gen.fpu_i/fpu_gen.i_fpnew_bulk/gen_operation_groups[3].i_opgroup_block/gen_merged_slice.i_multifmt_slice/gen_num_lanes[0].active_lane.lane_instance.i_fpnew_cast_multi/rvfi_probes_o[instr][wbdata][3][0]_INST_0_i_32/O
                         net (fo=1, routed)           0.426    15.462    ex_stage_i/fpu_gen.fpu_i/fpu_gen.i_fpnew_bulk/gen_operation_groups[3].i_opgroup_block/gen_merged_slice.i_multifmt_slice/gen_num_lanes[0].active_lane.lane_instance.i_fpnew_cast_multi/rvfi_probes_o[instr][wbdata][3][0]_INST_0_i_32_n_0
    SLICE_X78Y30         LUT6 (Prop_lut6_I0_O)        0.124    15.586 r  ex_stage_i/fpu_gen.fpu_i/fpu_gen.i_fpnew_bulk/gen_operation_groups[3].i_opgroup_block/gen_merged_slice.i_multifmt_slice/gen_num_lanes[0].active_lane.lane_instance.i_fpnew_cast_multi/rvfi_probes_o[instr][wbdata][3][0]_INST_0_i_19/O
                         net (fo=1, routed)           0.000    15.586    ex_stage_i/fpu_gen.fpu_i/fpu_gen.i_fpnew_bulk/gen_operation_groups[3].i_opgroup_block/gen_merged_slice.i_multifmt_slice/gen_num_lanes[0].active_lane.lane_instance.i_fpnew_cast_multi/rvfi_probes_o[instr][wbdata][3][0]_INST_0_i_19_n_0
    SLICE_X78Y30         CARRY4 (Prop_carry4_S[0]_CO[3])
                                                      0.532    16.118 r  ex_stage_i/fpu_gen.fpu_i/fpu_gen.i_fpnew_bulk/gen_operation_groups[3].i_opgroup_block/gen_merged_slice.i_multifmt_slice/gen_num_lanes[0].active_lane.lane_instance.i_fpnew_cast_multi/rvfi_probes_o[instr][wbdata][3][0]_INST_0_i_8/CO[3]
                         net (fo=1, routed)           0.000    16.118    ex_stage_i/fpu_gen.fpu_i/fpu_gen.i_fpnew_bulk/gen_operation_groups[3].i_opgroup_block/gen_merged_slice.i_multifmt_slice/gen_num_lanes[0].active_lane.lane_instance.i_fpnew_cast_multi/rvfi_probes_o[instr][wbdata][3][0]_INST_0_i_8_n_0
    SLICE_X78Y31         CARRY4 (Prop_carry4_CI_O[1])
                                                      0.334    16.452 f  ex_stage_i/fpu_gen.fpu_i/fpu_gen.i_fpnew_bulk/gen_operation_groups[3].i_opgroup_block/gen_merged_slice.i_multifmt_slice/gen_num_lanes[0].active_lane.lane_instance.i_fpnew_cast_multi/rvfi_probes_o[instr][wbdata][3][7]_INST_0_i_16/O[1]
                         net (fo=4, routed)           0.591    17.043    ex_stage_i/fpu_gen.fpu_i/fpu_gen.i_fpnew_bulk/gen_operation_groups[3].i_opgroup_block/gen_merged_slice.i_multifmt_slice/gen_num_lanes[0].active_lane.lane_instance.i_fpnew_cast_multi/rounded_abs[5]
    SLICE_X77Y31         LUT1 (Prop_lut1_I0_O)        0.303    17.346 r  ex_stage_i/fpu_gen.fpu_i/fpu_gen.i_fpnew_bulk/gen_operation_groups[3].i_opgroup_block/gen_merged_slice.i_multifmt_slice/gen_num_lanes[0].active_lane.lane_instance.i_fpnew_cast_multi/rvfi_probes_o[instr][wbdata][3][8]_INST_0_i_12/O
                         net (fo=1, routed)           0.000    17.346    ex_stage_i/fpu_gen.fpu_i/fpu_gen.i_fpnew_bulk/gen_operation_groups[3].i_opgroup_block/gen_merged_slice.i_multifmt_slice/gen_num_lanes[0].active_lane.lane_instance.i_fpnew_cast_multi/rvfi_probes_o[instr][wbdata][3][8]_INST_0_i_12_n_0
    SLICE_X77Y31         CARRY4 (Prop_carry4_S[0]_CO[3])
                                                      0.532    17.878 r  ex_stage_i/fpu_gen.fpu_i/fpu_gen.i_fpnew_bulk/gen_operation_groups[3].i_opgroup_block/gen_merged_slice.i_multifmt_slice/gen_num_lanes[0].active_lane.lane_instance.i_fpnew_cast_multi/rvfi_probes_o[instr][wbdata][3][8]_INST_0_i_8/CO[3]
                         net (fo=1, routed)           0.000    17.878    ex_stage_i/fpu_gen.fpu_i/fpu_gen.i_fpnew_bulk/gen_operation_groups[3].i_opgroup_block/gen_merged_slice.i_multifmt_slice/gen_num_lanes[0].active_lane.lane_instance.i_fpnew_cast_multi/rvfi_probes_o[instr][wbdata][3][8]_INST_0_i_8_n_0
    SLICE_X77Y32         CARRY4 (Prop_carry4_CI_CO[3])
                                                      0.114    17.992 r  ex_stage_i/fpu_gen.fpu_i/fpu_gen.i_fpnew_bulk/gen_operation_groups[3].i_opgroup_block/gen_merged_slice.i_multifmt_slice/gen_num_lanes[0].active_lane.lane_instance.i_fpnew_cast_multi/rvfi_probes_o[instr][wbdata][3][12]_INST_0_i_7/CO[3]
                         net (fo=1, routed)           0.000    17.992    ex_stage_i/fpu_gen.fpu_i/fpu_gen.i_fpnew_bulk/gen_operation_groups[3].i_opgroup_block/gen_merged_slice.i_multifmt_slice/gen_num_lanes[0].active_lane.lane_instance.i_fpnew_cast_multi/rvfi_probes_o[instr][wbdata][3][12]_INST_0_i_7_n_0
    SLICE_X77Y33         CARRY4 (Prop_carry4_CI_CO[3])
                                                      0.114    18.106 r  ex_stage_i/fpu_gen.fpu_i/fpu_gen.i_fpnew_bulk/gen_operation_groups[3].i_opgroup_block/gen_merged_slice.i_multifmt_slice/gen_num_lanes[0].active_lane.lane_instance.i_fpnew_cast_multi/rvfi_probes_o[instr][wbdata][3][16]_INST_0_i_7/CO[3]
                         net (fo=1, routed)           0.000    18.106    ex_stage_i/fpu_gen.fpu_i/fpu_gen.i_fpnew_bulk/gen_operation_groups[3].i_opgroup_block/gen_merged_slice.i_multifmt_slice/gen_num_lanes[0].active_lane.lane_instance.i_fpnew_cast_multi/rvfi_probes_o[instr][wbdata][3][16]_INST_0_i_7_n_0
    SLICE_X77Y34         CARRY4 (Prop_carry4_CI_CO[3])
                                                      0.114    18.220 r  ex_stage_i/fpu_gen.fpu_i/fpu_gen.i_fpnew_bulk/gen_operation_groups[3].i_opgroup_block/gen_merged_slice.i_multifmt_slice/gen_num_lanes[0].active_lane.lane_instance.i_fpnew_cast_multi/rvfi_probes_o[instr][wbdata][3][20]_INST_0_i_8/CO[3]
                         net (fo=1, routed)           0.000    18.220    ex_stage_i/fpu_gen.fpu_i/fpu_gen.i_fpnew_bulk/gen_operation_groups[3].i_opgroup_block/gen_merged_slice.i_multifmt_slice/gen_num_lanes[0].active_lane.lane_instance.i_fpnew_cast_multi/rvfi_probes_o[instr][wbdata][3][20]_INST_0_i_8_n_0
    SLICE_X77Y35         CARRY4 (Prop_carry4_CI_CO[3])
                                                      0.114    18.334 r  ex_stage_i/fpu_gen.fpu_i/fpu_gen.i_fpnew_bulk/gen_operation_groups[3].i_opgroup_block/gen_merged_slice.i_multifmt_slice/gen_num_lanes[0].active_lane.lane_instance.i_fpnew_cast_multi/rvfi_probes_o[instr][wbdata][3][24]_INST_0_i_9/CO[3]
                         net (fo=1, routed)           0.000    18.334    ex_stage_i/fpu_gen.fpu_i/fpu_gen.i_fpnew_bulk/gen_operation_groups[3].i_opgroup_block/gen_merged_slice.i_multifmt_slice/gen_num_lanes[0].active_lane.lane_instance.i_fpnew_cast_multi/rvfi_probes_o[instr][wbdata][3][24]_INST_0_i_9_n_0
    SLICE_X77Y36         CARRY4 (Prop_carry4_CI_O[2])
                                                      0.239    18.573 f  ex_stage_i/fpu_gen.fpu_i/fpu_gen.i_fpnew_bulk/gen_operation_groups[3].i_opgroup_block/gen_merged_slice.i_multifmt_slice/gen_num_lanes[0].active_lane.lane_instance.i_fpnew_cast_multi/rvfi_probes_o[instr][wbdata][3][28]_INST_0_i_9/O[2]
                         net (fo=2, routed)           0.782    19.355    ex_stage_i/fpu_gen.fpu_i/fpu_gen.i_fpnew_bulk/gen_operation_groups[3].i_opgroup_block/gen_merged_slice.i_multifmt_slice/gen_num_lanes[0].active_lane.lane_instance.i_fpnew_cast_multi/rounded_uint_res0[27]
    SLICE_X76Y37         LUT5 (Prop_lut5_I1_O)        0.302    19.657 f  ex_stage_i/fpu_gen.fpu_i/fpu_gen.i_fpnew_bulk/gen_operation_groups[3].i_opgroup_block/gen_merged_slice.i_multifmt_slice/gen_num_lanes[0].active_lane.lane_instance.i_fpnew_cast_multi/rvfi_probes_o[instr][wbdata][3][30]_INST_0_i_230/O
                         net (fo=1, routed)           0.492    20.149    ex_stage_i/fpu_gen.fpu_i/fpu_gen.i_fpnew_bulk/gen_operation_groups[3].i_opgroup_block/gen_merged_slice.i_multifmt_slice/gen_num_lanes[0].active_lane.lane_instance.i_fpnew_cast_multi/rvfi_probes_o[instr][wbdata][3][30]_INST_0_i_230_n_0
    SLICE_X76Y36         LUT6 (Prop_lut6_I5_O)        0.124    20.273 f  ex_stage_i/fpu_gen.fpu_i/fpu_gen.i_fpnew_bulk/gen_operation_groups[3].i_opgroup_block/gen_merged_slice.i_multifmt_slice/gen_num_lanes[0].active_lane.lane_instance.i_fpnew_cast_multi/rvfi_probes_o[instr][wbdata][3][30]_INST_0_i_204/O
                         net (fo=1, routed)           0.566    20.839    ex_stage_i/fpu_gen.fpu_i/fpu_gen.i_fpnew_bulk/gen_operation_groups[3].i_opgroup_block/gen_merged_slice.i_multifmt_slice/gen_num_lanes[0].active_lane.lane_instance.i_fpnew_cast_multi/rvfi_probes_o[instr][wbdata][3][30]_INST_0_i_204_n_0
    SLICE_X79Y33         LUT6 (Prop_lut6_I2_O)        0.124    20.963 f  ex_stage_i/fpu_gen.fpu_i/fpu_gen.i_fpnew_bulk/gen_operation_groups[3].i_opgroup_block/gen_merged_slice.i_multifmt_slice/gen_num_lanes[0].active_lane.lane_instance.i_fpnew_cast_multi/rvfi_probes_o[instr][wbdata][3][30]_INST_0_i_160/O
                         net (fo=1, routed)           0.318    21.281    ex_stage_i/fpu_gen.fpu_i/fpu_gen.i_fpnew_bulk/gen_operation_groups[3].i_opgroup_block/gen_merged_slice.i_multifmt_slice/gen_num_lanes[0].active_lane.lane_instance.i_fpnew_cast_multi/rvfi_probes_o[instr][wbdata][3][30]_INST_0_i_160_n_0
    SLICE_X80Y33         LUT6 (Prop_lut6_I1_O)        0.124    21.405 f  ex_stage_i/fpu_gen.fpu_i/fpu_gen.i_fpnew_bulk/gen_operation_groups[3].i_opgroup_block/gen_merged_slice.i_multifmt_slice/gen_num_lanes[0].active_lane.lane_instance.i_fpnew_cast_multi/rvfi_probes_o[instr][wbdata][3][30]_INST_0_i_97/O
                         net (fo=1, routed)           0.291    21.696    ex_stage_i/fpu_gen.fpu_i/fpu_gen.i_fpnew_bulk/gen_operation_groups[3].i_opgroup_block/gen_merged_slice.i_multifmt_slice/gen_num_lanes[0].active_lane.lane_instance.i_fpnew_cast_multi/rvfi_probes_o[instr][wbdata][3][30]_INST_0_i_97_n_0
    SLICE_X81Y33         LUT4 (Prop_lut4_I2_O)        0.124    21.820 f  ex_stage_i/fpu_gen.fpu_i/fpu_gen.i_fpnew_bulk/gen_operation_groups[3].i_opgroup_block/gen_merged_slice.i_multifmt_slice/gen_num_lanes[0].active_lane.lane_instance.i_fpnew_cast_multi/rvfi_probes_o[instr][wbdata][3][30]_INST_0_i_55/O
                         net (fo=1, routed)           0.151    21.971    ex_stage_i/fpu_gen.fpu_i/fpu_gen.i_fpnew_bulk/gen_operation_groups[3].i_opgroup_block/gen_merged_slice.i_multifmt_slice/gen_num_lanes[0].active_lane.lane_instance.i_fpnew_cast_multi/rvfi_probes_o[instr][wbdata][3][30]_INST_0_i_55_n_0
    SLICE_X81Y33         LUT6 (Prop_lut6_I1_O)        0.124    22.095 r  ex_stage_i/fpu_gen.fpu_i/fpu_gen.i_fpnew_bulk/gen_operation_groups[3].i_opgroup_block/gen_merged_slice.i_multifmt_slice/gen_num_lanes[0].active_lane.lane_instance.i_fpnew_cast_multi/rvfi_probes_o[instr][wbdata][3][30]_INST_0_i_37/O
                         net (fo=3, routed)           0.548    22.643    ex_stage_i/fpu_gen.fpu_i/fpu_gen.i_fpnew_bulk/gen_operation_groups[3].i_opgroup_block/gen_merged_slice.i_multifmt_slice/gen_num_lanes[0].active_lane.lane_instance.i_fpnew_cast_multi/rvfi_probes_o[instr][wbdata][3][30]_INST_0_i_37_n_0
    SLICE_X75Y33         LUT6 (Prop_lut6_I1_O)        0.124    22.767 f  ex_stage_i/fpu_gen.fpu_i/fpu_gen.i_fpnew_bulk/gen_operation_groups[3].i_opgroup_block/gen_merged_slice.i_multifmt_slice/gen_num_lanes[0].active_lane.lane_instance.i_fpnew_cast_multi/rvfi_probes_o[instr][wbdata][3][30]_INST_0_i_19/O
                         net (fo=33, routed)          0.730    23.497    ex_stage_i/fpu_gen.fpu_i/fpu_gen.i_fpnew_bulk/gen_operation_groups[3].i_opgroup_block/gen_merged_slice.i_multifmt_slice/gen_num_lanes[0].active_lane.lane_instance.i_fpnew_cast_multi/rvfi_probes_o[instr][wbdata][3][30]_INST_0_i_19_n_0
    SLICE_X72Y32         LUT6 (Prop_lut6_I0_O)        0.124    23.621 r  ex_stage_i/fpu_gen.fpu_i/fpu_gen.i_fpnew_bulk/gen_operation_groups[3].i_opgroup_block/gen_merged_slice.i_multifmt_slice/gen_num_lanes[0].active_lane.lane_instance.i_fpnew_cast_multi/rvfi_probes_o[instr][wbdata][3][0]_INST_0_i_4/O
                         net (fo=1, routed)           0.586    24.206    ex_stage_i/fpu_gen.fpu_i/fpu_gen.i_fpnew_bulk/gen_operation_groups[3].i_opgroup_block/gen_merged_slice.i_multifmt_slice/gen_num_lanes[0].active_lane.lane_instance.i_fpnew_cast_multi/rvfi_probes_o[instr][wbdata][3][0]_INST_0_i_4_n_0
    SLICE_X70Y32         LUT5 (Prop_lut5_I2_O)        0.124    24.330 r  ex_stage_i/fpu_gen.fpu_i/fpu_gen.i_fpnew_bulk/gen_operation_groups[3].i_opgroup_block/gen_merged_slice.i_multifmt_slice/gen_num_lanes[0].active_lane.lane_instance.i_fpnew_cast_multi/rvfi_probes_o[instr][wbdata][3][0]_INST_0_i_1/O
                         net (fo=1, routed)           0.282    24.613    ex_stage_i/fpu_gen.fpu_i/fpu_gen.i_fpnew_bulk/i_arbiter/opgrp_outputs[3][result][0]
    SLICE_X69Y32         LUT6 (Prop_lut6_I0_O)        0.124    24.737 r  ex_stage_i/fpu_gen.fpu_i/fpu_gen.i_fpnew_bulk/i_arbiter/rvfi_probes_o[instr][wbdata][3][0]_INST_0/O
                         net (fo=7, routed)           0.670    25.407    issue_stage_i/i_scoreboard/fu_data_q[0][imm][0]_i_2_0
    SLICE_X69Y28         LUT6 (Prop_lut6_I3_O)        0.124    25.531 r  issue_stage_i/i_scoreboard/rvfi_probes_o[instr][rs1][0][0]_INST_0_i_5/O
                         net (fo=1, routed)           0.485    26.016    issue_stage_i/i_scoreboard/rvfi_probes_o[instr][rs1][0][0]_INST_0_i_5_n_0
    SLICE_X69Y26         LUT6 (Prop_lut6_I5_O)        0.124    26.140 r  issue_stage_i/i_scoreboard/rvfi_probes_o[instr][rs1][0][0]_INST_0_i_2/O
                         net (fo=1, routed)           0.403    26.543    id_stage_i/rs1_res[0]_1[0]
    SLICE_X69Y26         LUT6 (Prop_lut6_I4_O)        0.124    26.667 r  id_stage_i/rvfi_probes_o[instr][rs1][0][0]_INST_0/O
                         net (fo=1, unset)            0.973    27.640    rvfi_probes_o[instr][rs1][0][0]
                                                                      r  rvfi_probes_o[instr][rs1][0][0] (OUT)
  -------------------------------------------------------------------    -------------------

Slack:                    inf
  Source:                 ex_stage_i/fpu_gen.fpu_i/fpu_gen.i_fpnew_bulk/gen_operation_groups[3].i_opgroup_block/gen_merged_slice.i_multifmt_slice/gen_num_lanes[0].active_lane.lane_instance.i_fpnew_cast_multi/gen_inside_pipeline[0].mid_pipe_dst_fmt_q_reg[1][2]/C
                            (rising edge-triggered cell FDCE clocked by clk_i  {rise@0.000ns fall@12.500ns period=25.000ns})
  Destination:            rvfi_probes_o[instr][rs1][0][28]
                            (output port)
  Path Group:             (none)
  Path Type:              Max at Slow Process Corner
  Data Path Delay:        26.658ns  (logic 8.937ns (33.524%)  route 17.721ns (66.476%))
  Logic Levels:           40  (CARRY4=12 LUT1=1 LUT2=2 LUT3=3 LUT4=3 LUT5=2 LUT6=16 MUXF7=1)
  Clock Uncertainty:      0.025ns  ((TSJ^2 + TIJ^2)^1/2 + DJ) / 2 + PE
    Total System Jitter     (TSJ):    0.050ns
    Total Input Jitter      (TIJ):    0.000ns
    Discrete Jitter          (DJ):    0.000ns
    Phase Error              (PE):    0.000ns

    Location             Delay type                Incr(ns)  Path(ns)    Netlist Resource(s)
  -------------------------------------------------------------------    -------------------
                         (clock clk_i rise edge)      0.000     0.000 r  
                                                      0.000     0.000 r  clk_i (IN)
                         net (fo=6832, unset)         0.973     0.973    ex_stage_i/fpu_gen.fpu_i/fpu_gen.i_fpnew_bulk/gen_operation_groups[3].i_opgroup_block/gen_merged_slice.i_multifmt_slice/gen_num_lanes[0].active_lane.lane_instance.i_fpnew_cast_multi/clk_i
    SLICE_X85Y28         FDCE                                         r  ex_stage_i/fpu_gen.fpu_i/fpu_gen.i_fpnew_bulk/gen_operation_groups[3].i_opgroup_block/gen_merged_slice.i_multifmt_slice/gen_num_lanes[0].active_lane.lane_instance.i_fpnew_cast_multi/gen_inside_pipeline[0].mid_pipe_dst_fmt_q_reg[1][2]/C
  -------------------------------------------------------------------    -------------------
    SLICE_X85Y28         FDCE (Prop_fdce_C_Q)         0.456     1.429 r  ex_stage_i/fpu_gen.fpu_i/fpu_gen.i_fpnew_bulk/gen_operation_groups[3].i_opgroup_block/gen_merged_slice.i_multifmt_slice/gen_num_lanes[0].active_lane.lane_instance.i_fpnew_cast_multi/gen_inside_pipeline[0].mid_pipe_dst_fmt_q_reg[1][2]/Q
                         net (fo=147, routed)         0.494     1.923    ex_stage_i/fpu_gen.fpu_i/fpu_gen.i_fpnew_bulk/gen_operation_groups[3].i_opgroup_block/gen_merged_slice.i_multifmt_slice/gen_num_lanes[0].active_lane.lane_instance.i_fpnew_cast_multi/gen_inside_pipeline[0].mid_pipe_dst_fmt_q_reg_n_0_[1][2]
    SLICE_X84Y28         LUT3 (Prop_lut3_I0_O)        0.124     2.047 r  ex_stage_i/fpu_gen.fpu_i/fpu_gen.i_fpnew_bulk/gen_operation_groups[3].i_opgroup_block/gen_merged_slice.i_multifmt_slice/gen_num_lanes[0].active_lane.lane_instance.i_fpnew_cast_multi/of_before_round1__7_carry_i_1/O
                         net (fo=8, routed)           0.344     2.391    ex_stage_i/fpu_gen.fpu_i/fpu_gen.i_fpnew_bulk/gen_operation_groups[3].i_opgroup_block/gen_merged_slice.i_multifmt_slice/gen_num_lanes[0].active_lane.lane_instance.i_fpnew_cast_multi/of_before_round1__7_carry_i_1_n_0
    SLICE_X85Y29         CARRY4 (Prop_carry4_CYINIT_CO[3])
                                                      0.580     2.971 r  ex_stage_i/fpu_gen.fpu_i/fpu_gen.i_fpnew_bulk/gen_operation_groups[3].i_opgroup_block/gen_merged_slice.i_multifmt_slice/gen_num_lanes[0].active_lane.lane_instance.i_fpnew_cast_multi/of_before_round1__7_carry/CO[3]
                         net (fo=5, routed)           1.003     3.974    ex_stage_i/fpu_gen.fpu_i/fpu_gen.i_fpnew_bulk/gen_operation_groups[3].i_opgroup_block/gen_merged_slice.i_multifmt_slice/gen_num_lanes[0].active_lane.lane_instance.i_fpnew_cast_multi/of_before_round1__7_carry_n_0
    SLICE_X82Y29         CARRY4 (Prop_carry4_CYINIT_CO[2])
                                                      0.608     4.582 r  ex_stage_i/fpu_gen.fpu_i/fpu_gen.i_fpnew_bulk/gen_operation_groups[3].i_opgroup_block/gen_merged_slice.i_multifmt_slice/gen_num_lanes[0].active_lane.lane_instance.i_fpnew_cast_multi/of_before_round0_carry__0_i_9/CO[2]
                         net (fo=20, routed)          0.689     5.271    ex_stage_i/fpu_gen.fpu_i/fpu_gen.i_fpnew_bulk/gen_operation_groups[3].i_opgroup_block/gen_merged_slice.i_multifmt_slice/gen_num_lanes[0].active_lane.lane_instance.i_fpnew_cast_multi/of_before_round0_carry__0_i_9_n_1
    SLICE_X83Y31         LUT2 (Prop_lut2_I0_O)        0.310     5.581 r  ex_stage_i/fpu_gen.fpu_i/fpu_gen.i_fpnew_bulk/gen_operation_groups[3].i_opgroup_block/gen_merged_slice.i_multifmt_slice/gen_num_lanes[0].active_lane.lane_instance.i_fpnew_cast_multi/of_before_round0_carry__1_i_7/O
                         net (fo=1, routed)           0.000     5.581    ex_stage_i/fpu_gen.fpu_i/fpu_gen.i_fpnew_bulk/gen_operation_groups[3].i_opgroup_block/gen_merged_slice.i_multifmt_slice/gen_num_lanes[0].active_lane.lane_instance.i_fpnew_cast_multi/of_before_round0_carry__1_i_7_n_0
    SLICE_X83Y31         CARRY4 (Prop_carry4_S[1]_CO[3])
                                                      0.550     6.131 r  ex_stage_i/fpu_gen.fpu_i/fpu_gen.i_fpnew_bulk/gen_operation_groups[3].i_opgroup_block/gen_merged_slice.i_multifmt_slice/gen_num_lanes[0].active_lane.lane_instance.i_fpnew_cast_multi/of_before_round0_carry__1/CO[3]
                         net (fo=1, routed)           0.000     6.131    ex_stage_i/fpu_gen.fpu_i/fpu_gen.i_fpnew_bulk/gen_operation_groups[3].i_opgroup_block/gen_merged_slice.i_multifmt_slice/gen_num_lanes[0].active_lane.lane_instance.i_fpnew_cast_multi/of_before_round0_carry__1_n_0
    SLICE_X83Y32         CARRY4 (Prop_carry4_CI_CO[3])
                                                      0.114     6.245 f  ex_stage_i/fpu_gen.fpu_i/fpu_gen.i_fpnew_bulk/gen_operation_groups[3].i_opgroup_block/gen_merged_slice.i_multifmt_slice/gen_num_lanes[0].active_lane.lane_instance.i_fpnew_cast_multi/of_before_round0_carry__2/CO[3]
                         net (fo=34, routed)          1.047     7.292    ex_stage_i/fpu_gen.fpu_i/fpu_gen.i_fpnew_bulk/gen_operation_groups[3].i_opgroup_block/gen_merged_slice.i_multifmt_slice/gen_num_lanes[0].active_lane.lane_instance.i_fpnew_cast_multi/of_before_round0__16
    SLICE_X86Y32         LUT3 (Prop_lut3_I0_O)        0.124     7.416 r  ex_stage_i/fpu_gen.fpu_i/fpu_gen.i_fpnew_bulk/gen_operation_groups[3].i_opgroup_block/gen_merged_slice.i_multifmt_slice/gen_num_lanes[0].active_lane.lane_instance.i_fpnew_cast_multi/rvfi_probes_o[instr][wbdata][3][30]_INST_0_i_146/O
                         net (fo=7, routed)           0.463     7.879    ex_stage_i/fpu_gen.fpu_i/fpu_gen.i_fpnew_bulk/gen_operation_groups[3].i_opgroup_block/gen_merged_slice.i_multifmt_slice/gen_num_lanes[0].active_lane.lane_instance.i_fpnew_cast_multi/rvfi_probes_o[instr][wbdata][3][30]_INST_0_i_146_n_0
    SLICE_X86Y33         LUT6 (Prop_lut6_I3_O)        0.124     8.003 r  ex_stage_i/fpu_gen.fpu_i/fpu_gen.i_fpnew_bulk/gen_operation_groups[3].i_opgroup_block/gen_merged_slice.i_multifmt_slice/gen_num_lanes[0].active_lane.lane_instance.i_fpnew_cast_multi/rvfi_probes_o[instr][wbdata][3][30]_INST_0_i_140/O
                         net (fo=87, routed)          1.139     9.141    ex_stage_i/fpu_gen.fpu_i/fpu_gen.i_fpnew_bulk/gen_operation_groups[3].i_opgroup_block/gen_merged_slice.i_multifmt_slice/gen_num_lanes[0].active_lane.lane_instance.i_fpnew_cast_multi/rvfi_probes_o[instr][wbdata][3][30]_INST_0_i_140_n_0
    SLICE_X87Y37         LUT6 (Prop_lut6_I5_O)        0.124     9.265 r  ex_stage_i/fpu_gen.fpu_i/fpu_gen.i_fpnew_bulk/gen_operation_groups[3].i_opgroup_block/gen_merged_slice.i_multifmt_slice/gen_num_lanes[0].active_lane.lane_instance.i_fpnew_cast_multi/mem_q[0][sbe][ex][cause][1]_i_101/O
                         net (fo=2, routed)           0.606     9.872    ex_stage_i/fpu_gen.fpu_i/fpu_gen.i_fpnew_bulk/gen_operation_groups[3].i_opgroup_block/gen_merged_slice.i_multifmt_slice/gen_num_lanes[0].active_lane.lane_instance.i_fpnew_cast_multi/mem_q[0][sbe][ex][cause][1]_i_101_n_0
    SLICE_X86Y37         LUT4 (Prop_lut4_I3_O)        0.124     9.996 r  ex_stage_i/fpu_gen.fpu_i/fpu_gen.i_fpnew_bulk/gen_operation_groups[3].i_opgroup_block/gen_merged_slice.i_multifmt_slice/gen_num_lanes[0].active_lane.lane_instance.i_fpnew_cast_multi/mem_q[0][sbe][ex][cause][1]_i_58/O
                         net (fo=3, routed)           0.641    10.637    ex_stage_i/fpu_gen.fpu_i/fpu_gen.i_fpnew_bulk/gen_operation_groups[3].i_opgroup_block/gen_merged_slice.i_multifmt_slice/gen_num_lanes[0].active_lane.lane_instance.i_fpnew_cast_multi/mem_q[0][sbe][ex][cause][1]_i_58_n_0
    SLICE_X83Y36         LUT5 (Prop_lut5_I3_O)        0.124    10.761 r  ex_stage_i/fpu_gen.fpu_i/fpu_gen.i_fpnew_bulk/gen_operation_groups[3].i_opgroup_block/gen_merged_slice.i_multifmt_slice/gen_num_lanes[0].active_lane.lane_instance.i_fpnew_cast_multi/mem_q[0][sbe][ex][cause][1]_i_68/O
                         net (fo=2, routed)           0.814    11.575    ex_stage_i/fpu_gen.fpu_i/fpu_gen.i_fpnew_bulk/gen_operation_groups[3].i_opgroup_block/gen_merged_slice.i_multifmt_slice/gen_num_lanes[0].active_lane.lane_instance.i_fpnew_cast_multi/mem_q[0][sbe][ex][cause][1]_i_68_n_0
    SLICE_X82Y36         LUT3 (Prop_lut3_I2_O)        0.146    11.721 r  ex_stage_i/fpu_gen.fpu_i/fpu_gen.i_fpnew_bulk/gen_operation_groups[3].i_opgroup_block/gen_merged_slice.i_multifmt_slice/gen_num_lanes[0].active_lane.lane_instance.i_fpnew_cast_multi/mem_q[0][sbe][ex][cause][1]_i_44/O
                         net (fo=2, routed)           0.844    12.565    ex_stage_i/fpu_gen.fpu_i/fpu_gen.i_fpnew_bulk/gen_operation_groups[3].i_opgroup_block/gen_merged_slice.i_multifmt_slice/gen_num_lanes[0].active_lane.lane_instance.i_fpnew_cast_multi/mem_q[0][sbe][ex][cause][1]_i_44_n_0
    SLICE_X81Y35         LUT6 (Prop_lut6_I4_O)        0.328    12.893 r  ex_stage_i/fpu_gen.fpu_i/fpu_gen.i_fpnew_bulk/gen_operation_groups[3].i_opgroup_block/gen_merged_slice.i_multifmt_slice/gen_num_lanes[0].active_lane.lane_instance.i_fpnew_cast_multi/mem_q[0][sbe][ex][cause][1]_i_27/O
                         net (fo=1, routed)           0.797    13.690    ex_stage_i/fpu_gen.fpu_i/fpu_gen.i_fpnew_bulk/gen_operation_groups[3].i_opgroup_block/gen_merged_slice.i_multifmt_slice/gen_num_lanes[0].active_lane.lane_instance.i_fpnew_cast_multi/mem_q[0][sbe][ex][cause][1]_i_27_n_0
    SLICE_X81Y36         LUT6 (Prop_lut6_I0_O)        0.124    13.814 f  ex_stage_i/fpu_gen.fpu_i/fpu_gen.i_fpnew_bulk/gen_operation_groups[3].i_opgroup_block/gen_merged_slice.i_multifmt_slice/gen_num_lanes[0].active_lane.lane_instance.i_fpnew_cast_multi/mem_q[0][sbe][ex][cause][1]_i_18/O
                         net (fo=4, routed)           0.464    14.277    ex_stage_i/fpu_gen.fpu_i/fpu_gen.i_fpnew_bulk/gen_operation_groups[3].i_opgroup_block/gen_merged_slice.i_multifmt_slice/gen_num_lanes[0].active_lane.lane_instance.i_fpnew_cast_multi/mem_q[0][sbe][ex][cause][1]_i_18_n_0
    SLICE_X80Y34         LUT4 (Prop_lut4_I3_O)        0.124    14.401 r  ex_stage_i/fpu_gen.fpu_i/fpu_gen.i_fpnew_bulk/gen_operation_groups[3].i_opgroup_block/gen_merged_slice.i_multifmt_slice/gen_num_lanes[0].active_lane.lane_instance.i_fpnew_cast_multi/rvfi_probes_o[instr][wbdata][3][0]_INST_0_i_52/O
                         net (fo=2, routed)           0.510    14.911    ex_stage_i/fpu_gen.fpu_i/fpu_gen.i_fpnew_bulk/gen_operation_groups[3].i_opgroup_block/gen_merged_slice.i_multifmt_slice/gen_num_lanes[0].active_lane.lane_instance.i_fpnew_cast_multi/rvfi_probes_o[instr][wbdata][3][0]_INST_0_i_52_n_0
    SLICE_X79Y30         LUT2 (Prop_lut2_I0_O)        0.124    15.035 r  ex_stage_i/fpu_gen.fpu_i/fpu_gen.i_fpnew_bulk/gen_operation_groups[3].i_opgroup_block/gen_merged_slice.i_multifmt_slice/gen_num_lanes[0].active_lane.lane_instance.i_fpnew_cast_multi/rvfi_probes_o[instr][wbdata][3][0]_INST_0_i_32/O
                         net (fo=1, routed)           0.426    15.462    ex_stage_i/fpu_gen.fpu_i/fpu_gen.i_fpnew_bulk/gen_operation_groups[3].i_opgroup_block/gen_merged_slice.i_multifmt_slice/gen_num_lanes[0].active_lane.lane_instance.i_fpnew_cast_multi/rvfi_probes_o[instr][wbdata][3][0]_INST_0_i_32_n_0
    SLICE_X78Y30         LUT6 (Prop_lut6_I0_O)        0.124    15.586 r  ex_stage_i/fpu_gen.fpu_i/fpu_gen.i_fpnew_bulk/gen_operation_groups[3].i_opgroup_block/gen_merged_slice.i_multifmt_slice/gen_num_lanes[0].active_lane.lane_instance.i_fpnew_cast_multi/rvfi_probes_o[instr][wbdata][3][0]_INST_0_i_19/O
                         net (fo=1, routed)           0.000    15.586    ex_stage_i/fpu_gen.fpu_i/fpu_gen.i_fpnew_bulk/gen_operation_groups[3].i_opgroup_block/gen_merged_slice.i_multifmt_slice/gen_num_lanes[0].active_lane.lane_instance.i_fpnew_cast_multi/rvfi_probes_o[instr][wbdata][3][0]_INST_0_i_19_n_0
    SLICE_X78Y30         CARRY4 (Prop_carry4_S[0]_CO[3])
                                                      0.532    16.118 r  ex_stage_i/fpu_gen.fpu_i/fpu_gen.i_fpnew_bulk/gen_operation_groups[3].i_opgroup_block/gen_merged_slice.i_multifmt_slice/gen_num_lanes[0].active_lane.lane_instance.i_fpnew_cast_multi/rvfi_probes_o[instr][wbdata][3][0]_INST_0_i_8/CO[3]
                         net (fo=1, routed)           0.000    16.118    ex_stage_i/fpu_gen.fpu_i/fpu_gen.i_fpnew_bulk/gen_operation_groups[3].i_opgroup_block/gen_merged_slice.i_multifmt_slice/gen_num_lanes[0].active_lane.lane_instance.i_fpnew_cast_multi/rvfi_probes_o[instr][wbdata][3][0]_INST_0_i_8_n_0
    SLICE_X78Y31         CARRY4 (Prop_carry4_CI_O[1])
                                                      0.334    16.452 f  ex_stage_i/fpu_gen.fpu_i/fpu_gen.i_fpnew_bulk/gen_operation_groups[3].i_opgroup_block/gen_merged_slice.i_multifmt_slice/gen_num_lanes[0].active_lane.lane_instance.i_fpnew_cast_multi/rvfi_probes_o[instr][wbdata][3][7]_INST_0_i_16/O[1]
                         net (fo=4, routed)           0.591    17.043    ex_stage_i/fpu_gen.fpu_i/fpu_gen.i_fpnew_bulk/gen_operation_groups[3].i_opgroup_block/gen_merged_slice.i_multifmt_slice/gen_num_lanes[0].active_lane.lane_instance.i_fpnew_cast_multi/rounded_abs[5]
    SLICE_X77Y31         LUT1 (Prop_lut1_I0_O)        0.303    17.346 r  ex_stage_i/fpu_gen.fpu_i/fpu_gen.i_fpnew_bulk/gen_operation_groups[3].i_opgroup_block/gen_merged_slice.i_multifmt_slice/gen_num_lanes[0].active_lane.lane_instance.i_fpnew_cast_multi/rvfi_probes_o[instr][wbdata][3][8]_INST_0_i_12/O
                         net (fo=1, routed)           0.000    17.346    ex_stage_i/fpu_gen.fpu_i/fpu_gen.i_fpnew_bulk/gen_operation_groups[3].i_opgroup_block/gen_merged_slice.i_multifmt_slice/gen_num_lanes[0].active_lane.lane_instance.i_fpnew_cast_multi/rvfi_probes_o[instr][wbdata][3][8]_INST_0_i_12_n_0
    SLICE_X77Y31         CARRY4 (Prop_carry4_S[0]_CO[3])
                                                      0.532    17.878 r  ex_stage_i/fpu_gen.fpu_i/fpu_gen.i_fpnew_bulk/gen_operation_groups[3].i_opgroup_block/gen_merged_slice.i_multifmt_slice/gen_num_lanes[0].active_lane.lane_instance.i_fpnew_cast_multi/rvfi_probes_o[instr][wbdata][3][8]_INST_0_i_8/CO[3]
                         net (fo=1, routed)           0.000    17.878    ex_stage_i/fpu_gen.fpu_i/fpu_gen.i_fpnew_bulk/gen_operation_groups[3].i_opgroup_block/gen_merged_slice.i_multifmt_slice/gen_num_lanes[0].active_lane.lane_instance.i_fpnew_cast_multi/rvfi_probes_o[instr][wbdata][3][8]_INST_0_i_8_n_0
    SLICE_X77Y32         CARRY4 (Prop_carry4_CI_CO[3])
                                                      0.114    17.992 r  ex_stage_i/fpu_gen.fpu_i/fpu_gen.i_fpnew_bulk/gen_operation_groups[3].i_opgroup_block/gen_merged_slice.i_multifmt_slice/gen_num_lanes[0].active_lane.lane_instance.i_fpnew_cast_multi/rvfi_probes_o[instr][wbdata][3][12]_INST_0_i_7/CO[3]
                         net (fo=1, routed)           0.000    17.992    ex_stage_i/fpu_gen.fpu_i/fpu_gen.i_fpnew_bulk/gen_operation_groups[3].i_opgroup_block/gen_merged_slice.i_multifmt_slice/gen_num_lanes[0].active_lane.lane_instance.i_fpnew_cast_multi/rvfi_probes_o[instr][wbdata][3][12]_INST_0_i_7_n_0
    SLICE_X77Y33         CARRY4 (Prop_carry4_CI_CO[3])
                                                      0.114    18.106 r  ex_stage_i/fpu_gen.fpu_i/fpu_gen.i_fpnew_bulk/gen_operation_groups[3].i_opgroup_block/gen_merged_slice.i_multifmt_slice/gen_num_lanes[0].active_lane.lane_instance.i_fpnew_cast_multi/rvfi_probes_o[instr][wbdata][3][16]_INST_0_i_7/CO[3]
                         net (fo=1, routed)           0.000    18.106    ex_stage_i/fpu_gen.fpu_i/fpu_gen.i_fpnew_bulk/gen_operation_groups[3].i_opgroup_block/gen_merged_slice.i_multifmt_slice/gen_num_lanes[0].active_lane.lane_instance.i_fpnew_cast_multi/rvfi_probes_o[instr][wbdata][3][16]_INST_0_i_7_n_0
    SLICE_X77Y34         CARRY4 (Prop_carry4_CI_CO[3])
                                                      0.114    18.220 r  ex_stage_i/fpu_gen.fpu_i/fpu_gen.i_fpnew_bulk/gen_operation_groups[3].i_opgroup_block/gen_merged_slice.i_multifmt_slice/gen_num_lanes[0].active_lane.lane_instance.i_fpnew_cast_multi/rvfi_probes_o[instr][wbdata][3][20]_INST_0_i_8/CO[3]
                         net (fo=1, routed)           0.000    18.220    ex_stage_i/fpu_gen.fpu_i/fpu_gen.i_fpnew_bulk/gen_operation_groups[3].i_opgroup_block/gen_merged_slice.i_multifmt_slice/gen_num_lanes[0].active_lane.lane_instance.i_fpnew_cast_multi/rvfi_probes_o[instr][wbdata][3][20]_INST_0_i_8_n_0
    SLICE_X77Y35         CARRY4 (Prop_carry4_CI_CO[3])
                                                      0.114    18.334 r  ex_stage_i/fpu_gen.fpu_i/fpu_gen.i_fpnew_bulk/gen_operation_groups[3].i_opgroup_block/gen_merged_slice.i_multifmt_slice/gen_num_lanes[0].active_lane.lane_instance.i_fpnew_cast_multi/rvfi_probes_o[instr][wbdata][3][24]_INST_0_i_9/CO[3]
                         net (fo=1, routed)           0.000    18.334    ex_stage_i/fpu_gen.fpu_i/fpu_gen.i_fpnew_bulk/gen_operation_groups[3].i_opgroup_block/gen_merged_slice.i_multifmt_slice/gen_num_lanes[0].active_lane.lane_instance.i_fpnew_cast_multi/rvfi_probes_o[instr][wbdata][3][24]_INST_0_i_9_n_0
    SLICE_X77Y36         CARRY4 (Prop_carry4_CI_O[2])
                                                      0.239    18.573 r  ex_stage_i/fpu_gen.fpu_i/fpu_gen.i_fpnew_bulk/gen_operation_groups[3].i_opgroup_block/gen_merged_slice.i_multifmt_slice/gen_num_lanes[0].active_lane.lane_instance.i_fpnew_cast_multi/rvfi_probes_o[instr][wbdata][3][28]_INST_0_i_9/O[2]
                         net (fo=2, routed)           0.782    19.355    ex_stage_i/fpu_gen.fpu_i/fpu_gen.i_fpnew_bulk/gen_operation_groups[3].i_opgroup_block/gen_merged_slice.i_multifmt_slice/gen_num_lanes[0].active_lane.lane_instance.i_fpnew_cast_multi/rounded_uint_res0[27]
    SLICE_X76Y37         LUT5 (Prop_lut5_I1_O)        0.302    19.657 r  ex_stage_i/fpu_gen.fpu_i/fpu_gen.i_fpnew_bulk/gen_operation_groups[3].i_opgroup_block/gen_merged_slice.i_multifmt_slice/gen_num_lanes[0].active_lane.lane_instance.i_fpnew_cast_multi/rvfi_probes_o[instr][wbdata][3][30]_INST_0_i_230/O
                         net (fo=1, routed)           0.492    20.149    ex_stage_i/fpu_gen.fpu_i/fpu_gen.i_fpnew_bulk/gen_operation_groups[3].i_opgroup_block/gen_merged_slice.i_multifmt_slice/gen_num_lanes[0].active_lane.lane_instance.i_fpnew_cast_multi/rvfi_probes_o[instr][wbdata][3][30]_INST_0_i_230_n_0
    SLICE_X76Y36         LUT6 (Prop_lut6_I5_O)        0.124    20.273 r  ex_stage_i/fpu_gen.fpu_i/fpu_gen.i_fpnew_bulk/gen_operation_groups[3].i_opgroup_block/gen_merged_slice.i_multifmt_slice/gen_num_lanes[0].active_lane.lane_instance.i_fpnew_cast_multi/rvfi_probes_o[instr][wbdata][3][30]_INST_0_i_204/O
                         net (fo=1, routed)           0.566    20.839    ex_stage_i/fpu_gen.fpu_i/fpu_gen.i_fpnew_bulk/gen_operation_groups[3].i_opgroup_block/gen_merged_slice.i_multifmt_slice/gen_num_lanes[0].active_lane.lane_instance.i_fpnew_cast_multi/rvfi_probes_o[instr][wbdata][3][30]_INST_0_i_204_n_0
    SLICE_X79Y33         LUT6 (Prop_lut6_I2_O)        0.124    20.963 r  ex_stage_i/fpu_gen.fpu_i/fpu_gen.i_fpnew_bulk/gen_operation_groups[3].i_opgroup_block/gen_merged_slice.i_multifmt_slice/gen_num_lanes[0].active_lane.lane_instance.i_fpnew_cast_multi/rvfi_probes_o[instr][wbdata][3][30]_INST_0_i_160/O
                         net (fo=1, routed)           0.318    21.281    ex_stage_i/fpu_gen.fpu_i/fpu_gen.i_fpnew_bulk/gen_operation_groups[3].i_opgroup_block/gen_merged_slice.i_multifmt_slice/gen_num_lanes[0].active_lane.lane_instance.i_fpnew_cast_multi/rvfi_probes_o[instr][wbdata][3][30]_INST_0_i_160_n_0
    SLICE_X80Y33         LUT6 (Prop_lut6_I1_O)        0.124    21.405 r  ex_stage_i/fpu_gen.fpu_i/fpu_gen.i_fpnew_bulk/gen_operation_groups[3].i_opgroup_block/gen_merged_slice.i_multifmt_slice/gen_num_lanes[0].active_lane.lane_instance.i_fpnew_cast_multi/rvfi_probes_o[instr][wbdata][3][30]_INST_0_i_97/O
                         net (fo=1, routed)           0.291    21.696    ex_stage_i/fpu_gen.fpu_i/fpu_gen.i_fpnew_bulk/gen_operation_groups[3].i_opgroup_block/gen_merged_slice.i_multifmt_slice/gen_num_lanes[0].active_lane.lane_instance.i_fpnew_cast_multi/rvfi_probes_o[instr][wbdata][3][30]_INST_0_i_97_n_0
    SLICE_X81Y33         LUT4 (Prop_lut4_I2_O)        0.124    21.820 r  ex_stage_i/fpu_gen.fpu_i/fpu_gen.i_fpnew_bulk/gen_operation_groups[3].i_opgroup_block/gen_merged_slice.i_multifmt_slice/gen_num_lanes[0].active_lane.lane_instance.i_fpnew_cast_multi/rvfi_probes_o[instr][wbdata][3][30]_INST_0_i_55/O
                         net (fo=1, routed)           0.151    21.971    ex_stage_i/fpu_gen.fpu_i/fpu_gen.i_fpnew_bulk/gen_operation_groups[3].i_opgroup_block/gen_merged_slice.i_multifmt_slice/gen_num_lanes[0].active_lane.lane_instance.i_fpnew_cast_multi/rvfi_probes_o[instr][wbdata][3][30]_INST_0_i_55_n_0
    SLICE_X81Y33         LUT6 (Prop_lut6_I1_O)        0.124    22.095 f  ex_stage_i/fpu_gen.fpu_i/fpu_gen.i_fpnew_bulk/gen_operation_groups[3].i_opgroup_block/gen_merged_slice.i_multifmt_slice/gen_num_lanes[0].active_lane.lane_instance.i_fpnew_cast_multi/rvfi_probes_o[instr][wbdata][3][30]_INST_0_i_37/O
                         net (fo=3, routed)           0.493    22.588    ex_stage_i/fpu_gen.fpu_i/fpu_gen.i_fpnew_bulk/gen_operation_groups[3].i_opgroup_block/gen_merged_slice.i_multifmt_slice/gen_num_lanes[0].active_lane.lane_instance.i_fpnew_cast_multi/rvfi_probes_o[instr][wbdata][3][30]_INST_0_i_37_n_0
    SLICE_X75Y35         LUT6 (Prop_lut6_I4_O)        0.124    22.712 r  ex_stage_i/fpu_gen.fpu_i/fpu_gen.i_fpnew_bulk/gen_operation_groups[3].i_opgroup_block/gen_merged_slice.i_multifmt_slice/gen_num_lanes[0].active_lane.lane_instance.i_fpnew_cast_multi/rvfi_probes_o[instr][wbdata][3][30]_INST_0_i_21/O
                         net (fo=3, routed)           0.309    23.021    ex_stage_i/fpu_gen.fpu_i/fpu_gen.i_fpnew_bulk/gen_operation_groups[3].i_opgroup_block/gen_merged_slice.i_multifmt_slice/gen_num_lanes[0].active_lane.lane_instance.i_fpnew_cast_multi/rvfi_probes_o[instr][wbdata][3][30]_INST_0_i_21_n_0
    SLICE_X73Y35         LUT6 (Prop_lut6_I3_O)        0.124    23.145 f  ex_stage_i/fpu_gen.fpu_i/fpu_gen.i_fpnew_bulk/gen_operation_groups[3].i_opgroup_block/gen_merged_slice.i_multifmt_slice/gen_num_lanes[0].active_lane.lane_instance.i_fpnew_cast_multi/rvfi_probes_o[instr][wbdata][3][29]_INST_0_i_7/O
                         net (fo=31, routed)          0.693    23.839    ex_stage_i/fpu_gen.fpu_i/fpu_gen.i_fpnew_bulk/gen_operation_groups[3].i_opgroup_block/gen_merged_slice.i_multifmt_slice/gen_num_lanes[0].active_lane.lane_instance.i_fpnew_cast_multi/rvfi_probes_o[instr][wbdata][3][29]_INST_0_i_7_n_0
    SLICE_X74Y37         LUT6 (Prop_lut6_I0_O)        0.124    23.963 f  ex_stage_i/fpu_gen.fpu_i/fpu_gen.i_fpnew_bulk/gen_operation_groups[3].i_opgroup_block/gen_merged_slice.i_multifmt_slice/gen_num_lanes[0].active_lane.lane_instance.i_fpnew_cast_multi/rvfi_probes_o[instr][wbdata][3][28]_INST_0_i_4/O
                         net (fo=1, routed)           0.433    24.396    ex_stage_i/fpu_gen.fpu_i/fpu_gen.i_fpnew_bulk/gen_operation_groups[3].i_opgroup_block/gen_merged_slice.i_multifmt_slice/gen_num_lanes[0].active_lane.lane_instance.i_fpnew_cast_multi/rvfi_probes_o[instr][wbdata][3][28]_INST_0_i_4_n_0
    SLICE_X72Y39         LUT6 (Prop_lut6_I2_O)        0.124    24.520 r  ex_stage_i/fpu_gen.fpu_i/fpu_gen.i_fpnew_bulk/gen_operation_groups[3].i_opgroup_block/gen_merged_slice.i_multifmt_slice/gen_num_lanes[0].active_lane.lane_instance.i_fpnew_cast_multi/rvfi_probes_o[instr][wbdata][3][28]_INST_0_i_2/O
                         net (fo=1, routed)           0.000    24.520    ex_stage_i/fpu_gen.fpu_i/fpu_gen.i_fpnew_bulk/i_arbiter/gen_arbiter.data_nodes[2][result][2]
    SLICE_X72Y39         MUXF7 (Prop_muxf7_I1_O)      0.245    24.765 r  ex_stage_i/fpu_gen.fpu_i/fpu_gen.i_fpnew_bulk/i_arbiter/rvfi_probes_o[instr][wbdata][3][28]_INST_0/O
                         net (fo=7, routed)           0.492    25.258    issue_stage_i/i_scoreboard/fu_data_q[0][imm][28]_i_2_0
    SLICE_X74Y37         LUT6 (Prop_lut6_I3_O)        0.298    25.556 r  issue_stage_i/i_scoreboard/rvfi_probes_o[instr][rs1][0][28]_INST_0_i_4/O
                         net (fo=1, routed)           0.452    26.007    issue_stage_i/i_scoreboard/rvfi_probes_o[instr][rs1][0][28]_INST_0_i_4_n_0
    SLICE_X75Y37         LUT6 (Prop_lut6_I5_O)        0.124    26.131 r  issue_stage_i/i_scoreboard/rvfi_probes_o[instr][rs1][0][28]_INST_0_i_2/O
                         net (fo=1, routed)           0.403    26.534    id_stage_i/rs1_res[0]_1[28]
    SLICE_X75Y37         LUT6 (Prop_lut6_I5_O)        0.124    26.658 r  id_stage_i/rvfi_probes_o[instr][rs1][0][28]_INST_0/O
                         net (fo=1, unset)            0.973    27.631    rvfi_probes_o[instr][rs1][0][28]
                                                                      r  rvfi_probes_o[instr][rs1][0][28] (OUT)
  -------------------------------------------------------------------    -------------------

Slack:                    inf
  Source:                 ex_stage_i/fpu_gen.fpu_i/fpu_gen.i_fpnew_bulk/gen_operation_groups[3].i_opgroup_block/gen_merged_slice.i_multifmt_slice/gen_num_lanes[0].active_lane.lane_instance.i_fpnew_cast_multi/gen_inside_pipeline[0].mid_pipe_dst_fmt_q_reg[1][2]/C
                            (rising edge-triggered cell FDCE clocked by clk_i  {rise@0.000ns fall@12.500ns period=25.000ns})
  Destination:            rvfi_probes_o[instr][rs2][0][28]
                            (output port)
  Path Group:             (none)
  Path Type:              Max at Slow Process Corner
  Data Path Delay:        26.644ns  (logic 8.937ns (33.542%)  route 17.707ns (66.458%))
  Logic Levels:           40  (CARRY4=12 LUT1=1 LUT2=2 LUT3=3 LUT4=3 LUT5=2 LUT6=16 MUXF7=1)
  Clock Uncertainty:      0.025ns  ((TSJ^2 + TIJ^2)^1/2 + DJ) / 2 + PE
    Total System Jitter     (TSJ):    0.050ns
    Total Input Jitter      (TIJ):    0.000ns
    Discrete Jitter          (DJ):    0.000ns
    Phase Error              (PE):    0.000ns

    Location             Delay type                Incr(ns)  Path(ns)    Netlist Resource(s)
  -------------------------------------------------------------------    -------------------
                         (clock clk_i rise edge)      0.000     0.000 r  
                                                      0.000     0.000 r  clk_i (IN)
                         net (fo=6832, unset)         0.973     0.973    ex_stage_i/fpu_gen.fpu_i/fpu_gen.i_fpnew_bulk/gen_operation_groups[3].i_opgroup_block/gen_merged_slice.i_multifmt_slice/gen_num_lanes[0].active_lane.lane_instance.i_fpnew_cast_multi/clk_i
    SLICE_X85Y28         FDCE                                         r  ex_stage_i/fpu_gen.fpu_i/fpu_gen.i_fpnew_bulk/gen_operation_groups[3].i_opgroup_block/gen_merged_slice.i_multifmt_slice/gen_num_lanes[0].active_lane.lane_instance.i_fpnew_cast_multi/gen_inside_pipeline[0].mid_pipe_dst_fmt_q_reg[1][2]/C
  -------------------------------------------------------------------    -------------------
    SLICE_X85Y28         FDCE (Prop_fdce_C_Q)         0.456     1.429 r  ex_stage_i/fpu_gen.fpu_i/fpu_gen.i_fpnew_bulk/gen_operation_groups[3].i_opgroup_block/gen_merged_slice.i_multifmt_slice/gen_num_lanes[0].active_lane.lane_instance.i_fpnew_cast_multi/gen_inside_pipeline[0].mid_pipe_dst_fmt_q_reg[1][2]/Q
                         net (fo=147, routed)         0.494     1.923    ex_stage_i/fpu_gen.fpu_i/fpu_gen.i_fpnew_bulk/gen_operation_groups[3].i_opgroup_block/gen_merged_slice.i_multifmt_slice/gen_num_lanes[0].active_lane.lane_instance.i_fpnew_cast_multi/gen_inside_pipeline[0].mid_pipe_dst_fmt_q_reg_n_0_[1][2]
    SLICE_X84Y28         LUT3 (Prop_lut3_I0_O)        0.124     2.047 r  ex_stage_i/fpu_gen.fpu_i/fpu_gen.i_fpnew_bulk/gen_operation_groups[3].i_opgroup_block/gen_merged_slice.i_multifmt_slice/gen_num_lanes[0].active_lane.lane_instance.i_fpnew_cast_multi/of_before_round1__7_carry_i_1/O
                         net (fo=8, routed)           0.344     2.391    ex_stage_i/fpu_gen.fpu_i/fpu_gen.i_fpnew_bulk/gen_operation_groups[3].i_opgroup_block/gen_merged_slice.i_multifmt_slice/gen_num_lanes[0].active_lane.lane_instance.i_fpnew_cast_multi/of_before_round1__7_carry_i_1_n_0
    SLICE_X85Y29         CARRY4 (Prop_carry4_CYINIT_CO[3])
                                                      0.580     2.971 r  ex_stage_i/fpu_gen.fpu_i/fpu_gen.i_fpnew_bulk/gen_operation_groups[3].i_opgroup_block/gen_merged_slice.i_multifmt_slice/gen_num_lanes[0].active_lane.lane_instance.i_fpnew_cast_multi/of_before_round1__7_carry/CO[3]
                         net (fo=5, routed)           1.003     3.974    ex_stage_i/fpu_gen.fpu_i/fpu_gen.i_fpnew_bulk/gen_operation_groups[3].i_opgroup_block/gen_merged_slice.i_multifmt_slice/gen_num_lanes[0].active_lane.lane_instance.i_fpnew_cast_multi/of_before_round1__7_carry_n_0
    SLICE_X82Y29         CARRY4 (Prop_carry4_CYINIT_CO[2])
                                                      0.608     4.582 r  ex_stage_i/fpu_gen.fpu_i/fpu_gen.i_fpnew_bulk/gen_operation_groups[3].i_opgroup_block/gen_merged_slice.i_multifmt_slice/gen_num_lanes[0].active_lane.lane_instance.i_fpnew_cast_multi/of_before_round0_carry__0_i_9/CO[2]
                         net (fo=20, routed)          0.689     5.271    ex_stage_i/fpu_gen.fpu_i/fpu_gen.i_fpnew_bulk/gen_operation_groups[3].i_opgroup_block/gen_merged_slice.i_multifmt_slice/gen_num_lanes[0].active_lane.lane_instance.i_fpnew_cast_multi/of_before_round0_carry__0_i_9_n_1
    SLICE_X83Y31         LUT2 (Prop_lut2_I0_O)        0.310     5.581 r  ex_stage_i/fpu_gen.fpu_i/fpu_gen.i_fpnew_bulk/gen_operation_groups[3].i_opgroup_block/gen_merged_slice.i_multifmt_slice/gen_num_lanes[0].active_lane.lane_instance.i_fpnew_cast_multi/of_before_round0_carry__1_i_7/O
                         net (fo=1, routed)           0.000     5.581    ex_stage_i/fpu_gen.fpu_i/fpu_gen.i_fpnew_bulk/gen_operation_groups[3].i_opgroup_block/gen_merged_slice.i_multifmt_slice/gen_num_lanes[0].active_lane.lane_instance.i_fpnew_cast_multi/of_before_round0_carry__1_i_7_n_0
    SLICE_X83Y31         CARRY4 (Prop_carry4_S[1]_CO[3])
                                                      0.550     6.131 r  ex_stage_i/fpu_gen.fpu_i/fpu_gen.i_fpnew_bulk/gen_operation_groups[3].i_opgroup_block/gen_merged_slice.i_multifmt_slice/gen_num_lanes[0].active_lane.lane_instance.i_fpnew_cast_multi/of_before_round0_carry__1/CO[3]
                         net (fo=1, routed)           0.000     6.131    ex_stage_i/fpu_gen.fpu_i/fpu_gen.i_fpnew_bulk/gen_operation_groups[3].i_opgroup_block/gen_merged_slice.i_multifmt_slice/gen_num_lanes[0].active_lane.lane_instance.i_fpnew_cast_multi/of_before_round0_carry__1_n_0
    SLICE_X83Y32         CARRY4 (Prop_carry4_CI_CO[3])
                                                      0.114     6.245 f  ex_stage_i/fpu_gen.fpu_i/fpu_gen.i_fpnew_bulk/gen_operation_groups[3].i_opgroup_block/gen_merged_slice.i_multifmt_slice/gen_num_lanes[0].active_lane.lane_instance.i_fpnew_cast_multi/of_before_round0_carry__2/CO[3]
                         net (fo=34, routed)          1.047     7.292    ex_stage_i/fpu_gen.fpu_i/fpu_gen.i_fpnew_bulk/gen_operation_groups[3].i_opgroup_block/gen_merged_slice.i_multifmt_slice/gen_num_lanes[0].active_lane.lane_instance.i_fpnew_cast_multi/of_before_round0__16
    SLICE_X86Y32         LUT3 (Prop_lut3_I0_O)        0.124     7.416 r  ex_stage_i/fpu_gen.fpu_i/fpu_gen.i_fpnew_bulk/gen_operation_groups[3].i_opgroup_block/gen_merged_slice.i_multifmt_slice/gen_num_lanes[0].active_lane.lane_instance.i_fpnew_cast_multi/rvfi_probes_o[instr][wbdata][3][30]_INST_0_i_146/O
                         net (fo=7, routed)           0.463     7.879    ex_stage_i/fpu_gen.fpu_i/fpu_gen.i_fpnew_bulk/gen_operation_groups[3].i_opgroup_block/gen_merged_slice.i_multifmt_slice/gen_num_lanes[0].active_lane.lane_instance.i_fpnew_cast_multi/rvfi_probes_o[instr][wbdata][3][30]_INST_0_i_146_n_0
    SLICE_X86Y33         LUT6 (Prop_lut6_I3_O)        0.124     8.003 r  ex_stage_i/fpu_gen.fpu_i/fpu_gen.i_fpnew_bulk/gen_operation_groups[3].i_opgroup_block/gen_merged_slice.i_multifmt_slice/gen_num_lanes[0].active_lane.lane_instance.i_fpnew_cast_multi/rvfi_probes_o[instr][wbdata][3][30]_INST_0_i_140/O
                         net (fo=87, routed)          1.139     9.141    ex_stage_i/fpu_gen.fpu_i/fpu_gen.i_fpnew_bulk/gen_operation_groups[3].i_opgroup_block/gen_merged_slice.i_multifmt_slice/gen_num_lanes[0].active_lane.lane_instance.i_fpnew_cast_multi/rvfi_probes_o[instr][wbdata][3][30]_INST_0_i_140_n_0
    SLICE_X87Y37         LUT6 (Prop_lut6_I5_O)        0.124     9.265 r  ex_stage_i/fpu_gen.fpu_i/fpu_gen.i_fpnew_bulk/gen_operation_groups[3].i_opgroup_block/gen_merged_slice.i_multifmt_slice/gen_num_lanes[0].active_lane.lane_instance.i_fpnew_cast_multi/mem_q[0][sbe][ex][cause][1]_i_101/O
                         net (fo=2, routed)           0.606     9.872    ex_stage_i/fpu_gen.fpu_i/fpu_gen.i_fpnew_bulk/gen_operation_groups[3].i_opgroup_block/gen_merged_slice.i_multifmt_slice/gen_num_lanes[0].active_lane.lane_instance.i_fpnew_cast_multi/mem_q[0][sbe][ex][cause][1]_i_101_n_0
    SLICE_X86Y37         LUT4 (Prop_lut4_I3_O)        0.124     9.996 r  ex_stage_i/fpu_gen.fpu_i/fpu_gen.i_fpnew_bulk/gen_operation_groups[3].i_opgroup_block/gen_merged_slice.i_multifmt_slice/gen_num_lanes[0].active_lane.lane_instance.i_fpnew_cast_multi/mem_q[0][sbe][ex][cause][1]_i_58/O
                         net (fo=3, routed)           0.641    10.637    ex_stage_i/fpu_gen.fpu_i/fpu_gen.i_fpnew_bulk/gen_operation_groups[3].i_opgroup_block/gen_merged_slice.i_multifmt_slice/gen_num_lanes[0].active_lane.lane_instance.i_fpnew_cast_multi/mem_q[0][sbe][ex][cause][1]_i_58_n_0
    SLICE_X83Y36         LUT5 (Prop_lut5_I3_O)        0.124    10.761 r  ex_stage_i/fpu_gen.fpu_i/fpu_gen.i_fpnew_bulk/gen_operation_groups[3].i_opgroup_block/gen_merged_slice.i_multifmt_slice/gen_num_lanes[0].active_lane.lane_instance.i_fpnew_cast_multi/mem_q[0][sbe][ex][cause][1]_i_68/O
                         net (fo=2, routed)           0.814    11.575    ex_stage_i/fpu_gen.fpu_i/fpu_gen.i_fpnew_bulk/gen_operation_groups[3].i_opgroup_block/gen_merged_slice.i_multifmt_slice/gen_num_lanes[0].active_lane.lane_instance.i_fpnew_cast_multi/mem_q[0][sbe][ex][cause][1]_i_68_n_0
    SLICE_X82Y36         LUT3 (Prop_lut3_I2_O)        0.146    11.721 r  ex_stage_i/fpu_gen.fpu_i/fpu_gen.i_fpnew_bulk/gen_operation_groups[3].i_opgroup_block/gen_merged_slice.i_multifmt_slice/gen_num_lanes[0].active_lane.lane_instance.i_fpnew_cast_multi/mem_q[0][sbe][ex][cause][1]_i_44/O
                         net (fo=2, routed)           0.844    12.565    ex_stage_i/fpu_gen.fpu_i/fpu_gen.i_fpnew_bulk/gen_operation_groups[3].i_opgroup_block/gen_merged_slice.i_multifmt_slice/gen_num_lanes[0].active_lane.lane_instance.i_fpnew_cast_multi/mem_q[0][sbe][ex][cause][1]_i_44_n_0
    SLICE_X81Y35         LUT6 (Prop_lut6_I4_O)        0.328    12.893 r  ex_stage_i/fpu_gen.fpu_i/fpu_gen.i_fpnew_bulk/gen_operation_groups[3].i_opgroup_block/gen_merged_slice.i_multifmt_slice/gen_num_lanes[0].active_lane.lane_instance.i_fpnew_cast_multi/mem_q[0][sbe][ex][cause][1]_i_27/O
                         net (fo=1, routed)           0.797    13.690    ex_stage_i/fpu_gen.fpu_i/fpu_gen.i_fpnew_bulk/gen_operation_groups[3].i_opgroup_block/gen_merged_slice.i_multifmt_slice/gen_num_lanes[0].active_lane.lane_instance.i_fpnew_cast_multi/mem_q[0][sbe][ex][cause][1]_i_27_n_0
    SLICE_X81Y36         LUT6 (Prop_lut6_I0_O)        0.124    13.814 f  ex_stage_i/fpu_gen.fpu_i/fpu_gen.i_fpnew_bulk/gen_operation_groups[3].i_opgroup_block/gen_merged_slice.i_multifmt_slice/gen_num_lanes[0].active_lane.lane_instance.i_fpnew_cast_multi/mem_q[0][sbe][ex][cause][1]_i_18/O
                         net (fo=4, routed)           0.464    14.277    ex_stage_i/fpu_gen.fpu_i/fpu_gen.i_fpnew_bulk/gen_operation_groups[3].i_opgroup_block/gen_merged_slice.i_multifmt_slice/gen_num_lanes[0].active_lane.lane_instance.i_fpnew_cast_multi/mem_q[0][sbe][ex][cause][1]_i_18_n_0
    SLICE_X80Y34         LUT4 (Prop_lut4_I3_O)        0.124    14.401 r  ex_stage_i/fpu_gen.fpu_i/fpu_gen.i_fpnew_bulk/gen_operation_groups[3].i_opgroup_block/gen_merged_slice.i_multifmt_slice/gen_num_lanes[0].active_lane.lane_instance.i_fpnew_cast_multi/rvfi_probes_o[instr][wbdata][3][0]_INST_0_i_52/O
                         net (fo=2, routed)           0.510    14.911    ex_stage_i/fpu_gen.fpu_i/fpu_gen.i_fpnew_bulk/gen_operation_groups[3].i_opgroup_block/gen_merged_slice.i_multifmt_slice/gen_num_lanes[0].active_lane.lane_instance.i_fpnew_cast_multi/rvfi_probes_o[instr][wbdata][3][0]_INST_0_i_52_n_0
    SLICE_X79Y30         LUT2 (Prop_lut2_I0_O)        0.124    15.035 r  ex_stage_i/fpu_gen.fpu_i/fpu_gen.i_fpnew_bulk/gen_operation_groups[3].i_opgroup_block/gen_merged_slice.i_multifmt_slice/gen_num_lanes[0].active_lane.lane_instance.i_fpnew_cast_multi/rvfi_probes_o[instr][wbdata][3][0]_INST_0_i_32/O
                         net (fo=1, routed)           0.426    15.462    ex_stage_i/fpu_gen.fpu_i/fpu_gen.i_fpnew_bulk/gen_operation_groups[3].i_opgroup_block/gen_merged_slice.i_multifmt_slice/gen_num_lanes[0].active_lane.lane_instance.i_fpnew_cast_multi/rvfi_probes_o[instr][wbdata][3][0]_INST_0_i_32_n_0
    SLICE_X78Y30         LUT6 (Prop_lut6_I0_O)        0.124    15.586 r  ex_stage_i/fpu_gen.fpu_i/fpu_gen.i_fpnew_bulk/gen_operation_groups[3].i_opgroup_block/gen_merged_slice.i_multifmt_slice/gen_num_lanes[0].active_lane.lane_instance.i_fpnew_cast_multi/rvfi_probes_o[instr][wbdata][3][0]_INST_0_i_19/O
                         net (fo=1, routed)           0.000    15.586    ex_stage_i/fpu_gen.fpu_i/fpu_gen.i_fpnew_bulk/gen_operation_groups[3].i_opgroup_block/gen_merged_slice.i_multifmt_slice/gen_num_lanes[0].active_lane.lane_instance.i_fpnew_cast_multi/rvfi_probes_o[instr][wbdata][3][0]_INST_0_i_19_n_0
    SLICE_X78Y30         CARRY4 (Prop_carry4_S[0]_CO[3])
                                                      0.532    16.118 r  ex_stage_i/fpu_gen.fpu_i/fpu_gen.i_fpnew_bulk/gen_operation_groups[3].i_opgroup_block/gen_merged_slice.i_multifmt_slice/gen_num_lanes[0].active_lane.lane_instance.i_fpnew_cast_multi/rvfi_probes_o[instr][wbdata][3][0]_INST_0_i_8/CO[3]
                         net (fo=1, routed)           0.000    16.118    ex_stage_i/fpu_gen.fpu_i/fpu_gen.i_fpnew_bulk/gen_operation_groups[3].i_opgroup_block/gen_merged_slice.i_multifmt_slice/gen_num_lanes[0].active_lane.lane_instance.i_fpnew_cast_multi/rvfi_probes_o[instr][wbdata][3][0]_INST_0_i_8_n_0
    SLICE_X78Y31         CARRY4 (Prop_carry4_CI_O[1])
                                                      0.334    16.452 f  ex_stage_i/fpu_gen.fpu_i/fpu_gen.i_fpnew_bulk/gen_operation_groups[3].i_opgroup_block/gen_merged_slice.i_multifmt_slice/gen_num_lanes[0].active_lane.lane_instance.i_fpnew_cast_multi/rvfi_probes_o[instr][wbdata][3][7]_INST_0_i_16/O[1]
                         net (fo=4, routed)           0.591    17.043    ex_stage_i/fpu_gen.fpu_i/fpu_gen.i_fpnew_bulk/gen_operation_groups[3].i_opgroup_block/gen_merged_slice.i_multifmt_slice/gen_num_lanes[0].active_lane.lane_instance.i_fpnew_cast_multi/rounded_abs[5]
    SLICE_X77Y31         LUT1 (Prop_lut1_I0_O)        0.303    17.346 r  ex_stage_i/fpu_gen.fpu_i/fpu_gen.i_fpnew_bulk/gen_operation_groups[3].i_opgroup_block/gen_merged_slice.i_multifmt_slice/gen_num_lanes[0].active_lane.lane_instance.i_fpnew_cast_multi/rvfi_probes_o[instr][wbdata][3][8]_INST_0_i_12/O
                         net (fo=1, routed)           0.000    17.346    ex_stage_i/fpu_gen.fpu_i/fpu_gen.i_fpnew_bulk/gen_operation_groups[3].i_opgroup_block/gen_merged_slice.i_multifmt_slice/gen_num_lanes[0].active_lane.lane_instance.i_fpnew_cast_multi/rvfi_probes_o[instr][wbdata][3][8]_INST_0_i_12_n_0
    SLICE_X77Y31         CARRY4 (Prop_carry4_S[0]_CO[3])
                                                      0.532    17.878 r  ex_stage_i/fpu_gen.fpu_i/fpu_gen.i_fpnew_bulk/gen_operation_groups[3].i_opgroup_block/gen_merged_slice.i_multifmt_slice/gen_num_lanes[0].active_lane.lane_instance.i_fpnew_cast_multi/rvfi_probes_o[instr][wbdata][3][8]_INST_0_i_8/CO[3]
                         net (fo=1, routed)           0.000    17.878    ex_stage_i/fpu_gen.fpu_i/fpu_gen.i_fpnew_bulk/gen_operation_groups[3].i_opgroup_block/gen_merged_slice.i_multifmt_slice/gen_num_lanes[0].active_lane.lane_instance.i_fpnew_cast_multi/rvfi_probes_o[instr][wbdata][3][8]_INST_0_i_8_n_0
    SLICE_X77Y32         CARRY4 (Prop_carry4_CI_CO[3])
                                                      0.114    17.992 r  ex_stage_i/fpu_gen.fpu_i/fpu_gen.i_fpnew_bulk/gen_operation_groups[3].i_opgroup_block/gen_merged_slice.i_multifmt_slice/gen_num_lanes[0].active_lane.lane_instance.i_fpnew_cast_multi/rvfi_probes_o[instr][wbdata][3][12]_INST_0_i_7/CO[3]
                         net (fo=1, routed)           0.000    17.992    ex_stage_i/fpu_gen.fpu_i/fpu_gen.i_fpnew_bulk/gen_operation_groups[3].i_opgroup_block/gen_merged_slice.i_multifmt_slice/gen_num_lanes[0].active_lane.lane_instance.i_fpnew_cast_multi/rvfi_probes_o[instr][wbdata][3][12]_INST_0_i_7_n_0
    SLICE_X77Y33         CARRY4 (Prop_carry4_CI_CO[3])
                                                      0.114    18.106 r  ex_stage_i/fpu_gen.fpu_i/fpu_gen.i_fpnew_bulk/gen_operation_groups[3].i_opgroup_block/gen_merged_slice.i_multifmt_slice/gen_num_lanes[0].active_lane.lane_instance.i_fpnew_cast_multi/rvfi_probes_o[instr][wbdata][3][16]_INST_0_i_7/CO[3]
                         net (fo=1, routed)           0.000    18.106    ex_stage_i/fpu_gen.fpu_i/fpu_gen.i_fpnew_bulk/gen_operation_groups[3].i_opgroup_block/gen_merged_slice.i_multifmt_slice/gen_num_lanes[0].active_lane.lane_instance.i_fpnew_cast_multi/rvfi_probes_o[instr][wbdata][3][16]_INST_0_i_7_n_0
    SLICE_X77Y34         CARRY4 (Prop_carry4_CI_CO[3])
                                                      0.114    18.220 r  ex_stage_i/fpu_gen.fpu_i/fpu_gen.i_fpnew_bulk/gen_operation_groups[3].i_opgroup_block/gen_merged_slice.i_multifmt_slice/gen_num_lanes[0].active_lane.lane_instance.i_fpnew_cast_multi/rvfi_probes_o[instr][wbdata][3][20]_INST_0_i_8/CO[3]
                         net (fo=1, routed)           0.000    18.220    ex_stage_i/fpu_gen.fpu_i/fpu_gen.i_fpnew_bulk/gen_operation_groups[3].i_opgroup_block/gen_merged_slice.i_multifmt_slice/gen_num_lanes[0].active_lane.lane_instance.i_fpnew_cast_multi/rvfi_probes_o[instr][wbdata][3][20]_INST_0_i_8_n_0
    SLICE_X77Y35         CARRY4 (Prop_carry4_CI_CO[3])
                                                      0.114    18.334 r  ex_stage_i/fpu_gen.fpu_i/fpu_gen.i_fpnew_bulk/gen_operation_groups[3].i_opgroup_block/gen_merged_slice.i_multifmt_slice/gen_num_lanes[0].active_lane.lane_instance.i_fpnew_cast_multi/rvfi_probes_o[instr][wbdata][3][24]_INST_0_i_9/CO[3]
                         net (fo=1, routed)           0.000    18.334    ex_stage_i/fpu_gen.fpu_i/fpu_gen.i_fpnew_bulk/gen_operation_groups[3].i_opgroup_block/gen_merged_slice.i_multifmt_slice/gen_num_lanes[0].active_lane.lane_instance.i_fpnew_cast_multi/rvfi_probes_o[instr][wbdata][3][24]_INST_0_i_9_n_0
    SLICE_X77Y36         CARRY4 (Prop_carry4_CI_O[2])
                                                      0.239    18.573 r  ex_stage_i/fpu_gen.fpu_i/fpu_gen.i_fpnew_bulk/gen_operation_groups[3].i_opgroup_block/gen_merged_slice.i_multifmt_slice/gen_num_lanes[0].active_lane.lane_instance.i_fpnew_cast_multi/rvfi_probes_o[instr][wbdata][3][28]_INST_0_i_9/O[2]
                         net (fo=2, routed)           0.782    19.355    ex_stage_i/fpu_gen.fpu_i/fpu_gen.i_fpnew_bulk/gen_operation_groups[3].i_opgroup_block/gen_merged_slice.i_multifmt_slice/gen_num_lanes[0].active_lane.lane_instance.i_fpnew_cast_multi/rounded_uint_res0[27]
    SLICE_X76Y37         LUT5 (Prop_lut5_I1_O)        0.302    19.657 r  ex_stage_i/fpu_gen.fpu_i/fpu_gen.i_fpnew_bulk/gen_operation_groups[3].i_opgroup_block/gen_merged_slice.i_multifmt_slice/gen_num_lanes[0].active_lane.lane_instance.i_fpnew_cast_multi/rvfi_probes_o[instr][wbdata][3][30]_INST_0_i_230/O
                         net (fo=1, routed)           0.492    20.149    ex_stage_i/fpu_gen.fpu_i/fpu_gen.i_fpnew_bulk/gen_operation_groups[3].i_opgroup_block/gen_merged_slice.i_multifmt_slice/gen_num_lanes[0].active_lane.lane_instance.i_fpnew_cast_multi/rvfi_probes_o[instr][wbdata][3][30]_INST_0_i_230_n_0
    SLICE_X76Y36         LUT6 (Prop_lut6_I5_O)        0.124    20.273 r  ex_stage_i/fpu_gen.fpu_i/fpu_gen.i_fpnew_bulk/gen_operation_groups[3].i_opgroup_block/gen_merged_slice.i_multifmt_slice/gen_num_lanes[0].active_lane.lane_instance.i_fpnew_cast_multi/rvfi_probes_o[instr][wbdata][3][30]_INST_0_i_204/O
                         net (fo=1, routed)           0.566    20.839    ex_stage_i/fpu_gen.fpu_i/fpu_gen.i_fpnew_bulk/gen_operation_groups[3].i_opgroup_block/gen_merged_slice.i_multifmt_slice/gen_num_lanes[0].active_lane.lane_instance.i_fpnew_cast_multi/rvfi_probes_o[instr][wbdata][3][30]_INST_0_i_204_n_0
    SLICE_X79Y33         LUT6 (Prop_lut6_I2_O)        0.124    20.963 r  ex_stage_i/fpu_gen.fpu_i/fpu_gen.i_fpnew_bulk/gen_operation_groups[3].i_opgroup_block/gen_merged_slice.i_multifmt_slice/gen_num_lanes[0].active_lane.lane_instance.i_fpnew_cast_multi/rvfi_probes_o[instr][wbdata][3][30]_INST_0_i_160/O
                         net (fo=1, routed)           0.318    21.281    ex_stage_i/fpu_gen.fpu_i/fpu_gen.i_fpnew_bulk/gen_operation_groups[3].i_opgroup_block/gen_merged_slice.i_multifmt_slice/gen_num_lanes[0].active_lane.lane_instance.i_fpnew_cast_multi/rvfi_probes_o[instr][wbdata][3][30]_INST_0_i_160_n_0
    SLICE_X80Y33         LUT6 (Prop_lut6_I1_O)        0.124    21.405 r  ex_stage_i/fpu_gen.fpu_i/fpu_gen.i_fpnew_bulk/gen_operation_groups[3].i_opgroup_block/gen_merged_slice.i_multifmt_slice/gen_num_lanes[0].active_lane.lane_instance.i_fpnew_cast_multi/rvfi_probes_o[instr][wbdata][3][30]_INST_0_i_97/O
                         net (fo=1, routed)           0.291    21.696    ex_stage_i/fpu_gen.fpu_i/fpu_gen.i_fpnew_bulk/gen_operation_groups[3].i_opgroup_block/gen_merged_slice.i_multifmt_slice/gen_num_lanes[0].active_lane.lane_instance.i_fpnew_cast_multi/rvfi_probes_o[instr][wbdata][3][30]_INST_0_i_97_n_0
    SLICE_X81Y33         LUT4 (Prop_lut4_I2_O)        0.124    21.820 r  ex_stage_i/fpu_gen.fpu_i/fpu_gen.i_fpnew_bulk/gen_operation_groups[3].i_opgroup_block/gen_merged_slice.i_multifmt_slice/gen_num_lanes[0].active_lane.lane_instance.i_fpnew_cast_multi/rvfi_probes_o[instr][wbdata][3][30]_INST_0_i_55/O
                         net (fo=1, routed)           0.151    21.971    ex_stage_i/fpu_gen.fpu_i/fpu_gen.i_fpnew_bulk/gen_operation_groups[3].i_opgroup_block/gen_merged_slice.i_multifmt_slice/gen_num_lanes[0].active_lane.lane_instance.i_fpnew_cast_multi/rvfi_probes_o[instr][wbdata][3][30]_INST_0_i_55_n_0
    SLICE_X81Y33         LUT6 (Prop_lut6_I1_O)        0.124    22.095 f  ex_stage_i/fpu_gen.fpu_i/fpu_gen.i_fpnew_bulk/gen_operation_groups[3].i_opgroup_block/gen_merged_slice.i_multifmt_slice/gen_num_lanes[0].active_lane.lane_instance.i_fpnew_cast_multi/rvfi_probes_o[instr][wbdata][3][30]_INST_0_i_37/O
                         net (fo=3, routed)           0.493    22.588    ex_stage_i/fpu_gen.fpu_i/fpu_gen.i_fpnew_bulk/gen_operation_groups[3].i_opgroup_block/gen_merged_slice.i_multifmt_slice/gen_num_lanes[0].active_lane.lane_instance.i_fpnew_cast_multi/rvfi_probes_o[instr][wbdata][3][30]_INST_0_i_37_n_0
    SLICE_X75Y35         LUT6 (Prop_lut6_I4_O)        0.124    22.712 r  ex_stage_i/fpu_gen.fpu_i/fpu_gen.i_fpnew_bulk/gen_operation_groups[3].i_opgroup_block/gen_merged_slice.i_multifmt_slice/gen_num_lanes[0].active_lane.lane_instance.i_fpnew_cast_multi/rvfi_probes_o[instr][wbdata][3][30]_INST_0_i_21/O
                         net (fo=3, routed)           0.309    23.021    ex_stage_i/fpu_gen.fpu_i/fpu_gen.i_fpnew_bulk/gen_operation_groups[3].i_opgroup_block/gen_merged_slice.i_multifmt_slice/gen_num_lanes[0].active_lane.lane_instance.i_fpnew_cast_multi/rvfi_probes_o[instr][wbdata][3][30]_INST_0_i_21_n_0
    SLICE_X73Y35         LUT6 (Prop_lut6_I3_O)        0.124    23.145 f  ex_stage_i/fpu_gen.fpu_i/fpu_gen.i_fpnew_bulk/gen_operation_groups[3].i_opgroup_block/gen_merged_slice.i_multifmt_slice/gen_num_lanes[0].active_lane.lane_instance.i_fpnew_cast_multi/rvfi_probes_o[instr][wbdata][3][29]_INST_0_i_7/O
                         net (fo=31, routed)          0.693    23.839    ex_stage_i/fpu_gen.fpu_i/fpu_gen.i_fpnew_bulk/gen_operation_groups[3].i_opgroup_block/gen_merged_slice.i_multifmt_slice/gen_num_lanes[0].active_lane.lane_instance.i_fpnew_cast_multi/rvfi_probes_o[instr][wbdata][3][29]_INST_0_i_7_n_0
    SLICE_X74Y37         LUT6 (Prop_lut6_I0_O)        0.124    23.963 f  ex_stage_i/fpu_gen.fpu_i/fpu_gen.i_fpnew_bulk/gen_operation_groups[3].i_opgroup_block/gen_merged_slice.i_multifmt_slice/gen_num_lanes[0].active_lane.lane_instance.i_fpnew_cast_multi/rvfi_probes_o[instr][wbdata][3][28]_INST_0_i_4/O
                         net (fo=1, routed)           0.433    24.396    ex_stage_i/fpu_gen.fpu_i/fpu_gen.i_fpnew_bulk/gen_operation_groups[3].i_opgroup_block/gen_merged_slice.i_multifmt_slice/gen_num_lanes[0].active_lane.lane_instance.i_fpnew_cast_multi/rvfi_probes_o[instr][wbdata][3][28]_INST_0_i_4_n_0
    SLICE_X72Y39         LUT6 (Prop_lut6_I2_O)        0.124    24.520 r  ex_stage_i/fpu_gen.fpu_i/fpu_gen.i_fpnew_bulk/gen_operation_groups[3].i_opgroup_block/gen_merged_slice.i_multifmt_slice/gen_num_lanes[0].active_lane.lane_instance.i_fpnew_cast_multi/rvfi_probes_o[instr][wbdata][3][28]_INST_0_i_2/O
                         net (fo=1, routed)           0.000    24.520    ex_stage_i/fpu_gen.fpu_i/fpu_gen.i_fpnew_bulk/i_arbiter/gen_arbiter.data_nodes[2][result][2]
    SLICE_X72Y39         MUXF7 (Prop_muxf7_I1_O)      0.245    24.765 r  ex_stage_i/fpu_gen.fpu_i/fpu_gen.i_fpnew_bulk/i_arbiter/rvfi_probes_o[instr][wbdata][3][28]_INST_0/O
                         net (fo=7, routed)           0.501    25.266    issue_stage_i/i_scoreboard/fu_data_q[0][imm][28]_i_2_0
    SLICE_X73Y38         LUT6 (Prop_lut6_I3_O)        0.298    25.564 r  issue_stage_i/i_scoreboard/rvfi_probes_o[instr][rs2][0][28]_INST_0_i_5/O
                         net (fo=1, routed)           0.399    25.963    issue_stage_i/i_scoreboard/rvfi_probes_o[instr][rs2][0][28]_INST_0_i_5_n_0
    SLICE_X75Y38         LUT6 (Prop_lut6_I5_O)        0.124    26.087 r  issue_stage_i/i_scoreboard/rvfi_probes_o[instr][rs2][0][28]_INST_0_i_1/O
                         net (fo=1, routed)           0.433    26.520    issue_stage_i/i_issue_read_operands/rs2_res[0]_117[28]
    SLICE_X75Y38         LUT6 (Prop_lut6_I1_O)        0.124    26.644 r  issue_stage_i/i_issue_read_operands/fu_data_n_inferred__0/rvfi_probes_o[instr][rs2][0][28]_INST_0/O
                         net (fo=1, unset)            0.973    27.617    rvfi_probes_o[instr][rs2][0][28]
                                                                      r  rvfi_probes_o[instr][rs2][0][28] (OUT)
  -------------------------------------------------------------------    -------------------

Slack:                    inf
  Source:                 ex_stage_i/fpu_gen.fpu_i/fpu_gen.i_fpnew_bulk/gen_operation_groups[3].i_opgroup_block/gen_merged_slice.i_multifmt_slice/gen_num_lanes[0].active_lane.lane_instance.i_fpnew_cast_multi/gen_inside_pipeline[0].mid_pipe_dst_fmt_q_reg[1][2]/C
                            (rising edge-triggered cell FDCE clocked by clk_i  {rise@0.000ns fall@12.500ns period=25.000ns})
  Destination:            rvfi_probes_o[instr][rs2][0][6]
                            (output port)
  Path Group:             (none)
  Path Type:              Max at Slow Process Corner
  Data Path Delay:        26.642ns  (logic 8.518ns (31.972%)  route 18.124ns (68.028%))
  Logic Levels:           39  (CARRY4=12 LUT1=1 LUT2=2 LUT3=3 LUT4=3 LUT5=3 LUT6=15)
  Clock Uncertainty:      0.025ns  ((TSJ^2 + TIJ^2)^1/2 + DJ) / 2 + PE
    Total System Jitter     (TSJ):    0.050ns
    Total Input Jitter      (TIJ):    0.000ns
    Discrete Jitter          (DJ):    0.000ns
    Phase Error              (PE):    0.000ns

    Location             Delay type                Incr(ns)  Path(ns)    Netlist Resource(s)
  -------------------------------------------------------------------    -------------------
                         (clock clk_i rise edge)      0.000     0.000 r  
                                                      0.000     0.000 r  clk_i (IN)
                         net (fo=6832, unset)         0.973     0.973    ex_stage_i/fpu_gen.fpu_i/fpu_gen.i_fpnew_bulk/gen_operation_groups[3].i_opgroup_block/gen_merged_slice.i_multifmt_slice/gen_num_lanes[0].active_lane.lane_instance.i_fpnew_cast_multi/clk_i
    SLICE_X85Y28         FDCE                                         r  ex_stage_i/fpu_gen.fpu_i/fpu_gen.i_fpnew_bulk/gen_operation_groups[3].i_opgroup_block/gen_merged_slice.i_multifmt_slice/gen_num_lanes[0].active_lane.lane_instance.i_fpnew_cast_multi/gen_inside_pipeline[0].mid_pipe_dst_fmt_q_reg[1][2]/C
  -------------------------------------------------------------------    -------------------
    SLICE_X85Y28         FDCE (Prop_fdce_C_Q)         0.456     1.429 r  ex_stage_i/fpu_gen.fpu_i/fpu_gen.i_fpnew_bulk/gen_operation_groups[3].i_opgroup_block/gen_merged_slice.i_multifmt_slice/gen_num_lanes[0].active_lane.lane_instance.i_fpnew_cast_multi/gen_inside_pipeline[0].mid_pipe_dst_fmt_q_reg[1][2]/Q
                         net (fo=147, routed)         0.494     1.923    ex_stage_i/fpu_gen.fpu_i/fpu_gen.i_fpnew_bulk/gen_operation_groups[3].i_opgroup_block/gen_merged_slice.i_multifmt_slice/gen_num_lanes[0].active_lane.lane_instance.i_fpnew_cast_multi/gen_inside_pipeline[0].mid_pipe_dst_fmt_q_reg_n_0_[1][2]
    SLICE_X84Y28         LUT3 (Prop_lut3_I0_O)        0.124     2.047 r  ex_stage_i/fpu_gen.fpu_i/fpu_gen.i_fpnew_bulk/gen_operation_groups[3].i_opgroup_block/gen_merged_slice.i_multifmt_slice/gen_num_lanes[0].active_lane.lane_instance.i_fpnew_cast_multi/of_before_round1__7_carry_i_1/O
                         net (fo=8, routed)           0.344     2.391    ex_stage_i/fpu_gen.fpu_i/fpu_gen.i_fpnew_bulk/gen_operation_groups[3].i_opgroup_block/gen_merged_slice.i_multifmt_slice/gen_num_lanes[0].active_lane.lane_instance.i_fpnew_cast_multi/of_before_round1__7_carry_i_1_n_0
    SLICE_X85Y29         CARRY4 (Prop_carry4_CYINIT_CO[3])
                                                      0.580     2.971 r  ex_stage_i/fpu_gen.fpu_i/fpu_gen.i_fpnew_bulk/gen_operation_groups[3].i_opgroup_block/gen_merged_slice.i_multifmt_slice/gen_num_lanes[0].active_lane.lane_instance.i_fpnew_cast_multi/of_before_round1__7_carry/CO[3]
                         net (fo=5, routed)           1.003     3.974    ex_stage_i/fpu_gen.fpu_i/fpu_gen.i_fpnew_bulk/gen_operation_groups[3].i_opgroup_block/gen_merged_slice.i_multifmt_slice/gen_num_lanes[0].active_lane.lane_instance.i_fpnew_cast_multi/of_before_round1__7_carry_n_0
    SLICE_X82Y29         CARRY4 (Prop_carry4_CYINIT_CO[2])
                                                      0.608     4.582 r  ex_stage_i/fpu_gen.fpu_i/fpu_gen.i_fpnew_bulk/gen_operation_groups[3].i_opgroup_block/gen_merged_slice.i_multifmt_slice/gen_num_lanes[0].active_lane.lane_instance.i_fpnew_cast_multi/of_before_round0_carry__0_i_9/CO[2]
                         net (fo=20, routed)          0.689     5.271    ex_stage_i/fpu_gen.fpu_i/fpu_gen.i_fpnew_bulk/gen_operation_groups[3].i_opgroup_block/gen_merged_slice.i_multifmt_slice/gen_num_lanes[0].active_lane.lane_instance.i_fpnew_cast_multi/of_before_round0_carry__0_i_9_n_1
    SLICE_X83Y31         LUT2 (Prop_lut2_I0_O)        0.310     5.581 r  ex_stage_i/fpu_gen.fpu_i/fpu_gen.i_fpnew_bulk/gen_operation_groups[3].i_opgroup_block/gen_merged_slice.i_multifmt_slice/gen_num_lanes[0].active_lane.lane_instance.i_fpnew_cast_multi/of_before_round0_carry__1_i_7/O
                         net (fo=1, routed)           0.000     5.581    ex_stage_i/fpu_gen.fpu_i/fpu_gen.i_fpnew_bulk/gen_operation_groups[3].i_opgroup_block/gen_merged_slice.i_multifmt_slice/gen_num_lanes[0].active_lane.lane_instance.i_fpnew_cast_multi/of_before_round0_carry__1_i_7_n_0
    SLICE_X83Y31         CARRY4 (Prop_carry4_S[1]_CO[3])
                                                      0.550     6.131 r  ex_stage_i/fpu_gen.fpu_i/fpu_gen.i_fpnew_bulk/gen_operation_groups[3].i_opgroup_block/gen_merged_slice.i_multifmt_slice/gen_num_lanes[0].active_lane.lane_instance.i_fpnew_cast_multi/of_before_round0_carry__1/CO[3]
                         net (fo=1, routed)           0.000     6.131    ex_stage_i/fpu_gen.fpu_i/fpu_gen.i_fpnew_bulk/gen_operation_groups[3].i_opgroup_block/gen_merged_slice.i_multifmt_slice/gen_num_lanes[0].active_lane.lane_instance.i_fpnew_cast_multi/of_before_round0_carry__1_n_0
    SLICE_X83Y32         CARRY4 (Prop_carry4_CI_CO[3])
                                                      0.114     6.245 f  ex_stage_i/fpu_gen.fpu_i/fpu_gen.i_fpnew_bulk/gen_operation_groups[3].i_opgroup_block/gen_merged_slice.i_multifmt_slice/gen_num_lanes[0].active_lane.lane_instance.i_fpnew_cast_multi/of_before_round0_carry__2/CO[3]
                         net (fo=34, routed)          1.047     7.292    ex_stage_i/fpu_gen.fpu_i/fpu_gen.i_fpnew_bulk/gen_operation_groups[3].i_opgroup_block/gen_merged_slice.i_multifmt_slice/gen_num_lanes[0].active_lane.lane_instance.i_fpnew_cast_multi/of_before_round0__16
    SLICE_X86Y32         LUT3 (Prop_lut3_I0_O)        0.124     7.416 r  ex_stage_i/fpu_gen.fpu_i/fpu_gen.i_fpnew_bulk/gen_operation_groups[3].i_opgroup_block/gen_merged_slice.i_multifmt_slice/gen_num_lanes[0].active_lane.lane_instance.i_fpnew_cast_multi/rvfi_probes_o[instr][wbdata][3][30]_INST_0_i_146/O
                         net (fo=7, routed)           0.463     7.879    ex_stage_i/fpu_gen.fpu_i/fpu_gen.i_fpnew_bulk/gen_operation_groups[3].i_opgroup_block/gen_merged_slice.i_multifmt_slice/gen_num_lanes[0].active_lane.lane_instance.i_fpnew_cast_multi/rvfi_probes_o[instr][wbdata][3][30]_INST_0_i_146_n_0
    SLICE_X86Y33         LUT6 (Prop_lut6_I3_O)        0.124     8.003 r  ex_stage_i/fpu_gen.fpu_i/fpu_gen.i_fpnew_bulk/gen_operation_groups[3].i_opgroup_block/gen_merged_slice.i_multifmt_slice/gen_num_lanes[0].active_lane.lane_instance.i_fpnew_cast_multi/rvfi_probes_o[instr][wbdata][3][30]_INST_0_i_140/O
                         net (fo=87, routed)          1.139     9.141    ex_stage_i/fpu_gen.fpu_i/fpu_gen.i_fpnew_bulk/gen_operation_groups[3].i_opgroup_block/gen_merged_slice.i_multifmt_slice/gen_num_lanes[0].active_lane.lane_instance.i_fpnew_cast_multi/rvfi_probes_o[instr][wbdata][3][30]_INST_0_i_140_n_0
    SLICE_X87Y37         LUT6 (Prop_lut6_I5_O)        0.124     9.265 r  ex_stage_i/fpu_gen.fpu_i/fpu_gen.i_fpnew_bulk/gen_operation_groups[3].i_opgroup_block/gen_merged_slice.i_multifmt_slice/gen_num_lanes[0].active_lane.lane_instance.i_fpnew_cast_multi/mem_q[0][sbe][ex][cause][1]_i_101/O
                         net (fo=2, routed)           0.606     9.872    ex_stage_i/fpu_gen.fpu_i/fpu_gen.i_fpnew_bulk/gen_operation_groups[3].i_opgroup_block/gen_merged_slice.i_multifmt_slice/gen_num_lanes[0].active_lane.lane_instance.i_fpnew_cast_multi/mem_q[0][sbe][ex][cause][1]_i_101_n_0
    SLICE_X86Y37         LUT4 (Prop_lut4_I3_O)        0.124     9.996 r  ex_stage_i/fpu_gen.fpu_i/fpu_gen.i_fpnew_bulk/gen_operation_groups[3].i_opgroup_block/gen_merged_slice.i_multifmt_slice/gen_num_lanes[0].active_lane.lane_instance.i_fpnew_cast_multi/mem_q[0][sbe][ex][cause][1]_i_58/O
                         net (fo=3, routed)           0.641    10.637    ex_stage_i/fpu_gen.fpu_i/fpu_gen.i_fpnew_bulk/gen_operation_groups[3].i_opgroup_block/gen_merged_slice.i_multifmt_slice/gen_num_lanes[0].active_lane.lane_instance.i_fpnew_cast_multi/mem_q[0][sbe][ex][cause][1]_i_58_n_0
    SLICE_X83Y36         LUT5 (Prop_lut5_I3_O)        0.124    10.761 r  ex_stage_i/fpu_gen.fpu_i/fpu_gen.i_fpnew_bulk/gen_operation_groups[3].i_opgroup_block/gen_merged_slice.i_multifmt_slice/gen_num_lanes[0].active_lane.lane_instance.i_fpnew_cast_multi/mem_q[0][sbe][ex][cause][1]_i_68/O
                         net (fo=2, routed)           0.814    11.575    ex_stage_i/fpu_gen.fpu_i/fpu_gen.i_fpnew_bulk/gen_operation_groups[3].i_opgroup_block/gen_merged_slice.i_multifmt_slice/gen_num_lanes[0].active_lane.lane_instance.i_fpnew_cast_multi/mem_q[0][sbe][ex][cause][1]_i_68_n_0
    SLICE_X82Y36         LUT3 (Prop_lut3_I2_O)        0.146    11.721 r  ex_stage_i/fpu_gen.fpu_i/fpu_gen.i_fpnew_bulk/gen_operation_groups[3].i_opgroup_block/gen_merged_slice.i_multifmt_slice/gen_num_lanes[0].active_lane.lane_instance.i_fpnew_cast_multi/mem_q[0][sbe][ex][cause][1]_i_44/O
                         net (fo=2, routed)           0.844    12.565    ex_stage_i/fpu_gen.fpu_i/fpu_gen.i_fpnew_bulk/gen_operation_groups[3].i_opgroup_block/gen_merged_slice.i_multifmt_slice/gen_num_lanes[0].active_lane.lane_instance.i_fpnew_cast_multi/mem_q[0][sbe][ex][cause][1]_i_44_n_0
    SLICE_X81Y35         LUT6 (Prop_lut6_I4_O)        0.328    12.893 r  ex_stage_i/fpu_gen.fpu_i/fpu_gen.i_fpnew_bulk/gen_operation_groups[3].i_opgroup_block/gen_merged_slice.i_multifmt_slice/gen_num_lanes[0].active_lane.lane_instance.i_fpnew_cast_multi/mem_q[0][sbe][ex][cause][1]_i_27/O
                         net (fo=1, routed)           0.797    13.690    ex_stage_i/fpu_gen.fpu_i/fpu_gen.i_fpnew_bulk/gen_operation_groups[3].i_opgroup_block/gen_merged_slice.i_multifmt_slice/gen_num_lanes[0].active_lane.lane_instance.i_fpnew_cast_multi/mem_q[0][sbe][ex][cause][1]_i_27_n_0
    SLICE_X81Y36         LUT6 (Prop_lut6_I0_O)        0.124    13.814 f  ex_stage_i/fpu_gen.fpu_i/fpu_gen.i_fpnew_bulk/gen_operation_groups[3].i_opgroup_block/gen_merged_slice.i_multifmt_slice/gen_num_lanes[0].active_lane.lane_instance.i_fpnew_cast_multi/mem_q[0][sbe][ex][cause][1]_i_18/O
                         net (fo=4, routed)           0.464    14.277    ex_stage_i/fpu_gen.fpu_i/fpu_gen.i_fpnew_bulk/gen_operation_groups[3].i_opgroup_block/gen_merged_slice.i_multifmt_slice/gen_num_lanes[0].active_lane.lane_instance.i_fpnew_cast_multi/mem_q[0][sbe][ex][cause][1]_i_18_n_0
    SLICE_X80Y34         LUT4 (Prop_lut4_I3_O)        0.124    14.401 r  ex_stage_i/fpu_gen.fpu_i/fpu_gen.i_fpnew_bulk/gen_operation_groups[3].i_opgroup_block/gen_merged_slice.i_multifmt_slice/gen_num_lanes[0].active_lane.lane_instance.i_fpnew_cast_multi/rvfi_probes_o[instr][wbdata][3][0]_INST_0_i_52/O
                         net (fo=2, routed)           0.510    14.911    ex_stage_i/fpu_gen.fpu_i/fpu_gen.i_fpnew_bulk/gen_operation_groups[3].i_opgroup_block/gen_merged_slice.i_multifmt_slice/gen_num_lanes[0].active_lane.lane_instance.i_fpnew_cast_multi/rvfi_probes_o[instr][wbdata][3][0]_INST_0_i_52_n_0
    SLICE_X79Y30         LUT2 (Prop_lut2_I0_O)        0.124    15.035 r  ex_stage_i/fpu_gen.fpu_i/fpu_gen.i_fpnew_bulk/gen_operation_groups[3].i_opgroup_block/gen_merged_slice.i_multifmt_slice/gen_num_lanes[0].active_lane.lane_instance.i_fpnew_cast_multi/rvfi_probes_o[instr][wbdata][3][0]_INST_0_i_32/O
                         net (fo=1, routed)           0.426    15.462    ex_stage_i/fpu_gen.fpu_i/fpu_gen.i_fpnew_bulk/gen_operation_groups[3].i_opgroup_block/gen_merged_slice.i_multifmt_slice/gen_num_lanes[0].active_lane.lane_instance.i_fpnew_cast_multi/rvfi_probes_o[instr][wbdata][3][0]_INST_0_i_32_n_0
    SLICE_X78Y30         LUT6 (Prop_lut6_I0_O)        0.124    15.586 r  ex_stage_i/fpu_gen.fpu_i/fpu_gen.i_fpnew_bulk/gen_operation_groups[3].i_opgroup_block/gen_merged_slice.i_multifmt_slice/gen_num_lanes[0].active_lane.lane_instance.i_fpnew_cast_multi/rvfi_probes_o[instr][wbdata][3][0]_INST_0_i_19/O
                         net (fo=1, routed)           0.000    15.586    ex_stage_i/fpu_gen.fpu_i/fpu_gen.i_fpnew_bulk/gen_operation_groups[3].i_opgroup_block/gen_merged_slice.i_multifmt_slice/gen_num_lanes[0].active_lane.lane_instance.i_fpnew_cast_multi/rvfi_probes_o[instr][wbdata][3][0]_INST_0_i_19_n_0
    SLICE_X78Y30         CARRY4 (Prop_carry4_S[0]_CO[3])
                                                      0.532    16.118 r  ex_stage_i/fpu_gen.fpu_i/fpu_gen.i_fpnew_bulk/gen_operation_groups[3].i_opgroup_block/gen_merged_slice.i_multifmt_slice/gen_num_lanes[0].active_lane.lane_instance.i_fpnew_cast_multi/rvfi_probes_o[instr][wbdata][3][0]_INST_0_i_8/CO[3]
                         net (fo=1, routed)           0.000    16.118    ex_stage_i/fpu_gen.fpu_i/fpu_gen.i_fpnew_bulk/gen_operation_groups[3].i_opgroup_block/gen_merged_slice.i_multifmt_slice/gen_num_lanes[0].active_lane.lane_instance.i_fpnew_cast_multi/rvfi_probes_o[instr][wbdata][3][0]_INST_0_i_8_n_0
    SLICE_X78Y31         CARRY4 (Prop_carry4_CI_O[1])
                                                      0.334    16.452 f  ex_stage_i/fpu_gen.fpu_i/fpu_gen.i_fpnew_bulk/gen_operation_groups[3].i_opgroup_block/gen_merged_slice.i_multifmt_slice/gen_num_lanes[0].active_lane.lane_instance.i_fpnew_cast_multi/rvfi_probes_o[instr][wbdata][3][7]_INST_0_i_16/O[1]
                         net (fo=4, routed)           0.591    17.043    ex_stage_i/fpu_gen.fpu_i/fpu_gen.i_fpnew_bulk/gen_operation_groups[3].i_opgroup_block/gen_merged_slice.i_multifmt_slice/gen_num_lanes[0].active_lane.lane_instance.i_fpnew_cast_multi/rounded_abs[5]
    SLICE_X77Y31         LUT1 (Prop_lut1_I0_O)        0.303    17.346 r  ex_stage_i/fpu_gen.fpu_i/fpu_gen.i_fpnew_bulk/gen_operation_groups[3].i_opgroup_block/gen_merged_slice.i_multifmt_slice/gen_num_lanes[0].active_lane.lane_instance.i_fpnew_cast_multi/rvfi_probes_o[instr][wbdata][3][8]_INST_0_i_12/O
                         net (fo=1, routed)           0.000    17.346    ex_stage_i/fpu_gen.fpu_i/fpu_gen.i_fpnew_bulk/gen_operation_groups[3].i_opgroup_block/gen_merged_slice.i_multifmt_slice/gen_num_lanes[0].active_lane.lane_instance.i_fpnew_cast_multi/rvfi_probes_o[instr][wbdata][3][8]_INST_0_i_12_n_0
    SLICE_X77Y31         CARRY4 (Prop_carry4_S[0]_CO[3])
                                                      0.532    17.878 r  ex_stage_i/fpu_gen.fpu_i/fpu_gen.i_fpnew_bulk/gen_operation_groups[3].i_opgroup_block/gen_merged_slice.i_multifmt_slice/gen_num_lanes[0].active_lane.lane_instance.i_fpnew_cast_multi/rvfi_probes_o[instr][wbdata][3][8]_INST_0_i_8/CO[3]
                         net (fo=1, routed)           0.000    17.878    ex_stage_i/fpu_gen.fpu_i/fpu_gen.i_fpnew_bulk/gen_operation_groups[3].i_opgroup_block/gen_merged_slice.i_multifmt_slice/gen_num_lanes[0].active_lane.lane_instance.i_fpnew_cast_multi/rvfi_probes_o[instr][wbdata][3][8]_INST_0_i_8_n_0
    SLICE_X77Y32         CARRY4 (Prop_carry4_CI_CO[3])
                                                      0.114    17.992 r  ex_stage_i/fpu_gen.fpu_i/fpu_gen.i_fpnew_bulk/gen_operation_groups[3].i_opgroup_block/gen_merged_slice.i_multifmt_slice/gen_num_lanes[0].active_lane.lane_instance.i_fpnew_cast_multi/rvfi_probes_o[instr][wbdata][3][12]_INST_0_i_7/CO[3]
                         net (fo=1, routed)           0.000    17.992    ex_stage_i/fpu_gen.fpu_i/fpu_gen.i_fpnew_bulk/gen_operation_groups[3].i_opgroup_block/gen_merged_slice.i_multifmt_slice/gen_num_lanes[0].active_lane.lane_instance.i_fpnew_cast_multi/rvfi_probes_o[instr][wbdata][3][12]_INST_0_i_7_n_0
    SLICE_X77Y33         CARRY4 (Prop_carry4_CI_CO[3])
                                                      0.114    18.106 r  ex_stage_i/fpu_gen.fpu_i/fpu_gen.i_fpnew_bulk/gen_operation_groups[3].i_opgroup_block/gen_merged_slice.i_multifmt_slice/gen_num_lanes[0].active_lane.lane_instance.i_fpnew_cast_multi/rvfi_probes_o[instr][wbdata][3][16]_INST_0_i_7/CO[3]
                         net (fo=1, routed)           0.000    18.106    ex_stage_i/fpu_gen.fpu_i/fpu_gen.i_fpnew_bulk/gen_operation_groups[3].i_opgroup_block/gen_merged_slice.i_multifmt_slice/gen_num_lanes[0].active_lane.lane_instance.i_fpnew_cast_multi/rvfi_probes_o[instr][wbdata][3][16]_INST_0_i_7_n_0
    SLICE_X77Y34         CARRY4 (Prop_carry4_CI_CO[3])
                                                      0.114    18.220 r  ex_stage_i/fpu_gen.fpu_i/fpu_gen.i_fpnew_bulk/gen_operation_groups[3].i_opgroup_block/gen_merged_slice.i_multifmt_slice/gen_num_lanes[0].active_lane.lane_instance.i_fpnew_cast_multi/rvfi_probes_o[instr][wbdata][3][20]_INST_0_i_8/CO[3]
                         net (fo=1, routed)           0.000    18.220    ex_stage_i/fpu_gen.fpu_i/fpu_gen.i_fpnew_bulk/gen_operation_groups[3].i_opgroup_block/gen_merged_slice.i_multifmt_slice/gen_num_lanes[0].active_lane.lane_instance.i_fpnew_cast_multi/rvfi_probes_o[instr][wbdata][3][20]_INST_0_i_8_n_0
    SLICE_X77Y35         CARRY4 (Prop_carry4_CI_CO[3])
                                                      0.114    18.334 r  ex_stage_i/fpu_gen.fpu_i/fpu_gen.i_fpnew_bulk/gen_operation_groups[3].i_opgroup_block/gen_merged_slice.i_multifmt_slice/gen_num_lanes[0].active_lane.lane_instance.i_fpnew_cast_multi/rvfi_probes_o[instr][wbdata][3][24]_INST_0_i_9/CO[3]
                         net (fo=1, routed)           0.000    18.334    ex_stage_i/fpu_gen.fpu_i/fpu_gen.i_fpnew_bulk/gen_operation_groups[3].i_opgroup_block/gen_merged_slice.i_multifmt_slice/gen_num_lanes[0].active_lane.lane_instance.i_fpnew_cast_multi/rvfi_probes_o[instr][wbdata][3][24]_INST_0_i_9_n_0
    SLICE_X77Y36         CARRY4 (Prop_carry4_CI_O[2])
                                                      0.239    18.573 f  ex_stage_i/fpu_gen.fpu_i/fpu_gen.i_fpnew_bulk/gen_operation_groups[3].i_opgroup_block/gen_merged_slice.i_multifmt_slice/gen_num_lanes[0].active_lane.lane_instance.i_fpnew_cast_multi/rvfi_probes_o[instr][wbdata][3][28]_INST_0_i_9/O[2]
                         net (fo=2, routed)           0.782    19.355    ex_stage_i/fpu_gen.fpu_i/fpu_gen.i_fpnew_bulk/gen_operation_groups[3].i_opgroup_block/gen_merged_slice.i_multifmt_slice/gen_num_lanes[0].active_lane.lane_instance.i_fpnew_cast_multi/rounded_uint_res0[27]
    SLICE_X76Y37         LUT5 (Prop_lut5_I1_O)        0.302    19.657 f  ex_stage_i/fpu_gen.fpu_i/fpu_gen.i_fpnew_bulk/gen_operation_groups[3].i_opgroup_block/gen_merged_slice.i_multifmt_slice/gen_num_lanes[0].active_lane.lane_instance.i_fpnew_cast_multi/rvfi_probes_o[instr][wbdata][3][30]_INST_0_i_230/O
                         net (fo=1, routed)           0.492    20.149    ex_stage_i/fpu_gen.fpu_i/fpu_gen.i_fpnew_bulk/gen_operation_groups[3].i_opgroup_block/gen_merged_slice.i_multifmt_slice/gen_num_lanes[0].active_lane.lane_instance.i_fpnew_cast_multi/rvfi_probes_o[instr][wbdata][3][30]_INST_0_i_230_n_0
    SLICE_X76Y36         LUT6 (Prop_lut6_I5_O)        0.124    20.273 f  ex_stage_i/fpu_gen.fpu_i/fpu_gen.i_fpnew_bulk/gen_operation_groups[3].i_opgroup_block/gen_merged_slice.i_multifmt_slice/gen_num_lanes[0].active_lane.lane_instance.i_fpnew_cast_multi/rvfi_probes_o[instr][wbdata][3][30]_INST_0_i_204/O
                         net (fo=1, routed)           0.566    20.839    ex_stage_i/fpu_gen.fpu_i/fpu_gen.i_fpnew_bulk/gen_operation_groups[3].i_opgroup_block/gen_merged_slice.i_multifmt_slice/gen_num_lanes[0].active_lane.lane_instance.i_fpnew_cast_multi/rvfi_probes_o[instr][wbdata][3][30]_INST_0_i_204_n_0
    SLICE_X79Y33         LUT6 (Prop_lut6_I2_O)        0.124    20.963 f  ex_stage_i/fpu_gen.fpu_i/fpu_gen.i_fpnew_bulk/gen_operation_groups[3].i_opgroup_block/gen_merged_slice.i_multifmt_slice/gen_num_lanes[0].active_lane.lane_instance.i_fpnew_cast_multi/rvfi_probes_o[instr][wbdata][3][30]_INST_0_i_160/O
                         net (fo=1, routed)           0.318    21.281    ex_stage_i/fpu_gen.fpu_i/fpu_gen.i_fpnew_bulk/gen_operation_groups[3].i_opgroup_block/gen_merged_slice.i_multifmt_slice/gen_num_lanes[0].active_lane.lane_instance.i_fpnew_cast_multi/rvfi_probes_o[instr][wbdata][3][30]_INST_0_i_160_n_0
    SLICE_X80Y33         LUT6 (Prop_lut6_I1_O)        0.124    21.405 f  ex_stage_i/fpu_gen.fpu_i/fpu_gen.i_fpnew_bulk/gen_operation_groups[3].i_opgroup_block/gen_merged_slice.i_multifmt_slice/gen_num_lanes[0].active_lane.lane_instance.i_fpnew_cast_multi/rvfi_probes_o[instr][wbdata][3][30]_INST_0_i_97/O
                         net (fo=1, routed)           0.291    21.696    ex_stage_i/fpu_gen.fpu_i/fpu_gen.i_fpnew_bulk/gen_operation_groups[3].i_opgroup_block/gen_merged_slice.i_multifmt_slice/gen_num_lanes[0].active_lane.lane_instance.i_fpnew_cast_multi/rvfi_probes_o[instr][wbdata][3][30]_INST_0_i_97_n_0
    SLICE_X81Y33         LUT4 (Prop_lut4_I2_O)        0.124    21.820 f  ex_stage_i/fpu_gen.fpu_i/fpu_gen.i_fpnew_bulk/gen_operation_groups[3].i_opgroup_block/gen_merged_slice.i_multifmt_slice/gen_num_lanes[0].active_lane.lane_instance.i_fpnew_cast_multi/rvfi_probes_o[instr][wbdata][3][30]_INST_0_i_55/O
                         net (fo=1, routed)           0.151    21.971    ex_stage_i/fpu_gen.fpu_i/fpu_gen.i_fpnew_bulk/gen_operation_groups[3].i_opgroup_block/gen_merged_slice.i_multifmt_slice/gen_num_lanes[0].active_lane.lane_instance.i_fpnew_cast_multi/rvfi_probes_o[instr][wbdata][3][30]_INST_0_i_55_n_0
    SLICE_X81Y33         LUT6 (Prop_lut6_I1_O)        0.124    22.095 r  ex_stage_i/fpu_gen.fpu_i/fpu_gen.i_fpnew_bulk/gen_operation_groups[3].i_opgroup_block/gen_merged_slice.i_multifmt_slice/gen_num_lanes[0].active_lane.lane_instance.i_fpnew_cast_multi/rvfi_probes_o[instr][wbdata][3][30]_INST_0_i_37/O
                         net (fo=3, routed)           0.548    22.643    ex_stage_i/fpu_gen.fpu_i/fpu_gen.i_fpnew_bulk/gen_operation_groups[3].i_opgroup_block/gen_merged_slice.i_multifmt_slice/gen_num_lanes[0].active_lane.lane_instance.i_fpnew_cast_multi/rvfi_probes_o[instr][wbdata][3][30]_INST_0_i_37_n_0
    SLICE_X75Y33         LUT6 (Prop_lut6_I1_O)        0.124    22.767 f  ex_stage_i/fpu_gen.fpu_i/fpu_gen.i_fpnew_bulk/gen_operation_groups[3].i_opgroup_block/gen_merged_slice.i_multifmt_slice/gen_num_lanes[0].active_lane.lane_instance.i_fpnew_cast_multi/rvfi_probes_o[instr][wbdata][3][30]_INST_0_i_19/O
                         net (fo=33, routed)          0.737    23.504    ex_stage_i/fpu_gen.fpu_i/fpu_gen.i_fpnew_bulk/gen_operation_groups[3].i_opgroup_block/gen_merged_slice.i_multifmt_slice/gen_num_lanes[0].active_lane.lane_instance.i_fpnew_cast_multi/rvfi_probes_o[instr][wbdata][3][30]_INST_0_i_19_n_0
    SLICE_X66Y33         LUT6 (Prop_lut6_I0_O)        0.124    23.628 r  ex_stage_i/fpu_gen.fpu_i/fpu_gen.i_fpnew_bulk/gen_operation_groups[3].i_opgroup_block/gen_merged_slice.i_multifmt_slice/gen_num_lanes[0].active_lane.lane_instance.i_fpnew_cast_multi/rvfi_probes_o[instr][wbdata][3][6]_INST_0_i_4/O
                         net (fo=1, routed)           0.563    24.191    ex_stage_i/fpu_gen.fpu_i/fpu_gen.i_fpnew_bulk/gen_operation_groups[3].i_opgroup_block/gen_merged_slice.i_multifmt_slice/gen_num_lanes[0].active_lane.lane_instance.i_fpnew_cast_multi/rvfi_probes_o[instr][wbdata][3][6]_INST_0_i_4_n_0
    SLICE_X65Y33         LUT5 (Prop_lut5_I2_O)        0.124    24.315 r  ex_stage_i/fpu_gen.fpu_i/fpu_gen.i_fpnew_bulk/gen_operation_groups[3].i_opgroup_block/gen_merged_slice.i_multifmt_slice/gen_num_lanes[0].active_lane.lane_instance.i_fpnew_cast_multi/rvfi_probes_o[instr][wbdata][3][6]_INST_0_i_1/O
                         net (fo=1, routed)           0.430    24.745    ex_stage_i/fpu_gen.fpu_i/fpu_gen.i_fpnew_bulk/i_arbiter/opgrp_outputs[3][result][6]
    SLICE_X64Y33         LUT6 (Prop_lut6_I0_O)        0.124    24.869 r  ex_stage_i/fpu_gen.fpu_i/fpu_gen.i_fpnew_bulk/i_arbiter/rvfi_probes_o[instr][wbdata][3][6]_INST_0/O
                         net (fo=7, routed)           0.558    25.426    issue_stage_i/i_scoreboard/fu_data_q[0][imm][6]_i_2_0
    SLICE_X63Y28         LUT6 (Prop_lut6_I3_O)        0.124    25.550 r  issue_stage_i/i_scoreboard/rvfi_probes_o[instr][rs2][0][6]_INST_0_i_5/O
                         net (fo=1, routed)           0.436    25.987    issue_stage_i/i_scoreboard/rvfi_probes_o[instr][rs2][0][6]_INST_0_i_5_n_0
    SLICE_X59Y28         LUT6 (Prop_lut6_I5_O)        0.124    26.111 r  issue_stage_i/i_scoreboard/rvfi_probes_o[instr][rs2][0][6]_INST_0_i_1/O
                         net (fo=1, routed)           0.407    26.518    issue_stage_i/i_issue_read_operands/rs2_res[0]_117[6]
    SLICE_X59Y28         LUT6 (Prop_lut6_I1_O)        0.124    26.642 r  issue_stage_i/i_issue_read_operands/fu_data_n_inferred__0/rvfi_probes_o[instr][rs2][0][6]_INST_0/O
                         net (fo=1, unset)            0.973    27.615    rvfi_probes_o[instr][rs2][0][6]
                                                                      r  rvfi_probes_o[instr][rs2][0][6] (OUT)
  -------------------------------------------------------------------    -------------------

Slack:                    inf
  Source:                 ex_stage_i/fpu_gen.fpu_i/fpu_gen.i_fpnew_bulk/gen_operation_groups[3].i_opgroup_block/gen_merged_slice.i_multifmt_slice/gen_num_lanes[0].active_lane.lane_instance.i_fpnew_cast_multi/gen_inside_pipeline[0].mid_pipe_dst_fmt_q_reg[1][2]/C
                            (rising edge-triggered cell FDCE clocked by clk_i  {rise@0.000ns fall@12.500ns period=25.000ns})
  Destination:            rvfi_probes_o[instr][rs2][0][25]
                            (output port)
  Path Group:             (none)
  Path Type:              Max at Slow Process Corner
  Data Path Delay:        26.621ns  (logic 8.518ns (31.997%)  route 18.103ns (68.003%))
  Logic Levels:           39  (CARRY4=12 LUT1=1 LUT2=2 LUT3=3 LUT4=3 LUT5=4 LUT6=14)
  Clock Uncertainty:      0.025ns  ((TSJ^2 + TIJ^2)^1/2 + DJ) / 2 + PE
    Total System Jitter     (TSJ):    0.050ns
    Total Input Jitter      (TIJ):    0.000ns
    Discrete Jitter          (DJ):    0.000ns
    Phase Error              (PE):    0.000ns

    Location             Delay type                Incr(ns)  Path(ns)    Netlist Resource(s)
  -------------------------------------------------------------------    -------------------
                         (clock clk_i rise edge)      0.000     0.000 r  
                                                      0.000     0.000 r  clk_i (IN)
                         net (fo=6832, unset)         0.973     0.973    ex_stage_i/fpu_gen.fpu_i/fpu_gen.i_fpnew_bulk/gen_operation_groups[3].i_opgroup_block/gen_merged_slice.i_multifmt_slice/gen_num_lanes[0].active_lane.lane_instance.i_fpnew_cast_multi/clk_i
    SLICE_X85Y28         FDCE                                         r  ex_stage_i/fpu_gen.fpu_i/fpu_gen.i_fpnew_bulk/gen_operation_groups[3].i_opgroup_block/gen_merged_slice.i_multifmt_slice/gen_num_lanes[0].active_lane.lane_instance.i_fpnew_cast_multi/gen_inside_pipeline[0].mid_pipe_dst_fmt_q_reg[1][2]/C
  -------------------------------------------------------------------    -------------------
    SLICE_X85Y28         FDCE (Prop_fdce_C_Q)         0.456     1.429 r  ex_stage_i/fpu_gen.fpu_i/fpu_gen.i_fpnew_bulk/gen_operation_groups[3].i_opgroup_block/gen_merged_slice.i_multifmt_slice/gen_num_lanes[0].active_lane.lane_instance.i_fpnew_cast_multi/gen_inside_pipeline[0].mid_pipe_dst_fmt_q_reg[1][2]/Q
                         net (fo=147, routed)         0.494     1.923    ex_stage_i/fpu_gen.fpu_i/fpu_gen.i_fpnew_bulk/gen_operation_groups[3].i_opgroup_block/gen_merged_slice.i_multifmt_slice/gen_num_lanes[0].active_lane.lane_instance.i_fpnew_cast_multi/gen_inside_pipeline[0].mid_pipe_dst_fmt_q_reg_n_0_[1][2]
    SLICE_X84Y28         LUT3 (Prop_lut3_I0_O)        0.124     2.047 r  ex_stage_i/fpu_gen.fpu_i/fpu_gen.i_fpnew_bulk/gen_operation_groups[3].i_opgroup_block/gen_merged_slice.i_multifmt_slice/gen_num_lanes[0].active_lane.lane_instance.i_fpnew_cast_multi/of_before_round1__7_carry_i_1/O
                         net (fo=8, routed)           0.344     2.391    ex_stage_i/fpu_gen.fpu_i/fpu_gen.i_fpnew_bulk/gen_operation_groups[3].i_opgroup_block/gen_merged_slice.i_multifmt_slice/gen_num_lanes[0].active_lane.lane_instance.i_fpnew_cast_multi/of_before_round1__7_carry_i_1_n_0
    SLICE_X85Y29         CARRY4 (Prop_carry4_CYINIT_CO[3])
                                                      0.580     2.971 r  ex_stage_i/fpu_gen.fpu_i/fpu_gen.i_fpnew_bulk/gen_operation_groups[3].i_opgroup_block/gen_merged_slice.i_multifmt_slice/gen_num_lanes[0].active_lane.lane_instance.i_fpnew_cast_multi/of_before_round1__7_carry/CO[3]
                         net (fo=5, routed)           1.003     3.974    ex_stage_i/fpu_gen.fpu_i/fpu_gen.i_fpnew_bulk/gen_operation_groups[3].i_opgroup_block/gen_merged_slice.i_multifmt_slice/gen_num_lanes[0].active_lane.lane_instance.i_fpnew_cast_multi/of_before_round1__7_carry_n_0
    SLICE_X82Y29         CARRY4 (Prop_carry4_CYINIT_CO[2])
                                                      0.608     4.582 r  ex_stage_i/fpu_gen.fpu_i/fpu_gen.i_fpnew_bulk/gen_operation_groups[3].i_opgroup_block/gen_merged_slice.i_multifmt_slice/gen_num_lanes[0].active_lane.lane_instance.i_fpnew_cast_multi/of_before_round0_carry__0_i_9/CO[2]
                         net (fo=20, routed)          0.689     5.271    ex_stage_i/fpu_gen.fpu_i/fpu_gen.i_fpnew_bulk/gen_operation_groups[3].i_opgroup_block/gen_merged_slice.i_multifmt_slice/gen_num_lanes[0].active_lane.lane_instance.i_fpnew_cast_multi/of_before_round0_carry__0_i_9_n_1
    SLICE_X83Y31         LUT2 (Prop_lut2_I0_O)        0.310     5.581 r  ex_stage_i/fpu_gen.fpu_i/fpu_gen.i_fpnew_bulk/gen_operation_groups[3].i_opgroup_block/gen_merged_slice.i_multifmt_slice/gen_num_lanes[0].active_lane.lane_instance.i_fpnew_cast_multi/of_before_round0_carry__1_i_7/O
                         net (fo=1, routed)           0.000     5.581    ex_stage_i/fpu_gen.fpu_i/fpu_gen.i_fpnew_bulk/gen_operation_groups[3].i_opgroup_block/gen_merged_slice.i_multifmt_slice/gen_num_lanes[0].active_lane.lane_instance.i_fpnew_cast_multi/of_before_round0_carry__1_i_7_n_0
    SLICE_X83Y31         CARRY4 (Prop_carry4_S[1]_CO[3])
                                                      0.550     6.131 r  ex_stage_i/fpu_gen.fpu_i/fpu_gen.i_fpnew_bulk/gen_operation_groups[3].i_opgroup_block/gen_merged_slice.i_multifmt_slice/gen_num_lanes[0].active_lane.lane_instance.i_fpnew_cast_multi/of_before_round0_carry__1/CO[3]
                         net (fo=1, routed)           0.000     6.131    ex_stage_i/fpu_gen.fpu_i/fpu_gen.i_fpnew_bulk/gen_operation_groups[3].i_opgroup_block/gen_merged_slice.i_multifmt_slice/gen_num_lanes[0].active_lane.lane_instance.i_fpnew_cast_multi/of_before_round0_carry__1_n_0
    SLICE_X83Y32         CARRY4 (Prop_carry4_CI_CO[3])
                                                      0.114     6.245 f  ex_stage_i/fpu_gen.fpu_i/fpu_gen.i_fpnew_bulk/gen_operation_groups[3].i_opgroup_block/gen_merged_slice.i_multifmt_slice/gen_num_lanes[0].active_lane.lane_instance.i_fpnew_cast_multi/of_before_round0_carry__2/CO[3]
                         net (fo=34, routed)          1.047     7.292    ex_stage_i/fpu_gen.fpu_i/fpu_gen.i_fpnew_bulk/gen_operation_groups[3].i_opgroup_block/gen_merged_slice.i_multifmt_slice/gen_num_lanes[0].active_lane.lane_instance.i_fpnew_cast_multi/of_before_round0__16
    SLICE_X86Y32         LUT3 (Prop_lut3_I0_O)        0.124     7.416 r  ex_stage_i/fpu_gen.fpu_i/fpu_gen.i_fpnew_bulk/gen_operation_groups[3].i_opgroup_block/gen_merged_slice.i_multifmt_slice/gen_num_lanes[0].active_lane.lane_instance.i_fpnew_cast_multi/rvfi_probes_o[instr][wbdata][3][30]_INST_0_i_146/O
                         net (fo=7, routed)           0.463     7.879    ex_stage_i/fpu_gen.fpu_i/fpu_gen.i_fpnew_bulk/gen_operation_groups[3].i_opgroup_block/gen_merged_slice.i_multifmt_slice/gen_num_lanes[0].active_lane.lane_instance.i_fpnew_cast_multi/rvfi_probes_o[instr][wbdata][3][30]_INST_0_i_146_n_0
    SLICE_X86Y33         LUT6 (Prop_lut6_I3_O)        0.124     8.003 r  ex_stage_i/fpu_gen.fpu_i/fpu_gen.i_fpnew_bulk/gen_operation_groups[3].i_opgroup_block/gen_merged_slice.i_multifmt_slice/gen_num_lanes[0].active_lane.lane_instance.i_fpnew_cast_multi/rvfi_probes_o[instr][wbdata][3][30]_INST_0_i_140/O
                         net (fo=87, routed)          1.139     9.141    ex_stage_i/fpu_gen.fpu_i/fpu_gen.i_fpnew_bulk/gen_operation_groups[3].i_opgroup_block/gen_merged_slice.i_multifmt_slice/gen_num_lanes[0].active_lane.lane_instance.i_fpnew_cast_multi/rvfi_probes_o[instr][wbdata][3][30]_INST_0_i_140_n_0
    SLICE_X87Y37         LUT6 (Prop_lut6_I5_O)        0.124     9.265 r  ex_stage_i/fpu_gen.fpu_i/fpu_gen.i_fpnew_bulk/gen_operation_groups[3].i_opgroup_block/gen_merged_slice.i_multifmt_slice/gen_num_lanes[0].active_lane.lane_instance.i_fpnew_cast_multi/mem_q[0][sbe][ex][cause][1]_i_101/O
                         net (fo=2, routed)           0.606     9.872    ex_stage_i/fpu_gen.fpu_i/fpu_gen.i_fpnew_bulk/gen_operation_groups[3].i_opgroup_block/gen_merged_slice.i_multifmt_slice/gen_num_lanes[0].active_lane.lane_instance.i_fpnew_cast_multi/mem_q[0][sbe][ex][cause][1]_i_101_n_0
    SLICE_X86Y37         LUT4 (Prop_lut4_I3_O)        0.124     9.996 r  ex_stage_i/fpu_gen.fpu_i/fpu_gen.i_fpnew_bulk/gen_operation_groups[3].i_opgroup_block/gen_merged_slice.i_multifmt_slice/gen_num_lanes[0].active_lane.lane_instance.i_fpnew_cast_multi/mem_q[0][sbe][ex][cause][1]_i_58/O
                         net (fo=3, routed)           0.641    10.637    ex_stage_i/fpu_gen.fpu_i/fpu_gen.i_fpnew_bulk/gen_operation_groups[3].i_opgroup_block/gen_merged_slice.i_multifmt_slice/gen_num_lanes[0].active_lane.lane_instance.i_fpnew_cast_multi/mem_q[0][sbe][ex][cause][1]_i_58_n_0
    SLICE_X83Y36         LUT5 (Prop_lut5_I3_O)        0.124    10.761 r  ex_stage_i/fpu_gen.fpu_i/fpu_gen.i_fpnew_bulk/gen_operation_groups[3].i_opgroup_block/gen_merged_slice.i_multifmt_slice/gen_num_lanes[0].active_lane.lane_instance.i_fpnew_cast_multi/mem_q[0][sbe][ex][cause][1]_i_68/O
                         net (fo=2, routed)           0.814    11.575    ex_stage_i/fpu_gen.fpu_i/fpu_gen.i_fpnew_bulk/gen_operation_groups[3].i_opgroup_block/gen_merged_slice.i_multifmt_slice/gen_num_lanes[0].active_lane.lane_instance.i_fpnew_cast_multi/mem_q[0][sbe][ex][cause][1]_i_68_n_0
    SLICE_X82Y36         LUT3 (Prop_lut3_I2_O)        0.146    11.721 r  ex_stage_i/fpu_gen.fpu_i/fpu_gen.i_fpnew_bulk/gen_operation_groups[3].i_opgroup_block/gen_merged_slice.i_multifmt_slice/gen_num_lanes[0].active_lane.lane_instance.i_fpnew_cast_multi/mem_q[0][sbe][ex][cause][1]_i_44/O
                         net (fo=2, routed)           0.844    12.565    ex_stage_i/fpu_gen.fpu_i/fpu_gen.i_fpnew_bulk/gen_operation_groups[3].i_opgroup_block/gen_merged_slice.i_multifmt_slice/gen_num_lanes[0].active_lane.lane_instance.i_fpnew_cast_multi/mem_q[0][sbe][ex][cause][1]_i_44_n_0
    SLICE_X81Y35         LUT6 (Prop_lut6_I4_O)        0.328    12.893 r  ex_stage_i/fpu_gen.fpu_i/fpu_gen.i_fpnew_bulk/gen_operation_groups[3].i_opgroup_block/gen_merged_slice.i_multifmt_slice/gen_num_lanes[0].active_lane.lane_instance.i_fpnew_cast_multi/mem_q[0][sbe][ex][cause][1]_i_27/O
                         net (fo=1, routed)           0.797    13.690    ex_stage_i/fpu_gen.fpu_i/fpu_gen.i_fpnew_bulk/gen_operation_groups[3].i_opgroup_block/gen_merged_slice.i_multifmt_slice/gen_num_lanes[0].active_lane.lane_instance.i_fpnew_cast_multi/mem_q[0][sbe][ex][cause][1]_i_27_n_0
    SLICE_X81Y36         LUT6 (Prop_lut6_I0_O)        0.124    13.814 f  ex_stage_i/fpu_gen.fpu_i/fpu_gen.i_fpnew_bulk/gen_operation_groups[3].i_opgroup_block/gen_merged_slice.i_multifmt_slice/gen_num_lanes[0].active_lane.lane_instance.i_fpnew_cast_multi/mem_q[0][sbe][ex][cause][1]_i_18/O
                         net (fo=4, routed)           0.464    14.277    ex_stage_i/fpu_gen.fpu_i/fpu_gen.i_fpnew_bulk/gen_operation_groups[3].i_opgroup_block/gen_merged_slice.i_multifmt_slice/gen_num_lanes[0].active_lane.lane_instance.i_fpnew_cast_multi/mem_q[0][sbe][ex][cause][1]_i_18_n_0
    SLICE_X80Y34         LUT4 (Prop_lut4_I3_O)        0.124    14.401 r  ex_stage_i/fpu_gen.fpu_i/fpu_gen.i_fpnew_bulk/gen_operation_groups[3].i_opgroup_block/gen_merged_slice.i_multifmt_slice/gen_num_lanes[0].active_lane.lane_instance.i_fpnew_cast_multi/rvfi_probes_o[instr][wbdata][3][0]_INST_0_i_52/O
                         net (fo=2, routed)           0.510    14.911    ex_stage_i/fpu_gen.fpu_i/fpu_gen.i_fpnew_bulk/gen_operation_groups[3].i_opgroup_block/gen_merged_slice.i_multifmt_slice/gen_num_lanes[0].active_lane.lane_instance.i_fpnew_cast_multi/rvfi_probes_o[instr][wbdata][3][0]_INST_0_i_52_n_0
    SLICE_X79Y30         LUT2 (Prop_lut2_I0_O)        0.124    15.035 r  ex_stage_i/fpu_gen.fpu_i/fpu_gen.i_fpnew_bulk/gen_operation_groups[3].i_opgroup_block/gen_merged_slice.i_multifmt_slice/gen_num_lanes[0].active_lane.lane_instance.i_fpnew_cast_multi/rvfi_probes_o[instr][wbdata][3][0]_INST_0_i_32/O
                         net (fo=1, routed)           0.426    15.462    ex_stage_i/fpu_gen.fpu_i/fpu_gen.i_fpnew_bulk/gen_operation_groups[3].i_opgroup_block/gen_merged_slice.i_multifmt_slice/gen_num_lanes[0].active_lane.lane_instance.i_fpnew_cast_multi/rvfi_probes_o[instr][wbdata][3][0]_INST_0_i_32_n_0
    SLICE_X78Y30         LUT6 (Prop_lut6_I0_O)        0.124    15.586 r  ex_stage_i/fpu_gen.fpu_i/fpu_gen.i_fpnew_bulk/gen_operation_groups[3].i_opgroup_block/gen_merged_slice.i_multifmt_slice/gen_num_lanes[0].active_lane.lane_instance.i_fpnew_cast_multi/rvfi_probes_o[instr][wbdata][3][0]_INST_0_i_19/O
                         net (fo=1, routed)           0.000    15.586    ex_stage_i/fpu_gen.fpu_i/fpu_gen.i_fpnew_bulk/gen_operation_groups[3].i_opgroup_block/gen_merged_slice.i_multifmt_slice/gen_num_lanes[0].active_lane.lane_instance.i_fpnew_cast_multi/rvfi_probes_o[instr][wbdata][3][0]_INST_0_i_19_n_0
    SLICE_X78Y30         CARRY4 (Prop_carry4_S[0]_CO[3])
                                                      0.532    16.118 r  ex_stage_i/fpu_gen.fpu_i/fpu_gen.i_fpnew_bulk/gen_operation_groups[3].i_opgroup_block/gen_merged_slice.i_multifmt_slice/gen_num_lanes[0].active_lane.lane_instance.i_fpnew_cast_multi/rvfi_probes_o[instr][wbdata][3][0]_INST_0_i_8/CO[3]
                         net (fo=1, routed)           0.000    16.118    ex_stage_i/fpu_gen.fpu_i/fpu_gen.i_fpnew_bulk/gen_operation_groups[3].i_opgroup_block/gen_merged_slice.i_multifmt_slice/gen_num_lanes[0].active_lane.lane_instance.i_fpnew_cast_multi/rvfi_probes_o[instr][wbdata][3][0]_INST_0_i_8_n_0
    SLICE_X78Y31         CARRY4 (Prop_carry4_CI_O[1])
                                                      0.334    16.452 f  ex_stage_i/fpu_gen.fpu_i/fpu_gen.i_fpnew_bulk/gen_operation_groups[3].i_opgroup_block/gen_merged_slice.i_multifmt_slice/gen_num_lanes[0].active_lane.lane_instance.i_fpnew_cast_multi/rvfi_probes_o[instr][wbdata][3][7]_INST_0_i_16/O[1]
                         net (fo=4, routed)           0.591    17.043    ex_stage_i/fpu_gen.fpu_i/fpu_gen.i_fpnew_bulk/gen_operation_groups[3].i_opgroup_block/gen_merged_slice.i_multifmt_slice/gen_num_lanes[0].active_lane.lane_instance.i_fpnew_cast_multi/rounded_abs[5]
    SLICE_X77Y31         LUT1 (Prop_lut1_I0_O)        0.303    17.346 r  ex_stage_i/fpu_gen.fpu_i/fpu_gen.i_fpnew_bulk/gen_operation_groups[3].i_opgroup_block/gen_merged_slice.i_multifmt_slice/gen_num_lanes[0].active_lane.lane_instance.i_fpnew_cast_multi/rvfi_probes_o[instr][wbdata][3][8]_INST_0_i_12/O
                         net (fo=1, routed)           0.000    17.346    ex_stage_i/fpu_gen.fpu_i/fpu_gen.i_fpnew_bulk/gen_operation_groups[3].i_opgroup_block/gen_merged_slice.i_multifmt_slice/gen_num_lanes[0].active_lane.lane_instance.i_fpnew_cast_multi/rvfi_probes_o[instr][wbdata][3][8]_INST_0_i_12_n_0
    SLICE_X77Y31         CARRY4 (Prop_carry4_S[0]_CO[3])
                                                      0.532    17.878 r  ex_stage_i/fpu_gen.fpu_i/fpu_gen.i_fpnew_bulk/gen_operation_groups[3].i_opgroup_block/gen_merged_slice.i_multifmt_slice/gen_num_lanes[0].active_lane.lane_instance.i_fpnew_cast_multi/rvfi_probes_o[instr][wbdata][3][8]_INST_0_i_8/CO[3]
                         net (fo=1, routed)           0.000    17.878    ex_stage_i/fpu_gen.fpu_i/fpu_gen.i_fpnew_bulk/gen_operation_groups[3].i_opgroup_block/gen_merged_slice.i_multifmt_slice/gen_num_lanes[0].active_lane.lane_instance.i_fpnew_cast_multi/rvfi_probes_o[instr][wbdata][3][8]_INST_0_i_8_n_0
    SLICE_X77Y32         CARRY4 (Prop_carry4_CI_CO[3])
                                                      0.114    17.992 r  ex_stage_i/fpu_gen.fpu_i/fpu_gen.i_fpnew_bulk/gen_operation_groups[3].i_opgroup_block/gen_merged_slice.i_multifmt_slice/gen_num_lanes[0].active_lane.lane_instance.i_fpnew_cast_multi/rvfi_probes_o[instr][wbdata][3][12]_INST_0_i_7/CO[3]
                         net (fo=1, routed)           0.000    17.992    ex_stage_i/fpu_gen.fpu_i/fpu_gen.i_fpnew_bulk/gen_operation_groups[3].i_opgroup_block/gen_merged_slice.i_multifmt_slice/gen_num_lanes[0].active_lane.lane_instance.i_fpnew_cast_multi/rvfi_probes_o[instr][wbdata][3][12]_INST_0_i_7_n_0
    SLICE_X77Y33         CARRY4 (Prop_carry4_CI_CO[3])
                                                      0.114    18.106 r  ex_stage_i/fpu_gen.fpu_i/fpu_gen.i_fpnew_bulk/gen_operation_groups[3].i_opgroup_block/gen_merged_slice.i_multifmt_slice/gen_num_lanes[0].active_lane.lane_instance.i_fpnew_cast_multi/rvfi_probes_o[instr][wbdata][3][16]_INST_0_i_7/CO[3]
                         net (fo=1, routed)           0.000    18.106    ex_stage_i/fpu_gen.fpu_i/fpu_gen.i_fpnew_bulk/gen_operation_groups[3].i_opgroup_block/gen_merged_slice.i_multifmt_slice/gen_num_lanes[0].active_lane.lane_instance.i_fpnew_cast_multi/rvfi_probes_o[instr][wbdata][3][16]_INST_0_i_7_n_0
    SLICE_X77Y34         CARRY4 (Prop_carry4_CI_CO[3])
                                                      0.114    18.220 r  ex_stage_i/fpu_gen.fpu_i/fpu_gen.i_fpnew_bulk/gen_operation_groups[3].i_opgroup_block/gen_merged_slice.i_multifmt_slice/gen_num_lanes[0].active_lane.lane_instance.i_fpnew_cast_multi/rvfi_probes_o[instr][wbdata][3][20]_INST_0_i_8/CO[3]
                         net (fo=1, routed)           0.000    18.220    ex_stage_i/fpu_gen.fpu_i/fpu_gen.i_fpnew_bulk/gen_operation_groups[3].i_opgroup_block/gen_merged_slice.i_multifmt_slice/gen_num_lanes[0].active_lane.lane_instance.i_fpnew_cast_multi/rvfi_probes_o[instr][wbdata][3][20]_INST_0_i_8_n_0
    SLICE_X77Y35         CARRY4 (Prop_carry4_CI_CO[3])
                                                      0.114    18.334 r  ex_stage_i/fpu_gen.fpu_i/fpu_gen.i_fpnew_bulk/gen_operation_groups[3].i_opgroup_block/gen_merged_slice.i_multifmt_slice/gen_num_lanes[0].active_lane.lane_instance.i_fpnew_cast_multi/rvfi_probes_o[instr][wbdata][3][24]_INST_0_i_9/CO[3]
                         net (fo=1, routed)           0.000    18.334    ex_stage_i/fpu_gen.fpu_i/fpu_gen.i_fpnew_bulk/gen_operation_groups[3].i_opgroup_block/gen_merged_slice.i_multifmt_slice/gen_num_lanes[0].active_lane.lane_instance.i_fpnew_cast_multi/rvfi_probes_o[instr][wbdata][3][24]_INST_0_i_9_n_0
    SLICE_X77Y36         CARRY4 (Prop_carry4_CI_O[2])
                                                      0.239    18.573 r  ex_stage_i/fpu_gen.fpu_i/fpu_gen.i_fpnew_bulk/gen_operation_groups[3].i_opgroup_block/gen_merged_slice.i_multifmt_slice/gen_num_lanes[0].active_lane.lane_instance.i_fpnew_cast_multi/rvfi_probes_o[instr][wbdata][3][28]_INST_0_i_9/O[2]
                         net (fo=2, routed)           0.782    19.355    ex_stage_i/fpu_gen.fpu_i/fpu_gen.i_fpnew_bulk/gen_operation_groups[3].i_opgroup_block/gen_merged_slice.i_multifmt_slice/gen_num_lanes[0].active_lane.lane_instance.i_fpnew_cast_multi/rounded_uint_res0[27]
    SLICE_X76Y37         LUT5 (Prop_lut5_I1_O)        0.302    19.657 r  ex_stage_i/fpu_gen.fpu_i/fpu_gen.i_fpnew_bulk/gen_operation_groups[3].i_opgroup_block/gen_merged_slice.i_multifmt_slice/gen_num_lanes[0].active_lane.lane_instance.i_fpnew_cast_multi/rvfi_probes_o[instr][wbdata][3][30]_INST_0_i_230/O
                         net (fo=1, routed)           0.492    20.149    ex_stage_i/fpu_gen.fpu_i/fpu_gen.i_fpnew_bulk/gen_operation_groups[3].i_opgroup_block/gen_merged_slice.i_multifmt_slice/gen_num_lanes[0].active_lane.lane_instance.i_fpnew_cast_multi/rvfi_probes_o[instr][wbdata][3][30]_INST_0_i_230_n_0
    SLICE_X76Y36         LUT6 (Prop_lut6_I5_O)        0.124    20.273 r  ex_stage_i/fpu_gen.fpu_i/fpu_gen.i_fpnew_bulk/gen_operation_groups[3].i_opgroup_block/gen_merged_slice.i_multifmt_slice/gen_num_lanes[0].active_lane.lane_instance.i_fpnew_cast_multi/rvfi_probes_o[instr][wbdata][3][30]_INST_0_i_204/O
                         net (fo=1, routed)           0.566    20.839    ex_stage_i/fpu_gen.fpu_i/fpu_gen.i_fpnew_bulk/gen_operation_groups[3].i_opgroup_block/gen_merged_slice.i_multifmt_slice/gen_num_lanes[0].active_lane.lane_instance.i_fpnew_cast_multi/rvfi_probes_o[instr][wbdata][3][30]_INST_0_i_204_n_0
    SLICE_X79Y33         LUT6 (Prop_lut6_I2_O)        0.124    20.963 r  ex_stage_i/fpu_gen.fpu_i/fpu_gen.i_fpnew_bulk/gen_operation_groups[3].i_opgroup_block/gen_merged_slice.i_multifmt_slice/gen_num_lanes[0].active_lane.lane_instance.i_fpnew_cast_multi/rvfi_probes_o[instr][wbdata][3][30]_INST_0_i_160/O
                         net (fo=1, routed)           0.318    21.281    ex_stage_i/fpu_gen.fpu_i/fpu_gen.i_fpnew_bulk/gen_operation_groups[3].i_opgroup_block/gen_merged_slice.i_multifmt_slice/gen_num_lanes[0].active_lane.lane_instance.i_fpnew_cast_multi/rvfi_probes_o[instr][wbdata][3][30]_INST_0_i_160_n_0
    SLICE_X80Y33         LUT6 (Prop_lut6_I1_O)        0.124    21.405 r  ex_stage_i/fpu_gen.fpu_i/fpu_gen.i_fpnew_bulk/gen_operation_groups[3].i_opgroup_block/gen_merged_slice.i_multifmt_slice/gen_num_lanes[0].active_lane.lane_instance.i_fpnew_cast_multi/rvfi_probes_o[instr][wbdata][3][30]_INST_0_i_97/O
                         net (fo=1, routed)           0.291    21.696    ex_stage_i/fpu_gen.fpu_i/fpu_gen.i_fpnew_bulk/gen_operation_groups[3].i_opgroup_block/gen_merged_slice.i_multifmt_slice/gen_num_lanes[0].active_lane.lane_instance.i_fpnew_cast_multi/rvfi_probes_o[instr][wbdata][3][30]_INST_0_i_97_n_0
    SLICE_X81Y33         LUT4 (Prop_lut4_I2_O)        0.124    21.820 r  ex_stage_i/fpu_gen.fpu_i/fpu_gen.i_fpnew_bulk/gen_operation_groups[3].i_opgroup_block/gen_merged_slice.i_multifmt_slice/gen_num_lanes[0].active_lane.lane_instance.i_fpnew_cast_multi/rvfi_probes_o[instr][wbdata][3][30]_INST_0_i_55/O
                         net (fo=1, routed)           0.151    21.971    ex_stage_i/fpu_gen.fpu_i/fpu_gen.i_fpnew_bulk/gen_operation_groups[3].i_opgroup_block/gen_merged_slice.i_multifmt_slice/gen_num_lanes[0].active_lane.lane_instance.i_fpnew_cast_multi/rvfi_probes_o[instr][wbdata][3][30]_INST_0_i_55_n_0
    SLICE_X81Y33         LUT6 (Prop_lut6_I1_O)        0.124    22.095 f  ex_stage_i/fpu_gen.fpu_i/fpu_gen.i_fpnew_bulk/gen_operation_groups[3].i_opgroup_block/gen_merged_slice.i_multifmt_slice/gen_num_lanes[0].active_lane.lane_instance.i_fpnew_cast_multi/rvfi_probes_o[instr][wbdata][3][30]_INST_0_i_37/O
                         net (fo=3, routed)           0.543    22.638    ex_stage_i/fpu_gen.fpu_i/fpu_gen.i_fpnew_bulk/gen_operation_groups[3].i_opgroup_block/gen_merged_slice.i_multifmt_slice/gen_num_lanes[0].active_lane.lane_instance.i_fpnew_cast_multi/rvfi_probes_o[instr][wbdata][3][30]_INST_0_i_37_n_0
    SLICE_X75Y33         LUT6 (Prop_lut6_I1_O)        0.124    22.762 r  ex_stage_i/fpu_gen.fpu_i/fpu_gen.i_fpnew_bulk/gen_operation_groups[3].i_opgroup_block/gen_merged_slice.i_multifmt_slice/gen_num_lanes[0].active_lane.lane_instance.i_fpnew_cast_multi/rvfi_probes_o[instr][wbdata][3][30]_INST_0_i_17/O
                         net (fo=31, routed)          0.704    23.466    ex_stage_i/fpu_gen.fpu_i/fpu_gen.i_fpnew_bulk/gen_operation_groups[3].i_opgroup_block/gen_merged_slice.i_multifmt_slice/gen_num_lanes[0].active_lane.lane_instance.i_fpnew_cast_multi/rvfi_probes_o[instr][wbdata][3][30]_INST_0_i_17_n_0
    SLICE_X74Y34         LUT6 (Prop_lut6_I5_O)        0.124    23.590 r  ex_stage_i/fpu_gen.fpu_i/fpu_gen.i_fpnew_bulk/gen_operation_groups[3].i_opgroup_block/gen_merged_slice.i_multifmt_slice/gen_num_lanes[0].active_lane.lane_instance.i_fpnew_cast_multi/rvfi_probes_o[instr][wbdata][3][25]_INST_0_i_4/O
                         net (fo=1, routed)           0.444    24.033    ex_stage_i/fpu_gen.fpu_i/fpu_gen.i_fpnew_bulk/gen_operation_groups[3].i_opgroup_block/gen_merged_slice.i_multifmt_slice/gen_num_lanes[0].active_lane.lane_instance.i_fpnew_cast_multi/rvfi_probes_o[instr][wbdata][3][25]_INST_0_i_4_n_0
    SLICE_X68Y34         LUT5 (Prop_lut5_I2_O)        0.124    24.157 r  ex_stage_i/fpu_gen.fpu_i/fpu_gen.i_fpnew_bulk/gen_operation_groups[3].i_opgroup_block/gen_merged_slice.i_multifmt_slice/gen_num_lanes[0].active_lane.lane_instance.i_fpnew_cast_multi/rvfi_probes_o[instr][wbdata][3][25]_INST_0_i_1/O
                         net (fo=1, routed)           0.487    24.644    ex_stage_i/fpu_gen.fpu_i/fpu_gen.i_fpnew_bulk/i_arbiter/opgrp_outputs[3][result][23]
    SLICE_X62Y34         LUT5 (Prop_lut5_I0_O)        0.124    24.768 r  ex_stage_i/fpu_gen.fpu_i/fpu_gen.i_fpnew_bulk/i_arbiter/rvfi_probes_o[instr][wbdata][3][25]_INST_0/O
                         net (fo=7, routed)           0.638    25.406    issue_stage_i/i_scoreboard/fu_data_q[0][imm][25]_i_2_0
    SLICE_X57Y33         LUT6 (Prop_lut6_I3_O)        0.124    25.530 r  issue_stage_i/i_scoreboard/rvfi_probes_o[instr][rs2][0][25]_INST_0_i_5/O
                         net (fo=1, routed)           0.350    25.880    issue_stage_i/i_scoreboard/rvfi_probes_o[instr][rs2][0][25]_INST_0_i_5_n_0
    SLICE_X56Y33         LUT6 (Prop_lut6_I5_O)        0.124    26.004 r  issue_stage_i/i_scoreboard/rvfi_probes_o[instr][rs2][0][25]_INST_0_i_1/O
                         net (fo=1, routed)           0.493    26.497    issue_stage_i/i_issue_read_operands/rs2_res[0]_117[25]
    SLICE_X56Y33         LUT6 (Prop_lut6_I1_O)        0.124    26.621 r  issue_stage_i/i_issue_read_operands/fu_data_n_inferred__0/rvfi_probes_o[instr][rs2][0][25]_INST_0/O
                         net (fo=1, unset)            0.973    27.594    rvfi_probes_o[instr][rs2][0][25]
                                                                      r  rvfi_probes_o[instr][rs2][0][25] (OUT)
  -------------------------------------------------------------------    -------------------

Slack:                    inf
  Source:                 ex_stage_i/fpu_gen.fpu_i/fpu_gen.i_fpnew_bulk/gen_operation_groups[3].i_opgroup_block/gen_merged_slice.i_multifmt_slice/gen_num_lanes[0].active_lane.lane_instance.i_fpnew_cast_multi/gen_inside_pipeline[0].mid_pipe_dst_fmt_q_reg[1][2]/C
                            (rising edge-triggered cell FDCE clocked by clk_i  {rise@0.000ns fall@12.500ns period=25.000ns})
  Destination:            rvfi_probes_o[instr][rs1][0][21]
                            (output port)
  Path Group:             (none)
  Path Type:              Max at Slow Process Corner
  Data Path Delay:        26.620ns  (logic 8.518ns (31.998%)  route 18.102ns (68.002%))
  Logic Levels:           39  (CARRY4=12 LUT1=1 LUT2=2 LUT3=3 LUT4=3 LUT5=3 LUT6=15)
  Clock Uncertainty:      0.025ns  ((TSJ^2 + TIJ^2)^1/2 + DJ) / 2 + PE
    Total System Jitter     (TSJ):    0.050ns
    Total Input Jitter      (TIJ):    0.000ns
    Discrete Jitter          (DJ):    0.000ns
    Phase Error              (PE):    0.000ns

    Location             Delay type                Incr(ns)  Path(ns)    Netlist Resource(s)
  -------------------------------------------------------------------    -------------------
                         (clock clk_i rise edge)      0.000     0.000 r  
                                                      0.000     0.000 r  clk_i (IN)
                         net (fo=6832, unset)         0.973     0.973    ex_stage_i/fpu_gen.fpu_i/fpu_gen.i_fpnew_bulk/gen_operation_groups[3].i_opgroup_block/gen_merged_slice.i_multifmt_slice/gen_num_lanes[0].active_lane.lane_instance.i_fpnew_cast_multi/clk_i
    SLICE_X85Y28         FDCE                                         r  ex_stage_i/fpu_gen.fpu_i/fpu_gen.i_fpnew_bulk/gen_operation_groups[3].i_opgroup_block/gen_merged_slice.i_multifmt_slice/gen_num_lanes[0].active_lane.lane_instance.i_fpnew_cast_multi/gen_inside_pipeline[0].mid_pipe_dst_fmt_q_reg[1][2]/C
  -------------------------------------------------------------------    -------------------
    SLICE_X85Y28         FDCE (Prop_fdce_C_Q)         0.456     1.429 r  ex_stage_i/fpu_gen.fpu_i/fpu_gen.i_fpnew_bulk/gen_operation_groups[3].i_opgroup_block/gen_merged_slice.i_multifmt_slice/gen_num_lanes[0].active_lane.lane_instance.i_fpnew_cast_multi/gen_inside_pipeline[0].mid_pipe_dst_fmt_q_reg[1][2]/Q
                         net (fo=147, routed)         0.494     1.923    ex_stage_i/fpu_gen.fpu_i/fpu_gen.i_fpnew_bulk/gen_operation_groups[3].i_opgroup_block/gen_merged_slice.i_multifmt_slice/gen_num_lanes[0].active_lane.lane_instance.i_fpnew_cast_multi/gen_inside_pipeline[0].mid_pipe_dst_fmt_q_reg_n_0_[1][2]
    SLICE_X84Y28         LUT3 (Prop_lut3_I0_O)        0.124     2.047 r  ex_stage_i/fpu_gen.fpu_i/fpu_gen.i_fpnew_bulk/gen_operation_groups[3].i_opgroup_block/gen_merged_slice.i_multifmt_slice/gen_num_lanes[0].active_lane.lane_instance.i_fpnew_cast_multi/of_before_round1__7_carry_i_1/O
                         net (fo=8, routed)           0.344     2.391    ex_stage_i/fpu_gen.fpu_i/fpu_gen.i_fpnew_bulk/gen_operation_groups[3].i_opgroup_block/gen_merged_slice.i_multifmt_slice/gen_num_lanes[0].active_lane.lane_instance.i_fpnew_cast_multi/of_before_round1__7_carry_i_1_n_0
    SLICE_X85Y29         CARRY4 (Prop_carry4_CYINIT_CO[3])
                                                      0.580     2.971 r  ex_stage_i/fpu_gen.fpu_i/fpu_gen.i_fpnew_bulk/gen_operation_groups[3].i_opgroup_block/gen_merged_slice.i_multifmt_slice/gen_num_lanes[0].active_lane.lane_instance.i_fpnew_cast_multi/of_before_round1__7_carry/CO[3]
                         net (fo=5, routed)           1.003     3.974    ex_stage_i/fpu_gen.fpu_i/fpu_gen.i_fpnew_bulk/gen_operation_groups[3].i_opgroup_block/gen_merged_slice.i_multifmt_slice/gen_num_lanes[0].active_lane.lane_instance.i_fpnew_cast_multi/of_before_round1__7_carry_n_0
    SLICE_X82Y29         CARRY4 (Prop_carry4_CYINIT_CO[2])
                                                      0.608     4.582 r  ex_stage_i/fpu_gen.fpu_i/fpu_gen.i_fpnew_bulk/gen_operation_groups[3].i_opgroup_block/gen_merged_slice.i_multifmt_slice/gen_num_lanes[0].active_lane.lane_instance.i_fpnew_cast_multi/of_before_round0_carry__0_i_9/CO[2]
                         net (fo=20, routed)          0.689     5.271    ex_stage_i/fpu_gen.fpu_i/fpu_gen.i_fpnew_bulk/gen_operation_groups[3].i_opgroup_block/gen_merged_slice.i_multifmt_slice/gen_num_lanes[0].active_lane.lane_instance.i_fpnew_cast_multi/of_before_round0_carry__0_i_9_n_1
    SLICE_X83Y31         LUT2 (Prop_lut2_I0_O)        0.310     5.581 r  ex_stage_i/fpu_gen.fpu_i/fpu_gen.i_fpnew_bulk/gen_operation_groups[3].i_opgroup_block/gen_merged_slice.i_multifmt_slice/gen_num_lanes[0].active_lane.lane_instance.i_fpnew_cast_multi/of_before_round0_carry__1_i_7/O
                         net (fo=1, routed)           0.000     5.581    ex_stage_i/fpu_gen.fpu_i/fpu_gen.i_fpnew_bulk/gen_operation_groups[3].i_opgroup_block/gen_merged_slice.i_multifmt_slice/gen_num_lanes[0].active_lane.lane_instance.i_fpnew_cast_multi/of_before_round0_carry__1_i_7_n_0
    SLICE_X83Y31         CARRY4 (Prop_carry4_S[1]_CO[3])
                                                      0.550     6.131 r  ex_stage_i/fpu_gen.fpu_i/fpu_gen.i_fpnew_bulk/gen_operation_groups[3].i_opgroup_block/gen_merged_slice.i_multifmt_slice/gen_num_lanes[0].active_lane.lane_instance.i_fpnew_cast_multi/of_before_round0_carry__1/CO[3]
                         net (fo=1, routed)           0.000     6.131    ex_stage_i/fpu_gen.fpu_i/fpu_gen.i_fpnew_bulk/gen_operation_groups[3].i_opgroup_block/gen_merged_slice.i_multifmt_slice/gen_num_lanes[0].active_lane.lane_instance.i_fpnew_cast_multi/of_before_round0_carry__1_n_0
    SLICE_X83Y32         CARRY4 (Prop_carry4_CI_CO[3])
                                                      0.114     6.245 f  ex_stage_i/fpu_gen.fpu_i/fpu_gen.i_fpnew_bulk/gen_operation_groups[3].i_opgroup_block/gen_merged_slice.i_multifmt_slice/gen_num_lanes[0].active_lane.lane_instance.i_fpnew_cast_multi/of_before_round0_carry__2/CO[3]
                         net (fo=34, routed)          1.047     7.292    ex_stage_i/fpu_gen.fpu_i/fpu_gen.i_fpnew_bulk/gen_operation_groups[3].i_opgroup_block/gen_merged_slice.i_multifmt_slice/gen_num_lanes[0].active_lane.lane_instance.i_fpnew_cast_multi/of_before_round0__16
    SLICE_X86Y32         LUT3 (Prop_lut3_I0_O)        0.124     7.416 r  ex_stage_i/fpu_gen.fpu_i/fpu_gen.i_fpnew_bulk/gen_operation_groups[3].i_opgroup_block/gen_merged_slice.i_multifmt_slice/gen_num_lanes[0].active_lane.lane_instance.i_fpnew_cast_multi/rvfi_probes_o[instr][wbdata][3][30]_INST_0_i_146/O
                         net (fo=7, routed)           0.463     7.879    ex_stage_i/fpu_gen.fpu_i/fpu_gen.i_fpnew_bulk/gen_operation_groups[3].i_opgroup_block/gen_merged_slice.i_multifmt_slice/gen_num_lanes[0].active_lane.lane_instance.i_fpnew_cast_multi/rvfi_probes_o[instr][wbdata][3][30]_INST_0_i_146_n_0
    SLICE_X86Y33         LUT6 (Prop_lut6_I3_O)        0.124     8.003 r  ex_stage_i/fpu_gen.fpu_i/fpu_gen.i_fpnew_bulk/gen_operation_groups[3].i_opgroup_block/gen_merged_slice.i_multifmt_slice/gen_num_lanes[0].active_lane.lane_instance.i_fpnew_cast_multi/rvfi_probes_o[instr][wbdata][3][30]_INST_0_i_140/O
                         net (fo=87, routed)          1.139     9.141    ex_stage_i/fpu_gen.fpu_i/fpu_gen.i_fpnew_bulk/gen_operation_groups[3].i_opgroup_block/gen_merged_slice.i_multifmt_slice/gen_num_lanes[0].active_lane.lane_instance.i_fpnew_cast_multi/rvfi_probes_o[instr][wbdata][3][30]_INST_0_i_140_n_0
    SLICE_X87Y37         LUT6 (Prop_lut6_I5_O)        0.124     9.265 r  ex_stage_i/fpu_gen.fpu_i/fpu_gen.i_fpnew_bulk/gen_operation_groups[3].i_opgroup_block/gen_merged_slice.i_multifmt_slice/gen_num_lanes[0].active_lane.lane_instance.i_fpnew_cast_multi/mem_q[0][sbe][ex][cause][1]_i_101/O
                         net (fo=2, routed)           0.606     9.872    ex_stage_i/fpu_gen.fpu_i/fpu_gen.i_fpnew_bulk/gen_operation_groups[3].i_opgroup_block/gen_merged_slice.i_multifmt_slice/gen_num_lanes[0].active_lane.lane_instance.i_fpnew_cast_multi/mem_q[0][sbe][ex][cause][1]_i_101_n_0
    SLICE_X86Y37         LUT4 (Prop_lut4_I3_O)        0.124     9.996 r  ex_stage_i/fpu_gen.fpu_i/fpu_gen.i_fpnew_bulk/gen_operation_groups[3].i_opgroup_block/gen_merged_slice.i_multifmt_slice/gen_num_lanes[0].active_lane.lane_instance.i_fpnew_cast_multi/mem_q[0][sbe][ex][cause][1]_i_58/O
                         net (fo=3, routed)           0.641    10.637    ex_stage_i/fpu_gen.fpu_i/fpu_gen.i_fpnew_bulk/gen_operation_groups[3].i_opgroup_block/gen_merged_slice.i_multifmt_slice/gen_num_lanes[0].active_lane.lane_instance.i_fpnew_cast_multi/mem_q[0][sbe][ex][cause][1]_i_58_n_0
    SLICE_X83Y36         LUT5 (Prop_lut5_I3_O)        0.124    10.761 r  ex_stage_i/fpu_gen.fpu_i/fpu_gen.i_fpnew_bulk/gen_operation_groups[3].i_opgroup_block/gen_merged_slice.i_multifmt_slice/gen_num_lanes[0].active_lane.lane_instance.i_fpnew_cast_multi/mem_q[0][sbe][ex][cause][1]_i_68/O
                         net (fo=2, routed)           0.814    11.575    ex_stage_i/fpu_gen.fpu_i/fpu_gen.i_fpnew_bulk/gen_operation_groups[3].i_opgroup_block/gen_merged_slice.i_multifmt_slice/gen_num_lanes[0].active_lane.lane_instance.i_fpnew_cast_multi/mem_q[0][sbe][ex][cause][1]_i_68_n_0
    SLICE_X82Y36         LUT3 (Prop_lut3_I2_O)        0.146    11.721 r  ex_stage_i/fpu_gen.fpu_i/fpu_gen.i_fpnew_bulk/gen_operation_groups[3].i_opgroup_block/gen_merged_slice.i_multifmt_slice/gen_num_lanes[0].active_lane.lane_instance.i_fpnew_cast_multi/mem_q[0][sbe][ex][cause][1]_i_44/O
                         net (fo=2, routed)           0.844    12.565    ex_stage_i/fpu_gen.fpu_i/fpu_gen.i_fpnew_bulk/gen_operation_groups[3].i_opgroup_block/gen_merged_slice.i_multifmt_slice/gen_num_lanes[0].active_lane.lane_instance.i_fpnew_cast_multi/mem_q[0][sbe][ex][cause][1]_i_44_n_0
    SLICE_X81Y35         LUT6 (Prop_lut6_I4_O)        0.328    12.893 r  ex_stage_i/fpu_gen.fpu_i/fpu_gen.i_fpnew_bulk/gen_operation_groups[3].i_opgroup_block/gen_merged_slice.i_multifmt_slice/gen_num_lanes[0].active_lane.lane_instance.i_fpnew_cast_multi/mem_q[0][sbe][ex][cause][1]_i_27/O
                         net (fo=1, routed)           0.797    13.690    ex_stage_i/fpu_gen.fpu_i/fpu_gen.i_fpnew_bulk/gen_operation_groups[3].i_opgroup_block/gen_merged_slice.i_multifmt_slice/gen_num_lanes[0].active_lane.lane_instance.i_fpnew_cast_multi/mem_q[0][sbe][ex][cause][1]_i_27_n_0
    SLICE_X81Y36         LUT6 (Prop_lut6_I0_O)        0.124    13.814 f  ex_stage_i/fpu_gen.fpu_i/fpu_gen.i_fpnew_bulk/gen_operation_groups[3].i_opgroup_block/gen_merged_slice.i_multifmt_slice/gen_num_lanes[0].active_lane.lane_instance.i_fpnew_cast_multi/mem_q[0][sbe][ex][cause][1]_i_18/O
                         net (fo=4, routed)           0.464    14.277    ex_stage_i/fpu_gen.fpu_i/fpu_gen.i_fpnew_bulk/gen_operation_groups[3].i_opgroup_block/gen_merged_slice.i_multifmt_slice/gen_num_lanes[0].active_lane.lane_instance.i_fpnew_cast_multi/mem_q[0][sbe][ex][cause][1]_i_18_n_0
    SLICE_X80Y34         LUT4 (Prop_lut4_I3_O)        0.124    14.401 r  ex_stage_i/fpu_gen.fpu_i/fpu_gen.i_fpnew_bulk/gen_operation_groups[3].i_opgroup_block/gen_merged_slice.i_multifmt_slice/gen_num_lanes[0].active_lane.lane_instance.i_fpnew_cast_multi/rvfi_probes_o[instr][wbdata][3][0]_INST_0_i_52/O
                         net (fo=2, routed)           0.510    14.911    ex_stage_i/fpu_gen.fpu_i/fpu_gen.i_fpnew_bulk/gen_operation_groups[3].i_opgroup_block/gen_merged_slice.i_multifmt_slice/gen_num_lanes[0].active_lane.lane_instance.i_fpnew_cast_multi/rvfi_probes_o[instr][wbdata][3][0]_INST_0_i_52_n_0
    SLICE_X79Y30         LUT2 (Prop_lut2_I0_O)        0.124    15.035 r  ex_stage_i/fpu_gen.fpu_i/fpu_gen.i_fpnew_bulk/gen_operation_groups[3].i_opgroup_block/gen_merged_slice.i_multifmt_slice/gen_num_lanes[0].active_lane.lane_instance.i_fpnew_cast_multi/rvfi_probes_o[instr][wbdata][3][0]_INST_0_i_32/O
                         net (fo=1, routed)           0.426    15.462    ex_stage_i/fpu_gen.fpu_i/fpu_gen.i_fpnew_bulk/gen_operation_groups[3].i_opgroup_block/gen_merged_slice.i_multifmt_slice/gen_num_lanes[0].active_lane.lane_instance.i_fpnew_cast_multi/rvfi_probes_o[instr][wbdata][3][0]_INST_0_i_32_n_0
    SLICE_X78Y30         LUT6 (Prop_lut6_I0_O)        0.124    15.586 r  ex_stage_i/fpu_gen.fpu_i/fpu_gen.i_fpnew_bulk/gen_operation_groups[3].i_opgroup_block/gen_merged_slice.i_multifmt_slice/gen_num_lanes[0].active_lane.lane_instance.i_fpnew_cast_multi/rvfi_probes_o[instr][wbdata][3][0]_INST_0_i_19/O
                         net (fo=1, routed)           0.000    15.586    ex_stage_i/fpu_gen.fpu_i/fpu_gen.i_fpnew_bulk/gen_operation_groups[3].i_opgroup_block/gen_merged_slice.i_multifmt_slice/gen_num_lanes[0].active_lane.lane_instance.i_fpnew_cast_multi/rvfi_probes_o[instr][wbdata][3][0]_INST_0_i_19_n_0
    SLICE_X78Y30         CARRY4 (Prop_carry4_S[0]_CO[3])
                                                      0.532    16.118 r  ex_stage_i/fpu_gen.fpu_i/fpu_gen.i_fpnew_bulk/gen_operation_groups[3].i_opgroup_block/gen_merged_slice.i_multifmt_slice/gen_num_lanes[0].active_lane.lane_instance.i_fpnew_cast_multi/rvfi_probes_o[instr][wbdata][3][0]_INST_0_i_8/CO[3]
                         net (fo=1, routed)           0.000    16.118    ex_stage_i/fpu_gen.fpu_i/fpu_gen.i_fpnew_bulk/gen_operation_groups[3].i_opgroup_block/gen_merged_slice.i_multifmt_slice/gen_num_lanes[0].active_lane.lane_instance.i_fpnew_cast_multi/rvfi_probes_o[instr][wbdata][3][0]_INST_0_i_8_n_0
    SLICE_X78Y31         CARRY4 (Prop_carry4_CI_O[1])
                                                      0.334    16.452 f  ex_stage_i/fpu_gen.fpu_i/fpu_gen.i_fpnew_bulk/gen_operation_groups[3].i_opgroup_block/gen_merged_slice.i_multifmt_slice/gen_num_lanes[0].active_lane.lane_instance.i_fpnew_cast_multi/rvfi_probes_o[instr][wbdata][3][7]_INST_0_i_16/O[1]
                         net (fo=4, routed)           0.591    17.043    ex_stage_i/fpu_gen.fpu_i/fpu_gen.i_fpnew_bulk/gen_operation_groups[3].i_opgroup_block/gen_merged_slice.i_multifmt_slice/gen_num_lanes[0].active_lane.lane_instance.i_fpnew_cast_multi/rounded_abs[5]
    SLICE_X77Y31         LUT1 (Prop_lut1_I0_O)        0.303    17.346 r  ex_stage_i/fpu_gen.fpu_i/fpu_gen.i_fpnew_bulk/gen_operation_groups[3].i_opgroup_block/gen_merged_slice.i_multifmt_slice/gen_num_lanes[0].active_lane.lane_instance.i_fpnew_cast_multi/rvfi_probes_o[instr][wbdata][3][8]_INST_0_i_12/O
                         net (fo=1, routed)           0.000    17.346    ex_stage_i/fpu_gen.fpu_i/fpu_gen.i_fpnew_bulk/gen_operation_groups[3].i_opgroup_block/gen_merged_slice.i_multifmt_slice/gen_num_lanes[0].active_lane.lane_instance.i_fpnew_cast_multi/rvfi_probes_o[instr][wbdata][3][8]_INST_0_i_12_n_0
    SLICE_X77Y31         CARRY4 (Prop_carry4_S[0]_CO[3])
                                                      0.532    17.878 r  ex_stage_i/fpu_gen.fpu_i/fpu_gen.i_fpnew_bulk/gen_operation_groups[3].i_opgroup_block/gen_merged_slice.i_multifmt_slice/gen_num_lanes[0].active_lane.lane_instance.i_fpnew_cast_multi/rvfi_probes_o[instr][wbdata][3][8]_INST_0_i_8/CO[3]
                         net (fo=1, routed)           0.000    17.878    ex_stage_i/fpu_gen.fpu_i/fpu_gen.i_fpnew_bulk/gen_operation_groups[3].i_opgroup_block/gen_merged_slice.i_multifmt_slice/gen_num_lanes[0].active_lane.lane_instance.i_fpnew_cast_multi/rvfi_probes_o[instr][wbdata][3][8]_INST_0_i_8_n_0
    SLICE_X77Y32         CARRY4 (Prop_carry4_CI_CO[3])
                                                      0.114    17.992 r  ex_stage_i/fpu_gen.fpu_i/fpu_gen.i_fpnew_bulk/gen_operation_groups[3].i_opgroup_block/gen_merged_slice.i_multifmt_slice/gen_num_lanes[0].active_lane.lane_instance.i_fpnew_cast_multi/rvfi_probes_o[instr][wbdata][3][12]_INST_0_i_7/CO[3]
                         net (fo=1, routed)           0.000    17.992    ex_stage_i/fpu_gen.fpu_i/fpu_gen.i_fpnew_bulk/gen_operation_groups[3].i_opgroup_block/gen_merged_slice.i_multifmt_slice/gen_num_lanes[0].active_lane.lane_instance.i_fpnew_cast_multi/rvfi_probes_o[instr][wbdata][3][12]_INST_0_i_7_n_0
    SLICE_X77Y33         CARRY4 (Prop_carry4_CI_CO[3])
                                                      0.114    18.106 r  ex_stage_i/fpu_gen.fpu_i/fpu_gen.i_fpnew_bulk/gen_operation_groups[3].i_opgroup_block/gen_merged_slice.i_multifmt_slice/gen_num_lanes[0].active_lane.lane_instance.i_fpnew_cast_multi/rvfi_probes_o[instr][wbdata][3][16]_INST_0_i_7/CO[3]
                         net (fo=1, routed)           0.000    18.106    ex_stage_i/fpu_gen.fpu_i/fpu_gen.i_fpnew_bulk/gen_operation_groups[3].i_opgroup_block/gen_merged_slice.i_multifmt_slice/gen_num_lanes[0].active_lane.lane_instance.i_fpnew_cast_multi/rvfi_probes_o[instr][wbdata][3][16]_INST_0_i_7_n_0
    SLICE_X77Y34         CARRY4 (Prop_carry4_CI_CO[3])
                                                      0.114    18.220 r  ex_stage_i/fpu_gen.fpu_i/fpu_gen.i_fpnew_bulk/gen_operation_groups[3].i_opgroup_block/gen_merged_slice.i_multifmt_slice/gen_num_lanes[0].active_lane.lane_instance.i_fpnew_cast_multi/rvfi_probes_o[instr][wbdata][3][20]_INST_0_i_8/CO[3]
                         net (fo=1, routed)           0.000    18.220    ex_stage_i/fpu_gen.fpu_i/fpu_gen.i_fpnew_bulk/gen_operation_groups[3].i_opgroup_block/gen_merged_slice.i_multifmt_slice/gen_num_lanes[0].active_lane.lane_instance.i_fpnew_cast_multi/rvfi_probes_o[instr][wbdata][3][20]_INST_0_i_8_n_0
    SLICE_X77Y35         CARRY4 (Prop_carry4_CI_CO[3])
                                                      0.114    18.334 r  ex_stage_i/fpu_gen.fpu_i/fpu_gen.i_fpnew_bulk/gen_operation_groups[3].i_opgroup_block/gen_merged_slice.i_multifmt_slice/gen_num_lanes[0].active_lane.lane_instance.i_fpnew_cast_multi/rvfi_probes_o[instr][wbdata][3][24]_INST_0_i_9/CO[3]
                         net (fo=1, routed)           0.000    18.334    ex_stage_i/fpu_gen.fpu_i/fpu_gen.i_fpnew_bulk/gen_operation_groups[3].i_opgroup_block/gen_merged_slice.i_multifmt_slice/gen_num_lanes[0].active_lane.lane_instance.i_fpnew_cast_multi/rvfi_probes_o[instr][wbdata][3][24]_INST_0_i_9_n_0
    SLICE_X77Y36         CARRY4 (Prop_carry4_CI_O[2])
                                                      0.239    18.573 r  ex_stage_i/fpu_gen.fpu_i/fpu_gen.i_fpnew_bulk/gen_operation_groups[3].i_opgroup_block/gen_merged_slice.i_multifmt_slice/gen_num_lanes[0].active_lane.lane_instance.i_fpnew_cast_multi/rvfi_probes_o[instr][wbdata][3][28]_INST_0_i_9/O[2]
                         net (fo=2, routed)           0.782    19.355    ex_stage_i/fpu_gen.fpu_i/fpu_gen.i_fpnew_bulk/gen_operation_groups[3].i_opgroup_block/gen_merged_slice.i_multifmt_slice/gen_num_lanes[0].active_lane.lane_instance.i_fpnew_cast_multi/rounded_uint_res0[27]
    SLICE_X76Y37         LUT5 (Prop_lut5_I1_O)        0.302    19.657 r  ex_stage_i/fpu_gen.fpu_i/fpu_gen.i_fpnew_bulk/gen_operation_groups[3].i_opgroup_block/gen_merged_slice.i_multifmt_slice/gen_num_lanes[0].active_lane.lane_instance.i_fpnew_cast_multi/rvfi_probes_o[instr][wbdata][3][30]_INST_0_i_230/O
                         net (fo=1, routed)           0.492    20.149    ex_stage_i/fpu_gen.fpu_i/fpu_gen.i_fpnew_bulk/gen_operation_groups[3].i_opgroup_block/gen_merged_slice.i_multifmt_slice/gen_num_lanes[0].active_lane.lane_instance.i_fpnew_cast_multi/rvfi_probes_o[instr][wbdata][3][30]_INST_0_i_230_n_0
    SLICE_X76Y36         LUT6 (Prop_lut6_I5_O)        0.124    20.273 r  ex_stage_i/fpu_gen.fpu_i/fpu_gen.i_fpnew_bulk/gen_operation_groups[3].i_opgroup_block/gen_merged_slice.i_multifmt_slice/gen_num_lanes[0].active_lane.lane_instance.i_fpnew_cast_multi/rvfi_probes_o[instr][wbdata][3][30]_INST_0_i_204/O
                         net (fo=1, routed)           0.566    20.839    ex_stage_i/fpu_gen.fpu_i/fpu_gen.i_fpnew_bulk/gen_operation_groups[3].i_opgroup_block/gen_merged_slice.i_multifmt_slice/gen_num_lanes[0].active_lane.lane_instance.i_fpnew_cast_multi/rvfi_probes_o[instr][wbdata][3][30]_INST_0_i_204_n_0
    SLICE_X79Y33         LUT6 (Prop_lut6_I2_O)        0.124    20.963 r  ex_stage_i/fpu_gen.fpu_i/fpu_gen.i_fpnew_bulk/gen_operation_groups[3].i_opgroup_block/gen_merged_slice.i_multifmt_slice/gen_num_lanes[0].active_lane.lane_instance.i_fpnew_cast_multi/rvfi_probes_o[instr][wbdata][3][30]_INST_0_i_160/O
                         net (fo=1, routed)           0.318    21.281    ex_stage_i/fpu_gen.fpu_i/fpu_gen.i_fpnew_bulk/gen_operation_groups[3].i_opgroup_block/gen_merged_slice.i_multifmt_slice/gen_num_lanes[0].active_lane.lane_instance.i_fpnew_cast_multi/rvfi_probes_o[instr][wbdata][3][30]_INST_0_i_160_n_0
    SLICE_X80Y33         LUT6 (Prop_lut6_I1_O)        0.124    21.405 r  ex_stage_i/fpu_gen.fpu_i/fpu_gen.i_fpnew_bulk/gen_operation_groups[3].i_opgroup_block/gen_merged_slice.i_multifmt_slice/gen_num_lanes[0].active_lane.lane_instance.i_fpnew_cast_multi/rvfi_probes_o[instr][wbdata][3][30]_INST_0_i_97/O
                         net (fo=1, routed)           0.291    21.696    ex_stage_i/fpu_gen.fpu_i/fpu_gen.i_fpnew_bulk/gen_operation_groups[3].i_opgroup_block/gen_merged_slice.i_multifmt_slice/gen_num_lanes[0].active_lane.lane_instance.i_fpnew_cast_multi/rvfi_probes_o[instr][wbdata][3][30]_INST_0_i_97_n_0
    SLICE_X81Y33         LUT4 (Prop_lut4_I2_O)        0.124    21.820 r  ex_stage_i/fpu_gen.fpu_i/fpu_gen.i_fpnew_bulk/gen_operation_groups[3].i_opgroup_block/gen_merged_slice.i_multifmt_slice/gen_num_lanes[0].active_lane.lane_instance.i_fpnew_cast_multi/rvfi_probes_o[instr][wbdata][3][30]_INST_0_i_55/O
                         net (fo=1, routed)           0.151    21.971    ex_stage_i/fpu_gen.fpu_i/fpu_gen.i_fpnew_bulk/gen_operation_groups[3].i_opgroup_block/gen_merged_slice.i_multifmt_slice/gen_num_lanes[0].active_lane.lane_instance.i_fpnew_cast_multi/rvfi_probes_o[instr][wbdata][3][30]_INST_0_i_55_n_0
    SLICE_X81Y33         LUT6 (Prop_lut6_I1_O)        0.124    22.095 f  ex_stage_i/fpu_gen.fpu_i/fpu_gen.i_fpnew_bulk/gen_operation_groups[3].i_opgroup_block/gen_merged_slice.i_multifmt_slice/gen_num_lanes[0].active_lane.lane_instance.i_fpnew_cast_multi/rvfi_probes_o[instr][wbdata][3][30]_INST_0_i_37/O
                         net (fo=3, routed)           0.493    22.588    ex_stage_i/fpu_gen.fpu_i/fpu_gen.i_fpnew_bulk/gen_operation_groups[3].i_opgroup_block/gen_merged_slice.i_multifmt_slice/gen_num_lanes[0].active_lane.lane_instance.i_fpnew_cast_multi/rvfi_probes_o[instr][wbdata][3][30]_INST_0_i_37_n_0
    SLICE_X75Y35         LUT6 (Prop_lut6_I4_O)        0.124    22.712 r  ex_stage_i/fpu_gen.fpu_i/fpu_gen.i_fpnew_bulk/gen_operation_groups[3].i_opgroup_block/gen_merged_slice.i_multifmt_slice/gen_num_lanes[0].active_lane.lane_instance.i_fpnew_cast_multi/rvfi_probes_o[instr][wbdata][3][30]_INST_0_i_21/O
                         net (fo=3, routed)           0.309    23.021    ex_stage_i/fpu_gen.fpu_i/fpu_gen.i_fpnew_bulk/gen_operation_groups[3].i_opgroup_block/gen_merged_slice.i_multifmt_slice/gen_num_lanes[0].active_lane.lane_instance.i_fpnew_cast_multi/rvfi_probes_o[instr][wbdata][3][30]_INST_0_i_21_n_0
    SLICE_X73Y35         LUT6 (Prop_lut6_I3_O)        0.124    23.145 f  ex_stage_i/fpu_gen.fpu_i/fpu_gen.i_fpnew_bulk/gen_operation_groups[3].i_opgroup_block/gen_merged_slice.i_multifmt_slice/gen_num_lanes[0].active_lane.lane_instance.i_fpnew_cast_multi/rvfi_probes_o[instr][wbdata][3][29]_INST_0_i_7/O
                         net (fo=31, routed)          1.018    24.163    ex_stage_i/fpu_gen.fpu_i/fpu_gen.i_fpnew_bulk/gen_operation_groups[3].i_opgroup_block/gen_merged_slice.i_multifmt_slice/gen_num_lanes[0].active_lane.lane_instance.i_fpnew_cast_multi/rvfi_probes_o[instr][wbdata][3][29]_INST_0_i_7_n_0
    SLICE_X67Y33         LUT5 (Prop_lut5_I3_O)        0.124    24.287 r  ex_stage_i/fpu_gen.fpu_i/fpu_gen.i_fpnew_bulk/gen_operation_groups[3].i_opgroup_block/gen_merged_slice.i_multifmt_slice/gen_num_lanes[0].active_lane.lane_instance.i_fpnew_cast_multi/rvfi_probes_o[instr][wbdata][3][21]_INST_0_i_1/O
                         net (fo=1, routed)           0.517    24.804    ex_stage_i/fpu_gen.fpu_i/fpu_gen.i_fpnew_bulk/i_arbiter/opgrp_outputs[3][result][21]
    SLICE_X66Y33         LUT6 (Prop_lut6_I0_O)        0.124    24.928 r  ex_stage_i/fpu_gen.fpu_i/fpu_gen.i_fpnew_bulk/i_arbiter/rvfi_probes_o[instr][wbdata][3][21]_INST_0/O
                         net (fo=7, routed)           0.623    25.551    issue_stage_i/i_scoreboard/fu_data_q[0][imm][21]_i_2_0
    SLICE_X61Y32         LUT6 (Prop_lut6_I3_O)        0.124    25.675 r  issue_stage_i/i_scoreboard/rvfi_probes_o[instr][rs1][0][21]_INST_0_i_4/O
                         net (fo=1, routed)           0.295    25.970    issue_stage_i/i_scoreboard/rvfi_probes_o[instr][rs1][0][21]_INST_0_i_4_n_0
    SLICE_X61Y31         LUT6 (Prop_lut6_I5_O)        0.124    26.094 r  issue_stage_i/i_scoreboard/rvfi_probes_o[instr][rs1][0][21]_INST_0_i_1/O
                         net (fo=1, routed)           0.402    26.496    id_stage_i/rs1_res[0]_1[21]
    SLICE_X61Y32         LUT6 (Prop_lut6_I3_O)        0.124    26.620 r  id_stage_i/rvfi_probes_o[instr][rs1][0][21]_INST_0/O
                         net (fo=1, unset)            0.973    27.593    rvfi_probes_o[instr][rs1][0][21]
                                                                      r  rvfi_probes_o[instr][rs1][0][21] (OUT)
  -------------------------------------------------------------------    -------------------

Slack:                    inf
  Source:                 ex_stage_i/fpu_gen.fpu_i/fpu_gen.i_fpnew_bulk/gen_operation_groups[3].i_opgroup_block/gen_merged_slice.i_multifmt_slice/gen_num_lanes[0].active_lane.lane_instance.i_fpnew_cast_multi/gen_inside_pipeline[0].mid_pipe_dst_fmt_q_reg[1][2]/C
                            (rising edge-triggered cell FDCE clocked by clk_i  {rise@0.000ns fall@12.500ns period=25.000ns})
  Destination:            rvfi_probes_o[instr][rs1][0][27]
                            (output port)
  Path Group:             (none)
  Path Type:              Max at Slow Process Corner
  Data Path Delay:        26.619ns  (logic 8.518ns (32.000%)  route 18.101ns (68.000%))
  Logic Levels:           39  (CARRY4=12 LUT1=1 LUT2=2 LUT3=3 LUT4=3 LUT5=4 LUT6=14)
  Clock Uncertainty:      0.025ns  ((TSJ^2 + TIJ^2)^1/2 + DJ) / 2 + PE
    Total System Jitter     (TSJ):    0.050ns
    Total Input Jitter      (TIJ):    0.000ns
    Discrete Jitter          (DJ):    0.000ns
    Phase Error              (PE):    0.000ns

    Location             Delay type                Incr(ns)  Path(ns)    Netlist Resource(s)
  -------------------------------------------------------------------    -------------------
                         (clock clk_i rise edge)      0.000     0.000 r  
                                                      0.000     0.000 r  clk_i (IN)
                         net (fo=6832, unset)         0.973     0.973    ex_stage_i/fpu_gen.fpu_i/fpu_gen.i_fpnew_bulk/gen_operation_groups[3].i_opgroup_block/gen_merged_slice.i_multifmt_slice/gen_num_lanes[0].active_lane.lane_instance.i_fpnew_cast_multi/clk_i
    SLICE_X85Y28         FDCE                                         r  ex_stage_i/fpu_gen.fpu_i/fpu_gen.i_fpnew_bulk/gen_operation_groups[3].i_opgroup_block/gen_merged_slice.i_multifmt_slice/gen_num_lanes[0].active_lane.lane_instance.i_fpnew_cast_multi/gen_inside_pipeline[0].mid_pipe_dst_fmt_q_reg[1][2]/C
  -------------------------------------------------------------------    -------------------
    SLICE_X85Y28         FDCE (Prop_fdce_C_Q)         0.456     1.429 r  ex_stage_i/fpu_gen.fpu_i/fpu_gen.i_fpnew_bulk/gen_operation_groups[3].i_opgroup_block/gen_merged_slice.i_multifmt_slice/gen_num_lanes[0].active_lane.lane_instance.i_fpnew_cast_multi/gen_inside_pipeline[0].mid_pipe_dst_fmt_q_reg[1][2]/Q
                         net (fo=147, routed)         0.494     1.923    ex_stage_i/fpu_gen.fpu_i/fpu_gen.i_fpnew_bulk/gen_operation_groups[3].i_opgroup_block/gen_merged_slice.i_multifmt_slice/gen_num_lanes[0].active_lane.lane_instance.i_fpnew_cast_multi/gen_inside_pipeline[0].mid_pipe_dst_fmt_q_reg_n_0_[1][2]
    SLICE_X84Y28         LUT3 (Prop_lut3_I0_O)        0.124     2.047 r  ex_stage_i/fpu_gen.fpu_i/fpu_gen.i_fpnew_bulk/gen_operation_groups[3].i_opgroup_block/gen_merged_slice.i_multifmt_slice/gen_num_lanes[0].active_lane.lane_instance.i_fpnew_cast_multi/of_before_round1__7_carry_i_1/O
                         net (fo=8, routed)           0.344     2.391    ex_stage_i/fpu_gen.fpu_i/fpu_gen.i_fpnew_bulk/gen_operation_groups[3].i_opgroup_block/gen_merged_slice.i_multifmt_slice/gen_num_lanes[0].active_lane.lane_instance.i_fpnew_cast_multi/of_before_round1__7_carry_i_1_n_0
    SLICE_X85Y29         CARRY4 (Prop_carry4_CYINIT_CO[3])
                                                      0.580     2.971 r  ex_stage_i/fpu_gen.fpu_i/fpu_gen.i_fpnew_bulk/gen_operation_groups[3].i_opgroup_block/gen_merged_slice.i_multifmt_slice/gen_num_lanes[0].active_lane.lane_instance.i_fpnew_cast_multi/of_before_round1__7_carry/CO[3]
                         net (fo=5, routed)           1.003     3.974    ex_stage_i/fpu_gen.fpu_i/fpu_gen.i_fpnew_bulk/gen_operation_groups[3].i_opgroup_block/gen_merged_slice.i_multifmt_slice/gen_num_lanes[0].active_lane.lane_instance.i_fpnew_cast_multi/of_before_round1__7_carry_n_0
    SLICE_X82Y29         CARRY4 (Prop_carry4_CYINIT_CO[2])
                                                      0.608     4.582 r  ex_stage_i/fpu_gen.fpu_i/fpu_gen.i_fpnew_bulk/gen_operation_groups[3].i_opgroup_block/gen_merged_slice.i_multifmt_slice/gen_num_lanes[0].active_lane.lane_instance.i_fpnew_cast_multi/of_before_round0_carry__0_i_9/CO[2]
                         net (fo=20, routed)          0.689     5.271    ex_stage_i/fpu_gen.fpu_i/fpu_gen.i_fpnew_bulk/gen_operation_groups[3].i_opgroup_block/gen_merged_slice.i_multifmt_slice/gen_num_lanes[0].active_lane.lane_instance.i_fpnew_cast_multi/of_before_round0_carry__0_i_9_n_1
    SLICE_X83Y31         LUT2 (Prop_lut2_I0_O)        0.310     5.581 r  ex_stage_i/fpu_gen.fpu_i/fpu_gen.i_fpnew_bulk/gen_operation_groups[3].i_opgroup_block/gen_merged_slice.i_multifmt_slice/gen_num_lanes[0].active_lane.lane_instance.i_fpnew_cast_multi/of_before_round0_carry__1_i_7/O
                         net (fo=1, routed)           0.000     5.581    ex_stage_i/fpu_gen.fpu_i/fpu_gen.i_fpnew_bulk/gen_operation_groups[3].i_opgroup_block/gen_merged_slice.i_multifmt_slice/gen_num_lanes[0].active_lane.lane_instance.i_fpnew_cast_multi/of_before_round0_carry__1_i_7_n_0
    SLICE_X83Y31         CARRY4 (Prop_carry4_S[1]_CO[3])
                                                      0.550     6.131 r  ex_stage_i/fpu_gen.fpu_i/fpu_gen.i_fpnew_bulk/gen_operation_groups[3].i_opgroup_block/gen_merged_slice.i_multifmt_slice/gen_num_lanes[0].active_lane.lane_instance.i_fpnew_cast_multi/of_before_round0_carry__1/CO[3]
                         net (fo=1, routed)           0.000     6.131    ex_stage_i/fpu_gen.fpu_i/fpu_gen.i_fpnew_bulk/gen_operation_groups[3].i_opgroup_block/gen_merged_slice.i_multifmt_slice/gen_num_lanes[0].active_lane.lane_instance.i_fpnew_cast_multi/of_before_round0_carry__1_n_0
    SLICE_X83Y32         CARRY4 (Prop_carry4_CI_CO[3])
                                                      0.114     6.245 f  ex_stage_i/fpu_gen.fpu_i/fpu_gen.i_fpnew_bulk/gen_operation_groups[3].i_opgroup_block/gen_merged_slice.i_multifmt_slice/gen_num_lanes[0].active_lane.lane_instance.i_fpnew_cast_multi/of_before_round0_carry__2/CO[3]
                         net (fo=34, routed)          1.047     7.292    ex_stage_i/fpu_gen.fpu_i/fpu_gen.i_fpnew_bulk/gen_operation_groups[3].i_opgroup_block/gen_merged_slice.i_multifmt_slice/gen_num_lanes[0].active_lane.lane_instance.i_fpnew_cast_multi/of_before_round0__16
    SLICE_X86Y32         LUT3 (Prop_lut3_I0_O)        0.124     7.416 r  ex_stage_i/fpu_gen.fpu_i/fpu_gen.i_fpnew_bulk/gen_operation_groups[3].i_opgroup_block/gen_merged_slice.i_multifmt_slice/gen_num_lanes[0].active_lane.lane_instance.i_fpnew_cast_multi/rvfi_probes_o[instr][wbdata][3][30]_INST_0_i_146/O
                         net (fo=7, routed)           0.463     7.879    ex_stage_i/fpu_gen.fpu_i/fpu_gen.i_fpnew_bulk/gen_operation_groups[3].i_opgroup_block/gen_merged_slice.i_multifmt_slice/gen_num_lanes[0].active_lane.lane_instance.i_fpnew_cast_multi/rvfi_probes_o[instr][wbdata][3][30]_INST_0_i_146_n_0
    SLICE_X86Y33         LUT6 (Prop_lut6_I3_O)        0.124     8.003 r  ex_stage_i/fpu_gen.fpu_i/fpu_gen.i_fpnew_bulk/gen_operation_groups[3].i_opgroup_block/gen_merged_slice.i_multifmt_slice/gen_num_lanes[0].active_lane.lane_instance.i_fpnew_cast_multi/rvfi_probes_o[instr][wbdata][3][30]_INST_0_i_140/O
                         net (fo=87, routed)          1.139     9.141    ex_stage_i/fpu_gen.fpu_i/fpu_gen.i_fpnew_bulk/gen_operation_groups[3].i_opgroup_block/gen_merged_slice.i_multifmt_slice/gen_num_lanes[0].active_lane.lane_instance.i_fpnew_cast_multi/rvfi_probes_o[instr][wbdata][3][30]_INST_0_i_140_n_0
    SLICE_X87Y37         LUT6 (Prop_lut6_I5_O)        0.124     9.265 r  ex_stage_i/fpu_gen.fpu_i/fpu_gen.i_fpnew_bulk/gen_operation_groups[3].i_opgroup_block/gen_merged_slice.i_multifmt_slice/gen_num_lanes[0].active_lane.lane_instance.i_fpnew_cast_multi/mem_q[0][sbe][ex][cause][1]_i_101/O
                         net (fo=2, routed)           0.606     9.872    ex_stage_i/fpu_gen.fpu_i/fpu_gen.i_fpnew_bulk/gen_operation_groups[3].i_opgroup_block/gen_merged_slice.i_multifmt_slice/gen_num_lanes[0].active_lane.lane_instance.i_fpnew_cast_multi/mem_q[0][sbe][ex][cause][1]_i_101_n_0
    SLICE_X86Y37         LUT4 (Prop_lut4_I3_O)        0.124     9.996 r  ex_stage_i/fpu_gen.fpu_i/fpu_gen.i_fpnew_bulk/gen_operation_groups[3].i_opgroup_block/gen_merged_slice.i_multifmt_slice/gen_num_lanes[0].active_lane.lane_instance.i_fpnew_cast_multi/mem_q[0][sbe][ex][cause][1]_i_58/O
                         net (fo=3, routed)           0.641    10.637    ex_stage_i/fpu_gen.fpu_i/fpu_gen.i_fpnew_bulk/gen_operation_groups[3].i_opgroup_block/gen_merged_slice.i_multifmt_slice/gen_num_lanes[0].active_lane.lane_instance.i_fpnew_cast_multi/mem_q[0][sbe][ex][cause][1]_i_58_n_0
    SLICE_X83Y36         LUT5 (Prop_lut5_I3_O)        0.124    10.761 r  ex_stage_i/fpu_gen.fpu_i/fpu_gen.i_fpnew_bulk/gen_operation_groups[3].i_opgroup_block/gen_merged_slice.i_multifmt_slice/gen_num_lanes[0].active_lane.lane_instance.i_fpnew_cast_multi/mem_q[0][sbe][ex][cause][1]_i_68/O
                         net (fo=2, routed)           0.814    11.575    ex_stage_i/fpu_gen.fpu_i/fpu_gen.i_fpnew_bulk/gen_operation_groups[3].i_opgroup_block/gen_merged_slice.i_multifmt_slice/gen_num_lanes[0].active_lane.lane_instance.i_fpnew_cast_multi/mem_q[0][sbe][ex][cause][1]_i_68_n_0
    SLICE_X82Y36         LUT3 (Prop_lut3_I2_O)        0.146    11.721 r  ex_stage_i/fpu_gen.fpu_i/fpu_gen.i_fpnew_bulk/gen_operation_groups[3].i_opgroup_block/gen_merged_slice.i_multifmt_slice/gen_num_lanes[0].active_lane.lane_instance.i_fpnew_cast_multi/mem_q[0][sbe][ex][cause][1]_i_44/O
                         net (fo=2, routed)           0.844    12.565    ex_stage_i/fpu_gen.fpu_i/fpu_gen.i_fpnew_bulk/gen_operation_groups[3].i_opgroup_block/gen_merged_slice.i_multifmt_slice/gen_num_lanes[0].active_lane.lane_instance.i_fpnew_cast_multi/mem_q[0][sbe][ex][cause][1]_i_44_n_0
    SLICE_X81Y35         LUT6 (Prop_lut6_I4_O)        0.328    12.893 r  ex_stage_i/fpu_gen.fpu_i/fpu_gen.i_fpnew_bulk/gen_operation_groups[3].i_opgroup_block/gen_merged_slice.i_multifmt_slice/gen_num_lanes[0].active_lane.lane_instance.i_fpnew_cast_multi/mem_q[0][sbe][ex][cause][1]_i_27/O
                         net (fo=1, routed)           0.797    13.690    ex_stage_i/fpu_gen.fpu_i/fpu_gen.i_fpnew_bulk/gen_operation_groups[3].i_opgroup_block/gen_merged_slice.i_multifmt_slice/gen_num_lanes[0].active_lane.lane_instance.i_fpnew_cast_multi/mem_q[0][sbe][ex][cause][1]_i_27_n_0
    SLICE_X81Y36         LUT6 (Prop_lut6_I0_O)        0.124    13.814 f  ex_stage_i/fpu_gen.fpu_i/fpu_gen.i_fpnew_bulk/gen_operation_groups[3].i_opgroup_block/gen_merged_slice.i_multifmt_slice/gen_num_lanes[0].active_lane.lane_instance.i_fpnew_cast_multi/mem_q[0][sbe][ex][cause][1]_i_18/O
                         net (fo=4, routed)           0.464    14.277    ex_stage_i/fpu_gen.fpu_i/fpu_gen.i_fpnew_bulk/gen_operation_groups[3].i_opgroup_block/gen_merged_slice.i_multifmt_slice/gen_num_lanes[0].active_lane.lane_instance.i_fpnew_cast_multi/mem_q[0][sbe][ex][cause][1]_i_18_n_0
    SLICE_X80Y34         LUT4 (Prop_lut4_I3_O)        0.124    14.401 r  ex_stage_i/fpu_gen.fpu_i/fpu_gen.i_fpnew_bulk/gen_operation_groups[3].i_opgroup_block/gen_merged_slice.i_multifmt_slice/gen_num_lanes[0].active_lane.lane_instance.i_fpnew_cast_multi/rvfi_probes_o[instr][wbdata][3][0]_INST_0_i_52/O
                         net (fo=2, routed)           0.510    14.911    ex_stage_i/fpu_gen.fpu_i/fpu_gen.i_fpnew_bulk/gen_operation_groups[3].i_opgroup_block/gen_merged_slice.i_multifmt_slice/gen_num_lanes[0].active_lane.lane_instance.i_fpnew_cast_multi/rvfi_probes_o[instr][wbdata][3][0]_INST_0_i_52_n_0
    SLICE_X79Y30         LUT2 (Prop_lut2_I0_O)        0.124    15.035 r  ex_stage_i/fpu_gen.fpu_i/fpu_gen.i_fpnew_bulk/gen_operation_groups[3].i_opgroup_block/gen_merged_slice.i_multifmt_slice/gen_num_lanes[0].active_lane.lane_instance.i_fpnew_cast_multi/rvfi_probes_o[instr][wbdata][3][0]_INST_0_i_32/O
                         net (fo=1, routed)           0.426    15.462    ex_stage_i/fpu_gen.fpu_i/fpu_gen.i_fpnew_bulk/gen_operation_groups[3].i_opgroup_block/gen_merged_slice.i_multifmt_slice/gen_num_lanes[0].active_lane.lane_instance.i_fpnew_cast_multi/rvfi_probes_o[instr][wbdata][3][0]_INST_0_i_32_n_0
    SLICE_X78Y30         LUT6 (Prop_lut6_I0_O)        0.124    15.586 r  ex_stage_i/fpu_gen.fpu_i/fpu_gen.i_fpnew_bulk/gen_operation_groups[3].i_opgroup_block/gen_merged_slice.i_multifmt_slice/gen_num_lanes[0].active_lane.lane_instance.i_fpnew_cast_multi/rvfi_probes_o[instr][wbdata][3][0]_INST_0_i_19/O
                         net (fo=1, routed)           0.000    15.586    ex_stage_i/fpu_gen.fpu_i/fpu_gen.i_fpnew_bulk/gen_operation_groups[3].i_opgroup_block/gen_merged_slice.i_multifmt_slice/gen_num_lanes[0].active_lane.lane_instance.i_fpnew_cast_multi/rvfi_probes_o[instr][wbdata][3][0]_INST_0_i_19_n_0
    SLICE_X78Y30         CARRY4 (Prop_carry4_S[0]_CO[3])
                                                      0.532    16.118 r  ex_stage_i/fpu_gen.fpu_i/fpu_gen.i_fpnew_bulk/gen_operation_groups[3].i_opgroup_block/gen_merged_slice.i_multifmt_slice/gen_num_lanes[0].active_lane.lane_instance.i_fpnew_cast_multi/rvfi_probes_o[instr][wbdata][3][0]_INST_0_i_8/CO[3]
                         net (fo=1, routed)           0.000    16.118    ex_stage_i/fpu_gen.fpu_i/fpu_gen.i_fpnew_bulk/gen_operation_groups[3].i_opgroup_block/gen_merged_slice.i_multifmt_slice/gen_num_lanes[0].active_lane.lane_instance.i_fpnew_cast_multi/rvfi_probes_o[instr][wbdata][3][0]_INST_0_i_8_n_0
    SLICE_X78Y31         CARRY4 (Prop_carry4_CI_O[1])
                                                      0.334    16.452 f  ex_stage_i/fpu_gen.fpu_i/fpu_gen.i_fpnew_bulk/gen_operation_groups[3].i_opgroup_block/gen_merged_slice.i_multifmt_slice/gen_num_lanes[0].active_lane.lane_instance.i_fpnew_cast_multi/rvfi_probes_o[instr][wbdata][3][7]_INST_0_i_16/O[1]
                         net (fo=4, routed)           0.591    17.043    ex_stage_i/fpu_gen.fpu_i/fpu_gen.i_fpnew_bulk/gen_operation_groups[3].i_opgroup_block/gen_merged_slice.i_multifmt_slice/gen_num_lanes[0].active_lane.lane_instance.i_fpnew_cast_multi/rounded_abs[5]
    SLICE_X77Y31         LUT1 (Prop_lut1_I0_O)        0.303    17.346 r  ex_stage_i/fpu_gen.fpu_i/fpu_gen.i_fpnew_bulk/gen_operation_groups[3].i_opgroup_block/gen_merged_slice.i_multifmt_slice/gen_num_lanes[0].active_lane.lane_instance.i_fpnew_cast_multi/rvfi_probes_o[instr][wbdata][3][8]_INST_0_i_12/O
                         net (fo=1, routed)           0.000    17.346    ex_stage_i/fpu_gen.fpu_i/fpu_gen.i_fpnew_bulk/gen_operation_groups[3].i_opgroup_block/gen_merged_slice.i_multifmt_slice/gen_num_lanes[0].active_lane.lane_instance.i_fpnew_cast_multi/rvfi_probes_o[instr][wbdata][3][8]_INST_0_i_12_n_0
    SLICE_X77Y31         CARRY4 (Prop_carry4_S[0]_CO[3])
                                                      0.532    17.878 r  ex_stage_i/fpu_gen.fpu_i/fpu_gen.i_fpnew_bulk/gen_operation_groups[3].i_opgroup_block/gen_merged_slice.i_multifmt_slice/gen_num_lanes[0].active_lane.lane_instance.i_fpnew_cast_multi/rvfi_probes_o[instr][wbdata][3][8]_INST_0_i_8/CO[3]
                         net (fo=1, routed)           0.000    17.878    ex_stage_i/fpu_gen.fpu_i/fpu_gen.i_fpnew_bulk/gen_operation_groups[3].i_opgroup_block/gen_merged_slice.i_multifmt_slice/gen_num_lanes[0].active_lane.lane_instance.i_fpnew_cast_multi/rvfi_probes_o[instr][wbdata][3][8]_INST_0_i_8_n_0
    SLICE_X77Y32         CARRY4 (Prop_carry4_CI_CO[3])
                                                      0.114    17.992 r  ex_stage_i/fpu_gen.fpu_i/fpu_gen.i_fpnew_bulk/gen_operation_groups[3].i_opgroup_block/gen_merged_slice.i_multifmt_slice/gen_num_lanes[0].active_lane.lane_instance.i_fpnew_cast_multi/rvfi_probes_o[instr][wbdata][3][12]_INST_0_i_7/CO[3]
                         net (fo=1, routed)           0.000    17.992    ex_stage_i/fpu_gen.fpu_i/fpu_gen.i_fpnew_bulk/gen_operation_groups[3].i_opgroup_block/gen_merged_slice.i_multifmt_slice/gen_num_lanes[0].active_lane.lane_instance.i_fpnew_cast_multi/rvfi_probes_o[instr][wbdata][3][12]_INST_0_i_7_n_0
    SLICE_X77Y33         CARRY4 (Prop_carry4_CI_CO[3])
                                                      0.114    18.106 r  ex_stage_i/fpu_gen.fpu_i/fpu_gen.i_fpnew_bulk/gen_operation_groups[3].i_opgroup_block/gen_merged_slice.i_multifmt_slice/gen_num_lanes[0].active_lane.lane_instance.i_fpnew_cast_multi/rvfi_probes_o[instr][wbdata][3][16]_INST_0_i_7/CO[3]
                         net (fo=1, routed)           0.000    18.106    ex_stage_i/fpu_gen.fpu_i/fpu_gen.i_fpnew_bulk/gen_operation_groups[3].i_opgroup_block/gen_merged_slice.i_multifmt_slice/gen_num_lanes[0].active_lane.lane_instance.i_fpnew_cast_multi/rvfi_probes_o[instr][wbdata][3][16]_INST_0_i_7_n_0
    SLICE_X77Y34         CARRY4 (Prop_carry4_CI_CO[3])
                                                      0.114    18.220 r  ex_stage_i/fpu_gen.fpu_i/fpu_gen.i_fpnew_bulk/gen_operation_groups[3].i_opgroup_block/gen_merged_slice.i_multifmt_slice/gen_num_lanes[0].active_lane.lane_instance.i_fpnew_cast_multi/rvfi_probes_o[instr][wbdata][3][20]_INST_0_i_8/CO[3]
                         net (fo=1, routed)           0.000    18.220    ex_stage_i/fpu_gen.fpu_i/fpu_gen.i_fpnew_bulk/gen_operation_groups[3].i_opgroup_block/gen_merged_slice.i_multifmt_slice/gen_num_lanes[0].active_lane.lane_instance.i_fpnew_cast_multi/rvfi_probes_o[instr][wbdata][3][20]_INST_0_i_8_n_0
    SLICE_X77Y35         CARRY4 (Prop_carry4_CI_CO[3])
                                                      0.114    18.334 r  ex_stage_i/fpu_gen.fpu_i/fpu_gen.i_fpnew_bulk/gen_operation_groups[3].i_opgroup_block/gen_merged_slice.i_multifmt_slice/gen_num_lanes[0].active_lane.lane_instance.i_fpnew_cast_multi/rvfi_probes_o[instr][wbdata][3][24]_INST_0_i_9/CO[3]
                         net (fo=1, routed)           0.000    18.334    ex_stage_i/fpu_gen.fpu_i/fpu_gen.i_fpnew_bulk/gen_operation_groups[3].i_opgroup_block/gen_merged_slice.i_multifmt_slice/gen_num_lanes[0].active_lane.lane_instance.i_fpnew_cast_multi/rvfi_probes_o[instr][wbdata][3][24]_INST_0_i_9_n_0
    SLICE_X77Y36         CARRY4 (Prop_carry4_CI_O[2])
                                                      0.239    18.573 r  ex_stage_i/fpu_gen.fpu_i/fpu_gen.i_fpnew_bulk/gen_operation_groups[3].i_opgroup_block/gen_merged_slice.i_multifmt_slice/gen_num_lanes[0].active_lane.lane_instance.i_fpnew_cast_multi/rvfi_probes_o[instr][wbdata][3][28]_INST_0_i_9/O[2]
                         net (fo=2, routed)           0.782    19.355    ex_stage_i/fpu_gen.fpu_i/fpu_gen.i_fpnew_bulk/gen_operation_groups[3].i_opgroup_block/gen_merged_slice.i_multifmt_slice/gen_num_lanes[0].active_lane.lane_instance.i_fpnew_cast_multi/rounded_uint_res0[27]
    SLICE_X76Y37         LUT5 (Prop_lut5_I1_O)        0.302    19.657 r  ex_stage_i/fpu_gen.fpu_i/fpu_gen.i_fpnew_bulk/gen_operation_groups[3].i_opgroup_block/gen_merged_slice.i_multifmt_slice/gen_num_lanes[0].active_lane.lane_instance.i_fpnew_cast_multi/rvfi_probes_o[instr][wbdata][3][30]_INST_0_i_230/O
                         net (fo=1, routed)           0.492    20.149    ex_stage_i/fpu_gen.fpu_i/fpu_gen.i_fpnew_bulk/gen_operation_groups[3].i_opgroup_block/gen_merged_slice.i_multifmt_slice/gen_num_lanes[0].active_lane.lane_instance.i_fpnew_cast_multi/rvfi_probes_o[instr][wbdata][3][30]_INST_0_i_230_n_0
    SLICE_X76Y36         LUT6 (Prop_lut6_I5_O)        0.124    20.273 r  ex_stage_i/fpu_gen.fpu_i/fpu_gen.i_fpnew_bulk/gen_operation_groups[3].i_opgroup_block/gen_merged_slice.i_multifmt_slice/gen_num_lanes[0].active_lane.lane_instance.i_fpnew_cast_multi/rvfi_probes_o[instr][wbdata][3][30]_INST_0_i_204/O
                         net (fo=1, routed)           0.566    20.839    ex_stage_i/fpu_gen.fpu_i/fpu_gen.i_fpnew_bulk/gen_operation_groups[3].i_opgroup_block/gen_merged_slice.i_multifmt_slice/gen_num_lanes[0].active_lane.lane_instance.i_fpnew_cast_multi/rvfi_probes_o[instr][wbdata][3][30]_INST_0_i_204_n_0
    SLICE_X79Y33         LUT6 (Prop_lut6_I2_O)        0.124    20.963 r  ex_stage_i/fpu_gen.fpu_i/fpu_gen.i_fpnew_bulk/gen_operation_groups[3].i_opgroup_block/gen_merged_slice.i_multifmt_slice/gen_num_lanes[0].active_lane.lane_instance.i_fpnew_cast_multi/rvfi_probes_o[instr][wbdata][3][30]_INST_0_i_160/O
                         net (fo=1, routed)           0.318    21.281    ex_stage_i/fpu_gen.fpu_i/fpu_gen.i_fpnew_bulk/gen_operation_groups[3].i_opgroup_block/gen_merged_slice.i_multifmt_slice/gen_num_lanes[0].active_lane.lane_instance.i_fpnew_cast_multi/rvfi_probes_o[instr][wbdata][3][30]_INST_0_i_160_n_0
    SLICE_X80Y33         LUT6 (Prop_lut6_I1_O)        0.124    21.405 r  ex_stage_i/fpu_gen.fpu_i/fpu_gen.i_fpnew_bulk/gen_operation_groups[3].i_opgroup_block/gen_merged_slice.i_multifmt_slice/gen_num_lanes[0].active_lane.lane_instance.i_fpnew_cast_multi/rvfi_probes_o[instr][wbdata][3][30]_INST_0_i_97/O
                         net (fo=1, routed)           0.291    21.696    ex_stage_i/fpu_gen.fpu_i/fpu_gen.i_fpnew_bulk/gen_operation_groups[3].i_opgroup_block/gen_merged_slice.i_multifmt_slice/gen_num_lanes[0].active_lane.lane_instance.i_fpnew_cast_multi/rvfi_probes_o[instr][wbdata][3][30]_INST_0_i_97_n_0
    SLICE_X81Y33         LUT4 (Prop_lut4_I2_O)        0.124    21.820 r  ex_stage_i/fpu_gen.fpu_i/fpu_gen.i_fpnew_bulk/gen_operation_groups[3].i_opgroup_block/gen_merged_slice.i_multifmt_slice/gen_num_lanes[0].active_lane.lane_instance.i_fpnew_cast_multi/rvfi_probes_o[instr][wbdata][3][30]_INST_0_i_55/O
                         net (fo=1, routed)           0.151    21.971    ex_stage_i/fpu_gen.fpu_i/fpu_gen.i_fpnew_bulk/gen_operation_groups[3].i_opgroup_block/gen_merged_slice.i_multifmt_slice/gen_num_lanes[0].active_lane.lane_instance.i_fpnew_cast_multi/rvfi_probes_o[instr][wbdata][3][30]_INST_0_i_55_n_0
    SLICE_X81Y33         LUT6 (Prop_lut6_I1_O)        0.124    22.095 f  ex_stage_i/fpu_gen.fpu_i/fpu_gen.i_fpnew_bulk/gen_operation_groups[3].i_opgroup_block/gen_merged_slice.i_multifmt_slice/gen_num_lanes[0].active_lane.lane_instance.i_fpnew_cast_multi/rvfi_probes_o[instr][wbdata][3][30]_INST_0_i_37/O
                         net (fo=3, routed)           0.543    22.638    ex_stage_i/fpu_gen.fpu_i/fpu_gen.i_fpnew_bulk/gen_operation_groups[3].i_opgroup_block/gen_merged_slice.i_multifmt_slice/gen_num_lanes[0].active_lane.lane_instance.i_fpnew_cast_multi/rvfi_probes_o[instr][wbdata][3][30]_INST_0_i_37_n_0
    SLICE_X75Y33         LUT6 (Prop_lut6_I1_O)        0.124    22.762 r  ex_stage_i/fpu_gen.fpu_i/fpu_gen.i_fpnew_bulk/gen_operation_groups[3].i_opgroup_block/gen_merged_slice.i_multifmt_slice/gen_num_lanes[0].active_lane.lane_instance.i_fpnew_cast_multi/rvfi_probes_o[instr][wbdata][3][30]_INST_0_i_17/O
                         net (fo=31, routed)          0.837    23.598    ex_stage_i/fpu_gen.fpu_i/fpu_gen.i_fpnew_bulk/gen_operation_groups[3].i_opgroup_block/gen_merged_slice.i_multifmt_slice/gen_num_lanes[0].active_lane.lane_instance.i_fpnew_cast_multi/rvfi_probes_o[instr][wbdata][3][30]_INST_0_i_17_n_0
    SLICE_X71Y35         LUT6 (Prop_lut6_I5_O)        0.124    23.722 r  ex_stage_i/fpu_gen.fpu_i/fpu_gen.i_fpnew_bulk/gen_operation_groups[3].i_opgroup_block/gen_merged_slice.i_multifmt_slice/gen_num_lanes[0].active_lane.lane_instance.i_fpnew_cast_multi/rvfi_probes_o[instr][wbdata][3][27]_INST_0_i_4/O
                         net (fo=1, routed)           0.652    24.374    ex_stage_i/fpu_gen.fpu_i/fpu_gen.i_fpnew_bulk/gen_operation_groups[3].i_opgroup_block/gen_merged_slice.i_multifmt_slice/gen_num_lanes[0].active_lane.lane_instance.i_fpnew_cast_multi/rvfi_probes_o[instr][wbdata][3][27]_INST_0_i_4_n_0
    SLICE_X68Y36         LUT5 (Prop_lut5_I2_O)        0.124    24.498 r  ex_stage_i/fpu_gen.fpu_i/fpu_gen.i_fpnew_bulk/gen_operation_groups[3].i_opgroup_block/gen_merged_slice.i_multifmt_slice/gen_num_lanes[0].active_lane.lane_instance.i_fpnew_cast_multi/rvfi_probes_o[instr][wbdata][3][27]_INST_0_i_1/O
                         net (fo=1, routed)           0.418    24.916    ex_stage_i/fpu_gen.fpu_i/fpu_gen.i_fpnew_bulk/i_arbiter/opgrp_outputs[3][result][25]
    SLICE_X65Y36         LUT5 (Prop_lut5_I0_O)        0.124    25.040 r  ex_stage_i/fpu_gen.fpu_i/fpu_gen.i_fpnew_bulk/i_arbiter/rvfi_probes_o[instr][wbdata][3][27]_INST_0/O
                         net (fo=7, routed)           0.412    25.452    issue_stage_i/i_scoreboard/fu_data_q[0][imm][27]_i_2_0
    SLICE_X64Y36         LUT6 (Prop_lut6_I3_O)        0.124    25.576 r  issue_stage_i/i_scoreboard/rvfi_probes_o[instr][rs1][0][27]_INST_0_i_4/O
                         net (fo=1, routed)           0.302    25.878    issue_stage_i/i_scoreboard/rvfi_probes_o[instr][rs1][0][27]_INST_0_i_4_n_0
    SLICE_X64Y37         LUT6 (Prop_lut6_I5_O)        0.124    26.002 r  issue_stage_i/i_scoreboard/rvfi_probes_o[instr][rs1][0][27]_INST_0_i_1/O
                         net (fo=1, routed)           0.493    26.495    id_stage_i/rs1_res[0]_1[27]
    SLICE_X64Y37         LUT6 (Prop_lut6_I3_O)        0.124    26.619 r  id_stage_i/rvfi_probes_o[instr][rs1][0][27]_INST_0/O
                         net (fo=1, unset)            0.973    27.592    rvfi_probes_o[instr][rs1][0][27]
                                                                      r  rvfi_probes_o[instr][rs1][0][27] (OUT)
  -------------------------------------------------------------------    -------------------

Slack:                    inf
  Source:                 ex_stage_i/fpu_gen.fpu_i/fpu_gen.i_fpnew_bulk/gen_operation_groups[3].i_opgroup_block/gen_merged_slice.i_multifmt_slice/gen_num_lanes[0].active_lane.lane_instance.i_fpnew_cast_multi/gen_inside_pipeline[0].mid_pipe_dst_fmt_q_reg[1][2]/C
                            (rising edge-triggered cell FDCE clocked by clk_i  {rise@0.000ns fall@12.500ns period=25.000ns})
  Destination:            rvfi_probes_o[instr][rs2][0][9]
                            (output port)
  Path Group:             (none)
  Path Type:              Max at Slow Process Corner
  Data Path Delay:        26.605ns  (logic 8.518ns (32.017%)  route 18.087ns (67.983%))
  Logic Levels:           39  (CARRY4=12 LUT1=1 LUT2=2 LUT3=3 LUT4=3 LUT5=3 LUT6=15)
  Clock Uncertainty:      0.025ns  ((TSJ^2 + TIJ^2)^1/2 + DJ) / 2 + PE
    Total System Jitter     (TSJ):    0.050ns
    Total Input Jitter      (TIJ):    0.000ns
    Discrete Jitter          (DJ):    0.000ns
    Phase Error              (PE):    0.000ns

    Location             Delay type                Incr(ns)  Path(ns)    Netlist Resource(s)
  -------------------------------------------------------------------    -------------------
                         (clock clk_i rise edge)      0.000     0.000 r  
                                                      0.000     0.000 r  clk_i (IN)
                         net (fo=6832, unset)         0.973     0.973    ex_stage_i/fpu_gen.fpu_i/fpu_gen.i_fpnew_bulk/gen_operation_groups[3].i_opgroup_block/gen_merged_slice.i_multifmt_slice/gen_num_lanes[0].active_lane.lane_instance.i_fpnew_cast_multi/clk_i
    SLICE_X85Y28         FDCE                                         r  ex_stage_i/fpu_gen.fpu_i/fpu_gen.i_fpnew_bulk/gen_operation_groups[3].i_opgroup_block/gen_merged_slice.i_multifmt_slice/gen_num_lanes[0].active_lane.lane_instance.i_fpnew_cast_multi/gen_inside_pipeline[0].mid_pipe_dst_fmt_q_reg[1][2]/C
  -------------------------------------------------------------------    -------------------
    SLICE_X85Y28         FDCE (Prop_fdce_C_Q)         0.456     1.429 r  ex_stage_i/fpu_gen.fpu_i/fpu_gen.i_fpnew_bulk/gen_operation_groups[3].i_opgroup_block/gen_merged_slice.i_multifmt_slice/gen_num_lanes[0].active_lane.lane_instance.i_fpnew_cast_multi/gen_inside_pipeline[0].mid_pipe_dst_fmt_q_reg[1][2]/Q
                         net (fo=147, routed)         0.494     1.923    ex_stage_i/fpu_gen.fpu_i/fpu_gen.i_fpnew_bulk/gen_operation_groups[3].i_opgroup_block/gen_merged_slice.i_multifmt_slice/gen_num_lanes[0].active_lane.lane_instance.i_fpnew_cast_multi/gen_inside_pipeline[0].mid_pipe_dst_fmt_q_reg_n_0_[1][2]
    SLICE_X84Y28         LUT3 (Prop_lut3_I0_O)        0.124     2.047 r  ex_stage_i/fpu_gen.fpu_i/fpu_gen.i_fpnew_bulk/gen_operation_groups[3].i_opgroup_block/gen_merged_slice.i_multifmt_slice/gen_num_lanes[0].active_lane.lane_instance.i_fpnew_cast_multi/of_before_round1__7_carry_i_1/O
                         net (fo=8, routed)           0.344     2.391    ex_stage_i/fpu_gen.fpu_i/fpu_gen.i_fpnew_bulk/gen_operation_groups[3].i_opgroup_block/gen_merged_slice.i_multifmt_slice/gen_num_lanes[0].active_lane.lane_instance.i_fpnew_cast_multi/of_before_round1__7_carry_i_1_n_0
    SLICE_X85Y29         CARRY4 (Prop_carry4_CYINIT_CO[3])
                                                      0.580     2.971 r  ex_stage_i/fpu_gen.fpu_i/fpu_gen.i_fpnew_bulk/gen_operation_groups[3].i_opgroup_block/gen_merged_slice.i_multifmt_slice/gen_num_lanes[0].active_lane.lane_instance.i_fpnew_cast_multi/of_before_round1__7_carry/CO[3]
                         net (fo=5, routed)           1.003     3.974    ex_stage_i/fpu_gen.fpu_i/fpu_gen.i_fpnew_bulk/gen_operation_groups[3].i_opgroup_block/gen_merged_slice.i_multifmt_slice/gen_num_lanes[0].active_lane.lane_instance.i_fpnew_cast_multi/of_before_round1__7_carry_n_0
    SLICE_X82Y29         CARRY4 (Prop_carry4_CYINIT_CO[2])
                                                      0.608     4.582 r  ex_stage_i/fpu_gen.fpu_i/fpu_gen.i_fpnew_bulk/gen_operation_groups[3].i_opgroup_block/gen_merged_slice.i_multifmt_slice/gen_num_lanes[0].active_lane.lane_instance.i_fpnew_cast_multi/of_before_round0_carry__0_i_9/CO[2]
                         net (fo=20, routed)          0.689     5.271    ex_stage_i/fpu_gen.fpu_i/fpu_gen.i_fpnew_bulk/gen_operation_groups[3].i_opgroup_block/gen_merged_slice.i_multifmt_slice/gen_num_lanes[0].active_lane.lane_instance.i_fpnew_cast_multi/of_before_round0_carry__0_i_9_n_1
    SLICE_X83Y31         LUT2 (Prop_lut2_I0_O)        0.310     5.581 r  ex_stage_i/fpu_gen.fpu_i/fpu_gen.i_fpnew_bulk/gen_operation_groups[3].i_opgroup_block/gen_merged_slice.i_multifmt_slice/gen_num_lanes[0].active_lane.lane_instance.i_fpnew_cast_multi/of_before_round0_carry__1_i_7/O
                         net (fo=1, routed)           0.000     5.581    ex_stage_i/fpu_gen.fpu_i/fpu_gen.i_fpnew_bulk/gen_operation_groups[3].i_opgroup_block/gen_merged_slice.i_multifmt_slice/gen_num_lanes[0].active_lane.lane_instance.i_fpnew_cast_multi/of_before_round0_carry__1_i_7_n_0
    SLICE_X83Y31         CARRY4 (Prop_carry4_S[1]_CO[3])
                                                      0.550     6.131 r  ex_stage_i/fpu_gen.fpu_i/fpu_gen.i_fpnew_bulk/gen_operation_groups[3].i_opgroup_block/gen_merged_slice.i_multifmt_slice/gen_num_lanes[0].active_lane.lane_instance.i_fpnew_cast_multi/of_before_round0_carry__1/CO[3]
                         net (fo=1, routed)           0.000     6.131    ex_stage_i/fpu_gen.fpu_i/fpu_gen.i_fpnew_bulk/gen_operation_groups[3].i_opgroup_block/gen_merged_slice.i_multifmt_slice/gen_num_lanes[0].active_lane.lane_instance.i_fpnew_cast_multi/of_before_round0_carry__1_n_0
    SLICE_X83Y32         CARRY4 (Prop_carry4_CI_CO[3])
                                                      0.114     6.245 f  ex_stage_i/fpu_gen.fpu_i/fpu_gen.i_fpnew_bulk/gen_operation_groups[3].i_opgroup_block/gen_merged_slice.i_multifmt_slice/gen_num_lanes[0].active_lane.lane_instance.i_fpnew_cast_multi/of_before_round0_carry__2/CO[3]
                         net (fo=34, routed)          1.047     7.292    ex_stage_i/fpu_gen.fpu_i/fpu_gen.i_fpnew_bulk/gen_operation_groups[3].i_opgroup_block/gen_merged_slice.i_multifmt_slice/gen_num_lanes[0].active_lane.lane_instance.i_fpnew_cast_multi/of_before_round0__16
    SLICE_X86Y32         LUT3 (Prop_lut3_I0_O)        0.124     7.416 r  ex_stage_i/fpu_gen.fpu_i/fpu_gen.i_fpnew_bulk/gen_operation_groups[3].i_opgroup_block/gen_merged_slice.i_multifmt_slice/gen_num_lanes[0].active_lane.lane_instance.i_fpnew_cast_multi/rvfi_probes_o[instr][wbdata][3][30]_INST_0_i_146/O
                         net (fo=7, routed)           0.463     7.879    ex_stage_i/fpu_gen.fpu_i/fpu_gen.i_fpnew_bulk/gen_operation_groups[3].i_opgroup_block/gen_merged_slice.i_multifmt_slice/gen_num_lanes[0].active_lane.lane_instance.i_fpnew_cast_multi/rvfi_probes_o[instr][wbdata][3][30]_INST_0_i_146_n_0
    SLICE_X86Y33         LUT6 (Prop_lut6_I3_O)        0.124     8.003 r  ex_stage_i/fpu_gen.fpu_i/fpu_gen.i_fpnew_bulk/gen_operation_groups[3].i_opgroup_block/gen_merged_slice.i_multifmt_slice/gen_num_lanes[0].active_lane.lane_instance.i_fpnew_cast_multi/rvfi_probes_o[instr][wbdata][3][30]_INST_0_i_140/O
                         net (fo=87, routed)          1.139     9.141    ex_stage_i/fpu_gen.fpu_i/fpu_gen.i_fpnew_bulk/gen_operation_groups[3].i_opgroup_block/gen_merged_slice.i_multifmt_slice/gen_num_lanes[0].active_lane.lane_instance.i_fpnew_cast_multi/rvfi_probes_o[instr][wbdata][3][30]_INST_0_i_140_n_0
    SLICE_X87Y37         LUT6 (Prop_lut6_I5_O)        0.124     9.265 r  ex_stage_i/fpu_gen.fpu_i/fpu_gen.i_fpnew_bulk/gen_operation_groups[3].i_opgroup_block/gen_merged_slice.i_multifmt_slice/gen_num_lanes[0].active_lane.lane_instance.i_fpnew_cast_multi/mem_q[0][sbe][ex][cause][1]_i_101/O
                         net (fo=2, routed)           0.606     9.872    ex_stage_i/fpu_gen.fpu_i/fpu_gen.i_fpnew_bulk/gen_operation_groups[3].i_opgroup_block/gen_merged_slice.i_multifmt_slice/gen_num_lanes[0].active_lane.lane_instance.i_fpnew_cast_multi/mem_q[0][sbe][ex][cause][1]_i_101_n_0
    SLICE_X86Y37         LUT4 (Prop_lut4_I3_O)        0.124     9.996 r  ex_stage_i/fpu_gen.fpu_i/fpu_gen.i_fpnew_bulk/gen_operation_groups[3].i_opgroup_block/gen_merged_slice.i_multifmt_slice/gen_num_lanes[0].active_lane.lane_instance.i_fpnew_cast_multi/mem_q[0][sbe][ex][cause][1]_i_58/O
                         net (fo=3, routed)           0.641    10.637    ex_stage_i/fpu_gen.fpu_i/fpu_gen.i_fpnew_bulk/gen_operation_groups[3].i_opgroup_block/gen_merged_slice.i_multifmt_slice/gen_num_lanes[0].active_lane.lane_instance.i_fpnew_cast_multi/mem_q[0][sbe][ex][cause][1]_i_58_n_0
    SLICE_X83Y36         LUT5 (Prop_lut5_I3_O)        0.124    10.761 r  ex_stage_i/fpu_gen.fpu_i/fpu_gen.i_fpnew_bulk/gen_operation_groups[3].i_opgroup_block/gen_merged_slice.i_multifmt_slice/gen_num_lanes[0].active_lane.lane_instance.i_fpnew_cast_multi/mem_q[0][sbe][ex][cause][1]_i_68/O
                         net (fo=2, routed)           0.814    11.575    ex_stage_i/fpu_gen.fpu_i/fpu_gen.i_fpnew_bulk/gen_operation_groups[3].i_opgroup_block/gen_merged_slice.i_multifmt_slice/gen_num_lanes[0].active_lane.lane_instance.i_fpnew_cast_multi/mem_q[0][sbe][ex][cause][1]_i_68_n_0
    SLICE_X82Y36         LUT3 (Prop_lut3_I2_O)        0.146    11.721 r  ex_stage_i/fpu_gen.fpu_i/fpu_gen.i_fpnew_bulk/gen_operation_groups[3].i_opgroup_block/gen_merged_slice.i_multifmt_slice/gen_num_lanes[0].active_lane.lane_instance.i_fpnew_cast_multi/mem_q[0][sbe][ex][cause][1]_i_44/O
                         net (fo=2, routed)           0.844    12.565    ex_stage_i/fpu_gen.fpu_i/fpu_gen.i_fpnew_bulk/gen_operation_groups[3].i_opgroup_block/gen_merged_slice.i_multifmt_slice/gen_num_lanes[0].active_lane.lane_instance.i_fpnew_cast_multi/mem_q[0][sbe][ex][cause][1]_i_44_n_0
    SLICE_X81Y35         LUT6 (Prop_lut6_I4_O)        0.328    12.893 r  ex_stage_i/fpu_gen.fpu_i/fpu_gen.i_fpnew_bulk/gen_operation_groups[3].i_opgroup_block/gen_merged_slice.i_multifmt_slice/gen_num_lanes[0].active_lane.lane_instance.i_fpnew_cast_multi/mem_q[0][sbe][ex][cause][1]_i_27/O
                         net (fo=1, routed)           0.797    13.690    ex_stage_i/fpu_gen.fpu_i/fpu_gen.i_fpnew_bulk/gen_operation_groups[3].i_opgroup_block/gen_merged_slice.i_multifmt_slice/gen_num_lanes[0].active_lane.lane_instance.i_fpnew_cast_multi/mem_q[0][sbe][ex][cause][1]_i_27_n_0
    SLICE_X81Y36         LUT6 (Prop_lut6_I0_O)        0.124    13.814 f  ex_stage_i/fpu_gen.fpu_i/fpu_gen.i_fpnew_bulk/gen_operation_groups[3].i_opgroup_block/gen_merged_slice.i_multifmt_slice/gen_num_lanes[0].active_lane.lane_instance.i_fpnew_cast_multi/mem_q[0][sbe][ex][cause][1]_i_18/O
                         net (fo=4, routed)           0.464    14.277    ex_stage_i/fpu_gen.fpu_i/fpu_gen.i_fpnew_bulk/gen_operation_groups[3].i_opgroup_block/gen_merged_slice.i_multifmt_slice/gen_num_lanes[0].active_lane.lane_instance.i_fpnew_cast_multi/mem_q[0][sbe][ex][cause][1]_i_18_n_0
    SLICE_X80Y34         LUT4 (Prop_lut4_I3_O)        0.124    14.401 r  ex_stage_i/fpu_gen.fpu_i/fpu_gen.i_fpnew_bulk/gen_operation_groups[3].i_opgroup_block/gen_merged_slice.i_multifmt_slice/gen_num_lanes[0].active_lane.lane_instance.i_fpnew_cast_multi/rvfi_probes_o[instr][wbdata][3][0]_INST_0_i_52/O
                         net (fo=2, routed)           0.510    14.911    ex_stage_i/fpu_gen.fpu_i/fpu_gen.i_fpnew_bulk/gen_operation_groups[3].i_opgroup_block/gen_merged_slice.i_multifmt_slice/gen_num_lanes[0].active_lane.lane_instance.i_fpnew_cast_multi/rvfi_probes_o[instr][wbdata][3][0]_INST_0_i_52_n_0
    SLICE_X79Y30         LUT2 (Prop_lut2_I0_O)        0.124    15.035 r  ex_stage_i/fpu_gen.fpu_i/fpu_gen.i_fpnew_bulk/gen_operation_groups[3].i_opgroup_block/gen_merged_slice.i_multifmt_slice/gen_num_lanes[0].active_lane.lane_instance.i_fpnew_cast_multi/rvfi_probes_o[instr][wbdata][3][0]_INST_0_i_32/O
                         net (fo=1, routed)           0.426    15.462    ex_stage_i/fpu_gen.fpu_i/fpu_gen.i_fpnew_bulk/gen_operation_groups[3].i_opgroup_block/gen_merged_slice.i_multifmt_slice/gen_num_lanes[0].active_lane.lane_instance.i_fpnew_cast_multi/rvfi_probes_o[instr][wbdata][3][0]_INST_0_i_32_n_0
    SLICE_X78Y30         LUT6 (Prop_lut6_I0_O)        0.124    15.586 r  ex_stage_i/fpu_gen.fpu_i/fpu_gen.i_fpnew_bulk/gen_operation_groups[3].i_opgroup_block/gen_merged_slice.i_multifmt_slice/gen_num_lanes[0].active_lane.lane_instance.i_fpnew_cast_multi/rvfi_probes_o[instr][wbdata][3][0]_INST_0_i_19/O
                         net (fo=1, routed)           0.000    15.586    ex_stage_i/fpu_gen.fpu_i/fpu_gen.i_fpnew_bulk/gen_operation_groups[3].i_opgroup_block/gen_merged_slice.i_multifmt_slice/gen_num_lanes[0].active_lane.lane_instance.i_fpnew_cast_multi/rvfi_probes_o[instr][wbdata][3][0]_INST_0_i_19_n_0
    SLICE_X78Y30         CARRY4 (Prop_carry4_S[0]_CO[3])
                                                      0.532    16.118 r  ex_stage_i/fpu_gen.fpu_i/fpu_gen.i_fpnew_bulk/gen_operation_groups[3].i_opgroup_block/gen_merged_slice.i_multifmt_slice/gen_num_lanes[0].active_lane.lane_instance.i_fpnew_cast_multi/rvfi_probes_o[instr][wbdata][3][0]_INST_0_i_8/CO[3]
                         net (fo=1, routed)           0.000    16.118    ex_stage_i/fpu_gen.fpu_i/fpu_gen.i_fpnew_bulk/gen_operation_groups[3].i_opgroup_block/gen_merged_slice.i_multifmt_slice/gen_num_lanes[0].active_lane.lane_instance.i_fpnew_cast_multi/rvfi_probes_o[instr][wbdata][3][0]_INST_0_i_8_n_0
    SLICE_X78Y31         CARRY4 (Prop_carry4_CI_O[1])
                                                      0.334    16.452 f  ex_stage_i/fpu_gen.fpu_i/fpu_gen.i_fpnew_bulk/gen_operation_groups[3].i_opgroup_block/gen_merged_slice.i_multifmt_slice/gen_num_lanes[0].active_lane.lane_instance.i_fpnew_cast_multi/rvfi_probes_o[instr][wbdata][3][7]_INST_0_i_16/O[1]
                         net (fo=4, routed)           0.591    17.043    ex_stage_i/fpu_gen.fpu_i/fpu_gen.i_fpnew_bulk/gen_operation_groups[3].i_opgroup_block/gen_merged_slice.i_multifmt_slice/gen_num_lanes[0].active_lane.lane_instance.i_fpnew_cast_multi/rounded_abs[5]
    SLICE_X77Y31         LUT1 (Prop_lut1_I0_O)        0.303    17.346 r  ex_stage_i/fpu_gen.fpu_i/fpu_gen.i_fpnew_bulk/gen_operation_groups[3].i_opgroup_block/gen_merged_slice.i_multifmt_slice/gen_num_lanes[0].active_lane.lane_instance.i_fpnew_cast_multi/rvfi_probes_o[instr][wbdata][3][8]_INST_0_i_12/O
                         net (fo=1, routed)           0.000    17.346    ex_stage_i/fpu_gen.fpu_i/fpu_gen.i_fpnew_bulk/gen_operation_groups[3].i_opgroup_block/gen_merged_slice.i_multifmt_slice/gen_num_lanes[0].active_lane.lane_instance.i_fpnew_cast_multi/rvfi_probes_o[instr][wbdata][3][8]_INST_0_i_12_n_0
    SLICE_X77Y31         CARRY4 (Prop_carry4_S[0]_CO[3])
                                                      0.532    17.878 r  ex_stage_i/fpu_gen.fpu_i/fpu_gen.i_fpnew_bulk/gen_operation_groups[3].i_opgroup_block/gen_merged_slice.i_multifmt_slice/gen_num_lanes[0].active_lane.lane_instance.i_fpnew_cast_multi/rvfi_probes_o[instr][wbdata][3][8]_INST_0_i_8/CO[3]
                         net (fo=1, routed)           0.000    17.878    ex_stage_i/fpu_gen.fpu_i/fpu_gen.i_fpnew_bulk/gen_operation_groups[3].i_opgroup_block/gen_merged_slice.i_multifmt_slice/gen_num_lanes[0].active_lane.lane_instance.i_fpnew_cast_multi/rvfi_probes_o[instr][wbdata][3][8]_INST_0_i_8_n_0
    SLICE_X77Y32         CARRY4 (Prop_carry4_CI_CO[3])
                                                      0.114    17.992 r  ex_stage_i/fpu_gen.fpu_i/fpu_gen.i_fpnew_bulk/gen_operation_groups[3].i_opgroup_block/gen_merged_slice.i_multifmt_slice/gen_num_lanes[0].active_lane.lane_instance.i_fpnew_cast_multi/rvfi_probes_o[instr][wbdata][3][12]_INST_0_i_7/CO[3]
                         net (fo=1, routed)           0.000    17.992    ex_stage_i/fpu_gen.fpu_i/fpu_gen.i_fpnew_bulk/gen_operation_groups[3].i_opgroup_block/gen_merged_slice.i_multifmt_slice/gen_num_lanes[0].active_lane.lane_instance.i_fpnew_cast_multi/rvfi_probes_o[instr][wbdata][3][12]_INST_0_i_7_n_0
    SLICE_X77Y33         CARRY4 (Prop_carry4_CI_CO[3])
                                                      0.114    18.106 r  ex_stage_i/fpu_gen.fpu_i/fpu_gen.i_fpnew_bulk/gen_operation_groups[3].i_opgroup_block/gen_merged_slice.i_multifmt_slice/gen_num_lanes[0].active_lane.lane_instance.i_fpnew_cast_multi/rvfi_probes_o[instr][wbdata][3][16]_INST_0_i_7/CO[3]
                         net (fo=1, routed)           0.000    18.106    ex_stage_i/fpu_gen.fpu_i/fpu_gen.i_fpnew_bulk/gen_operation_groups[3].i_opgroup_block/gen_merged_slice.i_multifmt_slice/gen_num_lanes[0].active_lane.lane_instance.i_fpnew_cast_multi/rvfi_probes_o[instr][wbdata][3][16]_INST_0_i_7_n_0
    SLICE_X77Y34         CARRY4 (Prop_carry4_CI_CO[3])
                                                      0.114    18.220 r  ex_stage_i/fpu_gen.fpu_i/fpu_gen.i_fpnew_bulk/gen_operation_groups[3].i_opgroup_block/gen_merged_slice.i_multifmt_slice/gen_num_lanes[0].active_lane.lane_instance.i_fpnew_cast_multi/rvfi_probes_o[instr][wbdata][3][20]_INST_0_i_8/CO[3]
                         net (fo=1, routed)           0.000    18.220    ex_stage_i/fpu_gen.fpu_i/fpu_gen.i_fpnew_bulk/gen_operation_groups[3].i_opgroup_block/gen_merged_slice.i_multifmt_slice/gen_num_lanes[0].active_lane.lane_instance.i_fpnew_cast_multi/rvfi_probes_o[instr][wbdata][3][20]_INST_0_i_8_n_0
    SLICE_X77Y35         CARRY4 (Prop_carry4_CI_CO[3])
                                                      0.114    18.334 r  ex_stage_i/fpu_gen.fpu_i/fpu_gen.i_fpnew_bulk/gen_operation_groups[3].i_opgroup_block/gen_merged_slice.i_multifmt_slice/gen_num_lanes[0].active_lane.lane_instance.i_fpnew_cast_multi/rvfi_probes_o[instr][wbdata][3][24]_INST_0_i_9/CO[3]
                         net (fo=1, routed)           0.000    18.334    ex_stage_i/fpu_gen.fpu_i/fpu_gen.i_fpnew_bulk/gen_operation_groups[3].i_opgroup_block/gen_merged_slice.i_multifmt_slice/gen_num_lanes[0].active_lane.lane_instance.i_fpnew_cast_multi/rvfi_probes_o[instr][wbdata][3][24]_INST_0_i_9_n_0
    SLICE_X77Y36         CARRY4 (Prop_carry4_CI_O[2])
                                                      0.239    18.573 r  ex_stage_i/fpu_gen.fpu_i/fpu_gen.i_fpnew_bulk/gen_operation_groups[3].i_opgroup_block/gen_merged_slice.i_multifmt_slice/gen_num_lanes[0].active_lane.lane_instance.i_fpnew_cast_multi/rvfi_probes_o[instr][wbdata][3][28]_INST_0_i_9/O[2]
                         net (fo=2, routed)           0.782    19.355    ex_stage_i/fpu_gen.fpu_i/fpu_gen.i_fpnew_bulk/gen_operation_groups[3].i_opgroup_block/gen_merged_slice.i_multifmt_slice/gen_num_lanes[0].active_lane.lane_instance.i_fpnew_cast_multi/rounded_uint_res0[27]
    SLICE_X76Y37         LUT5 (Prop_lut5_I1_O)        0.302    19.657 r  ex_stage_i/fpu_gen.fpu_i/fpu_gen.i_fpnew_bulk/gen_operation_groups[3].i_opgroup_block/gen_merged_slice.i_multifmt_slice/gen_num_lanes[0].active_lane.lane_instance.i_fpnew_cast_multi/rvfi_probes_o[instr][wbdata][3][30]_INST_0_i_230/O
                         net (fo=1, routed)           0.492    20.149    ex_stage_i/fpu_gen.fpu_i/fpu_gen.i_fpnew_bulk/gen_operation_groups[3].i_opgroup_block/gen_merged_slice.i_multifmt_slice/gen_num_lanes[0].active_lane.lane_instance.i_fpnew_cast_multi/rvfi_probes_o[instr][wbdata][3][30]_INST_0_i_230_n_0
    SLICE_X76Y36         LUT6 (Prop_lut6_I5_O)        0.124    20.273 r  ex_stage_i/fpu_gen.fpu_i/fpu_gen.i_fpnew_bulk/gen_operation_groups[3].i_opgroup_block/gen_merged_slice.i_multifmt_slice/gen_num_lanes[0].active_lane.lane_instance.i_fpnew_cast_multi/rvfi_probes_o[instr][wbdata][3][30]_INST_0_i_204/O
                         net (fo=1, routed)           0.566    20.839    ex_stage_i/fpu_gen.fpu_i/fpu_gen.i_fpnew_bulk/gen_operation_groups[3].i_opgroup_block/gen_merged_slice.i_multifmt_slice/gen_num_lanes[0].active_lane.lane_instance.i_fpnew_cast_multi/rvfi_probes_o[instr][wbdata][3][30]_INST_0_i_204_n_0
    SLICE_X79Y33         LUT6 (Prop_lut6_I2_O)        0.124    20.963 r  ex_stage_i/fpu_gen.fpu_i/fpu_gen.i_fpnew_bulk/gen_operation_groups[3].i_opgroup_block/gen_merged_slice.i_multifmt_slice/gen_num_lanes[0].active_lane.lane_instance.i_fpnew_cast_multi/rvfi_probes_o[instr][wbdata][3][30]_INST_0_i_160/O
                         net (fo=1, routed)           0.318    21.281    ex_stage_i/fpu_gen.fpu_i/fpu_gen.i_fpnew_bulk/gen_operation_groups[3].i_opgroup_block/gen_merged_slice.i_multifmt_slice/gen_num_lanes[0].active_lane.lane_instance.i_fpnew_cast_multi/rvfi_probes_o[instr][wbdata][3][30]_INST_0_i_160_n_0
    SLICE_X80Y33         LUT6 (Prop_lut6_I1_O)        0.124    21.405 r  ex_stage_i/fpu_gen.fpu_i/fpu_gen.i_fpnew_bulk/gen_operation_groups[3].i_opgroup_block/gen_merged_slice.i_multifmt_slice/gen_num_lanes[0].active_lane.lane_instance.i_fpnew_cast_multi/rvfi_probes_o[instr][wbdata][3][30]_INST_0_i_97/O
                         net (fo=1, routed)           0.291    21.696    ex_stage_i/fpu_gen.fpu_i/fpu_gen.i_fpnew_bulk/gen_operation_groups[3].i_opgroup_block/gen_merged_slice.i_multifmt_slice/gen_num_lanes[0].active_lane.lane_instance.i_fpnew_cast_multi/rvfi_probes_o[instr][wbdata][3][30]_INST_0_i_97_n_0
    SLICE_X81Y33         LUT4 (Prop_lut4_I2_O)        0.124    21.820 r  ex_stage_i/fpu_gen.fpu_i/fpu_gen.i_fpnew_bulk/gen_operation_groups[3].i_opgroup_block/gen_merged_slice.i_multifmt_slice/gen_num_lanes[0].active_lane.lane_instance.i_fpnew_cast_multi/rvfi_probes_o[instr][wbdata][3][30]_INST_0_i_55/O
                         net (fo=1, routed)           0.151    21.971    ex_stage_i/fpu_gen.fpu_i/fpu_gen.i_fpnew_bulk/gen_operation_groups[3].i_opgroup_block/gen_merged_slice.i_multifmt_slice/gen_num_lanes[0].active_lane.lane_instance.i_fpnew_cast_multi/rvfi_probes_o[instr][wbdata][3][30]_INST_0_i_55_n_0
    SLICE_X81Y33         LUT6 (Prop_lut6_I1_O)        0.124    22.095 f  ex_stage_i/fpu_gen.fpu_i/fpu_gen.i_fpnew_bulk/gen_operation_groups[3].i_opgroup_block/gen_merged_slice.i_multifmt_slice/gen_num_lanes[0].active_lane.lane_instance.i_fpnew_cast_multi/rvfi_probes_o[instr][wbdata][3][30]_INST_0_i_37/O
                         net (fo=3, routed)           0.493    22.588    ex_stage_i/fpu_gen.fpu_i/fpu_gen.i_fpnew_bulk/gen_operation_groups[3].i_opgroup_block/gen_merged_slice.i_multifmt_slice/gen_num_lanes[0].active_lane.lane_instance.i_fpnew_cast_multi/rvfi_probes_o[instr][wbdata][3][30]_INST_0_i_37_n_0
    SLICE_X75Y35         LUT6 (Prop_lut6_I4_O)        0.124    22.712 r  ex_stage_i/fpu_gen.fpu_i/fpu_gen.i_fpnew_bulk/gen_operation_groups[3].i_opgroup_block/gen_merged_slice.i_multifmt_slice/gen_num_lanes[0].active_lane.lane_instance.i_fpnew_cast_multi/rvfi_probes_o[instr][wbdata][3][30]_INST_0_i_21/O
                         net (fo=3, routed)           0.306    23.018    ex_stage_i/fpu_gen.fpu_i/fpu_gen.i_fpnew_bulk/gen_operation_groups[3].i_opgroup_block/gen_merged_slice.i_multifmt_slice/gen_num_lanes[0].active_lane.lane_instance.i_fpnew_cast_multi/rvfi_probes_o[instr][wbdata][3][30]_INST_0_i_21_n_0
    SLICE_X73Y35         LUT6 (Prop_lut6_I3_O)        0.124    23.142 f  ex_stage_i/fpu_gen.fpu_i/fpu_gen.i_fpnew_bulk/gen_operation_groups[3].i_opgroup_block/gen_merged_slice.i_multifmt_slice/gen_num_lanes[0].active_lane.lane_instance.i_fpnew_cast_multi/rvfi_probes_o[instr][wbdata][3][30]_INST_0_i_8/O
                         net (fo=31, routed)          1.163    24.306    ex_stage_i/fpu_gen.fpu_i/fpu_gen.i_fpnew_bulk/gen_operation_groups[3].i_opgroup_block/gen_merged_slice.i_multifmt_slice/gen_num_lanes[0].active_lane.lane_instance.i_fpnew_cast_multi/rvfi_probes_o[instr][wbdata][3][30]_INST_0_i_8_n_0
    SLICE_X67Y31         LUT5 (Prop_lut5_I4_O)        0.124    24.430 r  ex_stage_i/fpu_gen.fpu_i/fpu_gen.i_fpnew_bulk/gen_operation_groups[3].i_opgroup_block/gen_merged_slice.i_multifmt_slice/gen_num_lanes[0].active_lane.lane_instance.i_fpnew_cast_multi/rvfi_probes_o[instr][wbdata][3][9]_INST_0_i_1/O
                         net (fo=1, routed)           0.517    24.947    ex_stage_i/fpu_gen.fpu_i/fpu_gen.i_fpnew_bulk/i_arbiter/opgrp_outputs[3][result][9]
    SLICE_X66Y31         LUT6 (Prop_lut6_I0_O)        0.124    25.071 r  ex_stage_i/fpu_gen.fpu_i/fpu_gen.i_fpnew_bulk/i_arbiter/rvfi_probes_o[instr][wbdata][3][9]_INST_0/O
                         net (fo=7, routed)           0.355    25.425    issue_stage_i/i_scoreboard/fu_data_q[0][imm][9]_i_2_0
    SLICE_X65Y31         LUT6 (Prop_lut6_I3_O)        0.124    25.549 r  issue_stage_i/i_scoreboard/rvfi_probes_o[instr][rs2][0][9]_INST_0_i_5/O
                         net (fo=1, routed)           0.403    25.952    issue_stage_i/i_scoreboard/rvfi_probes_o[instr][rs2][0][9]_INST_0_i_5_n_0
    SLICE_X65Y30         LUT6 (Prop_lut6_I5_O)        0.124    26.076 r  issue_stage_i/i_scoreboard/rvfi_probes_o[instr][rs2][0][9]_INST_0_i_1/O
                         net (fo=1, routed)           0.404    26.481    issue_stage_i/i_issue_read_operands/rs2_res[0]_117[9]
    SLICE_X65Y28         LUT6 (Prop_lut6_I1_O)        0.124    26.605 r  issue_stage_i/i_issue_read_operands/fu_data_n_inferred__0/rvfi_probes_o[instr][rs2][0][9]_INST_0/O
                         net (fo=1, unset)            0.973    27.578    rvfi_probes_o[instr][rs2][0][9]
                                                                      r  rvfi_probes_o[instr][rs2][0][9] (OUT)
  -------------------------------------------------------------------    -------------------





Min Delay Paths
--------------------------------------------------------------------------------------
Slack:                    inf
  Source:                 csr_regfile_i/dcsr_q_reg[prv][1]/C
                            (rising edge-triggered cell FDPE clocked by clk_i  {rise@0.000ns fall@12.500ns period=25.000ns})
  Destination:            rvfi_probes_o[csr][dcsr_q][prv][1]
                            (output port)
  Path Group:             (none)
  Path Type:              Min at Fast Process Corner
  Data Path Delay:        0.538ns  (logic 0.128ns (23.786%)  route 0.410ns (76.214%))
  Logic Levels:           0  
  Clock Uncertainty:      0.025ns  ((TSJ^2 + TIJ^2)^1/2 + DJ) / 2 + PE
    Total System Jitter     (TSJ):    0.050ns
    Total Input Jitter      (TIJ):    0.000ns
    Discrete Jitter          (DJ):    0.000ns
    Phase Error              (PE):    0.000ns

    Location             Delay type                Incr(ns)  Path(ns)    Netlist Resource(s)
  -------------------------------------------------------------------    -------------------
                         (clock clk_i rise edge)      0.000     0.000 r  
                                                      0.000     0.000 r  clk_i (IN)
                         net (fo=6832, unset)         0.410     0.410    csr_regfile_i/clk_i
    SLICE_X41Y19         FDPE                                         r  csr_regfile_i/dcsr_q_reg[prv][1]/C
  -------------------------------------------------------------------    -------------------
    SLICE_X41Y19         FDPE (Prop_fdpe_C_Q)         0.128     0.538 r  csr_regfile_i/dcsr_q_reg[prv][1]/Q
                         net (fo=3, unset)            0.410     0.948    rvfi_probes_o[csr][dcsr_q][prv][1]
                                                                      r  rvfi_probes_o[csr][dcsr_q][prv][1] (OUT)
  -------------------------------------------------------------------    -------------------

Slack:                    inf
  Source:                 csr_regfile_i/mepc_q_reg[26]/C
                            (rising edge-triggered cell FDCE clocked by clk_i  {rise@0.000ns fall@12.500ns period=25.000ns})
  Destination:            rvfi_probes_o[csr][mepc_q][26]
                            (output port)
  Path Group:             (none)
  Path Type:              Min at Fast Process Corner
  Data Path Delay:        0.538ns  (logic 0.128ns (23.786%)  route 0.410ns (76.214%))
  Logic Levels:           0  
  Clock Uncertainty:      0.025ns  ((TSJ^2 + TIJ^2)^1/2 + DJ) / 2 + PE
    Total System Jitter     (TSJ):    0.050ns
    Total Input Jitter      (TIJ):    0.000ns
    Discrete Jitter          (DJ):    0.000ns
    Phase Error              (PE):    0.000ns

    Location             Delay type                Incr(ns)  Path(ns)    Netlist Resource(s)
  -------------------------------------------------------------------    -------------------
                         (clock clk_i rise edge)      0.000     0.000 r  
                                                      0.000     0.000 r  clk_i (IN)
                         net (fo=6832, unset)         0.410     0.410    csr_regfile_i/clk_i
    SLICE_X37Y31         FDCE                                         r  csr_regfile_i/mepc_q_reg[26]/C
  -------------------------------------------------------------------    -------------------
    SLICE_X37Y31         FDCE (Prop_fdce_C_Q)         0.128     0.538 r  csr_regfile_i/mepc_q_reg[26]/Q
                         net (fo=2, unset)            0.410     0.948    rvfi_probes_o[csr][mepc_q][26]
                                                                      r  rvfi_probes_o[csr][mepc_q][26] (OUT)
  -------------------------------------------------------------------    -------------------

Slack:                    inf
  Source:                 csr_regfile_i/mepc_q_reg[29]/C
                            (rising edge-triggered cell FDCE clocked by clk_i  {rise@0.000ns fall@12.500ns period=25.000ns})
  Destination:            rvfi_probes_o[csr][mepc_q][29]
                            (output port)
  Path Group:             (none)
  Path Type:              Min at Fast Process Corner
  Data Path Delay:        0.538ns  (logic 0.128ns (23.786%)  route 0.410ns (76.214%))
  Logic Levels:           0  
  Clock Uncertainty:      0.025ns  ((TSJ^2 + TIJ^2)^1/2 + DJ) / 2 + PE
    Total System Jitter     (TSJ):    0.050ns
    Total Input Jitter      (TIJ):    0.000ns
    Discrete Jitter          (DJ):    0.000ns
    Phase Error              (PE):    0.000ns

    Location             Delay type                Incr(ns)  Path(ns)    Netlist Resource(s)
  -------------------------------------------------------------------    -------------------
                         (clock clk_i rise edge)      0.000     0.000 r  
                                                      0.000     0.000 r  clk_i (IN)
                         net (fo=6832, unset)         0.410     0.410    csr_regfile_i/clk_i
    SLICE_X37Y31         FDCE                                         r  csr_regfile_i/mepc_q_reg[29]/C
  -------------------------------------------------------------------    -------------------
    SLICE_X37Y31         FDCE (Prop_fdce_C_Q)         0.128     0.538 r  csr_regfile_i/mepc_q_reg[29]/Q
                         net (fo=2, unset)            0.410     0.948    rvfi_probes_o[csr][mepc_q][29]
                                                                      r  rvfi_probes_o[csr][mepc_q][29] (OUT)
  -------------------------------------------------------------------    -------------------

Slack:                    inf
  Source:                 csr_regfile_i/mepc_q_reg[2]/C
                            (rising edge-triggered cell FDCE clocked by clk_i  {rise@0.000ns fall@12.500ns period=25.000ns})
  Destination:            rvfi_probes_o[csr][mepc_q][2]
                            (output port)
  Path Group:             (none)
  Path Type:              Min at Fast Process Corner
  Data Path Delay:        0.538ns  (logic 0.128ns (23.786%)  route 0.410ns (76.214%))
  Logic Levels:           0  
  Clock Uncertainty:      0.025ns  ((TSJ^2 + TIJ^2)^1/2 + DJ) / 2 + PE
    Total System Jitter     (TSJ):    0.050ns
    Total Input Jitter      (TIJ):    0.000ns
    Discrete Jitter          (DJ):    0.000ns
    Phase Error              (PE):    0.000ns

    Location             Delay type                Incr(ns)  Path(ns)    Netlist Resource(s)
  -------------------------------------------------------------------    -------------------
                         (clock clk_i rise edge)      0.000     0.000 r  
                                                      0.000     0.000 r  clk_i (IN)
                         net (fo=6832, unset)         0.410     0.410    csr_regfile_i/clk_i
    SLICE_X31Y22         FDCE                                         r  csr_regfile_i/mepc_q_reg[2]/C
  -------------------------------------------------------------------    -------------------
    SLICE_X31Y22         FDCE (Prop_fdce_C_Q)         0.128     0.538 r  csr_regfile_i/mepc_q_reg[2]/Q
                         net (fo=2, unset)            0.410     0.948    rvfi_probes_o[csr][mepc_q][2]
                                                                      r  rvfi_probes_o[csr][mepc_q][2] (OUT)
  -------------------------------------------------------------------    -------------------

Slack:                    inf
  Source:                 csr_regfile_i/mepc_q_reg[5]/C
                            (rising edge-triggered cell FDCE clocked by clk_i  {rise@0.000ns fall@12.500ns period=25.000ns})
  Destination:            rvfi_probes_o[csr][mepc_q][5]
                            (output port)
  Path Group:             (none)
  Path Type:              Min at Fast Process Corner
  Data Path Delay:        0.538ns  (logic 0.128ns (23.786%)  route 0.410ns (76.214%))
  Logic Levels:           0  
  Clock Uncertainty:      0.025ns  ((TSJ^2 + TIJ^2)^1/2 + DJ) / 2 + PE
    Total System Jitter     (TSJ):    0.050ns
    Total Input Jitter      (TIJ):    0.000ns
    Discrete Jitter          (DJ):    0.000ns
    Phase Error              (PE):    0.000ns

    Location             Delay type                Incr(ns)  Path(ns)    Netlist Resource(s)
  -------------------------------------------------------------------    -------------------
                         (clock clk_i rise edge)      0.000     0.000 r  
                                                      0.000     0.000 r  clk_i (IN)
                         net (fo=6832, unset)         0.410     0.410    csr_regfile_i/clk_i
    SLICE_X33Y21         FDCE                                         r  csr_regfile_i/mepc_q_reg[5]/C
  -------------------------------------------------------------------    -------------------
    SLICE_X33Y21         FDCE (Prop_fdce_C_Q)         0.128     0.538 r  csr_regfile_i/mepc_q_reg[5]/Q
                         net (fo=2, unset)            0.410     0.948    rvfi_probes_o[csr][mepc_q][5]
                                                                      r  rvfi_probes_o[csr][mepc_q][5] (OUT)
  -------------------------------------------------------------------    -------------------

Slack:                    inf
  Source:                 csr_regfile_i/mepc_q_reg[7]/C
                            (rising edge-triggered cell FDCE clocked by clk_i  {rise@0.000ns fall@12.500ns period=25.000ns})
  Destination:            rvfi_probes_o[csr][mepc_q][7]
                            (output port)
  Path Group:             (none)
  Path Type:              Min at Fast Process Corner
  Data Path Delay:        0.538ns  (logic 0.128ns (23.786%)  route 0.410ns (76.214%))
  Logic Levels:           0  
  Clock Uncertainty:      0.025ns  ((TSJ^2 + TIJ^2)^1/2 + DJ) / 2 + PE
    Total System Jitter     (TSJ):    0.050ns
    Total Input Jitter      (TIJ):    0.000ns
    Discrete Jitter          (DJ):    0.000ns
    Phase Error              (PE):    0.000ns

    Location             Delay type                Incr(ns)  Path(ns)    Netlist Resource(s)
  -------------------------------------------------------------------    -------------------
                         (clock clk_i rise edge)      0.000     0.000 r  
                                                      0.000     0.000 r  clk_i (IN)
                         net (fo=6832, unset)         0.410     0.410    csr_regfile_i/clk_i
    SLICE_X31Y22         FDCE                                         r  csr_regfile_i/mepc_q_reg[7]/C
  -------------------------------------------------------------------    -------------------
    SLICE_X31Y22         FDCE (Prop_fdce_C_Q)         0.128     0.538 r  csr_regfile_i/mepc_q_reg[7]/Q
                         net (fo=2, unset)            0.410     0.948    rvfi_probes_o[csr][mepc_q][7]
                                                                      r  rvfi_probes_o[csr][mepc_q][7] (OUT)
  -------------------------------------------------------------------    -------------------

Slack:                    inf
  Source:                 csr_regfile_i/mie_q_reg[11]/C
                            (rising edge-triggered cell FDCE clocked by clk_i  {rise@0.000ns fall@12.500ns period=25.000ns})
  Destination:            rvfi_probes_o[csr][mie_q][11]
                            (output port)
  Path Group:             (none)
  Path Type:              Min at Fast Process Corner
  Data Path Delay:        0.538ns  (logic 0.128ns (23.786%)  route 0.410ns (76.214%))
  Logic Levels:           0  
  Clock Uncertainty:      0.025ns  ((TSJ^2 + TIJ^2)^1/2 + DJ) / 2 + PE
    Total System Jitter     (TSJ):    0.050ns
    Total Input Jitter      (TIJ):    0.000ns
    Discrete Jitter          (DJ):    0.000ns
    Phase Error              (PE):    0.000ns

    Location             Delay type                Incr(ns)  Path(ns)    Netlist Resource(s)
  -------------------------------------------------------------------    -------------------
                         (clock clk_i rise edge)      0.000     0.000 r  
                                                      0.000     0.000 r  clk_i (IN)
                         net (fo=6832, unset)         0.410     0.410    csr_regfile_i/clk_i
    SLICE_X28Y22         FDCE                                         r  csr_regfile_i/mie_q_reg[11]/C
  -------------------------------------------------------------------    -------------------
    SLICE_X28Y22         FDCE (Prop_fdce_C_Q)         0.128     0.538 r  csr_regfile_i/mie_q_reg[11]/Q
                         net (fo=6, unset)            0.410     0.948    rvfi_probes_o[csr][mie_q][11]
                                                                      r  rvfi_probes_o[csr][mie_q][11] (OUT)
  -------------------------------------------------------------------    -------------------

Slack:                    inf
  Source:                 csr_regfile_i/mip_q_reg[7]/C
                            (rising edge-triggered cell FDCE clocked by clk_i  {rise@0.000ns fall@12.500ns period=25.000ns})
  Destination:            rvfi_probes_o[csr][mip_q][7]
                            (output port)
  Path Group:             (none)
  Path Type:              Min at Fast Process Corner
  Data Path Delay:        0.538ns  (logic 0.128ns (23.786%)  route 0.410ns (76.214%))
  Logic Levels:           0  
  Clock Uncertainty:      0.025ns  ((TSJ^2 + TIJ^2)^1/2 + DJ) / 2 + PE
    Total System Jitter     (TSJ):    0.050ns
    Total Input Jitter      (TIJ):    0.000ns
    Discrete Jitter          (DJ):    0.000ns
    Phase Error              (PE):    0.000ns

    Location             Delay type                Incr(ns)  Path(ns)    Netlist Resource(s)
  -------------------------------------------------------------------    -------------------
                         (clock clk_i rise edge)      0.000     0.000 r  
                                                      0.000     0.000 r  clk_i (IN)
                         net (fo=6832, unset)         0.410     0.410    csr_regfile_i/clk_i
    SLICE_X29Y18         FDCE                                         r  csr_regfile_i/mip_q_reg[7]/C
  -------------------------------------------------------------------    -------------------
    SLICE_X29Y18         FDCE (Prop_fdce_C_Q)         0.128     0.538 r  csr_regfile_i/mip_q_reg[7]/Q
                         net (fo=4, unset)            0.410     0.948    rvfi_probes_o[csr][mip_q][7]
                                                                      r  rvfi_probes_o[csr][mip_q][7] (OUT)
  -------------------------------------------------------------------    -------------------

Slack:                    inf
  Source:                 csr_regfile_i/mscratch_q_reg[27]/C
                            (rising edge-triggered cell FDCE clocked by clk_i  {rise@0.000ns fall@12.500ns period=25.000ns})
  Destination:            rvfi_probes_o[csr][mscratch_q][27]
                            (output port)
  Path Group:             (none)
  Path Type:              Min at Fast Process Corner
  Data Path Delay:        0.538ns  (logic 0.128ns (23.786%)  route 0.410ns (76.214%))
  Logic Levels:           0  
  Clock Uncertainty:      0.025ns  ((TSJ^2 + TIJ^2)^1/2 + DJ) / 2 + PE
    Total System Jitter     (TSJ):    0.050ns
    Total Input Jitter      (TIJ):    0.000ns
    Discrete Jitter          (DJ):    0.000ns
    Phase Error              (PE):    0.000ns

    Location             Delay type                Incr(ns)  Path(ns)    Netlist Resource(s)
  -------------------------------------------------------------------    -------------------
                         (clock clk_i rise edge)      0.000     0.000 r  
                                                      0.000     0.000 r  clk_i (IN)
                         net (fo=6832, unset)         0.410     0.410    csr_regfile_i/clk_i
    SLICE_X40Y35         FDCE                                         r  csr_regfile_i/mscratch_q_reg[27]/C
  -------------------------------------------------------------------    -------------------
    SLICE_X40Y35         FDCE (Prop_fdce_C_Q)         0.128     0.538 r  csr_regfile_i/mscratch_q_reg[27]/Q
                         net (fo=1, unset)            0.410     0.948    rvfi_probes_o[csr][mscratch_q][27]
                                                                      r  rvfi_probes_o[csr][mscratch_q][27] (OUT)
  -------------------------------------------------------------------    -------------------

Slack:                    inf
  Source:                 csr_regfile_i/mstatus_q_reg[mpp][1]/C
                            (rising edge-triggered cell FDCE clocked by clk_i  {rise@0.000ns fall@12.500ns period=25.000ns})
  Destination:            rvfi_probes_o[csr][mstatus_extended][12]
                            (output port)
  Path Group:             (none)
  Path Type:              Min at Fast Process Corner
  Data Path Delay:        0.538ns  (logic 0.128ns (23.786%)  route 0.410ns (76.214%))
  Logic Levels:           0  
  Clock Uncertainty:      0.025ns  ((TSJ^2 + TIJ^2)^1/2 + DJ) / 2 + PE
    Total System Jitter     (TSJ):    0.050ns
    Total Input Jitter      (TIJ):    0.000ns
    Discrete Jitter          (DJ):    0.000ns
    Phase Error              (PE):    0.000ns

    Location             Delay type                Incr(ns)  Path(ns)    Netlist Resource(s)
  -------------------------------------------------------------------    -------------------
                         (clock clk_i rise edge)      0.000     0.000 r  
                                                      0.000     0.000 r  clk_i (IN)
                         net (fo=6832, unset)         0.410     0.410    csr_regfile_i/clk_i
    SLICE_X33Y20         FDCE                                         r  csr_regfile_i/mstatus_q_reg[mpp][1]/C
  -------------------------------------------------------------------    -------------------
    SLICE_X33Y20         FDCE (Prop_fdce_C_Q)         0.128     0.538 r  csr_regfile_i/mstatus_q_reg[mpp][1]/Q
                         net (fo=2, unset)            0.410     0.948    rvfi_probes_o[csr][mstatus_extended][12]
                                                                      r  rvfi_probes_o[csr][mstatus_extended][12] (OUT)
  -------------------------------------------------------------------    -------------------





--------------------------------------------------------------------------------------
Path Group:  (none)
From Clock:  
  To Clock:  clk_i

Max Delay          8047 Endpoints
Min Delay          8047 Endpoints
--------------------------------------------------------------------------------------


Max Delay Paths
--------------------------------------------------------------------------------------
Slack:                    inf
  Source:                 rst_ni
                            (input port)
  Destination:            ex_stage_i/fpu_gen.fpu_i/fpu_gen.i_fpnew_bulk/gen_operation_groups[3].i_opgroup_block/gen_merged_slice.i_multifmt_slice/gen_num_lanes[0].active_lane.lane_instance.i_fpnew_cast_multi/gen_inside_pipeline[0].mid_pipe_input_mant_q_reg[1][25]/CLR
                            (recovery check against rising-edge clock clk_i  {rise@0.000ns fall@12.500ns period=25.000ns})
  Path Group:             (none)
  Path Type:              Recovery (Max at Slow Process Corner)
  Data Path Delay:        20.269ns  (logic 0.124ns (0.612%)  route 20.145ns (99.388%))
  Logic Levels:           1  (LUT1=1)
  Clock Path Skew:        0.924ns (DCD - SCD + CPR)
    Destination Clock Delay (DCD):    0.924ns
    Source Clock Delay      (SCD):    0.000ns
    Clock Pessimism Removal (CPR):    0.000ns
  Clock Uncertainty:      0.025ns  ((TSJ^2 + TIJ^2)^1/2 + DJ) / 2 + PE
    Total System Jitter     (TSJ):    0.050ns
    Total Input Jitter      (TIJ):    0.000ns
    Discrete Jitter          (DJ):    0.000ns
    Phase Error              (PE):    0.000ns

    Location             Delay type                Incr(ns)  Path(ns)    Netlist Resource(s)
  -------------------------------------------------------------------    -------------------
                                                      0.000     0.000 r  rst_ni (IN)
                         net (fo=137, unset)          0.973     0.973    ex_stage_i/lsu_i/i_store_unit/store_buffer_i/rst_ni
    SLICE_X2Y2           LUT1 (Prop_lut1_I0_O)        0.124     1.097 f  ex_stage_i/lsu_i/i_store_unit/store_buffer_i/fcsr_q[fprec][6]_i_3/O
                         net (fo=5008, routed)       19.172    20.269    ex_stage_i/fpu_gen.fpu_i/fpu_gen.i_fpnew_bulk/gen_operation_groups[3].i_opgroup_block/gen_merged_slice.i_multifmt_slice/gen_num_lanes[0].active_lane.lane_instance.i_fpnew_cast_multi/gen_inside_pipeline[0].mid_pipe_aux_q_reg[1][4]_0
    SLICE_X91Y34         FDCE                                         f  ex_stage_i/fpu_gen.fpu_i/fpu_gen.i_fpnew_bulk/gen_operation_groups[3].i_opgroup_block/gen_merged_slice.i_multifmt_slice/gen_num_lanes[0].active_lane.lane_instance.i_fpnew_cast_multi/gen_inside_pipeline[0].mid_pipe_input_mant_q_reg[1][25]/CLR
  -------------------------------------------------------------------    -------------------

                         (clock clk_i rise edge)      0.000     0.000 r  
                                                      0.000     0.000 r  clk_i (IN)
                         net (fo=6832, unset)         0.924     0.924    ex_stage_i/fpu_gen.fpu_i/fpu_gen.i_fpnew_bulk/gen_operation_groups[3].i_opgroup_block/gen_merged_slice.i_multifmt_slice/gen_num_lanes[0].active_lane.lane_instance.i_fpnew_cast_multi/clk_i
    SLICE_X91Y34         FDCE                                         r  ex_stage_i/fpu_gen.fpu_i/fpu_gen.i_fpnew_bulk/gen_operation_groups[3].i_opgroup_block/gen_merged_slice.i_multifmt_slice/gen_num_lanes[0].active_lane.lane_instance.i_fpnew_cast_multi/gen_inside_pipeline[0].mid_pipe_input_mant_q_reg[1][25]/C

Slack:                    inf
  Source:                 rst_ni
                            (input port)
  Destination:            ex_stage_i/fpu_gen.fpu_i/fpu_gen.i_fpnew_bulk/gen_operation_groups[3].i_opgroup_block/gen_merged_slice.i_multifmt_slice/gen_num_lanes[0].active_lane.lane_instance.i_fpnew_cast_multi/gen_inside_pipeline[0].mid_pipe_input_mant_q_reg[1][26]/CLR
                            (recovery check against rising-edge clock clk_i  {rise@0.000ns fall@12.500ns period=25.000ns})
  Path Group:             (none)
  Path Type:              Recovery (Max at Slow Process Corner)
  Data Path Delay:        20.269ns  (logic 0.124ns (0.612%)  route 20.145ns (99.388%))
  Logic Levels:           1  (LUT1=1)
  Clock Path Skew:        0.924ns (DCD - SCD + CPR)
    Destination Clock Delay (DCD):    0.924ns
    Source Clock Delay      (SCD):    0.000ns
    Clock Pessimism Removal (CPR):    0.000ns
  Clock Uncertainty:      0.025ns  ((TSJ^2 + TIJ^2)^1/2 + DJ) / 2 + PE
    Total System Jitter     (TSJ):    0.050ns
    Total Input Jitter      (TIJ):    0.000ns
    Discrete Jitter          (DJ):    0.000ns
    Phase Error              (PE):    0.000ns

    Location             Delay type                Incr(ns)  Path(ns)    Netlist Resource(s)
  -------------------------------------------------------------------    -------------------
                                                      0.000     0.000 r  rst_ni (IN)
                         net (fo=137, unset)          0.973     0.973    ex_stage_i/lsu_i/i_store_unit/store_buffer_i/rst_ni
    SLICE_X2Y2           LUT1 (Prop_lut1_I0_O)        0.124     1.097 f  ex_stage_i/lsu_i/i_store_unit/store_buffer_i/fcsr_q[fprec][6]_i_3/O
                         net (fo=5008, routed)       19.172    20.269    ex_stage_i/fpu_gen.fpu_i/fpu_gen.i_fpnew_bulk/gen_operation_groups[3].i_opgroup_block/gen_merged_slice.i_multifmt_slice/gen_num_lanes[0].active_lane.lane_instance.i_fpnew_cast_multi/gen_inside_pipeline[0].mid_pipe_aux_q_reg[1][4]_0
    SLICE_X91Y34         FDCE                                         f  ex_stage_i/fpu_gen.fpu_i/fpu_gen.i_fpnew_bulk/gen_operation_groups[3].i_opgroup_block/gen_merged_slice.i_multifmt_slice/gen_num_lanes[0].active_lane.lane_instance.i_fpnew_cast_multi/gen_inside_pipeline[0].mid_pipe_input_mant_q_reg[1][26]/CLR
  -------------------------------------------------------------------    -------------------

                         (clock clk_i rise edge)      0.000     0.000 r  
                                                      0.000     0.000 r  clk_i (IN)
                         net (fo=6832, unset)         0.924     0.924    ex_stage_i/fpu_gen.fpu_i/fpu_gen.i_fpnew_bulk/gen_operation_groups[3].i_opgroup_block/gen_merged_slice.i_multifmt_slice/gen_num_lanes[0].active_lane.lane_instance.i_fpnew_cast_multi/clk_i
    SLICE_X91Y34         FDCE                                         r  ex_stage_i/fpu_gen.fpu_i/fpu_gen.i_fpnew_bulk/gen_operation_groups[3].i_opgroup_block/gen_merged_slice.i_multifmt_slice/gen_num_lanes[0].active_lane.lane_instance.i_fpnew_cast_multi/gen_inside_pipeline[0].mid_pipe_input_mant_q_reg[1][26]/C

Slack:                    inf
  Source:                 rst_ni
                            (input port)
  Destination:            ex_stage_i/fpu_gen.fpu_i/fpu_gen.i_fpnew_bulk/gen_operation_groups[3].i_opgroup_block/gen_merged_slice.i_multifmt_slice/gen_num_lanes[0].active_lane.lane_instance.i_fpnew_cast_multi/gen_inside_pipeline[0].mid_pipe_input_mant_q_reg[1][2]/CLR
                            (recovery check against rising-edge clock clk_i  {rise@0.000ns fall@12.500ns period=25.000ns})
  Path Group:             (none)
  Path Type:              Recovery (Max at Slow Process Corner)
  Data Path Delay:        20.261ns  (logic 0.124ns (0.612%)  route 20.137ns (99.388%))
  Logic Levels:           1  (LUT1=1)
  Clock Path Skew:        0.924ns (DCD - SCD + CPR)
    Destination Clock Delay (DCD):    0.924ns
    Source Clock Delay      (SCD):    0.000ns
    Clock Pessimism Removal (CPR):    0.000ns
  Clock Uncertainty:      0.025ns  ((TSJ^2 + TIJ^2)^1/2 + DJ) / 2 + PE
    Total System Jitter     (TSJ):    0.050ns
    Total Input Jitter      (TIJ):    0.000ns
    Discrete Jitter          (DJ):    0.000ns
    Phase Error              (PE):    0.000ns

    Location             Delay type                Incr(ns)  Path(ns)    Netlist Resource(s)
  -------------------------------------------------------------------    -------------------
                                                      0.000     0.000 r  rst_ni (IN)
                         net (fo=137, unset)          0.973     0.973    ex_stage_i/lsu_i/i_store_unit/store_buffer_i/rst_ni
    SLICE_X2Y2           LUT1 (Prop_lut1_I0_O)        0.124     1.097 f  ex_stage_i/lsu_i/i_store_unit/store_buffer_i/fcsr_q[fprec][6]_i_3/O
                         net (fo=5008, routed)       19.164    20.261    ex_stage_i/fpu_gen.fpu_i/fpu_gen.i_fpnew_bulk/gen_operation_groups[3].i_opgroup_block/gen_merged_slice.i_multifmt_slice/gen_num_lanes[0].active_lane.lane_instance.i_fpnew_cast_multi/gen_inside_pipeline[0].mid_pipe_aux_q_reg[1][4]_0
    SLICE_X91Y32         FDCE                                         f  ex_stage_i/fpu_gen.fpu_i/fpu_gen.i_fpnew_bulk/gen_operation_groups[3].i_opgroup_block/gen_merged_slice.i_multifmt_slice/gen_num_lanes[0].active_lane.lane_instance.i_fpnew_cast_multi/gen_inside_pipeline[0].mid_pipe_input_mant_q_reg[1][2]/CLR
  -------------------------------------------------------------------    -------------------

                         (clock clk_i rise edge)      0.000     0.000 r  
                                                      0.000     0.000 r  clk_i (IN)
                         net (fo=6832, unset)         0.924     0.924    ex_stage_i/fpu_gen.fpu_i/fpu_gen.i_fpnew_bulk/gen_operation_groups[3].i_opgroup_block/gen_merged_slice.i_multifmt_slice/gen_num_lanes[0].active_lane.lane_instance.i_fpnew_cast_multi/clk_i
    SLICE_X91Y32         FDCE                                         r  ex_stage_i/fpu_gen.fpu_i/fpu_gen.i_fpnew_bulk/gen_operation_groups[3].i_opgroup_block/gen_merged_slice.i_multifmt_slice/gen_num_lanes[0].active_lane.lane_instance.i_fpnew_cast_multi/gen_inside_pipeline[0].mid_pipe_input_mant_q_reg[1][2]/C

Slack:                    inf
  Source:                 rst_ni
                            (input port)
  Destination:            ex_stage_i/fpu_gen.fpu_i/fpu_gen.i_fpnew_bulk/gen_operation_groups[3].i_opgroup_block/gen_merged_slice.i_multifmt_slice/gen_num_lanes[0].active_lane.lane_instance.i_fpnew_cast_multi/gen_inside_pipeline[0].mid_pipe_input_mant_q_reg[1][14]/CLR
                            (recovery check against rising-edge clock clk_i  {rise@0.000ns fall@12.500ns period=25.000ns})
  Path Group:             (none)
  Path Type:              Recovery (Max at Slow Process Corner)
  Data Path Delay:        20.130ns  (logic 0.124ns (0.616%)  route 20.006ns (99.384%))
  Logic Levels:           1  (LUT1=1)
  Clock Path Skew:        0.924ns (DCD - SCD + CPR)
    Destination Clock Delay (DCD):    0.924ns
    Source Clock Delay      (SCD):    0.000ns
    Clock Pessimism Removal (CPR):    0.000ns
  Clock Uncertainty:      0.025ns  ((TSJ^2 + TIJ^2)^1/2 + DJ) / 2 + PE
    Total System Jitter     (TSJ):    0.050ns
    Total Input Jitter      (TIJ):    0.000ns
    Discrete Jitter          (DJ):    0.000ns
    Phase Error              (PE):    0.000ns

    Location             Delay type                Incr(ns)  Path(ns)    Netlist Resource(s)
  -------------------------------------------------------------------    -------------------
                                                      0.000     0.000 r  rst_ni (IN)
                         net (fo=137, unset)          0.973     0.973    ex_stage_i/lsu_i/i_store_unit/store_buffer_i/rst_ni
    SLICE_X2Y2           LUT1 (Prop_lut1_I0_O)        0.124     1.097 f  ex_stage_i/lsu_i/i_store_unit/store_buffer_i/fcsr_q[fprec][6]_i_3/O
                         net (fo=5008, routed)       19.033    20.130    ex_stage_i/fpu_gen.fpu_i/fpu_gen.i_fpnew_bulk/gen_operation_groups[3].i_opgroup_block/gen_merged_slice.i_multifmt_slice/gen_num_lanes[0].active_lane.lane_instance.i_fpnew_cast_multi/gen_inside_pipeline[0].mid_pipe_aux_q_reg[1][4]_0
    SLICE_X91Y33         FDCE                                         f  ex_stage_i/fpu_gen.fpu_i/fpu_gen.i_fpnew_bulk/gen_operation_groups[3].i_opgroup_block/gen_merged_slice.i_multifmt_slice/gen_num_lanes[0].active_lane.lane_instance.i_fpnew_cast_multi/gen_inside_pipeline[0].mid_pipe_input_mant_q_reg[1][14]/CLR
  -------------------------------------------------------------------    -------------------

                         (clock clk_i rise edge)      0.000     0.000 r  
                                                      0.000     0.000 r  clk_i (IN)
                         net (fo=6832, unset)         0.924     0.924    ex_stage_i/fpu_gen.fpu_i/fpu_gen.i_fpnew_bulk/gen_operation_groups[3].i_opgroup_block/gen_merged_slice.i_multifmt_slice/gen_num_lanes[0].active_lane.lane_instance.i_fpnew_cast_multi/clk_i
    SLICE_X91Y33         FDCE                                         r  ex_stage_i/fpu_gen.fpu_i/fpu_gen.i_fpnew_bulk/gen_operation_groups[3].i_opgroup_block/gen_merged_slice.i_multifmt_slice/gen_num_lanes[0].active_lane.lane_instance.i_fpnew_cast_multi/gen_inside_pipeline[0].mid_pipe_input_mant_q_reg[1][14]/C

Slack:                    inf
  Source:                 rst_ni
                            (input port)
  Destination:            ex_stage_i/fpu_gen.fpu_i/fpu_gen.i_fpnew_bulk/gen_operation_groups[3].i_opgroup_block/gen_merged_slice.i_multifmt_slice/gen_num_lanes[0].active_lane.lane_instance.i_fpnew_cast_multi/gen_inside_pipeline[0].mid_pipe_input_mant_q_reg[1][15]/CLR
                            (recovery check against rising-edge clock clk_i  {rise@0.000ns fall@12.500ns period=25.000ns})
  Path Group:             (none)
  Path Type:              Recovery (Max at Slow Process Corner)
  Data Path Delay:        20.130ns  (logic 0.124ns (0.616%)  route 20.006ns (99.384%))
  Logic Levels:           1  (LUT1=1)
  Clock Path Skew:        0.924ns (DCD - SCD + CPR)
    Destination Clock Delay (DCD):    0.924ns
    Source Clock Delay      (SCD):    0.000ns
    Clock Pessimism Removal (CPR):    0.000ns
  Clock Uncertainty:      0.025ns  ((TSJ^2 + TIJ^2)^1/2 + DJ) / 2 + PE
    Total System Jitter     (TSJ):    0.050ns
    Total Input Jitter      (TIJ):    0.000ns
    Discrete Jitter          (DJ):    0.000ns
    Phase Error              (PE):    0.000ns

    Location             Delay type                Incr(ns)  Path(ns)    Netlist Resource(s)
  -------------------------------------------------------------------    -------------------
                                                      0.000     0.000 r  rst_ni (IN)
                         net (fo=137, unset)          0.973     0.973    ex_stage_i/lsu_i/i_store_unit/store_buffer_i/rst_ni
    SLICE_X2Y2           LUT1 (Prop_lut1_I0_O)        0.124     1.097 f  ex_stage_i/lsu_i/i_store_unit/store_buffer_i/fcsr_q[fprec][6]_i_3/O
                         net (fo=5008, routed)       19.033    20.130    ex_stage_i/fpu_gen.fpu_i/fpu_gen.i_fpnew_bulk/gen_operation_groups[3].i_opgroup_block/gen_merged_slice.i_multifmt_slice/gen_num_lanes[0].active_lane.lane_instance.i_fpnew_cast_multi/gen_inside_pipeline[0].mid_pipe_aux_q_reg[1][4]_0
    SLICE_X91Y33         FDCE                                         f  ex_stage_i/fpu_gen.fpu_i/fpu_gen.i_fpnew_bulk/gen_operation_groups[3].i_opgroup_block/gen_merged_slice.i_multifmt_slice/gen_num_lanes[0].active_lane.lane_instance.i_fpnew_cast_multi/gen_inside_pipeline[0].mid_pipe_input_mant_q_reg[1][15]/CLR
  -------------------------------------------------------------------    -------------------

                         (clock clk_i rise edge)      0.000     0.000 r  
                                                      0.000     0.000 r  clk_i (IN)
                         net (fo=6832, unset)         0.924     0.924    ex_stage_i/fpu_gen.fpu_i/fpu_gen.i_fpnew_bulk/gen_operation_groups[3].i_opgroup_block/gen_merged_slice.i_multifmt_slice/gen_num_lanes[0].active_lane.lane_instance.i_fpnew_cast_multi/clk_i
    SLICE_X91Y33         FDCE                                         r  ex_stage_i/fpu_gen.fpu_i/fpu_gen.i_fpnew_bulk/gen_operation_groups[3].i_opgroup_block/gen_merged_slice.i_multifmt_slice/gen_num_lanes[0].active_lane.lane_instance.i_fpnew_cast_multi/gen_inside_pipeline[0].mid_pipe_input_mant_q_reg[1][15]/C

Slack:                    inf
  Source:                 rst_ni
                            (input port)
  Destination:            ex_stage_i/fpu_gen.fpu_i/fpu_gen.i_fpnew_bulk/gen_operation_groups[3].i_opgroup_block/gen_merged_slice.i_multifmt_slice/gen_num_lanes[0].active_lane.lane_instance.i_fpnew_cast_multi/gen_inside_pipeline[0].mid_pipe_input_mant_q_reg[1][16]/CLR
                            (recovery check against rising-edge clock clk_i  {rise@0.000ns fall@12.500ns period=25.000ns})
  Path Group:             (none)
  Path Type:              Recovery (Max at Slow Process Corner)
  Data Path Delay:        20.130ns  (logic 0.124ns (0.616%)  route 20.006ns (99.384%))
  Logic Levels:           1  (LUT1=1)
  Clock Path Skew:        0.924ns (DCD - SCD + CPR)
    Destination Clock Delay (DCD):    0.924ns
    Source Clock Delay      (SCD):    0.000ns
    Clock Pessimism Removal (CPR):    0.000ns
  Clock Uncertainty:      0.025ns  ((TSJ^2 + TIJ^2)^1/2 + DJ) / 2 + PE
    Total System Jitter     (TSJ):    0.050ns
    Total Input Jitter      (TIJ):    0.000ns
    Discrete Jitter          (DJ):    0.000ns
    Phase Error              (PE):    0.000ns

    Location             Delay type                Incr(ns)  Path(ns)    Netlist Resource(s)
  -------------------------------------------------------------------    -------------------
                                                      0.000     0.000 r  rst_ni (IN)
                         net (fo=137, unset)          0.973     0.973    ex_stage_i/lsu_i/i_store_unit/store_buffer_i/rst_ni
    SLICE_X2Y2           LUT1 (Prop_lut1_I0_O)        0.124     1.097 f  ex_stage_i/lsu_i/i_store_unit/store_buffer_i/fcsr_q[fprec][6]_i_3/O
                         net (fo=5008, routed)       19.033    20.130    ex_stage_i/fpu_gen.fpu_i/fpu_gen.i_fpnew_bulk/gen_operation_groups[3].i_opgroup_block/gen_merged_slice.i_multifmt_slice/gen_num_lanes[0].active_lane.lane_instance.i_fpnew_cast_multi/gen_inside_pipeline[0].mid_pipe_aux_q_reg[1][4]_0
    SLICE_X91Y33         FDCE                                         f  ex_stage_i/fpu_gen.fpu_i/fpu_gen.i_fpnew_bulk/gen_operation_groups[3].i_opgroup_block/gen_merged_slice.i_multifmt_slice/gen_num_lanes[0].active_lane.lane_instance.i_fpnew_cast_multi/gen_inside_pipeline[0].mid_pipe_input_mant_q_reg[1][16]/CLR
  -------------------------------------------------------------------    -------------------

                         (clock clk_i rise edge)      0.000     0.000 r  
                                                      0.000     0.000 r  clk_i (IN)
                         net (fo=6832, unset)         0.924     0.924    ex_stage_i/fpu_gen.fpu_i/fpu_gen.i_fpnew_bulk/gen_operation_groups[3].i_opgroup_block/gen_merged_slice.i_multifmt_slice/gen_num_lanes[0].active_lane.lane_instance.i_fpnew_cast_multi/clk_i
    SLICE_X91Y33         FDCE                                         r  ex_stage_i/fpu_gen.fpu_i/fpu_gen.i_fpnew_bulk/gen_operation_groups[3].i_opgroup_block/gen_merged_slice.i_multifmt_slice/gen_num_lanes[0].active_lane.lane_instance.i_fpnew_cast_multi/gen_inside_pipeline[0].mid_pipe_input_mant_q_reg[1][16]/C

Slack:                    inf
  Source:                 rst_ni
                            (input port)
  Destination:            ex_stage_i/fpu_gen.fpu_i/fpu_gen.i_fpnew_bulk/gen_operation_groups[0].i_opgroup_block/gen_parallel_slices[0].active_format.i_fmt_slice/gen_num_lanes[0].active_lane.lane_instance.i_fma/gen_input_pipeline[0].inp_pipe_operands_q_reg[1][0][12]/CLR
                            (recovery check against rising-edge clock clk_i  {rise@0.000ns fall@12.500ns period=25.000ns})
  Path Group:             (none)
  Path Type:              Recovery (Max at Slow Process Corner)
  Data Path Delay:        19.998ns  (logic 0.124ns (0.620%)  route 19.874ns (99.380%))
  Logic Levels:           1  (LUT1=1)
  Clock Path Skew:        0.924ns (DCD - SCD + CPR)
    Destination Clock Delay (DCD):    0.924ns
    Source Clock Delay      (SCD):    0.000ns
    Clock Pessimism Removal (CPR):    0.000ns
  Clock Uncertainty:      0.025ns  ((TSJ^2 + TIJ^2)^1/2 + DJ) / 2 + PE
    Total System Jitter     (TSJ):    0.050ns
    Total Input Jitter      (TIJ):    0.000ns
    Discrete Jitter          (DJ):    0.000ns
    Phase Error              (PE):    0.000ns

    Location             Delay type                Incr(ns)  Path(ns)    Netlist Resource(s)
  -------------------------------------------------------------------    -------------------
                                                      0.000     0.000 r  rst_ni (IN)
                         net (fo=137, unset)          0.973     0.973    ex_stage_i/lsu_i/i_store_unit/store_buffer_i/rst_ni
    SLICE_X2Y2           LUT1 (Prop_lut1_I0_O)        0.124     1.097 f  ex_stage_i/lsu_i/i_store_unit/store_buffer_i/fcsr_q[fprec][6]_i_3/O
                         net (fo=5008, routed)       18.901    19.998    ex_stage_i/fpu_gen.fpu_i/fpu_gen.i_fpnew_bulk/gen_operation_groups[0].i_opgroup_block/gen_parallel_slices[0].active_format.i_fmt_slice/gen_num_lanes[0].active_lane.lane_instance.i_fma/gen_input_pipeline[0].inp_pipe_valid_q_reg[1]_3
    SLICE_X90Y42         FDCE                                         f  ex_stage_i/fpu_gen.fpu_i/fpu_gen.i_fpnew_bulk/gen_operation_groups[0].i_opgroup_block/gen_parallel_slices[0].active_format.i_fmt_slice/gen_num_lanes[0].active_lane.lane_instance.i_fma/gen_input_pipeline[0].inp_pipe_operands_q_reg[1][0][12]/CLR
  -------------------------------------------------------------------    -------------------

                         (clock clk_i rise edge)      0.000     0.000 r  
                                                      0.000     0.000 r  clk_i (IN)
                         net (fo=6832, unset)         0.924     0.924    ex_stage_i/fpu_gen.fpu_i/fpu_gen.i_fpnew_bulk/gen_operation_groups[0].i_opgroup_block/gen_parallel_slices[0].active_format.i_fmt_slice/gen_num_lanes[0].active_lane.lane_instance.i_fma/clk_i
    SLICE_X90Y42         FDCE                                         r  ex_stage_i/fpu_gen.fpu_i/fpu_gen.i_fpnew_bulk/gen_operation_groups[0].i_opgroup_block/gen_parallel_slices[0].active_format.i_fmt_slice/gen_num_lanes[0].active_lane.lane_instance.i_fma/gen_input_pipeline[0].inp_pipe_operands_q_reg[1][0][12]/C

Slack:                    inf
  Source:                 rst_ni
                            (input port)
  Destination:            ex_stage_i/fpu_gen.fpu_i/fpu_gen.i_fpnew_bulk/gen_operation_groups[0].i_opgroup_block/gen_parallel_slices[0].active_format.i_fmt_slice/gen_num_lanes[0].active_lane.lane_instance.i_fma/gen_input_pipeline[0].inp_pipe_operands_q_reg[1][0][5]/CLR
                            (recovery check against rising-edge clock clk_i  {rise@0.000ns fall@12.500ns period=25.000ns})
  Path Group:             (none)
  Path Type:              Recovery (Max at Slow Process Corner)
  Data Path Delay:        19.998ns  (logic 0.124ns (0.620%)  route 19.874ns (99.380%))
  Logic Levels:           1  (LUT1=1)
  Clock Path Skew:        0.924ns (DCD - SCD + CPR)
    Destination Clock Delay (DCD):    0.924ns
    Source Clock Delay      (SCD):    0.000ns
    Clock Pessimism Removal (CPR):    0.000ns
  Clock Uncertainty:      0.025ns  ((TSJ^2 + TIJ^2)^1/2 + DJ) / 2 + PE
    Total System Jitter     (TSJ):    0.050ns
    Total Input Jitter      (TIJ):    0.000ns
    Discrete Jitter          (DJ):    0.000ns
    Phase Error              (PE):    0.000ns

    Location             Delay type                Incr(ns)  Path(ns)    Netlist Resource(s)
  -------------------------------------------------------------------    -------------------
                                                      0.000     0.000 r  rst_ni (IN)
                         net (fo=137, unset)          0.973     0.973    ex_stage_i/lsu_i/i_store_unit/store_buffer_i/rst_ni
    SLICE_X2Y2           LUT1 (Prop_lut1_I0_O)        0.124     1.097 f  ex_stage_i/lsu_i/i_store_unit/store_buffer_i/fcsr_q[fprec][6]_i_3/O
                         net (fo=5008, routed)       18.901    19.998    ex_stage_i/fpu_gen.fpu_i/fpu_gen.i_fpnew_bulk/gen_operation_groups[0].i_opgroup_block/gen_parallel_slices[0].active_format.i_fmt_slice/gen_num_lanes[0].active_lane.lane_instance.i_fma/gen_input_pipeline[0].inp_pipe_valid_q_reg[1]_3
    SLICE_X90Y42         FDCE                                         f  ex_stage_i/fpu_gen.fpu_i/fpu_gen.i_fpnew_bulk/gen_operation_groups[0].i_opgroup_block/gen_parallel_slices[0].active_format.i_fmt_slice/gen_num_lanes[0].active_lane.lane_instance.i_fma/gen_input_pipeline[0].inp_pipe_operands_q_reg[1][0][5]/CLR
  -------------------------------------------------------------------    -------------------

                         (clock clk_i rise edge)      0.000     0.000 r  
                                                      0.000     0.000 r  clk_i (IN)
                         net (fo=6832, unset)         0.924     0.924    ex_stage_i/fpu_gen.fpu_i/fpu_gen.i_fpnew_bulk/gen_operation_groups[0].i_opgroup_block/gen_parallel_slices[0].active_format.i_fmt_slice/gen_num_lanes[0].active_lane.lane_instance.i_fma/clk_i
    SLICE_X90Y42         FDCE                                         r  ex_stage_i/fpu_gen.fpu_i/fpu_gen.i_fpnew_bulk/gen_operation_groups[0].i_opgroup_block/gen_parallel_slices[0].active_format.i_fmt_slice/gen_num_lanes[0].active_lane.lane_instance.i_fma/gen_input_pipeline[0].inp_pipe_operands_q_reg[1][0][5]/C

Slack:                    inf
  Source:                 rst_ni
                            (input port)
  Destination:            ex_stage_i/fpu_gen.fpu_i/fpu_gen.i_fpnew_bulk/gen_operation_groups[0].i_opgroup_block/gen_parallel_slices[0].active_format.i_fmt_slice/gen_num_lanes[0].active_lane.lane_instance.i_fma/gen_input_pipeline[0].inp_pipe_operands_q_reg[1][1][2]/CLR
                            (recovery check against rising-edge clock clk_i  {rise@0.000ns fall@12.500ns period=25.000ns})
  Path Group:             (none)
  Path Type:              Recovery (Max at Slow Process Corner)
  Data Path Delay:        19.998ns  (logic 0.124ns (0.620%)  route 19.874ns (99.380%))
  Logic Levels:           1  (LUT1=1)
  Clock Path Skew:        0.924ns (DCD - SCD + CPR)
    Destination Clock Delay (DCD):    0.924ns
    Source Clock Delay      (SCD):    0.000ns
    Clock Pessimism Removal (CPR):    0.000ns
  Clock Uncertainty:      0.025ns  ((TSJ^2 + TIJ^2)^1/2 + DJ) / 2 + PE
    Total System Jitter     (TSJ):    0.050ns
    Total Input Jitter      (TIJ):    0.000ns
    Discrete Jitter          (DJ):    0.000ns
    Phase Error              (PE):    0.000ns

    Location             Delay type                Incr(ns)  Path(ns)    Netlist Resource(s)
  -------------------------------------------------------------------    -------------------
                                                      0.000     0.000 r  rst_ni (IN)
                         net (fo=137, unset)          0.973     0.973    ex_stage_i/lsu_i/i_store_unit/store_buffer_i/rst_ni
    SLICE_X2Y2           LUT1 (Prop_lut1_I0_O)        0.124     1.097 f  ex_stage_i/lsu_i/i_store_unit/store_buffer_i/fcsr_q[fprec][6]_i_3/O
                         net (fo=5008, routed)       18.901    19.998    ex_stage_i/fpu_gen.fpu_i/fpu_gen.i_fpnew_bulk/gen_operation_groups[0].i_opgroup_block/gen_parallel_slices[0].active_format.i_fmt_slice/gen_num_lanes[0].active_lane.lane_instance.i_fma/gen_input_pipeline[0].inp_pipe_valid_q_reg[1]_3
    SLICE_X90Y42         FDCE                                         f  ex_stage_i/fpu_gen.fpu_i/fpu_gen.i_fpnew_bulk/gen_operation_groups[0].i_opgroup_block/gen_parallel_slices[0].active_format.i_fmt_slice/gen_num_lanes[0].active_lane.lane_instance.i_fma/gen_input_pipeline[0].inp_pipe_operands_q_reg[1][1][2]/CLR
  -------------------------------------------------------------------    -------------------

                         (clock clk_i rise edge)      0.000     0.000 r  
                                                      0.000     0.000 r  clk_i (IN)
                         net (fo=6832, unset)         0.924     0.924    ex_stage_i/fpu_gen.fpu_i/fpu_gen.i_fpnew_bulk/gen_operation_groups[0].i_opgroup_block/gen_parallel_slices[0].active_format.i_fmt_slice/gen_num_lanes[0].active_lane.lane_instance.i_fma/clk_i
    SLICE_X90Y42         FDCE                                         r  ex_stage_i/fpu_gen.fpu_i/fpu_gen.i_fpnew_bulk/gen_operation_groups[0].i_opgroup_block/gen_parallel_slices[0].active_format.i_fmt_slice/gen_num_lanes[0].active_lane.lane_instance.i_fma/gen_input_pipeline[0].inp_pipe_operands_q_reg[1][1][2]/C

Slack:                    inf
  Source:                 rst_ni
                            (input port)
  Destination:            ex_stage_i/fpu_gen.fpu_i/fpu_gen.i_fpnew_bulk/gen_operation_groups[3].i_opgroup_block/gen_merged_slice.i_multifmt_slice/gen_num_lanes[0].active_lane.lane_instance.i_fpnew_cast_multi/gen_inside_pipeline[0].mid_pipe_input_exp_q_reg[1][5]/CLR
                            (recovery check against rising-edge clock clk_i  {rise@0.000ns fall@12.500ns period=25.000ns})
  Path Group:             (none)
  Path Type:              Recovery (Max at Slow Process Corner)
  Data Path Delay:        19.886ns  (logic 0.124ns (0.624%)  route 19.762ns (99.376%))
  Logic Levels:           1  (LUT1=1)
  Clock Path Skew:        0.924ns (DCD - SCD + CPR)
    Destination Clock Delay (DCD):    0.924ns
    Source Clock Delay      (SCD):    0.000ns
    Clock Pessimism Removal (CPR):    0.000ns
  Clock Uncertainty:      0.025ns  ((TSJ^2 + TIJ^2)^1/2 + DJ) / 2 + PE
    Total System Jitter     (TSJ):    0.050ns
    Total Input Jitter      (TIJ):    0.000ns
    Discrete Jitter          (DJ):    0.000ns
    Phase Error              (PE):    0.000ns

    Location             Delay type                Incr(ns)  Path(ns)    Netlist Resource(s)
  -------------------------------------------------------------------    -------------------
                                                      0.000     0.000 r  rst_ni (IN)
                         net (fo=137, unset)          0.973     0.973    ex_stage_i/lsu_i/i_store_unit/store_buffer_i/rst_ni
    SLICE_X2Y2           LUT1 (Prop_lut1_I0_O)        0.124     1.097 f  ex_stage_i/lsu_i/i_store_unit/store_buffer_i/fcsr_q[fprec][6]_i_3/O
                         net (fo=5008, routed)       18.789    19.886    ex_stage_i/fpu_gen.fpu_i/fpu_gen.i_fpnew_bulk/gen_operation_groups[3].i_opgroup_block/gen_merged_slice.i_multifmt_slice/gen_num_lanes[0].active_lane.lane_instance.i_fpnew_cast_multi/gen_inside_pipeline[0].mid_pipe_aux_q_reg[1][4]_0
    SLICE_X88Y32         FDCE                                         f  ex_stage_i/fpu_gen.fpu_i/fpu_gen.i_fpnew_bulk/gen_operation_groups[3].i_opgroup_block/gen_merged_slice.i_multifmt_slice/gen_num_lanes[0].active_lane.lane_instance.i_fpnew_cast_multi/gen_inside_pipeline[0].mid_pipe_input_exp_q_reg[1][5]/CLR
  -------------------------------------------------------------------    -------------------

                         (clock clk_i rise edge)      0.000     0.000 r  
                                                      0.000     0.000 r  clk_i (IN)
                         net (fo=6832, unset)         0.924     0.924    ex_stage_i/fpu_gen.fpu_i/fpu_gen.i_fpnew_bulk/gen_operation_groups[3].i_opgroup_block/gen_merged_slice.i_multifmt_slice/gen_num_lanes[0].active_lane.lane_instance.i_fpnew_cast_multi/clk_i
    SLICE_X88Y32         FDCE                                         r  ex_stage_i/fpu_gen.fpu_i/fpu_gen.i_fpnew_bulk/gen_operation_groups[3].i_opgroup_block/gen_merged_slice.i_multifmt_slice/gen_num_lanes[0].active_lane.lane_instance.i_fpnew_cast_multi/gen_inside_pipeline[0].mid_pipe_input_exp_q_reg[1][5]/C





Min Delay Paths
--------------------------------------------------------------------------------------
Slack:                    inf
  Source:                 irq_i[0]
                            (input port)
  Destination:            csr_regfile_i/mip_q_reg[11]/D
                            (rising edge-triggered cell FDCE clocked by clk_i  {rise@0.000ns fall@12.500ns period=25.000ns})
  Path Group:             (none)
  Path Type:              Hold (Min at Fast Process Corner)
  Data Path Delay:        0.410ns  (logic 0.000ns (0.000%)  route 0.410ns (100.000%))
  Logic Levels:           0  
  Clock Path Skew:        0.432ns (DCD - SCD - CPR)
    Destination Clock Delay (DCD):    0.432ns
    Source Clock Delay      (SCD):    0.000ns
    Clock Pessimism Removal (CPR):    -0.000ns

    Location             Delay type                Incr(ns)  Path(ns)    Netlist Resource(s)
  -------------------------------------------------------------------    -------------------
                                                      0.000     0.000 r  irq_i[0] (IN)
                         net (fo=0)                   0.410     0.410    csr_regfile_i/irq_i[0]
    SLICE_X28Y24         FDCE                                         r  csr_regfile_i/mip_q_reg[11]/D
  -------------------------------------------------------------------    -------------------

                         (clock clk_i rise edge)      0.000     0.000 r  
                                                      0.000     0.000 r  clk_i (IN)
                         net (fo=6832, unset)         0.432     0.432    csr_regfile_i/clk_i
    SLICE_X28Y24         FDCE                                         r  csr_regfile_i/mip_q_reg[11]/C

Slack:                    inf
  Source:                 ipi_i
                            (input port)
  Destination:            csr_regfile_i/mip_q_reg[3]/D
                            (rising edge-triggered cell FDCE clocked by clk_i  {rise@0.000ns fall@12.500ns period=25.000ns})
  Path Group:             (none)
  Path Type:              Hold (Min at Fast Process Corner)
  Data Path Delay:        0.410ns  (logic 0.000ns (0.000%)  route 0.410ns (100.000%))
  Logic Levels:           0  
  Clock Path Skew:        0.432ns (DCD - SCD - CPR)
    Destination Clock Delay (DCD):    0.432ns
    Source Clock Delay      (SCD):    0.000ns
    Clock Pessimism Removal (CPR):    -0.000ns

    Location             Delay type                Incr(ns)  Path(ns)    Netlist Resource(s)
  -------------------------------------------------------------------    -------------------
                                                      0.000     0.000 r  ipi_i (IN)
                         net (fo=0)                   0.410     0.410    csr_regfile_i/mip_q_reg[7]_0[0]
    SLICE_X38Y24         FDCE                                         r  csr_regfile_i/mip_q_reg[3]/D
  -------------------------------------------------------------------    -------------------

                         (clock clk_i rise edge)      0.000     0.000 r  
                                                      0.000     0.000 r  clk_i (IN)
                         net (fo=6832, unset)         0.432     0.432    csr_regfile_i/clk_i
    SLICE_X38Y24         FDCE                                         r  csr_regfile_i/mip_q_reg[3]/C

Slack:                    inf
  Source:                 time_irq_i
                            (input port)
  Destination:            csr_regfile_i/mip_q_reg[7]/D
                            (rising edge-triggered cell FDCE clocked by clk_i  {rise@0.000ns fall@12.500ns period=25.000ns})
  Path Group:             (none)
  Path Type:              Hold (Min at Fast Process Corner)
  Data Path Delay:        0.410ns  (logic 0.000ns (0.000%)  route 0.410ns (100.000%))
  Logic Levels:           0  
  Clock Path Skew:        0.432ns (DCD - SCD - CPR)
    Destination Clock Delay (DCD):    0.432ns
    Source Clock Delay      (SCD):    0.000ns
    Clock Pessimism Removal (CPR):    -0.000ns

    Location             Delay type                Incr(ns)  Path(ns)    Netlist Resource(s)
  -------------------------------------------------------------------    -------------------
                                                      0.000     0.000 r  time_irq_i (IN)
                         net (fo=0)                   0.410     0.410    csr_regfile_i/mip_q_reg[7]_0[1]
    SLICE_X29Y18         FDCE                                         r  csr_regfile_i/mip_q_reg[7]/D
  -------------------------------------------------------------------    -------------------

                         (clock clk_i rise edge)      0.000     0.000 r  
                                                      0.000     0.000 r  clk_i (IN)
                         net (fo=6832, unset)         0.432     0.432    csr_regfile_i/clk_i
    SLICE_X29Y18         FDCE                                         r  csr_regfile_i/mip_q_reg[7]/C

Slack:                    inf
  Source:                 noc_resp_i[r][data][0]
                            (input port)
  Destination:            gen_cache_hpd.i_cache_subsystem/i_axi_arbiter/i_icache_hpdcache_data_upsize/buf_q_reg[0][0][0]/D
                            (rising edge-triggered cell FDCE clocked by clk_i  {rise@0.000ns fall@12.500ns period=25.000ns})
  Path Group:             (none)
  Path Type:              Hold (Min at Fast Process Corner)
  Data Path Delay:        0.410ns  (logic 0.000ns (0.000%)  route 0.410ns (100.000%))
  Logic Levels:           0  
  Clock Path Skew:        0.432ns (DCD - SCD - CPR)
    Destination Clock Delay (DCD):    0.432ns
    Source Clock Delay      (SCD):    0.000ns
    Clock Pessimism Removal (CPR):    -0.000ns

    Location             Delay type                Incr(ns)  Path(ns)    Netlist Resource(s)
  -------------------------------------------------------------------    -------------------
                                                      0.000     0.000 r  noc_resp_i[r][data][0] (IN)
                         net (fo=3, unset)            0.410     0.410    gen_cache_hpd.i_cache_subsystem/i_axi_arbiter/i_icache_hpdcache_data_upsize/noc_resp_i[r][data][0]
    SLICE_X8Y3           FDCE                                         r  gen_cache_hpd.i_cache_subsystem/i_axi_arbiter/i_icache_hpdcache_data_upsize/buf_q_reg[0][0][0]/D
  -------------------------------------------------------------------    -------------------

                         (clock clk_i rise edge)      0.000     0.000 r  
                                                      0.000     0.000 r  clk_i (IN)
                         net (fo=6832, unset)         0.432     0.432    gen_cache_hpd.i_cache_subsystem/i_axi_arbiter/i_icache_hpdcache_data_upsize/clk_i
    SLICE_X8Y3           FDCE                                         r  gen_cache_hpd.i_cache_subsystem/i_axi_arbiter/i_icache_hpdcache_data_upsize/buf_q_reg[0][0][0]/C

Slack:                    inf
  Source:                 noc_resp_i[r][data][10]
                            (input port)
  Destination:            gen_cache_hpd.i_cache_subsystem/i_axi_arbiter/i_icache_hpdcache_data_upsize/buf_q_reg[0][0][10]/D
                            (rising edge-triggered cell FDCE clocked by clk_i  {rise@0.000ns fall@12.500ns period=25.000ns})
  Path Group:             (none)
  Path Type:              Hold (Min at Fast Process Corner)
  Data Path Delay:        0.410ns  (logic 0.000ns (0.000%)  route 0.410ns (100.000%))
  Logic Levels:           0  
  Clock Path Skew:        0.432ns (DCD - SCD - CPR)
    Destination Clock Delay (DCD):    0.432ns
    Source Clock Delay      (SCD):    0.000ns
    Clock Pessimism Removal (CPR):    -0.000ns

    Location             Delay type                Incr(ns)  Path(ns)    Netlist Resource(s)
  -------------------------------------------------------------------    -------------------
                                                      0.000     0.000 r  noc_resp_i[r][data][10] (IN)
                         net (fo=3, unset)            0.410     0.410    gen_cache_hpd.i_cache_subsystem/i_axi_arbiter/i_icache_hpdcache_data_upsize/noc_resp_i[r][data][10]
    SLICE_X9Y3           FDCE                                         r  gen_cache_hpd.i_cache_subsystem/i_axi_arbiter/i_icache_hpdcache_data_upsize/buf_q_reg[0][0][10]/D
  -------------------------------------------------------------------    -------------------

                         (clock clk_i rise edge)      0.000     0.000 r  
                                                      0.000     0.000 r  clk_i (IN)
                         net (fo=6832, unset)         0.432     0.432    gen_cache_hpd.i_cache_subsystem/i_axi_arbiter/i_icache_hpdcache_data_upsize/clk_i
    SLICE_X9Y3           FDCE                                         r  gen_cache_hpd.i_cache_subsystem/i_axi_arbiter/i_icache_hpdcache_data_upsize/buf_q_reg[0][0][10]/C

Slack:                    inf
  Source:                 noc_resp_i[r][data][11]
                            (input port)
  Destination:            gen_cache_hpd.i_cache_subsystem/i_axi_arbiter/i_icache_hpdcache_data_upsize/buf_q_reg[0][0][11]/D
                            (rising edge-triggered cell FDCE clocked by clk_i  {rise@0.000ns fall@12.500ns period=25.000ns})
  Path Group:             (none)
  Path Type:              Hold (Min at Fast Process Corner)
  Data Path Delay:        0.410ns  (logic 0.000ns (0.000%)  route 0.410ns (100.000%))
  Logic Levels:           0  
  Clock Path Skew:        0.432ns (DCD - SCD - CPR)
    Destination Clock Delay (DCD):    0.432ns
    Source Clock Delay      (SCD):    0.000ns
    Clock Pessimism Removal (CPR):    -0.000ns

    Location             Delay type                Incr(ns)  Path(ns)    Netlist Resource(s)
  -------------------------------------------------------------------    -------------------
                                                      0.000     0.000 r  noc_resp_i[r][data][11] (IN)
                         net (fo=3, unset)            0.410     0.410    gen_cache_hpd.i_cache_subsystem/i_axi_arbiter/i_icache_hpdcache_data_upsize/noc_resp_i[r][data][11]
    SLICE_X10Y13         FDCE                                         r  gen_cache_hpd.i_cache_subsystem/i_axi_arbiter/i_icache_hpdcache_data_upsize/buf_q_reg[0][0][11]/D
  -------------------------------------------------------------------    -------------------

                         (clock clk_i rise edge)      0.000     0.000 r  
                                                      0.000     0.000 r  clk_i (IN)
                         net (fo=6832, unset)         0.432     0.432    gen_cache_hpd.i_cache_subsystem/i_axi_arbiter/i_icache_hpdcache_data_upsize/clk_i
    SLICE_X10Y13         FDCE                                         r  gen_cache_hpd.i_cache_subsystem/i_axi_arbiter/i_icache_hpdcache_data_upsize/buf_q_reg[0][0][11]/C

Slack:                    inf
  Source:                 noc_resp_i[r][data][12]
                            (input port)
  Destination:            gen_cache_hpd.i_cache_subsystem/i_axi_arbiter/i_icache_hpdcache_data_upsize/buf_q_reg[0][0][12]/D
                            (rising edge-triggered cell FDCE clocked by clk_i  {rise@0.000ns fall@12.500ns period=25.000ns})
  Path Group:             (none)
  Path Type:              Hold (Min at Fast Process Corner)
  Data Path Delay:        0.410ns  (logic 0.000ns (0.000%)  route 0.410ns (100.000%))
  Logic Levels:           0  
  Clock Path Skew:        0.432ns (DCD - SCD - CPR)
    Destination Clock Delay (DCD):    0.432ns
    Source Clock Delay      (SCD):    0.000ns
    Clock Pessimism Removal (CPR):    -0.000ns

    Location             Delay type                Incr(ns)  Path(ns)    Netlist Resource(s)
  -------------------------------------------------------------------    -------------------
                                                      0.000     0.000 r  noc_resp_i[r][data][12] (IN)
                         net (fo=3, unset)            0.410     0.410    gen_cache_hpd.i_cache_subsystem/i_axi_arbiter/i_icache_hpdcache_data_upsize/noc_resp_i[r][data][12]
    SLICE_X11Y4          FDCE                                         r  gen_cache_hpd.i_cache_subsystem/i_axi_arbiter/i_icache_hpdcache_data_upsize/buf_q_reg[0][0][12]/D
  -------------------------------------------------------------------    -------------------

                         (clock clk_i rise edge)      0.000     0.000 r  
                                                      0.000     0.000 r  clk_i (IN)
                         net (fo=6832, unset)         0.432     0.432    gen_cache_hpd.i_cache_subsystem/i_axi_arbiter/i_icache_hpdcache_data_upsize/clk_i
    SLICE_X11Y4          FDCE                                         r  gen_cache_hpd.i_cache_subsystem/i_axi_arbiter/i_icache_hpdcache_data_upsize/buf_q_reg[0][0][12]/C

Slack:                    inf
  Source:                 noc_resp_i[r][data][13]
                            (input port)
  Destination:            gen_cache_hpd.i_cache_subsystem/i_axi_arbiter/i_icache_hpdcache_data_upsize/buf_q_reg[0][0][13]/D
                            (rising edge-triggered cell FDCE clocked by clk_i  {rise@0.000ns fall@12.500ns period=25.000ns})
  Path Group:             (none)
  Path Type:              Hold (Min at Fast Process Corner)
  Data Path Delay:        0.410ns  (logic 0.000ns (0.000%)  route 0.410ns (100.000%))
  Logic Levels:           0  
  Clock Path Skew:        0.432ns (DCD - SCD - CPR)
    Destination Clock Delay (DCD):    0.432ns
    Source Clock Delay      (SCD):    0.000ns
    Clock Pessimism Removal (CPR):    -0.000ns

    Location             Delay type                Incr(ns)  Path(ns)    Netlist Resource(s)
  -------------------------------------------------------------------    -------------------
                                                      0.000     0.000 r  noc_resp_i[r][data][13] (IN)
                         net (fo=3, unset)            0.410     0.410    gen_cache_hpd.i_cache_subsystem/i_axi_arbiter/i_icache_hpdcache_data_upsize/noc_resp_i[r][data][13]
    SLICE_X9Y4           FDCE                                         r  gen_cache_hpd.i_cache_subsystem/i_axi_arbiter/i_icache_hpdcache_data_upsize/buf_q_reg[0][0][13]/D
  -------------------------------------------------------------------    -------------------

                         (clock clk_i rise edge)      0.000     0.000 r  
                                                      0.000     0.000 r  clk_i (IN)
                         net (fo=6832, unset)         0.432     0.432    gen_cache_hpd.i_cache_subsystem/i_axi_arbiter/i_icache_hpdcache_data_upsize/clk_i
    SLICE_X9Y4           FDCE                                         r  gen_cache_hpd.i_cache_subsystem/i_axi_arbiter/i_icache_hpdcache_data_upsize/buf_q_reg[0][0][13]/C

Slack:                    inf
  Source:                 noc_resp_i[r][data][14]
                            (input port)
  Destination:            gen_cache_hpd.i_cache_subsystem/i_axi_arbiter/i_icache_hpdcache_data_upsize/buf_q_reg[0][0][14]/D
                            (rising edge-triggered cell FDCE clocked by clk_i  {rise@0.000ns fall@12.500ns period=25.000ns})
  Path Group:             (none)
  Path Type:              Hold (Min at Fast Process Corner)
  Data Path Delay:        0.410ns  (logic 0.000ns (0.000%)  route 0.410ns (100.000%))
  Logic Levels:           0  
  Clock Path Skew:        0.432ns (DCD - SCD - CPR)
    Destination Clock Delay (DCD):    0.432ns
    Source Clock Delay      (SCD):    0.000ns
    Clock Pessimism Removal (CPR):    -0.000ns

    Location             Delay type                Incr(ns)  Path(ns)    Netlist Resource(s)
  -------------------------------------------------------------------    -------------------
                                                      0.000     0.000 r  noc_resp_i[r][data][14] (IN)
                         net (fo=3, unset)            0.410     0.410    gen_cache_hpd.i_cache_subsystem/i_axi_arbiter/i_icache_hpdcache_data_upsize/noc_resp_i[r][data][14]
    SLICE_X11Y12         FDCE                                         r  gen_cache_hpd.i_cache_subsystem/i_axi_arbiter/i_icache_hpdcache_data_upsize/buf_q_reg[0][0][14]/D
  -------------------------------------------------------------------    -------------------

                         (clock clk_i rise edge)      0.000     0.000 r  
                                                      0.000     0.000 r  clk_i (IN)
                         net (fo=6832, unset)         0.432     0.432    gen_cache_hpd.i_cache_subsystem/i_axi_arbiter/i_icache_hpdcache_data_upsize/clk_i
    SLICE_X11Y12         FDCE                                         r  gen_cache_hpd.i_cache_subsystem/i_axi_arbiter/i_icache_hpdcache_data_upsize/buf_q_reg[0][0][14]/C

Slack:                    inf
  Source:                 noc_resp_i[r][data][15]
                            (input port)
  Destination:            gen_cache_hpd.i_cache_subsystem/i_axi_arbiter/i_icache_hpdcache_data_upsize/buf_q_reg[0][0][15]/D
                            (rising edge-triggered cell FDCE clocked by clk_i  {rise@0.000ns fall@12.500ns period=25.000ns})
  Path Group:             (none)
  Path Type:              Hold (Min at Fast Process Corner)
  Data Path Delay:        0.410ns  (logic 0.000ns (0.000%)  route 0.410ns (100.000%))
  Logic Levels:           0  
  Clock Path Skew:        0.432ns (DCD - SCD - CPR)
    Destination Clock Delay (DCD):    0.432ns
    Source Clock Delay      (SCD):    0.000ns
    Clock Pessimism Removal (CPR):    -0.000ns

    Location             Delay type                Incr(ns)  Path(ns)    Netlist Resource(s)
  -------------------------------------------------------------------    -------------------
                                                      0.000     0.000 r  noc_resp_i[r][data][15] (IN)
                         net (fo=3, unset)            0.410     0.410    gen_cache_hpd.i_cache_subsystem/i_axi_arbiter/i_icache_hpdcache_data_upsize/noc_resp_i[r][data][15]
    SLICE_X8Y10          FDCE                                         r  gen_cache_hpd.i_cache_subsystem/i_axi_arbiter/i_icache_hpdcache_data_upsize/buf_q_reg[0][0][15]/D
  -------------------------------------------------------------------    -------------------

                         (clock clk_i rise edge)      0.000     0.000 r  
                                                      0.000     0.000 r  clk_i (IN)
                         net (fo=6832, unset)         0.432     0.432    gen_cache_hpd.i_cache_subsystem/i_axi_arbiter/i_icache_hpdcache_data_upsize/clk_i
    SLICE_X8Y10          FDCE                                         r  gen_cache_hpd.i_cache_subsystem/i_axi_arbiter/i_icache_hpdcache_data_upsize/buf_q_reg[0][0][15]/C





