Copyright 1986-2022 Xilinx, Inc. All Rights Reserved. Copyright 2022-2025 Advanced Micro Devices, Inc. All Rights Reserved.
--------------------------------------------------------------------------------------------------------------------------------------------------
| Tool Version : Vivado v.2025.2 (lin64) Build 6299465 Fri Nov 14 12:34:56 MST 2025
| Date         : Thu Jul  2 13:48:19 2026
| Host         : rayan-HP-ProBook-445-G8-Notebook-PC running 64-bit Ubuntu 24.04.1 LTS
| Command      : report_methodology -file cva6_methodology_drc_routed.rpt -pb cva6_methodology_drc_routed.pb -rpx cva6_methodology_drc_routed.rpx
| Design       : cva6
| Device       : xc7z020clg400-1
| Speed File   : -1
| Design State : Fully Routed
--------------------------------------------------------------------------------------------------------------------------------------------------

Report Methodology

Table of Contents
-----------------
1. REPORT SUMMARY
2. REPORT DETAILS

1. REPORT SUMMARY
-----------------
            Netlist: netlist
          Floorplan: checkpoint_cva6
      Design limits: <entire design considered>
             Max checks: <unlimited>
             Checks found: 1020
+-----------+----------+--------------------------------------------+--------+
| Rule      | Severity | Description                                | Checks |
+-----------+----------+--------------------------------------------+--------+
| SYNTH-6   | Warning  | Timing of a RAM block might be sub-optimal | 15     |
| SYNTH-10  | Warning  | Wide multiplier                            | 4      |
| TIMING-18 | Warning  | Missing input or output delay              | 1000   |
| TIMING-23 | Warning  | Combinational loop found                   | 1      |
+-----------+----------+--------------------------------------------+--------+

2. REPORT DETAILS
-----------------
SYNTH-6#1 Warning
Timing of a RAM block might be sub-optimal  
The timing for the instance gen_cache_hpd.i_cache_subsystem/i_cva6_icache/gen_sram[0].data_sram/data_sram/gen_cut[0].i_tc_sram_wrapper/i_ram/Mem_DP_reg, implemented as a RAM block, might be sub-optimal as no output register was merged into the block.
Related violations: <none>

SYNTH-6#2 Warning
Timing of a RAM block might be sub-optimal  
The timing for the instance gen_cache_hpd.i_cache_subsystem/i_cva6_icache/gen_sram[0].data_sram/data_sram/gen_cut[1].i_tc_sram_wrapper/i_ram/Mem_DP_reg, implemented as a RAM block, might be sub-optimal as no output register was merged into the block.
Related violations: <none>

SYNTH-6#3 Warning
Timing of a RAM block might be sub-optimal  
The timing for the instance gen_cache_hpd.i_cache_subsystem/i_cva6_icache/gen_sram[0].tag_sram/data_sram/gen_cut[0].i_tc_sram_wrapper/i_ram/Mem_DP_reg, implemented as a RAM block, might be sub-optimal as no output register was merged into the block.
Related violations: <none>

SYNTH-6#4 Warning
Timing of a RAM block might be sub-optimal  
The timing for the instance gen_cache_hpd.i_cache_subsystem/i_cva6_icache/gen_sram[1].data_sram/data_sram/gen_cut[0].i_tc_sram_wrapper/i_ram/Mem_DP_reg, implemented as a RAM block, might be sub-optimal as no output register was merged into the block.
Related violations: <none>

SYNTH-6#5 Warning
Timing of a RAM block might be sub-optimal  
The timing for the instance gen_cache_hpd.i_cache_subsystem/i_cva6_icache/gen_sram[1].data_sram/data_sram/gen_cut[1].i_tc_sram_wrapper/i_ram/Mem_DP_reg, implemented as a RAM block, might be sub-optimal as no output register was merged into the block.
Related violations: <none>

SYNTH-6#6 Warning
Timing of a RAM block might be sub-optimal  
The timing for the instance gen_cache_hpd.i_cache_subsystem/i_cva6_icache/gen_sram[1].tag_sram/data_sram/gen_cut[0].i_tc_sram_wrapper/i_ram/Mem_DP_reg, implemented as a RAM block, might be sub-optimal as no output register was merged into the block.
Related violations: <none>

SYNTH-6#7 Warning
Timing of a RAM block might be sub-optimal  
The timing for the instance gen_cache_hpd.i_cache_subsystem/i_dcache/i_hpdcache/hpdcache_ctrl_i/hpdcache_memctrl_i/gen_data_sram_row[0].gen_data_sram_col[0].gen_data_sram_wbyteenable.data_sram/ram_i/mem_reg_0, implemented as a RAM block, might be sub-optimal as no output register was merged into the block.
Related violations: <none>

SYNTH-6#8 Warning
Timing of a RAM block might be sub-optimal  
The timing for the instance gen_cache_hpd.i_cache_subsystem/i_dcache/i_hpdcache/hpdcache_ctrl_i/hpdcache_memctrl_i/gen_data_sram_row[0].gen_data_sram_col[0].gen_data_sram_wbyteenable.data_sram/ram_i/mem_reg_1, implemented as a RAM block, might be sub-optimal as no output register was merged into the block.
Related violations: <none>

SYNTH-6#9 Warning
Timing of a RAM block might be sub-optimal  
The timing for the instance gen_cache_hpd.i_cache_subsystem/i_dcache/i_hpdcache/hpdcache_ctrl_i/hpdcache_memctrl_i/gen_data_sram_row[0].gen_data_sram_col[1].gen_data_sram_wbyteenable.data_sram/ram_i/mem_reg_0, implemented as a RAM block, might be sub-optimal as no output register was merged into the block.
Related violations: <none>

SYNTH-6#10 Warning
Timing of a RAM block might be sub-optimal  
The timing for the instance gen_cache_hpd.i_cache_subsystem/i_dcache/i_hpdcache/hpdcache_ctrl_i/hpdcache_memctrl_i/gen_data_sram_row[0].gen_data_sram_col[1].gen_data_sram_wbyteenable.data_sram/ram_i/mem_reg_1, implemented as a RAM block, might be sub-optimal as no output register was merged into the block.
Related violations: <none>

SYNTH-6#11 Warning
Timing of a RAM block might be sub-optimal  
The timing for the instance gen_cache_hpd.i_cache_subsystem/i_dcache/i_hpdcache/hpdcache_ctrl_i/hpdcache_memctrl_i/gen_dir_sram[0].dir_sram/ram_i/mem_reg, implemented as a RAM block, might be sub-optimal as no output register was merged into the block.
Related violations: <none>

SYNTH-6#12 Warning
Timing of a RAM block might be sub-optimal  
The timing for the instance gen_cache_hpd.i_cache_subsystem/i_dcache/i_hpdcache/hpdcache_ctrl_i/hpdcache_memctrl_i/gen_dir_sram[1].dir_sram/ram_i/mem_reg, implemented as a RAM block, might be sub-optimal as no output register was merged into the block.
Related violations: <none>

SYNTH-6#13 Warning
Timing of a RAM block might be sub-optimal  
The timing for the instance gen_cache_hpd.i_cache_subsystem/i_dcache/i_hpdcache/hpdcache_ctrl_i/hpdcache_memctrl_i/gen_dir_sram[2].dir_sram/ram_i/mem_reg, implemented as a RAM block, might be sub-optimal as no output register was merged into the block.
Related violations: <none>

SYNTH-6#14 Warning
Timing of a RAM block might be sub-optimal  
The timing for the instance gen_cache_hpd.i_cache_subsystem/i_dcache/i_hpdcache/hpdcache_ctrl_i/hpdcache_memctrl_i/gen_dir_sram[3].dir_sram/ram_i/mem_reg, implemented as a RAM block, might be sub-optimal as no output register was merged into the block.
Related violations: <none>

SYNTH-6#15 Warning
Timing of a RAM block might be sub-optimal  
The timing for the instance i_frontend/btb_gen.i_btb/gen_fpga_btb.gen_btb_ram[0].i_btb_ram/Mem_DP_reg, implemented as a RAM block, might be sub-optimal as no output register was merged into the block.
Related violations: <none>

SYNTH-10#1 Warning
Wide multiplier  
Detected multiplier at ex_stage_i/i_mult/i_multiplier/mult_result_d of size 16x18, it is decomposed from a wide multipler into 4 DSP blocks.
Related violations: <none>

SYNTH-10#2 Warning
Wide multiplier  
Detected multiplier at ex_stage_i/i_mult/i_multiplier/mult_result_d__0 of size 16x16, it is decomposed from a wide multipler into 4 DSP blocks.
Related violations: <none>

SYNTH-10#3 Warning
Wide multiplier  
Detected multiplier at ex_stage_i/i_mult/i_multiplier/mult_result_d__1 of size 18x18, it is decomposed from a wide multipler into 4 DSP blocks.
Related violations: <none>

SYNTH-10#4 Warning
Wide multiplier  
Detected multiplier at ex_stage_i/i_mult/i_multiplier/mult_result_d__2 of size 18x16, it is decomposed from a wide multipler into 4 DSP blocks.
Related violations: <none>

TIMING-18#1 Warning
Missing input or output delay  
An input delay is missing on boot_addr_i[0] relative to the rising and/or falling clock edge(s) of clk_i.
Related violations: <none>

TIMING-18#2 Warning
Missing input or output delay  
An input delay is missing on boot_addr_i[10] relative to the rising and/or falling clock edge(s) of clk_i.
Related violations: <none>

TIMING-18#3 Warning
Missing input or output delay  
An input delay is missing on boot_addr_i[11] relative to the rising and/or falling clock edge(s) of clk_i.
Related violations: <none>

TIMING-18#4 Warning
Missing input or output delay  
An input delay is missing on boot_addr_i[12] relative to the rising and/or falling clock edge(s) of clk_i.
Related violations: <none>

TIMING-18#5 Warning
Missing input or output delay  
An input delay is missing on boot_addr_i[13] relative to the rising and/or falling clock edge(s) of clk_i.
Related violations: <none>

TIMING-18#6 Warning
Missing input or output delay  
An input delay is missing on boot_addr_i[14] relative to the rising and/or falling clock edge(s) of clk_i.
Related violations: <none>

TIMING-18#7 Warning
Missing input or output delay  
An input delay is missing on boot_addr_i[15] relative to the rising and/or falling clock edge(s) of clk_i.
Related violations: <none>

TIMING-18#8 Warning
Missing input or output delay  
An input delay is missing on boot_addr_i[16] relative to the rising and/or falling clock edge(s) of clk_i.
Related violations: <none>

TIMING-18#9 Warning
Missing input or output delay  
An input delay is missing on boot_addr_i[17] relative to the rising and/or falling clock edge(s) of clk_i.
Related violations: <none>

TIMING-18#10 Warning
Missing input or output delay  
An input delay is missing on boot_addr_i[18] relative to the rising and/or falling clock edge(s) of clk_i.
Related violations: <none>

TIMING-18#11 Warning
Missing input or output delay  
An input delay is missing on boot_addr_i[19] relative to the rising and/or falling clock edge(s) of clk_i.
Related violations: <none>

TIMING-18#12 Warning
Missing input or output delay  
An input delay is missing on boot_addr_i[1] relative to the rising and/or falling clock edge(s) of clk_i.
Related violations: <none>

TIMING-18#13 Warning
Missing input or output delay  
An input delay is missing on boot_addr_i[20] relative to the rising and/or falling clock edge(s) of clk_i.
Related violations: <none>

TIMING-18#14 Warning
Missing input or output delay  
An input delay is missing on boot_addr_i[21] relative to the rising and/or falling clock edge(s) of clk_i.
Related violations: <none>

TIMING-18#15 Warning
Missing input or output delay  
An input delay is missing on boot_addr_i[22] relative to the rising and/or falling clock edge(s) of clk_i.
Related violations: <none>

TIMING-18#16 Warning
Missing input or output delay  
An input delay is missing on boot_addr_i[23] relative to the rising and/or falling clock edge(s) of clk_i.
Related violations: <none>

TIMING-18#17 Warning
Missing input or output delay  
An input delay is missing on boot_addr_i[24] relative to the rising and/or falling clock edge(s) of clk_i.
Related violations: <none>

TIMING-18#18 Warning
Missing input or output delay  
An input delay is missing on boot_addr_i[25] relative to the rising and/or falling clock edge(s) of clk_i.
Related violations: <none>

TIMING-18#19 Warning
Missing input or output delay  
An input delay is missing on boot_addr_i[26] relative to the rising and/or falling clock edge(s) of clk_i.
Related violations: <none>

TIMING-18#20 Warning
Missing input or output delay  
An input delay is missing on boot_addr_i[27] relative to the rising and/or falling clock edge(s) of clk_i.
Related violations: <none>

TIMING-18#21 Warning
Missing input or output delay  
An input delay is missing on boot_addr_i[28] relative to the rising and/or falling clock edge(s) of clk_i.
Related violations: <none>

TIMING-18#22 Warning
Missing input or output delay  
An input delay is missing on boot_addr_i[29] relative to the rising and/or falling clock edge(s) of clk_i.
Related violations: <none>

TIMING-18#23 Warning
Missing input or output delay  
An input delay is missing on boot_addr_i[2] relative to the rising and/or falling clock edge(s) of clk_i.
Related violations: <none>

TIMING-18#24 Warning
Missing input or output delay  
An input delay is missing on boot_addr_i[30] relative to the rising and/or falling clock edge(s) of clk_i.
Related violations: <none>

TIMING-18#25 Warning
Missing input or output delay  
An input delay is missing on boot_addr_i[31] relative to the rising and/or falling clock edge(s) of clk_i.
Related violations: <none>

TIMING-18#26 Warning
Missing input or output delay  
An input delay is missing on boot_addr_i[3] relative to the rising and/or falling clock edge(s) of clk_i.
Related violations: <none>

TIMING-18#27 Warning
Missing input or output delay  
An input delay is missing on boot_addr_i[4] relative to the rising and/or falling clock edge(s) of clk_i.
Related violations: <none>

TIMING-18#28 Warning
Missing input or output delay  
An input delay is missing on boot_addr_i[5] relative to the rising and/or falling clock edge(s) of clk_i.
Related violations: <none>

TIMING-18#29 Warning
Missing input or output delay  
An input delay is missing on boot_addr_i[6] relative to the rising and/or falling clock edge(s) of clk_i.
Related violations: <none>

TIMING-18#30 Warning
Missing input or output delay  
An input delay is missing on boot_addr_i[7] relative to the rising and/or falling clock edge(s) of clk_i.
Related violations: <none>

TIMING-18#31 Warning
Missing input or output delay  
An input delay is missing on boot_addr_i[8] relative to the rising and/or falling clock edge(s) of clk_i.
Related violations: <none>

TIMING-18#32 Warning
Missing input or output delay  
An input delay is missing on boot_addr_i[9] relative to the rising and/or falling clock edge(s) of clk_i.
Related violations: <none>

TIMING-18#33 Warning
Missing input or output delay  
An input delay is missing on debug_req_i relative to the rising and/or falling clock edge(s) of clk_i.
Related violations: <none>

TIMING-18#34 Warning
Missing input or output delay  
An input delay is missing on hart_id_i[0] relative to the rising and/or falling clock edge(s) of clk_i.
Related violations: <none>

TIMING-18#35 Warning
Missing input or output delay  
An input delay is missing on hart_id_i[10] relative to the rising and/or falling clock edge(s) of clk_i.
Related violations: <none>

TIMING-18#36 Warning
Missing input or output delay  
An input delay is missing on hart_id_i[11] relative to the rising and/or falling clock edge(s) of clk_i.
Related violations: <none>

TIMING-18#37 Warning
Missing input or output delay  
An input delay is missing on hart_id_i[12] relative to the rising and/or falling clock edge(s) of clk_i.
Related violations: <none>

TIMING-18#38 Warning
Missing input or output delay  
An input delay is missing on hart_id_i[13] relative to the rising and/or falling clock edge(s) of clk_i.
Related violations: <none>

TIMING-18#39 Warning
Missing input or output delay  
An input delay is missing on hart_id_i[14] relative to the rising and/or falling clock edge(s) of clk_i.
Related violations: <none>

TIMING-18#40 Warning
Missing input or output delay  
An input delay is missing on hart_id_i[15] relative to the rising and/or falling clock edge(s) of clk_i.
Related violations: <none>

TIMING-18#41 Warning
Missing input or output delay  
An input delay is missing on hart_id_i[16] relative to the rising and/or falling clock edge(s) of clk_i.
Related violations: <none>

TIMING-18#42 Warning
Missing input or output delay  
An input delay is missing on hart_id_i[17] relative to the rising and/or falling clock edge(s) of clk_i.
Related violations: <none>

TIMING-18#43 Warning
Missing input or output delay  
An input delay is missing on hart_id_i[18] relative to the rising and/or falling clock edge(s) of clk_i.
Related violations: <none>

TIMING-18#44 Warning
Missing input or output delay  
An input delay is missing on hart_id_i[19] relative to the rising and/or falling clock edge(s) of clk_i.
Related violations: <none>

TIMING-18#45 Warning
Missing input or output delay  
An input delay is missing on hart_id_i[1] relative to the rising and/or falling clock edge(s) of clk_i.
Related violations: <none>

TIMING-18#46 Warning
Missing input or output delay  
An input delay is missing on hart_id_i[20] relative to the rising and/or falling clock edge(s) of clk_i.
Related violations: <none>

TIMING-18#47 Warning
Missing input or output delay  
An input delay is missing on hart_id_i[21] relative to the rising and/or falling clock edge(s) of clk_i.
Related violations: <none>

TIMING-18#48 Warning
Missing input or output delay  
An input delay is missing on hart_id_i[22] relative to the rising and/or falling clock edge(s) of clk_i.
Related violations: <none>

TIMING-18#49 Warning
Missing input or output delay  
An input delay is missing on hart_id_i[23] relative to the rising and/or falling clock edge(s) of clk_i.
Related violations: <none>

TIMING-18#50 Warning
Missing input or output delay  
An input delay is missing on hart_id_i[24] relative to the rising and/or falling clock edge(s) of clk_i.
Related violations: <none>

TIMING-18#51 Warning
Missing input or output delay  
An input delay is missing on hart_id_i[25] relative to the rising and/or falling clock edge(s) of clk_i.
Related violations: <none>

TIMING-18#52 Warning
Missing input or output delay  
An input delay is missing on hart_id_i[26] relative to the rising and/or falling clock edge(s) of clk_i.
Related violations: <none>

TIMING-18#53 Warning
Missing input or output delay  
An input delay is missing on hart_id_i[27] relative to the rising and/or falling clock edge(s) of clk_i.
Related violations: <none>

TIMING-18#54 Warning
Missing input or output delay  
An input delay is missing on hart_id_i[28] relative to the rising and/or falling clock edge(s) of clk_i.
Related violations: <none>

TIMING-18#55 Warning
Missing input or output delay  
An input delay is missing on hart_id_i[29] relative to the rising and/or falling clock edge(s) of clk_i.
Related violations: <none>

TIMING-18#56 Warning
Missing input or output delay  
An input delay is missing on hart_id_i[2] relative to the rising and/or falling clock edge(s) of clk_i.
Related violations: <none>

TIMING-18#57 Warning
Missing input or output delay  
An input delay is missing on hart_id_i[30] relative to the rising and/or falling clock edge(s) of clk_i.
Related violations: <none>

TIMING-18#58 Warning
Missing input or output delay  
An input delay is missing on hart_id_i[31] relative to the rising and/or falling clock edge(s) of clk_i.
Related violations: <none>

TIMING-18#59 Warning
Missing input or output delay  
An input delay is missing on hart_id_i[3] relative to the rising and/or falling clock edge(s) of clk_i.
Related violations: <none>

TIMING-18#60 Warning
Missing input or output delay  
An input delay is missing on hart_id_i[4] relative to the rising and/or falling clock edge(s) of clk_i.
Related violations: <none>

TIMING-18#61 Warning
Missing input or output delay  
An input delay is missing on hart_id_i[5] relative to the rising and/or falling clock edge(s) of clk_i.
Related violations: <none>

TIMING-18#62 Warning
Missing input or output delay  
An input delay is missing on hart_id_i[6] relative to the rising and/or falling clock edge(s) of clk_i.
Related violations: <none>

TIMING-18#63 Warning
Missing input or output delay  
An input delay is missing on hart_id_i[7] relative to the rising and/or falling clock edge(s) of clk_i.
Related violations: <none>

TIMING-18#64 Warning
Missing input or output delay  
An input delay is missing on hart_id_i[8] relative to the rising and/or falling clock edge(s) of clk_i.
Related violations: <none>

TIMING-18#65 Warning
Missing input or output delay  
An input delay is missing on hart_id_i[9] relative to the rising and/or falling clock edge(s) of clk_i.
Related violations: <none>

TIMING-18#66 Warning
Missing input or output delay  
An input delay is missing on ipi_i relative to the rising and/or falling clock edge(s) of clk_i.
Related violations: <none>

TIMING-18#67 Warning
Missing input or output delay  
An input delay is missing on irq_i[0] relative to the rising and/or falling clock edge(s) of clk_i.
Related violations: <none>

TIMING-18#68 Warning
Missing input or output delay  
An input delay is missing on irq_i[1] relative to the rising and/or falling clock edge(s) of clk_i.
Related violations: <none>

TIMING-18#69 Warning
Missing input or output delay  
An input delay is missing on noc_resp_i[ar_ready] relative to the rising and/or falling clock edge(s) of clk_i.
Related violations: <none>

TIMING-18#70 Warning
Missing input or output delay  
An input delay is missing on noc_resp_i[aw_ready] relative to the rising and/or falling clock edge(s) of clk_i.
Related violations: <none>

TIMING-18#71 Warning
Missing input or output delay  
An input delay is missing on noc_resp_i[b][id][0] relative to the rising and/or falling clock edge(s) of clk_i.
Related violations: <none>

TIMING-18#72 Warning
Missing input or output delay  
An input delay is missing on noc_resp_i[b][id][1] relative to the rising and/or falling clock edge(s) of clk_i.
Related violations: <none>

TIMING-18#73 Warning
Missing input or output delay  
An input delay is missing on noc_resp_i[b][id][2] relative to the rising and/or falling clock edge(s) of clk_i.
Related violations: <none>

TIMING-18#74 Warning
Missing input or output delay  
An input delay is missing on noc_resp_i[b][id][3] relative to the rising and/or falling clock edge(s) of clk_i.
Related violations: <none>

TIMING-18#75 Warning
Missing input or output delay  
An input delay is missing on noc_resp_i[b][resp][0] relative to the rising and/or falling clock edge(s) of clk_i.
Related violations: <none>

TIMING-18#76 Warning
Missing input or output delay  
An input delay is missing on noc_resp_i[b][resp][1] relative to the rising and/or falling clock edge(s) of clk_i.
Related violations: <none>

TIMING-18#77 Warning
Missing input or output delay  
An input delay is missing on noc_resp_i[b_valid] relative to the rising and/or falling clock edge(s) of clk_i.
Related violations: <none>

TIMING-18#78 Warning
Missing input or output delay  
An input delay is missing on noc_resp_i[r][data][0] relative to the rising and/or falling clock edge(s) of clk_i.
Related violations: <none>

TIMING-18#79 Warning
Missing input or output delay  
An input delay is missing on noc_resp_i[r][data][10] relative to the rising and/or falling clock edge(s) of clk_i.
Related violations: <none>

TIMING-18#80 Warning
Missing input or output delay  
An input delay is missing on noc_resp_i[r][data][11] relative to the rising and/or falling clock edge(s) of clk_i.
Related violations: <none>

TIMING-18#81 Warning
Missing input or output delay  
An input delay is missing on noc_resp_i[r][data][12] relative to the rising and/or falling clock edge(s) of clk_i.
Related violations: <none>

TIMING-18#82 Warning
Missing input or output delay  
An input delay is missing on noc_resp_i[r][data][13] relative to the rising and/or falling clock edge(s) of clk_i.
Related violations: <none>

TIMING-18#83 Warning
Missing input or output delay  
An input delay is missing on noc_resp_i[r][data][14] relative to the rising and/or falling clock edge(s) of clk_i.
Related violations: <none>

TIMING-18#84 Warning
Missing input or output delay  
An input delay is missing on noc_resp_i[r][data][15] relative to the rising and/or falling clock edge(s) of clk_i.
Related violations: <none>

TIMING-18#85 Warning
Missing input or output delay  
An input delay is missing on noc_resp_i[r][data][16] relative to the rising and/or falling clock edge(s) of clk_i.
Related violations: <none>

TIMING-18#86 Warning
Missing input or output delay  
An input delay is missing on noc_resp_i[r][data][17] relative to the rising and/or falling clock edge(s) of clk_i.
Related violations: <none>

TIMING-18#87 Warning
Missing input or output delay  
An input delay is missing on noc_resp_i[r][data][18] relative to the rising and/or falling clock edge(s) of clk_i.
Related violations: <none>

TIMING-18#88 Warning
Missing input or output delay  
An input delay is missing on noc_resp_i[r][data][19] relative to the rising and/or falling clock edge(s) of clk_i.
Related violations: <none>

TIMING-18#89 Warning
Missing input or output delay  
An input delay is missing on noc_resp_i[r][data][1] relative to the rising and/or falling clock edge(s) of clk_i.
Related violations: <none>

TIMING-18#90 Warning
Missing input or output delay  
An input delay is missing on noc_resp_i[r][data][20] relative to the rising and/or falling clock edge(s) of clk_i.
Related violations: <none>

TIMING-18#91 Warning
Missing input or output delay  
An input delay is missing on noc_resp_i[r][data][21] relative to the rising and/or falling clock edge(s) of clk_i.
Related violations: <none>

TIMING-18#92 Warning
Missing input or output delay  
An input delay is missing on noc_resp_i[r][data][22] relative to the rising and/or falling clock edge(s) of clk_i.
Related violations: <none>

TIMING-18#93 Warning
Missing input or output delay  
An input delay is missing on noc_resp_i[r][data][23] relative to the rising and/or falling clock edge(s) of clk_i.
Related violations: <none>

TIMING-18#94 Warning
Missing input or output delay  
An input delay is missing on noc_resp_i[r][data][24] relative to the rising and/or falling clock edge(s) of clk_i.
Related violations: <none>

TIMING-18#95 Warning
Missing input or output delay  
An input delay is missing on noc_resp_i[r][data][25] relative to the rising and/or falling clock edge(s) of clk_i.
Related violations: <none>

TIMING-18#96 Warning
Missing input or output delay  
An input delay is missing on noc_resp_i[r][data][26] relative to the rising and/or falling clock edge(s) of clk_i.
Related violations: <none>

TIMING-18#97 Warning
Missing input or output delay  
An input delay is missing on noc_resp_i[r][data][27] relative to the rising and/or falling clock edge(s) of clk_i.
Related violations: <none>

TIMING-18#98 Warning
Missing input or output delay  
An input delay is missing on noc_resp_i[r][data][28] relative to the rising and/or falling clock edge(s) of clk_i.
Related violations: <none>

TIMING-18#99 Warning
Missing input or output delay  
An input delay is missing on noc_resp_i[r][data][29] relative to the rising and/or falling clock edge(s) of clk_i.
Related violations: <none>

TIMING-18#100 Warning
Missing input or output delay  
An input delay is missing on noc_resp_i[r][data][2] relative to the rising and/or falling clock edge(s) of clk_i.
Related violations: <none>

TIMING-18#101 Warning
Missing input or output delay  
An input delay is missing on noc_resp_i[r][data][30] relative to the rising and/or falling clock edge(s) of clk_i.
Related violations: <none>

TIMING-18#102 Warning
Missing input or output delay  
An input delay is missing on noc_resp_i[r][data][31] relative to the rising and/or falling clock edge(s) of clk_i.
Related violations: <none>

TIMING-18#103 Warning
Missing input or output delay  
An input delay is missing on noc_resp_i[r][data][32] relative to the rising and/or falling clock edge(s) of clk_i.
Related violations: <none>

TIMING-18#104 Warning
Missing input or output delay  
An input delay is missing on noc_resp_i[r][data][33] relative to the rising and/or falling clock edge(s) of clk_i.
Related violations: <none>

TIMING-18#105 Warning
Missing input or output delay  
An input delay is missing on noc_resp_i[r][data][34] relative to the rising and/or falling clock edge(s) of clk_i.
Related violations: <none>

TIMING-18#106 Warning
Missing input or output delay  
An input delay is missing on noc_resp_i[r][data][35] relative to the rising and/or falling clock edge(s) of clk_i.
Related violations: <none>

TIMING-18#107 Warning
Missing input or output delay  
An input delay is missing on noc_resp_i[r][data][36] relative to the rising and/or falling clock edge(s) of clk_i.
Related violations: <none>

TIMING-18#108 Warning
Missing input or output delay  
An input delay is missing on noc_resp_i[r][data][37] relative to the rising and/or falling clock edge(s) of clk_i.
Related violations: <none>

TIMING-18#109 Warning
Missing input or output delay  
An input delay is missing on noc_resp_i[r][data][38] relative to the rising and/or falling clock edge(s) of clk_i.
Related violations: <none>

TIMING-18#110 Warning
Missing input or output delay  
An input delay is missing on noc_resp_i[r][data][39] relative to the rising and/or falling clock edge(s) of clk_i.
Related violations: <none>

TIMING-18#111 Warning
Missing input or output delay  
An input delay is missing on noc_resp_i[r][data][3] relative to the rising and/or falling clock edge(s) of clk_i.
Related violations: <none>

TIMING-18#112 Warning
Missing input or output delay  
An input delay is missing on noc_resp_i[r][data][40] relative to the rising and/or falling clock edge(s) of clk_i.
Related violations: <none>

TIMING-18#113 Warning
Missing input or output delay  
An input delay is missing on noc_resp_i[r][data][41] relative to the rising and/or falling clock edge(s) of clk_i.
Related violations: <none>

TIMING-18#114 Warning
Missing input or output delay  
An input delay is missing on noc_resp_i[r][data][42] relative to the rising and/or falling clock edge(s) of clk_i.
Related violations: <none>

TIMING-18#115 Warning
Missing input or output delay  
An input delay is missing on noc_resp_i[r][data][43] relative to the rising and/or falling clock edge(s) of clk_i.
Related violations: <none>

TIMING-18#116 Warning
Missing input or output delay  
An input delay is missing on noc_resp_i[r][data][44] relative to the rising and/or falling clock edge(s) of clk_i.
Related violations: <none>

TIMING-18#117 Warning
Missing input or output delay  
An input delay is missing on noc_resp_i[r][data][45] relative to the rising and/or falling clock edge(s) of clk_i.
Related violations: <none>

TIMING-18#118 Warning
Missing input or output delay  
An input delay is missing on noc_resp_i[r][data][46] relative to the rising and/or falling clock edge(s) of clk_i.
Related violations: <none>

TIMING-18#119 Warning
Missing input or output delay  
An input delay is missing on noc_resp_i[r][data][47] relative to the rising and/or falling clock edge(s) of clk_i.
Related violations: <none>

TIMING-18#120 Warning
Missing input or output delay  
An input delay is missing on noc_resp_i[r][data][48] relative to the rising and/or falling clock edge(s) of clk_i.
Related violations: <none>

TIMING-18#121 Warning
Missing input or output delay  
An input delay is missing on noc_resp_i[r][data][49] relative to the rising and/or falling clock edge(s) of clk_i.
Related violations: <none>

TIMING-18#122 Warning
Missing input or output delay  
An input delay is missing on noc_resp_i[r][data][4] relative to the rising and/or falling clock edge(s) of clk_i.
Related violations: <none>

TIMING-18#123 Warning
Missing input or output delay  
An input delay is missing on noc_resp_i[r][data][50] relative to the rising and/or falling clock edge(s) of clk_i.
Related violations: <none>

TIMING-18#124 Warning
Missing input or output delay  
An input delay is missing on noc_resp_i[r][data][51] relative to the rising and/or falling clock edge(s) of clk_i.
Related violations: <none>

TIMING-18#125 Warning
Missing input or output delay  
An input delay is missing on noc_resp_i[r][data][52] relative to the rising and/or falling clock edge(s) of clk_i.
Related violations: <none>

TIMING-18#126 Warning
Missing input or output delay  
An input delay is missing on noc_resp_i[r][data][53] relative to the rising and/or falling clock edge(s) of clk_i.
Related violations: <none>

TIMING-18#127 Warning
Missing input or output delay  
An input delay is missing on noc_resp_i[r][data][54] relative to the rising and/or falling clock edge(s) of clk_i.
Related violations: <none>

TIMING-18#128 Warning
Missing input or output delay  
An input delay is missing on noc_resp_i[r][data][55] relative to the rising and/or falling clock edge(s) of clk_i.
Related violations: <none>

TIMING-18#129 Warning
Missing input or output delay  
An input delay is missing on noc_resp_i[r][data][56] relative to the rising and/or falling clock edge(s) of clk_i.
Related violations: <none>

TIMING-18#130 Warning
Missing input or output delay  
An input delay is missing on noc_resp_i[r][data][57] relative to the rising and/or falling clock edge(s) of clk_i.
Related violations: <none>

TIMING-18#131 Warning
Missing input or output delay  
An input delay is missing on noc_resp_i[r][data][58] relative to the rising and/or falling clock edge(s) of clk_i.
Related violations: <none>

TIMING-18#132 Warning
Missing input or output delay  
An input delay is missing on noc_resp_i[r][data][59] relative to the rising and/or falling clock edge(s) of clk_i.
Related violations: <none>

TIMING-18#133 Warning
Missing input or output delay  
An input delay is missing on noc_resp_i[r][data][5] relative to the rising and/or falling clock edge(s) of clk_i.
Related violations: <none>

TIMING-18#134 Warning
Missing input or output delay  
An input delay is missing on noc_resp_i[r][data][60] relative to the rising and/or falling clock edge(s) of clk_i.
Related violations: <none>

TIMING-18#135 Warning
Missing input or output delay  
An input delay is missing on noc_resp_i[r][data][61] relative to the rising and/or falling clock edge(s) of clk_i.
Related violations: <none>

TIMING-18#136 Warning
Missing input or output delay  
An input delay is missing on noc_resp_i[r][data][62] relative to the rising and/or falling clock edge(s) of clk_i.
Related violations: <none>

TIMING-18#137 Warning
Missing input or output delay  
An input delay is missing on noc_resp_i[r][data][63] relative to the rising and/or falling clock edge(s) of clk_i.
Related violations: <none>

TIMING-18#138 Warning
Missing input or output delay  
An input delay is missing on noc_resp_i[r][data][6] relative to the rising and/or falling clock edge(s) of clk_i.
Related violations: <none>

TIMING-18#139 Warning
Missing input or output delay  
An input delay is missing on noc_resp_i[r][data][7] relative to the rising and/or falling clock edge(s) of clk_i.
Related violations: <none>

TIMING-18#140 Warning
Missing input or output delay  
An input delay is missing on noc_resp_i[r][data][8] relative to the rising and/or falling clock edge(s) of clk_i.
Related violations: <none>

TIMING-18#141 Warning
Missing input or output delay  
An input delay is missing on noc_resp_i[r][data][9] relative to the rising and/or falling clock edge(s) of clk_i.
Related violations: <none>

TIMING-18#142 Warning
Missing input or output delay  
An input delay is missing on noc_resp_i[r][id][0] relative to the rising and/or falling clock edge(s) of clk_i.
Related violations: <none>

TIMING-18#143 Warning
Missing input or output delay  
An input delay is missing on noc_resp_i[r][id][1] relative to the rising and/or falling clock edge(s) of clk_i.
Related violations: <none>

TIMING-18#144 Warning
Missing input or output delay  
An input delay is missing on noc_resp_i[r][id][2] relative to the rising and/or falling clock edge(s) of clk_i.
Related violations: <none>

TIMING-18#145 Warning
Missing input or output delay  
An input delay is missing on noc_resp_i[r][id][3] relative to the rising and/or falling clock edge(s) of clk_i.
Related violations: <none>

TIMING-18#146 Warning
Missing input or output delay  
An input delay is missing on noc_resp_i[r][last] relative to the rising and/or falling clock edge(s) of clk_i.
Related violations: <none>

TIMING-18#147 Warning
Missing input or output delay  
An input delay is missing on noc_resp_i[r][resp][0] relative to the rising and/or falling clock edge(s) of clk_i.
Related violations: <none>

TIMING-18#148 Warning
Missing input or output delay  
An input delay is missing on noc_resp_i[r][resp][1] relative to the rising and/or falling clock edge(s) of clk_i.
Related violations: <none>

TIMING-18#149 Warning
Missing input or output delay  
An input delay is missing on noc_resp_i[r_valid] relative to the rising and/or falling clock edge(s) of clk_i.
Related violations: <none>

TIMING-18#150 Warning
Missing input or output delay  
An input delay is missing on noc_resp_i[w_ready] relative to the rising and/or falling clock edge(s) of clk_i.
Related violations: <none>

TIMING-18#151 Warning
Missing input or output delay  
An input delay is missing on rst_ni relative to the rising and/or falling clock edge(s) of clk_i.
Related violations: <none>

TIMING-18#152 Warning
Missing input or output delay  
An output delay is missing on noc_req_o[ar][addr][0] relative to the rising and/or falling clock edge(s) of clk_i.
Related violations: <none>

TIMING-18#153 Warning
Missing input or output delay  
An output delay is missing on noc_req_o[ar][addr][10] relative to the rising and/or falling clock edge(s) of clk_i.
Related violations: <none>

TIMING-18#154 Warning
Missing input or output delay  
An output delay is missing on noc_req_o[ar][addr][11] relative to the rising and/or falling clock edge(s) of clk_i.
Related violations: <none>

TIMING-18#155 Warning
Missing input or output delay  
An output delay is missing on noc_req_o[ar][addr][12] relative to the rising and/or falling clock edge(s) of clk_i.
Related violations: <none>

TIMING-18#156 Warning
Missing input or output delay  
An output delay is missing on noc_req_o[ar][addr][13] relative to the rising and/or falling clock edge(s) of clk_i.
Related violations: <none>

TIMING-18#157 Warning
Missing input or output delay  
An output delay is missing on noc_req_o[ar][addr][14] relative to the rising and/or falling clock edge(s) of clk_i.
Related violations: <none>

TIMING-18#158 Warning
Missing input or output delay  
An output delay is missing on noc_req_o[ar][addr][15] relative to the rising and/or falling clock edge(s) of clk_i.
Related violations: <none>

TIMING-18#159 Warning
Missing input or output delay  
An output delay is missing on noc_req_o[ar][addr][16] relative to the rising and/or falling clock edge(s) of clk_i.
Related violations: <none>

TIMING-18#160 Warning
Missing input or output delay  
An output delay is missing on noc_req_o[ar][addr][17] relative to the rising and/or falling clock edge(s) of clk_i.
Related violations: <none>

TIMING-18#161 Warning
Missing input or output delay  
An output delay is missing on noc_req_o[ar][addr][18] relative to the rising and/or falling clock edge(s) of clk_i.
Related violations: <none>

TIMING-18#162 Warning
Missing input or output delay  
An output delay is missing on noc_req_o[ar][addr][19] relative to the rising and/or falling clock edge(s) of clk_i.
Related violations: <none>

TIMING-18#163 Warning
Missing input or output delay  
An output delay is missing on noc_req_o[ar][addr][1] relative to the rising and/or falling clock edge(s) of clk_i.
Related violations: <none>

TIMING-18#164 Warning
Missing input or output delay  
An output delay is missing on noc_req_o[ar][addr][20] relative to the rising and/or falling clock edge(s) of clk_i.
Related violations: <none>

TIMING-18#165 Warning
Missing input or output delay  
An output delay is missing on noc_req_o[ar][addr][21] relative to the rising and/or falling clock edge(s) of clk_i.
Related violations: <none>

TIMING-18#166 Warning
Missing input or output delay  
An output delay is missing on noc_req_o[ar][addr][22] relative to the rising and/or falling clock edge(s) of clk_i.
Related violations: <none>

TIMING-18#167 Warning
Missing input or output delay  
An output delay is missing on noc_req_o[ar][addr][23] relative to the rising and/or falling clock edge(s) of clk_i.
Related violations: <none>

TIMING-18#168 Warning
Missing input or output delay  
An output delay is missing on noc_req_o[ar][addr][24] relative to the rising and/or falling clock edge(s) of clk_i.
Related violations: <none>

TIMING-18#169 Warning
Missing input or output delay  
An output delay is missing on noc_req_o[ar][addr][25] relative to the rising and/or falling clock edge(s) of clk_i.
Related violations: <none>

TIMING-18#170 Warning
Missing input or output delay  
An output delay is missing on noc_req_o[ar][addr][26] relative to the rising and/or falling clock edge(s) of clk_i.
Related violations: <none>

TIMING-18#171 Warning
Missing input or output delay  
An output delay is missing on noc_req_o[ar][addr][27] relative to the rising and/or falling clock edge(s) of clk_i.
Related violations: <none>

TIMING-18#172 Warning
Missing input or output delay  
An output delay is missing on noc_req_o[ar][addr][28] relative to the rising and/or falling clock edge(s) of clk_i.
Related violations: <none>

TIMING-18#173 Warning
Missing input or output delay  
An output delay is missing on noc_req_o[ar][addr][29] relative to the rising and/or falling clock edge(s) of clk_i.
Related violations: <none>

TIMING-18#174 Warning
Missing input or output delay  
An output delay is missing on noc_req_o[ar][addr][2] relative to the rising and/or falling clock edge(s) of clk_i.
Related violations: <none>

TIMING-18#175 Warning
Missing input or output delay  
An output delay is missing on noc_req_o[ar][addr][30] relative to the rising and/or falling clock edge(s) of clk_i.
Related violations: <none>

TIMING-18#176 Warning
Missing input or output delay  
An output delay is missing on noc_req_o[ar][addr][31] relative to the rising and/or falling clock edge(s) of clk_i.
Related violations: <none>

TIMING-18#177 Warning
Missing input or output delay  
An output delay is missing on noc_req_o[ar][addr][32] relative to the rising and/or falling clock edge(s) of clk_i.
Related violations: <none>

TIMING-18#178 Warning
Missing input or output delay  
An output delay is missing on noc_req_o[ar][addr][33] relative to the rising and/or falling clock edge(s) of clk_i.
Related violations: <none>

TIMING-18#179 Warning
Missing input or output delay  
An output delay is missing on noc_req_o[ar][addr][34] relative to the rising and/or falling clock edge(s) of clk_i.
Related violations: <none>

TIMING-18#180 Warning
Missing input or output delay  
An output delay is missing on noc_req_o[ar][addr][35] relative to the rising and/or falling clock edge(s) of clk_i.
Related violations: <none>

TIMING-18#181 Warning
Missing input or output delay  
An output delay is missing on noc_req_o[ar][addr][36] relative to the rising and/or falling clock edge(s) of clk_i.
Related violations: <none>

TIMING-18#182 Warning
Missing input or output delay  
An output delay is missing on noc_req_o[ar][addr][37] relative to the rising and/or falling clock edge(s) of clk_i.
Related violations: <none>

TIMING-18#183 Warning
Missing input or output delay  
An output delay is missing on noc_req_o[ar][addr][38] relative to the rising and/or falling clock edge(s) of clk_i.
Related violations: <none>

TIMING-18#184 Warning
Missing input or output delay  
An output delay is missing on noc_req_o[ar][addr][39] relative to the rising and/or falling clock edge(s) of clk_i.
Related violations: <none>

TIMING-18#185 Warning
Missing input or output delay  
An output delay is missing on noc_req_o[ar][addr][3] relative to the rising and/or falling clock edge(s) of clk_i.
Related violations: <none>

TIMING-18#186 Warning
Missing input or output delay  
An output delay is missing on noc_req_o[ar][addr][40] relative to the rising and/or falling clock edge(s) of clk_i.
Related violations: <none>

TIMING-18#187 Warning
Missing input or output delay  
An output delay is missing on noc_req_o[ar][addr][41] relative to the rising and/or falling clock edge(s) of clk_i.
Related violations: <none>

TIMING-18#188 Warning
Missing input or output delay  
An output delay is missing on noc_req_o[ar][addr][42] relative to the rising and/or falling clock edge(s) of clk_i.
Related violations: <none>

TIMING-18#189 Warning
Missing input or output delay  
An output delay is missing on noc_req_o[ar][addr][43] relative to the rising and/or falling clock edge(s) of clk_i.
Related violations: <none>

TIMING-18#190 Warning
Missing input or output delay  
An output delay is missing on noc_req_o[ar][addr][44] relative to the rising and/or falling clock edge(s) of clk_i.
Related violations: <none>

TIMING-18#191 Warning
Missing input or output delay  
An output delay is missing on noc_req_o[ar][addr][45] relative to the rising and/or falling clock edge(s) of clk_i.
Related violations: <none>

TIMING-18#192 Warning
Missing input or output delay  
An output delay is missing on noc_req_o[ar][addr][46] relative to the rising and/or falling clock edge(s) of clk_i.
Related violations: <none>

TIMING-18#193 Warning
Missing input or output delay  
An output delay is missing on noc_req_o[ar][addr][47] relative to the rising and/or falling clock edge(s) of clk_i.
Related violations: <none>

TIMING-18#194 Warning
Missing input or output delay  
An output delay is missing on noc_req_o[ar][addr][48] relative to the rising and/or falling clock edge(s) of clk_i.
Related violations: <none>

TIMING-18#195 Warning
Missing input or output delay  
An output delay is missing on noc_req_o[ar][addr][49] relative to the rising and/or falling clock edge(s) of clk_i.
Related violations: <none>

TIMING-18#196 Warning
Missing input or output delay  
An output delay is missing on noc_req_o[ar][addr][4] relative to the rising and/or falling clock edge(s) of clk_i.
Related violations: <none>

TIMING-18#197 Warning
Missing input or output delay  
An output delay is missing on noc_req_o[ar][addr][50] relative to the rising and/or falling clock edge(s) of clk_i.
Related violations: <none>

TIMING-18#198 Warning
Missing input or output delay  
An output delay is missing on noc_req_o[ar][addr][51] relative to the rising and/or falling clock edge(s) of clk_i.
Related violations: <none>

TIMING-18#199 Warning
Missing input or output delay  
An output delay is missing on noc_req_o[ar][addr][52] relative to the rising and/or falling clock edge(s) of clk_i.
Related violations: <none>

TIMING-18#200 Warning
Missing input or output delay  
An output delay is missing on noc_req_o[ar][addr][53] relative to the rising and/or falling clock edge(s) of clk_i.
Related violations: <none>

TIMING-18#201 Warning
Missing input or output delay  
An output delay is missing on noc_req_o[ar][addr][54] relative to the rising and/or falling clock edge(s) of clk_i.
Related violations: <none>

TIMING-18#202 Warning
Missing input or output delay  
An output delay is missing on noc_req_o[ar][addr][55] relative to the rising and/or falling clock edge(s) of clk_i.
Related violations: <none>

TIMING-18#203 Warning
Missing input or output delay  
An output delay is missing on noc_req_o[ar][addr][56] relative to the rising and/or falling clock edge(s) of clk_i.
Related violations: <none>

TIMING-18#204 Warning
Missing input or output delay  
An output delay is missing on noc_req_o[ar][addr][57] relative to the rising and/or falling clock edge(s) of clk_i.
Related violations: <none>

TIMING-18#205 Warning
Missing input or output delay  
An output delay is missing on noc_req_o[ar][addr][58] relative to the rising and/or falling clock edge(s) of clk_i.
Related violations: <none>

TIMING-18#206 Warning
Missing input or output delay  
An output delay is missing on noc_req_o[ar][addr][59] relative to the rising and/or falling clock edge(s) of clk_i.
Related violations: <none>

TIMING-18#207 Warning
Missing input or output delay  
An output delay is missing on noc_req_o[ar][addr][5] relative to the rising and/or falling clock edge(s) of clk_i.
Related violations: <none>

TIMING-18#208 Warning
Missing input or output delay  
An output delay is missing on noc_req_o[ar][addr][60] relative to the rising and/or falling clock edge(s) of clk_i.
Related violations: <none>

TIMING-18#209 Warning
Missing input or output delay  
An output delay is missing on noc_req_o[ar][addr][61] relative to the rising and/or falling clock edge(s) of clk_i.
Related violations: <none>

TIMING-18#210 Warning
Missing input or output delay  
An output delay is missing on noc_req_o[ar][addr][62] relative to the rising and/or falling clock edge(s) of clk_i.
Related violations: <none>

TIMING-18#211 Warning
Missing input or output delay  
An output delay is missing on noc_req_o[ar][addr][63] relative to the rising and/or falling clock edge(s) of clk_i.
Related violations: <none>

TIMING-18#212 Warning
Missing input or output delay  
An output delay is missing on noc_req_o[ar][addr][6] relative to the rising and/or falling clock edge(s) of clk_i.
Related violations: <none>

TIMING-18#213 Warning
Missing input or output delay  
An output delay is missing on noc_req_o[ar][addr][7] relative to the rising and/or falling clock edge(s) of clk_i.
Related violations: <none>

TIMING-18#214 Warning
Missing input or output delay  
An output delay is missing on noc_req_o[ar][addr][8] relative to the rising and/or falling clock edge(s) of clk_i.
Related violations: <none>

TIMING-18#215 Warning
Missing input or output delay  
An output delay is missing on noc_req_o[ar][addr][9] relative to the rising and/or falling clock edge(s) of clk_i.
Related violations: <none>

TIMING-18#216 Warning
Missing input or output delay  
An output delay is missing on noc_req_o[ar][cache][0] relative to the rising and/or falling clock edge(s) of clk_i.
Related violations: <none>

TIMING-18#217 Warning
Missing input or output delay  
An output delay is missing on noc_req_o[ar][cache][1] relative to the rising and/or falling clock edge(s) of clk_i.
Related violations: <none>

TIMING-18#218 Warning
Missing input or output delay  
An output delay is missing on noc_req_o[ar][cache][2] relative to the rising and/or falling clock edge(s) of clk_i.
Related violations: <none>

TIMING-18#219 Warning
Missing input or output delay  
An output delay is missing on noc_req_o[ar][cache][3] relative to the rising and/or falling clock edge(s) of clk_i.
Related violations: <none>

TIMING-18#220 Warning
Missing input or output delay  
An output delay is missing on noc_req_o[ar][id][0] relative to the rising and/or falling clock edge(s) of clk_i.
Related violations: <none>

TIMING-18#221 Warning
Missing input or output delay  
An output delay is missing on noc_req_o[ar][id][1] relative to the rising and/or falling clock edge(s) of clk_i.
Related violations: <none>

TIMING-18#222 Warning
Missing input or output delay  
An output delay is missing on noc_req_o[ar][id][2] relative to the rising and/or falling clock edge(s) of clk_i.
Related violations: <none>

TIMING-18#223 Warning
Missing input or output delay  
An output delay is missing on noc_req_o[ar][id][3] relative to the rising and/or falling clock edge(s) of clk_i.
Related violations: <none>

TIMING-18#224 Warning
Missing input or output delay  
An output delay is missing on noc_req_o[ar][len][0] relative to the rising and/or falling clock edge(s) of clk_i.
Related violations: <none>

TIMING-18#225 Warning
Missing input or output delay  
An output delay is missing on noc_req_o[ar][len][1] relative to the rising and/or falling clock edge(s) of clk_i.
Related violations: <none>

TIMING-18#226 Warning
Missing input or output delay  
An output delay is missing on noc_req_o[ar][len][2] relative to the rising and/or falling clock edge(s) of clk_i.
Related violations: <none>

TIMING-18#227 Warning
Missing input or output delay  
An output delay is missing on noc_req_o[ar][len][3] relative to the rising and/or falling clock edge(s) of clk_i.
Related violations: <none>

TIMING-18#228 Warning
Missing input or output delay  
An output delay is missing on noc_req_o[ar][len][4] relative to the rising and/or falling clock edge(s) of clk_i.
Related violations: <none>

TIMING-18#229 Warning
Missing input or output delay  
An output delay is missing on noc_req_o[ar][len][5] relative to the rising and/or falling clock edge(s) of clk_i.
Related violations: <none>

TIMING-18#230 Warning
Missing input or output delay  
An output delay is missing on noc_req_o[ar][len][6] relative to the rising and/or falling clock edge(s) of clk_i.
Related violations: <none>

TIMING-18#231 Warning
Missing input or output delay  
An output delay is missing on noc_req_o[ar][len][7] relative to the rising and/or falling clock edge(s) of clk_i.
Related violations: <none>

TIMING-18#232 Warning
Missing input or output delay  
An output delay is missing on noc_req_o[ar][lock] relative to the rising and/or falling clock edge(s) of clk_i.
Related violations: <none>

TIMING-18#233 Warning
Missing input or output delay  
An output delay is missing on noc_req_o[ar][size][0] relative to the rising and/or falling clock edge(s) of clk_i.
Related violations: <none>

TIMING-18#234 Warning
Missing input or output delay  
An output delay is missing on noc_req_o[ar][size][1] relative to the rising and/or falling clock edge(s) of clk_i.
Related violations: <none>

TIMING-18#235 Warning
Missing input or output delay  
An output delay is missing on noc_req_o[ar][size][2] relative to the rising and/or falling clock edge(s) of clk_i.
Related violations: <none>

TIMING-18#236 Warning
Missing input or output delay  
An output delay is missing on noc_req_o[ar_valid] relative to the rising and/or falling clock edge(s) of clk_i.
Related violations: <none>

TIMING-18#237 Warning
Missing input or output delay  
An output delay is missing on noc_req_o[aw][addr][0] relative to the rising and/or falling clock edge(s) of clk_i.
Related violations: <none>

TIMING-18#238 Warning
Missing input or output delay  
An output delay is missing on noc_req_o[aw][addr][10] relative to the rising and/or falling clock edge(s) of clk_i.
Related violations: <none>

TIMING-18#239 Warning
Missing input or output delay  
An output delay is missing on noc_req_o[aw][addr][11] relative to the rising and/or falling clock edge(s) of clk_i.
Related violations: <none>

TIMING-18#240 Warning
Missing input or output delay  
An output delay is missing on noc_req_o[aw][addr][12] relative to the rising and/or falling clock edge(s) of clk_i.
Related violations: <none>

TIMING-18#241 Warning
Missing input or output delay  
An output delay is missing on noc_req_o[aw][addr][13] relative to the rising and/or falling clock edge(s) of clk_i.
Related violations: <none>

TIMING-18#242 Warning
Missing input or output delay  
An output delay is missing on noc_req_o[aw][addr][14] relative to the rising and/or falling clock edge(s) of clk_i.
Related violations: <none>

TIMING-18#243 Warning
Missing input or output delay  
An output delay is missing on noc_req_o[aw][addr][15] relative to the rising and/or falling clock edge(s) of clk_i.
Related violations: <none>

TIMING-18#244 Warning
Missing input or output delay  
An output delay is missing on noc_req_o[aw][addr][16] relative to the rising and/or falling clock edge(s) of clk_i.
Related violations: <none>

TIMING-18#245 Warning
Missing input or output delay  
An output delay is missing on noc_req_o[aw][addr][17] relative to the rising and/or falling clock edge(s) of clk_i.
Related violations: <none>

TIMING-18#246 Warning
Missing input or output delay  
An output delay is missing on noc_req_o[aw][addr][18] relative to the rising and/or falling clock edge(s) of clk_i.
Related violations: <none>

TIMING-18#247 Warning
Missing input or output delay  
An output delay is missing on noc_req_o[aw][addr][19] relative to the rising and/or falling clock edge(s) of clk_i.
Related violations: <none>

TIMING-18#248 Warning
Missing input or output delay  
An output delay is missing on noc_req_o[aw][addr][1] relative to the rising and/or falling clock edge(s) of clk_i.
Related violations: <none>

TIMING-18#249 Warning
Missing input or output delay  
An output delay is missing on noc_req_o[aw][addr][20] relative to the rising and/or falling clock edge(s) of clk_i.
Related violations: <none>

TIMING-18#250 Warning
Missing input or output delay  
An output delay is missing on noc_req_o[aw][addr][21] relative to the rising and/or falling clock edge(s) of clk_i.
Related violations: <none>

TIMING-18#251 Warning
Missing input or output delay  
An output delay is missing on noc_req_o[aw][addr][22] relative to the rising and/or falling clock edge(s) of clk_i.
Related violations: <none>

TIMING-18#252 Warning
Missing input or output delay  
An output delay is missing on noc_req_o[aw][addr][23] relative to the rising and/or falling clock edge(s) of clk_i.
Related violations: <none>

TIMING-18#253 Warning
Missing input or output delay  
An output delay is missing on noc_req_o[aw][addr][24] relative to the rising and/or falling clock edge(s) of clk_i.
Related violations: <none>

TIMING-18#254 Warning
Missing input or output delay  
An output delay is missing on noc_req_o[aw][addr][25] relative to the rising and/or falling clock edge(s) of clk_i.
Related violations: <none>

TIMING-18#255 Warning
Missing input or output delay  
An output delay is missing on noc_req_o[aw][addr][26] relative to the rising and/or falling clock edge(s) of clk_i.
Related violations: <none>

TIMING-18#256 Warning
Missing input or output delay  
An output delay is missing on noc_req_o[aw][addr][27] relative to the rising and/or falling clock edge(s) of clk_i.
Related violations: <none>

TIMING-18#257 Warning
Missing input or output delay  
An output delay is missing on noc_req_o[aw][addr][28] relative to the rising and/or falling clock edge(s) of clk_i.
Related violations: <none>

TIMING-18#258 Warning
Missing input or output delay  
An output delay is missing on noc_req_o[aw][addr][29] relative to the rising and/or falling clock edge(s) of clk_i.
Related violations: <none>

TIMING-18#259 Warning
Missing input or output delay  
An output delay is missing on noc_req_o[aw][addr][2] relative to the rising and/or falling clock edge(s) of clk_i.
Related violations: <none>

TIMING-18#260 Warning
Missing input or output delay  
An output delay is missing on noc_req_o[aw][addr][30] relative to the rising and/or falling clock edge(s) of clk_i.
Related violations: <none>

TIMING-18#261 Warning
Missing input or output delay  
An output delay is missing on noc_req_o[aw][addr][31] relative to the rising and/or falling clock edge(s) of clk_i.
Related violations: <none>

TIMING-18#262 Warning
Missing input or output delay  
An output delay is missing on noc_req_o[aw][addr][32] relative to the rising and/or falling clock edge(s) of clk_i.
Related violations: <none>

TIMING-18#263 Warning
Missing input or output delay  
An output delay is missing on noc_req_o[aw][addr][33] relative to the rising and/or falling clock edge(s) of clk_i.
Related violations: <none>

TIMING-18#264 Warning
Missing input or output delay  
An output delay is missing on noc_req_o[aw][addr][34] relative to the rising and/or falling clock edge(s) of clk_i.
Related violations: <none>

TIMING-18#265 Warning
Missing input or output delay  
An output delay is missing on noc_req_o[aw][addr][35] relative to the rising and/or falling clock edge(s) of clk_i.
Related violations: <none>

TIMING-18#266 Warning
Missing input or output delay  
An output delay is missing on noc_req_o[aw][addr][36] relative to the rising and/or falling clock edge(s) of clk_i.
Related violations: <none>

TIMING-18#267 Warning
Missing input or output delay  
An output delay is missing on noc_req_o[aw][addr][37] relative to the rising and/or falling clock edge(s) of clk_i.
Related violations: <none>

TIMING-18#268 Warning
Missing input or output delay  
An output delay is missing on noc_req_o[aw][addr][38] relative to the rising and/or falling clock edge(s) of clk_i.
Related violations: <none>

TIMING-18#269 Warning
Missing input or output delay  
An output delay is missing on noc_req_o[aw][addr][39] relative to the rising and/or falling clock edge(s) of clk_i.
Related violations: <none>

TIMING-18#270 Warning
Missing input or output delay  
An output delay is missing on noc_req_o[aw][addr][3] relative to the rising and/or falling clock edge(s) of clk_i.
Related violations: <none>

TIMING-18#271 Warning
Missing input or output delay  
An output delay is missing on noc_req_o[aw][addr][40] relative to the rising and/or falling clock edge(s) of clk_i.
Related violations: <none>

TIMING-18#272 Warning
Missing input or output delay  
An output delay is missing on noc_req_o[aw][addr][41] relative to the rising and/or falling clock edge(s) of clk_i.
Related violations: <none>

TIMING-18#273 Warning
Missing input or output delay  
An output delay is missing on noc_req_o[aw][addr][42] relative to the rising and/or falling clock edge(s) of clk_i.
Related violations: <none>

TIMING-18#274 Warning
Missing input or output delay  
An output delay is missing on noc_req_o[aw][addr][43] relative to the rising and/or falling clock edge(s) of clk_i.
Related violations: <none>

TIMING-18#275 Warning
Missing input or output delay  
An output delay is missing on noc_req_o[aw][addr][44] relative to the rising and/or falling clock edge(s) of clk_i.
Related violations: <none>

TIMING-18#276 Warning
Missing input or output delay  
An output delay is missing on noc_req_o[aw][addr][45] relative to the rising and/or falling clock edge(s) of clk_i.
Related violations: <none>

TIMING-18#277 Warning
Missing input or output delay  
An output delay is missing on noc_req_o[aw][addr][46] relative to the rising and/or falling clock edge(s) of clk_i.
Related violations: <none>

TIMING-18#278 Warning
Missing input or output delay  
An output delay is missing on noc_req_o[aw][addr][47] relative to the rising and/or falling clock edge(s) of clk_i.
Related violations: <none>

TIMING-18#279 Warning
Missing input or output delay  
An output delay is missing on noc_req_o[aw][addr][48] relative to the rising and/or falling clock edge(s) of clk_i.
Related violations: <none>

TIMING-18#280 Warning
Missing input or output delay  
An output delay is missing on noc_req_o[aw][addr][49] relative to the rising and/or falling clock edge(s) of clk_i.
Related violations: <none>

TIMING-18#281 Warning
Missing input or output delay  
An output delay is missing on noc_req_o[aw][addr][4] relative to the rising and/or falling clock edge(s) of clk_i.
Related violations: <none>

TIMING-18#282 Warning
Missing input or output delay  
An output delay is missing on noc_req_o[aw][addr][50] relative to the rising and/or falling clock edge(s) of clk_i.
Related violations: <none>

TIMING-18#283 Warning
Missing input or output delay  
An output delay is missing on noc_req_o[aw][addr][51] relative to the rising and/or falling clock edge(s) of clk_i.
Related violations: <none>

TIMING-18#284 Warning
Missing input or output delay  
An output delay is missing on noc_req_o[aw][addr][52] relative to the rising and/or falling clock edge(s) of clk_i.
Related violations: <none>

TIMING-18#285 Warning
Missing input or output delay  
An output delay is missing on noc_req_o[aw][addr][53] relative to the rising and/or falling clock edge(s) of clk_i.
Related violations: <none>

TIMING-18#286 Warning
Missing input or output delay  
An output delay is missing on noc_req_o[aw][addr][54] relative to the rising and/or falling clock edge(s) of clk_i.
Related violations: <none>

TIMING-18#287 Warning
Missing input or output delay  
An output delay is missing on noc_req_o[aw][addr][55] relative to the rising and/or falling clock edge(s) of clk_i.
Related violations: <none>

TIMING-18#288 Warning
Missing input or output delay  
An output delay is missing on noc_req_o[aw][addr][56] relative to the rising and/or falling clock edge(s) of clk_i.
Related violations: <none>

TIMING-18#289 Warning
Missing input or output delay  
An output delay is missing on noc_req_o[aw][addr][57] relative to the rising and/or falling clock edge(s) of clk_i.
Related violations: <none>

TIMING-18#290 Warning
Missing input or output delay  
An output delay is missing on noc_req_o[aw][addr][58] relative to the rising and/or falling clock edge(s) of clk_i.
Related violations: <none>

TIMING-18#291 Warning
Missing input or output delay  
An output delay is missing on noc_req_o[aw][addr][59] relative to the rising and/or falling clock edge(s) of clk_i.
Related violations: <none>

TIMING-18#292 Warning
Missing input or output delay  
An output delay is missing on noc_req_o[aw][addr][5] relative to the rising and/or falling clock edge(s) of clk_i.
Related violations: <none>

TIMING-18#293 Warning
Missing input or output delay  
An output delay is missing on noc_req_o[aw][addr][60] relative to the rising and/or falling clock edge(s) of clk_i.
Related violations: <none>

TIMING-18#294 Warning
Missing input or output delay  
An output delay is missing on noc_req_o[aw][addr][61] relative to the rising and/or falling clock edge(s) of clk_i.
Related violations: <none>

TIMING-18#295 Warning
Missing input or output delay  
An output delay is missing on noc_req_o[aw][addr][62] relative to the rising and/or falling clock edge(s) of clk_i.
Related violations: <none>

TIMING-18#296 Warning
Missing input or output delay  
An output delay is missing on noc_req_o[aw][addr][63] relative to the rising and/or falling clock edge(s) of clk_i.
Related violations: <none>

TIMING-18#297 Warning
Missing input or output delay  
An output delay is missing on noc_req_o[aw][addr][6] relative to the rising and/or falling clock edge(s) of clk_i.
Related violations: <none>

TIMING-18#298 Warning
Missing input or output delay  
An output delay is missing on noc_req_o[aw][addr][7] relative to the rising and/or falling clock edge(s) of clk_i.
Related violations: <none>

TIMING-18#299 Warning
Missing input or output delay  
An output delay is missing on noc_req_o[aw][addr][8] relative to the rising and/or falling clock edge(s) of clk_i.
Related violations: <none>

TIMING-18#300 Warning
Missing input or output delay  
An output delay is missing on noc_req_o[aw][addr][9] relative to the rising and/or falling clock edge(s) of clk_i.
Related violations: <none>

TIMING-18#301 Warning
Missing input or output delay  
An output delay is missing on noc_req_o[aw][cache][0] relative to the rising and/or falling clock edge(s) of clk_i.
Related violations: <none>

TIMING-18#302 Warning
Missing input or output delay  
An output delay is missing on noc_req_o[aw][cache][1] relative to the rising and/or falling clock edge(s) of clk_i.
Related violations: <none>

TIMING-18#303 Warning
Missing input or output delay  
An output delay is missing on noc_req_o[aw][cache][2] relative to the rising and/or falling clock edge(s) of clk_i.
Related violations: <none>

TIMING-18#304 Warning
Missing input or output delay  
An output delay is missing on noc_req_o[aw][cache][3] relative to the rising and/or falling clock edge(s) of clk_i.
Related violations: <none>

TIMING-18#305 Warning
Missing input or output delay  
An output delay is missing on noc_req_o[aw][id][0] relative to the rising and/or falling clock edge(s) of clk_i.
Related violations: <none>

TIMING-18#306 Warning
Missing input or output delay  
An output delay is missing on noc_req_o[aw][id][1] relative to the rising and/or falling clock edge(s) of clk_i.
Related violations: <none>

TIMING-18#307 Warning
Missing input or output delay  
An output delay is missing on noc_req_o[aw][id][2] relative to the rising and/or falling clock edge(s) of clk_i.
Related violations: <none>

TIMING-18#308 Warning
Missing input or output delay  
An output delay is missing on noc_req_o[aw][id][3] relative to the rising and/or falling clock edge(s) of clk_i.
Related violations: <none>

TIMING-18#309 Warning
Missing input or output delay  
An output delay is missing on noc_req_o[aw][lock] relative to the rising and/or falling clock edge(s) of clk_i.
Related violations: <none>

TIMING-18#310 Warning
Missing input or output delay  
An output delay is missing on noc_req_o[aw][size][0] relative to the rising and/or falling clock edge(s) of clk_i.
Related violations: <none>

TIMING-18#311 Warning
Missing input or output delay  
An output delay is missing on noc_req_o[aw][size][1] relative to the rising and/or falling clock edge(s) of clk_i.
Related violations: <none>

TIMING-18#312 Warning
Missing input or output delay  
An output delay is missing on noc_req_o[aw][size][2] relative to the rising and/or falling clock edge(s) of clk_i.
Related violations: <none>

TIMING-18#313 Warning
Missing input or output delay  
An output delay is missing on noc_req_o[aw_valid] relative to the rising and/or falling clock edge(s) of clk_i.
Related violations: <none>

TIMING-18#314 Warning
Missing input or output delay  
An output delay is missing on noc_req_o[r_ready] relative to the rising and/or falling clock edge(s) of clk_i.
Related violations: <none>

TIMING-18#315 Warning
Missing input or output delay  
An output delay is missing on noc_req_o[w][data][0] relative to the rising and/or falling clock edge(s) of clk_i.
Related violations: <none>

TIMING-18#316 Warning
Missing input or output delay  
An output delay is missing on noc_req_o[w][data][10] relative to the rising and/or falling clock edge(s) of clk_i.
Related violations: <none>

TIMING-18#317 Warning
Missing input or output delay  
An output delay is missing on noc_req_o[w][data][11] relative to the rising and/or falling clock edge(s) of clk_i.
Related violations: <none>

TIMING-18#318 Warning
Missing input or output delay  
An output delay is missing on noc_req_o[w][data][12] relative to the rising and/or falling clock edge(s) of clk_i.
Related violations: <none>

TIMING-18#319 Warning
Missing input or output delay  
An output delay is missing on noc_req_o[w][data][13] relative to the rising and/or falling clock edge(s) of clk_i.
Related violations: <none>

TIMING-18#320 Warning
Missing input or output delay  
An output delay is missing on noc_req_o[w][data][14] relative to the rising and/or falling clock edge(s) of clk_i.
Related violations: <none>

TIMING-18#321 Warning
Missing input or output delay  
An output delay is missing on noc_req_o[w][data][15] relative to the rising and/or falling clock edge(s) of clk_i.
Related violations: <none>

TIMING-18#322 Warning
Missing input or output delay  
An output delay is missing on noc_req_o[w][data][16] relative to the rising and/or falling clock edge(s) of clk_i.
Related violations: <none>

TIMING-18#323 Warning
Missing input or output delay  
An output delay is missing on noc_req_o[w][data][17] relative to the rising and/or falling clock edge(s) of clk_i.
Related violations: <none>

TIMING-18#324 Warning
Missing input or output delay  
An output delay is missing on noc_req_o[w][data][18] relative to the rising and/or falling clock edge(s) of clk_i.
Related violations: <none>

TIMING-18#325 Warning
Missing input or output delay  
An output delay is missing on noc_req_o[w][data][19] relative to the rising and/or falling clock edge(s) of clk_i.
Related violations: <none>

TIMING-18#326 Warning
Missing input or output delay  
An output delay is missing on noc_req_o[w][data][1] relative to the rising and/or falling clock edge(s) of clk_i.
Related violations: <none>

TIMING-18#327 Warning
Missing input or output delay  
An output delay is missing on noc_req_o[w][data][20] relative to the rising and/or falling clock edge(s) of clk_i.
Related violations: <none>

TIMING-18#328 Warning
Missing input or output delay  
An output delay is missing on noc_req_o[w][data][21] relative to the rising and/or falling clock edge(s) of clk_i.
Related violations: <none>

TIMING-18#329 Warning
Missing input or output delay  
An output delay is missing on noc_req_o[w][data][22] relative to the rising and/or falling clock edge(s) of clk_i.
Related violations: <none>

TIMING-18#330 Warning
Missing input or output delay  
An output delay is missing on noc_req_o[w][data][23] relative to the rising and/or falling clock edge(s) of clk_i.
Related violations: <none>

TIMING-18#331 Warning
Missing input or output delay  
An output delay is missing on noc_req_o[w][data][24] relative to the rising and/or falling clock edge(s) of clk_i.
Related violations: <none>

TIMING-18#332 Warning
Missing input or output delay  
An output delay is missing on noc_req_o[w][data][25] relative to the rising and/or falling clock edge(s) of clk_i.
Related violations: <none>

TIMING-18#333 Warning
Missing input or output delay  
An output delay is missing on noc_req_o[w][data][26] relative to the rising and/or falling clock edge(s) of clk_i.
Related violations: <none>

TIMING-18#334 Warning
Missing input or output delay  
An output delay is missing on noc_req_o[w][data][27] relative to the rising and/or falling clock edge(s) of clk_i.
Related violations: <none>

TIMING-18#335 Warning
Missing input or output delay  
An output delay is missing on noc_req_o[w][data][28] relative to the rising and/or falling clock edge(s) of clk_i.
Related violations: <none>

TIMING-18#336 Warning
Missing input or output delay  
An output delay is missing on noc_req_o[w][data][29] relative to the rising and/or falling clock edge(s) of clk_i.
Related violations: <none>

TIMING-18#337 Warning
Missing input or output delay  
An output delay is missing on noc_req_o[w][data][2] relative to the rising and/or falling clock edge(s) of clk_i.
Related violations: <none>

TIMING-18#338 Warning
Missing input or output delay  
An output delay is missing on noc_req_o[w][data][30] relative to the rising and/or falling clock edge(s) of clk_i.
Related violations: <none>

TIMING-18#339 Warning
Missing input or output delay  
An output delay is missing on noc_req_o[w][data][31] relative to the rising and/or falling clock edge(s) of clk_i.
Related violations: <none>

TIMING-18#340 Warning
Missing input or output delay  
An output delay is missing on noc_req_o[w][data][32] relative to the rising and/or falling clock edge(s) of clk_i.
Related violations: <none>

TIMING-18#341 Warning
Missing input or output delay  
An output delay is missing on noc_req_o[w][data][33] relative to the rising and/or falling clock edge(s) of clk_i.
Related violations: <none>

TIMING-18#342 Warning
Missing input or output delay  
An output delay is missing on noc_req_o[w][data][34] relative to the rising and/or falling clock edge(s) of clk_i.
Related violations: <none>

TIMING-18#343 Warning
Missing input or output delay  
An output delay is missing on noc_req_o[w][data][35] relative to the rising and/or falling clock edge(s) of clk_i.
Related violations: <none>

TIMING-18#344 Warning
Missing input or output delay  
An output delay is missing on noc_req_o[w][data][36] relative to the rising and/or falling clock edge(s) of clk_i.
Related violations: <none>

TIMING-18#345 Warning
Missing input or output delay  
An output delay is missing on noc_req_o[w][data][37] relative to the rising and/or falling clock edge(s) of clk_i.
Related violations: <none>

TIMING-18#346 Warning
Missing input or output delay  
An output delay is missing on noc_req_o[w][data][38] relative to the rising and/or falling clock edge(s) of clk_i.
Related violations: <none>

TIMING-18#347 Warning
Missing input or output delay  
An output delay is missing on noc_req_o[w][data][39] relative to the rising and/or falling clock edge(s) of clk_i.
Related violations: <none>

TIMING-18#348 Warning
Missing input or output delay  
An output delay is missing on noc_req_o[w][data][3] relative to the rising and/or falling clock edge(s) of clk_i.
Related violations: <none>

TIMING-18#349 Warning
Missing input or output delay  
An output delay is missing on noc_req_o[w][data][40] relative to the rising and/or falling clock edge(s) of clk_i.
Related violations: <none>

TIMING-18#350 Warning
Missing input or output delay  
An output delay is missing on noc_req_o[w][data][41] relative to the rising and/or falling clock edge(s) of clk_i.
Related violations: <none>

TIMING-18#351 Warning
Missing input or output delay  
An output delay is missing on noc_req_o[w][data][42] relative to the rising and/or falling clock edge(s) of clk_i.
Related violations: <none>

TIMING-18#352 Warning
Missing input or output delay  
An output delay is missing on noc_req_o[w][data][43] relative to the rising and/or falling clock edge(s) of clk_i.
Related violations: <none>

TIMING-18#353 Warning
Missing input or output delay  
An output delay is missing on noc_req_o[w][data][44] relative to the rising and/or falling clock edge(s) of clk_i.
Related violations: <none>

TIMING-18#354 Warning
Missing input or output delay  
An output delay is missing on noc_req_o[w][data][45] relative to the rising and/or falling clock edge(s) of clk_i.
Related violations: <none>

TIMING-18#355 Warning
Missing input or output delay  
An output delay is missing on noc_req_o[w][data][46] relative to the rising and/or falling clock edge(s) of clk_i.
Related violations: <none>

TIMING-18#356 Warning
Missing input or output delay  
An output delay is missing on noc_req_o[w][data][47] relative to the rising and/or falling clock edge(s) of clk_i.
Related violations: <none>

TIMING-18#357 Warning
Missing input or output delay  
An output delay is missing on noc_req_o[w][data][48] relative to the rising and/or falling clock edge(s) of clk_i.
Related violations: <none>

TIMING-18#358 Warning
Missing input or output delay  
An output delay is missing on noc_req_o[w][data][49] relative to the rising and/or falling clock edge(s) of clk_i.
Related violations: <none>

TIMING-18#359 Warning
Missing input or output delay  
An output delay is missing on noc_req_o[w][data][4] relative to the rising and/or falling clock edge(s) of clk_i.
Related violations: <none>

TIMING-18#360 Warning
Missing input or output delay  
An output delay is missing on noc_req_o[w][data][50] relative to the rising and/or falling clock edge(s) of clk_i.
Related violations: <none>

TIMING-18#361 Warning
Missing input or output delay  
An output delay is missing on noc_req_o[w][data][51] relative to the rising and/or falling clock edge(s) of clk_i.
Related violations: <none>

TIMING-18#362 Warning
Missing input or output delay  
An output delay is missing on noc_req_o[w][data][52] relative to the rising and/or falling clock edge(s) of clk_i.
Related violations: <none>

TIMING-18#363 Warning
Missing input or output delay  
An output delay is missing on noc_req_o[w][data][53] relative to the rising and/or falling clock edge(s) of clk_i.
Related violations: <none>

TIMING-18#364 Warning
Missing input or output delay  
An output delay is missing on noc_req_o[w][data][54] relative to the rising and/or falling clock edge(s) of clk_i.
Related violations: <none>

TIMING-18#365 Warning
Missing input or output delay  
An output delay is missing on noc_req_o[w][data][55] relative to the rising and/or falling clock edge(s) of clk_i.
Related violations: <none>

TIMING-18#366 Warning
Missing input or output delay  
An output delay is missing on noc_req_o[w][data][56] relative to the rising and/or falling clock edge(s) of clk_i.
Related violations: <none>

TIMING-18#367 Warning
Missing input or output delay  
An output delay is missing on noc_req_o[w][data][57] relative to the rising and/or falling clock edge(s) of clk_i.
Related violations: <none>

TIMING-18#368 Warning
Missing input or output delay  
An output delay is missing on noc_req_o[w][data][58] relative to the rising and/or falling clock edge(s) of clk_i.
Related violations: <none>

TIMING-18#369 Warning
Missing input or output delay  
An output delay is missing on noc_req_o[w][data][59] relative to the rising and/or falling clock edge(s) of clk_i.
Related violations: <none>

TIMING-18#370 Warning
Missing input or output delay  
An output delay is missing on noc_req_o[w][data][5] relative to the rising and/or falling clock edge(s) of clk_i.
Related violations: <none>

TIMING-18#371 Warning
Missing input or output delay  
An output delay is missing on noc_req_o[w][data][60] relative to the rising and/or falling clock edge(s) of clk_i.
Related violations: <none>

TIMING-18#372 Warning
Missing input or output delay  
An output delay is missing on noc_req_o[w][data][61] relative to the rising and/or falling clock edge(s) of clk_i.
Related violations: <none>

TIMING-18#373 Warning
Missing input or output delay  
An output delay is missing on noc_req_o[w][data][62] relative to the rising and/or falling clock edge(s) of clk_i.
Related violations: <none>

TIMING-18#374 Warning
Missing input or output delay  
An output delay is missing on noc_req_o[w][data][63] relative to the rising and/or falling clock edge(s) of clk_i.
Related violations: <none>

TIMING-18#375 Warning
Missing input or output delay  
An output delay is missing on noc_req_o[w][data][6] relative to the rising and/or falling clock edge(s) of clk_i.
Related violations: <none>

TIMING-18#376 Warning
Missing input or output delay  
An output delay is missing on noc_req_o[w][data][7] relative to the rising and/or falling clock edge(s) of clk_i.
Related violations: <none>

TIMING-18#377 Warning
Missing input or output delay  
An output delay is missing on noc_req_o[w][data][8] relative to the rising and/or falling clock edge(s) of clk_i.
Related violations: <none>

TIMING-18#378 Warning
Missing input or output delay  
An output delay is missing on noc_req_o[w][data][9] relative to the rising and/or falling clock edge(s) of clk_i.
Related violations: <none>

TIMING-18#379 Warning
Missing input or output delay  
An output delay is missing on noc_req_o[w][last] relative to the rising and/or falling clock edge(s) of clk_i.
Related violations: <none>

TIMING-18#380 Warning
Missing input or output delay  
An output delay is missing on noc_req_o[w][strb][0] relative to the rising and/or falling clock edge(s) of clk_i.
Related violations: <none>

TIMING-18#381 Warning
Missing input or output delay  
An output delay is missing on noc_req_o[w][strb][1] relative to the rising and/or falling clock edge(s) of clk_i.
Related violations: <none>

TIMING-18#382 Warning
Missing input or output delay  
An output delay is missing on noc_req_o[w][strb][2] relative to the rising and/or falling clock edge(s) of clk_i.
Related violations: <none>

TIMING-18#383 Warning
Missing input or output delay  
An output delay is missing on noc_req_o[w][strb][3] relative to the rising and/or falling clock edge(s) of clk_i.
Related violations: <none>

TIMING-18#384 Warning
Missing input or output delay  
An output delay is missing on noc_req_o[w][strb][4] relative to the rising and/or falling clock edge(s) of clk_i.
Related violations: <none>

TIMING-18#385 Warning
Missing input or output delay  
An output delay is missing on noc_req_o[w][strb][5] relative to the rising and/or falling clock edge(s) of clk_i.
Related violations: <none>

TIMING-18#386 Warning
Missing input or output delay  
An output delay is missing on noc_req_o[w][strb][6] relative to the rising and/or falling clock edge(s) of clk_i.
Related violations: <none>

TIMING-18#387 Warning
Missing input or output delay  
An output delay is missing on noc_req_o[w][strb][7] relative to the rising and/or falling clock edge(s) of clk_i.
Related violations: <none>

TIMING-18#388 Warning
Missing input or output delay  
An output delay is missing on noc_req_o[w_valid] relative to the rising and/or falling clock edge(s) of clk_i.
Related violations: <none>

TIMING-18#389 Warning
Missing input or output delay  
An output delay is missing on rvfi_probes_o[csr][cycle_q][0] relative to the rising and/or falling clock edge(s) of clk_i.
Related violations: <none>

TIMING-18#390 Warning
Missing input or output delay  
An output delay is missing on rvfi_probes_o[csr][cycle_q][10] relative to the rising and/or falling clock edge(s) of clk_i.
Related violations: <none>

TIMING-18#391 Warning
Missing input or output delay  
An output delay is missing on rvfi_probes_o[csr][cycle_q][11] relative to the rising and/or falling clock edge(s) of clk_i.
Related violations: <none>

TIMING-18#392 Warning
Missing input or output delay  
An output delay is missing on rvfi_probes_o[csr][cycle_q][12] relative to the rising and/or falling clock edge(s) of clk_i.
Related violations: <none>

TIMING-18#393 Warning
Missing input or output delay  
An output delay is missing on rvfi_probes_o[csr][cycle_q][13] relative to the rising and/or falling clock edge(s) of clk_i.
Related violations: <none>

TIMING-18#394 Warning
Missing input or output delay  
An output delay is missing on rvfi_probes_o[csr][cycle_q][14] relative to the rising and/or falling clock edge(s) of clk_i.
Related violations: <none>

TIMING-18#395 Warning
Missing input or output delay  
An output delay is missing on rvfi_probes_o[csr][cycle_q][15] relative to the rising and/or falling clock edge(s) of clk_i.
Related violations: <none>

TIMING-18#396 Warning
Missing input or output delay  
An output delay is missing on rvfi_probes_o[csr][cycle_q][16] relative to the rising and/or falling clock edge(s) of clk_i.
Related violations: <none>

TIMING-18#397 Warning
Missing input or output delay  
An output delay is missing on rvfi_probes_o[csr][cycle_q][17] relative to the rising and/or falling clock edge(s) of clk_i.
Related violations: <none>

TIMING-18#398 Warning
Missing input or output delay  
An output delay is missing on rvfi_probes_o[csr][cycle_q][18] relative to the rising and/or falling clock edge(s) of clk_i.
Related violations: <none>

TIMING-18#399 Warning
Missing input or output delay  
An output delay is missing on rvfi_probes_o[csr][cycle_q][19] relative to the rising and/or falling clock edge(s) of clk_i.
Related violations: <none>

TIMING-18#400 Warning
Missing input or output delay  
An output delay is missing on rvfi_probes_o[csr][cycle_q][1] relative to the rising and/or falling clock edge(s) of clk_i.
Related violations: <none>

TIMING-18#401 Warning
Missing input or output delay  
An output delay is missing on rvfi_probes_o[csr][cycle_q][20] relative to the rising and/or falling clock edge(s) of clk_i.
Related violations: <none>

TIMING-18#402 Warning
Missing input or output delay  
An output delay is missing on rvfi_probes_o[csr][cycle_q][21] relative to the rising and/or falling clock edge(s) of clk_i.
Related violations: <none>

TIMING-18#403 Warning
Missing input or output delay  
An output delay is missing on rvfi_probes_o[csr][cycle_q][22] relative to the rising and/or falling clock edge(s) of clk_i.
Related violations: <none>

TIMING-18#404 Warning
Missing input or output delay  
An output delay is missing on rvfi_probes_o[csr][cycle_q][23] relative to the rising and/or falling clock edge(s) of clk_i.
Related violations: <none>

TIMING-18#405 Warning
Missing input or output delay  
An output delay is missing on rvfi_probes_o[csr][cycle_q][24] relative to the rising and/or falling clock edge(s) of clk_i.
Related violations: <none>

TIMING-18#406 Warning
Missing input or output delay  
An output delay is missing on rvfi_probes_o[csr][cycle_q][25] relative to the rising and/or falling clock edge(s) of clk_i.
Related violations: <none>

TIMING-18#407 Warning
Missing input or output delay  
An output delay is missing on rvfi_probes_o[csr][cycle_q][26] relative to the rising and/or falling clock edge(s) of clk_i.
Related violations: <none>

TIMING-18#408 Warning
Missing input or output delay  
An output delay is missing on rvfi_probes_o[csr][cycle_q][27] relative to the rising and/or falling clock edge(s) of clk_i.
Related violations: <none>

TIMING-18#409 Warning
Missing input or output delay  
An output delay is missing on rvfi_probes_o[csr][cycle_q][28] relative to the rising and/or falling clock edge(s) of clk_i.
Related violations: <none>

TIMING-18#410 Warning
Missing input or output delay  
An output delay is missing on rvfi_probes_o[csr][cycle_q][29] relative to the rising and/or falling clock edge(s) of clk_i.
Related violations: <none>

TIMING-18#411 Warning
Missing input or output delay  
An output delay is missing on rvfi_probes_o[csr][cycle_q][2] relative to the rising and/or falling clock edge(s) of clk_i.
Related violations: <none>

TIMING-18#412 Warning
Missing input or output delay  
An output delay is missing on rvfi_probes_o[csr][cycle_q][30] relative to the rising and/or falling clock edge(s) of clk_i.
Related violations: <none>

TIMING-18#413 Warning
Missing input or output delay  
An output delay is missing on rvfi_probes_o[csr][cycle_q][31] relative to the rising and/or falling clock edge(s) of clk_i.
Related violations: <none>

TIMING-18#414 Warning
Missing input or output delay  
An output delay is missing on rvfi_probes_o[csr][cycle_q][32] relative to the rising and/or falling clock edge(s) of clk_i.
Related violations: <none>

TIMING-18#415 Warning
Missing input or output delay  
An output delay is missing on rvfi_probes_o[csr][cycle_q][33] relative to the rising and/or falling clock edge(s) of clk_i.
Related violations: <none>

TIMING-18#416 Warning
Missing input or output delay  
An output delay is missing on rvfi_probes_o[csr][cycle_q][34] relative to the rising and/or falling clock edge(s) of clk_i.
Related violations: <none>

TIMING-18#417 Warning
Missing input or output delay  
An output delay is missing on rvfi_probes_o[csr][cycle_q][35] relative to the rising and/or falling clock edge(s) of clk_i.
Related violations: <none>

TIMING-18#418 Warning
Missing input or output delay  
An output delay is missing on rvfi_probes_o[csr][cycle_q][36] relative to the rising and/or falling clock edge(s) of clk_i.
Related violations: <none>

TIMING-18#419 Warning
Missing input or output delay  
An output delay is missing on rvfi_probes_o[csr][cycle_q][37] relative to the rising and/or falling clock edge(s) of clk_i.
Related violations: <none>

TIMING-18#420 Warning
Missing input or output delay  
An output delay is missing on rvfi_probes_o[csr][cycle_q][38] relative to the rising and/or falling clock edge(s) of clk_i.
Related violations: <none>

TIMING-18#421 Warning
Missing input or output delay  
An output delay is missing on rvfi_probes_o[csr][cycle_q][39] relative to the rising and/or falling clock edge(s) of clk_i.
Related violations: <none>

TIMING-18#422 Warning
Missing input or output delay  
An output delay is missing on rvfi_probes_o[csr][cycle_q][3] relative to the rising and/or falling clock edge(s) of clk_i.
Related violations: <none>

TIMING-18#423 Warning
Missing input or output delay  
An output delay is missing on rvfi_probes_o[csr][cycle_q][40] relative to the rising and/or falling clock edge(s) of clk_i.
Related violations: <none>

TIMING-18#424 Warning
Missing input or output delay  
An output delay is missing on rvfi_probes_o[csr][cycle_q][41] relative to the rising and/or falling clock edge(s) of clk_i.
Related violations: <none>

TIMING-18#425 Warning
Missing input or output delay  
An output delay is missing on rvfi_probes_o[csr][cycle_q][42] relative to the rising and/or falling clock edge(s) of clk_i.
Related violations: <none>

TIMING-18#426 Warning
Missing input or output delay  
An output delay is missing on rvfi_probes_o[csr][cycle_q][43] relative to the rising and/or falling clock edge(s) of clk_i.
Related violations: <none>

TIMING-18#427 Warning
Missing input or output delay  
An output delay is missing on rvfi_probes_o[csr][cycle_q][44] relative to the rising and/or falling clock edge(s) of clk_i.
Related violations: <none>

TIMING-18#428 Warning
Missing input or output delay  
An output delay is missing on rvfi_probes_o[csr][cycle_q][45] relative to the rising and/or falling clock edge(s) of clk_i.
Related violations: <none>

TIMING-18#429 Warning
Missing input or output delay  
An output delay is missing on rvfi_probes_o[csr][cycle_q][46] relative to the rising and/or falling clock edge(s) of clk_i.
Related violations: <none>

TIMING-18#430 Warning
Missing input or output delay  
An output delay is missing on rvfi_probes_o[csr][cycle_q][47] relative to the rising and/or falling clock edge(s) of clk_i.
Related violations: <none>

TIMING-18#431 Warning
Missing input or output delay  
An output delay is missing on rvfi_probes_o[csr][cycle_q][48] relative to the rising and/or falling clock edge(s) of clk_i.
Related violations: <none>

TIMING-18#432 Warning
Missing input or output delay  
An output delay is missing on rvfi_probes_o[csr][cycle_q][49] relative to the rising and/or falling clock edge(s) of clk_i.
Related violations: <none>

TIMING-18#433 Warning
Missing input or output delay  
An output delay is missing on rvfi_probes_o[csr][cycle_q][4] relative to the rising and/or falling clock edge(s) of clk_i.
Related violations: <none>

TIMING-18#434 Warning
Missing input or output delay  
An output delay is missing on rvfi_probes_o[csr][cycle_q][50] relative to the rising and/or falling clock edge(s) of clk_i.
Related violations: <none>

TIMING-18#435 Warning
Missing input or output delay  
An output delay is missing on rvfi_probes_o[csr][cycle_q][51] relative to the rising and/or falling clock edge(s) of clk_i.
Related violations: <none>

TIMING-18#436 Warning
Missing input or output delay  
An output delay is missing on rvfi_probes_o[csr][cycle_q][52] relative to the rising and/or falling clock edge(s) of clk_i.
Related violations: <none>

TIMING-18#437 Warning
Missing input or output delay  
An output delay is missing on rvfi_probes_o[csr][cycle_q][53] relative to the rising and/or falling clock edge(s) of clk_i.
Related violations: <none>

TIMING-18#438 Warning
Missing input or output delay  
An output delay is missing on rvfi_probes_o[csr][cycle_q][54] relative to the rising and/or falling clock edge(s) of clk_i.
Related violations: <none>

TIMING-18#439 Warning
Missing input or output delay  
An output delay is missing on rvfi_probes_o[csr][cycle_q][55] relative to the rising and/or falling clock edge(s) of clk_i.
Related violations: <none>

TIMING-18#440 Warning
Missing input or output delay  
An output delay is missing on rvfi_probes_o[csr][cycle_q][56] relative to the rising and/or falling clock edge(s) of clk_i.
Related violations: <none>

TIMING-18#441 Warning
Missing input or output delay  
An output delay is missing on rvfi_probes_o[csr][cycle_q][57] relative to the rising and/or falling clock edge(s) of clk_i.
Related violations: <none>

TIMING-18#442 Warning
Missing input or output delay  
An output delay is missing on rvfi_probes_o[csr][cycle_q][58] relative to the rising and/or falling clock edge(s) of clk_i.
Related violations: <none>

TIMING-18#443 Warning
Missing input or output delay  
An output delay is missing on rvfi_probes_o[csr][cycle_q][59] relative to the rising and/or falling clock edge(s) of clk_i.
Related violations: <none>

TIMING-18#444 Warning
Missing input or output delay  
An output delay is missing on rvfi_probes_o[csr][cycle_q][5] relative to the rising and/or falling clock edge(s) of clk_i.
Related violations: <none>

TIMING-18#445 Warning
Missing input or output delay  
An output delay is missing on rvfi_probes_o[csr][cycle_q][60] relative to the rising and/or falling clock edge(s) of clk_i.
Related violations: <none>

TIMING-18#446 Warning
Missing input or output delay  
An output delay is missing on rvfi_probes_o[csr][cycle_q][61] relative to the rising and/or falling clock edge(s) of clk_i.
Related violations: <none>

TIMING-18#447 Warning
Missing input or output delay  
An output delay is missing on rvfi_probes_o[csr][cycle_q][62] relative to the rising and/or falling clock edge(s) of clk_i.
Related violations: <none>

TIMING-18#448 Warning
Missing input or output delay  
An output delay is missing on rvfi_probes_o[csr][cycle_q][63] relative to the rising and/or falling clock edge(s) of clk_i.
Related violations: <none>

TIMING-18#449 Warning
Missing input or output delay  
An output delay is missing on rvfi_probes_o[csr][cycle_q][6] relative to the rising and/or falling clock edge(s) of clk_i.
Related violations: <none>

TIMING-18#450 Warning
Missing input or output delay  
An output delay is missing on rvfi_probes_o[csr][cycle_q][7] relative to the rising and/or falling clock edge(s) of clk_i.
Related violations: <none>

TIMING-18#451 Warning
Missing input or output delay  
An output delay is missing on rvfi_probes_o[csr][cycle_q][8] relative to the rising and/or falling clock edge(s) of clk_i.
Related violations: <none>

TIMING-18#452 Warning
Missing input or output delay  
An output delay is missing on rvfi_probes_o[csr][cycle_q][9] relative to the rising and/or falling clock edge(s) of clk_i.
Related violations: <none>

TIMING-18#453 Warning
Missing input or output delay  
An output delay is missing on rvfi_probes_o[csr][dcache_q][0] relative to the rising and/or falling clock edge(s) of clk_i.
Related violations: <none>

TIMING-18#454 Warning
Missing input or output delay  
An output delay is missing on rvfi_probes_o[csr][dcache_q][10] relative to the rising and/or falling clock edge(s) of clk_i.
Related violations: <none>

TIMING-18#455 Warning
Missing input or output delay  
An output delay is missing on rvfi_probes_o[csr][dcache_q][11] relative to the rising and/or falling clock edge(s) of clk_i.
Related violations: <none>

TIMING-18#456 Warning
Missing input or output delay  
An output delay is missing on rvfi_probes_o[csr][dcache_q][12] relative to the rising and/or falling clock edge(s) of clk_i.
Related violations: <none>

TIMING-18#457 Warning
Missing input or output delay  
An output delay is missing on rvfi_probes_o[csr][dcache_q][13] relative to the rising and/or falling clock edge(s) of clk_i.
Related violations: <none>

TIMING-18#458 Warning
Missing input or output delay  
An output delay is missing on rvfi_probes_o[csr][dcache_q][14] relative to the rising and/or falling clock edge(s) of clk_i.
Related violations: <none>

TIMING-18#459 Warning
Missing input or output delay  
An output delay is missing on rvfi_probes_o[csr][dcache_q][15] relative to the rising and/or falling clock edge(s) of clk_i.
Related violations: <none>

TIMING-18#460 Warning
Missing input or output delay  
An output delay is missing on rvfi_probes_o[csr][dcache_q][16] relative to the rising and/or falling clock edge(s) of clk_i.
Related violations: <none>

TIMING-18#461 Warning
Missing input or output delay  
An output delay is missing on rvfi_probes_o[csr][dcache_q][17] relative to the rising and/or falling clock edge(s) of clk_i.
Related violations: <none>

TIMING-18#462 Warning
Missing input or output delay  
An output delay is missing on rvfi_probes_o[csr][dcache_q][18] relative to the rising and/or falling clock edge(s) of clk_i.
Related violations: <none>

TIMING-18#463 Warning
Missing input or output delay  
An output delay is missing on rvfi_probes_o[csr][dcache_q][19] relative to the rising and/or falling clock edge(s) of clk_i.
Related violations: <none>

TIMING-18#464 Warning
Missing input or output delay  
An output delay is missing on rvfi_probes_o[csr][dcache_q][1] relative to the rising and/or falling clock edge(s) of clk_i.
Related violations: <none>

TIMING-18#465 Warning
Missing input or output delay  
An output delay is missing on rvfi_probes_o[csr][dcache_q][20] relative to the rising and/or falling clock edge(s) of clk_i.
Related violations: <none>

TIMING-18#466 Warning
Missing input or output delay  
An output delay is missing on rvfi_probes_o[csr][dcache_q][21] relative to the rising and/or falling clock edge(s) of clk_i.
Related violations: <none>

TIMING-18#467 Warning
Missing input or output delay  
An output delay is missing on rvfi_probes_o[csr][dcache_q][22] relative to the rising and/or falling clock edge(s) of clk_i.
Related violations: <none>

TIMING-18#468 Warning
Missing input or output delay  
An output delay is missing on rvfi_probes_o[csr][dcache_q][23] relative to the rising and/or falling clock edge(s) of clk_i.
Related violations: <none>

TIMING-18#469 Warning
Missing input or output delay  
An output delay is missing on rvfi_probes_o[csr][dcache_q][24] relative to the rising and/or falling clock edge(s) of clk_i.
Related violations: <none>

TIMING-18#470 Warning
Missing input or output delay  
An output delay is missing on rvfi_probes_o[csr][dcache_q][25] relative to the rising and/or falling clock edge(s) of clk_i.
Related violations: <none>

TIMING-18#471 Warning
Missing input or output delay  
An output delay is missing on rvfi_probes_o[csr][dcache_q][26] relative to the rising and/or falling clock edge(s) of clk_i.
Related violations: <none>

TIMING-18#472 Warning
Missing input or output delay  
An output delay is missing on rvfi_probes_o[csr][dcache_q][27] relative to the rising and/or falling clock edge(s) of clk_i.
Related violations: <none>

TIMING-18#473 Warning
Missing input or output delay  
An output delay is missing on rvfi_probes_o[csr][dcache_q][28] relative to the rising and/or falling clock edge(s) of clk_i.
Related violations: <none>

TIMING-18#474 Warning
Missing input or output delay  
An output delay is missing on rvfi_probes_o[csr][dcache_q][29] relative to the rising and/or falling clock edge(s) of clk_i.
Related violations: <none>

TIMING-18#475 Warning
Missing input or output delay  
An output delay is missing on rvfi_probes_o[csr][dcache_q][2] relative to the rising and/or falling clock edge(s) of clk_i.
Related violations: <none>

TIMING-18#476 Warning
Missing input or output delay  
An output delay is missing on rvfi_probes_o[csr][dcache_q][30] relative to the rising and/or falling clock edge(s) of clk_i.
Related violations: <none>

TIMING-18#477 Warning
Missing input or output delay  
An output delay is missing on rvfi_probes_o[csr][dcache_q][31] relative to the rising and/or falling clock edge(s) of clk_i.
Related violations: <none>

TIMING-18#478 Warning
Missing input or output delay  
An output delay is missing on rvfi_probes_o[csr][dcache_q][3] relative to the rising and/or falling clock edge(s) of clk_i.
Related violations: <none>

TIMING-18#479 Warning
Missing input or output delay  
An output delay is missing on rvfi_probes_o[csr][dcache_q][4] relative to the rising and/or falling clock edge(s) of clk_i.
Related violations: <none>

TIMING-18#480 Warning
Missing input or output delay  
An output delay is missing on rvfi_probes_o[csr][dcache_q][5] relative to the rising and/or falling clock edge(s) of clk_i.
Related violations: <none>

TIMING-18#481 Warning
Missing input or output delay  
An output delay is missing on rvfi_probes_o[csr][dcache_q][6] relative to the rising and/or falling clock edge(s) of clk_i.
Related violations: <none>

TIMING-18#482 Warning
Missing input or output delay  
An output delay is missing on rvfi_probes_o[csr][dcache_q][7] relative to the rising and/or falling clock edge(s) of clk_i.
Related violations: <none>

TIMING-18#483 Warning
Missing input or output delay  
An output delay is missing on rvfi_probes_o[csr][dcache_q][8] relative to the rising and/or falling clock edge(s) of clk_i.
Related violations: <none>

TIMING-18#484 Warning
Missing input or output delay  
An output delay is missing on rvfi_probes_o[csr][dcache_q][9] relative to the rising and/or falling clock edge(s) of clk_i.
Related violations: <none>

TIMING-18#485 Warning
Missing input or output delay  
An output delay is missing on rvfi_probes_o[csr][dcsr_q][cause][6] relative to the rising and/or falling clock edge(s) of clk_i.
Related violations: <none>

TIMING-18#486 Warning
Missing input or output delay  
An output delay is missing on rvfi_probes_o[csr][dcsr_q][cause][7] relative to the rising and/or falling clock edge(s) of clk_i.
Related violations: <none>

TIMING-18#487 Warning
Missing input or output delay  
An output delay is missing on rvfi_probes_o[csr][dcsr_q][cause][8] relative to the rising and/or falling clock edge(s) of clk_i.
Related violations: <none>

TIMING-18#488 Warning
Missing input or output delay  
An output delay is missing on rvfi_probes_o[csr][dcsr_q][ebreakm] relative to the rising and/or falling clock edge(s) of clk_i.
Related violations: <none>

TIMING-18#489 Warning
Missing input or output delay  
An output delay is missing on rvfi_probes_o[csr][dcsr_q][ebreaks] relative to the rising and/or falling clock edge(s) of clk_i.
Related violations: <none>

TIMING-18#490 Warning
Missing input or output delay  
An output delay is missing on rvfi_probes_o[csr][dcsr_q][ebreaku] relative to the rising and/or falling clock edge(s) of clk_i.
Related violations: <none>

TIMING-18#491 Warning
Missing input or output delay  
An output delay is missing on rvfi_probes_o[csr][dcsr_q][ebreakvs] relative to the rising and/or falling clock edge(s) of clk_i.
Related violations: <none>

TIMING-18#492 Warning
Missing input or output delay  
An output delay is missing on rvfi_probes_o[csr][dcsr_q][ebreakvu] relative to the rising and/or falling clock edge(s) of clk_i.
Related violations: <none>

TIMING-18#493 Warning
Missing input or output delay  
An output delay is missing on rvfi_probes_o[csr][dcsr_q][mprven] relative to the rising and/or falling clock edge(s) of clk_i.
Related violations: <none>

TIMING-18#494 Warning
Missing input or output delay  
An output delay is missing on rvfi_probes_o[csr][dcsr_q][prv][0] relative to the rising and/or falling clock edge(s) of clk_i.
Related violations: <none>

TIMING-18#495 Warning
Missing input or output delay  
An output delay is missing on rvfi_probes_o[csr][dcsr_q][prv][1] relative to the rising and/or falling clock edge(s) of clk_i.
Related violations: <none>

TIMING-18#496 Warning
Missing input or output delay  
An output delay is missing on rvfi_probes_o[csr][dcsr_q][step] relative to the rising and/or falling clock edge(s) of clk_i.
Related violations: <none>

TIMING-18#497 Warning
Missing input or output delay  
An output delay is missing on rvfi_probes_o[csr][dcsr_q][stepie] relative to the rising and/or falling clock edge(s) of clk_i.
Related violations: <none>

TIMING-18#498 Warning
Missing input or output delay  
An output delay is missing on rvfi_probes_o[csr][dcsr_q][v] relative to the rising and/or falling clock edge(s) of clk_i.
Related violations: <none>

TIMING-18#499 Warning
Missing input or output delay  
An output delay is missing on rvfi_probes_o[csr][dcsr_q][zero1] relative to the rising and/or falling clock edge(s) of clk_i.
Related violations: <none>

TIMING-18#500 Warning
Missing input or output delay  
An output delay is missing on rvfi_probes_o[csr][dcsr_q][zero2][18] relative to the rising and/or falling clock edge(s) of clk_i.
Related violations: <none>

TIMING-18#501 Warning
Missing input or output delay  
An output delay is missing on rvfi_probes_o[csr][dcsr_q][zero2][19] relative to the rising and/or falling clock edge(s) of clk_i.
Related violations: <none>

TIMING-18#502 Warning
Missing input or output delay  
An output delay is missing on rvfi_probes_o[csr][dcsr_q][zero2][20] relative to the rising and/or falling clock edge(s) of clk_i.
Related violations: <none>

TIMING-18#503 Warning
Missing input or output delay  
An output delay is missing on rvfi_probes_o[csr][dcsr_q][zero2][21] relative to the rising and/or falling clock edge(s) of clk_i.
Related violations: <none>

TIMING-18#504 Warning
Missing input or output delay  
An output delay is missing on rvfi_probes_o[csr][dcsr_q][zero2][22] relative to the rising and/or falling clock edge(s) of clk_i.
Related violations: <none>

TIMING-18#505 Warning
Missing input or output delay  
An output delay is missing on rvfi_probes_o[csr][dcsr_q][zero2][23] relative to the rising and/or falling clock edge(s) of clk_i.
Related violations: <none>

TIMING-18#506 Warning
Missing input or output delay  
An output delay is missing on rvfi_probes_o[csr][dcsr_q][zero2][24] relative to the rising and/or falling clock edge(s) of clk_i.
Related violations: <none>

TIMING-18#507 Warning
Missing input or output delay  
An output delay is missing on rvfi_probes_o[csr][dcsr_q][zero2][25] relative to the rising and/or falling clock edge(s) of clk_i.
Related violations: <none>

TIMING-18#508 Warning
Missing input or output delay  
An output delay is missing on rvfi_probes_o[csr][dcsr_q][zero2][26] relative to the rising and/or falling clock edge(s) of clk_i.
Related violations: <none>

TIMING-18#509 Warning
Missing input or output delay  
An output delay is missing on rvfi_probes_o[csr][dcsr_q][zero2][27] relative to the rising and/or falling clock edge(s) of clk_i.
Related violations: <none>

TIMING-18#510 Warning
Missing input or output delay  
An output delay is missing on rvfi_probes_o[csr][dpc_q][0] relative to the rising and/or falling clock edge(s) of clk_i.
Related violations: <none>

TIMING-18#511 Warning
Missing input or output delay  
An output delay is missing on rvfi_probes_o[csr][dpc_q][10] relative to the rising and/or falling clock edge(s) of clk_i.
Related violations: <none>

TIMING-18#512 Warning
Missing input or output delay  
An output delay is missing on rvfi_probes_o[csr][dpc_q][11] relative to the rising and/or falling clock edge(s) of clk_i.
Related violations: <none>

TIMING-18#513 Warning
Missing input or output delay  
An output delay is missing on rvfi_probes_o[csr][dpc_q][12] relative to the rising and/or falling clock edge(s) of clk_i.
Related violations: <none>

TIMING-18#514 Warning
Missing input or output delay  
An output delay is missing on rvfi_probes_o[csr][dpc_q][13] relative to the rising and/or falling clock edge(s) of clk_i.
Related violations: <none>

TIMING-18#515 Warning
Missing input or output delay  
An output delay is missing on rvfi_probes_o[csr][dpc_q][14] relative to the rising and/or falling clock edge(s) of clk_i.
Related violations: <none>

TIMING-18#516 Warning
Missing input or output delay  
An output delay is missing on rvfi_probes_o[csr][dpc_q][15] relative to the rising and/or falling clock edge(s) of clk_i.
Related violations: <none>

TIMING-18#517 Warning
Missing input or output delay  
An output delay is missing on rvfi_probes_o[csr][dpc_q][16] relative to the rising and/or falling clock edge(s) of clk_i.
Related violations: <none>

TIMING-18#518 Warning
Missing input or output delay  
An output delay is missing on rvfi_probes_o[csr][dpc_q][17] relative to the rising and/or falling clock edge(s) of clk_i.
Related violations: <none>

TIMING-18#519 Warning
Missing input or output delay  
An output delay is missing on rvfi_probes_o[csr][dpc_q][18] relative to the rising and/or falling clock edge(s) of clk_i.
Related violations: <none>

TIMING-18#520 Warning
Missing input or output delay  
An output delay is missing on rvfi_probes_o[csr][dpc_q][19] relative to the rising and/or falling clock edge(s) of clk_i.
Related violations: <none>

TIMING-18#521 Warning
Missing input or output delay  
An output delay is missing on rvfi_probes_o[csr][dpc_q][1] relative to the rising and/or falling clock edge(s) of clk_i.
Related violations: <none>

TIMING-18#522 Warning
Missing input or output delay  
An output delay is missing on rvfi_probes_o[csr][dpc_q][20] relative to the rising and/or falling clock edge(s) of clk_i.
Related violations: <none>

TIMING-18#523 Warning
Missing input or output delay  
An output delay is missing on rvfi_probes_o[csr][dpc_q][21] relative to the rising and/or falling clock edge(s) of clk_i.
Related violations: <none>

TIMING-18#524 Warning
Missing input or output delay  
An output delay is missing on rvfi_probes_o[csr][dpc_q][22] relative to the rising and/or falling clock edge(s) of clk_i.
Related violations: <none>

TIMING-18#525 Warning
Missing input or output delay  
An output delay is missing on rvfi_probes_o[csr][dpc_q][23] relative to the rising and/or falling clock edge(s) of clk_i.
Related violations: <none>

TIMING-18#526 Warning
Missing input or output delay  
An output delay is missing on rvfi_probes_o[csr][dpc_q][24] relative to the rising and/or falling clock edge(s) of clk_i.
Related violations: <none>

TIMING-18#527 Warning
Missing input or output delay  
An output delay is missing on rvfi_probes_o[csr][dpc_q][25] relative to the rising and/or falling clock edge(s) of clk_i.
Related violations: <none>

TIMING-18#528 Warning
Missing input or output delay  
An output delay is missing on rvfi_probes_o[csr][dpc_q][26] relative to the rising and/or falling clock edge(s) of clk_i.
Related violations: <none>

TIMING-18#529 Warning
Missing input or output delay  
An output delay is missing on rvfi_probes_o[csr][dpc_q][27] relative to the rising and/or falling clock edge(s) of clk_i.
Related violations: <none>

TIMING-18#530 Warning
Missing input or output delay  
An output delay is missing on rvfi_probes_o[csr][dpc_q][28] relative to the rising and/or falling clock edge(s) of clk_i.
Related violations: <none>

TIMING-18#531 Warning
Missing input or output delay  
An output delay is missing on rvfi_probes_o[csr][dpc_q][29] relative to the rising and/or falling clock edge(s) of clk_i.
Related violations: <none>

TIMING-18#532 Warning
Missing input or output delay  
An output delay is missing on rvfi_probes_o[csr][dpc_q][2] relative to the rising and/or falling clock edge(s) of clk_i.
Related violations: <none>

TIMING-18#533 Warning
Missing input or output delay  
An output delay is missing on rvfi_probes_o[csr][dpc_q][30] relative to the rising and/or falling clock edge(s) of clk_i.
Related violations: <none>

TIMING-18#534 Warning
Missing input or output delay  
An output delay is missing on rvfi_probes_o[csr][dpc_q][31] relative to the rising and/or falling clock edge(s) of clk_i.
Related violations: <none>

TIMING-18#535 Warning
Missing input or output delay  
An output delay is missing on rvfi_probes_o[csr][dpc_q][3] relative to the rising and/or falling clock edge(s) of clk_i.
Related violations: <none>

TIMING-18#536 Warning
Missing input or output delay  
An output delay is missing on rvfi_probes_o[csr][dpc_q][4] relative to the rising and/or falling clock edge(s) of clk_i.
Related violations: <none>

TIMING-18#537 Warning
Missing input or output delay  
An output delay is missing on rvfi_probes_o[csr][dpc_q][5] relative to the rising and/or falling clock edge(s) of clk_i.
Related violations: <none>

TIMING-18#538 Warning
Missing input or output delay  
An output delay is missing on rvfi_probes_o[csr][dpc_q][6] relative to the rising and/or falling clock edge(s) of clk_i.
Related violations: <none>

TIMING-18#539 Warning
Missing input or output delay  
An output delay is missing on rvfi_probes_o[csr][dpc_q][7] relative to the rising and/or falling clock edge(s) of clk_i.
Related violations: <none>

TIMING-18#540 Warning
Missing input or output delay  
An output delay is missing on rvfi_probes_o[csr][dpc_q][8] relative to the rising and/or falling clock edge(s) of clk_i.
Related violations: <none>

TIMING-18#541 Warning
Missing input or output delay  
An output delay is missing on rvfi_probes_o[csr][dpc_q][9] relative to the rising and/or falling clock edge(s) of clk_i.
Related violations: <none>

TIMING-18#542 Warning
Missing input or output delay  
An output delay is missing on rvfi_probes_o[csr][dscratch0_q][0] relative to the rising and/or falling clock edge(s) of clk_i.
Related violations: <none>

TIMING-18#543 Warning
Missing input or output delay  
An output delay is missing on rvfi_probes_o[csr][dscratch0_q][10] relative to the rising and/or falling clock edge(s) of clk_i.
Related violations: <none>

TIMING-18#544 Warning
Missing input or output delay  
An output delay is missing on rvfi_probes_o[csr][dscratch0_q][11] relative to the rising and/or falling clock edge(s) of clk_i.
Related violations: <none>

TIMING-18#545 Warning
Missing input or output delay  
An output delay is missing on rvfi_probes_o[csr][dscratch0_q][12] relative to the rising and/or falling clock edge(s) of clk_i.
Related violations: <none>

TIMING-18#546 Warning
Missing input or output delay  
An output delay is missing on rvfi_probes_o[csr][dscratch0_q][13] relative to the rising and/or falling clock edge(s) of clk_i.
Related violations: <none>

TIMING-18#547 Warning
Missing input or output delay  
An output delay is missing on rvfi_probes_o[csr][dscratch0_q][14] relative to the rising and/or falling clock edge(s) of clk_i.
Related violations: <none>

TIMING-18#548 Warning
Missing input or output delay  
An output delay is missing on rvfi_probes_o[csr][dscratch0_q][15] relative to the rising and/or falling clock edge(s) of clk_i.
Related violations: <none>

TIMING-18#549 Warning
Missing input or output delay  
An output delay is missing on rvfi_probes_o[csr][dscratch0_q][16] relative to the rising and/or falling clock edge(s) of clk_i.
Related violations: <none>

TIMING-18#550 Warning
Missing input or output delay  
An output delay is missing on rvfi_probes_o[csr][dscratch0_q][17] relative to the rising and/or falling clock edge(s) of clk_i.
Related violations: <none>

TIMING-18#551 Warning
Missing input or output delay  
An output delay is missing on rvfi_probes_o[csr][dscratch0_q][18] relative to the rising and/or falling clock edge(s) of clk_i.
Related violations: <none>

TIMING-18#552 Warning
Missing input or output delay  
An output delay is missing on rvfi_probes_o[csr][dscratch0_q][19] relative to the rising and/or falling clock edge(s) of clk_i.
Related violations: <none>

TIMING-18#553 Warning
Missing input or output delay  
An output delay is missing on rvfi_probes_o[csr][dscratch0_q][1] relative to the rising and/or falling clock edge(s) of clk_i.
Related violations: <none>

TIMING-18#554 Warning
Missing input or output delay  
An output delay is missing on rvfi_probes_o[csr][dscratch0_q][20] relative to the rising and/or falling clock edge(s) of clk_i.
Related violations: <none>

TIMING-18#555 Warning
Missing input or output delay  
An output delay is missing on rvfi_probes_o[csr][dscratch0_q][21] relative to the rising and/or falling clock edge(s) of clk_i.
Related violations: <none>

TIMING-18#556 Warning
Missing input or output delay  
An output delay is missing on rvfi_probes_o[csr][dscratch0_q][22] relative to the rising and/or falling clock edge(s) of clk_i.
Related violations: <none>

TIMING-18#557 Warning
Missing input or output delay  
An output delay is missing on rvfi_probes_o[csr][dscratch0_q][23] relative to the rising and/or falling clock edge(s) of clk_i.
Related violations: <none>

TIMING-18#558 Warning
Missing input or output delay  
An output delay is missing on rvfi_probes_o[csr][dscratch0_q][24] relative to the rising and/or falling clock edge(s) of clk_i.
Related violations: <none>

TIMING-18#559 Warning
Missing input or output delay  
An output delay is missing on rvfi_probes_o[csr][dscratch0_q][25] relative to the rising and/or falling clock edge(s) of clk_i.
Related violations: <none>

TIMING-18#560 Warning
Missing input or output delay  
An output delay is missing on rvfi_probes_o[csr][dscratch0_q][26] relative to the rising and/or falling clock edge(s) of clk_i.
Related violations: <none>

TIMING-18#561 Warning
Missing input or output delay  
An output delay is missing on rvfi_probes_o[csr][dscratch0_q][27] relative to the rising and/or falling clock edge(s) of clk_i.
Related violations: <none>

TIMING-18#562 Warning
Missing input or output delay  
An output delay is missing on rvfi_probes_o[csr][dscratch0_q][28] relative to the rising and/or falling clock edge(s) of clk_i.
Related violations: <none>

TIMING-18#563 Warning
Missing input or output delay  
An output delay is missing on rvfi_probes_o[csr][dscratch0_q][29] relative to the rising and/or falling clock edge(s) of clk_i.
Related violations: <none>

TIMING-18#564 Warning
Missing input or output delay  
An output delay is missing on rvfi_probes_o[csr][dscratch0_q][2] relative to the rising and/or falling clock edge(s) of clk_i.
Related violations: <none>

TIMING-18#565 Warning
Missing input or output delay  
An output delay is missing on rvfi_probes_o[csr][dscratch0_q][30] relative to the rising and/or falling clock edge(s) of clk_i.
Related violations: <none>

TIMING-18#566 Warning
Missing input or output delay  
An output delay is missing on rvfi_probes_o[csr][dscratch0_q][31] relative to the rising and/or falling clock edge(s) of clk_i.
Related violations: <none>

TIMING-18#567 Warning
Missing input or output delay  
An output delay is missing on rvfi_probes_o[csr][dscratch0_q][3] relative to the rising and/or falling clock edge(s) of clk_i.
Related violations: <none>

TIMING-18#568 Warning
Missing input or output delay  
An output delay is missing on rvfi_probes_o[csr][dscratch0_q][4] relative to the rising and/or falling clock edge(s) of clk_i.
Related violations: <none>

TIMING-18#569 Warning
Missing input or output delay  
An output delay is missing on rvfi_probes_o[csr][dscratch0_q][5] relative to the rising and/or falling clock edge(s) of clk_i.
Related violations: <none>

TIMING-18#570 Warning
Missing input or output delay  
An output delay is missing on rvfi_probes_o[csr][dscratch0_q][6] relative to the rising and/or falling clock edge(s) of clk_i.
Related violations: <none>

TIMING-18#571 Warning
Missing input or output delay  
An output delay is missing on rvfi_probes_o[csr][dscratch0_q][7] relative to the rising and/or falling clock edge(s) of clk_i.
Related violations: <none>

TIMING-18#572 Warning
Missing input or output delay  
An output delay is missing on rvfi_probes_o[csr][dscratch0_q][8] relative to the rising and/or falling clock edge(s) of clk_i.
Related violations: <none>

TIMING-18#573 Warning
Missing input or output delay  
An output delay is missing on rvfi_probes_o[csr][dscratch0_q][9] relative to the rising and/or falling clock edge(s) of clk_i.
Related violations: <none>

TIMING-18#574 Warning
Missing input or output delay  
An output delay is missing on rvfi_probes_o[csr][dscratch1_q][0] relative to the rising and/or falling clock edge(s) of clk_i.
Related violations: <none>

TIMING-18#575 Warning
Missing input or output delay  
An output delay is missing on rvfi_probes_o[csr][dscratch1_q][10] relative to the rising and/or falling clock edge(s) of clk_i.
Related violations: <none>

TIMING-18#576 Warning
Missing input or output delay  
An output delay is missing on rvfi_probes_o[csr][dscratch1_q][11] relative to the rising and/or falling clock edge(s) of clk_i.
Related violations: <none>

TIMING-18#577 Warning
Missing input or output delay  
An output delay is missing on rvfi_probes_o[csr][dscratch1_q][12] relative to the rising and/or falling clock edge(s) of clk_i.
Related violations: <none>

TIMING-18#578 Warning
Missing input or output delay  
An output delay is missing on rvfi_probes_o[csr][dscratch1_q][13] relative to the rising and/or falling clock edge(s) of clk_i.
Related violations: <none>

TIMING-18#579 Warning
Missing input or output delay  
An output delay is missing on rvfi_probes_o[csr][dscratch1_q][14] relative to the rising and/or falling clock edge(s) of clk_i.
Related violations: <none>

TIMING-18#580 Warning
Missing input or output delay  
An output delay is missing on rvfi_probes_o[csr][dscratch1_q][15] relative to the rising and/or falling clock edge(s) of clk_i.
Related violations: <none>

TIMING-18#581 Warning
Missing input or output delay  
An output delay is missing on rvfi_probes_o[csr][dscratch1_q][16] relative to the rising and/or falling clock edge(s) of clk_i.
Related violations: <none>

TIMING-18#582 Warning
Missing input or output delay  
An output delay is missing on rvfi_probes_o[csr][dscratch1_q][17] relative to the rising and/or falling clock edge(s) of clk_i.
Related violations: <none>

TIMING-18#583 Warning
Missing input or output delay  
An output delay is missing on rvfi_probes_o[csr][dscratch1_q][18] relative to the rising and/or falling clock edge(s) of clk_i.
Related violations: <none>

TIMING-18#584 Warning
Missing input or output delay  
An output delay is missing on rvfi_probes_o[csr][dscratch1_q][19] relative to the rising and/or falling clock edge(s) of clk_i.
Related violations: <none>

TIMING-18#585 Warning
Missing input or output delay  
An output delay is missing on rvfi_probes_o[csr][dscratch1_q][1] relative to the rising and/or falling clock edge(s) of clk_i.
Related violations: <none>

TIMING-18#586 Warning
Missing input or output delay  
An output delay is missing on rvfi_probes_o[csr][dscratch1_q][20] relative to the rising and/or falling clock edge(s) of clk_i.
Related violations: <none>

TIMING-18#587 Warning
Missing input or output delay  
An output delay is missing on rvfi_probes_o[csr][dscratch1_q][21] relative to the rising and/or falling clock edge(s) of clk_i.
Related violations: <none>

TIMING-18#588 Warning
Missing input or output delay  
An output delay is missing on rvfi_probes_o[csr][dscratch1_q][22] relative to the rising and/or falling clock edge(s) of clk_i.
Related violations: <none>

TIMING-18#589 Warning
Missing input or output delay  
An output delay is missing on rvfi_probes_o[csr][dscratch1_q][23] relative to the rising and/or falling clock edge(s) of clk_i.
Related violations: <none>

TIMING-18#590 Warning
Missing input or output delay  
An output delay is missing on rvfi_probes_o[csr][dscratch1_q][24] relative to the rising and/or falling clock edge(s) of clk_i.
Related violations: <none>

TIMING-18#591 Warning
Missing input or output delay  
An output delay is missing on rvfi_probes_o[csr][dscratch1_q][25] relative to the rising and/or falling clock edge(s) of clk_i.
Related violations: <none>

TIMING-18#592 Warning
Missing input or output delay  
An output delay is missing on rvfi_probes_o[csr][dscratch1_q][26] relative to the rising and/or falling clock edge(s) of clk_i.
Related violations: <none>

TIMING-18#593 Warning
Missing input or output delay  
An output delay is missing on rvfi_probes_o[csr][dscratch1_q][27] relative to the rising and/or falling clock edge(s) of clk_i.
Related violations: <none>

TIMING-18#594 Warning
Missing input or output delay  
An output delay is missing on rvfi_probes_o[csr][dscratch1_q][28] relative to the rising and/or falling clock edge(s) of clk_i.
Related violations: <none>

TIMING-18#595 Warning
Missing input or output delay  
An output delay is missing on rvfi_probes_o[csr][dscratch1_q][29] relative to the rising and/or falling clock edge(s) of clk_i.
Related violations: <none>

TIMING-18#596 Warning
Missing input or output delay  
An output delay is missing on rvfi_probes_o[csr][dscratch1_q][2] relative to the rising and/or falling clock edge(s) of clk_i.
Related violations: <none>

TIMING-18#597 Warning
Missing input or output delay  
An output delay is missing on rvfi_probes_o[csr][dscratch1_q][30] relative to the rising and/or falling clock edge(s) of clk_i.
Related violations: <none>

TIMING-18#598 Warning
Missing input or output delay  
An output delay is missing on rvfi_probes_o[csr][dscratch1_q][31] relative to the rising and/or falling clock edge(s) of clk_i.
Related violations: <none>

TIMING-18#599 Warning
Missing input or output delay  
An output delay is missing on rvfi_probes_o[csr][dscratch1_q][3] relative to the rising and/or falling clock edge(s) of clk_i.
Related violations: <none>

TIMING-18#600 Warning
Missing input or output delay  
An output delay is missing on rvfi_probes_o[csr][dscratch1_q][4] relative to the rising and/or falling clock edge(s) of clk_i.
Related violations: <none>

TIMING-18#601 Warning
Missing input or output delay  
An output delay is missing on rvfi_probes_o[csr][dscratch1_q][5] relative to the rising and/or falling clock edge(s) of clk_i.
Related violations: <none>

TIMING-18#602 Warning
Missing input or output delay  
An output delay is missing on rvfi_probes_o[csr][dscratch1_q][6] relative to the rising and/or falling clock edge(s) of clk_i.
Related violations: <none>

TIMING-18#603 Warning
Missing input or output delay  
An output delay is missing on rvfi_probes_o[csr][dscratch1_q][7] relative to the rising and/or falling clock edge(s) of clk_i.
Related violations: <none>

TIMING-18#604 Warning
Missing input or output delay  
An output delay is missing on rvfi_probes_o[csr][dscratch1_q][8] relative to the rising and/or falling clock edge(s) of clk_i.
Related violations: <none>

TIMING-18#605 Warning
Missing input or output delay  
An output delay is missing on rvfi_probes_o[csr][dscratch1_q][9] relative to the rising and/or falling clock edge(s) of clk_i.
Related violations: <none>

TIMING-18#606 Warning
Missing input or output delay  
An output delay is missing on rvfi_probes_o[csr][fcsr_q][fflags][0] relative to the rising and/or falling clock edge(s) of clk_i.
Related violations: <none>

TIMING-18#607 Warning
Missing input or output delay  
An output delay is missing on rvfi_probes_o[csr][fcsr_q][fflags][1] relative to the rising and/or falling clock edge(s) of clk_i.
Related violations: <none>

TIMING-18#608 Warning
Missing input or output delay  
An output delay is missing on rvfi_probes_o[csr][fcsr_q][fflags][2] relative to the rising and/or falling clock edge(s) of clk_i.
Related violations: <none>

TIMING-18#609 Warning
Missing input or output delay  
An output delay is missing on rvfi_probes_o[csr][fcsr_q][fflags][3] relative to the rising and/or falling clock edge(s) of clk_i.
Related violations: <none>

TIMING-18#610 Warning
Missing input or output delay  
An output delay is missing on rvfi_probes_o[csr][fcsr_q][fflags][4] relative to the rising and/or falling clock edge(s) of clk_i.
Related violations: <none>

TIMING-18#611 Warning
Missing input or output delay  
An output delay is missing on rvfi_probes_o[csr][fcsr_q][fprec][0] relative to the rising and/or falling clock edge(s) of clk_i.
Related violations: <none>

TIMING-18#612 Warning
Missing input or output delay  
An output delay is missing on rvfi_probes_o[csr][fcsr_q][fprec][1] relative to the rising and/or falling clock edge(s) of clk_i.
Related violations: <none>

TIMING-18#613 Warning
Missing input or output delay  
An output delay is missing on rvfi_probes_o[csr][fcsr_q][fprec][2] relative to the rising and/or falling clock edge(s) of clk_i.
Related violations: <none>

TIMING-18#614 Warning
Missing input or output delay  
An output delay is missing on rvfi_probes_o[csr][fcsr_q][fprec][3] relative to the rising and/or falling clock edge(s) of clk_i.
Related violations: <none>

TIMING-18#615 Warning
Missing input or output delay  
An output delay is missing on rvfi_probes_o[csr][fcsr_q][fprec][4] relative to the rising and/or falling clock edge(s) of clk_i.
Related violations: <none>

TIMING-18#616 Warning
Missing input or output delay  
An output delay is missing on rvfi_probes_o[csr][fcsr_q][fprec][5] relative to the rising and/or falling clock edge(s) of clk_i.
Related violations: <none>

TIMING-18#617 Warning
Missing input or output delay  
An output delay is missing on rvfi_probes_o[csr][fcsr_q][fprec][6] relative to the rising and/or falling clock edge(s) of clk_i.
Related violations: <none>

TIMING-18#618 Warning
Missing input or output delay  
An output delay is missing on rvfi_probes_o[csr][fcsr_q][frm][0] relative to the rising and/or falling clock edge(s) of clk_i.
Related violations: <none>

TIMING-18#619 Warning
Missing input or output delay  
An output delay is missing on rvfi_probes_o[csr][fcsr_q][frm][1] relative to the rising and/or falling clock edge(s) of clk_i.
Related violations: <none>

TIMING-18#620 Warning
Missing input or output delay  
An output delay is missing on rvfi_probes_o[csr][fcsr_q][frm][2] relative to the rising and/or falling clock edge(s) of clk_i.
Related violations: <none>

TIMING-18#621 Warning
Missing input or output delay  
An output delay is missing on rvfi_probes_o[csr][icache_q][0] relative to the rising and/or falling clock edge(s) of clk_i.
Related violations: <none>

TIMING-18#622 Warning
Missing input or output delay  
An output delay is missing on rvfi_probes_o[csr][icache_q][10] relative to the rising and/or falling clock edge(s) of clk_i.
Related violations: <none>

TIMING-18#623 Warning
Missing input or output delay  
An output delay is missing on rvfi_probes_o[csr][icache_q][11] relative to the rising and/or falling clock edge(s) of clk_i.
Related violations: <none>

TIMING-18#624 Warning
Missing input or output delay  
An output delay is missing on rvfi_probes_o[csr][icache_q][12] relative to the rising and/or falling clock edge(s) of clk_i.
Related violations: <none>

TIMING-18#625 Warning
Missing input or output delay  
An output delay is missing on rvfi_probes_o[csr][icache_q][13] relative to the rising and/or falling clock edge(s) of clk_i.
Related violations: <none>

TIMING-18#626 Warning
Missing input or output delay  
An output delay is missing on rvfi_probes_o[csr][icache_q][14] relative to the rising and/or falling clock edge(s) of clk_i.
Related violations: <none>

TIMING-18#627 Warning
Missing input or output delay  
An output delay is missing on rvfi_probes_o[csr][icache_q][15] relative to the rising and/or falling clock edge(s) of clk_i.
Related violations: <none>

TIMING-18#628 Warning
Missing input or output delay  
An output delay is missing on rvfi_probes_o[csr][icache_q][16] relative to the rising and/or falling clock edge(s) of clk_i.
Related violations: <none>

TIMING-18#629 Warning
Missing input or output delay  
An output delay is missing on rvfi_probes_o[csr][icache_q][17] relative to the rising and/or falling clock edge(s) of clk_i.
Related violations: <none>

TIMING-18#630 Warning
Missing input or output delay  
An output delay is missing on rvfi_probes_o[csr][icache_q][18] relative to the rising and/or falling clock edge(s) of clk_i.
Related violations: <none>

TIMING-18#631 Warning
Missing input or output delay  
An output delay is missing on rvfi_probes_o[csr][icache_q][19] relative to the rising and/or falling clock edge(s) of clk_i.
Related violations: <none>

TIMING-18#632 Warning
Missing input or output delay  
An output delay is missing on rvfi_probes_o[csr][icache_q][1] relative to the rising and/or falling clock edge(s) of clk_i.
Related violations: <none>

TIMING-18#633 Warning
Missing input or output delay  
An output delay is missing on rvfi_probes_o[csr][icache_q][20] relative to the rising and/or falling clock edge(s) of clk_i.
Related violations: <none>

TIMING-18#634 Warning
Missing input or output delay  
An output delay is missing on rvfi_probes_o[csr][icache_q][21] relative to the rising and/or falling clock edge(s) of clk_i.
Related violations: <none>

TIMING-18#635 Warning
Missing input or output delay  
An output delay is missing on rvfi_probes_o[csr][icache_q][22] relative to the rising and/or falling clock edge(s) of clk_i.
Related violations: <none>

TIMING-18#636 Warning
Missing input or output delay  
An output delay is missing on rvfi_probes_o[csr][icache_q][23] relative to the rising and/or falling clock edge(s) of clk_i.
Related violations: <none>

TIMING-18#637 Warning
Missing input or output delay  
An output delay is missing on rvfi_probes_o[csr][icache_q][24] relative to the rising and/or falling clock edge(s) of clk_i.
Related violations: <none>

TIMING-18#638 Warning
Missing input or output delay  
An output delay is missing on rvfi_probes_o[csr][icache_q][25] relative to the rising and/or falling clock edge(s) of clk_i.
Related violations: <none>

TIMING-18#639 Warning
Missing input or output delay  
An output delay is missing on rvfi_probes_o[csr][icache_q][26] relative to the rising and/or falling clock edge(s) of clk_i.
Related violations: <none>

TIMING-18#640 Warning
Missing input or output delay  
An output delay is missing on rvfi_probes_o[csr][icache_q][27] relative to the rising and/or falling clock edge(s) of clk_i.
Related violations: <none>

TIMING-18#641 Warning
Missing input or output delay  
An output delay is missing on rvfi_probes_o[csr][icache_q][28] relative to the rising and/or falling clock edge(s) of clk_i.
Related violations: <none>

TIMING-18#642 Warning
Missing input or output delay  
An output delay is missing on rvfi_probes_o[csr][icache_q][29] relative to the rising and/or falling clock edge(s) of clk_i.
Related violations: <none>

TIMING-18#643 Warning
Missing input or output delay  
An output delay is missing on rvfi_probes_o[csr][icache_q][2] relative to the rising and/or falling clock edge(s) of clk_i.
Related violations: <none>

TIMING-18#644 Warning
Missing input or output delay  
An output delay is missing on rvfi_probes_o[csr][icache_q][30] relative to the rising and/or falling clock edge(s) of clk_i.
Related violations: <none>

TIMING-18#645 Warning
Missing input or output delay  
An output delay is missing on rvfi_probes_o[csr][icache_q][31] relative to the rising and/or falling clock edge(s) of clk_i.
Related violations: <none>

TIMING-18#646 Warning
Missing input or output delay  
An output delay is missing on rvfi_probes_o[csr][icache_q][3] relative to the rising and/or falling clock edge(s) of clk_i.
Related violations: <none>

TIMING-18#647 Warning
Missing input or output delay  
An output delay is missing on rvfi_probes_o[csr][icache_q][4] relative to the rising and/or falling clock edge(s) of clk_i.
Related violations: <none>

TIMING-18#648 Warning
Missing input or output delay  
An output delay is missing on rvfi_probes_o[csr][icache_q][5] relative to the rising and/or falling clock edge(s) of clk_i.
Related violations: <none>

TIMING-18#649 Warning
Missing input or output delay  
An output delay is missing on rvfi_probes_o[csr][icache_q][6] relative to the rising and/or falling clock edge(s) of clk_i.
Related violations: <none>

TIMING-18#650 Warning
Missing input or output delay  
An output delay is missing on rvfi_probes_o[csr][icache_q][7] relative to the rising and/or falling clock edge(s) of clk_i.
Related violations: <none>

TIMING-18#651 Warning
Missing input or output delay  
An output delay is missing on rvfi_probes_o[csr][icache_q][8] relative to the rising and/or falling clock edge(s) of clk_i.
Related violations: <none>

TIMING-18#652 Warning
Missing input or output delay  
An output delay is missing on rvfi_probes_o[csr][icache_q][9] relative to the rising and/or falling clock edge(s) of clk_i.
Related violations: <none>

TIMING-18#653 Warning
Missing input or output delay  
An output delay is missing on rvfi_probes_o[csr][instret_q][0] relative to the rising and/or falling clock edge(s) of clk_i.
Related violations: <none>

TIMING-18#654 Warning
Missing input or output delay  
An output delay is missing on rvfi_probes_o[csr][instret_q][10] relative to the rising and/or falling clock edge(s) of clk_i.
Related violations: <none>

TIMING-18#655 Warning
Missing input or output delay  
An output delay is missing on rvfi_probes_o[csr][instret_q][11] relative to the rising and/or falling clock edge(s) of clk_i.
Related violations: <none>

TIMING-18#656 Warning
Missing input or output delay  
An output delay is missing on rvfi_probes_o[csr][instret_q][12] relative to the rising and/or falling clock edge(s) of clk_i.
Related violations: <none>

TIMING-18#657 Warning
Missing input or output delay  
An output delay is missing on rvfi_probes_o[csr][instret_q][13] relative to the rising and/or falling clock edge(s) of clk_i.
Related violations: <none>

TIMING-18#658 Warning
Missing input or output delay  
An output delay is missing on rvfi_probes_o[csr][instret_q][14] relative to the rising and/or falling clock edge(s) of clk_i.
Related violations: <none>

TIMING-18#659 Warning
Missing input or output delay  
An output delay is missing on rvfi_probes_o[csr][instret_q][15] relative to the rising and/or falling clock edge(s) of clk_i.
Related violations: <none>

TIMING-18#660 Warning
Missing input or output delay  
An output delay is missing on rvfi_probes_o[csr][instret_q][16] relative to the rising and/or falling clock edge(s) of clk_i.
Related violations: <none>

TIMING-18#661 Warning
Missing input or output delay  
An output delay is missing on rvfi_probes_o[csr][instret_q][17] relative to the rising and/or falling clock edge(s) of clk_i.
Related violations: <none>

TIMING-18#662 Warning
Missing input or output delay  
An output delay is missing on rvfi_probes_o[csr][instret_q][18] relative to the rising and/or falling clock edge(s) of clk_i.
Related violations: <none>

TIMING-18#663 Warning
Missing input or output delay  
An output delay is missing on rvfi_probes_o[csr][instret_q][19] relative to the rising and/or falling clock edge(s) of clk_i.
Related violations: <none>

TIMING-18#664 Warning
Missing input or output delay  
An output delay is missing on rvfi_probes_o[csr][instret_q][1] relative to the rising and/or falling clock edge(s) of clk_i.
Related violations: <none>

TIMING-18#665 Warning
Missing input or output delay  
An output delay is missing on rvfi_probes_o[csr][instret_q][20] relative to the rising and/or falling clock edge(s) of clk_i.
Related violations: <none>

TIMING-18#666 Warning
Missing input or output delay  
An output delay is missing on rvfi_probes_o[csr][instret_q][21] relative to the rising and/or falling clock edge(s) of clk_i.
Related violations: <none>

TIMING-18#667 Warning
Missing input or output delay  
An output delay is missing on rvfi_probes_o[csr][instret_q][22] relative to the rising and/or falling clock edge(s) of clk_i.
Related violations: <none>

TIMING-18#668 Warning
Missing input or output delay  
An output delay is missing on rvfi_probes_o[csr][instret_q][23] relative to the rising and/or falling clock edge(s) of clk_i.
Related violations: <none>

TIMING-18#669 Warning
Missing input or output delay  
An output delay is missing on rvfi_probes_o[csr][instret_q][24] relative to the rising and/or falling clock edge(s) of clk_i.
Related violations: <none>

TIMING-18#670 Warning
Missing input or output delay  
An output delay is missing on rvfi_probes_o[csr][instret_q][25] relative to the rising and/or falling clock edge(s) of clk_i.
Related violations: <none>

TIMING-18#671 Warning
Missing input or output delay  
An output delay is missing on rvfi_probes_o[csr][instret_q][26] relative to the rising and/or falling clock edge(s) of clk_i.
Related violations: <none>

TIMING-18#672 Warning
Missing input or output delay  
An output delay is missing on rvfi_probes_o[csr][instret_q][27] relative to the rising and/or falling clock edge(s) of clk_i.
Related violations: <none>

TIMING-18#673 Warning
Missing input or output delay  
An output delay is missing on rvfi_probes_o[csr][instret_q][28] relative to the rising and/or falling clock edge(s) of clk_i.
Related violations: <none>

TIMING-18#674 Warning
Missing input or output delay  
An output delay is missing on rvfi_probes_o[csr][instret_q][29] relative to the rising and/or falling clock edge(s) of clk_i.
Related violations: <none>

TIMING-18#675 Warning
Missing input or output delay  
An output delay is missing on rvfi_probes_o[csr][instret_q][2] relative to the rising and/or falling clock edge(s) of clk_i.
Related violations: <none>

TIMING-18#676 Warning
Missing input or output delay  
An output delay is missing on rvfi_probes_o[csr][instret_q][30] relative to the rising and/or falling clock edge(s) of clk_i.
Related violations: <none>

TIMING-18#677 Warning
Missing input or output delay  
An output delay is missing on rvfi_probes_o[csr][instret_q][31] relative to the rising and/or falling clock edge(s) of clk_i.
Related violations: <none>

TIMING-18#678 Warning
Missing input or output delay  
An output delay is missing on rvfi_probes_o[csr][instret_q][32] relative to the rising and/or falling clock edge(s) of clk_i.
Related violations: <none>

TIMING-18#679 Warning
Missing input or output delay  
An output delay is missing on rvfi_probes_o[csr][instret_q][33] relative to the rising and/or falling clock edge(s) of clk_i.
Related violations: <none>

TIMING-18#680 Warning
Missing input or output delay  
An output delay is missing on rvfi_probes_o[csr][instret_q][34] relative to the rising and/or falling clock edge(s) of clk_i.
Related violations: <none>

TIMING-18#681 Warning
Missing input or output delay  
An output delay is missing on rvfi_probes_o[csr][instret_q][35] relative to the rising and/or falling clock edge(s) of clk_i.
Related violations: <none>

TIMING-18#682 Warning
Missing input or output delay  
An output delay is missing on rvfi_probes_o[csr][instret_q][36] relative to the rising and/or falling clock edge(s) of clk_i.
Related violations: <none>

TIMING-18#683 Warning
Missing input or output delay  
An output delay is missing on rvfi_probes_o[csr][instret_q][37] relative to the rising and/or falling clock edge(s) of clk_i.
Related violations: <none>

TIMING-18#684 Warning
Missing input or output delay  
An output delay is missing on rvfi_probes_o[csr][instret_q][38] relative to the rising and/or falling clock edge(s) of clk_i.
Related violations: <none>

TIMING-18#685 Warning
Missing input or output delay  
An output delay is missing on rvfi_probes_o[csr][instret_q][39] relative to the rising and/or falling clock edge(s) of clk_i.
Related violations: <none>

TIMING-18#686 Warning
Missing input or output delay  
An output delay is missing on rvfi_probes_o[csr][instret_q][3] relative to the rising and/or falling clock edge(s) of clk_i.
Related violations: <none>

TIMING-18#687 Warning
Missing input or output delay  
An output delay is missing on rvfi_probes_o[csr][instret_q][40] relative to the rising and/or falling clock edge(s) of clk_i.
Related violations: <none>

TIMING-18#688 Warning
Missing input or output delay  
An output delay is missing on rvfi_probes_o[csr][instret_q][41] relative to the rising and/or falling clock edge(s) of clk_i.
Related violations: <none>

TIMING-18#689 Warning
Missing input or output delay  
An output delay is missing on rvfi_probes_o[csr][instret_q][42] relative to the rising and/or falling clock edge(s) of clk_i.
Related violations: <none>

TIMING-18#690 Warning
Missing input or output delay  
An output delay is missing on rvfi_probes_o[csr][instret_q][43] relative to the rising and/or falling clock edge(s) of clk_i.
Related violations: <none>

TIMING-18#691 Warning
Missing input or output delay  
An output delay is missing on rvfi_probes_o[csr][instret_q][44] relative to the rising and/or falling clock edge(s) of clk_i.
Related violations: <none>

TIMING-18#692 Warning
Missing input or output delay  
An output delay is missing on rvfi_probes_o[csr][instret_q][45] relative to the rising and/or falling clock edge(s) of clk_i.
Related violations: <none>

TIMING-18#693 Warning
Missing input or output delay  
An output delay is missing on rvfi_probes_o[csr][instret_q][46] relative to the rising and/or falling clock edge(s) of clk_i.
Related violations: <none>

TIMING-18#694 Warning
Missing input or output delay  
An output delay is missing on rvfi_probes_o[csr][instret_q][47] relative to the rising and/or falling clock edge(s) of clk_i.
Related violations: <none>

TIMING-18#695 Warning
Missing input or output delay  
An output delay is missing on rvfi_probes_o[csr][instret_q][48] relative to the rising and/or falling clock edge(s) of clk_i.
Related violations: <none>

TIMING-18#696 Warning
Missing input or output delay  
An output delay is missing on rvfi_probes_o[csr][instret_q][49] relative to the rising and/or falling clock edge(s) of clk_i.
Related violations: <none>

TIMING-18#697 Warning
Missing input or output delay  
An output delay is missing on rvfi_probes_o[csr][instret_q][4] relative to the rising and/or falling clock edge(s) of clk_i.
Related violations: <none>

TIMING-18#698 Warning
Missing input or output delay  
An output delay is missing on rvfi_probes_o[csr][instret_q][50] relative to the rising and/or falling clock edge(s) of clk_i.
Related violations: <none>

TIMING-18#699 Warning
Missing input or output delay  
An output delay is missing on rvfi_probes_o[csr][instret_q][51] relative to the rising and/or falling clock edge(s) of clk_i.
Related violations: <none>

TIMING-18#700 Warning
Missing input or output delay  
An output delay is missing on rvfi_probes_o[csr][instret_q][52] relative to the rising and/or falling clock edge(s) of clk_i.
Related violations: <none>

TIMING-18#701 Warning
Missing input or output delay  
An output delay is missing on rvfi_probes_o[csr][instret_q][53] relative to the rising and/or falling clock edge(s) of clk_i.
Related violations: <none>

TIMING-18#702 Warning
Missing input or output delay  
An output delay is missing on rvfi_probes_o[csr][instret_q][54] relative to the rising and/or falling clock edge(s) of clk_i.
Related violations: <none>

TIMING-18#703 Warning
Missing input or output delay  
An output delay is missing on rvfi_probes_o[csr][instret_q][55] relative to the rising and/or falling clock edge(s) of clk_i.
Related violations: <none>

TIMING-18#704 Warning
Missing input or output delay  
An output delay is missing on rvfi_probes_o[csr][instret_q][56] relative to the rising and/or falling clock edge(s) of clk_i.
Related violations: <none>

TIMING-18#705 Warning
Missing input or output delay  
An output delay is missing on rvfi_probes_o[csr][instret_q][57] relative to the rising and/or falling clock edge(s) of clk_i.
Related violations: <none>

TIMING-18#706 Warning
Missing input or output delay  
An output delay is missing on rvfi_probes_o[csr][instret_q][58] relative to the rising and/or falling clock edge(s) of clk_i.
Related violations: <none>

TIMING-18#707 Warning
Missing input or output delay  
An output delay is missing on rvfi_probes_o[csr][instret_q][59] relative to the rising and/or falling clock edge(s) of clk_i.
Related violations: <none>

TIMING-18#708 Warning
Missing input or output delay  
An output delay is missing on rvfi_probes_o[csr][instret_q][5] relative to the rising and/or falling clock edge(s) of clk_i.
Related violations: <none>

TIMING-18#709 Warning
Missing input or output delay  
An output delay is missing on rvfi_probes_o[csr][instret_q][60] relative to the rising and/or falling clock edge(s) of clk_i.
Related violations: <none>

TIMING-18#710 Warning
Missing input or output delay  
An output delay is missing on rvfi_probes_o[csr][instret_q][61] relative to the rising and/or falling clock edge(s) of clk_i.
Related violations: <none>

TIMING-18#711 Warning
Missing input or output delay  
An output delay is missing on rvfi_probes_o[csr][instret_q][62] relative to the rising and/or falling clock edge(s) of clk_i.
Related violations: <none>

TIMING-18#712 Warning
Missing input or output delay  
An output delay is missing on rvfi_probes_o[csr][instret_q][63] relative to the rising and/or falling clock edge(s) of clk_i.
Related violations: <none>

TIMING-18#713 Warning
Missing input or output delay  
An output delay is missing on rvfi_probes_o[csr][instret_q][6] relative to the rising and/or falling clock edge(s) of clk_i.
Related violations: <none>

TIMING-18#714 Warning
Missing input or output delay  
An output delay is missing on rvfi_probes_o[csr][instret_q][7] relative to the rising and/or falling clock edge(s) of clk_i.
Related violations: <none>

TIMING-18#715 Warning
Missing input or output delay  
An output delay is missing on rvfi_probes_o[csr][instret_q][8] relative to the rising and/or falling clock edge(s) of clk_i.
Related violations: <none>

TIMING-18#716 Warning
Missing input or output delay  
An output delay is missing on rvfi_probes_o[csr][instret_q][9] relative to the rising and/or falling clock edge(s) of clk_i.
Related violations: <none>

TIMING-18#717 Warning
Missing input or output delay  
An output delay is missing on rvfi_probes_o[csr][mcause_q][0] relative to the rising and/or falling clock edge(s) of clk_i.
Related violations: <none>

TIMING-18#718 Warning
Missing input or output delay  
An output delay is missing on rvfi_probes_o[csr][mcause_q][10] relative to the rising and/or falling clock edge(s) of clk_i.
Related violations: <none>

TIMING-18#719 Warning
Missing input or output delay  
An output delay is missing on rvfi_probes_o[csr][mcause_q][11] relative to the rising and/or falling clock edge(s) of clk_i.
Related violations: <none>

TIMING-18#720 Warning
Missing input or output delay  
An output delay is missing on rvfi_probes_o[csr][mcause_q][12] relative to the rising and/or falling clock edge(s) of clk_i.
Related violations: <none>

TIMING-18#721 Warning
Missing input or output delay  
An output delay is missing on rvfi_probes_o[csr][mcause_q][13] relative to the rising and/or falling clock edge(s) of clk_i.
Related violations: <none>

TIMING-18#722 Warning
Missing input or output delay  
An output delay is missing on rvfi_probes_o[csr][mcause_q][14] relative to the rising and/or falling clock edge(s) of clk_i.
Related violations: <none>

TIMING-18#723 Warning
Missing input or output delay  
An output delay is missing on rvfi_probes_o[csr][mcause_q][15] relative to the rising and/or falling clock edge(s) of clk_i.
Related violations: <none>

TIMING-18#724 Warning
Missing input or output delay  
An output delay is missing on rvfi_probes_o[csr][mcause_q][16] relative to the rising and/or falling clock edge(s) of clk_i.
Related violations: <none>

TIMING-18#725 Warning
Missing input or output delay  
An output delay is missing on rvfi_probes_o[csr][mcause_q][17] relative to the rising and/or falling clock edge(s) of clk_i.
Related violations: <none>

TIMING-18#726 Warning
Missing input or output delay  
An output delay is missing on rvfi_probes_o[csr][mcause_q][18] relative to the rising and/or falling clock edge(s) of clk_i.
Related violations: <none>

TIMING-18#727 Warning
Missing input or output delay  
An output delay is missing on rvfi_probes_o[csr][mcause_q][19] relative to the rising and/or falling clock edge(s) of clk_i.
Related violations: <none>

TIMING-18#728 Warning
Missing input or output delay  
An output delay is missing on rvfi_probes_o[csr][mcause_q][1] relative to the rising and/or falling clock edge(s) of clk_i.
Related violations: <none>

TIMING-18#729 Warning
Missing input or output delay  
An output delay is missing on rvfi_probes_o[csr][mcause_q][20] relative to the rising and/or falling clock edge(s) of clk_i.
Related violations: <none>

TIMING-18#730 Warning
Missing input or output delay  
An output delay is missing on rvfi_probes_o[csr][mcause_q][21] relative to the rising and/or falling clock edge(s) of clk_i.
Related violations: <none>

TIMING-18#731 Warning
Missing input or output delay  
An output delay is missing on rvfi_probes_o[csr][mcause_q][22] relative to the rising and/or falling clock edge(s) of clk_i.
Related violations: <none>

TIMING-18#732 Warning
Missing input or output delay  
An output delay is missing on rvfi_probes_o[csr][mcause_q][23] relative to the rising and/or falling clock edge(s) of clk_i.
Related violations: <none>

TIMING-18#733 Warning
Missing input or output delay  
An output delay is missing on rvfi_probes_o[csr][mcause_q][24] relative to the rising and/or falling clock edge(s) of clk_i.
Related violations: <none>

TIMING-18#734 Warning
Missing input or output delay  
An output delay is missing on rvfi_probes_o[csr][mcause_q][25] relative to the rising and/or falling clock edge(s) of clk_i.
Related violations: <none>

TIMING-18#735 Warning
Missing input or output delay  
An output delay is missing on rvfi_probes_o[csr][mcause_q][26] relative to the rising and/or falling clock edge(s) of clk_i.
Related violations: <none>

TIMING-18#736 Warning
Missing input or output delay  
An output delay is missing on rvfi_probes_o[csr][mcause_q][27] relative to the rising and/or falling clock edge(s) of clk_i.
Related violations: <none>

TIMING-18#737 Warning
Missing input or output delay  
An output delay is missing on rvfi_probes_o[csr][mcause_q][28] relative to the rising and/or falling clock edge(s) of clk_i.
Related violations: <none>

TIMING-18#738 Warning
Missing input or output delay  
An output delay is missing on rvfi_probes_o[csr][mcause_q][29] relative to the rising and/or falling clock edge(s) of clk_i.
Related violations: <none>

TIMING-18#739 Warning
Missing input or output delay  
An output delay is missing on rvfi_probes_o[csr][mcause_q][2] relative to the rising and/or falling clock edge(s) of clk_i.
Related violations: <none>

TIMING-18#740 Warning
Missing input or output delay  
An output delay is missing on rvfi_probes_o[csr][mcause_q][30] relative to the rising and/or falling clock edge(s) of clk_i.
Related violations: <none>

TIMING-18#741 Warning
Missing input or output delay  
An output delay is missing on rvfi_probes_o[csr][mcause_q][31] relative to the rising and/or falling clock edge(s) of clk_i.
Related violations: <none>

TIMING-18#742 Warning
Missing input or output delay  
An output delay is missing on rvfi_probes_o[csr][mcause_q][3] relative to the rising and/or falling clock edge(s) of clk_i.
Related violations: <none>

TIMING-18#743 Warning
Missing input or output delay  
An output delay is missing on rvfi_probes_o[csr][mcause_q][4] relative to the rising and/or falling clock edge(s) of clk_i.
Related violations: <none>

TIMING-18#744 Warning
Missing input or output delay  
An output delay is missing on rvfi_probes_o[csr][mcause_q][5] relative to the rising and/or falling clock edge(s) of clk_i.
Related violations: <none>

TIMING-18#745 Warning
Missing input or output delay  
An output delay is missing on rvfi_probes_o[csr][mcause_q][6] relative to the rising and/or falling clock edge(s) of clk_i.
Related violations: <none>

TIMING-18#746 Warning
Missing input or output delay  
An output delay is missing on rvfi_probes_o[csr][mcause_q][7] relative to the rising and/or falling clock edge(s) of clk_i.
Related violations: <none>

TIMING-18#747 Warning
Missing input or output delay  
An output delay is missing on rvfi_probes_o[csr][mcause_q][8] relative to the rising and/or falling clock edge(s) of clk_i.
Related violations: <none>

TIMING-18#748 Warning
Missing input or output delay  
An output delay is missing on rvfi_probes_o[csr][mcause_q][9] relative to the rising and/or falling clock edge(s) of clk_i.
Related violations: <none>

TIMING-18#749 Warning
Missing input or output delay  
An output delay is missing on rvfi_probes_o[csr][mepc_q][0] relative to the rising and/or falling clock edge(s) of clk_i.
Related violations: <none>

TIMING-18#750 Warning
Missing input or output delay  
An output delay is missing on rvfi_probes_o[csr][mepc_q][10] relative to the rising and/or falling clock edge(s) of clk_i.
Related violations: <none>

TIMING-18#751 Warning
Missing input or output delay  
An output delay is missing on rvfi_probes_o[csr][mepc_q][11] relative to the rising and/or falling clock edge(s) of clk_i.
Related violations: <none>

TIMING-18#752 Warning
Missing input or output delay  
An output delay is missing on rvfi_probes_o[csr][mepc_q][12] relative to the rising and/or falling clock edge(s) of clk_i.
Related violations: <none>

TIMING-18#753 Warning
Missing input or output delay  
An output delay is missing on rvfi_probes_o[csr][mepc_q][13] relative to the rising and/or falling clock edge(s) of clk_i.
Related violations: <none>

TIMING-18#754 Warning
Missing input or output delay  
An output delay is missing on rvfi_probes_o[csr][mepc_q][14] relative to the rising and/or falling clock edge(s) of clk_i.
Related violations: <none>

TIMING-18#755 Warning
Missing input or output delay  
An output delay is missing on rvfi_probes_o[csr][mepc_q][15] relative to the rising and/or falling clock edge(s) of clk_i.
Related violations: <none>

TIMING-18#756 Warning
Missing input or output delay  
An output delay is missing on rvfi_probes_o[csr][mepc_q][16] relative to the rising and/or falling clock edge(s) of clk_i.
Related violations: <none>

TIMING-18#757 Warning
Missing input or output delay  
An output delay is missing on rvfi_probes_o[csr][mepc_q][17] relative to the rising and/or falling clock edge(s) of clk_i.
Related violations: <none>

TIMING-18#758 Warning
Missing input or output delay  
An output delay is missing on rvfi_probes_o[csr][mepc_q][18] relative to the rising and/or falling clock edge(s) of clk_i.
Related violations: <none>

TIMING-18#759 Warning
Missing input or output delay  
An output delay is missing on rvfi_probes_o[csr][mepc_q][19] relative to the rising and/or falling clock edge(s) of clk_i.
Related violations: <none>

TIMING-18#760 Warning
Missing input or output delay  
An output delay is missing on rvfi_probes_o[csr][mepc_q][1] relative to the rising and/or falling clock edge(s) of clk_i.
Related violations: <none>

TIMING-18#761 Warning
Missing input or output delay  
An output delay is missing on rvfi_probes_o[csr][mepc_q][20] relative to the rising and/or falling clock edge(s) of clk_i.
Related violations: <none>

TIMING-18#762 Warning
Missing input or output delay  
An output delay is missing on rvfi_probes_o[csr][mepc_q][21] relative to the rising and/or falling clock edge(s) of clk_i.
Related violations: <none>

TIMING-18#763 Warning
Missing input or output delay  
An output delay is missing on rvfi_probes_o[csr][mepc_q][22] relative to the rising and/or falling clock edge(s) of clk_i.
Related violations: <none>

TIMING-18#764 Warning
Missing input or output delay  
An output delay is missing on rvfi_probes_o[csr][mepc_q][23] relative to the rising and/or falling clock edge(s) of clk_i.
Related violations: <none>

TIMING-18#765 Warning
Missing input or output delay  
An output delay is missing on rvfi_probes_o[csr][mepc_q][24] relative to the rising and/or falling clock edge(s) of clk_i.
Related violations: <none>

TIMING-18#766 Warning
Missing input or output delay  
An output delay is missing on rvfi_probes_o[csr][mepc_q][25] relative to the rising and/or falling clock edge(s) of clk_i.
Related violations: <none>

TIMING-18#767 Warning
Missing input or output delay  
An output delay is missing on rvfi_probes_o[csr][mepc_q][26] relative to the rising and/or falling clock edge(s) of clk_i.
Related violations: <none>

TIMING-18#768 Warning
Missing input or output delay  
An output delay is missing on rvfi_probes_o[csr][mepc_q][27] relative to the rising and/or falling clock edge(s) of clk_i.
Related violations: <none>

TIMING-18#769 Warning
Missing input or output delay  
An output delay is missing on rvfi_probes_o[csr][mepc_q][28] relative to the rising and/or falling clock edge(s) of clk_i.
Related violations: <none>

TIMING-18#770 Warning
Missing input or output delay  
An output delay is missing on rvfi_probes_o[csr][mepc_q][29] relative to the rising and/or falling clock edge(s) of clk_i.
Related violations: <none>

TIMING-18#771 Warning
Missing input or output delay  
An output delay is missing on rvfi_probes_o[csr][mepc_q][2] relative to the rising and/or falling clock edge(s) of clk_i.
Related violations: <none>

TIMING-18#772 Warning
Missing input or output delay  
An output delay is missing on rvfi_probes_o[csr][mepc_q][30] relative to the rising and/or falling clock edge(s) of clk_i.
Related violations: <none>

TIMING-18#773 Warning
Missing input or output delay  
An output delay is missing on rvfi_probes_o[csr][mepc_q][31] relative to the rising and/or falling clock edge(s) of clk_i.
Related violations: <none>

TIMING-18#774 Warning
Missing input or output delay  
An output delay is missing on rvfi_probes_o[csr][mepc_q][3] relative to the rising and/or falling clock edge(s) of clk_i.
Related violations: <none>

TIMING-18#775 Warning
Missing input or output delay  
An output delay is missing on rvfi_probes_o[csr][mepc_q][4] relative to the rising and/or falling clock edge(s) of clk_i.
Related violations: <none>

TIMING-18#776 Warning
Missing input or output delay  
An output delay is missing on rvfi_probes_o[csr][mepc_q][5] relative to the rising and/or falling clock edge(s) of clk_i.
Related violations: <none>

TIMING-18#777 Warning
Missing input or output delay  
An output delay is missing on rvfi_probes_o[csr][mepc_q][6] relative to the rising and/or falling clock edge(s) of clk_i.
Related violations: <none>

TIMING-18#778 Warning
Missing input or output delay  
An output delay is missing on rvfi_probes_o[csr][mepc_q][7] relative to the rising and/or falling clock edge(s) of clk_i.
Related violations: <none>

TIMING-18#779 Warning
Missing input or output delay  
An output delay is missing on rvfi_probes_o[csr][mepc_q][8] relative to the rising and/or falling clock edge(s) of clk_i.
Related violations: <none>

TIMING-18#780 Warning
Missing input or output delay  
An output delay is missing on rvfi_probes_o[csr][mepc_q][9] relative to the rising and/or falling clock edge(s) of clk_i.
Related violations: <none>

TIMING-18#781 Warning
Missing input or output delay  
An output delay is missing on rvfi_probes_o[csr][mie_q][0] relative to the rising and/or falling clock edge(s) of clk_i.
Related violations: <none>

TIMING-18#782 Warning
Missing input or output delay  
An output delay is missing on rvfi_probes_o[csr][mie_q][10] relative to the rising and/or falling clock edge(s) of clk_i.
Related violations: <none>

TIMING-18#783 Warning
Missing input or output delay  
An output delay is missing on rvfi_probes_o[csr][mie_q][11] relative to the rising and/or falling clock edge(s) of clk_i.
Related violations: <none>

TIMING-18#784 Warning
Missing input or output delay  
An output delay is missing on rvfi_probes_o[csr][mie_q][12] relative to the rising and/or falling clock edge(s) of clk_i.
Related violations: <none>

TIMING-18#785 Warning
Missing input or output delay  
An output delay is missing on rvfi_probes_o[csr][mie_q][13] relative to the rising and/or falling clock edge(s) of clk_i.
Related violations: <none>

TIMING-18#786 Warning
Missing input or output delay  
An output delay is missing on rvfi_probes_o[csr][mie_q][14] relative to the rising and/or falling clock edge(s) of clk_i.
Related violations: <none>

TIMING-18#787 Warning
Missing input or output delay  
An output delay is missing on rvfi_probes_o[csr][mie_q][15] relative to the rising and/or falling clock edge(s) of clk_i.
Related violations: <none>

TIMING-18#788 Warning
Missing input or output delay  
An output delay is missing on rvfi_probes_o[csr][mie_q][16] relative to the rising and/or falling clock edge(s) of clk_i.
Related violations: <none>

TIMING-18#789 Warning
Missing input or output delay  
An output delay is missing on rvfi_probes_o[csr][mie_q][17] relative to the rising and/or falling clock edge(s) of clk_i.
Related violations: <none>

TIMING-18#790 Warning
Missing input or output delay  
An output delay is missing on rvfi_probes_o[csr][mie_q][18] relative to the rising and/or falling clock edge(s) of clk_i.
Related violations: <none>

TIMING-18#791 Warning
Missing input or output delay  
An output delay is missing on rvfi_probes_o[csr][mie_q][19] relative to the rising and/or falling clock edge(s) of clk_i.
Related violations: <none>

TIMING-18#792 Warning
Missing input or output delay  
An output delay is missing on rvfi_probes_o[csr][mie_q][1] relative to the rising and/or falling clock edge(s) of clk_i.
Related violations: <none>

TIMING-18#793 Warning
Missing input or output delay  
An output delay is missing on rvfi_probes_o[csr][mie_q][20] relative to the rising and/or falling clock edge(s) of clk_i.
Related violations: <none>

TIMING-18#794 Warning
Missing input or output delay  
An output delay is missing on rvfi_probes_o[csr][mie_q][21] relative to the rising and/or falling clock edge(s) of clk_i.
Related violations: <none>

TIMING-18#795 Warning
Missing input or output delay  
An output delay is missing on rvfi_probes_o[csr][mie_q][22] relative to the rising and/or falling clock edge(s) of clk_i.
Related violations: <none>

TIMING-18#796 Warning
Missing input or output delay  
An output delay is missing on rvfi_probes_o[csr][mie_q][23] relative to the rising and/or falling clock edge(s) of clk_i.
Related violations: <none>

TIMING-18#797 Warning
Missing input or output delay  
An output delay is missing on rvfi_probes_o[csr][mie_q][24] relative to the rising and/or falling clock edge(s) of clk_i.
Related violations: <none>

TIMING-18#798 Warning
Missing input or output delay  
An output delay is missing on rvfi_probes_o[csr][mie_q][25] relative to the rising and/or falling clock edge(s) of clk_i.
Related violations: <none>

TIMING-18#799 Warning
Missing input or output delay  
An output delay is missing on rvfi_probes_o[csr][mie_q][26] relative to the rising and/or falling clock edge(s) of clk_i.
Related violations: <none>

TIMING-18#800 Warning
Missing input or output delay  
An output delay is missing on rvfi_probes_o[csr][mie_q][27] relative to the rising and/or falling clock edge(s) of clk_i.
Related violations: <none>

TIMING-18#801 Warning
Missing input or output delay  
An output delay is missing on rvfi_probes_o[csr][mie_q][28] relative to the rising and/or falling clock edge(s) of clk_i.
Related violations: <none>

TIMING-18#802 Warning
Missing input or output delay  
An output delay is missing on rvfi_probes_o[csr][mie_q][29] relative to the rising and/or falling clock edge(s) of clk_i.
Related violations: <none>

TIMING-18#803 Warning
Missing input or output delay  
An output delay is missing on rvfi_probes_o[csr][mie_q][2] relative to the rising and/or falling clock edge(s) of clk_i.
Related violations: <none>

TIMING-18#804 Warning
Missing input or output delay  
An output delay is missing on rvfi_probes_o[csr][mie_q][30] relative to the rising and/or falling clock edge(s) of clk_i.
Related violations: <none>

TIMING-18#805 Warning
Missing input or output delay  
An output delay is missing on rvfi_probes_o[csr][mie_q][31] relative to the rising and/or falling clock edge(s) of clk_i.
Related violations: <none>

TIMING-18#806 Warning
Missing input or output delay  
An output delay is missing on rvfi_probes_o[csr][mie_q][3] relative to the rising and/or falling clock edge(s) of clk_i.
Related violations: <none>

TIMING-18#807 Warning
Missing input or output delay  
An output delay is missing on rvfi_probes_o[csr][mie_q][4] relative to the rising and/or falling clock edge(s) of clk_i.
Related violations: <none>

TIMING-18#808 Warning
Missing input or output delay  
An output delay is missing on rvfi_probes_o[csr][mie_q][5] relative to the rising and/or falling clock edge(s) of clk_i.
Related violations: <none>

TIMING-18#809 Warning
Missing input or output delay  
An output delay is missing on rvfi_probes_o[csr][mie_q][6] relative to the rising and/or falling clock edge(s) of clk_i.
Related violations: <none>

TIMING-18#810 Warning
Missing input or output delay  
An output delay is missing on rvfi_probes_o[csr][mie_q][7] relative to the rising and/or falling clock edge(s) of clk_i.
Related violations: <none>

TIMING-18#811 Warning
Missing input or output delay  
An output delay is missing on rvfi_probes_o[csr][mie_q][8] relative to the rising and/or falling clock edge(s) of clk_i.
Related violations: <none>

TIMING-18#812 Warning
Missing input or output delay  
An output delay is missing on rvfi_probes_o[csr][mie_q][9] relative to the rising and/or falling clock edge(s) of clk_i.
Related violations: <none>

TIMING-18#813 Warning
Missing input or output delay  
An output delay is missing on rvfi_probes_o[csr][mip_q][0] relative to the rising and/or falling clock edge(s) of clk_i.
Related violations: <none>

TIMING-18#814 Warning
Missing input or output delay  
An output delay is missing on rvfi_probes_o[csr][mip_q][10] relative to the rising and/or falling clock edge(s) of clk_i.
Related violations: <none>

TIMING-18#815 Warning
Missing input or output delay  
An output delay is missing on rvfi_probes_o[csr][mip_q][11] relative to the rising and/or falling clock edge(s) of clk_i.
Related violations: <none>

TIMING-18#816 Warning
Missing input or output delay  
An output delay is missing on rvfi_probes_o[csr][mip_q][12] relative to the rising and/or falling clock edge(s) of clk_i.
Related violations: <none>

TIMING-18#817 Warning
Missing input or output delay  
An output delay is missing on rvfi_probes_o[csr][mip_q][13] relative to the rising and/or falling clock edge(s) of clk_i.
Related violations: <none>

TIMING-18#818 Warning
Missing input or output delay  
An output delay is missing on rvfi_probes_o[csr][mip_q][14] relative to the rising and/or falling clock edge(s) of clk_i.
Related violations: <none>

TIMING-18#819 Warning
Missing input or output delay  
An output delay is missing on rvfi_probes_o[csr][mip_q][15] relative to the rising and/or falling clock edge(s) of clk_i.
Related violations: <none>

TIMING-18#820 Warning
Missing input or output delay  
An output delay is missing on rvfi_probes_o[csr][mip_q][16] relative to the rising and/or falling clock edge(s) of clk_i.
Related violations: <none>

TIMING-18#821 Warning
Missing input or output delay  
An output delay is missing on rvfi_probes_o[csr][mip_q][17] relative to the rising and/or falling clock edge(s) of clk_i.
Related violations: <none>

TIMING-18#822 Warning
Missing input or output delay  
An output delay is missing on rvfi_probes_o[csr][mip_q][18] relative to the rising and/or falling clock edge(s) of clk_i.
Related violations: <none>

TIMING-18#823 Warning
Missing input or output delay  
An output delay is missing on rvfi_probes_o[csr][mip_q][19] relative to the rising and/or falling clock edge(s) of clk_i.
Related violations: <none>

TIMING-18#824 Warning
Missing input or output delay  
An output delay is missing on rvfi_probes_o[csr][mip_q][1] relative to the rising and/or falling clock edge(s) of clk_i.
Related violations: <none>

TIMING-18#825 Warning
Missing input or output delay  
An output delay is missing on rvfi_probes_o[csr][mip_q][20] relative to the rising and/or falling clock edge(s) of clk_i.
Related violations: <none>

TIMING-18#826 Warning
Missing input or output delay  
An output delay is missing on rvfi_probes_o[csr][mip_q][21] relative to the rising and/or falling clock edge(s) of clk_i.
Related violations: <none>

TIMING-18#827 Warning
Missing input or output delay  
An output delay is missing on rvfi_probes_o[csr][mip_q][22] relative to the rising and/or falling clock edge(s) of clk_i.
Related violations: <none>

TIMING-18#828 Warning
Missing input or output delay  
An output delay is missing on rvfi_probes_o[csr][mip_q][23] relative to the rising and/or falling clock edge(s) of clk_i.
Related violations: <none>

TIMING-18#829 Warning
Missing input or output delay  
An output delay is missing on rvfi_probes_o[csr][mip_q][24] relative to the rising and/or falling clock edge(s) of clk_i.
Related violations: <none>

TIMING-18#830 Warning
Missing input or output delay  
An output delay is missing on rvfi_probes_o[csr][mip_q][25] relative to the rising and/or falling clock edge(s) of clk_i.
Related violations: <none>

TIMING-18#831 Warning
Missing input or output delay  
An output delay is missing on rvfi_probes_o[csr][mip_q][26] relative to the rising and/or falling clock edge(s) of clk_i.
Related violations: <none>

TIMING-18#832 Warning
Missing input or output delay  
An output delay is missing on rvfi_probes_o[csr][mip_q][27] relative to the rising and/or falling clock edge(s) of clk_i.
Related violations: <none>

TIMING-18#833 Warning
Missing input or output delay  
An output delay is missing on rvfi_probes_o[csr][mip_q][28] relative to the rising and/or falling clock edge(s) of clk_i.
Related violations: <none>

TIMING-18#834 Warning
Missing input or output delay  
An output delay is missing on rvfi_probes_o[csr][mip_q][29] relative to the rising and/or falling clock edge(s) of clk_i.
Related violations: <none>

TIMING-18#835 Warning
Missing input or output delay  
An output delay is missing on rvfi_probes_o[csr][mip_q][2] relative to the rising and/or falling clock edge(s) of clk_i.
Related violations: <none>

TIMING-18#836 Warning
Missing input or output delay  
An output delay is missing on rvfi_probes_o[csr][mip_q][30] relative to the rising and/or falling clock edge(s) of clk_i.
Related violations: <none>

TIMING-18#837 Warning
Missing input or output delay  
An output delay is missing on rvfi_probes_o[csr][mip_q][31] relative to the rising and/or falling clock edge(s) of clk_i.
Related violations: <none>

TIMING-18#838 Warning
Missing input or output delay  
An output delay is missing on rvfi_probes_o[csr][mip_q][3] relative to the rising and/or falling clock edge(s) of clk_i.
Related violations: <none>

TIMING-18#839 Warning
Missing input or output delay  
An output delay is missing on rvfi_probes_o[csr][mip_q][4] relative to the rising and/or falling clock edge(s) of clk_i.
Related violations: <none>

TIMING-18#840 Warning
Missing input or output delay  
An output delay is missing on rvfi_probes_o[csr][mip_q][5] relative to the rising and/or falling clock edge(s) of clk_i.
Related violations: <none>

TIMING-18#841 Warning
Missing input or output delay  
An output delay is missing on rvfi_probes_o[csr][mip_q][6] relative to the rising and/or falling clock edge(s) of clk_i.
Related violations: <none>

TIMING-18#842 Warning
Missing input or output delay  
An output delay is missing on rvfi_probes_o[csr][mip_q][7] relative to the rising and/or falling clock edge(s) of clk_i.
Related violations: <none>

TIMING-18#843 Warning
Missing input or output delay  
An output delay is missing on rvfi_probes_o[csr][mip_q][8] relative to the rising and/or falling clock edge(s) of clk_i.
Related violations: <none>

TIMING-18#844 Warning
Missing input or output delay  
An output delay is missing on rvfi_probes_o[csr][mip_q][9] relative to the rising and/or falling clock edge(s) of clk_i.
Related violations: <none>

TIMING-18#845 Warning
Missing input or output delay  
An output delay is missing on rvfi_probes_o[csr][mscratch_q][0] relative to the rising and/or falling clock edge(s) of clk_i.
Related violations: <none>

TIMING-18#846 Warning
Missing input or output delay  
An output delay is missing on rvfi_probes_o[csr][mscratch_q][10] relative to the rising and/or falling clock edge(s) of clk_i.
Related violations: <none>

TIMING-18#847 Warning
Missing input or output delay  
An output delay is missing on rvfi_probes_o[csr][mscratch_q][11] relative to the rising and/or falling clock edge(s) of clk_i.
Related violations: <none>

TIMING-18#848 Warning
Missing input or output delay  
An output delay is missing on rvfi_probes_o[csr][mscratch_q][12] relative to the rising and/or falling clock edge(s) of clk_i.
Related violations: <none>

TIMING-18#849 Warning
Missing input or output delay  
An output delay is missing on rvfi_probes_o[csr][mscratch_q][13] relative to the rising and/or falling clock edge(s) of clk_i.
Related violations: <none>

TIMING-18#850 Warning
Missing input or output delay  
An output delay is missing on rvfi_probes_o[csr][mscratch_q][14] relative to the rising and/or falling clock edge(s) of clk_i.
Related violations: <none>

TIMING-18#851 Warning
Missing input or output delay  
An output delay is missing on rvfi_probes_o[csr][mscratch_q][15] relative to the rising and/or falling clock edge(s) of clk_i.
Related violations: <none>

TIMING-18#852 Warning
Missing input or output delay  
An output delay is missing on rvfi_probes_o[csr][mscratch_q][16] relative to the rising and/or falling clock edge(s) of clk_i.
Related violations: <none>

TIMING-18#853 Warning
Missing input or output delay  
An output delay is missing on rvfi_probes_o[csr][mscratch_q][17] relative to the rising and/or falling clock edge(s) of clk_i.
Related violations: <none>

TIMING-18#854 Warning
Missing input or output delay  
An output delay is missing on rvfi_probes_o[csr][mscratch_q][18] relative to the rising and/or falling clock edge(s) of clk_i.
Related violations: <none>

TIMING-18#855 Warning
Missing input or output delay  
An output delay is missing on rvfi_probes_o[csr][mscratch_q][19] relative to the rising and/or falling clock edge(s) of clk_i.
Related violations: <none>

TIMING-18#856 Warning
Missing input or output delay  
An output delay is missing on rvfi_probes_o[csr][mscratch_q][1] relative to the rising and/or falling clock edge(s) of clk_i.
Related violations: <none>

TIMING-18#857 Warning
Missing input or output delay  
An output delay is missing on rvfi_probes_o[csr][mscratch_q][20] relative to the rising and/or falling clock edge(s) of clk_i.
Related violations: <none>

TIMING-18#858 Warning
Missing input or output delay  
An output delay is missing on rvfi_probes_o[csr][mscratch_q][21] relative to the rising and/or falling clock edge(s) of clk_i.
Related violations: <none>

TIMING-18#859 Warning
Missing input or output delay  
An output delay is missing on rvfi_probes_o[csr][mscratch_q][22] relative to the rising and/or falling clock edge(s) of clk_i.
Related violations: <none>

TIMING-18#860 Warning
Missing input or output delay  
An output delay is missing on rvfi_probes_o[csr][mscratch_q][23] relative to the rising and/or falling clock edge(s) of clk_i.
Related violations: <none>

TIMING-18#861 Warning
Missing input or output delay  
An output delay is missing on rvfi_probes_o[csr][mscratch_q][24] relative to the rising and/or falling clock edge(s) of clk_i.
Related violations: <none>

TIMING-18#862 Warning
Missing input or output delay  
An output delay is missing on rvfi_probes_o[csr][mscratch_q][25] relative to the rising and/or falling clock edge(s) of clk_i.
Related violations: <none>

TIMING-18#863 Warning
Missing input or output delay  
An output delay is missing on rvfi_probes_o[csr][mscratch_q][26] relative to the rising and/or falling clock edge(s) of clk_i.
Related violations: <none>

TIMING-18#864 Warning
Missing input or output delay  
An output delay is missing on rvfi_probes_o[csr][mscratch_q][27] relative to the rising and/or falling clock edge(s) of clk_i.
Related violations: <none>

TIMING-18#865 Warning
Missing input or output delay  
An output delay is missing on rvfi_probes_o[csr][mscratch_q][28] relative to the rising and/or falling clock edge(s) of clk_i.
Related violations: <none>

TIMING-18#866 Warning
Missing input or output delay  
An output delay is missing on rvfi_probes_o[csr][mscratch_q][29] relative to the rising and/or falling clock edge(s) of clk_i.
Related violations: <none>

TIMING-18#867 Warning
Missing input or output delay  
An output delay is missing on rvfi_probes_o[csr][mscratch_q][2] relative to the rising and/or falling clock edge(s) of clk_i.
Related violations: <none>

TIMING-18#868 Warning
Missing input or output delay  
An output delay is missing on rvfi_probes_o[csr][mscratch_q][30] relative to the rising and/or falling clock edge(s) of clk_i.
Related violations: <none>

TIMING-18#869 Warning
Missing input or output delay  
An output delay is missing on rvfi_probes_o[csr][mscratch_q][31] relative to the rising and/or falling clock edge(s) of clk_i.
Related violations: <none>

TIMING-18#870 Warning
Missing input or output delay  
An output delay is missing on rvfi_probes_o[csr][mscratch_q][3] relative to the rising and/or falling clock edge(s) of clk_i.
Related violations: <none>

TIMING-18#871 Warning
Missing input or output delay  
An output delay is missing on rvfi_probes_o[csr][mscratch_q][4] relative to the rising and/or falling clock edge(s) of clk_i.
Related violations: <none>

TIMING-18#872 Warning
Missing input or output delay  
An output delay is missing on rvfi_probes_o[csr][mscratch_q][5] relative to the rising and/or falling clock edge(s) of clk_i.
Related violations: <none>

TIMING-18#873 Warning
Missing input or output delay  
An output delay is missing on rvfi_probes_o[csr][mscratch_q][6] relative to the rising and/or falling clock edge(s) of clk_i.
Related violations: <none>

TIMING-18#874 Warning
Missing input or output delay  
An output delay is missing on rvfi_probes_o[csr][mscratch_q][7] relative to the rising and/or falling clock edge(s) of clk_i.
Related violations: <none>

TIMING-18#875 Warning
Missing input or output delay  
An output delay is missing on rvfi_probes_o[csr][mscratch_q][8] relative to the rising and/or falling clock edge(s) of clk_i.
Related violations: <none>

TIMING-18#876 Warning
Missing input or output delay  
An output delay is missing on rvfi_probes_o[csr][mscratch_q][9] relative to the rising and/or falling clock edge(s) of clk_i.
Related violations: <none>

TIMING-18#877 Warning
Missing input or output delay  
An output delay is missing on rvfi_probes_o[csr][mstatus_extended][0] relative to the rising and/or falling clock edge(s) of clk_i.
Related violations: <none>

TIMING-18#878 Warning
Missing input or output delay  
An output delay is missing on rvfi_probes_o[csr][mstatus_extended][10] relative to the rising and/or falling clock edge(s) of clk_i.
Related violations: <none>

TIMING-18#879 Warning
Missing input or output delay  
An output delay is missing on rvfi_probes_o[csr][mstatus_extended][11] relative to the rising and/or falling clock edge(s) of clk_i.
Related violations: <none>

TIMING-18#880 Warning
Missing input or output delay  
An output delay is missing on rvfi_probes_o[csr][mstatus_extended][12] relative to the rising and/or falling clock edge(s) of clk_i.
Related violations: <none>

TIMING-18#881 Warning
Missing input or output delay  
An output delay is missing on rvfi_probes_o[csr][mstatus_extended][13] relative to the rising and/or falling clock edge(s) of clk_i.
Related violations: <none>

TIMING-18#882 Warning
Missing input or output delay  
An output delay is missing on rvfi_probes_o[csr][mstatus_extended][14] relative to the rising and/or falling clock edge(s) of clk_i.
Related violations: <none>

TIMING-18#883 Warning
Missing input or output delay  
An output delay is missing on rvfi_probes_o[csr][mstatus_extended][15] relative to the rising and/or falling clock edge(s) of clk_i.
Related violations: <none>

TIMING-18#884 Warning
Missing input or output delay  
An output delay is missing on rvfi_probes_o[csr][mstatus_extended][16] relative to the rising and/or falling clock edge(s) of clk_i.
Related violations: <none>

TIMING-18#885 Warning
Missing input or output delay  
An output delay is missing on rvfi_probes_o[csr][mstatus_extended][17] relative to the rising and/or falling clock edge(s) of clk_i.
Related violations: <none>

TIMING-18#886 Warning
Missing input or output delay  
An output delay is missing on rvfi_probes_o[csr][mstatus_extended][18] relative to the rising and/or falling clock edge(s) of clk_i.
Related violations: <none>

TIMING-18#887 Warning
Missing input or output delay  
An output delay is missing on rvfi_probes_o[csr][mstatus_extended][19] relative to the rising and/or falling clock edge(s) of clk_i.
Related violations: <none>

TIMING-18#888 Warning
Missing input or output delay  
An output delay is missing on rvfi_probes_o[csr][mstatus_extended][1] relative to the rising and/or falling clock edge(s) of clk_i.
Related violations: <none>

TIMING-18#889 Warning
Missing input or output delay  
An output delay is missing on rvfi_probes_o[csr][mstatus_extended][20] relative to the rising and/or falling clock edge(s) of clk_i.
Related violations: <none>

TIMING-18#890 Warning
Missing input or output delay  
An output delay is missing on rvfi_probes_o[csr][mstatus_extended][21] relative to the rising and/or falling clock edge(s) of clk_i.
Related violations: <none>

TIMING-18#891 Warning
Missing input or output delay  
An output delay is missing on rvfi_probes_o[csr][mstatus_extended][22] relative to the rising and/or falling clock edge(s) of clk_i.
Related violations: <none>

TIMING-18#892 Warning
Missing input or output delay  
An output delay is missing on rvfi_probes_o[csr][mstatus_extended][23] relative to the rising and/or falling clock edge(s) of clk_i.
Related violations: <none>

TIMING-18#893 Warning
Missing input or output delay  
An output delay is missing on rvfi_probes_o[csr][mstatus_extended][24] relative to the rising and/or falling clock edge(s) of clk_i.
Related violations: <none>

TIMING-18#894 Warning
Missing input or output delay  
An output delay is missing on rvfi_probes_o[csr][mstatus_extended][25] relative to the rising and/or falling clock edge(s) of clk_i.
Related violations: <none>

TIMING-18#895 Warning
Missing input or output delay  
An output delay is missing on rvfi_probes_o[csr][mstatus_extended][26] relative to the rising and/or falling clock edge(s) of clk_i.
Related violations: <none>

TIMING-18#896 Warning
Missing input or output delay  
An output delay is missing on rvfi_probes_o[csr][mstatus_extended][27] relative to the rising and/or falling clock edge(s) of clk_i.
Related violations: <none>

TIMING-18#897 Warning
Missing input or output delay  
An output delay is missing on rvfi_probes_o[csr][mstatus_extended][28] relative to the rising and/or falling clock edge(s) of clk_i.
Related violations: <none>

TIMING-18#898 Warning
Missing input or output delay  
An output delay is missing on rvfi_probes_o[csr][mstatus_extended][29] relative to the rising and/or falling clock edge(s) of clk_i.
Related violations: <none>

TIMING-18#899 Warning
Missing input or output delay  
An output delay is missing on rvfi_probes_o[csr][mstatus_extended][2] relative to the rising and/or falling clock edge(s) of clk_i.
Related violations: <none>

TIMING-18#900 Warning
Missing input or output delay  
An output delay is missing on rvfi_probes_o[csr][mstatus_extended][30] relative to the rising and/or falling clock edge(s) of clk_i.
Related violations: <none>

TIMING-18#901 Warning
Missing input or output delay  
An output delay is missing on rvfi_probes_o[csr][mstatus_extended][31] relative to the rising and/or falling clock edge(s) of clk_i.
Related violations: <none>

TIMING-18#902 Warning
Missing input or output delay  
An output delay is missing on rvfi_probes_o[csr][mstatus_extended][3] relative to the rising and/or falling clock edge(s) of clk_i.
Related violations: <none>

TIMING-18#903 Warning
Missing input or output delay  
An output delay is missing on rvfi_probes_o[csr][mstatus_extended][4] relative to the rising and/or falling clock edge(s) of clk_i.
Related violations: <none>

TIMING-18#904 Warning
Missing input or output delay  
An output delay is missing on rvfi_probes_o[csr][mstatus_extended][5] relative to the rising and/or falling clock edge(s) of clk_i.
Related violations: <none>

TIMING-18#905 Warning
Missing input or output delay  
An output delay is missing on rvfi_probes_o[csr][mstatus_extended][6] relative to the rising and/or falling clock edge(s) of clk_i.
Related violations: <none>

TIMING-18#906 Warning
Missing input or output delay  
An output delay is missing on rvfi_probes_o[csr][mstatus_extended][7] relative to the rising and/or falling clock edge(s) of clk_i.
Related violations: <none>

TIMING-18#907 Warning
Missing input or output delay  
An output delay is missing on rvfi_probes_o[csr][mstatus_extended][8] relative to the rising and/or falling clock edge(s) of clk_i.
Related violations: <none>

TIMING-18#908 Warning
Missing input or output delay  
An output delay is missing on rvfi_probes_o[csr][mstatus_extended][9] relative to the rising and/or falling clock edge(s) of clk_i.
Related violations: <none>

TIMING-18#909 Warning
Missing input or output delay  
An output delay is missing on rvfi_probes_o[csr][mtval_q][0] relative to the rising and/or falling clock edge(s) of clk_i.
Related violations: <none>

TIMING-18#910 Warning
Missing input or output delay  
An output delay is missing on rvfi_probes_o[csr][mtval_q][10] relative to the rising and/or falling clock edge(s) of clk_i.
Related violations: <none>

TIMING-18#911 Warning
Missing input or output delay  
An output delay is missing on rvfi_probes_o[csr][mtval_q][11] relative to the rising and/or falling clock edge(s) of clk_i.
Related violations: <none>

TIMING-18#912 Warning
Missing input or output delay  
An output delay is missing on rvfi_probes_o[csr][mtval_q][12] relative to the rising and/or falling clock edge(s) of clk_i.
Related violations: <none>

TIMING-18#913 Warning
Missing input or output delay  
An output delay is missing on rvfi_probes_o[csr][mtval_q][13] relative to the rising and/or falling clock edge(s) of clk_i.
Related violations: <none>

TIMING-18#914 Warning
Missing input or output delay  
An output delay is missing on rvfi_probes_o[csr][mtval_q][14] relative to the rising and/or falling clock edge(s) of clk_i.
Related violations: <none>

TIMING-18#915 Warning
Missing input or output delay  
An output delay is missing on rvfi_probes_o[csr][mtval_q][15] relative to the rising and/or falling clock edge(s) of clk_i.
Related violations: <none>

TIMING-18#916 Warning
Missing input or output delay  
An output delay is missing on rvfi_probes_o[csr][mtval_q][16] relative to the rising and/or falling clock edge(s) of clk_i.
Related violations: <none>

TIMING-18#917 Warning
Missing input or output delay  
An output delay is missing on rvfi_probes_o[csr][mtval_q][17] relative to the rising and/or falling clock edge(s) of clk_i.
Related violations: <none>

TIMING-18#918 Warning
Missing input or output delay  
An output delay is missing on rvfi_probes_o[csr][mtval_q][18] relative to the rising and/or falling clock edge(s) of clk_i.
Related violations: <none>

TIMING-18#919 Warning
Missing input or output delay  
An output delay is missing on rvfi_probes_o[csr][mtval_q][19] relative to the rising and/or falling clock edge(s) of clk_i.
Related violations: <none>

TIMING-18#920 Warning
Missing input or output delay  
An output delay is missing on rvfi_probes_o[csr][mtval_q][1] relative to the rising and/or falling clock edge(s) of clk_i.
Related violations: <none>

TIMING-18#921 Warning
Missing input or output delay  
An output delay is missing on rvfi_probes_o[csr][mtval_q][20] relative to the rising and/or falling clock edge(s) of clk_i.
Related violations: <none>

TIMING-18#922 Warning
Missing input or output delay  
An output delay is missing on rvfi_probes_o[csr][mtval_q][21] relative to the rising and/or falling clock edge(s) of clk_i.
Related violations: <none>

TIMING-18#923 Warning
Missing input or output delay  
An output delay is missing on rvfi_probes_o[csr][mtval_q][22] relative to the rising and/or falling clock edge(s) of clk_i.
Related violations: <none>

TIMING-18#924 Warning
Missing input or output delay  
An output delay is missing on rvfi_probes_o[csr][mtval_q][23] relative to the rising and/or falling clock edge(s) of clk_i.
Related violations: <none>

TIMING-18#925 Warning
Missing input or output delay  
An output delay is missing on rvfi_probes_o[csr][mtval_q][24] relative to the rising and/or falling clock edge(s) of clk_i.
Related violations: <none>

TIMING-18#926 Warning
Missing input or output delay  
An output delay is missing on rvfi_probes_o[csr][mtval_q][25] relative to the rising and/or falling clock edge(s) of clk_i.
Related violations: <none>

TIMING-18#927 Warning
Missing input or output delay  
An output delay is missing on rvfi_probes_o[csr][mtval_q][26] relative to the rising and/or falling clock edge(s) of clk_i.
Related violations: <none>

TIMING-18#928 Warning
Missing input or output delay  
An output delay is missing on rvfi_probes_o[csr][mtval_q][27] relative to the rising and/or falling clock edge(s) of clk_i.
Related violations: <none>

TIMING-18#929 Warning
Missing input or output delay  
An output delay is missing on rvfi_probes_o[csr][mtval_q][28] relative to the rising and/or falling clock edge(s) of clk_i.
Related violations: <none>

TIMING-18#930 Warning
Missing input or output delay  
An output delay is missing on rvfi_probes_o[csr][mtval_q][29] relative to the rising and/or falling clock edge(s) of clk_i.
Related violations: <none>

TIMING-18#931 Warning
Missing input or output delay  
An output delay is missing on rvfi_probes_o[csr][mtval_q][2] relative to the rising and/or falling clock edge(s) of clk_i.
Related violations: <none>

TIMING-18#932 Warning
Missing input or output delay  
An output delay is missing on rvfi_probes_o[csr][mtval_q][30] relative to the rising and/or falling clock edge(s) of clk_i.
Related violations: <none>

TIMING-18#933 Warning
Missing input or output delay  
An output delay is missing on rvfi_probes_o[csr][mtval_q][31] relative to the rising and/or falling clock edge(s) of clk_i.
Related violations: <none>

TIMING-18#934 Warning
Missing input or output delay  
An output delay is missing on rvfi_probes_o[csr][mtval_q][3] relative to the rising and/or falling clock edge(s) of clk_i.
Related violations: <none>

TIMING-18#935 Warning
Missing input or output delay  
An output delay is missing on rvfi_probes_o[csr][mtval_q][4] relative to the rising and/or falling clock edge(s) of clk_i.
Related violations: <none>

TIMING-18#936 Warning
Missing input or output delay  
An output delay is missing on rvfi_probes_o[csr][mtval_q][5] relative to the rising and/or falling clock edge(s) of clk_i.
Related violations: <none>

TIMING-18#937 Warning
Missing input or output delay  
An output delay is missing on rvfi_probes_o[csr][mtval_q][6] relative to the rising and/or falling clock edge(s) of clk_i.
Related violations: <none>

TIMING-18#938 Warning
Missing input or output delay  
An output delay is missing on rvfi_probes_o[csr][mtval_q][7] relative to the rising and/or falling clock edge(s) of clk_i.
Related violations: <none>

TIMING-18#939 Warning
Missing input or output delay  
An output delay is missing on rvfi_probes_o[csr][mtval_q][8] relative to the rising and/or falling clock edge(s) of clk_i.
Related violations: <none>

TIMING-18#940 Warning
Missing input or output delay  
An output delay is missing on rvfi_probes_o[csr][mtval_q][9] relative to the rising and/or falling clock edge(s) of clk_i.
Related violations: <none>

TIMING-18#941 Warning
Missing input or output delay  
An output delay is missing on rvfi_probes_o[csr][mtvec_q][0] relative to the rising and/or falling clock edge(s) of clk_i.
Related violations: <none>

TIMING-18#942 Warning
Missing input or output delay  
An output delay is missing on rvfi_probes_o[csr][mtvec_q][10] relative to the rising and/or falling clock edge(s) of clk_i.
Related violations: <none>

TIMING-18#943 Warning
Missing input or output delay  
An output delay is missing on rvfi_probes_o[csr][mtvec_q][11] relative to the rising and/or falling clock edge(s) of clk_i.
Related violations: <none>

TIMING-18#944 Warning
Missing input or output delay  
An output delay is missing on rvfi_probes_o[csr][mtvec_q][12] relative to the rising and/or falling clock edge(s) of clk_i.
Related violations: <none>

TIMING-18#945 Warning
Missing input or output delay  
An output delay is missing on rvfi_probes_o[csr][mtvec_q][13] relative to the rising and/or falling clock edge(s) of clk_i.
Related violations: <none>

TIMING-18#946 Warning
Missing input or output delay  
An output delay is missing on rvfi_probes_o[csr][mtvec_q][14] relative to the rising and/or falling clock edge(s) of clk_i.
Related violations: <none>

TIMING-18#947 Warning
Missing input or output delay  
An output delay is missing on rvfi_probes_o[csr][mtvec_q][15] relative to the rising and/or falling clock edge(s) of clk_i.
Related violations: <none>

TIMING-18#948 Warning
Missing input or output delay  
An output delay is missing on rvfi_probes_o[csr][mtvec_q][16] relative to the rising and/or falling clock edge(s) of clk_i.
Related violations: <none>

TIMING-18#949 Warning
Missing input or output delay  
An output delay is missing on rvfi_probes_o[csr][mtvec_q][17] relative to the rising and/or falling clock edge(s) of clk_i.
Related violations: <none>

TIMING-18#950 Warning
Missing input or output delay  
An output delay is missing on rvfi_probes_o[csr][mtvec_q][18] relative to the rising and/or falling clock edge(s) of clk_i.
Related violations: <none>

TIMING-18#951 Warning
Missing input or output delay  
An output delay is missing on rvfi_probes_o[csr][mtvec_q][19] relative to the rising and/or falling clock edge(s) of clk_i.
Related violations: <none>

TIMING-18#952 Warning
Missing input or output delay  
An output delay is missing on rvfi_probes_o[csr][mtvec_q][1] relative to the rising and/or falling clock edge(s) of clk_i.
Related violations: <none>

TIMING-18#953 Warning
Missing input or output delay  
An output delay is missing on rvfi_probes_o[csr][mtvec_q][20] relative to the rising and/or falling clock edge(s) of clk_i.
Related violations: <none>

TIMING-18#954 Warning
Missing input or output delay  
An output delay is missing on rvfi_probes_o[csr][mtvec_q][21] relative to the rising and/or falling clock edge(s) of clk_i.
Related violations: <none>

TIMING-18#955 Warning
Missing input or output delay  
An output delay is missing on rvfi_probes_o[csr][mtvec_q][22] relative to the rising and/or falling clock edge(s) of clk_i.
Related violations: <none>

TIMING-18#956 Warning
Missing input or output delay  
An output delay is missing on rvfi_probes_o[csr][mtvec_q][23] relative to the rising and/or falling clock edge(s) of clk_i.
Related violations: <none>

TIMING-18#957 Warning
Missing input or output delay  
An output delay is missing on rvfi_probes_o[csr][mtvec_q][24] relative to the rising and/or falling clock edge(s) of clk_i.
Related violations: <none>

TIMING-18#958 Warning
Missing input or output delay  
An output delay is missing on rvfi_probes_o[csr][mtvec_q][25] relative to the rising and/or falling clock edge(s) of clk_i.
Related violations: <none>

TIMING-18#959 Warning
Missing input or output delay  
An output delay is missing on rvfi_probes_o[csr][mtvec_q][26] relative to the rising and/or falling clock edge(s) of clk_i.
Related violations: <none>

TIMING-18#960 Warning
Missing input or output delay  
An output delay is missing on rvfi_probes_o[csr][mtvec_q][27] relative to the rising and/or falling clock edge(s) of clk_i.
Related violations: <none>

TIMING-18#961 Warning
Missing input or output delay  
An output delay is missing on rvfi_probes_o[csr][mtvec_q][28] relative to the rising and/or falling clock edge(s) of clk_i.
Related violations: <none>

TIMING-18#962 Warning
Missing input or output delay  
An output delay is missing on rvfi_probes_o[csr][mtvec_q][29] relative to the rising and/or falling clock edge(s) of clk_i.
Related violations: <none>

TIMING-18#963 Warning
Missing input or output delay  
An output delay is missing on rvfi_probes_o[csr][mtvec_q][2] relative to the rising and/or falling clock edge(s) of clk_i.
Related violations: <none>

TIMING-18#964 Warning
Missing input or output delay  
An output delay is missing on rvfi_probes_o[csr][mtvec_q][30] relative to the rising and/or falling clock edge(s) of clk_i.
Related violations: <none>

TIMING-18#965 Warning
Missing input or output delay  
An output delay is missing on rvfi_probes_o[csr][mtvec_q][31] relative to the rising and/or falling clock edge(s) of clk_i.
Related violations: <none>

TIMING-18#966 Warning
Missing input or output delay  
An output delay is missing on rvfi_probes_o[csr][mtvec_q][3] relative to the rising and/or falling clock edge(s) of clk_i.
Related violations: <none>

TIMING-18#967 Warning
Missing input or output delay  
An output delay is missing on rvfi_probes_o[csr][mtvec_q][4] relative to the rising and/or falling clock edge(s) of clk_i.
Related violations: <none>

TIMING-18#968 Warning
Missing input or output delay  
An output delay is missing on rvfi_probes_o[csr][mtvec_q][5] relative to the rising and/or falling clock edge(s) of clk_i.
Related violations: <none>

TIMING-18#969 Warning
Missing input or output delay  
An output delay is missing on rvfi_probes_o[csr][mtvec_q][6] relative to the rising and/or falling clock edge(s) of clk_i.
Related violations: <none>

TIMING-18#970 Warning
Missing input or output delay  
An output delay is missing on rvfi_probes_o[csr][mtvec_q][7] relative to the rising and/or falling clock edge(s) of clk_i.
Related violations: <none>

TIMING-18#971 Warning
Missing input or output delay  
An output delay is missing on rvfi_probes_o[csr][mtvec_q][8] relative to the rising and/or falling clock edge(s) of clk_i.
Related violations: <none>

TIMING-18#972 Warning
Missing input or output delay  
An output delay is missing on rvfi_probes_o[csr][mtvec_q][9] relative to the rising and/or falling clock edge(s) of clk_i.
Related violations: <none>

TIMING-18#973 Warning
Missing input or output delay  
An output delay is missing on rvfi_probes_o[csr][pmpaddr_q][0][0] relative to the rising and/or falling clock edge(s) of clk_i.
Related violations: <none>

TIMING-18#974 Warning
Missing input or output delay  
An output delay is missing on rvfi_probes_o[csr][pmpaddr_q][0][10] relative to the rising and/or falling clock edge(s) of clk_i.
Related violations: <none>

TIMING-18#975 Warning
Missing input or output delay  
An output delay is missing on rvfi_probes_o[csr][pmpaddr_q][0][11] relative to the rising and/or falling clock edge(s) of clk_i.
Related violations: <none>

TIMING-18#976 Warning
Missing input or output delay  
An output delay is missing on rvfi_probes_o[csr][pmpaddr_q][0][12] relative to the rising and/or falling clock edge(s) of clk_i.
Related violations: <none>

TIMING-18#977 Warning
Missing input or output delay  
An output delay is missing on rvfi_probes_o[csr][pmpaddr_q][0][13] relative to the rising and/or falling clock edge(s) of clk_i.
Related violations: <none>

TIMING-18#978 Warning
Missing input or output delay  
An output delay is missing on rvfi_probes_o[csr][pmpaddr_q][0][14] relative to the rising and/or falling clock edge(s) of clk_i.
Related violations: <none>

TIMING-18#979 Warning
Missing input or output delay  
An output delay is missing on rvfi_probes_o[csr][pmpaddr_q][0][15] relative to the rising and/or falling clock edge(s) of clk_i.
Related violations: <none>

TIMING-18#980 Warning
Missing input or output delay  
An output delay is missing on rvfi_probes_o[csr][pmpaddr_q][0][16] relative to the rising and/or falling clock edge(s) of clk_i.
Related violations: <none>

TIMING-18#981 Warning
Missing input or output delay  
An output delay is missing on rvfi_probes_o[csr][pmpaddr_q][0][17] relative to the rising and/or falling clock edge(s) of clk_i.
Related violations: <none>

TIMING-18#982 Warning
Missing input or output delay  
An output delay is missing on rvfi_probes_o[csr][pmpaddr_q][0][18] relative to the rising and/or falling clock edge(s) of clk_i.
Related violations: <none>

TIMING-18#983 Warning
Missing input or output delay  
An output delay is missing on rvfi_probes_o[csr][pmpaddr_q][0][19] relative to the rising and/or falling clock edge(s) of clk_i.
Related violations: <none>

TIMING-18#984 Warning
Missing input or output delay  
An output delay is missing on rvfi_probes_o[csr][pmpaddr_q][0][1] relative to the rising and/or falling clock edge(s) of clk_i.
Related violations: <none>

TIMING-18#985 Warning
Missing input or output delay  
An output delay is missing on rvfi_probes_o[csr][pmpaddr_q][0][20] relative to the rising and/or falling clock edge(s) of clk_i.
Related violations: <none>

TIMING-18#986 Warning
Missing input or output delay  
An output delay is missing on rvfi_probes_o[csr][pmpaddr_q][0][21] relative to the rising and/or falling clock edge(s) of clk_i.
Related violations: <none>

TIMING-18#987 Warning
Missing input or output delay  
An output delay is missing on rvfi_probes_o[csr][pmpaddr_q][0][22] relative to the rising and/or falling clock edge(s) of clk_i.
Related violations: <none>

TIMING-18#988 Warning
Missing input or output delay  
An output delay is missing on rvfi_probes_o[csr][pmpaddr_q][0][23] relative to the rising and/or falling clock edge(s) of clk_i.
Related violations: <none>

TIMING-18#989 Warning
Missing input or output delay  
An output delay is missing on rvfi_probes_o[csr][pmpaddr_q][0][24] relative to the rising and/or falling clock edge(s) of clk_i.
Related violations: <none>

TIMING-18#990 Warning
Missing input or output delay  
An output delay is missing on rvfi_probes_o[csr][pmpaddr_q][0][25] relative to the rising and/or falling clock edge(s) of clk_i.
Related violations: <none>

TIMING-18#991 Warning
Missing input or output delay  
An output delay is missing on rvfi_probes_o[csr][pmpaddr_q][0][26] relative to the rising and/or falling clock edge(s) of clk_i.
Related violations: <none>

TIMING-18#992 Warning
Missing input or output delay  
An output delay is missing on rvfi_probes_o[csr][pmpaddr_q][0][27] relative to the rising and/or falling clock edge(s) of clk_i.
Related violations: <none>

TIMING-18#993 Warning
Missing input or output delay  
An output delay is missing on rvfi_probes_o[csr][pmpaddr_q][0][28] relative to the rising and/or falling clock edge(s) of clk_i.
Related violations: <none>

TIMING-18#994 Warning
Missing input or output delay  
An output delay is missing on rvfi_probes_o[csr][pmpaddr_q][0][29] relative to the rising and/or falling clock edge(s) of clk_i.
Related violations: <none>

TIMING-18#995 Warning
Missing input or output delay  
An output delay is missing on rvfi_probes_o[csr][pmpaddr_q][0][2] relative to the rising and/or falling clock edge(s) of clk_i.
Related violations: <none>

TIMING-18#996 Warning
Missing input or output delay  
An output delay is missing on rvfi_probes_o[csr][pmpaddr_q][0][30] relative to the rising and/or falling clock edge(s) of clk_i.
Related violations: <none>

TIMING-18#997 Warning
Missing input or output delay  
An output delay is missing on rvfi_probes_o[csr][pmpaddr_q][0][31] relative to the rising and/or falling clock edge(s) of clk_i.
Related violations: <none>

TIMING-18#998 Warning
Missing input or output delay  
An output delay is missing on rvfi_probes_o[csr][pmpaddr_q][0][3] relative to the rising and/or falling clock edge(s) of clk_i.
Related violations: <none>

TIMING-18#999 Warning
Missing input or output delay  
An output delay is missing on rvfi_probes_o[csr][pmpaddr_q][0][4] relative to the rising and/or falling clock edge(s) of clk_i.
Related violations: <none>

TIMING-18#1000 Warning
Missing input or output delay  
An output delay is missing on rvfi_probes_o[csr][pmpaddr_q][0][5] relative to the rising and/or falling clock edge(s) of clk_i.
Related violations: <none>

TIMING-23#1 Warning
Combinational loop found  
A timing loop has been detected on a combinational path. A timing arc has been disabled between issue_stage_i/i_scoreboard/rvfi_probes_o[instr][issue_instr_ack][0]_INST_0_i_1/I4 and issue_stage_i/i_scoreboard/rvfi_probes_o[instr][issue_instr_ack][0]_INST_0_i_1/O to disable the timing loop
Related violations: <none>


