Copyright 1986-2022 Xilinx, Inc. All Rights Reserved. Copyright 2022-2024 Advanced Micro Devices, Inc. All Rights Reserved.
---------------------------------------------------------------------------------------------------------------------------------------------
| Tool Version : Vivado v.2024.1 (lin64) Build 5076996 Wed May 22 18:36:09 MDT 2024
| Date         : Mon Aug 24 16:15:45 2026
| Host         : telmo-HYM-WXX running 64-bit Ubuntu 20.04.6 LTS
| Command      : report_utilization -hierarchical -file reports_cva6_fpga_impl/cva6_fpga.utilization.rpt
| Design       : cva6_zybo_z7_20
| Device       : xc7z020clg400-1
| Speed File   : -1
| Design State : Routed
---------------------------------------------------------------------------------------------------------------------------------------------

Utilization Design Information

Table of Contents
-----------------
1. Utilization by Hierarchy

1. Utilization by Hierarchy
---------------------------

+---------------------------------------------------------------------------------------------------+------------------------------------------------------------------------------------------------------+------------+------------+---------+------+-------+--------+--------+------------+
|                                              Instance                                             |                                                Module                                                | Total LUTs | Logic LUTs | LUTRAMs | SRLs |  FFs  | RAMB36 | RAMB18 | DSP Blocks |
+---------------------------------------------------------------------------------------------------+------------------------------------------------------------------------------------------------------+------------+------------+---------+------+-------+--------+--------+------------+
| cva6_zybo_z7_20                                                                                   |                                                                                                (top) |      47342 |      46184 |    1118 |   40 | 20822 |     60 |      4 |          4 |
|   (cva6_zybo_z7_20)                                                                               |                                                                                                (top) |          1 |          1 |       0 |    0 |     2 |      0 |      0 |          0 |
|   i_ariane                                                                                        |                                                                                               ariane |      36721 |      35647 |    1074 |    0 | 10730 |     10 |      4 |          4 |
|     i_cva6                                                                                        |                                                                                                 cva6 |      36721 |      35647 |    1074 |    0 | 10730 |     10 |      4 |          4 |
|       (i_cva6)                                                                                    |                                                                                                 cva6 |         83 |         83 |       0 |    0 |     0 |      0 |      0 |          0 |
|       commit_stage_i                                                                              |                                                                                         commit_stage |          0 |          0 |       0 |    0 |     4 |      0 |      0 |          0 |
|       csr_regfile_i                                                                               |                                                                                          csr_regfile |       1066 |       1066 |       0 |    0 |   735 |      0 |      0 |          0 |
|       ex_stage_i                                                                                  |                                                                                             ex_stage |       8966 |       8966 |       0 |    0 |  2008 |      0 |      0 |          4 |
|         alu2_gen.alu2_i                                                                           |                                                                                                  alu |         32 |         32 |       0 |    0 |     0 |      0 |      0 |          0 |
|         alu_i                                                                                     |                                                                                  alu__parameterized0 |         40 |         40 |       0 |    0 |     0 |      0 |      0 |          0 |
|         branch_unit_i                                                                             |                                                                                          branch_unit |         69 |         69 |       0 |    0 |     0 |      0 |      0 |          0 |
|         csr_buffer_i                                                                              |                                                                                           csr_buffer |        422 |        422 |       0 |    0 |    13 |      0 |      0 |          0 |
|         i_mult                                                                                    |                                                                                                 mult |        302 |        302 |       0 |    0 |   160 |      0 |      0 |          4 |
|           i_div                                                                                   |                                                                                               serdiv |        214 |        214 |       0 |    0 |   113 |      0 |      0 |          0 |
|           i_multiplier                                                                            |                                                                                           multiplier |         88 |         88 |       0 |    0 |    47 |      0 |      0 |          4 |
|         lsu_i                                                                                     |                                                                                      load_store_unit |       8101 |       8101 |       0 |    0 |  1835 |      0 |      0 |          0 |
|           (lsu_i)                                                                                 |                                                                                      load_store_unit |        131 |        131 |       0 |    0 |    68 |      0 |      0 |          0 |
|           i_load_unit                                                                             |                                                                                            load_unit |        136 |        136 |       0 |    0 |    19 |      0 |      0 |          0 |
|           i_pipe_reg_load                                                                         |                                                                                            shift_reg |        426 |        426 |       0 |    0 |    81 |      0 |      0 |          0 |
|           i_pmp_data_if                                                                           |                                                                                          pmp_data_if |        208 |        208 |       0 |    0 |     0 |      0 |      0 |          0 |
|             i_pmp_data                                                                            |                                                                                                  pmp |        208 |        208 |       0 |    0 |     0 |      0 |      0 |          0 |
|               gen_pmp.genblk1[0].i_pmp_entry                                                      |                                                                                        pmp_entry_339 |         26 |         26 |       0 |    0 |     0 |      0 |      0 |          0 |
|               gen_pmp.genblk1[1].i_pmp_entry                                                      |                                                                                        pmp_entry_340 |         26 |         26 |       0 |    0 |     0 |      0 |      0 |          0 |
|               gen_pmp.genblk1[2].i_pmp_entry                                                      |                                                                                        pmp_entry_341 |         26 |         26 |       0 |    0 |     0 |      0 |      0 |          0 |
|               gen_pmp.genblk1[3].i_pmp_entry                                                      |                                                                                        pmp_entry_342 |         26 |         26 |       0 |    0 |     0 |      0 |      0 |          0 |
|               gen_pmp.genblk1[4].i_pmp_entry                                                      |                                                                                        pmp_entry_343 |         26 |         26 |       0 |    0 |     0 |      0 |      0 |          0 |
|               gen_pmp.genblk1[5].i_pmp_entry                                                      |                                                                                        pmp_entry_344 |         26 |         26 |       0 |    0 |     0 |      0 |      0 |          0 |
|               gen_pmp.genblk1[6].i_pmp_entry                                                      |                                                                                        pmp_entry_345 |         26 |         26 |       0 |    0 |     0 |      0 |      0 |          0 |
|               gen_pmp.genblk1[7].i_pmp_entry                                                      |                                                                                        pmp_entry_346 |         26 |         26 |       0 |    0 |     0 |      0 |      0 |          0 |
|             i_pmp_if                                                                              |                                                                                              pmp_331 |          0 |          0 |       0 |    0 |     0 |      0 |      0 |          0 |
|               gen_pmp.genblk1[0].i_pmp_entry                                                      |                                                                                            pmp_entry |          0 |          0 |       0 |    0 |     0 |      0 |      0 |          0 |
|               gen_pmp.genblk1[1].i_pmp_entry                                                      |                                                                                        pmp_entry_332 |          0 |          0 |       0 |    0 |     0 |      0 |      0 |          0 |
|               gen_pmp.genblk1[2].i_pmp_entry                                                      |                                                                                        pmp_entry_333 |          0 |          0 |       0 |    0 |     0 |      0 |      0 |          0 |
|               gen_pmp.genblk1[3].i_pmp_entry                                                      |                                                                                        pmp_entry_334 |          0 |          0 |       0 |    0 |     0 |      0 |      0 |          0 |
|               gen_pmp.genblk1[4].i_pmp_entry                                                      |                                                                                        pmp_entry_335 |          0 |          0 |       0 |    0 |     0 |      0 |      0 |          0 |
|               gen_pmp.genblk1[5].i_pmp_entry                                                      |                                                                                        pmp_entry_336 |          0 |          0 |       0 |    0 |     0 |      0 |      0 |          0 |
|               gen_pmp.genblk1[6].i_pmp_entry                                                      |                                                                                        pmp_entry_337 |          0 |          0 |       0 |    0 |     0 |      0 |      0 |          0 |
|               gen_pmp.genblk1[7].i_pmp_entry                                                      |                                                                                        pmp_entry_338 |          0 |          0 |       0 |    0 |     0 |      0 |      0 |          0 |
|           i_store_unit                                                                            |                                                                                           store_unit |        178 |        178 |       0 |    0 |   291 |      0 |      0 |          0 |
|             (i_store_unit)                                                                        |                                                                                           store_unit |         32 |         32 |       0 |    0 |     0 |      0 |      0 |          0 |
|             store_buffer_i                                                                        |                                                                                         store_buffer |        146 |        146 |       0 |    0 |   291 |      0 |      0 |          0 |
|           load_store_queue_i                                                                      |                                                                                     load_store_queue |       7049 |       7049 |       0 |    0 |  1376 |      0 |      0 |          0 |
|             (load_store_queue_i)                                                                  |                                                                                     load_store_queue |       4670 |       4670 |       0 |    0 |  1376 |      0 |      0 |          0 |
|             i_ld_ready_tournament_tree                                                            |                                                                      tournament_tree__parameterized0 |       1805 |       1805 |       0 |    0 |     0 |      0 |      0 |          0 |
|             i_ld_translation_tournament_tree                                                      |                                                                  tournament_tree__parameterized0_329 |         35 |         35 |       0 |    0 |     0 |      0 |      0 |          0 |
|             i_st_translation_tournament_tree                                                      |                                                                  tournament_tree__parameterized0_330 |        544 |        544 |       0 |    0 |     0 |      0 |      0 |          0 |
|       gen_cache_hpd.i_cache_subsystem                                                             |                                                                              cva6_hpdcache_subsystem |       3509 |       3481 |      28 |    0 |  1762 |     10 |      4 |          0 |
|         i_axi_arbiter                                                                             |                                                                  cva6_hpdcache_subsystem_axi_arbiter |        260 |        260 |       0 |    0 |   166 |      0 |      0 |          0 |
|           (i_axi_arbiter)                                                                         |                                                                  cva6_hpdcache_subsystem_axi_arbiter |          0 |          0 |       0 |    0 |     1 |      0 |      0 |          0 |
|           i_icache_hpdcache_data_upsize                                                           |                                                                                 hpdcache_data_upsize |          0 |          0 |       0 |    0 |   130 |      0 |      0 |          0 |
|           i_icache_miss_req_fifo                                                                  |                                                                    hpdcache_fifo_reg__parameterized7 |        172 |        172 |       0 |    0 |    31 |      0 |      0 |          0 |
|             gen_buffer.i_sync_buffer                                                              |                                                                 hpdcache_sync_buffer__parameterized3 |        172 |        172 |       0 |    0 |    31 |      0 |      0 |          0 |
|           i_icache_refill_meta_fifo                                                               |                                                                    hpdcache_fifo_reg__parameterized6 |          2 |          2 |       0 |    0 |     1 |      0 |      0 |          0 |
|             gen_buffer.i_sync_buffer                                                              |                                                                 hpdcache_sync_buffer__parameterized2 |          2 |          2 |       0 |    0 |     1 |      0 |      0 |          0 |
|           i_mem_req_read_arbiter                                                                  |                                                                    hpdcache_mem_req_read_arbiter_327 |         86 |         86 |       0 |    0 |     3 |      0 |      0 |          0 |
|             hpdcache_fxarb_mem_req_write_i                                                        |                                                                                   hpdcache_fxarb_328 |         86 |         86 |       0 |    0 |     3 |      0 |      0 |          0 |
|         i_cva6_icache                                                                             |                                                                                          cva6_icache |        459 |        459 |       0 |    0 |    77 |      6 |      0 |          0 |
|           (i_cva6_icache)                                                                         |                                                                                          cva6_icache |        223 |        223 |       0 |    0 |    69 |      0 |      0 |          0 |
|           gen_sram[0].data_sram                                                                   |                                                                           sram_cache__parameterized0 |        138 |        138 |       0 |    0 |     0 |      2 |      0 |          0 |
|             data_sram                                                                             |                                                                             sram__parameterized0_322 |        138 |        138 |       0 |    0 |     0 |      2 |      0 |          0 |
|               gen_cut[0].i_tc_sram_wrapper                                                        |                                                                             tc_sram_fpga_wrapper_323 |          0 |          0 |       0 |    0 |     0 |      1 |      0 |          0 |
|                 i_ram                                                                             |                                                                                  SyncSpRamBeNx64_326 |          0 |          0 |       0 |    0 |     0 |      1 |      0 |          0 |
|               gen_cut[1].i_tc_sram_wrapper                                                        |                                                                             tc_sram_fpga_wrapper_324 |        138 |        138 |       0 |    0 |     0 |      1 |      0 |          0 |
|                 i_ram                                                                             |                                                                                  SyncSpRamBeNx64_325 |        138 |        138 |       0 |    0 |     0 |      1 |      0 |          0 |
|           gen_sram[0].tag_sram                                                                    |                                                                                           sram_cache |         12 |         12 |       0 |    0 |     0 |      1 |      0 |          0 |
|             data_sram                                                                             |                                                                                             sram_319 |         12 |         12 |       0 |    0 |     0 |      1 |      0 |          0 |
|               gen_cut[0].i_tc_sram_wrapper                                                        |                                                                             tc_sram_fpga_wrapper_320 |         12 |         12 |       0 |    0 |     0 |      1 |      0 |          0 |
|                 i_ram                                                                             |                                                                                  SyncSpRamBeNx64_321 |         12 |         12 |       0 |    0 |     0 |      1 |      0 |          0 |
|           gen_sram[1].data_sram                                                                   |                                                                       sram_cache__parameterized0_313 |         39 |         39 |       0 |    0 |     0 |      2 |      0 |          0 |
|             data_sram                                                                             |                                                                                 sram__parameterized0 |         39 |         39 |       0 |    0 |     0 |      2 |      0 |          0 |
|               gen_cut[0].i_tc_sram_wrapper                                                        |                                                                             tc_sram_fpga_wrapper_315 |          0 |          0 |       0 |    0 |     0 |      1 |      0 |          0 |
|                 i_ram                                                                             |                                                                                  SyncSpRamBeNx64_318 |          0 |          0 |       0 |    0 |     0 |      1 |      0 |          0 |
|               gen_cut[1].i_tc_sram_wrapper                                                        |                                                                             tc_sram_fpga_wrapper_316 |         39 |         39 |       0 |    0 |     0 |      1 |      0 |          0 |
|                 i_ram                                                                             |                                                                                  SyncSpRamBeNx64_317 |         39 |         39 |       0 |    0 |     0 |      1 |      0 |          0 |
|           gen_sram[1].tag_sram                                                                    |                                                                                       sram_cache_314 |         44 |         44 |       0 |    0 |     0 |      1 |      0 |          0 |
|             data_sram                                                                             |                                                                                                 sram |         44 |         44 |       0 |    0 |     0 |      1 |      0 |          0 |
|               gen_cut[0].i_tc_sram_wrapper                                                        |                                                                                 tc_sram_fpga_wrapper |         44 |         44 |       0 |    0 |     0 |      1 |      0 |          0 |
|                 i_ram                                                                             |                                                                                      SyncSpRamBeNx64 |         44 |         44 |       0 |    0 |     0 |      1 |      0 |          0 |
|           i_lfsr                                                                                  |                                                                                                 lfsr |          3 |          3 |       0 |    0 |     8 |      0 |      0 |          0 |
|         i_dcache                                                                                  |                                                                                cva6_hpdcache_wrapper |       2791 |       2763 |      28 |    0 |  1519 |      4 |      4 |          0 |
|           gen_cva6_hpdcache_load_if_adapter[1].i_cva6_hpdcache_load_if_adapter                    |                                                                             cva6_hpdcache_if_adapter |          0 |          0 |       0 |    0 |     0 |      0 |      0 |          0 |
|           i_cva6_hpdcache_store_if_adapter                                                        |                                                             cva6_hpdcache_if_adapter__parameterized0 |          0 |          0 |       0 |    0 |     0 |      0 |      0 |          0 |
|           i_hpdcache                                                                              |                                                                                             hpdcache |       2791 |       2763 |      28 |    0 |  1519 |      4 |      4 |          0 |
|             core_req_arbiter_i                                                                    |                                                                                hpdcache_core_arbiter |         11 |         11 |       0 |    0 |     4 |      0 |      0 |          0 |
|               (core_req_arbiter_i)                                                                |                                                                                hpdcache_core_arbiter |          0 |          0 |       0 |    0 |     1 |      0 |      0 |          0 |
|               req_arbiter_i                                                                       |                                                                       hpdcache_fxarb__parameterized0 |         11 |         11 |       0 |    0 |     3 |      0 |      0 |          0 |
|             gen_wbuf.hpdcache_wbuf_i                                                              |                                                                                        hpdcache_wbuf |        634 |        608 |      26 |    0 |   168 |      0 |      0 |          0 |
|               (gen_wbuf.hpdcache_wbuf_i)                                                          |                                                                                        hpdcache_wbuf |        145 |        145 |       0 |    0 |   154 |      0 |      0 |          0 |
|               data_free_rrarb_i                                                                   |                                                                                   hpdcache_fxarb_311 |         10 |         10 |       0 |    0 |     2 |      0 |      0 |          0 |
|               dir_free_rrarb_i                                                                    |                                                                                   hpdcache_fxarb_312 |         86 |         86 |       0 |    0 |     3 |      0 |      0 |          0 |
|               pend_rrarb_i                                                                        |                                                                       hpdcache_rrarb__parameterized0 |         42 |         42 |       0 |    0 |     3 |      0 |      0 |          0 |
|               send_data_ptr_fifo_i                                                                |                                                                                    hpdcache_fifo_reg |         57 |         55 |       2 |    0 |     3 |      0 |      0 |          0 |
|               send_meta_fifo_i                                                                    |                                                                    hpdcache_fifo_reg__parameterized0 |        295 |        271 |      24 |    0 |     3 |      0 |      0 |          0 |
|             hpdcache_cmo_i                                                                        |                                                                                         hpdcache_cmo |        137 |        137 |       0 |    0 |    67 |      0 |      0 |          0 |
|               (hpdcache_cmo_i)                                                                    |                                                                                         hpdcache_cmo |        116 |        116 |       0 |    0 |    63 |      0 |      0 |          0 |
|               cmoh_core_rsp_buffer_i                                                              |                                                                 hpdcache_sync_buffer__parameterized0 |         21 |         21 |       0 |    0 |     4 |      0 |      0 |          0 |
|             hpdcache_ctrl_i                                                                       |                                                                                        hpdcache_ctrl |       1193 |       1193 |       0 |    0 |   639 |      4 |      4 |          0 |
|               (hpdcache_ctrl_i)                                                                   |                                                                                        hpdcache_ctrl |         47 |         47 |       0 |    0 |   173 |      0 |      0 |          0 |
|               hpdcache_memctrl_i                                                                  |                                                                                     hpdcache_memctrl |        514 |        514 |       0 |    0 |    30 |      4 |      4 |          0 |
|                 (hpdcache_memctrl_i)                                                              |                                                                                     hpdcache_memctrl |         16 |         16 |       0 |    0 |    22 |      0 |      0 |          0 |
|                 gen_data_sram_row[0].gen_data_sram_col[0].gen_data_sram_wbyteenable.data_sram     |                                                                            hpdcache_sram_wbyteenable |          1 |          1 |       0 |    0 |     0 |      2 |      0 |          0 |
|                   (gen_data_sram_row[0].gen_data_sram_col[0].gen_data_sram_wbyteenable.data_sram) |                                                                            hpdcache_sram_wbyteenable |          1 |          1 |       0 |    0 |     0 |      0 |      0 |          0 |
|                   ram_i                                                                           |                                                                    hpdcache_sram_wbyteenable_1rw_310 |          0 |          0 |       0 |    0 |     0 |      2 |      0 |          0 |
|                 gen_data_sram_row[0].gen_data_sram_col[1].gen_data_sram_wbyteenable.data_sram     |                                                                        hpdcache_sram_wbyteenable_303 |         34 |         34 |       0 |    0 |     0 |      2 |      0 |          0 |
|                   ram_i                                                                           |                                                                        hpdcache_sram_wbyteenable_1rw |         34 |         34 |       0 |    0 |     0 |      2 |      0 |          0 |
|                 gen_dir_sram[0].dir_sram                                                          |                                                                                        hpdcache_sram |        104 |        104 |       0 |    0 |     0 |      0 |      1 |          0 |
|                   ram_i                                                                           |                                                                                hpdcache_sram_1rw_309 |        104 |        104 |       0 |    0 |     0 |      0 |      1 |          0 |
|                 gen_dir_sram[1].dir_sram                                                          |                                                                                    hpdcache_sram_304 |         87 |         87 |       0 |    0 |     0 |      0 |      1 |          0 |
|                   ram_i                                                                           |                                                                                hpdcache_sram_1rw_308 |         87 |         87 |       0 |    0 |     0 |      0 |      1 |          0 |
|                 gen_dir_sram[2].dir_sram                                                          |                                                                                    hpdcache_sram_305 |        203 |        203 |       0 |    0 |     0 |      0 |      1 |          0 |
|                   ram_i                                                                           |                                                                                hpdcache_sram_1rw_307 |        203 |        203 |       0 |    0 |     0 |      0 |      1 |          0 |
|                 gen_dir_sram[3].dir_sram                                                          |                                                                                    hpdcache_sram_306 |         67 |         67 |       0 |    0 |     0 |      0 |      1 |          0 |
|                   ram_i                                                                           |                                                                                    hpdcache_sram_1rw |         67 |         67 |       0 |    0 |     0 |      0 |      1 |          0 |
|                 victim_sel_i                                                                      |                                                                                  hpdcache_victim_sel |          4 |          4 |       0 |    0 |     8 |      0 |      0 |          0 |
|                   gen_random_victim_sel.victim_rand_i                                             |                                                                               hpdcache_victim_random |          4 |          4 |       0 |    0 |     8 |      0 |      0 |          0 |
|                     lfsr_i                                                                        |                                                                                        hpdcache_lfsr |          4 |          4 |       0 |    0 |     8 |      0 |      0 |          0 |
|               hpdcache_rtab_i                                                                     |                                                                                        hpdcache_rtab |        634 |        634 |       0 |    0 |   436 |      0 |      0 |          0 |
|                 (hpdcache_rtab_i)                                                                 |                                                                                        hpdcache_rtab |        228 |        228 |       0 |    0 |   418 |      0 |      0 |          0 |
|                 pop_arb_i                                                                         |                                                                                       hpdcache_rrarb |        249 |        249 |       0 |    0 |     5 |      0 |      0 |          0 |
|                 wbuf_pending_arb_i                                                                |                                                                                   hpdcache_fxarb_300 |        126 |        126 |       0 |    0 |     3 |      0 |      0 |          0 |
|                 wbuf_rd_pending_arb_i                                                             |                                                                                   hpdcache_rrarb_301 |         21 |         21 |       0 |    0 |     5 |      0 |      0 |          0 |
|                 wbuf_wr_pending_arb_i                                                             |                                                                                   hpdcache_rrarb_302 |         14 |         14 |       0 |    0 |     5 |      0 |      0 |          0 |
|             hpdcache_mem_req_read_arbiter_i                                                       |                                                                        hpdcache_mem_req_read_arbiter |         40 |         40 |       0 |    0 |     3 |      0 |      0 |          0 |
|               hpdcache_fxarb_mem_req_write_i                                                      |                                                                                       hpdcache_fxarb |         40 |         40 |       0 |    0 |     3 |      0 |      0 |          0 |
|             hpdcache_mem_req_write_arbiter_i                                                      |                                                                       hpdcache_mem_req_write_arbiter |         60 |         60 |       0 |    0 |    56 |      0 |      0 |          0 |
|               hpdcache_fxarb_mem_req_write_i                                                      |                                                                       hpdcache_fxarb__parameterized1 |          6 |          6 |       0 |    0 |     3 |      0 |      0 |          0 |
|               req_fifo_i                                                                          |                                                                    hpdcache_fifo_reg__parameterized4 |         31 |         31 |       0 |    0 |    46 |      0 |      0 |          0 |
|                 gen_buffer.i_sync_buffer                                                          |                                                                 hpdcache_sync_buffer__parameterized1 |         31 |         31 |       0 |    0 |    46 |      0 |      0 |          0 |
|               req_gnt_fifo_i                                                                      |                                                                    hpdcache_fifo_reg__parameterized5 |         23 |         23 |       0 |    0 |     7 |      0 |      0 |          0 |
|             hpdcache_miss_handler_i                                                               |                                                                                hpdcache_miss_handler |        316 |        314 |       2 |    0 |   419 |      0 |      0 |          0 |
|               (hpdcache_miss_handler_i)                                                           |                                                                                hpdcache_miss_handler |         69 |         69 |       0 |    0 |    74 |      0 |      0 |          0 |
|               hpdcache_mshr_i                                                                     |                                                                                        hpdcache_mshr |         95 |         95 |       0 |    0 |    79 |      0 |      0 |          0 |
|                 (hpdcache_mshr_i)                                                                 |                                                                                        hpdcache_mshr |         34 |         34 |       0 |    0 |    17 |      0 |      0 |          0 |
|                 gen_mshr_wbyteenable.gen_mshr_regbank.mshr_mem                                    |                                                                     hpdcache_regbank_wbyteenable_1rw |         61 |         61 |       0 |    0 |    62 |      0 |      0 |          0 |
|               i_data_resize                                                                       |                                                                                 hpdcache_data_resize |        136 |        136 |       0 |    0 |   261 |      0 |      0 |          0 |
|                 gen_noresize.fifo_i                                                               |                                                                    hpdcache_fifo_reg__parameterized3 |        136 |        136 |       0 |    0 |   261 |      0 |      0 |          0 |
|               i_r_metadata_fifo                                                                   |                                                                    hpdcache_fifo_reg__parameterized2 |         16 |         14 |       2 |    0 |     5 |      0 |      0 |          0 |
|               victim_way_encoder_i                                                                |                                                              hpdcache_1hot_to_binary__parameterized0 |          1 |          1 |       0 |    0 |     0 |      0 |      0 |          0 |
|             hpdcache_uc_i                                                                         |                                                                                    hpdcache_uncached |        402 |        402 |       0 |    0 |   163 |      0 |      0 |          0 |
|       i_frontend                                                                                  |                                                                                             frontend |       3271 |       2929 |     342 |    0 |   499 |      0 |      0 |          0 |
|         (i_frontend)                                                                              |                                                                                             frontend |         36 |         36 |       0 |    0 |   175 |      0 |      0 |          0 |
|         bht_gen.i_bht                                                                             |                                                                                                  bht |         44 |         12 |      32 |    0 |     0 |      0 |      0 |          0 |
|           gen_fpga_bht.gen_bht_ram[0].i_bht_ram                                                   |                                                                                    AsyncThreePortRam |         10 |          2 |       8 |    0 |     0 |      0 |      0 |          0 |
|           gen_fpga_bht.gen_bht_ram[1].i_bht_ram                                                   |                                                                                AsyncThreePortRam_297 |         10 |          2 |       8 |    0 |     0 |      0 |      0 |          0 |
|           gen_fpga_bht.gen_bht_ram[2].i_bht_ram                                                   |                                                                                AsyncThreePortRam_298 |         11 |          3 |       8 |    0 |     0 |      0 |      0 |          0 |
|           gen_fpga_bht.gen_bht_ram[3].i_bht_ram                                                   |                                                                                AsyncThreePortRam_299 |         13 |          5 |       8 |    0 |     0 |      0 |      0 |          0 |
|         btb_gen.i_btb                                                                             |                                                                                                  btb |        195 |         99 |      96 |    0 |   132 |      0 |      0 |          0 |
|           gen_fpga_btb.gen_btb_ram[0].i_btb_ram                                                   |                                                                                            SyncDpRam |         65 |         41 |      24 |    0 |    33 |      0 |      0 |          0 |
|           gen_fpga_btb.gen_btb_ram[1].i_btb_ram                                                   |                                                                                        SyncDpRam_294 |         75 |         51 |      24 |    0 |    33 |      0 |      0 |          0 |
|           gen_fpga_btb.gen_btb_ram[2].i_btb_ram                                                   |                                                                                        SyncDpRam_295 |         28 |          4 |      24 |    0 |    33 |      0 |      0 |          0 |
|           gen_fpga_btb.gen_btb_ram[3].i_btb_ram                                                   |                                                                                        SyncDpRam_296 |         27 |          3 |      24 |    0 |    33 |      0 |      0 |          0 |
|         i_instr_queue                                                                             |                                                                                          instr_queue |       1735 |       1521 |     214 |    0 |    78 |      0 |      0 |          0 |
|           (i_instr_queue)                                                                         |                                                                                          instr_queue |          9 |          9 |       0 |    0 |    46 |      0 |      0 |          0 |
|           gen_instr_fifo[0].i_fifo_instr_data                                                     |                                                                                         cva6_fifo_v3 |        239 |        191 |      48 |    0 |     7 |      0 |      0 |          0 |
|             (gen_instr_fifo[0].i_fifo_instr_data)                                                 |                                                                                         cva6_fifo_v3 |          7 |          7 |       0 |    0 |     7 |      0 |      0 |          0 |
|             gen_fpga_queue.fifo_ram                                                               |                                                                                       AsyncDpRam_293 |        232 |        184 |      48 |    0 |     0 |      0 |      0 |          0 |
|           gen_instr_fifo[1].i_fifo_instr_data                                                     |                                                                                     cva6_fifo_v3_288 |        109 |         61 |      48 |    0 |     7 |      0 |      0 |          0 |
|             (gen_instr_fifo[1].i_fifo_instr_data)                                                 |                                                                                     cva6_fifo_v3_288 |          7 |          7 |       0 |    0 |     7 |      0 |      0 |          0 |
|             gen_fpga_queue.fifo_ram                                                               |                                                                                       AsyncDpRam_292 |        102 |         54 |      48 |    0 |     0 |      0 |      0 |          0 |
|           gen_instr_fifo[2].i_fifo_instr_data                                                     |                                                                                     cva6_fifo_v3_289 |        108 |         60 |      48 |    0 |     7 |      0 |      0 |          0 |
|             (gen_instr_fifo[2].i_fifo_instr_data)                                                 |                                                                                     cva6_fifo_v3_289 |          9 |          9 |       0 |    0 |     7 |      0 |      0 |          0 |
|             gen_fpga_queue.fifo_ram                                                               |                                                                                       AsyncDpRam_291 |         99 |         51 |      48 |    0 |     0 |      0 |      0 |          0 |
|           gen_instr_fifo[3].i_fifo_instr_data                                                     |                                                                                     cva6_fifo_v3_290 |       1147 |       1099 |      48 |    0 |     7 |      0 |      0 |          0 |
|             (gen_instr_fifo[3].i_fifo_instr_data)                                                 |                                                                                     cva6_fifo_v3_290 |          6 |          6 |       0 |    0 |     7 |      0 |      0 |          0 |
|             gen_fpga_queue.fifo_ram                                                               |                                                                                           AsyncDpRam |       1141 |       1093 |      48 |    0 |     0 |      0 |      0 |          0 |
|           i_fifo_address                                                                          |                                                                         cva6_fifo_v3__parameterized0 |        139 |        117 |      22 |    0 |     4 |      0 |      0 |          0 |
|             (i_fifo_address)                                                                      |                                                                         cva6_fifo_v3__parameterized0 |         56 |         56 |       0 |    0 |     4 |      0 |      0 |          0 |
|             gen_fpga_queue.fifo_ram                                                               |                                                                           AsyncDpRam__parameterized0 |         83 |         61 |      22 |    0 |     0 |      0 |      0 |          0 |
|         i_instr_realign                                                                           |                                                                                        instr_realign |       1214 |       1214 |       0 |    0 |    48 |      0 |      0 |          0 |
|         ras_gen.i_ras                                                                             |                                                                                                  ras |         61 |         61 |       0 |    0 |    66 |      0 |      0 |          0 |
|       id_stage_i                                                                                  |                                                                                             id_stage |       1677 |       1677 |       0 |    0 |   338 |      0 |      0 |          0 |
|       issue_stage_i                                                                               |                                                                                          issue_stage |      18466 |      17762 |     704 |    0 |  5384 |      0 |      0 |          0 |
|         (issue_stage_i)                                                                           |                                                                                          issue_stage |          0 |          0 |       0 |    0 |    12 |      0 |      0 |          0 |
|         gen_rs_blocks[0].rs_instance.i_reservation_station                                        |                                                                                  reservation_station |        578 |        578 |       0 |    0 |   481 |      0 |      0 |          0 |
|           (gen_rs_blocks[0].rs_instance.i_reservation_station)                                    |                                                                                  reservation_station |        381 |        381 |       0 |    0 |   481 |      0 |      0 |          0 |
|           i_tournament_tree_oldest_valid                                                          |                                                                                  tournament_tree_287 |        197 |        197 |       0 |    0 |     0 |      0 |      0 |          0 |
|         gen_rs_blocks[2].rs_instance.i_reservation_station                                        |                                                                  reservation_station__parameterized0 |        293 |        293 |       0 |    0 |   438 |      0 |      0 |          0 |
|           (gen_rs_blocks[2].rs_instance.i_reservation_station)                                    |                                                                  reservation_station__parameterized0 |        107 |        107 |       0 |    0 |   438 |      0 |      0 |          0 |
|           i_tournament_tree_oldest_valid                                                          |                                                                                      tournament_tree |        186 |        186 |       0 |    0 |     0 |      0 |      0 |          0 |
|         i_commit_register_allocation_table                                                        |                                                            register_allocation_table__parameterized0 |         43 |         43 |       0 |    0 |   229 |      0 |      0 |          0 |
|         i_global_tournament_tree                                                                  |                                                                                 tournament_tree_top2 |          0 |          0 |       0 |    0 |     0 |      0 |      0 |          0 |
|         i_issue_read_operands                                                                     |                                                                                  issue_read_operands |       5489 |       4785 |     704 |    0 |   423 |      0 |      0 |          0 |
|           (i_issue_read_operands)                                                                 |                                                                                  issue_read_operands |       4420 |       4420 |       0 |    0 |   335 |      0 |      0 |          0 |
|           gen_fpga_regfile.i_ariane_regfile_fpga                                                  |                                                                                  ariane_regfile_fpga |       1069 |        365 |     704 |    0 |    88 |      0 |      0 |          0 |
|         i_issue_register_allocation_table                                                         |                                                                            register_allocation_table |       1433 |       1433 |       0 |    0 |   229 |      0 |      0 |          0 |
|           (i_issue_register_allocation_table)                                                     |                                                                            register_allocation_table |       1338 |       1338 |       0 |    0 |   229 |      0 |      0 |          0 |
|           g_alloc[0].i_lzc                                                                        |                                                                                  lzc__parameterized3 |         34 |         34 |       0 |    0 |     0 |      0 |      0 |          0 |
|           g_alloc[1].i_lzc                                                                        |                                                                              lzc__parameterized3_286 |         61 |         61 |       0 |    0 |     0 |      0 |      0 |          0 |
|         i_lsq_bypass                                                                              |                                                                                           lsq_bypass |       2190 |       2190 |       0 |    0 |   660 |      0 |      0 |          0 |
|         i_scoreboard                                                                              |                                                                                           scoreboard |       8448 |       8448 |       0 |    0 |  2912 |      0 |      0 |          0 |
|   i_ariane_peripherals                                                                            |                                                                                   ariane_peripherals |       2471 |       2471 |       0 |    0 |  3294 |      0 |      0 |          0 |
|     gen_timer.i_axi2apb_64_32_timer                                                               |                                                                                        axi2apb_64_32 |        448 |        448 |       0 |    0 |   460 |      0 |      0 |          0 |
|       (gen_timer.i_axi2apb_64_32_timer)                                                           |                                                                                        axi2apb_64_32 |         10 |         10 |       0 |    0 |    92 |      0 |      0 |          0 |
|       slave_ar_buffer_i                                                                           |                                                                                    axi_ar_buffer_261 |        214 |        214 |       0 |    0 |    28 |      0 |      0 |          0 |
|         i_axi_single_slice                                                                        |                                                                                 axi_single_slice_282 |        214 |        214 |       0 |    0 |    28 |      0 |      0 |          0 |
|           i_fifo                                                                                  |                                                                                             fifo_283 |        214 |        214 |       0 |    0 |    28 |      0 |      0 |          0 |
|             impl                                                                                  |                                                                          fifo_v2__parameterized1_284 |        214 |        214 |       0 |    0 |    28 |      0 |      0 |          0 |
|               i_fifo_v3                                                                           |                                                                          fifo_v3__parameterized6_285 |        214 |        214 |       0 |    0 |    28 |      0 |      0 |          0 |
|       slave_aw_buffer_i                                                                           |                                                                                    axi_aw_buffer_262 |         53 |         53 |       0 |    0 |    42 |      0 |      0 |          0 |
|         i_axi_single_slice                                                                        |                                                                                 axi_single_slice_278 |         53 |         53 |       0 |    0 |    42 |      0 |      0 |          0 |
|           i_fifo                                                                                  |                                                                                             fifo_279 |         53 |         53 |       0 |    0 |    42 |      0 |      0 |          0 |
|             impl                                                                                  |                                                                          fifo_v2__parameterized1_280 |         53 |         53 |       0 |    0 |    42 |      0 |      0 |          0 |
|               i_fifo_v3                                                                           |                                                                          fifo_v3__parameterized6_281 |         53 |         53 |       0 |    0 |    42 |      0 |      0 |          0 |
|       slave_b_buffer_i                                                                            |                                                                                     axi_b_buffer_263 |         13 |         13 |       0 |    0 |    10 |      0 |      0 |          0 |
|         i_axi_single_slice                                                                        |                                                                 axi_single_slice__parameterized2_274 |         13 |         13 |       0 |    0 |    10 |      0 |      0 |          0 |
|           i_fifo                                                                                  |                                                                             fifo__parameterized2_275 |         13 |         13 |       0 |    0 |    10 |      0 |      0 |          0 |
|             impl                                                                                  |                                                                          fifo_v2__parameterized4_276 |         13 |         13 |       0 |    0 |    10 |      0 |      0 |          0 |
|               i_fifo_v3                                                                           |                                                                          fifo_v3__parameterized9_277 |         13 |         13 |       0 |    0 |    10 |      0 |      0 |          0 |
|       slave_r_buffer_i                                                                            |                                                                                     axi_r_buffer_264 |        109 |        109 |       0 |    0 |   140 |      0 |      0 |          0 |
|         i_axi_single_slice                                                                        |                                                                 axi_single_slice__parameterized1_270 |        109 |        109 |       0 |    0 |   140 |      0 |      0 |          0 |
|           i_fifo                                                                                  |                                                                             fifo__parameterized1_271 |        109 |        109 |       0 |    0 |   140 |      0 |      0 |          0 |
|             impl                                                                                  |                                                                          fifo_v2__parameterized3_272 |        109 |        109 |       0 |    0 |   140 |      0 |      0 |          0 |
|               i_fifo_v3                                                                           |                                                                          fifo_v3__parameterized8_273 |        109 |        109 |       0 |    0 |   140 |      0 |      0 |          0 |
|       slave_w_buffer_i                                                                            |                                                                                     axi_w_buffer_265 |         52 |         52 |       0 |    0 |   148 |      0 |      0 |          0 |
|         i_axi_single_slice                                                                        |                                                                 axi_single_slice__parameterized0_266 |         52 |         52 |       0 |    0 |   148 |      0 |      0 |          0 |
|           i_fifo                                                                                  |                                                                             fifo__parameterized0_267 |         52 |         52 |       0 |    0 |   148 |      0 |      0 |          0 |
|             impl                                                                                  |                                                                          fifo_v2__parameterized2_268 |         52 |         52 |       0 |    0 |   148 |      0 |      0 |          0 |
|               i_fifo_v3                                                                           |                                                                          fifo_v3__parameterized7_269 |         52 |         52 |       0 |    0 |   148 |      0 |      0 |          0 |
|     gen_timer.i_timer                                                                             |                                                                                            apb_timer |        184 |        184 |       0 |    0 |   256 |      0 |      0 |          0 |
|       TIMER_GEN[0].timer_i                                                                        |                                                                                                timer |         92 |         92 |       0 |    0 |   128 |      0 |      0 |          0 |
|       TIMER_GEN[1].timer_i                                                                        |                                                                                            timer_260 |         92 |         92 |       0 |    0 |   128 |      0 |      0 |          0 |
|     gen_uart.i_apb_uart                                                                           |                                                                                             apb_uart |        746 |        746 |       0 |    0 |  1477 |      0 |      0 |          0 |
|       (gen_uart.i_apb_uart)                                                                       |                                                                                             apb_uart |         16 |         16 |       0 |    0 |   102 |      0 |      0 |          0 |
|       UART_BG16                                                                                   |                                                                                         uart_baudgen |         15 |         15 |       0 |    0 |    17 |      0 |      0 |          0 |
|       UART_BG2                                                                                    |                                                                                       slib_clock_div |          3 |          3 |       0 |    0 |     4 |      0 |      0 |          0 |
|       UART_BIDET                                                                                  |                                                                                     slib_edge_detect |          0 |          0 |       0 |    0 |     1 |      0 |      0 |          0 |
|       UART_ED_CTS                                                                                 |                                                                                 slib_edge_detect_249 |          0 |          0 |       0 |    0 |     1 |      0 |      0 |          0 |
|       UART_ED_DCD                                                                                 |                                                                                 slib_edge_detect_250 |          0 |          0 |       0 |    0 |     1 |      0 |      0 |          0 |
|       UART_ED_DSR                                                                                 |                                                                                 slib_edge_detect_251 |          0 |          0 |       0 |    0 |     1 |      0 |      0 |          0 |
|       UART_ED_RI                                                                                  |                                                                                 slib_edge_detect_252 |          0 |          0 |       0 |    0 |     1 |      0 |      0 |          0 |
|       UART_FEDET                                                                                  |                                                                                 slib_edge_detect_253 |          0 |          0 |       0 |    0 |     1 |      0 |      0 |          0 |
|       UART_IF_CTS                                                                                 |                                                                                    slib_input_filter |          5 |          5 |       0 |    0 |     3 |      0 |      0 |          0 |
|       UART_IF_DCD                                                                                 |                                                                                slib_input_filter_254 |          4 |          4 |       0 |    0 |     3 |      0 |      0 |          0 |
|       UART_IF_DSR                                                                                 |                                                                                slib_input_filter_255 |          4 |          4 |       0 |    0 |     3 |      0 |      0 |          0 |
|       UART_IF_RI                                                                                  |                                                                                slib_input_filter_256 |          3 |          3 |       0 |    0 |     3 |      0 |      0 |          0 |
|       UART_IIC                                                                                    |                                                                                       uart_interrupt |          8 |          8 |       0 |    0 |     4 |      0 |      0 |          0 |
|       UART_IIC_THRE_ED                                                                            |                                                                                 slib_edge_detect_257 |          0 |          0 |       0 |    0 |     1 |      0 |      0 |          0 |
|       UART_IS_SIN                                                                                 |                                                                                      slib_input_sync |          0 |          0 |       0 |    0 |     2 |      0 |      0 |          0 |
|       UART_PEDET                                                                                  |                                                                                 slib_edge_detect_258 |          0 |          0 |       0 |    0 |     1 |      0 |      0 |          0 |
|       UART_RCLK                                                                                   |                                                                                 slib_edge_detect_259 |          0 |          0 |       0 |    0 |     1 |      0 |      0 |          0 |
|       UART_RX                                                                                     |                                                                                        uart_receiver |         49 |         49 |       0 |    0 |    35 |      0 |      0 |          0 |
|         (UART_RX)                                                                                 |                                                                                        uart_receiver |         13 |         13 |       0 |    0 |    21 |      0 |      0 |          0 |
|         RX_BRC                                                                                    |                                                                                         slib_counter |         13 |         13 |       0 |    0 |     5 |      0 |      0 |          0 |
|         RX_IFSB                                                                                   |                                                                    slib_input_filter__parameterized2 |          8 |          8 |       0 |    0 |     4 |      0 |      0 |          0 |
|         RX_MVF                                                                                    |                                                                                       slib_mv_filter |         15 |         15 |       0 |    0 |     5 |      0 |      0 |          0 |
|       UART_RXFF                                                                                   |                                                                            slib_fifo__parameterized1 |        360 |        360 |       0 |    0 |   736 |      0 |      0 |          0 |
|       UART_TX                                                                                     |                                                                                     uart_transmitter |         16 |         16 |       0 |    0 |    16 |      0 |      0 |          0 |
|       UART_TXFF                                                                                   |                                                                                            slib_fifo |        263 |        263 |       0 |    0 |   540 |      0 |      0 |          0 |
|     i_axi2apb_64_32_plic                                                                          |                                                                                    axi2apb_64_32_217 |        701 |        701 |       0 |    0 |   612 |      0 |      0 |          0 |
|       (i_axi2apb_64_32_plic)                                                                      |                                                                                    axi2apb_64_32_217 |          8 |          8 |       0 |    0 |   144 |      0 |      0 |          0 |
|       slave_ar_buffer_i                                                                           |                                                                                    axi_ar_buffer_224 |        345 |        345 |       0 |    0 |    82 |      0 |      0 |          0 |
|         i_axi_single_slice                                                                        |                                                                                 axi_single_slice_245 |        345 |        345 |       0 |    0 |    82 |      0 |      0 |          0 |
|           i_fifo                                                                                  |                                                                                             fifo_246 |        345 |        345 |       0 |    0 |    82 |      0 |      0 |          0 |
|             impl                                                                                  |                                                                          fifo_v2__parameterized1_247 |        345 |        345 |       0 |    0 |    82 |      0 |      0 |          0 |
|               i_fifo_v3                                                                           |                                                                          fifo_v3__parameterized6_248 |        345 |        345 |       0 |    0 |    82 |      0 |      0 |          0 |
|       slave_aw_buffer_i                                                                           |                                                                                    axi_aw_buffer_225 |        173 |        173 |       0 |    0 |    96 |      0 |      0 |          0 |
|         i_axi_single_slice                                                                        |                                                                                 axi_single_slice_241 |        173 |        173 |       0 |    0 |    96 |      0 |      0 |          0 |
|           i_fifo                                                                                  |                                                                                             fifo_242 |        173 |        173 |       0 |    0 |    96 |      0 |      0 |          0 |
|             impl                                                                                  |                                                                          fifo_v2__parameterized1_243 |        173 |        173 |       0 |    0 |    96 |      0 |      0 |          0 |
|               i_fifo_v3                                                                           |                                                                          fifo_v3__parameterized6_244 |        173 |        173 |       0 |    0 |    96 |      0 |      0 |          0 |
|       slave_b_buffer_i                                                                            |                                                                                     axi_b_buffer_226 |         16 |         16 |       0 |    0 |    10 |      0 |      0 |          0 |
|         i_axi_single_slice                                                                        |                                                                 axi_single_slice__parameterized2_237 |         16 |         16 |       0 |    0 |    10 |      0 |      0 |          0 |
|           i_fifo                                                                                  |                                                                             fifo__parameterized2_238 |         16 |         16 |       0 |    0 |    10 |      0 |      0 |          0 |
|             impl                                                                                  |                                                                          fifo_v2__parameterized4_239 |         16 |         16 |       0 |    0 |    10 |      0 |      0 |          0 |
|               i_fifo_v3                                                                           |                                                                          fifo_v3__parameterized9_240 |         16 |         16 |       0 |    0 |    10 |      0 |      0 |          0 |
|       slave_r_buffer_i                                                                            |                                                                                     axi_r_buffer_227 |        111 |        111 |       0 |    0 |   136 |      0 |      0 |          0 |
|         i_axi_single_slice                                                                        |                                                                 axi_single_slice__parameterized1_233 |        111 |        111 |       0 |    0 |   136 |      0 |      0 |          0 |
|           i_fifo                                                                                  |                                                                             fifo__parameterized1_234 |        111 |        111 |       0 |    0 |   136 |      0 |      0 |          0 |
|             impl                                                                                  |                                                                          fifo_v2__parameterized3_235 |        111 |        111 |       0 |    0 |   136 |      0 |      0 |          0 |
|               i_fifo_v3                                                                           |                                                                          fifo_v3__parameterized8_236 |        111 |        111 |       0 |    0 |   136 |      0 |      0 |          0 |
|       slave_w_buffer_i                                                                            |                                                                                     axi_w_buffer_228 |         50 |         50 |       0 |    0 |   144 |      0 |      0 |          0 |
|         i_axi_single_slice                                                                        |                                                                 axi_single_slice__parameterized0_229 |         50 |         50 |       0 |    0 |   144 |      0 |      0 |          0 |
|           i_fifo                                                                                  |                                                                             fifo__parameterized0_230 |         50 |         50 |       0 |    0 |   144 |      0 |      0 |          0 |
|             impl                                                                                  |                                                                          fifo_v2__parameterized2_231 |         50 |         50 |       0 |    0 |   144 |      0 |      0 |          0 |
|               i_fifo_v3                                                                           |                                                                          fifo_v3__parameterized7_232 |         50 |         50 |       0 |    0 |   144 |      0 |      0 |          0 |
|     i_axi2apb_64_32_uart                                                                          |                                                                                    axi2apb_64_32_218 |        210 |        210 |       0 |    0 |   220 |      0 |      0 |          0 |
|       (i_axi2apb_64_32_uart)                                                                      |                                                                                    axi2apb_64_32_218 |         10 |         10 |       0 |    0 |    44 |      0 |      0 |          0 |
|       slave_ar_buffer_i                                                                           |                                                                                        axi_ar_buffer |         57 |         57 |       0 |    0 |    28 |      0 |      0 |          0 |
|         i_axi_single_slice                                                                        |                                                                                 axi_single_slice_220 |         57 |         57 |       0 |    0 |    28 |      0 |      0 |          0 |
|           i_fifo                                                                                  |                                                                                             fifo_221 |         57 |         57 |       0 |    0 |    28 |      0 |      0 |          0 |
|             impl                                                                                  |                                                                          fifo_v2__parameterized1_222 |         57 |         57 |       0 |    0 |    28 |      0 |      0 |          0 |
|               i_fifo_v3                                                                           |                                                                          fifo_v3__parameterized6_223 |         57 |         57 |       0 |    0 |    28 |      0 |      0 |          0 |
|       slave_aw_buffer_i                                                                           |                                                                                        axi_aw_buffer |         57 |         57 |       0 |    0 |    42 |      0 |      0 |          0 |
|         i_axi_single_slice                                                                        |                                                                                     axi_single_slice |         57 |         57 |       0 |    0 |    42 |      0 |      0 |          0 |
|           i_fifo                                                                                  |                                                                                                 fifo |         57 |         57 |       0 |    0 |    42 |      0 |      0 |          0 |
|             impl                                                                                  |                                                                              fifo_v2__parameterized1 |         57 |         57 |       0 |    0 |    42 |      0 |      0 |          0 |
|               i_fifo_v3                                                                           |                                                                              fifo_v3__parameterized6 |         57 |         57 |       0 |    0 |    42 |      0 |      0 |          0 |
|       slave_b_buffer_i                                                                            |                                                                                         axi_b_buffer |         18 |         18 |       0 |    0 |    10 |      0 |      0 |          0 |
|         i_axi_single_slice                                                                        |                                                                     axi_single_slice__parameterized2 |         18 |         18 |       0 |    0 |    10 |      0 |      0 |          0 |
|           i_fifo                                                                                  |                                                                                 fifo__parameterized2 |         18 |         18 |       0 |    0 |    10 |      0 |      0 |          0 |
|             impl                                                                                  |                                                                              fifo_v2__parameterized4 |         18 |         18 |       0 |    0 |    10 |      0 |      0 |          0 |
|               i_fifo_v3                                                                           |                                                                              fifo_v3__parameterized9 |         18 |         18 |       0 |    0 |    10 |      0 |      0 |          0 |
|       slave_r_buffer_i                                                                            |                                                                                         axi_r_buffer |         39 |         39 |       0 |    0 |    44 |      0 |      0 |          0 |
|         i_axi_single_slice                                                                        |                                                                     axi_single_slice__parameterized1 |         39 |         39 |       0 |    0 |    44 |      0 |      0 |          0 |
|           i_fifo                                                                                  |                                                                                 fifo__parameterized1 |         39 |         39 |       0 |    0 |    44 |      0 |      0 |          0 |
|             impl                                                                                  |                                                                              fifo_v2__parameterized3 |         39 |         39 |       0 |    0 |    44 |      0 |      0 |          0 |
|               i_fifo_v3                                                                           |                                                                              fifo_v3__parameterized8 |         39 |         39 |       0 |    0 |    44 |      0 |      0 |          0 |
|       slave_w_buffer_i                                                                            |                                                                                         axi_w_buffer |         33 |         33 |       0 |    0 |    52 |      0 |      0 |          0 |
|         i_axi_single_slice                                                                        |                                                                     axi_single_slice__parameterized0 |         33 |         33 |       0 |    0 |    52 |      0 |      0 |          0 |
|           i_fifo                                                                                  |                                                                                 fifo__parameterized0 |         33 |         33 |       0 |    0 |    52 |      0 |      0 |          0 |
|             impl                                                                                  |                                                                              fifo_v2__parameterized2 |         33 |         33 |       0 |    0 |    52 |      0 |      0 |          0 |
|               i_fifo_v3                                                                           |                                                                              fifo_v3__parameterized7 |         33 |         33 |       0 |    0 |    52 |      0 |      0 |          0 |
|     i_plic                                                                                        |                                                                                             plic_top |        182 |        182 |       0 |    0 |   269 |      0 |      0 |          0 |
|       (i_plic)                                                                                    |                                                                                             plic_top |         88 |         88 |       0 |    0 |   217 |      0 |      0 |          0 |
|       gen_target[0].i_target                                                                      |                                                                                       rv_plic_target |         23 |         23 |       0 |    0 |     4 |      0 |      0 |          0 |
|       gen_target[1].i_target                                                                      |                                                                                   rv_plic_target_219 |          8 |          8 |       0 |    0 |     4 |      0 |      0 |          0 |
|       i_rv_plic_gateway                                                                           |                                                                                      rv_plic_gateway |         63 |         63 |       0 |    0 |    44 |      0 |      0 |          0 |
|   i_axi2rom                                                                                       |                                                                              axi2mem__parameterized0 |         76 |         76 |       0 |    0 |    43 |      0 |      0 |          0 |
|   i_axi_dwidth_converter_dm_master                                                                |                                                                  xlnx_axi_dwidth_converter_dm_master |        352 |        313 |       0 |   39 |   396 |      0 |      0 |          0 |
|     inst                                                                                          |                                 xlnx_axi_dwidth_converter_dm_master_axi_dwidth_converter_v2_1_31_top |        352 |        313 |       0 |   39 |   396 |      0 |      0 |          0 |
|       gen_upsizer.gen_full_upsizer.axi_upsizer_inst                                               |                         xlnx_axi_dwidth_converter_dm_master_axi_dwidth_converter_v2_1_31_axi_upsizer |        352 |        313 |       0 |   39 |   396 |      0 |      0 |          0 |
|         USE_READ.gen_non_fifo_r_upsizer.mi_register_slice_inst                                    |                    xlnx_axi_dwidth_converter_dm_master_axi_register_slice_v2_1_31_axi_register_slice |         36 |         36 |       0 |    0 |   132 |      0 |      0 |          0 |
|           r.r_pipe                                                                                |   xlnx_axi_dwidth_converter_dm_master_axi_register_slice_v2_1_31_axic_register_slice__parameterized2 |         36 |         36 |       0 |    0 |   132 |      0 |      0 |          0 |
|         USE_READ.gen_non_fifo_r_upsizer.read_data_inst                                            |                           xlnx_axi_dwidth_converter_dm_master_axi_dwidth_converter_v2_1_31_r_upsizer |         56 |         56 |       0 |    0 |    18 |      0 |      0 |          0 |
|         USE_READ.read_addr_inst                                                                   |           xlnx_axi_dwidth_converter_dm_master_axi_dwidth_converter_v2_1_31_a_upsizer__parameterized0 |         50 |         35 |       0 |   15 |    32 |      0 |      0 |          0 |
|           (USE_READ.read_addr_inst)                                                               |           xlnx_axi_dwidth_converter_dm_master_axi_dwidth_converter_v2_1_31_a_upsizer__parameterized0 |          0 |          0 |       0 |    0 |     1 |      0 |      0 |          0 |
|           GEN_CMD_QUEUE.cmd_queue                                                                 |         xlnx_axi_dwidth_converter_dm_master_generic_baseblocks_v2_1_2_command_fifo__parameterized0_1 |         41 |         26 |       0 |   15 |    23 |      0 |      0 |          0 |
|           gen_id_queue.id_queue                                                                   |                         xlnx_axi_dwidth_converter_dm_master_generic_baseblocks_v2_1_2_command_fifo_2 |         10 |         10 |       0 |    0 |     8 |      0 |      0 |          0 |
|         USE_WRITE.gen_non_fifo_w_upsizer.write_data_inst                                          |                           xlnx_axi_dwidth_converter_dm_master_axi_dwidth_converter_v2_1_31_w_upsizer |         32 |         32 |       0 |    0 |    90 |      0 |      0 |          0 |
|         USE_WRITE.write_addr_inst                                                                 |                           xlnx_axi_dwidth_converter_dm_master_axi_dwidth_converter_v2_1_31_a_upsizer |        140 |        116 |       0 |   24 |    41 |      0 |      0 |          0 |
|           (USE_WRITE.write_addr_inst)                                                             |                           xlnx_axi_dwidth_converter_dm_master_axi_dwidth_converter_v2_1_31_a_upsizer |          0 |          0 |       0 |    0 |     1 |      0 |      0 |          0 |
|           GEN_CMD_QUEUE.cmd_queue                                                                 |           xlnx_axi_dwidth_converter_dm_master_generic_baseblocks_v2_1_2_command_fifo__parameterized0 |        129 |        105 |       0 |   24 |    32 |      0 |      0 |          0 |
|           gen_id_queue.id_queue                                                                   |                           xlnx_axi_dwidth_converter_dm_master_generic_baseblocks_v2_1_2_command_fifo |         13 |         13 |       0 |    0 |     8 |      0 |      0 |          0 |
|         si_register_slice_inst                                                                    |    xlnx_axi_dwidth_converter_dm_master_axi_register_slice_v2_1_31_axi_register_slice__parameterized0 |         44 |         44 |       0 |    0 |    83 |      0 |      0 |          0 |
|           ar.ar_pipe                                                                              |   xlnx_axi_dwidth_converter_dm_master_axi_register_slice_v2_1_31_axic_register_slice__parameterized3 |          8 |          8 |       0 |    0 |    36 |      0 |      0 |          0 |
|           aw.aw_pipe                                                                              | xlnx_axi_dwidth_converter_dm_master_axi_register_slice_v2_1_31_axic_register_slice__parameterized3_0 |         36 |         36 |       0 |    0 |    47 |      0 |      0 |          0 |
|   i_axi_dwidth_converter_dm_slave                                                                 |                                                                   xlnx_axi_dwidth_converter_dm_slave |        506 |        466 |      40 |    0 |   526 |      0 |      0 |          0 |
|     inst                                                                                          |                                  xlnx_axi_dwidth_converter_dm_slave_axi_dwidth_converter_v2_1_31_top |        506 |        466 |      40 |    0 |   526 |      0 |      0 |          0 |
|       gen_downsizer.gen_simple_downsizer.axi_downsizer_inst                                       |                        xlnx_axi_dwidth_converter_dm_slave_axi_dwidth_converter_v2_1_31_axi_downsizer |        506 |        466 |      40 |    0 |   526 |      0 |      0 |          0 |
|         USE_READ.read_addr_inst                                                                   |          xlnx_axi_dwidth_converter_dm_slave_axi_dwidth_converter_v2_1_31_a_downsizer__parameterized0 |        179 |        161 |      18 |    0 |   183 |      0 |      0 |          0 |
|           (USE_READ.read_addr_inst)                                                               |          xlnx_axi_dwidth_converter_dm_slave_axi_dwidth_converter_v2_1_31_a_downsizer__parameterized0 |         84 |         84 |       0 |    0 |    95 |      0 |      0 |          0 |
|           cmd_queue                                                                               |                   xlnx_axi_dwidth_converter_dm_slave_axi_data_fifo_v2_1_30_axic_fifo__parameterized0 |        101 |         83 |      18 |    0 |    88 |      0 |      0 |          0 |
|             inst                                                                                  |                    xlnx_axi_dwidth_converter_dm_slave_axi_data_fifo_v2_1_30_fifo_gen__parameterized0 |        101 |         83 |      18 |    0 |    88 |      0 |      0 |          0 |
|               (inst)                                                                              |                    xlnx_axi_dwidth_converter_dm_slave_axi_data_fifo_v2_1_30_fifo_gen__parameterized0 |         57 |         57 |       0 |    0 |     0 |      0 |      0 |          0 |
|               fifo_gen_inst                                                                       |                           xlnx_axi_dwidth_converter_dm_slave_fifo_generator_v13_2_10__parameterized0 |         44 |         26 |      18 |    0 |    88 |      0 |      0 |          0 |
|                 inst_fifo_gen                                                                     |                     xlnx_axi_dwidth_converter_dm_slave_fifo_generator_v13_2_10_synth__parameterized0 |         44 |         26 |      18 |    0 |    88 |      0 |      0 |          0 |
|                   gconvfifo.rf                                                                    |                                xlnx_axi_dwidth_converter_dm_slave_fifo_generator_top__parameterized0 |         44 |         26 |      18 |    0 |    88 |      0 |      0 |          0 |
|                     grf.rf                                                                        |                            xlnx_axi_dwidth_converter_dm_slave_fifo_generator_ramfifo__parameterized0 |         44 |         26 |      18 |    0 |    88 |      0 |      0 |          0 |
|                       gntv_or_sync_fifo.gl0.rd                                                    |                                                        xlnx_axi_dwidth_converter_dm_slave_rd_logic_7 |          9 |          9 |       0 |    0 |    20 |      0 |      0 |          0 |
|                         gr1.gr1_int.rfwft                                                         |                                                        xlnx_axi_dwidth_converter_dm_slave_rd_fwft_13 |          6 |          6 |       0 |    0 |     8 |      0 |      0 |          0 |
|                         grss.rsts                                                                 |                                             xlnx_axi_dwidth_converter_dm_slave_rd_status_flags_ss_14 |          0 |          0 |       0 |    0 |     2 |      0 |      0 |          0 |
|                         rpntr                                                                     |                                                    xlnx_axi_dwidth_converter_dm_slave_rd_bin_cntr_15 |          3 |          3 |       0 |    0 |    10 |      0 |      0 |          0 |
|                       gntv_or_sync_fifo.gl0.wr                                                    |                                                        xlnx_axi_dwidth_converter_dm_slave_wr_logic_8 |         12 |         12 |       0 |    0 |    12 |      0 |      0 |          0 |
|                         gwss.wsts                                                                 |                                             xlnx_axi_dwidth_converter_dm_slave_wr_status_flags_ss_11 |          2 |          2 |       0 |    0 |     2 |      0 |      0 |          0 |
|                         wpntr                                                                     |                                                    xlnx_axi_dwidth_converter_dm_slave_wr_bin_cntr_12 |         11 |         11 |       0 |    0 |    10 |      0 |      0 |          0 |
|                       gntv_or_sync_fifo.mem                                                       |                                          xlnx_axi_dwidth_converter_dm_slave_memory__parameterized0_9 |         18 |          0 |      18 |    0 |    52 |      0 |      0 |          0 |
|                         (gntv_or_sync_fifo.mem)                                                   |                                          xlnx_axi_dwidth_converter_dm_slave_memory__parameterized0_9 |          0 |          0 |       0 |    0 |    26 |      0 |      0 |          0 |
|                         gdm.dm_gen.dm                                                             |                                           xlnx_axi_dwidth_converter_dm_slave_dmem__parameterized0_10 |         18 |          0 |      18 |    0 |    26 |      0 |      0 |          0 |
|                       rstblk                                                                      |                                                 xlnx_axi_dwidth_converter_dm_slave_reset_blk_ramfifo |          5 |          5 |       0 |    0 |     4 |      0 |      0 |          0 |
|                         (rstblk)                                                                  |                                                 xlnx_axi_dwidth_converter_dm_slave_reset_blk_ramfifo |          5 |          5 |       0 |    0 |     2 |      0 |      0 |          0 |
|                         ngwrdrst.grst.g7serrst.gnsckt_wrst.rst_wr_reg2_inst                       |                                                 xlnx_axi_dwidth_converter_dm_slave_xpm_cdc_async_rst |          0 |          0 |       0 |    0 |     2 |      0 |      0 |          0 |
|         USE_READ.read_data_inst                                                                   |                          xlnx_axi_dwidth_converter_dm_slave_axi_dwidth_converter_v2_1_31_r_downsizer |         50 |         50 |       0 |    0 |    77 |      0 |      0 |          0 |
|         USE_WRITE.USE_SPLIT.write_resp_inst                                                       |                          xlnx_axi_dwidth_converter_dm_slave_axi_dwidth_converter_v2_1_31_b_downsizer |         15 |         15 |       0 |    0 |    11 |      0 |      0 |          0 |
|         USE_WRITE.write_addr_inst                                                                 |                          xlnx_axi_dwidth_converter_dm_slave_axi_dwidth_converter_v2_1_31_a_downsizer |        227 |        205 |      22 |    0 |   243 |      0 |      0 |          0 |
|           (USE_WRITE.write_addr_inst)                                                             |                          xlnx_axi_dwidth_converter_dm_slave_axi_dwidth_converter_v2_1_31_a_downsizer |        101 |        101 |       0 |    0 |   111 |      0 |      0 |          0 |
|           USE_B_CHANNEL.cmd_b_queue                                                               |                                   xlnx_axi_dwidth_converter_dm_slave_axi_data_fifo_v2_1_30_axic_fifo |         41 |         37 |       4 |    0 |    46 |      0 |      0 |          0 |
|             inst                                                                                  |                                    xlnx_axi_dwidth_converter_dm_slave_axi_data_fifo_v2_1_30_fifo_gen |         41 |         37 |       4 |    0 |    46 |      0 |      0 |          0 |
|               (inst)                                                                              |                                    xlnx_axi_dwidth_converter_dm_slave_axi_data_fifo_v2_1_30_fifo_gen |         12 |         12 |       0 |    0 |     0 |      0 |      0 |          0 |
|               fifo_gen_inst                                                                       |                                           xlnx_axi_dwidth_converter_dm_slave_fifo_generator_v13_2_10 |         30 |         26 |       4 |    0 |    46 |      0 |      0 |          0 |
|                 inst_fifo_gen                                                                     |                                     xlnx_axi_dwidth_converter_dm_slave_fifo_generator_v13_2_10_synth |         30 |         26 |       4 |    0 |    46 |      0 |      0 |          0 |
|                   gconvfifo.rf                                                                    |                                                xlnx_axi_dwidth_converter_dm_slave_fifo_generator_top |         30 |         26 |       4 |    0 |    46 |      0 |      0 |          0 |
|                     grf.rf                                                                        |                                            xlnx_axi_dwidth_converter_dm_slave_fifo_generator_ramfifo |         30 |         26 |       4 |    0 |    46 |      0 |      0 |          0 |
|                       gntv_or_sync_fifo.gl0.rd                                                    |                                                        xlnx_axi_dwidth_converter_dm_slave_rd_logic_0 |          9 |          9 |       0 |    0 |    20 |      0 |      0 |          0 |
|                         gr1.gr1_int.rfwft                                                         |                                                         xlnx_axi_dwidth_converter_dm_slave_rd_fwft_4 |          6 |          6 |       0 |    0 |     8 |      0 |      0 |          0 |
|                         grss.rsts                                                                 |                                              xlnx_axi_dwidth_converter_dm_slave_rd_status_flags_ss_5 |          0 |          0 |       0 |    0 |     2 |      0 |      0 |          0 |
|                         rpntr                                                                     |                                                     xlnx_axi_dwidth_converter_dm_slave_rd_bin_cntr_6 |          3 |          3 |       0 |    0 |    10 |      0 |      0 |          0 |
|                       gntv_or_sync_fifo.gl0.wr                                                    |                                                        xlnx_axi_dwidth_converter_dm_slave_wr_logic_1 |         12 |         12 |       0 |    0 |    12 |      0 |      0 |          0 |
|                         gwss.wsts                                                                 |                                              xlnx_axi_dwidth_converter_dm_slave_wr_status_flags_ss_2 |          2 |          2 |       0 |    0 |     2 |      0 |      0 |          0 |
|                         wpntr                                                                     |                                                     xlnx_axi_dwidth_converter_dm_slave_wr_bin_cntr_3 |         11 |         11 |       0 |    0 |    10 |      0 |      0 |          0 |
|                       gntv_or_sync_fifo.mem                                                       |                                                            xlnx_axi_dwidth_converter_dm_slave_memory |          4 |          0 |       4 |    0 |    10 |      0 |      0 |          0 |
|                         (gntv_or_sync_fifo.mem)                                                   |                                                            xlnx_axi_dwidth_converter_dm_slave_memory |          0 |          0 |       0 |    0 |     5 |      0 |      0 |          0 |
|                         gdm.dm_gen.dm                                                             |                                                              xlnx_axi_dwidth_converter_dm_slave_dmem |          4 |          0 |       4 |    0 |     5 |      0 |      0 |          0 |
|                       rstblk                                                                      |                                      xlnx_axi_dwidth_converter_dm_slave_reset_blk_ramfifo__xdcDup__1 |          5 |          5 |       0 |    0 |     4 |      0 |      0 |          0 |
|                         (rstblk)                                                                  |                                      xlnx_axi_dwidth_converter_dm_slave_reset_blk_ramfifo__xdcDup__1 |          5 |          5 |       0 |    0 |     2 |      0 |      0 |          0 |
|                         ngwrdrst.grst.g7serrst.gnsckt_wrst.rst_wr_reg2_inst                       |                                              xlnx_axi_dwidth_converter_dm_slave_xpm_cdc_async_rst__3 |          0 |          0 |       0 |    0 |     2 |      0 |      0 |          0 |
|           cmd_queue                                                                               |        xlnx_axi_dwidth_converter_dm_slave_axi_data_fifo_v2_1_30_axic_fifo__parameterized0__xdcDup__1 |         92 |         74 |      18 |    0 |    86 |      0 |      0 |          0 |
|             inst                                                                                  |         xlnx_axi_dwidth_converter_dm_slave_axi_data_fifo_v2_1_30_fifo_gen__parameterized0__xdcDup__1 |         92 |         74 |      18 |    0 |    86 |      0 |      0 |          0 |
|               (inst)                                                                              |         xlnx_axi_dwidth_converter_dm_slave_axi_data_fifo_v2_1_30_fifo_gen__parameterized0__xdcDup__1 |         49 |         49 |       0 |    0 |     0 |      0 |      0 |          0 |
|               fifo_gen_inst                                                                       |                xlnx_axi_dwidth_converter_dm_slave_fifo_generator_v13_2_10__parameterized0__xdcDup__1 |         43 |         25 |      18 |    0 |    86 |      0 |      0 |          0 |
|                 inst_fifo_gen                                                                     |          xlnx_axi_dwidth_converter_dm_slave_fifo_generator_v13_2_10_synth__parameterized0__xdcDup__1 |         43 |         25 |      18 |    0 |    86 |      0 |      0 |          0 |
|                   gconvfifo.rf                                                                    |                     xlnx_axi_dwidth_converter_dm_slave_fifo_generator_top__parameterized0__xdcDup__1 |         43 |         25 |      18 |    0 |    86 |      0 |      0 |          0 |
|                     grf.rf                                                                        |                 xlnx_axi_dwidth_converter_dm_slave_fifo_generator_ramfifo__parameterized0__xdcDup__1 |         43 |         25 |      18 |    0 |    86 |      0 |      0 |          0 |
|                       gntv_or_sync_fifo.gl0.rd                                                    |                                                          xlnx_axi_dwidth_converter_dm_slave_rd_logic |          8 |          8 |       0 |    0 |    20 |      0 |      0 |          0 |
|                         gr1.gr1_int.rfwft                                                         |                                                           xlnx_axi_dwidth_converter_dm_slave_rd_fwft |          5 |          5 |       0 |    0 |     8 |      0 |      0 |          0 |
|                         grss.rsts                                                                 |                                                xlnx_axi_dwidth_converter_dm_slave_rd_status_flags_ss |          0 |          0 |       0 |    0 |     2 |      0 |      0 |          0 |
|                         rpntr                                                                     |                                                       xlnx_axi_dwidth_converter_dm_slave_rd_bin_cntr |          3 |          3 |       0 |    0 |    10 |      0 |      0 |          0 |
|                       gntv_or_sync_fifo.gl0.wr                                                    |                                                          xlnx_axi_dwidth_converter_dm_slave_wr_logic |         12 |         12 |       0 |    0 |    12 |      0 |      0 |          0 |
|                         gwss.wsts                                                                 |                                                xlnx_axi_dwidth_converter_dm_slave_wr_status_flags_ss |          2 |          2 |       0 |    0 |     2 |      0 |      0 |          0 |
|                         wpntr                                                                     |                                                       xlnx_axi_dwidth_converter_dm_slave_wr_bin_cntr |         11 |         11 |       0 |    0 |    10 |      0 |      0 |          0 |
|                       gntv_or_sync_fifo.mem                                                       |                                            xlnx_axi_dwidth_converter_dm_slave_memory__parameterized0 |         18 |          0 |      18 |    0 |    50 |      0 |      0 |          0 |
|                         (gntv_or_sync_fifo.mem)                                                   |                                            xlnx_axi_dwidth_converter_dm_slave_memory__parameterized0 |          0 |          0 |       0 |    0 |    25 |      0 |      0 |          0 |
|                         gdm.dm_gen.dm                                                             |                                              xlnx_axi_dwidth_converter_dm_slave_dmem__parameterized0 |         18 |          0 |      18 |    0 |    25 |      0 |      0 |          0 |
|                       rstblk                                                                      |                                      xlnx_axi_dwidth_converter_dm_slave_reset_blk_ramfifo__xdcDup__2 |          5 |          5 |       0 |    0 |     4 |      0 |      0 |          0 |
|                         (rstblk)                                                                  |                                      xlnx_axi_dwidth_converter_dm_slave_reset_blk_ramfifo__xdcDup__2 |          5 |          5 |       0 |    0 |     2 |      0 |      0 |          0 |
|                         ngwrdrst.grst.g7serrst.gnsckt_wrst.rst_wr_reg2_inst                       |                                              xlnx_axi_dwidth_converter_dm_slave_xpm_cdc_async_rst__4 |          0 |          0 |       0 |    0 |     2 |      0 |      0 |          0 |
|         USE_WRITE.write_data_inst                                                                 |                          xlnx_axi_dwidth_converter_dm_slave_axi_dwidth_converter_v2_1_31_w_downsizer |         36 |         36 |       0 |    0 |    12 |      0 |      0 |          0 |
|   i_axi_riscv_atomics                                                                             |                                                                               axi_riscv_atomics_wrap |       1354 |       1354 |       0 |    0 |   593 |      0 |      0 |          0 |
|     i_atomics                                                                                     |                                                                                    axi_riscv_atomics |       1354 |       1354 |       0 |    0 |   593 |      0 |      0 |          0 |
|       i_amos                                                                                      |                                                                                       axi_riscv_amos |       1107 |       1107 |       0 |    0 |   278 |      0 |      0 |          0 |
|       i_lrsc                                                                                      |                                                                                       axi_riscv_lrsc |        248 |        248 |       0 |    0 |   315 |      0 |      0 |          0 |
|         (i_lrsc)                                                                                  |                                                                                       axi_riscv_lrsc |         23 |         23 |       0 |    0 |    43 |      0 |      0 |          0 |
|         i_art                                                                                     |                                                                                          axi_res_tbl |        225 |        225 |       0 |    0 |   272 |      0 |      0 |          0 |
|   i_axi_xbar                                                                                      |                                                                                        axi_xbar_intf |       4186 |       4186 |       0 |    0 |  3863 |      0 |      0 |          0 |
|     i_xbar                                                                                        |                                                                                             axi_xbar |       4186 |       4186 |       0 |    0 |  3863 |      0 |      0 |          0 |
|       (i_xbar)                                                                                    |                                                                                             axi_xbar |         12 |         12 |       0 |    0 |     0 |      0 |      0 |          0 |
|       gen_mst_port_mux[0].i_axi_mux                                                               |                                                                                              axi_mux |        314 |        314 |       0 |    0 |   516 |      0 |      0 |          0 |
|         (gen_mst_port_mux[0].i_axi_mux)                                                           |                                                                                              axi_mux |          0 |          0 |       0 |    0 |     1 |      0 |      0 |          0 |
|         gen_mux.i_ar_arbiter                                                                      |                                                                      rr_arb_tree__parameterized2_204 |          3 |          3 |       0 |    0 |     4 |      0 |      0 |          0 |
|         gen_mux.i_ar_spill_reg                                                                    |                                                                   spill_register__parameterized6_205 |         31 |         31 |       0 |    0 |    88 |      0 |      0 |          0 |
|           spill_register_flushable_i                                                              |                                                         spill_register_flushable__parameterized6_216 |         31 |         31 |       0 |    0 |    88 |      0 |      0 |          0 |
|         gen_mux.i_aw_arbiter                                                                      |                                                                      rr_arb_tree__parameterized1_206 |          2 |          2 |       0 |    0 |     4 |      0 |      0 |          0 |
|         gen_mux.i_aw_spill_reg                                                                    |                                                                   spill_register__parameterized4_207 |        122 |        122 |       0 |    0 |   112 |      0 |      0 |          0 |
|           spill_register_flushable_i                                                              |                                                         spill_register_flushable__parameterized4_215 |        122 |        122 |       0 |    0 |   112 |      0 |      0 |          0 |
|         gen_mux.i_b_spill_reg                                                                     |                                                                   spill_register__parameterized5_208 |         17 |         17 |       0 |    0 |    16 |      0 |      0 |          0 |
|           spill_register_flushable_i                                                              |                                                         spill_register_flushable__parameterized5_214 |         17 |         17 |       0 |    0 |    16 |      0 |      0 |          0 |
|         gen_mux.i_r_spill_reg                                                                     |                                                                   spill_register__parameterized7_209 |         93 |         93 |       0 |    0 |   140 |      0 |      0 |          0 |
|           spill_register_flushable_i                                                              |                                                         spill_register_flushable__parameterized7_213 |         93 |         93 |       0 |    0 |   140 |      0 |      0 |          0 |
|         gen_mux.i_w_fifo                                                                          |                                                                          fifo_v3__parameterized4_210 |          5 |          5 |       0 |    0 |     3 |      0 |      0 |          0 |
|         gen_mux.i_w_spill_reg                                                                     |                                                                   spill_register__parameterized0_211 |         41 |         41 |       0 |    0 |   148 |      0 |      0 |          0 |
|           spill_register_flushable_i                                                              |                                                         spill_register_flushable__parameterized0_212 |         41 |         41 |       0 |    0 |   148 |      0 |      0 |          0 |
|       gen_mst_port_mux[1].i_axi_mux                                                               |                                                                                            axi_mux_0 |         50 |         50 |       0 |    0 |    22 |      0 |      0 |          0 |
|         (gen_mst_port_mux[1].i_axi_mux)                                                           |                                                                                            axi_mux_0 |          0 |          0 |       0 |    0 |     1 |      0 |      0 |          0 |
|         gen_mux.i_ar_arbiter                                                                      |                                                                      rr_arb_tree__parameterized2_191 |          3 |          3 |       0 |    0 |     4 |      0 |      0 |          0 |
|         gen_mux.i_ar_spill_reg                                                                    |                                                                   spill_register__parameterized6_192 |          2 |          2 |       0 |    0 |     2 |      0 |      0 |          0 |
|           spill_register_flushable_i                                                              |                                                         spill_register_flushable__parameterized6_203 |          2 |          2 |       0 |    0 |     2 |      0 |      0 |          0 |
|         gen_mux.i_aw_arbiter                                                                      |                                                                      rr_arb_tree__parameterized1_193 |          2 |          2 |       0 |    0 |     4 |      0 |      0 |          0 |
|         gen_mux.i_aw_spill_reg                                                                    |                                                                   spill_register__parameterized4_194 |          4 |          4 |       0 |    0 |     2 |      0 |      0 |          0 |
|           spill_register_flushable_i                                                              |                                                         spill_register_flushable__parameterized4_202 |          4 |          4 |       0 |    0 |     2 |      0 |      0 |          0 |
|         gen_mux.i_b_spill_reg                                                                     |                                                                   spill_register__parameterized5_195 |         31 |         31 |       0 |    0 |     2 |      0 |      0 |          0 |
|           spill_register_flushable_i                                                              |                                                         spill_register_flushable__parameterized5_201 |         31 |         31 |       0 |    0 |     2 |      0 |      0 |          0 |
|         gen_mux.i_r_spill_reg                                                                     |                                                                   spill_register__parameterized7_196 |          1 |          1 |       0 |    0 |     2 |      0 |      0 |          0 |
|           spill_register_flushable_i                                                              |                                                         spill_register_flushable__parameterized7_200 |          1 |          1 |       0 |    0 |     2 |      0 |      0 |          0 |
|         gen_mux.i_w_fifo                                                                          |                                                                          fifo_v3__parameterized4_197 |          5 |          5 |       0 |    0 |     3 |      0 |      0 |          0 |
|         gen_mux.i_w_spill_reg                                                                     |                                                                   spill_register__parameterized0_198 |          2 |          2 |       0 |    0 |     2 |      0 |      0 |          0 |
|           spill_register_flushable_i                                                              |                                                         spill_register_flushable__parameterized0_199 |          2 |          2 |       0 |    0 |     2 |      0 |      0 |          0 |
|       gen_mst_port_mux[2].i_axi_mux                                                               |                                                                                            axi_mux_1 |         29 |         29 |       0 |    0 |    26 |      0 |      0 |          0 |
|         gen_mux.i_ar_arbiter                                                                      |                                                                      rr_arb_tree__parameterized2_180 |          0 |          0 |       0 |    0 |     1 |      0 |      0 |          0 |
|         gen_mux.i_ar_spill_reg                                                                    |                                                                   spill_register__parameterized6_181 |          0 |          0 |       0 |    0 |     1 |      0 |      0 |          0 |
|           spill_register_flushable_i                                                              |                                                         spill_register_flushable__parameterized6_190 |          0 |          0 |       0 |    0 |     1 |      0 |      0 |          0 |
|         gen_mux.i_aw_arbiter                                                                      |                                                                      rr_arb_tree__parameterized1_182 |          3 |          3 |       0 |    0 |     4 |      0 |      0 |          0 |
|         gen_mux.i_aw_spill_reg                                                                    |                                                                   spill_register__parameterized4_183 |          0 |          0 |       0 |    0 |     3 |      0 |      0 |          0 |
|           spill_register_flushable_i                                                              |                                                         spill_register_flushable__parameterized4_189 |          0 |          0 |       0 |    0 |     3 |      0 |      0 |          0 |
|         gen_mux.i_b_spill_reg                                                                     |                                                                   spill_register__parameterized5_184 |         13 |         13 |       0 |    0 |    10 |      0 |      0 |          0 |
|           spill_register_flushable_i                                                              |                                                         spill_register_flushable__parameterized5_188 |         13 |         13 |       0 |    0 |    10 |      0 |      0 |          0 |
|         gen_mux.i_r_spill_reg                                                                     |                                                                   spill_register__parameterized7_185 |          8 |          8 |       0 |    0 |     4 |      0 |      0 |          0 |
|           spill_register_flushable_i                                                              |                                                         spill_register_flushable__parameterized7_187 |          8 |          8 |       0 |    0 |     4 |      0 |      0 |          0 |
|         gen_mux.i_w_fifo                                                                          |                                                                          fifo_v3__parameterized4_186 |          5 |          5 |       0 |    0 |     3 |      0 |      0 |          0 |
|       gen_mst_port_mux[3].i_axi_mux                                                               |                                                                                            axi_mux_2 |         45 |         45 |       0 |    0 |    26 |      0 |      0 |          0 |
|         gen_mux.i_ar_arbiter                                                                      |                                                                      rr_arb_tree__parameterized2_169 |          0 |          0 |       0 |    0 |     1 |      0 |      0 |          0 |
|         gen_mux.i_ar_spill_reg                                                                    |                                                                   spill_register__parameterized6_170 |          0 |          0 |       0 |    0 |     1 |      0 |      0 |          0 |
|           spill_register_flushable_i                                                              |                                                         spill_register_flushable__parameterized6_179 |          0 |          0 |       0 |    0 |     1 |      0 |      0 |          0 |
|         gen_mux.i_aw_arbiter                                                                      |                                                                      rr_arb_tree__parameterized1_171 |          5 |          5 |       0 |    0 |     4 |      0 |      0 |          0 |
|         gen_mux.i_aw_spill_reg                                                                    |                                                                   spill_register__parameterized4_172 |          0 |          0 |       0 |    0 |     3 |      0 |      0 |          0 |
|           spill_register_flushable_i                                                              |                                                         spill_register_flushable__parameterized4_178 |          0 |          0 |       0 |    0 |     3 |      0 |      0 |          0 |
|         gen_mux.i_b_spill_reg                                                                     |                                                                   spill_register__parameterized5_173 |         31 |         31 |       0 |    0 |    10 |      0 |      0 |          0 |
|           spill_register_flushable_i                                                              |                                                         spill_register_flushable__parameterized5_177 |         31 |         31 |       0 |    0 |    10 |      0 |      0 |          0 |
|         gen_mux.i_r_spill_reg                                                                     |                                                                   spill_register__parameterized7_174 |          4 |          4 |       0 |    0 |     4 |      0 |      0 |          0 |
|           spill_register_flushable_i                                                              |                                                         spill_register_flushable__parameterized7_176 |          4 |          4 |       0 |    0 |     4 |      0 |      0 |          0 |
|         gen_mux.i_w_fifo                                                                          |                                                                          fifo_v3__parameterized4_175 |          5 |          5 |       0 |    0 |     3 |      0 |      0 |          0 |
|       gen_mst_port_mux[4].i_axi_mux                                                               |                                                                                            axi_mux_3 |        256 |        256 |       0 |    0 |   370 |      0 |      0 |          0 |
|         (gen_mst_port_mux[4].i_axi_mux)                                                           |                                                                                            axi_mux_3 |          0 |          0 |       0 |    0 |     1 |      0 |      0 |          0 |
|         gen_mux.i_ar_arbiter                                                                      |                                                                      rr_arb_tree__parameterized2_156 |          6 |          6 |       0 |    0 |     4 |      0 |      0 |          0 |
|         gen_mux.i_ar_spill_reg                                                                    |                                                                   spill_register__parameterized6_157 |          9 |          9 |       0 |    0 |    26 |      0 |      0 |          0 |
|           spill_register_flushable_i                                                              |                                                         spill_register_flushable__parameterized6_168 |          9 |          9 |       0 |    0 |    26 |      0 |      0 |          0 |
|         gen_mux.i_aw_arbiter                                                                      |                                                                      rr_arb_tree__parameterized1_158 |          2 |          2 |       0 |    0 |     4 |      0 |      0 |          0 |
|         gen_mux.i_aw_spill_reg                                                                    |                                                                   spill_register__parameterized4_159 |         12 |         12 |       0 |    0 |    40 |      0 |      0 |          0 |
|           spill_register_flushable_i                                                              |                                                         spill_register_flushable__parameterized4_167 |         12 |         12 |       0 |    0 |    40 |      0 |      0 |          0 |
|         gen_mux.i_b_spill_reg                                                                     |                                                                   spill_register__parameterized5_160 |         14 |         14 |       0 |    0 |     8 |      0 |      0 |          0 |
|           spill_register_flushable_i                                                              |                                                         spill_register_flushable__parameterized5_166 |         14 |         14 |       0 |    0 |     8 |      0 |      0 |          0 |
|         gen_mux.i_r_spill_reg                                                                     |                                                                   spill_register__parameterized7_161 |        168 |        168 |       0 |    0 |   138 |      0 |      0 |          0 |
|           spill_register_flushable_i                                                              |                                                         spill_register_flushable__parameterized7_165 |        168 |        168 |       0 |    0 |   138 |      0 |      0 |          0 |
|         gen_mux.i_w_fifo                                                                          |                                                                          fifo_v3__parameterized4_162 |          8 |          8 |       0 |    0 |     3 |      0 |      0 |          0 |
|         gen_mux.i_w_spill_reg                                                                     |                                                                   spill_register__parameterized0_163 |         37 |         37 |       0 |    0 |   146 |      0 |      0 |          0 |
|           spill_register_flushable_i                                                              |                                                         spill_register_flushable__parameterized0_164 |         37 |         37 |       0 |    0 |   146 |      0 |      0 |          0 |
|       gen_mst_port_mux[5].i_axi_mux                                                               |                                                                                            axi_mux_4 |         68 |         68 |       0 |    0 |   178 |      0 |      0 |          0 |
|         (gen_mst_port_mux[5].i_axi_mux)                                                           |                                                                                            axi_mux_4 |          0 |          0 |       0 |    0 |     1 |      0 |      0 |          0 |
|         gen_mux.i_ar_arbiter                                                                      |                                                                      rr_arb_tree__parameterized2_143 |          4 |          4 |       0 |    0 |     4 |      0 |      0 |          0 |
|         gen_mux.i_ar_spill_reg                                                                    |                                                                   spill_register__parameterized6_144 |          9 |          9 |       0 |    0 |    26 |      0 |      0 |          0 |
|           spill_register_flushable_i                                                              |                                                         spill_register_flushable__parameterized6_155 |          9 |          9 |       0 |    0 |    26 |      0 |      0 |          0 |
|         gen_mux.i_aw_arbiter                                                                      |                                                                      rr_arb_tree__parameterized1_145 |          2 |          2 |       0 |    0 |     4 |      0 |      0 |          0 |
|         gen_mux.i_aw_spill_reg                                                                    |                                                                   spill_register__parameterized4_146 |         13 |         13 |       0 |    0 |    40 |      0 |      0 |          0 |
|           spill_register_flushable_i                                                              |                                                         spill_register_flushable__parameterized4_154 |         13 |         13 |       0 |    0 |    40 |      0 |      0 |          0 |
|         gen_mux.i_b_spill_reg                                                                     |                                                                   spill_register__parameterized5_147 |          6 |          6 |       0 |    0 |     8 |      0 |      0 |          0 |
|           spill_register_flushable_i                                                              |                                                         spill_register_flushable__parameterized5_153 |          6 |          6 |       0 |    0 |     8 |      0 |      0 |          0 |
|         gen_mux.i_r_spill_reg                                                                     |                                                                   spill_register__parameterized7_148 |         13 |         13 |       0 |    0 |    42 |      0 |      0 |          0 |
|           spill_register_flushable_i                                                              |                                                         spill_register_flushable__parameterized7_152 |         13 |         13 |       0 |    0 |    42 |      0 |      0 |          0 |
|         gen_mux.i_w_fifo                                                                          |                                                                          fifo_v3__parameterized4_149 |          8 |          8 |       0 |    0 |     3 |      0 |      0 |          0 |
|         gen_mux.i_w_spill_reg                                                                     |                                                                   spill_register__parameterized0_150 |         13 |         13 |       0 |    0 |    50 |      0 |      0 |          0 |
|           spill_register_flushable_i                                                              |                                                         spill_register_flushable__parameterized0_151 |         13 |         13 |       0 |    0 |    50 |      0 |      0 |          0 |
|       gen_mst_port_mux[6].i_axi_mux                                                               |                                                                                            axi_mux_5 |        181 |        181 |       0 |    0 |   470 |      0 |      0 |          0 |
|         (gen_mst_port_mux[6].i_axi_mux)                                                           |                                                                                            axi_mux_5 |          0 |          0 |       0 |    0 |     1 |      0 |      0 |          0 |
|         gen_mux.i_ar_arbiter                                                                      |                                                                      rr_arb_tree__parameterized2_130 |          4 |          4 |       0 |    0 |     4 |      0 |      0 |          0 |
|         gen_mux.i_ar_spill_reg                                                                    |                                                                   spill_register__parameterized6_131 |         22 |         22 |       0 |    0 |    80 |      0 |      0 |          0 |
|           spill_register_flushable_i                                                              |                                                         spill_register_flushable__parameterized6_142 |         22 |         22 |       0 |    0 |    80 |      0 |      0 |          0 |
|         gen_mux.i_aw_arbiter                                                                      |                                                                      rr_arb_tree__parameterized1_132 |          3 |          3 |       0 |    0 |     4 |      0 |      0 |          0 |
|         gen_mux.i_aw_spill_reg                                                                    |                                                                   spill_register__parameterized4_133 |         26 |         26 |       0 |    0 |    94 |      0 |      0 |          0 |
|           spill_register_flushable_i                                                              |                                                         spill_register_flushable__parameterized4_141 |         26 |         26 |       0 |    0 |    94 |      0 |      0 |          0 |
|         gen_mux.i_b_spill_reg                                                                     |                                                                   spill_register__parameterized5_134 |         12 |         12 |       0 |    0 |     8 |      0 |      0 |          0 |
|           spill_register_flushable_i                                                              |                                                         spill_register_flushable__parameterized5_140 |         12 |         12 |       0 |    0 |     8 |      0 |      0 |          0 |
|         gen_mux.i_r_spill_reg                                                                     |                                                                   spill_register__parameterized7_135 |         70 |         70 |       0 |    0 |   134 |      0 |      0 |          0 |
|           spill_register_flushable_i                                                              |                                                         spill_register_flushable__parameterized7_139 |         70 |         70 |       0 |    0 |   134 |      0 |      0 |          0 |
|         gen_mux.i_w_fifo                                                                          |                                                                          fifo_v3__parameterized4_136 |          8 |          8 |       0 |    0 |     3 |      0 |      0 |          0 |
|         gen_mux.i_w_spill_reg                                                                     |                                                                   spill_register__parameterized0_137 |         36 |         36 |       0 |    0 |   142 |      0 |      0 |          0 |
|           spill_register_flushable_i                                                              |                                                         spill_register_flushable__parameterized0_138 |         36 |         36 |       0 |    0 |   142 |      0 |      0 |          0 |
|       gen_mst_port_mux[7].i_axi_mux                                                               |                                                                                            axi_mux_6 |        139 |        139 |       0 |    0 |   376 |      0 |      0 |          0 |
|         (gen_mst_port_mux[7].i_axi_mux)                                                           |                                                                                            axi_mux_6 |          0 |          0 |       0 |    0 |     1 |      0 |      0 |          0 |
|         gen_mux.i_ar_arbiter                                                                      |                                                                      rr_arb_tree__parameterized2_117 |          4 |          4 |       0 |    0 |     4 |      0 |      0 |          0 |
|         gen_mux.i_ar_spill_reg                                                                    |                                                                   spill_register__parameterized6_118 |         15 |         15 |       0 |    0 |    40 |      0 |      0 |          0 |
|           spill_register_flushable_i                                                              |                                                         spill_register_flushable__parameterized6_129 |         15 |         15 |       0 |    0 |    40 |      0 |      0 |          0 |
|         gen_mux.i_aw_arbiter                                                                      |                                                                      rr_arb_tree__parameterized1_119 |          2 |          2 |       0 |    0 |     4 |      0 |      0 |          0 |
|         gen_mux.i_aw_spill_reg                                                                    |                                                                   spill_register__parameterized4_120 |         25 |         25 |       0 |    0 |    40 |      0 |      0 |          0 |
|           spill_register_flushable_i                                                              |                                                         spill_register_flushable__parameterized4_128 |         25 |         25 |       0 |    0 |    40 |      0 |      0 |          0 |
|         gen_mux.i_b_spill_reg                                                                     |                                                                   spill_register__parameterized5_121 |          8 |          8 |       0 |    0 |     8 |      0 |      0 |          0 |
|           spill_register_flushable_i                                                              |                                                         spill_register_flushable__parameterized5_127 |          8 |          8 |       0 |    0 |     8 |      0 |      0 |          0 |
|         gen_mux.i_r_spill_reg                                                                     |                                                                   spill_register__parameterized7_122 |         39 |         39 |       0 |    0 |   138 |      0 |      0 |          0 |
|           spill_register_flushable_i                                                              |                                                         spill_register_flushable__parameterized7_126 |         39 |         39 |       0 |    0 |   138 |      0 |      0 |          0 |
|         gen_mux.i_w_fifo                                                                          |                                                                          fifo_v3__parameterized4_123 |          8 |          8 |       0 |    0 |     3 |      0 |      0 |          0 |
|         gen_mux.i_w_spill_reg                                                                     |                                                                   spill_register__parameterized0_124 |         38 |         38 |       0 |    0 |   138 |      0 |      0 |          0 |
|           spill_register_flushable_i                                                              |                                                         spill_register_flushable__parameterized0_125 |         38 |         38 |       0 |    0 |   138 |      0 |      0 |          0 |
|       gen_mst_port_mux[8].i_axi_mux                                                               |                                                                                            axi_mux_7 |        255 |        255 |       0 |    0 |   240 |      0 |      0 |          0 |
|         (gen_mst_port_mux[8].i_axi_mux)                                                           |                                                                                            axi_mux_7 |          0 |          0 |       0 |    0 |     1 |      0 |      0 |          0 |
|         gen_mux.i_ar_arbiter                                                                      |                                                                      rr_arb_tree__parameterized2_104 |          2 |          2 |       0 |    0 |     4 |      0 |      0 |          0 |
|         gen_mux.i_ar_spill_reg                                                                    |                                                                   spill_register__parameterized6_105 |         25 |         25 |       0 |    0 |    32 |      0 |      0 |          0 |
|           spill_register_flushable_i                                                              |                                                         spill_register_flushable__parameterized6_116 |         25 |         25 |       0 |    0 |    32 |      0 |      0 |          0 |
|         gen_mux.i_aw_arbiter                                                                      |                                                                      rr_arb_tree__parameterized1_106 |          2 |          2 |       0 |    0 |     4 |      0 |      0 |          0 |
|         gen_mux.i_aw_spill_reg                                                                    |                                                                   spill_register__parameterized4_107 |         25 |         25 |       0 |    0 |    46 |      0 |      0 |          0 |
|           spill_register_flushable_i                                                              |                                                         spill_register_flushable__parameterized4_115 |         25 |         25 |       0 |    0 |    46 |      0 |      0 |          0 |
|         gen_mux.i_b_spill_reg                                                                     |                                                                   spill_register__parameterized5_108 |         25 |         25 |       0 |    0 |     8 |      0 |      0 |          0 |
|           spill_register_flushable_i                                                              |                                                         spill_register_flushable__parameterized5_114 |         25 |         25 |       0 |    0 |     8 |      0 |      0 |          0 |
|         gen_mux.i_r_spill_reg                                                                     |                                                                   spill_register__parameterized7_109 |        163 |        163 |       0 |    0 |   138 |      0 |      0 |          0 |
|           spill_register_flushable_i                                                              |                                                         spill_register_flushable__parameterized7_113 |        163 |        163 |       0 |    0 |   138 |      0 |      0 |          0 |
|         gen_mux.i_w_fifo                                                                          |                                                                          fifo_v3__parameterized4_110 |          9 |          9 |       0 |    0 |     3 |      0 |      0 |          0 |
|         gen_mux.i_w_spill_reg                                                                     |                                                                   spill_register__parameterized0_111 |          4 |          4 |       0 |    0 |     4 |      0 |      0 |          0 |
|           spill_register_flushable_i                                                              |                                                         spill_register_flushable__parameterized0_112 |          4 |          4 |       0 |    0 |     4 |      0 |      0 |          0 |
|       gen_mst_port_mux[9].i_axi_mux                                                               |                                                                                            axi_mux_8 |        139 |        139 |       0 |    0 |   412 |      0 |      0 |          0 |
|         (gen_mst_port_mux[9].i_axi_mux)                                                           |                                                                                            axi_mux_8 |          0 |          0 |       0 |    0 |     1 |      0 |      0 |          0 |
|         gen_mux.i_ar_arbiter                                                                      |                                                                          rr_arb_tree__parameterized2 |          2 |          2 |       0 |    0 |     4 |      0 |      0 |          0 |
|         gen_mux.i_ar_spill_reg                                                                    |                                                                       spill_register__parameterized6 |         18 |         18 |       0 |    0 |    44 |      0 |      0 |          0 |
|           spill_register_flushable_i                                                              |                                                             spill_register_flushable__parameterized6 |         18 |         18 |       0 |    0 |    44 |      0 |      0 |          0 |
|         gen_mux.i_aw_arbiter                                                                      |                                                                          rr_arb_tree__parameterized1 |          2 |          2 |       0 |    0 |     4 |      0 |      0 |          0 |
|         gen_mux.i_aw_spill_reg                                                                    |                                                                       spill_register__parameterized4 |         20 |         20 |       0 |    0 |    58 |      0 |      0 |          0 |
|           spill_register_flushable_i                                                              |                                                             spill_register_flushable__parameterized4 |         20 |         20 |       0 |    0 |    58 |      0 |      0 |          0 |
|         gen_mux.i_b_spill_reg                                                                     |                                                                       spill_register__parameterized5 |         10 |         10 |       0 |    0 |    12 |      0 |      0 |          0 |
|           spill_register_flushable_i                                                              |                                                             spill_register_flushable__parameterized5 |         10 |         10 |       0 |    0 |    12 |      0 |      0 |          0 |
|         gen_mux.i_r_spill_reg                                                                     |                                                                       spill_register__parameterized7 |         41 |         41 |       0 |    0 |   140 |      0 |      0 |          0 |
|           spill_register_flushable_i                                                              |                                                             spill_register_flushable__parameterized7 |         41 |         41 |       0 |    0 |   140 |      0 |      0 |          0 |
|         gen_mux.i_w_fifo                                                                          |                                                                              fifo_v3__parameterized4 |          7 |          7 |       0 |    0 |     3 |      0 |      0 |          0 |
|         gen_mux.i_w_spill_reg                                                                     |                                                                   spill_register__parameterized0_102 |         39 |         39 |       0 |    0 |   146 |      0 |      0 |          0 |
|           spill_register_flushable_i                                                              |                                                         spill_register_flushable__parameterized0_103 |         39 |         39 |       0 |    0 |   146 |      0 |      0 |          0 |
|       gen_slv_port_demux[0].i_axi_ar_decode                                                       |                                                                                          addr_decode |        267 |        267 |       0 |    0 |     0 |      0 |      0 |          0 |
|       gen_slv_port_demux[0].i_axi_aw_decode                                                       |                                                                                        addr_decode_9 |        267 |        267 |       0 |    0 |     0 |      0 |      0 |          0 |
|       gen_slv_port_demux[0].i_axi_demux                                                           |                                                                                            axi_demux |        606 |        606 |       0 |    0 |   549 |      0 |      0 |          0 |
|         (gen_slv_port_demux[0].i_axi_demux)                                                       |                                                                                            axi_demux |          1 |          1 |       0 |    0 |     2 |      0 |      0 |          0 |
|         gen_demux.gen_ar_id_counter.i_ar_id_counter                                               |                                                                             axi_demux_id_counters_55 |         21 |         21 |       0 |    0 |    48 |      0 |      0 |          0 |
|           (gen_demux.gen_ar_id_counter.i_ar_id_counter)                                           |                                                                             axi_demux_id_counters_55 |          0 |          0 |       0 |    0 |    16 |      0 |      0 |          0 |
|           gen_counters[0].i_in_flight_cnt                                                         |                                                                                     delta_counter_86 |          2 |          2 |       0 |    0 |     2 |      0 |      0 |          0 |
|           gen_counters[10].i_in_flight_cnt                                                        |                                                                                     delta_counter_87 |          2 |          2 |       0 |    0 |     2 |      0 |      0 |          0 |
|           gen_counters[11].i_in_flight_cnt                                                        |                                                                                     delta_counter_88 |          0 |          0 |       0 |    0 |     2 |      0 |      0 |          0 |
|           gen_counters[12].i_in_flight_cnt                                                        |                                                                                     delta_counter_89 |          1 |          1 |       0 |    0 |     2 |      0 |      0 |          0 |
|           gen_counters[13].i_in_flight_cnt                                                        |                                                                                     delta_counter_90 |          1 |          1 |       0 |    0 |     2 |      0 |      0 |          0 |
|           gen_counters[14].i_in_flight_cnt                                                        |                                                                                     delta_counter_91 |          1 |          1 |       0 |    0 |     2 |      0 |      0 |          0 |
|           gen_counters[15].i_in_flight_cnt                                                        |                                                                                     delta_counter_92 |          0 |          0 |       0 |    0 |     2 |      0 |      0 |          0 |
|           gen_counters[1].i_in_flight_cnt                                                         |                                                                                     delta_counter_93 |          2 |          2 |       0 |    0 |     2 |      0 |      0 |          0 |
|           gen_counters[2].i_in_flight_cnt                                                         |                                                                                     delta_counter_94 |          3 |          3 |       0 |    0 |     2 |      0 |      0 |          0 |
|           gen_counters[3].i_in_flight_cnt                                                         |                                                                                     delta_counter_95 |          7 |          7 |       0 |    0 |     2 |      0 |      0 |          0 |
|           gen_counters[4].i_in_flight_cnt                                                         |                                                                                     delta_counter_96 |          1 |          1 |       0 |    0 |     2 |      0 |      0 |          0 |
|           gen_counters[5].i_in_flight_cnt                                                         |                                                                                     delta_counter_97 |          2 |          2 |       0 |    0 |     2 |      0 |      0 |          0 |
|           gen_counters[6].i_in_flight_cnt                                                         |                                                                                     delta_counter_98 |          1 |          1 |       0 |    0 |     2 |      0 |      0 |          0 |
|           gen_counters[7].i_in_flight_cnt                                                         |                                                                                     delta_counter_99 |          0 |          0 |       0 |    0 |     2 |      0 |      0 |          0 |
|           gen_counters[8].i_in_flight_cnt                                                         |                                                                                    delta_counter_100 |          1 |          1 |       0 |    0 |     2 |      0 |      0 |          0 |
|           gen_counters[9].i_in_flight_cnt                                                         |                                                                                    delta_counter_101 |          1 |          1 |       0 |    0 |     2 |      0 |      0 |          0 |
|         gen_demux.gen_aw_id_counter.i_aw_id_counter                                               |                                                                             axi_demux_id_counters_56 |         11 |         11 |       0 |    0 |    48 |      0 |      0 |          0 |
|           (gen_demux.gen_aw_id_counter.i_aw_id_counter)                                           |                                                                             axi_demux_id_counters_56 |          0 |          0 |       0 |    0 |    16 |      0 |      0 |          0 |
|           gen_counters[0].i_in_flight_cnt                                                         |                                                                                     delta_counter_70 |          0 |          0 |       0 |    0 |     2 |      0 |      0 |          0 |
|           gen_counters[10].i_in_flight_cnt                                                        |                                                                                     delta_counter_71 |          0 |          0 |       0 |    0 |     2 |      0 |      0 |          0 |
|           gen_counters[11].i_in_flight_cnt                                                        |                                                                                     delta_counter_72 |          1 |          1 |       0 |    0 |     2 |      0 |      0 |          0 |
|           gen_counters[12].i_in_flight_cnt                                                        |                                                                                     delta_counter_73 |          0 |          0 |       0 |    0 |     2 |      0 |      0 |          0 |
|           gen_counters[13].i_in_flight_cnt                                                        |                                                                                     delta_counter_74 |          2 |          2 |       0 |    0 |     2 |      0 |      0 |          0 |
|           gen_counters[14].i_in_flight_cnt                                                        |                                                                                     delta_counter_75 |          0 |          0 |       0 |    0 |     2 |      0 |      0 |          0 |
|           gen_counters[15].i_in_flight_cnt                                                        |                                                                                     delta_counter_76 |          1 |          1 |       0 |    0 |     2 |      0 |      0 |          0 |
|           gen_counters[1].i_in_flight_cnt                                                         |                                                                                     delta_counter_77 |          1 |          1 |       0 |    0 |     2 |      0 |      0 |          0 |
|           gen_counters[2].i_in_flight_cnt                                                         |                                                                                     delta_counter_78 |          0 |          0 |       0 |    0 |     2 |      0 |      0 |          0 |
|           gen_counters[3].i_in_flight_cnt                                                         |                                                                                     delta_counter_79 |          2 |          2 |       0 |    0 |     2 |      0 |      0 |          0 |
|           gen_counters[4].i_in_flight_cnt                                                         |                                                                                     delta_counter_80 |          0 |          0 |       0 |    0 |     2 |      0 |      0 |          0 |
|           gen_counters[5].i_in_flight_cnt                                                         |                                                                                     delta_counter_81 |          2 |          2 |       0 |    0 |     2 |      0 |      0 |          0 |
|           gen_counters[6].i_in_flight_cnt                                                         |                                                                                     delta_counter_82 |          0 |          0 |       0 |    0 |     2 |      0 |      0 |          0 |
|           gen_counters[7].i_in_flight_cnt                                                         |                                                                                     delta_counter_83 |          1 |          1 |       0 |    0 |     2 |      0 |      0 |          0 |
|           gen_counters[8].i_in_flight_cnt                                                         |                                                                                     delta_counter_84 |          0 |          0 |       0 |    0 |     2 |      0 |      0 |          0 |
|           gen_counters[9].i_in_flight_cnt                                                         |                                                                                     delta_counter_85 |          1 |          1 |       0 |    0 |     2 |      0 |      0 |          0 |
|         gen_demux.i_ar_spill_reg                                                                  |                                                                    spill_register__parameterized2_57 |         78 |         78 |       0 |    0 |    94 |      0 |      0 |          0 |
|           spill_register_flushable_i                                                              |                                                          spill_register_flushable__parameterized2_69 |         78 |         78 |       0 |    0 |    94 |      0 |      0 |          0 |
|         gen_demux.i_aw_spill_reg                                                                  |                                                                                    spill_register_58 |        216 |        216 |       0 |    0 |   104 |      0 |      0 |          0 |
|           spill_register_flushable_i                                                              |                                                                          spill_register_flushable_68 |        216 |        216 |       0 |    0 |   104 |      0 |      0 |          0 |
|         gen_demux.i_b_mux                                                                         |                                                                                       rr_arb_tree_59 |         25 |         25 |       0 |    0 |     4 |      0 |      0 |          0 |
|         gen_demux.i_b_spill_reg                                                                   |                                                                    spill_register__parameterized1_60 |          5 |          5 |       0 |    0 |     5 |      0 |      0 |          0 |
|           spill_register_flushable_i                                                              |                                                          spill_register_flushable__parameterized1_67 |          5 |          5 |       0 |    0 |     5 |      0 |      0 |          0 |
|         gen_demux.i_r_mux                                                                         |                                                                       rr_arb_tree__parameterized0_61 |        103 |        103 |       0 |    0 |    16 |      0 |      0 |          0 |
|         gen_demux.i_r_spill_reg                                                                   |                                                                    spill_register__parameterized3_62 |         97 |         97 |       0 |    0 |   138 |      0 |      0 |          0 |
|           spill_register_flushable_i                                                              |                                                          spill_register_flushable__parameterized3_66 |         97 |         97 |       0 |    0 |   138 |      0 |      0 |          0 |
|         gen_demux.i_w_fifo                                                                        |                                                                                           fifo_v3_63 |         26 |         26 |       0 |    0 |     6 |      0 |      0 |          0 |
|         gen_demux.i_w_spill_reg                                                                   |                                                                    spill_register__parameterized0_64 |         24 |         24 |       0 |    0 |    84 |      0 |      0 |          0 |
|           spill_register_flushable_i                                                              |                                                          spill_register_flushable__parameterized0_65 |         24 |         24 |       0 |    0 |    84 |      0 |      0 |          0 |
|       gen_slv_port_demux[0].i_axi_err_slv                                                         |                                                                                          axi_err_slv |        113 |        113 |       0 |    0 |    72 |      0 |      0 |          0 |
|         (gen_slv_port_demux[0].i_axi_err_slv)                                                     |                                                                                          axi_err_slv |          0 |          0 |       0 |    0 |     1 |      0 |      0 |          0 |
|         i_atop_filter                                                                             |                                                                                   axi_atop_filter_46 |         53 |         53 |       0 |    0 |    21 |      0 |      0 |          0 |
|           (i_atop_filter)                                                                         |                                                                                   axi_atop_filter_46 |         38 |         38 |       0 |    0 |    19 |      0 |      0 |          0 |
|           r_resp_cmd                                                                              |                                                                                   stream_register_52 |         16 |         16 |       0 |    0 |     2 |      0 |      0 |          0 |
|             i_fifo                                                                                |                                                                                           fifo_v2_53 |         16 |         16 |       0 |    0 |     2 |      0 |      0 |          0 |
|               i_fifo_v3                                                                           |                                                                           fifo_v3__parameterized0_54 |         16 |         16 |       0 |    0 |     2 |      0 |      0 |          0 |
|         i_b_fifo                                                                                  |                                                                           fifo_v3__parameterized2_47 |         16 |         16 |       0 |    0 |     8 |      0 |      0 |          0 |
|         i_r_counter                                                                               |                                                                                           counter_48 |          9 |          9 |       0 |    0 |     8 |      0 |      0 |          0 |
|           i_counter                                                                               |                                                                     delta_counter__parameterized0_51 |          9 |          9 |       0 |    0 |     8 |      0 |      0 |          0 |
|         i_r_fifo                                                                                  |                                                                           fifo_v3__parameterized3_49 |         18 |         18 |       0 |    0 |    19 |      0 |      0 |          0 |
|         i_w_fifo                                                                                  |                                                                           fifo_v3__parameterized1_50 |         17 |         17 |       0 |    0 |    15 |      0 |      0 |          0 |
|       gen_slv_port_demux[1].i_axi_ar_decode                                                       |                                                                                       addr_decode_10 |        252 |        252 |       0 |    0 |     0 |      0 |      0 |          0 |
|       gen_slv_port_demux[1].i_axi_aw_decode                                                       |                                                                                       addr_decode_11 |        252 |        252 |       0 |    0 |     0 |      0 |      0 |          0 |
|       gen_slv_port_demux[1].i_axi_demux                                                           |                                                                                         axi_demux_12 |        967 |        967 |       0 |    0 |   570 |      0 |      0 |          0 |
|         (gen_slv_port_demux[1].i_axi_demux)                                                       |                                                                                         axi_demux_12 |          1 |          1 |       0 |    0 |     2 |      0 |      0 |          0 |
|         gen_demux.gen_ar_id_counter.i_ar_id_counter                                               |                                                                                axi_demux_id_counters |         13 |         13 |       0 |    0 |    36 |      0 |      0 |          0 |
|           (gen_demux.gen_ar_id_counter.i_ar_id_counter)                                           |                                                                                axi_demux_id_counters |          0 |          0 |       0 |    0 |     4 |      0 |      0 |          0 |
|           gen_counters[0].i_in_flight_cnt                                                         |                                                                                     delta_counter_30 |          1 |          1 |       0 |    0 |     2 |      0 |      0 |          0 |
|           gen_counters[10].i_in_flight_cnt                                                        |                                                                                     delta_counter_31 |          3 |          3 |       0 |    0 |     2 |      0 |      0 |          0 |
|           gen_counters[11].i_in_flight_cnt                                                        |                                                                                     delta_counter_32 |          0 |          0 |       0 |    0 |     2 |      0 |      0 |          0 |
|           gen_counters[12].i_in_flight_cnt                                                        |                                                                                     delta_counter_33 |          1 |          1 |       0 |    0 |     2 |      0 |      0 |          0 |
|           gen_counters[13].i_in_flight_cnt                                                        |                                                                                     delta_counter_34 |          1 |          1 |       0 |    0 |     2 |      0 |      0 |          0 |
|           gen_counters[14].i_in_flight_cnt                                                        |                                                                                     delta_counter_35 |          1 |          1 |       0 |    0 |     2 |      0 |      0 |          0 |
|           gen_counters[15].i_in_flight_cnt                                                        |                                                                                     delta_counter_36 |          0 |          0 |       0 |    0 |     2 |      0 |      0 |          0 |
|           gen_counters[1].i_in_flight_cnt                                                         |                                                                                     delta_counter_37 |          1 |          1 |       0 |    0 |     2 |      0 |      0 |          0 |
|           gen_counters[2].i_in_flight_cnt                                                         |                                                                                     delta_counter_38 |          2 |          2 |       0 |    0 |     2 |      0 |      0 |          0 |
|           gen_counters[3].i_in_flight_cnt                                                         |                                                                                     delta_counter_39 |          1 |          1 |       0 |    0 |     2 |      0 |      0 |          0 |
|           gen_counters[4].i_in_flight_cnt                                                         |                                                                                     delta_counter_40 |          1 |          1 |       0 |    0 |     2 |      0 |      0 |          0 |
|           gen_counters[5].i_in_flight_cnt                                                         |                                                                                     delta_counter_41 |          2 |          2 |       0 |    0 |     2 |      0 |      0 |          0 |
|           gen_counters[6].i_in_flight_cnt                                                         |                                                                                     delta_counter_42 |          1 |          1 |       0 |    0 |     2 |      0 |      0 |          0 |
|           gen_counters[7].i_in_flight_cnt                                                         |                                                                                     delta_counter_43 |          0 |          0 |       0 |    0 |     2 |      0 |      0 |          0 |
|           gen_counters[8].i_in_flight_cnt                                                         |                                                                                     delta_counter_44 |          1 |          1 |       0 |    0 |     2 |      0 |      0 |          0 |
|           gen_counters[9].i_in_flight_cnt                                                         |                                                                                     delta_counter_45 |          1 |          1 |       0 |    0 |     2 |      0 |      0 |          0 |
|         gen_demux.gen_aw_id_counter.i_aw_id_counter                                               |                                                                             axi_demux_id_counters_14 |         24 |         24 |       0 |    0 |    36 |      0 |      0 |          0 |
|           (gen_demux.gen_aw_id_counter.i_aw_id_counter)                                           |                                                                             axi_demux_id_counters_14 |         12 |         12 |       0 |    0 |     4 |      0 |      0 |          0 |
|           gen_counters[0].i_in_flight_cnt                                                         |                                                                                        delta_counter |          2 |          2 |       0 |    0 |     2 |      0 |      0 |          0 |
|           gen_counters[10].i_in_flight_cnt                                                        |                                                                                     delta_counter_15 |          0 |          0 |       0 |    0 |     2 |      0 |      0 |          0 |
|           gen_counters[11].i_in_flight_cnt                                                        |                                                                                     delta_counter_16 |          1 |          1 |       0 |    0 |     2 |      0 |      0 |          0 |
|           gen_counters[12].i_in_flight_cnt                                                        |                                                                                     delta_counter_17 |          0 |          0 |       0 |    0 |     2 |      0 |      0 |          0 |
|           gen_counters[13].i_in_flight_cnt                                                        |                                                                                     delta_counter_18 |          2 |          2 |       0 |    0 |     2 |      0 |      0 |          0 |
|           gen_counters[14].i_in_flight_cnt                                                        |                                                                                     delta_counter_19 |          0 |          0 |       0 |    0 |     2 |      0 |      0 |          0 |
|           gen_counters[15].i_in_flight_cnt                                                        |                                                                                     delta_counter_20 |          1 |          1 |       0 |    0 |     2 |      0 |      0 |          0 |
|           gen_counters[1].i_in_flight_cnt                                                         |                                                                                     delta_counter_21 |          1 |          1 |       0 |    0 |     2 |      0 |      0 |          0 |
|           gen_counters[2].i_in_flight_cnt                                                         |                                                                                     delta_counter_22 |          0 |          0 |       0 |    0 |     2 |      0 |      0 |          0 |
|           gen_counters[3].i_in_flight_cnt                                                         |                                                                                     delta_counter_23 |          1 |          1 |       0 |    0 |     2 |      0 |      0 |          0 |
|           gen_counters[4].i_in_flight_cnt                                                         |                                                                                     delta_counter_24 |          0 |          0 |       0 |    0 |     2 |      0 |      0 |          0 |
|           gen_counters[5].i_in_flight_cnt                                                         |                                                                                     delta_counter_25 |          2 |          2 |       0 |    0 |     2 |      0 |      0 |          0 |
|           gen_counters[6].i_in_flight_cnt                                                         |                                                                                     delta_counter_26 |          0 |          0 |       0 |    0 |     2 |      0 |      0 |          0 |
|           gen_counters[7].i_in_flight_cnt                                                         |                                                                                     delta_counter_27 |          1 |          1 |       0 |    0 |     2 |      0 |      0 |          0 |
|           gen_counters[8].i_in_flight_cnt                                                         |                                                                                     delta_counter_28 |          0 |          0 |       0 |    0 |     2 |      0 |      0 |          0 |
|           gen_counters[9].i_in_flight_cnt                                                         |                                                                                     delta_counter_29 |          1 |          1 |       0 |    0 |     2 |      0 |      0 |          0 |
|         gen_demux.i_ar_spill_reg                                                                  |                                                                       spill_register__parameterized2 |        223 |        223 |       0 |    0 |    80 |      0 |      0 |          0 |
|           spill_register_flushable_i                                                              |                                                             spill_register_flushable__parameterized2 |        223 |        223 |       0 |    0 |    80 |      0 |      0 |          0 |
|         gen_demux.i_aw_spill_reg                                                                  |                                                                                       spill_register |        120 |        120 |       0 |    0 |    96 |      0 |      0 |          0 |
|           spill_register_flushable_i                                                              |                                                                             spill_register_flushable |        120 |        120 |       0 |    0 |    96 |      0 |      0 |          0 |
|         gen_demux.i_b_mux                                                                         |                                                                                          rr_arb_tree |         34 |         34 |       0 |    0 |    16 |      0 |      0 |          0 |
|         gen_demux.i_b_spill_reg                                                                   |                                                                       spill_register__parameterized1 |          4 |          4 |       0 |    0 |     2 |      0 |      0 |          0 |
|           spill_register_flushable_i                                                              |                                                             spill_register_flushable__parameterized1 |          4 |          4 |       0 |    0 |     2 |      0 |      0 |          0 |
|         gen_demux.i_r_mux                                                                         |                                                                          rr_arb_tree__parameterized0 |        108 |        108 |       0 |    0 |    16 |      0 |      0 |          0 |
|         gen_demux.i_r_spill_reg                                                                   |                                                                       spill_register__parameterized3 |         38 |         38 |       0 |    0 |   132 |      0 |      0 |          0 |
|           spill_register_flushable_i                                                              |                                                             spill_register_flushable__parameterized3 |         38 |         38 |       0 |    0 |   132 |      0 |      0 |          0 |
|         gen_demux.i_w_fifo                                                                        |                                                                                              fifo_v3 |          5 |          5 |       0 |    0 |     2 |      0 |      0 |          0 |
|         gen_demux.i_w_spill_reg                                                                   |                                                                       spill_register__parameterized0 |        399 |        399 |       0 |    0 |   152 |      0 |      0 |          0 |
|           spill_register_flushable_i                                                              |                                                             spill_register_flushable__parameterized0 |        399 |        399 |       0 |    0 |   152 |      0 |      0 |          0 |
|       gen_slv_port_demux[1].i_axi_err_slv                                                         |                                                                                       axi_err_slv_13 |         65 |         65 |       0 |    0 |    36 |      0 |      0 |          0 |
|         (gen_slv_port_demux[1].i_axi_err_slv)                                                     |                                                                                       axi_err_slv_13 |          0 |          0 |       0 |    0 |     1 |      0 |      0 |          0 |
|         i_atop_filter                                                                             |                                                                                      axi_atop_filter |         43 |         43 |       0 |    0 |    19 |      0 |      0 |          0 |
|           (i_atop_filter)                                                                         |                                                                                      axi_atop_filter |         32 |         32 |       0 |    0 |    17 |      0 |      0 |          0 |
|           r_resp_cmd                                                                              |                                                                                      stream_register |         11 |         11 |       0 |    0 |     2 |      0 |      0 |          0 |
|             i_fifo                                                                                |                                                                                              fifo_v2 |         11 |         11 |       0 |    0 |     2 |      0 |      0 |          0 |
|               i_fifo_v3                                                                           |                                                                              fifo_v3__parameterized0 |         11 |         11 |       0 |    0 |     2 |      0 |      0 |          0 |
|         i_b_fifo                                                                                  |                                                                              fifo_v3__parameterized2 |          2 |          2 |       0 |    0 |     2 |      0 |      0 |          0 |
|         i_r_counter                                                                               |                                                                                              counter |          8 |          8 |       0 |    0 |     8 |      0 |      0 |          0 |
|           i_counter                                                                               |                                                                        delta_counter__parameterized0 |          8 |          8 |       0 |    0 |     8 |      0 |      0 |          0 |
|         i_r_fifo                                                                                  |                                                                              fifo_v3__parameterized3 |          8 |          8 |       0 |    0 |     3 |      0 |      0 |          0 |
|         i_w_fifo                                                                                  |                                                                              fifo_v3__parameterized1 |          4 |          4 |       0 |    0 |     3 |      0 |      0 |          0 |
|   i_bootrom                                                                                       |                                                                                           bootrom_32 |         65 |         65 |       0 |    0 |    10 |      2 |      0 |          0 |
|   i_clint                                                                                         |                                                                                                clint |        180 |        180 |       0 |    0 |   153 |      0 |      0 |          0 |
|     (i_clint)                                                                                     |                                                                                                clint |         32 |         32 |       0 |    0 |   129 |      0 |      0 |          0 |
|     axi_lite_interface_i                                                                          |                                                                                   axi_lite_interface |        148 |        148 |       0 |    0 |    21 |      0 |      0 |          0 |
|     i_sync_edge                                                                                   |                                                                                     clint_sync_wedge |          0 |          0 |       0 |    0 |     3 |      0 |      0 |          0 |
|       (i_sync_edge)                                                                               |                                                                                     clint_sync_wedge |          0 |          0 |       0 |    0 |     1 |      0 |      0 |          0 |
|       i_sync                                                                                      |                                                                                           clint_sync |          0 |          0 |       0 |    0 |     2 |      0 |      0 |          0 |
|   i_dm_axi2mem                                                                                    |                                                                                              axi2mem |        259 |        259 |       0 |    0 |    44 |      0 |      0 |          0 |
|   i_dm_axi_master                                                                                 |                                                                                          axi_adapter |         65 |         65 |       0 |    0 |    40 |      0 |      0 |          0 |
|   i_dm_top                                                                                        |                                                                                               dm_top |        506 |        506 |       0 |    0 |   677 |      0 |      0 |          0 |
|     i_dm_csrs                                                                                     |                                                                                              dm_csrs |        372 |        372 |       0 |    0 |   599 |      0 |      0 |          0 |
|       (i_dm_csrs)                                                                                 |                                                                                              dm_csrs |        242 |        242 |       0 |    0 |   531 |      0 |      0 |          0 |
|       i_fifo                                                                                      |                                                                              fifo_v2__parameterized0 |        130 |        130 |       0 |    0 |    68 |      0 |      0 |          0 |
|         i_fifo_v3                                                                                 |                                                                              fifo_v3__parameterized5 |        130 |        130 |       0 |    0 |    68 |      0 |      0 |          0 |
|     i_dm_mem                                                                                      |                                                                                               dm_mem |         93 |         93 |       0 |    0 |    75 |      0 |      0 |          0 |
|       (i_dm_mem)                                                                                  |                                                                                               dm_mem |          7 |          7 |       0 |    0 |    70 |      0 |      0 |          0 |
|       gen_rom_snd_scratch.i_debug_rom                                                             |                                                                                            debug_rom |         86 |         86 |       0 |    0 |     5 |      0 |      0 |          0 |
|     i_dm_sba                                                                                      |                                                                                               dm_sba |         41 |         41 |       0 |    0 |     3 |      0 |      0 |          0 |
|   i_dmi_jtag                                                                                      |                                                                                             dmi_jtag |        460 |        460 |       0 |    0 |   340 |      0 |      0 |          0 |
|     (i_dmi_jtag)                                                                                  |                                                                                             dmi_jtag |          1 |          1 |       0 |    0 |    84 |      0 |      0 |          0 |
|     i_dmi_cdc                                                                                     |                                                                                              dmi_cdc |        339 |        339 |       0 |    0 |   164 |      0 |      0 |          0 |
|       i_cdc_req                                                                                   |                                                                                           cdc_2phase |        296 |        296 |       0 |    0 |    89 |      0 |      0 |          0 |
|         i_dst                                                                                     |                                                                                       cdc_2phase_dst |        293 |        293 |       0 |    0 |    45 |      0 |      0 |          0 |
|         i_src                                                                                     |                                                                                       cdc_2phase_src |          3 |          3 |       0 |    0 |    44 |      0 |      0 |          0 |
|       i_cdc_resp                                                                                  |                                                                           cdc_2phase__parameterized0 |         43 |         43 |       0 |    0 |    75 |      0 |      0 |          0 |
|         i_dst                                                                                     |                                                                       cdc_2phase_dst__parameterized0 |         39 |         39 |       0 |    0 |    38 |      0 |      0 |          0 |
|         i_src                                                                                     |                                                                       cdc_2phase_src__parameterized0 |          4 |          4 |       0 |    0 |    37 |      0 |      0 |          0 |
|     i_dmi_jtag_tap                                                                                |                                                                                         dmi_jtag_tap |        121 |        121 |       0 |    0 |    92 |      0 |      0 |          0 |
|   i_rstgen_main                                                                                   |                                                                                               rstgen |          5 |          5 |       0 |    0 |     4 |      0 |      0 |          0 |
|     i_rstgen_bypass                                                                               |                                                                                        rstgen_bypass |          5 |          5 |       0 |    0 |     4 |      0 |      0 |          0 |
|   i_xlnx_blk_mem_gen                                                                              |                                                                                     xlnx_blk_mem_gen |        340 |        335 |       4 |    1 |   107 |     48 |      0 |          0 |
|     U0                                                                                            |                                                                  xlnx_blk_mem_gen_blk_mem_gen_v8_4_8 |        340 |        335 |       4 |    1 |   107 |     48 |      0 |          0 |
|       inst_blk_mem_gen                                                                            |                                                            xlnx_blk_mem_gen_blk_mem_gen_v8_4_8_synth |        340 |        335 |       4 |    1 |   107 |     48 |      0 |          0 |
|         gnbram.gaxibmg.axi_blk_mem_gen                                                            |                                                                     xlnx_blk_mem_gen_blk_mem_gen_top |        179 |        178 |       0 |    1 |    11 |     48 |      0 |          0 |
|           valid.cstr                                                                              |                                                            xlnx_blk_mem_gen_blk_mem_gen_generic_cstr |        179 |        178 |       0 |    1 |    11 |     48 |      0 |          0 |
|             has_mux_b.B                                                                           |                                                                     xlnx_blk_mem_gen_blk_mem_gen_mux |        128 |        128 |       0 |    0 |     3 |      0 |      0 |          0 |
|             ramloop[0].ram.r                                                                      |                                                              xlnx_blk_mem_gen_blk_mem_gen_prim_width |          1 |          1 |       0 |    0 |     0 |      1 |      0 |          0 |
|               prim_noinit.ram                                                                     |                                                         xlnx_blk_mem_gen_blk_mem_gen_prim_wrapper_93 |          1 |          1 |       0 |    0 |     0 |      1 |      0 |          0 |
|             ramloop[10].ram.r                                                                     |                                                            xlnx_blk_mem_gen_blk_mem_gen_prim_width_0 |          1 |          1 |       0 |    0 |     0 |      1 |      0 |          0 |
|               prim_noinit.ram                                                                     |                                                         xlnx_blk_mem_gen_blk_mem_gen_prim_wrapper_92 |          1 |          1 |       0 |    0 |     0 |      1 |      0 |          0 |
|             ramloop[11].ram.r                                                                     |                                                            xlnx_blk_mem_gen_blk_mem_gen_prim_width_1 |          1 |          1 |       0 |    0 |     0 |      1 |      0 |          0 |
|               prim_noinit.ram                                                                     |                                                         xlnx_blk_mem_gen_blk_mem_gen_prim_wrapper_91 |          1 |          1 |       0 |    0 |     0 |      1 |      0 |          0 |
|             ramloop[12].ram.r                                                                     |                                                            xlnx_blk_mem_gen_blk_mem_gen_prim_width_2 |          1 |          1 |       0 |    0 |     0 |      1 |      0 |          0 |
|               prim_noinit.ram                                                                     |                                                         xlnx_blk_mem_gen_blk_mem_gen_prim_wrapper_90 |          1 |          1 |       0 |    0 |     0 |      1 |      0 |          0 |
|             ramloop[13].ram.r                                                                     |                                                            xlnx_blk_mem_gen_blk_mem_gen_prim_width_3 |          1 |          1 |       0 |    0 |     0 |      1 |      0 |          0 |
|               prim_noinit.ram                                                                     |                                                         xlnx_blk_mem_gen_blk_mem_gen_prim_wrapper_89 |          1 |          1 |       0 |    0 |     0 |      1 |      0 |          0 |
|             ramloop[14].ram.r                                                                     |                                                            xlnx_blk_mem_gen_blk_mem_gen_prim_width_4 |          1 |          1 |       0 |    0 |     0 |      1 |      0 |          0 |
|               prim_noinit.ram                                                                     |                                                         xlnx_blk_mem_gen_blk_mem_gen_prim_wrapper_88 |          1 |          1 |       0 |    0 |     0 |      1 |      0 |          0 |
|             ramloop[15].ram.r                                                                     |                                                            xlnx_blk_mem_gen_blk_mem_gen_prim_width_5 |          1 |          1 |       0 |    0 |     0 |      1 |      0 |          0 |
|               prim_noinit.ram                                                                     |                                                         xlnx_blk_mem_gen_blk_mem_gen_prim_wrapper_87 |          1 |          1 |       0 |    0 |     0 |      1 |      0 |          0 |
|             ramloop[16].ram.r                                                                     |                                                            xlnx_blk_mem_gen_blk_mem_gen_prim_width_6 |          1 |          1 |       0 |    0 |     0 |      1 |      0 |          0 |
|               prim_noinit.ram                                                                     |                                                         xlnx_blk_mem_gen_blk_mem_gen_prim_wrapper_86 |          1 |          1 |       0 |    0 |     0 |      1 |      0 |          0 |
|             ramloop[17].ram.r                                                                     |                                                            xlnx_blk_mem_gen_blk_mem_gen_prim_width_7 |          1 |          1 |       0 |    0 |     0 |      1 |      0 |          0 |
|               prim_noinit.ram                                                                     |                                                         xlnx_blk_mem_gen_blk_mem_gen_prim_wrapper_85 |          1 |          1 |       0 |    0 |     0 |      1 |      0 |          0 |
|             ramloop[18].ram.r                                                                     |                                                            xlnx_blk_mem_gen_blk_mem_gen_prim_width_8 |          1 |          1 |       0 |    0 |     0 |      1 |      0 |          0 |
|               prim_noinit.ram                                                                     |                                                         xlnx_blk_mem_gen_blk_mem_gen_prim_wrapper_84 |          1 |          1 |       0 |    0 |     0 |      1 |      0 |          0 |
|             ramloop[19].ram.r                                                                     |                                                            xlnx_blk_mem_gen_blk_mem_gen_prim_width_9 |          1 |          1 |       0 |    0 |     0 |      1 |      0 |          0 |
|               prim_noinit.ram                                                                     |                                                         xlnx_blk_mem_gen_blk_mem_gen_prim_wrapper_83 |          1 |          1 |       0 |    0 |     0 |      1 |      0 |          0 |
|             ramloop[1].ram.r                                                                      |                                                           xlnx_blk_mem_gen_blk_mem_gen_prim_width_10 |          1 |          1 |       0 |    0 |     0 |      1 |      0 |          0 |
|               prim_noinit.ram                                                                     |                                                         xlnx_blk_mem_gen_blk_mem_gen_prim_wrapper_82 |          1 |          1 |       0 |    0 |     0 |      1 |      0 |          0 |
|             ramloop[20].ram.r                                                                     |                                                           xlnx_blk_mem_gen_blk_mem_gen_prim_width_11 |          1 |          1 |       0 |    0 |     0 |      1 |      0 |          0 |
|               prim_noinit.ram                                                                     |                                                         xlnx_blk_mem_gen_blk_mem_gen_prim_wrapper_81 |          1 |          1 |       0 |    0 |     0 |      1 |      0 |          0 |
|             ramloop[21].ram.r                                                                     |                                                           xlnx_blk_mem_gen_blk_mem_gen_prim_width_12 |          1 |          1 |       0 |    0 |     0 |      1 |      0 |          0 |
|               prim_noinit.ram                                                                     |                                                         xlnx_blk_mem_gen_blk_mem_gen_prim_wrapper_80 |          1 |          1 |       0 |    0 |     0 |      1 |      0 |          0 |
|             ramloop[22].ram.r                                                                     |                                                           xlnx_blk_mem_gen_blk_mem_gen_prim_width_13 |          1 |          1 |       0 |    0 |     0 |      1 |      0 |          0 |
|               prim_noinit.ram                                                                     |                                                         xlnx_blk_mem_gen_blk_mem_gen_prim_wrapper_79 |          1 |          1 |       0 |    0 |     0 |      1 |      0 |          0 |
|             ramloop[23].ram.r                                                                     |                                                           xlnx_blk_mem_gen_blk_mem_gen_prim_width_14 |          1 |          1 |       0 |    0 |     0 |      1 |      0 |          0 |
|               prim_noinit.ram                                                                     |                                                         xlnx_blk_mem_gen_blk_mem_gen_prim_wrapper_78 |          1 |          1 |       0 |    0 |     0 |      1 |      0 |          0 |
|             ramloop[24].ram.r                                                                     |                                                           xlnx_blk_mem_gen_blk_mem_gen_prim_width_15 |          1 |          1 |       0 |    0 |     0 |      1 |      0 |          0 |
|               prim_noinit.ram                                                                     |                                                         xlnx_blk_mem_gen_blk_mem_gen_prim_wrapper_77 |          1 |          1 |       0 |    0 |     0 |      1 |      0 |          0 |
|             ramloop[25].ram.r                                                                     |                                                           xlnx_blk_mem_gen_blk_mem_gen_prim_width_16 |          1 |          1 |       0 |    0 |     0 |      1 |      0 |          0 |
|               prim_noinit.ram                                                                     |                                                         xlnx_blk_mem_gen_blk_mem_gen_prim_wrapper_76 |          1 |          1 |       0 |    0 |     0 |      1 |      0 |          0 |
|             ramloop[26].ram.r                                                                     |                                                           xlnx_blk_mem_gen_blk_mem_gen_prim_width_17 |          1 |          1 |       0 |    0 |     0 |      1 |      0 |          0 |
|               prim_noinit.ram                                                                     |                                                         xlnx_blk_mem_gen_blk_mem_gen_prim_wrapper_75 |          1 |          1 |       0 |    0 |     0 |      1 |      0 |          0 |
|             ramloop[27].ram.r                                                                     |                                                           xlnx_blk_mem_gen_blk_mem_gen_prim_width_18 |          1 |          1 |       0 |    0 |     0 |      1 |      0 |          0 |
|               prim_noinit.ram                                                                     |                                                         xlnx_blk_mem_gen_blk_mem_gen_prim_wrapper_74 |          1 |          1 |       0 |    0 |     0 |      1 |      0 |          0 |
|             ramloop[28].ram.r                                                                     |                                                           xlnx_blk_mem_gen_blk_mem_gen_prim_width_19 |          1 |          1 |       0 |    0 |     0 |      1 |      0 |          0 |
|               prim_noinit.ram                                                                     |                                                         xlnx_blk_mem_gen_blk_mem_gen_prim_wrapper_73 |          1 |          1 |       0 |    0 |     0 |      1 |      0 |          0 |
|             ramloop[29].ram.r                                                                     |                                                           xlnx_blk_mem_gen_blk_mem_gen_prim_width_20 |          1 |          1 |       0 |    0 |     0 |      1 |      0 |          0 |
|               prim_noinit.ram                                                                     |                                                         xlnx_blk_mem_gen_blk_mem_gen_prim_wrapper_72 |          1 |          1 |       0 |    0 |     0 |      1 |      0 |          0 |
|             ramloop[2].ram.r                                                                      |                                                           xlnx_blk_mem_gen_blk_mem_gen_prim_width_21 |          1 |          1 |       0 |    0 |     0 |      1 |      0 |          0 |
|               prim_noinit.ram                                                                     |                                                         xlnx_blk_mem_gen_blk_mem_gen_prim_wrapper_71 |          1 |          1 |       0 |    0 |     0 |      1 |      0 |          0 |
|             ramloop[30].ram.r                                                                     |                                                           xlnx_blk_mem_gen_blk_mem_gen_prim_width_22 |          1 |          1 |       0 |    0 |     0 |      1 |      0 |          0 |
|               prim_noinit.ram                                                                     |                                                         xlnx_blk_mem_gen_blk_mem_gen_prim_wrapper_70 |          1 |          1 |       0 |    0 |     0 |      1 |      0 |          0 |
|             ramloop[31].ram.r                                                                     |                                                           xlnx_blk_mem_gen_blk_mem_gen_prim_width_23 |          1 |          1 |       0 |    0 |     0 |      1 |      0 |          0 |
|               prim_noinit.ram                                                                     |                                                         xlnx_blk_mem_gen_blk_mem_gen_prim_wrapper_69 |          1 |          1 |       0 |    0 |     0 |      1 |      0 |          0 |
|             ramloop[32].ram.r                                                                     |                                                           xlnx_blk_mem_gen_blk_mem_gen_prim_width_24 |          1 |          1 |       0 |    0 |     0 |      1 |      0 |          0 |
|               prim_noinit.ram                                                                     |                                                         xlnx_blk_mem_gen_blk_mem_gen_prim_wrapper_68 |          1 |          1 |       0 |    0 |     0 |      1 |      0 |          0 |
|             ramloop[33].ram.r                                                                     |                                                           xlnx_blk_mem_gen_blk_mem_gen_prim_width_25 |          1 |          1 |       0 |    0 |     0 |      1 |      0 |          0 |
|               prim_noinit.ram                                                                     |                                                         xlnx_blk_mem_gen_blk_mem_gen_prim_wrapper_67 |          1 |          1 |       0 |    0 |     0 |      1 |      0 |          0 |
|             ramloop[34].ram.r                                                                     |                                                           xlnx_blk_mem_gen_blk_mem_gen_prim_width_26 |          1 |          1 |       0 |    0 |     0 |      1 |      0 |          0 |
|               prim_noinit.ram                                                                     |                                                         xlnx_blk_mem_gen_blk_mem_gen_prim_wrapper_66 |          1 |          1 |       0 |    0 |     0 |      1 |      0 |          0 |
|             ramloop[35].ram.r                                                                     |                                                           xlnx_blk_mem_gen_blk_mem_gen_prim_width_27 |          1 |          1 |       0 |    0 |     0 |      1 |      0 |          0 |
|               prim_noinit.ram                                                                     |                                                         xlnx_blk_mem_gen_blk_mem_gen_prim_wrapper_65 |          1 |          1 |       0 |    0 |     0 |      1 |      0 |          0 |
|             ramloop[36].ram.r                                                                     |                                                           xlnx_blk_mem_gen_blk_mem_gen_prim_width_28 |          1 |          1 |       0 |    0 |     0 |      1 |      0 |          0 |
|               prim_noinit.ram                                                                     |                                                         xlnx_blk_mem_gen_blk_mem_gen_prim_wrapper_64 |          1 |          1 |       0 |    0 |     0 |      1 |      0 |          0 |
|             ramloop[37].ram.r                                                                     |                                                           xlnx_blk_mem_gen_blk_mem_gen_prim_width_29 |          1 |          1 |       0 |    0 |     0 |      1 |      0 |          0 |
|               prim_noinit.ram                                                                     |                                                         xlnx_blk_mem_gen_blk_mem_gen_prim_wrapper_63 |          1 |          1 |       0 |    0 |     0 |      1 |      0 |          0 |
|             ramloop[38].ram.r                                                                     |                                                           xlnx_blk_mem_gen_blk_mem_gen_prim_width_30 |          1 |          1 |       0 |    0 |     0 |      1 |      0 |          0 |
|               prim_noinit.ram                                                                     |                                                         xlnx_blk_mem_gen_blk_mem_gen_prim_wrapper_62 |          1 |          1 |       0 |    0 |     0 |      1 |      0 |          0 |
|             ramloop[39].ram.r                                                                     |                                                           xlnx_blk_mem_gen_blk_mem_gen_prim_width_31 |          1 |          1 |       0 |    0 |     0 |      1 |      0 |          0 |
|               prim_noinit.ram                                                                     |                                                         xlnx_blk_mem_gen_blk_mem_gen_prim_wrapper_61 |          1 |          1 |       0 |    0 |     0 |      1 |      0 |          0 |
|             ramloop[3].ram.r                                                                      |                                                           xlnx_blk_mem_gen_blk_mem_gen_prim_width_32 |          1 |          1 |       0 |    0 |     0 |      1 |      0 |          0 |
|               prim_noinit.ram                                                                     |                                                         xlnx_blk_mem_gen_blk_mem_gen_prim_wrapper_60 |          1 |          1 |       0 |    0 |     0 |      1 |      0 |          0 |
|             ramloop[40].ram.r                                                                     |                                                           xlnx_blk_mem_gen_blk_mem_gen_prim_width_33 |          1 |          1 |       0 |    0 |     0 |      1 |      0 |          0 |
|               prim_noinit.ram                                                                     |                                                         xlnx_blk_mem_gen_blk_mem_gen_prim_wrapper_59 |          1 |          1 |       0 |    0 |     0 |      1 |      0 |          0 |
|             ramloop[41].ram.r                                                                     |                                                           xlnx_blk_mem_gen_blk_mem_gen_prim_width_34 |          1 |          1 |       0 |    0 |     0 |      1 |      0 |          0 |
|               prim_noinit.ram                                                                     |                                                         xlnx_blk_mem_gen_blk_mem_gen_prim_wrapper_58 |          1 |          1 |       0 |    0 |     0 |      1 |      0 |          0 |
|             ramloop[42].ram.r                                                                     |                                                           xlnx_blk_mem_gen_blk_mem_gen_prim_width_35 |          1 |          1 |       0 |    0 |     0 |      1 |      0 |          0 |
|               prim_noinit.ram                                                                     |                                                         xlnx_blk_mem_gen_blk_mem_gen_prim_wrapper_57 |          1 |          1 |       0 |    0 |     0 |      1 |      0 |          0 |
|             ramloop[43].ram.r                                                                     |                                                           xlnx_blk_mem_gen_blk_mem_gen_prim_width_36 |          1 |          1 |       0 |    0 |     0 |      1 |      0 |          0 |
|               prim_noinit.ram                                                                     |                                                         xlnx_blk_mem_gen_blk_mem_gen_prim_wrapper_56 |          1 |          1 |       0 |    0 |     0 |      1 |      0 |          0 |
|             ramloop[44].ram.r                                                                     |                                                           xlnx_blk_mem_gen_blk_mem_gen_prim_width_37 |          1 |          1 |       0 |    0 |     0 |      1 |      0 |          0 |
|               prim_noinit.ram                                                                     |                                                         xlnx_blk_mem_gen_blk_mem_gen_prim_wrapper_55 |          1 |          1 |       0 |    0 |     0 |      1 |      0 |          0 |
|             ramloop[45].ram.r                                                                     |                                                           xlnx_blk_mem_gen_blk_mem_gen_prim_width_38 |          1 |          1 |       0 |    0 |     0 |      1 |      0 |          0 |
|               prim_noinit.ram                                                                     |                                                         xlnx_blk_mem_gen_blk_mem_gen_prim_wrapper_54 |          1 |          1 |       0 |    0 |     0 |      1 |      0 |          0 |
|             ramloop[46].ram.r                                                                     |                                                           xlnx_blk_mem_gen_blk_mem_gen_prim_width_39 |          1 |          1 |       0 |    0 |     0 |      1 |      0 |          0 |
|               prim_noinit.ram                                                                     |                                                         xlnx_blk_mem_gen_blk_mem_gen_prim_wrapper_53 |          1 |          1 |       0 |    0 |     0 |      1 |      0 |          0 |
|             ramloop[47].ram.r                                                                     |                                                           xlnx_blk_mem_gen_blk_mem_gen_prim_width_40 |          5 |          4 |       0 |    1 |     8 |      1 |      0 |          0 |
|               (ramloop[47].ram.r)                                                                 |                                                           xlnx_blk_mem_gen_blk_mem_gen_prim_width_40 |          3 |          2 |       0 |    1 |     8 |      0 |      0 |          0 |
|               prim_noinit.ram                                                                     |                                                         xlnx_blk_mem_gen_blk_mem_gen_prim_wrapper_52 |          2 |          2 |       0 |    0 |     0 |      1 |      0 |          0 |
|             ramloop[4].ram.r                                                                      |                                                           xlnx_blk_mem_gen_blk_mem_gen_prim_width_41 |          1 |          1 |       0 |    0 |     0 |      1 |      0 |          0 |
|               prim_noinit.ram                                                                     |                                                         xlnx_blk_mem_gen_blk_mem_gen_prim_wrapper_51 |          1 |          1 |       0 |    0 |     0 |      1 |      0 |          0 |
|             ramloop[5].ram.r                                                                      |                                                           xlnx_blk_mem_gen_blk_mem_gen_prim_width_42 |          1 |          1 |       0 |    0 |     0 |      1 |      0 |          0 |
|               prim_noinit.ram                                                                     |                                                         xlnx_blk_mem_gen_blk_mem_gen_prim_wrapper_50 |          1 |          1 |       0 |    0 |     0 |      1 |      0 |          0 |
|             ramloop[6].ram.r                                                                      |                                                           xlnx_blk_mem_gen_blk_mem_gen_prim_width_43 |          1 |          1 |       0 |    0 |     0 |      1 |      0 |          0 |
|               prim_noinit.ram                                                                     |                                                         xlnx_blk_mem_gen_blk_mem_gen_prim_wrapper_49 |          1 |          1 |       0 |    0 |     0 |      1 |      0 |          0 |
|             ramloop[7].ram.r                                                                      |                                                           xlnx_blk_mem_gen_blk_mem_gen_prim_width_44 |          1 |          1 |       0 |    0 |     0 |      1 |      0 |          0 |
|               prim_noinit.ram                                                                     |                                                         xlnx_blk_mem_gen_blk_mem_gen_prim_wrapper_48 |          1 |          1 |       0 |    0 |     0 |      1 |      0 |          0 |
|             ramloop[8].ram.r                                                                      |                                                           xlnx_blk_mem_gen_blk_mem_gen_prim_width_45 |          1 |          1 |       0 |    0 |     0 |      1 |      0 |          0 |
|               prim_noinit.ram                                                                     |                                                         xlnx_blk_mem_gen_blk_mem_gen_prim_wrapper_47 |          1 |          1 |       0 |    0 |     0 |      1 |      0 |          0 |
|             ramloop[9].ram.r                                                                      |                                                           xlnx_blk_mem_gen_blk_mem_gen_prim_width_46 |          1 |          1 |       0 |    0 |     0 |      1 |      0 |          0 |
|               prim_noinit.ram                                                                     |                                                            xlnx_blk_mem_gen_blk_mem_gen_prim_wrapper |          1 |          1 |       0 |    0 |     0 |      1 |      0 |          0 |
|         gnbram.gaxibmg.axi_rd_sm                                                                  |                                                            xlnx_blk_mem_gen_blk_mem_axi_read_wrapper |         85 |         85 |       0 |    0 |    45 |      0 |      0 |          0 |
|           (gnbram.gaxibmg.axi_rd_sm)                                                              |                                                            xlnx_blk_mem_gen_blk_mem_axi_read_wrapper |          8 |          8 |       0 |    0 |    39 |      0 |      0 |          0 |
|           axi_read_fsm                                                                            |                                                                xlnx_blk_mem_gen_blk_mem_axi_read_fsm |         79 |         79 |       0 |    0 |     6 |      0 |      0 |          0 |
|         gnbram.gaxibmg.axi_wr_fsm                                                                 |                                                           xlnx_blk_mem_gen_blk_mem_axi_write_wrapper |         76 |         72 |       4 |    0 |    51 |      0 |      0 |          0 |
|           (gnbram.gaxibmg.axi_wr_fsm)                                                             |                                                           xlnx_blk_mem_gen_blk_mem_axi_write_wrapper |         22 |         18 |       4 |    0 |    47 |      0 |      0 |          0 |
|           axi_wr_fsm                                                                              |                                                               xlnx_blk_mem_gen_blk_mem_axi_write_fsm |         55 |         55 |       0 |    0 |     4 |      0 |      0 |          0 |
|   i_xlnx_clk_gen                                                                                  |                                                                                         xlnx_clk_gen |          0 |          0 |       0 |    0 |     0 |      0 |      0 |          0 |
|     inst                                                                                          |                                                                                 xlnx_clk_gen_clk_wiz |          0 |          0 |       0 |    0 |     0 |      0 |      0 |          0 |
+---------------------------------------------------------------------------------------------------+------------------------------------------------------------------------------------------------------+------------+------------+---------+------+-------+--------+--------+------------+
* Note: The sum of lower-level cells may be larger than their parent cells total, due to cross-hierarchy LUT combining


