Copyright 1986-2022 Xilinx, Inc. All Rights Reserved. Copyright 2022-2025 Advanced Micro Devices, Inc. All Rights Reserved.
---------------------------------------------------------------------------------------------------------------------------------------------
| Tool Version : Vivado v.2025.2 (lin64) Build 6299465 Fri Nov 14 12:34:56 MST 2025
| Date         : Tue Jul 28 18:52:56 2026
| Host         : rayan-HP-ProBook-445-G8-Notebook-PC running 64-bit Ubuntu 24.04.1 LTS
| Command      : check_timing -file reports_cva6_fpga_impl/cva6_fpga.check_timing.rpt
| Design       : cva6_zybo_z7_20
| Device       : 7z020-clg400
| Speed File   : -1  PRODUCTION 1.12 2019-11-22
| Design State : Routed
---------------------------------------------------------------------------------------------------------------------------------------------


check_timing report

Table of Contents
-----------------
1. checking no_clock (3475)
2. checking constant_clock (0)
3. checking pulse_width_clock (0)
4. checking unconstrained_internal_endpoints (5)
5. checking no_input_delay (2)
6. checking no_output_delay (1)
7. checking multiple_clock (0)
8. checking generated_clocks (0)
9. checking loops (6)
10. checking partial_input_delay (3)
11. checking partial_output_delay (0)
12. checking latch_loops (0)

1. checking no_clock (3475)
---------------------------
 There are 5 register/latch pins with no clock driven by root clock pin: i_ariane/i_cva6/csr_regfile_i/dcsr_q_reg[ebreakm]/Q (HIGH)

 There are 5 register/latch pins with no clock driven by root clock pin: i_ariane/i_cva6/csr_regfile_i/dcsr_q_reg[step]/Q (HIGH)

 There are 5 register/latch pins with no clock driven by root clock pin: i_ariane/i_cva6/csr_regfile_i/debug_mode_q_reg/Q (HIGH)

 There are 5 register/latch pins with no clock driven by root clock pin: i_ariane/i_cva6/csr_regfile_i/priv_lvl_q_reg[0]/Q (HIGH)

 There are 5 register/latch pins with no clock driven by root clock pin: i_ariane/i_cva6/csr_regfile_i/priv_lvl_q_reg[1]/Q (HIGH)

 There are 5 register/latch pins with no clock driven by root clock pin: i_ariane/i_cva6/csr_regfile_i/wfi_q_reg/Q (HIGH)

 There are 5 register/latch pins with no clock driven by root clock pin: i_ariane/i_cva6/ex_stage_i/csr_buffer_i/csr_reg_q_reg[csr_address][0]/Q (HIGH)

 There are 5 register/latch pins with no clock driven by root clock pin: i_ariane/i_cva6/ex_stage_i/csr_buffer_i/csr_reg_q_reg[csr_address][10]/Q (HIGH)

 There are 5 register/latch pins with no clock driven by root clock pin: i_ariane/i_cva6/ex_stage_i/csr_buffer_i/csr_reg_q_reg[csr_address][11]/Q (HIGH)

 There are 5 register/latch pins with no clock driven by root clock pin: i_ariane/i_cva6/ex_stage_i/csr_buffer_i/csr_reg_q_reg[csr_address][1]/Q (HIGH)

 There are 5 register/latch pins with no clock driven by root clock pin: i_ariane/i_cva6/ex_stage_i/csr_buffer_i/csr_reg_q_reg[csr_address][2]/Q (HIGH)

 There are 5 register/latch pins with no clock driven by root clock pin: i_ariane/i_cva6/ex_stage_i/csr_buffer_i/csr_reg_q_reg[csr_address][3]/Q (HIGH)

 There are 5 register/latch pins with no clock driven by root clock pin: i_ariane/i_cva6/ex_stage_i/csr_buffer_i/csr_reg_q_reg[csr_address][4]/Q (HIGH)

 There are 5 register/latch pins with no clock driven by root clock pin: i_ariane/i_cva6/ex_stage_i/csr_buffer_i/csr_reg_q_reg[csr_address][5]/Q (HIGH)

 There are 5 register/latch pins with no clock driven by root clock pin: i_ariane/i_cva6/ex_stage_i/csr_buffer_i/csr_reg_q_reg[csr_address][6]/Q (HIGH)

 There are 5 register/latch pins with no clock driven by root clock pin: i_ariane/i_cva6/ex_stage_i/csr_buffer_i/csr_reg_q_reg[csr_address][7]/Q (HIGH)

 There are 5 register/latch pins with no clock driven by root clock pin: i_ariane/i_cva6/ex_stage_i/csr_buffer_i/csr_reg_q_reg[csr_address][8]/Q (HIGH)

 There are 5 register/latch pins with no clock driven by root clock pin: i_ariane/i_cva6/ex_stage_i/csr_buffer_i/csr_reg_q_reg[csr_address][9]/Q (HIGH)

 There are 5 register/latch pins with no clock driven by root clock pin: i_ariane/i_cva6/ex_stage_i/i_mult/i_div/div_res_zero_q_reg/Q (HIGH)

 There are 5 register/latch pins with no clock driven by root clock pin: i_ariane/i_cva6/ex_stage_i/i_mult/i_div/id_q_reg[0]/Q (HIGH)

 There are 5 register/latch pins with no clock driven by root clock pin: i_ariane/i_cva6/ex_stage_i/i_mult/i_div/id_q_reg[1]/Q (HIGH)

 There are 5 register/latch pins with no clock driven by root clock pin: i_ariane/i_cva6/ex_stage_i/i_mult/i_div/id_q_reg[2]/Q (HIGH)

 There are 5 register/latch pins with no clock driven by root clock pin: i_ariane/i_cva6/ex_stage_i/i_mult/i_div/id_q_reg[3]/Q (HIGH)

 There are 5 register/latch pins with no clock driven by root clock pin: i_ariane/i_cva6/ex_stage_i/i_mult/i_div/op_b_neg_one_q_reg/Q (HIGH)

 There are 5 register/latch pins with no clock driven by root clock pin: i_ariane/i_cva6/ex_stage_i/i_mult/i_div/op_b_zero_q_reg/Q (HIGH)

 There are 5 register/latch pins with no clock driven by root clock pin: i_ariane/i_cva6/ex_stage_i/i_mult/i_div/state_q_reg[0]/Q (HIGH)

 There are 5 register/latch pins with no clock driven by root clock pin: i_ariane/i_cva6/ex_stage_i/i_mult/i_div/state_q_reg[1]/Q (HIGH)

 There are 5 register/latch pins with no clock driven by root clock pin: i_ariane/i_cva6/ex_stage_i/i_mult/i_multiplier/mult_valid_q_reg/Q (HIGH)

 There are 5 register/latch pins with no clock driven by root clock pin: i_ariane/i_cva6/ex_stage_i/i_mult/i_multiplier/trans_id_q_reg[0]/Q (HIGH)

 There are 5 register/latch pins with no clock driven by root clock pin: i_ariane/i_cva6/ex_stage_i/i_mult/i_multiplier/trans_id_q_reg[1]/Q (HIGH)

 There are 5 register/latch pins with no clock driven by root clock pin: i_ariane/i_cva6/ex_stage_i/i_mult/i_multiplier/trans_id_q_reg[2]/Q (HIGH)

 There are 5 register/latch pins with no clock driven by root clock pin: i_ariane/i_cva6/ex_stage_i/i_mult/i_multiplier/trans_id_q_reg[3]/Q (HIGH)

 There are 5 register/latch pins with no clock driven by root clock pin: i_ariane/i_cva6/ex_stage_i/lsu_i/i_store_unit/store_buffer_i/commit_status_cnt_q_reg[0]/Q (HIGH)

 There are 5 register/latch pins with no clock driven by root clock pin: i_ariane/i_cva6/ex_stage_i/lsu_i/i_store_unit/store_buffer_i/commit_status_cnt_q_reg[1]/Q (HIGH)

 There are 5 register/latch pins with no clock driven by root clock pin: i_ariane/i_cva6/ex_stage_i/lsu_i/i_store_unit/store_buffer_i/commit_status_cnt_q_reg[2]/Q (HIGH)

 There are 5 register/latch pins with no clock driven by root clock pin: i_ariane/i_cva6/gen_cache_hpd.i_cache_subsystem/i_dcache/i_hpdcache/gen_wbuf.hpdcache_wbuf_i/wbuf_dir_state_q_reg[0][0]/Q (HIGH)

 There are 5 register/latch pins with no clock driven by root clock pin: i_ariane/i_cva6/gen_cache_hpd.i_cache_subsystem/i_dcache/i_hpdcache/gen_wbuf.hpdcache_wbuf_i/wbuf_dir_state_q_reg[0][1]/Q (HIGH)

 There are 5 register/latch pins with no clock driven by root clock pin: i_ariane/i_cva6/gen_cache_hpd.i_cache_subsystem/i_dcache/i_hpdcache/gen_wbuf.hpdcache_wbuf_i/wbuf_dir_state_q_reg[1][0]/Q (HIGH)

 There are 5 register/latch pins with no clock driven by root clock pin: i_ariane/i_cva6/gen_cache_hpd.i_cache_subsystem/i_dcache/i_hpdcache/gen_wbuf.hpdcache_wbuf_i/wbuf_dir_state_q_reg[1][1]/Q (HIGH)

 There are 5 register/latch pins with no clock driven by root clock pin: i_ariane/i_cva6/issue_stage_i/i_issue_read_operands/alu_valid_q_reg[1]/Q (HIGH)

 There are 5 register/latch pins with no clock driven by root clock pin: i_ariane/i_cva6/issue_stage_i/i_issue_read_operands/branch_predict_o_reg[cf][0]/Q (HIGH)

 There are 5 register/latch pins with no clock driven by root clock pin: i_ariane/i_cva6/issue_stage_i/i_issue_read_operands/branch_predict_o_reg[cf][1]/Q (HIGH)

 There are 5 register/latch pins with no clock driven by root clock pin: i_ariane/i_cva6/issue_stage_i/i_issue_read_operands/branch_predict_o_reg[cf][2]/Q (HIGH)

 There are 5 register/latch pins with no clock driven by root clock pin: i_ariane/i_cva6/issue_stage_i/i_issue_read_operands/branch_predict_o_reg[predict_address][0]/Q (HIGH)

 There are 5 register/latch pins with no clock driven by root clock pin: i_ariane/i_cva6/issue_stage_i/i_issue_read_operands/branch_predict_o_reg[predict_address][10]/Q (HIGH)

 There are 5 register/latch pins with no clock driven by root clock pin: i_ariane/i_cva6/issue_stage_i/i_issue_read_operands/branch_predict_o_reg[predict_address][11]/Q (HIGH)

 There are 5 register/latch pins with no clock driven by root clock pin: i_ariane/i_cva6/issue_stage_i/i_issue_read_operands/branch_predict_o_reg[predict_address][12]/Q (HIGH)

 There are 5 register/latch pins with no clock driven by root clock pin: i_ariane/i_cva6/issue_stage_i/i_issue_read_operands/branch_predict_o_reg[predict_address][13]/Q (HIGH)

 There are 5 register/latch pins with no clock driven by root clock pin: i_ariane/i_cva6/issue_stage_i/i_issue_read_operands/branch_predict_o_reg[predict_address][14]/Q (HIGH)

 There are 5 register/latch pins with no clock driven by root clock pin: i_ariane/i_cva6/issue_stage_i/i_issue_read_operands/branch_predict_o_reg[predict_address][15]/Q (HIGH)

 There are 5 register/latch pins with no clock driven by root clock pin: i_ariane/i_cva6/issue_stage_i/i_issue_read_operands/branch_predict_o_reg[predict_address][16]/Q (HIGH)

 There are 5 register/latch pins with no clock driven by root clock pin: i_ariane/i_cva6/issue_stage_i/i_issue_read_operands/branch_predict_o_reg[predict_address][17]/Q (HIGH)

 There are 5 register/latch pins with no clock driven by root clock pin: i_ariane/i_cva6/issue_stage_i/i_issue_read_operands/branch_predict_o_reg[predict_address][18]/Q (HIGH)

 There are 5 register/latch pins with no clock driven by root clock pin: i_ariane/i_cva6/issue_stage_i/i_issue_read_operands/branch_predict_o_reg[predict_address][19]/Q (HIGH)

 There are 5 register/latch pins with no clock driven by root clock pin: i_ariane/i_cva6/issue_stage_i/i_issue_read_operands/branch_predict_o_reg[predict_address][1]/Q (HIGH)

 There are 5 register/latch pins with no clock driven by root clock pin: i_ariane/i_cva6/issue_stage_i/i_issue_read_operands/branch_predict_o_reg[predict_address][20]/Q (HIGH)

 There are 5 register/latch pins with no clock driven by root clock pin: i_ariane/i_cva6/issue_stage_i/i_issue_read_operands/branch_predict_o_reg[predict_address][21]/Q (HIGH)

 There are 5 register/latch pins with no clock driven by root clock pin: i_ariane/i_cva6/issue_stage_i/i_issue_read_operands/branch_predict_o_reg[predict_address][22]/Q (HIGH)

 There are 5 register/latch pins with no clock driven by root clock pin: i_ariane/i_cva6/issue_stage_i/i_issue_read_operands/branch_predict_o_reg[predict_address][23]/Q (HIGH)

 There are 5 register/latch pins with no clock driven by root clock pin: i_ariane/i_cva6/issue_stage_i/i_issue_read_operands/branch_predict_o_reg[predict_address][24]/Q (HIGH)

 There are 5 register/latch pins with no clock driven by root clock pin: i_ariane/i_cva6/issue_stage_i/i_issue_read_operands/branch_predict_o_reg[predict_address][25]/Q (HIGH)

 There are 5 register/latch pins with no clock driven by root clock pin: i_ariane/i_cva6/issue_stage_i/i_issue_read_operands/branch_predict_o_reg[predict_address][26]/Q (HIGH)

 There are 5 register/latch pins with no clock driven by root clock pin: i_ariane/i_cva6/issue_stage_i/i_issue_read_operands/branch_predict_o_reg[predict_address][27]/Q (HIGH)

 There are 5 register/latch pins with no clock driven by root clock pin: i_ariane/i_cva6/issue_stage_i/i_issue_read_operands/branch_predict_o_reg[predict_address][28]/Q (HIGH)

 There are 5 register/latch pins with no clock driven by root clock pin: i_ariane/i_cva6/issue_stage_i/i_issue_read_operands/branch_predict_o_reg[predict_address][29]/Q (HIGH)

 There are 5 register/latch pins with no clock driven by root clock pin: i_ariane/i_cva6/issue_stage_i/i_issue_read_operands/branch_predict_o_reg[predict_address][2]/Q (HIGH)

 There are 5 register/latch pins with no clock driven by root clock pin: i_ariane/i_cva6/issue_stage_i/i_issue_read_operands/branch_predict_o_reg[predict_address][30]/Q (HIGH)

 There are 5 register/latch pins with no clock driven by root clock pin: i_ariane/i_cva6/issue_stage_i/i_issue_read_operands/branch_predict_o_reg[predict_address][31]/Q (HIGH)

 There are 5 register/latch pins with no clock driven by root clock pin: i_ariane/i_cva6/issue_stage_i/i_issue_read_operands/branch_predict_o_reg[predict_address][3]/Q (HIGH)

 There are 5 register/latch pins with no clock driven by root clock pin: i_ariane/i_cva6/issue_stage_i/i_issue_read_operands/branch_predict_o_reg[predict_address][4]/Q (HIGH)

 There are 5 register/latch pins with no clock driven by root clock pin: i_ariane/i_cva6/issue_stage_i/i_issue_read_operands/branch_predict_o_reg[predict_address][5]/Q (HIGH)

 There are 5 register/latch pins with no clock driven by root clock pin: i_ariane/i_cva6/issue_stage_i/i_issue_read_operands/branch_predict_o_reg[predict_address][6]/Q (HIGH)

 There are 5 register/latch pins with no clock driven by root clock pin: i_ariane/i_cva6/issue_stage_i/i_issue_read_operands/branch_predict_o_reg[predict_address][7]/Q (HIGH)

 There are 5 register/latch pins with no clock driven by root clock pin: i_ariane/i_cva6/issue_stage_i/i_issue_read_operands/branch_predict_o_reg[predict_address][8]/Q (HIGH)

 There are 5 register/latch pins with no clock driven by root clock pin: i_ariane/i_cva6/issue_stage_i/i_issue_read_operands/branch_predict_o_reg[predict_address][9]/Q (HIGH)

 There are 5 register/latch pins with no clock driven by root clock pin: i_ariane/i_cva6/issue_stage_i/i_issue_read_operands/branch_valid_q_reg[0]/Q (HIGH)

 There are 5 register/latch pins with no clock driven by root clock pin: i_ariane/i_cva6/issue_stage_i/i_issue_read_operands/branch_valid_q_reg[1]/Q (HIGH)

 There are 5 register/latch pins with no clock driven by root clock pin: i_ariane/i_cva6/issue_stage_i/i_issue_read_operands/csr_valid_q_reg[0]/Q (HIGH)

 There are 5 register/latch pins with no clock driven by root clock pin: i_ariane/i_cva6/issue_stage_i/i_issue_read_operands/csr_valid_q_reg[1]/Q (HIGH)

 There are 5 register/latch pins with no clock driven by root clock pin: i_ariane/i_cva6/issue_stage_i/i_issue_read_operands/fu_data_q_reg[0][imm][0]/Q (HIGH)

 There are 5 register/latch pins with no clock driven by root clock pin: i_ariane/i_cva6/issue_stage_i/i_issue_read_operands/fu_data_q_reg[0][imm][10]/Q (HIGH)

 There are 5 register/latch pins with no clock driven by root clock pin: i_ariane/i_cva6/issue_stage_i/i_issue_read_operands/fu_data_q_reg[0][imm][11]/Q (HIGH)

 There are 5 register/latch pins with no clock driven by root clock pin: i_ariane/i_cva6/issue_stage_i/i_issue_read_operands/fu_data_q_reg[0][imm][12]/Q (HIGH)

 There are 5 register/latch pins with no clock driven by root clock pin: i_ariane/i_cva6/issue_stage_i/i_issue_read_operands/fu_data_q_reg[0][imm][13]/Q (HIGH)

 There are 5 register/latch pins with no clock driven by root clock pin: i_ariane/i_cva6/issue_stage_i/i_issue_read_operands/fu_data_q_reg[0][imm][14]/Q (HIGH)

 There are 5 register/latch pins with no clock driven by root clock pin: i_ariane/i_cva6/issue_stage_i/i_issue_read_operands/fu_data_q_reg[0][imm][15]/Q (HIGH)

 There are 5 register/latch pins with no clock driven by root clock pin: i_ariane/i_cva6/issue_stage_i/i_issue_read_operands/fu_data_q_reg[0][imm][16]/Q (HIGH)

 There are 5 register/latch pins with no clock driven by root clock pin: i_ariane/i_cva6/issue_stage_i/i_issue_read_operands/fu_data_q_reg[0][imm][17]/Q (HIGH)

 There are 5 register/latch pins with no clock driven by root clock pin: i_ariane/i_cva6/issue_stage_i/i_issue_read_operands/fu_data_q_reg[0][imm][18]/Q (HIGH)

 There are 5 register/latch pins with no clock driven by root clock pin: i_ariane/i_cva6/issue_stage_i/i_issue_read_operands/fu_data_q_reg[0][imm][19]/Q (HIGH)

 There are 5 register/latch pins with no clock driven by root clock pin: i_ariane/i_cva6/issue_stage_i/i_issue_read_operands/fu_data_q_reg[0][imm][1]/Q (HIGH)

 There are 5 register/latch pins with no clock driven by root clock pin: i_ariane/i_cva6/issue_stage_i/i_issue_read_operands/fu_data_q_reg[0][imm][20]/Q (HIGH)

 There are 5 register/latch pins with no clock driven by root clock pin: i_ariane/i_cva6/issue_stage_i/i_issue_read_operands/fu_data_q_reg[0][imm][21]/Q (HIGH)

 There are 5 register/latch pins with no clock driven by root clock pin: i_ariane/i_cva6/issue_stage_i/i_issue_read_operands/fu_data_q_reg[0][imm][22]/Q (HIGH)

 There are 5 register/latch pins with no clock driven by root clock pin: i_ariane/i_cva6/issue_stage_i/i_issue_read_operands/fu_data_q_reg[0][imm][23]/Q (HIGH)

 There are 5 register/latch pins with no clock driven by root clock pin: i_ariane/i_cva6/issue_stage_i/i_issue_read_operands/fu_data_q_reg[0][imm][24]/Q (HIGH)

 There are 5 register/latch pins with no clock driven by root clock pin: i_ariane/i_cva6/issue_stage_i/i_issue_read_operands/fu_data_q_reg[0][imm][25]/Q (HIGH)

 There are 5 register/latch pins with no clock driven by root clock pin: i_ariane/i_cva6/issue_stage_i/i_issue_read_operands/fu_data_q_reg[0][imm][26]/Q (HIGH)

 There are 5 register/latch pins with no clock driven by root clock pin: i_ariane/i_cva6/issue_stage_i/i_issue_read_operands/fu_data_q_reg[0][imm][27]/Q (HIGH)

 There are 5 register/latch pins with no clock driven by root clock pin: i_ariane/i_cva6/issue_stage_i/i_issue_read_operands/fu_data_q_reg[0][imm][28]/Q (HIGH)

 There are 5 register/latch pins with no clock driven by root clock pin: i_ariane/i_cva6/issue_stage_i/i_issue_read_operands/fu_data_q_reg[0][imm][29]/Q (HIGH)

 There are 5 register/latch pins with no clock driven by root clock pin: i_ariane/i_cva6/issue_stage_i/i_issue_read_operands/fu_data_q_reg[0][imm][2]/Q (HIGH)

 There are 5 register/latch pins with no clock driven by root clock pin: i_ariane/i_cva6/issue_stage_i/i_issue_read_operands/fu_data_q_reg[0][imm][30]/Q (HIGH)

 There are 5 register/latch pins with no clock driven by root clock pin: i_ariane/i_cva6/issue_stage_i/i_issue_read_operands/fu_data_q_reg[0][imm][31]/Q (HIGH)

 There are 5 register/latch pins with no clock driven by root clock pin: i_ariane/i_cva6/issue_stage_i/i_issue_read_operands/fu_data_q_reg[0][imm][3]/Q (HIGH)

 There are 5 register/latch pins with no clock driven by root clock pin: i_ariane/i_cva6/issue_stage_i/i_issue_read_operands/fu_data_q_reg[0][imm][4]/Q (HIGH)

 There are 5 register/latch pins with no clock driven by root clock pin: i_ariane/i_cva6/issue_stage_i/i_issue_read_operands/fu_data_q_reg[0][imm][5]/Q (HIGH)

 There are 5 register/latch pins with no clock driven by root clock pin: i_ariane/i_cva6/issue_stage_i/i_issue_read_operands/fu_data_q_reg[0][imm][6]/Q (HIGH)

 There are 5 register/latch pins with no clock driven by root clock pin: i_ariane/i_cva6/issue_stage_i/i_issue_read_operands/fu_data_q_reg[0][imm][7]/Q (HIGH)

 There are 5 register/latch pins with no clock driven by root clock pin: i_ariane/i_cva6/issue_stage_i/i_issue_read_operands/fu_data_q_reg[0][imm][8]/Q (HIGH)

 There are 5 register/latch pins with no clock driven by root clock pin: i_ariane/i_cva6/issue_stage_i/i_issue_read_operands/fu_data_q_reg[0][imm][9]/Q (HIGH)

 There are 5 register/latch pins with no clock driven by root clock pin: i_ariane/i_cva6/issue_stage_i/i_issue_read_operands/fu_data_q_reg[0][operand_a][0]/Q (HIGH)

 There are 5 register/latch pins with no clock driven by root clock pin: i_ariane/i_cva6/issue_stage_i/i_issue_read_operands/fu_data_q_reg[0][operand_a][10]/Q (HIGH)

 There are 5 register/latch pins with no clock driven by root clock pin: i_ariane/i_cva6/issue_stage_i/i_issue_read_operands/fu_data_q_reg[0][operand_a][11]/Q (HIGH)

 There are 5 register/latch pins with no clock driven by root clock pin: i_ariane/i_cva6/issue_stage_i/i_issue_read_operands/fu_data_q_reg[0][operand_a][12]/Q (HIGH)

 There are 5 register/latch pins with no clock driven by root clock pin: i_ariane/i_cva6/issue_stage_i/i_issue_read_operands/fu_data_q_reg[0][operand_a][13]/Q (HIGH)

 There are 5 register/latch pins with no clock driven by root clock pin: i_ariane/i_cva6/issue_stage_i/i_issue_read_operands/fu_data_q_reg[0][operand_a][14]/Q (HIGH)

 There are 5 register/latch pins with no clock driven by root clock pin: i_ariane/i_cva6/issue_stage_i/i_issue_read_operands/fu_data_q_reg[0][operand_a][15]/Q (HIGH)

 There are 5 register/latch pins with no clock driven by root clock pin: i_ariane/i_cva6/issue_stage_i/i_issue_read_operands/fu_data_q_reg[0][operand_a][16]/Q (HIGH)

 There are 5 register/latch pins with no clock driven by root clock pin: i_ariane/i_cva6/issue_stage_i/i_issue_read_operands/fu_data_q_reg[0][operand_a][17]/Q (HIGH)

 There are 5 register/latch pins with no clock driven by root clock pin: i_ariane/i_cva6/issue_stage_i/i_issue_read_operands/fu_data_q_reg[0][operand_a][18]/Q (HIGH)

 There are 5 register/latch pins with no clock driven by root clock pin: i_ariane/i_cva6/issue_stage_i/i_issue_read_operands/fu_data_q_reg[0][operand_a][19]/Q (HIGH)

 There are 5 register/latch pins with no clock driven by root clock pin: i_ariane/i_cva6/issue_stage_i/i_issue_read_operands/fu_data_q_reg[0][operand_a][1]/Q (HIGH)

 There are 5 register/latch pins with no clock driven by root clock pin: i_ariane/i_cva6/issue_stage_i/i_issue_read_operands/fu_data_q_reg[0][operand_a][20]/Q (HIGH)

 There are 5 register/latch pins with no clock driven by root clock pin: i_ariane/i_cva6/issue_stage_i/i_issue_read_operands/fu_data_q_reg[0][operand_a][21]/Q (HIGH)

 There are 5 register/latch pins with no clock driven by root clock pin: i_ariane/i_cva6/issue_stage_i/i_issue_read_operands/fu_data_q_reg[0][operand_a][22]/Q (HIGH)

 There are 5 register/latch pins with no clock driven by root clock pin: i_ariane/i_cva6/issue_stage_i/i_issue_read_operands/fu_data_q_reg[0][operand_a][23]/Q (HIGH)

 There are 5 register/latch pins with no clock driven by root clock pin: i_ariane/i_cva6/issue_stage_i/i_issue_read_operands/fu_data_q_reg[0][operand_a][24]/Q (HIGH)

 There are 5 register/latch pins with no clock driven by root clock pin: i_ariane/i_cva6/issue_stage_i/i_issue_read_operands/fu_data_q_reg[0][operand_a][25]/Q (HIGH)

 There are 5 register/latch pins with no clock driven by root clock pin: i_ariane/i_cva6/issue_stage_i/i_issue_read_operands/fu_data_q_reg[0][operand_a][26]/Q (HIGH)

 There are 5 register/latch pins with no clock driven by root clock pin: i_ariane/i_cva6/issue_stage_i/i_issue_read_operands/fu_data_q_reg[0][operand_a][27]/Q (HIGH)

 There are 5 register/latch pins with no clock driven by root clock pin: i_ariane/i_cva6/issue_stage_i/i_issue_read_operands/fu_data_q_reg[0][operand_a][28]/Q (HIGH)

 There are 5 register/latch pins with no clock driven by root clock pin: i_ariane/i_cva6/issue_stage_i/i_issue_read_operands/fu_data_q_reg[0][operand_a][29]/Q (HIGH)

 There are 5 register/latch pins with no clock driven by root clock pin: i_ariane/i_cva6/issue_stage_i/i_issue_read_operands/fu_data_q_reg[0][operand_a][2]/Q (HIGH)

 There are 5 register/latch pins with no clock driven by root clock pin: i_ariane/i_cva6/issue_stage_i/i_issue_read_operands/fu_data_q_reg[0][operand_a][30]/Q (HIGH)

 There are 5 register/latch pins with no clock driven by root clock pin: i_ariane/i_cva6/issue_stage_i/i_issue_read_operands/fu_data_q_reg[0][operand_a][31]/Q (HIGH)

 There are 5 register/latch pins with no clock driven by root clock pin: i_ariane/i_cva6/issue_stage_i/i_issue_read_operands/fu_data_q_reg[0][operand_a][3]/Q (HIGH)

 There are 5 register/latch pins with no clock driven by root clock pin: i_ariane/i_cva6/issue_stage_i/i_issue_read_operands/fu_data_q_reg[0][operand_a][4]/Q (HIGH)

 There are 5 register/latch pins with no clock driven by root clock pin: i_ariane/i_cva6/issue_stage_i/i_issue_read_operands/fu_data_q_reg[0][operand_a][5]/Q (HIGH)

 There are 5 register/latch pins with no clock driven by root clock pin: i_ariane/i_cva6/issue_stage_i/i_issue_read_operands/fu_data_q_reg[0][operand_a][6]/Q (HIGH)

 There are 5 register/latch pins with no clock driven by root clock pin: i_ariane/i_cva6/issue_stage_i/i_issue_read_operands/fu_data_q_reg[0][operand_a][7]/Q (HIGH)

 There are 5 register/latch pins with no clock driven by root clock pin: i_ariane/i_cva6/issue_stage_i/i_issue_read_operands/fu_data_q_reg[0][operand_a][8]/Q (HIGH)

 There are 5 register/latch pins with no clock driven by root clock pin: i_ariane/i_cva6/issue_stage_i/i_issue_read_operands/fu_data_q_reg[0][operand_a][9]/Q (HIGH)

 There are 5 register/latch pins with no clock driven by root clock pin: i_ariane/i_cva6/issue_stage_i/i_issue_read_operands/fu_data_q_reg[0][operand_b][0]/Q (HIGH)

 There are 5 register/latch pins with no clock driven by root clock pin: i_ariane/i_cva6/issue_stage_i/i_issue_read_operands/fu_data_q_reg[0][operand_b][10]/Q (HIGH)

 There are 5 register/latch pins with no clock driven by root clock pin: i_ariane/i_cva6/issue_stage_i/i_issue_read_operands/fu_data_q_reg[0][operand_b][11]/Q (HIGH)

 There are 5 register/latch pins with no clock driven by root clock pin: i_ariane/i_cva6/issue_stage_i/i_issue_read_operands/fu_data_q_reg[0][operand_b][12]/Q (HIGH)

 There are 5 register/latch pins with no clock driven by root clock pin: i_ariane/i_cva6/issue_stage_i/i_issue_read_operands/fu_data_q_reg[0][operand_b][13]/Q (HIGH)

 There are 5 register/latch pins with no clock driven by root clock pin: i_ariane/i_cva6/issue_stage_i/i_issue_read_operands/fu_data_q_reg[0][operand_b][14]/Q (HIGH)

 There are 5 register/latch pins with no clock driven by root clock pin: i_ariane/i_cva6/issue_stage_i/i_issue_read_operands/fu_data_q_reg[0][operand_b][15]/Q (HIGH)

 There are 5 register/latch pins with no clock driven by root clock pin: i_ariane/i_cva6/issue_stage_i/i_issue_read_operands/fu_data_q_reg[0][operand_b][16]/Q (HIGH)

 There are 5 register/latch pins with no clock driven by root clock pin: i_ariane/i_cva6/issue_stage_i/i_issue_read_operands/fu_data_q_reg[0][operand_b][17]/Q (HIGH)

 There are 5 register/latch pins with no clock driven by root clock pin: i_ariane/i_cva6/issue_stage_i/i_issue_read_operands/fu_data_q_reg[0][operand_b][18]/Q (HIGH)

 There are 5 register/latch pins with no clock driven by root clock pin: i_ariane/i_cva6/issue_stage_i/i_issue_read_operands/fu_data_q_reg[0][operand_b][19]/Q (HIGH)

 There are 5 register/latch pins with no clock driven by root clock pin: i_ariane/i_cva6/issue_stage_i/i_issue_read_operands/fu_data_q_reg[0][operand_b][1]/Q (HIGH)

 There are 5 register/latch pins with no clock driven by root clock pin: i_ariane/i_cva6/issue_stage_i/i_issue_read_operands/fu_data_q_reg[0][operand_b][20]/Q (HIGH)

 There are 5 register/latch pins with no clock driven by root clock pin: i_ariane/i_cva6/issue_stage_i/i_issue_read_operands/fu_data_q_reg[0][operand_b][21]/Q (HIGH)

 There are 5 register/latch pins with no clock driven by root clock pin: i_ariane/i_cva6/issue_stage_i/i_issue_read_operands/fu_data_q_reg[0][operand_b][22]/Q (HIGH)

 There are 5 register/latch pins with no clock driven by root clock pin: i_ariane/i_cva6/issue_stage_i/i_issue_read_operands/fu_data_q_reg[0][operand_b][23]/Q (HIGH)

 There are 5 register/latch pins with no clock driven by root clock pin: i_ariane/i_cva6/issue_stage_i/i_issue_read_operands/fu_data_q_reg[0][operand_b][24]/Q (HIGH)

 There are 5 register/latch pins with no clock driven by root clock pin: i_ariane/i_cva6/issue_stage_i/i_issue_read_operands/fu_data_q_reg[0][operand_b][25]/Q (HIGH)

 There are 5 register/latch pins with no clock driven by root clock pin: i_ariane/i_cva6/issue_stage_i/i_issue_read_operands/fu_data_q_reg[0][operand_b][26]/Q (HIGH)

 There are 5 register/latch pins with no clock driven by root clock pin: i_ariane/i_cva6/issue_stage_i/i_issue_read_operands/fu_data_q_reg[0][operand_b][27]/Q (HIGH)

 There are 5 register/latch pins with no clock driven by root clock pin: i_ariane/i_cva6/issue_stage_i/i_issue_read_operands/fu_data_q_reg[0][operand_b][28]/Q (HIGH)

 There are 5 register/latch pins with no clock driven by root clock pin: i_ariane/i_cva6/issue_stage_i/i_issue_read_operands/fu_data_q_reg[0][operand_b][29]/Q (HIGH)

 There are 5 register/latch pins with no clock driven by root clock pin: i_ariane/i_cva6/issue_stage_i/i_issue_read_operands/fu_data_q_reg[0][operand_b][2]/Q (HIGH)

 There are 5 register/latch pins with no clock driven by root clock pin: i_ariane/i_cva6/issue_stage_i/i_issue_read_operands/fu_data_q_reg[0][operand_b][30]/Q (HIGH)

 There are 5 register/latch pins with no clock driven by root clock pin: i_ariane/i_cva6/issue_stage_i/i_issue_read_operands/fu_data_q_reg[0][operand_b][31]/Q (HIGH)

 There are 5 register/latch pins with no clock driven by root clock pin: i_ariane/i_cva6/issue_stage_i/i_issue_read_operands/fu_data_q_reg[0][operand_b][3]/Q (HIGH)

 There are 5 register/latch pins with no clock driven by root clock pin: i_ariane/i_cva6/issue_stage_i/i_issue_read_operands/fu_data_q_reg[0][operand_b][4]/Q (HIGH)

 There are 5 register/latch pins with no clock driven by root clock pin: i_ariane/i_cva6/issue_stage_i/i_issue_read_operands/fu_data_q_reg[0][operand_b][5]/Q (HIGH)

 There are 5 register/latch pins with no clock driven by root clock pin: i_ariane/i_cva6/issue_stage_i/i_issue_read_operands/fu_data_q_reg[0][operand_b][6]/Q (HIGH)

 There are 5 register/latch pins with no clock driven by root clock pin: i_ariane/i_cva6/issue_stage_i/i_issue_read_operands/fu_data_q_reg[0][operand_b][7]/Q (HIGH)

 There are 5 register/latch pins with no clock driven by root clock pin: i_ariane/i_cva6/issue_stage_i/i_issue_read_operands/fu_data_q_reg[0][operand_b][8]/Q (HIGH)

 There are 5 register/latch pins with no clock driven by root clock pin: i_ariane/i_cva6/issue_stage_i/i_issue_read_operands/fu_data_q_reg[0][operand_b][9]/Q (HIGH)

 There are 5 register/latch pins with no clock driven by root clock pin: i_ariane/i_cva6/issue_stage_i/i_issue_read_operands/fu_data_q_reg[0][operation][0]/Q (HIGH)

 There are 5 register/latch pins with no clock driven by root clock pin: i_ariane/i_cva6/issue_stage_i/i_issue_read_operands/fu_data_q_reg[0][operation][1]/Q (HIGH)

 There are 5 register/latch pins with no clock driven by root clock pin: i_ariane/i_cva6/issue_stage_i/i_issue_read_operands/fu_data_q_reg[0][operation][2]/Q (HIGH)

 There are 5 register/latch pins with no clock driven by root clock pin: i_ariane/i_cva6/issue_stage_i/i_issue_read_operands/fu_data_q_reg[0][operation][3]/Q (HIGH)

 There are 5 register/latch pins with no clock driven by root clock pin: i_ariane/i_cva6/issue_stage_i/i_issue_read_operands/fu_data_q_reg[0][operation][4]/Q (HIGH)

 There are 5 register/latch pins with no clock driven by root clock pin: i_ariane/i_cva6/issue_stage_i/i_issue_read_operands/fu_data_q_reg[0][operation][5]/Q (HIGH)

 There are 5 register/latch pins with no clock driven by root clock pin: i_ariane/i_cva6/issue_stage_i/i_issue_read_operands/fu_data_q_reg[0][operation][6]/Q (HIGH)

 There are 5 register/latch pins with no clock driven by root clock pin: i_ariane/i_cva6/issue_stage_i/i_issue_read_operands/fu_data_q_reg[0][operation][7]/Q (HIGH)

 There are 5 register/latch pins with no clock driven by root clock pin: i_ariane/i_cva6/issue_stage_i/i_issue_read_operands/fu_data_q_reg[0][trans_id][0]/Q (HIGH)

 There are 5 register/latch pins with no clock driven by root clock pin: i_ariane/i_cva6/issue_stage_i/i_issue_read_operands/fu_data_q_reg[0][trans_id][1]/Q (HIGH)

 There are 5 register/latch pins with no clock driven by root clock pin: i_ariane/i_cva6/issue_stage_i/i_issue_read_operands/fu_data_q_reg[0][trans_id][2]/Q (HIGH)

 There are 5 register/latch pins with no clock driven by root clock pin: i_ariane/i_cva6/issue_stage_i/i_issue_read_operands/fu_data_q_reg[0][trans_id][3]/Q (HIGH)

 There are 5 register/latch pins with no clock driven by root clock pin: i_ariane/i_cva6/issue_stage_i/i_issue_read_operands/fu_data_q_reg[1][imm][0]/Q (HIGH)

 There are 5 register/latch pins with no clock driven by root clock pin: i_ariane/i_cva6/issue_stage_i/i_issue_read_operands/fu_data_q_reg[1][imm][10]/Q (HIGH)

 There are 5 register/latch pins with no clock driven by root clock pin: i_ariane/i_cva6/issue_stage_i/i_issue_read_operands/fu_data_q_reg[1][imm][11]/Q (HIGH)

 There are 5 register/latch pins with no clock driven by root clock pin: i_ariane/i_cva6/issue_stage_i/i_issue_read_operands/fu_data_q_reg[1][imm][12]/Q (HIGH)

 There are 5 register/latch pins with no clock driven by root clock pin: i_ariane/i_cva6/issue_stage_i/i_issue_read_operands/fu_data_q_reg[1][imm][13]/Q (HIGH)

 There are 5 register/latch pins with no clock driven by root clock pin: i_ariane/i_cva6/issue_stage_i/i_issue_read_operands/fu_data_q_reg[1][imm][14]/Q (HIGH)

 There are 5 register/latch pins with no clock driven by root clock pin: i_ariane/i_cva6/issue_stage_i/i_issue_read_operands/fu_data_q_reg[1][imm][15]/Q (HIGH)

 There are 5 register/latch pins with no clock driven by root clock pin: i_ariane/i_cva6/issue_stage_i/i_issue_read_operands/fu_data_q_reg[1][imm][16]/Q (HIGH)

 There are 5 register/latch pins with no clock driven by root clock pin: i_ariane/i_cva6/issue_stage_i/i_issue_read_operands/fu_data_q_reg[1][imm][17]/Q (HIGH)

 There are 5 register/latch pins with no clock driven by root clock pin: i_ariane/i_cva6/issue_stage_i/i_issue_read_operands/fu_data_q_reg[1][imm][18]/Q (HIGH)

 There are 5 register/latch pins with no clock driven by root clock pin: i_ariane/i_cva6/issue_stage_i/i_issue_read_operands/fu_data_q_reg[1][imm][19]/Q (HIGH)

 There are 5 register/latch pins with no clock driven by root clock pin: i_ariane/i_cva6/issue_stage_i/i_issue_read_operands/fu_data_q_reg[1][imm][1]/Q (HIGH)

 There are 5 register/latch pins with no clock driven by root clock pin: i_ariane/i_cva6/issue_stage_i/i_issue_read_operands/fu_data_q_reg[1][imm][20]/Q (HIGH)

 There are 5 register/latch pins with no clock driven by root clock pin: i_ariane/i_cva6/issue_stage_i/i_issue_read_operands/fu_data_q_reg[1][imm][21]/Q (HIGH)

 There are 5 register/latch pins with no clock driven by root clock pin: i_ariane/i_cva6/issue_stage_i/i_issue_read_operands/fu_data_q_reg[1][imm][22]/Q (HIGH)

 There are 5 register/latch pins with no clock driven by root clock pin: i_ariane/i_cva6/issue_stage_i/i_issue_read_operands/fu_data_q_reg[1][imm][23]/Q (HIGH)

 There are 5 register/latch pins with no clock driven by root clock pin: i_ariane/i_cva6/issue_stage_i/i_issue_read_operands/fu_data_q_reg[1][imm][24]/Q (HIGH)

 There are 5 register/latch pins with no clock driven by root clock pin: i_ariane/i_cva6/issue_stage_i/i_issue_read_operands/fu_data_q_reg[1][imm][25]/Q (HIGH)

 There are 5 register/latch pins with no clock driven by root clock pin: i_ariane/i_cva6/issue_stage_i/i_issue_read_operands/fu_data_q_reg[1][imm][26]/Q (HIGH)

 There are 5 register/latch pins with no clock driven by root clock pin: i_ariane/i_cva6/issue_stage_i/i_issue_read_operands/fu_data_q_reg[1][imm][27]/Q (HIGH)

 There are 5 register/latch pins with no clock driven by root clock pin: i_ariane/i_cva6/issue_stage_i/i_issue_read_operands/fu_data_q_reg[1][imm][28]/Q (HIGH)

 There are 5 register/latch pins with no clock driven by root clock pin: i_ariane/i_cva6/issue_stage_i/i_issue_read_operands/fu_data_q_reg[1][imm][29]/Q (HIGH)

 There are 5 register/latch pins with no clock driven by root clock pin: i_ariane/i_cva6/issue_stage_i/i_issue_read_operands/fu_data_q_reg[1][imm][2]/Q (HIGH)

 There are 5 register/latch pins with no clock driven by root clock pin: i_ariane/i_cva6/issue_stage_i/i_issue_read_operands/fu_data_q_reg[1][imm][30]/Q (HIGH)

 There are 5 register/latch pins with no clock driven by root clock pin: i_ariane/i_cva6/issue_stage_i/i_issue_read_operands/fu_data_q_reg[1][imm][31]/Q (HIGH)

 There are 5 register/latch pins with no clock driven by root clock pin: i_ariane/i_cva6/issue_stage_i/i_issue_read_operands/fu_data_q_reg[1][imm][3]/Q (HIGH)

 There are 5 register/latch pins with no clock driven by root clock pin: i_ariane/i_cva6/issue_stage_i/i_issue_read_operands/fu_data_q_reg[1][imm][4]/Q (HIGH)

 There are 5 register/latch pins with no clock driven by root clock pin: i_ariane/i_cva6/issue_stage_i/i_issue_read_operands/fu_data_q_reg[1][imm][5]/Q (HIGH)

 There are 5 register/latch pins with no clock driven by root clock pin: i_ariane/i_cva6/issue_stage_i/i_issue_read_operands/fu_data_q_reg[1][imm][6]/Q (HIGH)

 There are 5 register/latch pins with no clock driven by root clock pin: i_ariane/i_cva6/issue_stage_i/i_issue_read_operands/fu_data_q_reg[1][imm][7]/Q (HIGH)

 There are 5 register/latch pins with no clock driven by root clock pin: i_ariane/i_cva6/issue_stage_i/i_issue_read_operands/fu_data_q_reg[1][imm][8]/Q (HIGH)

 There are 5 register/latch pins with no clock driven by root clock pin: i_ariane/i_cva6/issue_stage_i/i_issue_read_operands/fu_data_q_reg[1][imm][9]/Q (HIGH)

 There are 5 register/latch pins with no clock driven by root clock pin: i_ariane/i_cva6/issue_stage_i/i_issue_read_operands/fu_data_q_reg[1][operand_a][0]/Q (HIGH)

 There are 5 register/latch pins with no clock driven by root clock pin: i_ariane/i_cva6/issue_stage_i/i_issue_read_operands/fu_data_q_reg[1][operand_a][10]/Q (HIGH)

 There are 5 register/latch pins with no clock driven by root clock pin: i_ariane/i_cva6/issue_stage_i/i_issue_read_operands/fu_data_q_reg[1][operand_a][11]/Q (HIGH)

 There are 5 register/latch pins with no clock driven by root clock pin: i_ariane/i_cva6/issue_stage_i/i_issue_read_operands/fu_data_q_reg[1][operand_a][12]/Q (HIGH)

 There are 5 register/latch pins with no clock driven by root clock pin: i_ariane/i_cva6/issue_stage_i/i_issue_read_operands/fu_data_q_reg[1][operand_a][13]/Q (HIGH)

 There are 5 register/latch pins with no clock driven by root clock pin: i_ariane/i_cva6/issue_stage_i/i_issue_read_operands/fu_data_q_reg[1][operand_a][14]/Q (HIGH)

 There are 5 register/latch pins with no clock driven by root clock pin: i_ariane/i_cva6/issue_stage_i/i_issue_read_operands/fu_data_q_reg[1][operand_a][15]/Q (HIGH)

 There are 5 register/latch pins with no clock driven by root clock pin: i_ariane/i_cva6/issue_stage_i/i_issue_read_operands/fu_data_q_reg[1][operand_a][16]/Q (HIGH)

 There are 5 register/latch pins with no clock driven by root clock pin: i_ariane/i_cva6/issue_stage_i/i_issue_read_operands/fu_data_q_reg[1][operand_a][17]/Q (HIGH)

 There are 5 register/latch pins with no clock driven by root clock pin: i_ariane/i_cva6/issue_stage_i/i_issue_read_operands/fu_data_q_reg[1][operand_a][18]/Q (HIGH)

 There are 5 register/latch pins with no clock driven by root clock pin: i_ariane/i_cva6/issue_stage_i/i_issue_read_operands/fu_data_q_reg[1][operand_a][19]/Q (HIGH)

 There are 5 register/latch pins with no clock driven by root clock pin: i_ariane/i_cva6/issue_stage_i/i_issue_read_operands/fu_data_q_reg[1][operand_a][1]/Q (HIGH)

 There are 5 register/latch pins with no clock driven by root clock pin: i_ariane/i_cva6/issue_stage_i/i_issue_read_operands/fu_data_q_reg[1][operand_a][20]/Q (HIGH)

 There are 5 register/latch pins with no clock driven by root clock pin: i_ariane/i_cva6/issue_stage_i/i_issue_read_operands/fu_data_q_reg[1][operand_a][21]/Q (HIGH)

 There are 5 register/latch pins with no clock driven by root clock pin: i_ariane/i_cva6/issue_stage_i/i_issue_read_operands/fu_data_q_reg[1][operand_a][22]/Q (HIGH)

 There are 5 register/latch pins with no clock driven by root clock pin: i_ariane/i_cva6/issue_stage_i/i_issue_read_operands/fu_data_q_reg[1][operand_a][23]/Q (HIGH)

 There are 5 register/latch pins with no clock driven by root clock pin: i_ariane/i_cva6/issue_stage_i/i_issue_read_operands/fu_data_q_reg[1][operand_a][24]/Q (HIGH)

 There are 5 register/latch pins with no clock driven by root clock pin: i_ariane/i_cva6/issue_stage_i/i_issue_read_operands/fu_data_q_reg[1][operand_a][25]/Q (HIGH)

 There are 5 register/latch pins with no clock driven by root clock pin: i_ariane/i_cva6/issue_stage_i/i_issue_read_operands/fu_data_q_reg[1][operand_a][26]/Q (HIGH)

 There are 5 register/latch pins with no clock driven by root clock pin: i_ariane/i_cva6/issue_stage_i/i_issue_read_operands/fu_data_q_reg[1][operand_a][27]/Q (HIGH)

 There are 5 register/latch pins with no clock driven by root clock pin: i_ariane/i_cva6/issue_stage_i/i_issue_read_operands/fu_data_q_reg[1][operand_a][28]/Q (HIGH)

 There are 5 register/latch pins with no clock driven by root clock pin: i_ariane/i_cva6/issue_stage_i/i_issue_read_operands/fu_data_q_reg[1][operand_a][29]/Q (HIGH)

 There are 5 register/latch pins with no clock driven by root clock pin: i_ariane/i_cva6/issue_stage_i/i_issue_read_operands/fu_data_q_reg[1][operand_a][2]/Q (HIGH)

 There are 5 register/latch pins with no clock driven by root clock pin: i_ariane/i_cva6/issue_stage_i/i_issue_read_operands/fu_data_q_reg[1][operand_a][30]/Q (HIGH)

 There are 5 register/latch pins with no clock driven by root clock pin: i_ariane/i_cva6/issue_stage_i/i_issue_read_operands/fu_data_q_reg[1][operand_a][31]/Q (HIGH)

 There are 5 register/latch pins with no clock driven by root clock pin: i_ariane/i_cva6/issue_stage_i/i_issue_read_operands/fu_data_q_reg[1][operand_a][3]/Q (HIGH)

 There are 5 register/latch pins with no clock driven by root clock pin: i_ariane/i_cva6/issue_stage_i/i_issue_read_operands/fu_data_q_reg[1][operand_a][4]/Q (HIGH)

 There are 5 register/latch pins with no clock driven by root clock pin: i_ariane/i_cva6/issue_stage_i/i_issue_read_operands/fu_data_q_reg[1][operand_a][5]/Q (HIGH)

 There are 5 register/latch pins with no clock driven by root clock pin: i_ariane/i_cva6/issue_stage_i/i_issue_read_operands/fu_data_q_reg[1][operand_a][6]/Q (HIGH)

 There are 5 register/latch pins with no clock driven by root clock pin: i_ariane/i_cva6/issue_stage_i/i_issue_read_operands/fu_data_q_reg[1][operand_a][7]/Q (HIGH)

 There are 5 register/latch pins with no clock driven by root clock pin: i_ariane/i_cva6/issue_stage_i/i_issue_read_operands/fu_data_q_reg[1][operand_a][8]/Q (HIGH)

 There are 5 register/latch pins with no clock driven by root clock pin: i_ariane/i_cva6/issue_stage_i/i_issue_read_operands/fu_data_q_reg[1][operand_a][9]/Q (HIGH)

 There are 5 register/latch pins with no clock driven by root clock pin: i_ariane/i_cva6/issue_stage_i/i_issue_read_operands/fu_data_q_reg[1][operand_b][0]/Q (HIGH)

 There are 5 register/latch pins with no clock driven by root clock pin: i_ariane/i_cva6/issue_stage_i/i_issue_read_operands/fu_data_q_reg[1][operand_b][10]/Q (HIGH)

 There are 5 register/latch pins with no clock driven by root clock pin: i_ariane/i_cva6/issue_stage_i/i_issue_read_operands/fu_data_q_reg[1][operand_b][11]/Q (HIGH)

 There are 5 register/latch pins with no clock driven by root clock pin: i_ariane/i_cva6/issue_stage_i/i_issue_read_operands/fu_data_q_reg[1][operand_b][12]/Q (HIGH)

 There are 5 register/latch pins with no clock driven by root clock pin: i_ariane/i_cva6/issue_stage_i/i_issue_read_operands/fu_data_q_reg[1][operand_b][13]/Q (HIGH)

 There are 5 register/latch pins with no clock driven by root clock pin: i_ariane/i_cva6/issue_stage_i/i_issue_read_operands/fu_data_q_reg[1][operand_b][14]/Q (HIGH)

 There are 5 register/latch pins with no clock driven by root clock pin: i_ariane/i_cva6/issue_stage_i/i_issue_read_operands/fu_data_q_reg[1][operand_b][15]/Q (HIGH)

 There are 5 register/latch pins with no clock driven by root clock pin: i_ariane/i_cva6/issue_stage_i/i_issue_read_operands/fu_data_q_reg[1][operand_b][16]/Q (HIGH)

 There are 5 register/latch pins with no clock driven by root clock pin: i_ariane/i_cva6/issue_stage_i/i_issue_read_operands/fu_data_q_reg[1][operand_b][17]/Q (HIGH)

 There are 5 register/latch pins with no clock driven by root clock pin: i_ariane/i_cva6/issue_stage_i/i_issue_read_operands/fu_data_q_reg[1][operand_b][18]/Q (HIGH)

 There are 5 register/latch pins with no clock driven by root clock pin: i_ariane/i_cva6/issue_stage_i/i_issue_read_operands/fu_data_q_reg[1][operand_b][19]/Q (HIGH)

 There are 5 register/latch pins with no clock driven by root clock pin: i_ariane/i_cva6/issue_stage_i/i_issue_read_operands/fu_data_q_reg[1][operand_b][1]/Q (HIGH)

 There are 5 register/latch pins with no clock driven by root clock pin: i_ariane/i_cva6/issue_stage_i/i_issue_read_operands/fu_data_q_reg[1][operand_b][20]/Q (HIGH)

 There are 5 register/latch pins with no clock driven by root clock pin: i_ariane/i_cva6/issue_stage_i/i_issue_read_operands/fu_data_q_reg[1][operand_b][21]/Q (HIGH)

 There are 5 register/latch pins with no clock driven by root clock pin: i_ariane/i_cva6/issue_stage_i/i_issue_read_operands/fu_data_q_reg[1][operand_b][22]/Q (HIGH)

 There are 5 register/latch pins with no clock driven by root clock pin: i_ariane/i_cva6/issue_stage_i/i_issue_read_operands/fu_data_q_reg[1][operand_b][23]/Q (HIGH)

 There are 5 register/latch pins with no clock driven by root clock pin: i_ariane/i_cva6/issue_stage_i/i_issue_read_operands/fu_data_q_reg[1][operand_b][24]/Q (HIGH)

 There are 5 register/latch pins with no clock driven by root clock pin: i_ariane/i_cva6/issue_stage_i/i_issue_read_operands/fu_data_q_reg[1][operand_b][25]/Q (HIGH)

 There are 5 register/latch pins with no clock driven by root clock pin: i_ariane/i_cva6/issue_stage_i/i_issue_read_operands/fu_data_q_reg[1][operand_b][26]/Q (HIGH)

 There are 5 register/latch pins with no clock driven by root clock pin: i_ariane/i_cva6/issue_stage_i/i_issue_read_operands/fu_data_q_reg[1][operand_b][27]/Q (HIGH)

 There are 5 register/latch pins with no clock driven by root clock pin: i_ariane/i_cva6/issue_stage_i/i_issue_read_operands/fu_data_q_reg[1][operand_b][28]/Q (HIGH)

 There are 5 register/latch pins with no clock driven by root clock pin: i_ariane/i_cva6/issue_stage_i/i_issue_read_operands/fu_data_q_reg[1][operand_b][29]/Q (HIGH)

 There are 5 register/latch pins with no clock driven by root clock pin: i_ariane/i_cva6/issue_stage_i/i_issue_read_operands/fu_data_q_reg[1][operand_b][2]/Q (HIGH)

 There are 5 register/latch pins with no clock driven by root clock pin: i_ariane/i_cva6/issue_stage_i/i_issue_read_operands/fu_data_q_reg[1][operand_b][30]/Q (HIGH)

 There are 5 register/latch pins with no clock driven by root clock pin: i_ariane/i_cva6/issue_stage_i/i_issue_read_operands/fu_data_q_reg[1][operand_b][31]/Q (HIGH)

 There are 5 register/latch pins with no clock driven by root clock pin: i_ariane/i_cva6/issue_stage_i/i_issue_read_operands/fu_data_q_reg[1][operand_b][3]/Q (HIGH)

 There are 5 register/latch pins with no clock driven by root clock pin: i_ariane/i_cva6/issue_stage_i/i_issue_read_operands/fu_data_q_reg[1][operand_b][4]/Q (HIGH)

 There are 5 register/latch pins with no clock driven by root clock pin: i_ariane/i_cva6/issue_stage_i/i_issue_read_operands/fu_data_q_reg[1][operand_b][5]/Q (HIGH)

 There are 5 register/latch pins with no clock driven by root clock pin: i_ariane/i_cva6/issue_stage_i/i_issue_read_operands/fu_data_q_reg[1][operand_b][6]/Q (HIGH)

 There are 5 register/latch pins with no clock driven by root clock pin: i_ariane/i_cva6/issue_stage_i/i_issue_read_operands/fu_data_q_reg[1][operand_b][7]/Q (HIGH)

 There are 5 register/latch pins with no clock driven by root clock pin: i_ariane/i_cva6/issue_stage_i/i_issue_read_operands/fu_data_q_reg[1][operand_b][8]/Q (HIGH)

 There are 5 register/latch pins with no clock driven by root clock pin: i_ariane/i_cva6/issue_stage_i/i_issue_read_operands/fu_data_q_reg[1][operand_b][9]/Q (HIGH)

 There are 5 register/latch pins with no clock driven by root clock pin: i_ariane/i_cva6/issue_stage_i/i_issue_read_operands/fu_data_q_reg[1][operation][0]/Q (HIGH)

 There are 5 register/latch pins with no clock driven by root clock pin: i_ariane/i_cva6/issue_stage_i/i_issue_read_operands/fu_data_q_reg[1][operation][1]/Q (HIGH)

 There are 5 register/latch pins with no clock driven by root clock pin: i_ariane/i_cva6/issue_stage_i/i_issue_read_operands/fu_data_q_reg[1][operation][2]/Q (HIGH)

 There are 5 register/latch pins with no clock driven by root clock pin: i_ariane/i_cva6/issue_stage_i/i_issue_read_operands/fu_data_q_reg[1][operation][3]/Q (HIGH)

 There are 5 register/latch pins with no clock driven by root clock pin: i_ariane/i_cva6/issue_stage_i/i_issue_read_operands/fu_data_q_reg[1][operation][4]/Q (HIGH)

 There are 5 register/latch pins with no clock driven by root clock pin: i_ariane/i_cva6/issue_stage_i/i_issue_read_operands/fu_data_q_reg[1][operation][5]/Q (HIGH)

 There are 5 register/latch pins with no clock driven by root clock pin: i_ariane/i_cva6/issue_stage_i/i_issue_read_operands/fu_data_q_reg[1][operation][6]/Q (HIGH)

 There are 5 register/latch pins with no clock driven by root clock pin: i_ariane/i_cva6/issue_stage_i/i_issue_read_operands/fu_data_q_reg[1][operation][7]/Q (HIGH)

 There are 5 register/latch pins with no clock driven by root clock pin: i_ariane/i_cva6/issue_stage_i/i_issue_read_operands/fu_data_q_reg[1][trans_id][0]/Q (HIGH)

 There are 5 register/latch pins with no clock driven by root clock pin: i_ariane/i_cva6/issue_stage_i/i_issue_read_operands/fu_data_q_reg[1][trans_id][1]/Q (HIGH)

 There are 5 register/latch pins with no clock driven by root clock pin: i_ariane/i_cva6/issue_stage_i/i_issue_read_operands/fu_data_q_reg[1][trans_id][2]/Q (HIGH)

 There are 5 register/latch pins with no clock driven by root clock pin: i_ariane/i_cva6/issue_stage_i/i_issue_read_operands/fu_data_q_reg[1][trans_id][3]/Q (HIGH)

 There are 5 register/latch pins with no clock driven by root clock pin: i_ariane/i_cva6/issue_stage_i/i_issue_read_operands/pc_o_reg[0]/Q (HIGH)

 There are 5 register/latch pins with no clock driven by root clock pin: i_ariane/i_cva6/issue_stage_i/i_issue_read_operands/pc_o_reg[10]/Q (HIGH)

 There are 5 register/latch pins with no clock driven by root clock pin: i_ariane/i_cva6/issue_stage_i/i_issue_read_operands/pc_o_reg[11]/Q (HIGH)

 There are 5 register/latch pins with no clock driven by root clock pin: i_ariane/i_cva6/issue_stage_i/i_issue_read_operands/pc_o_reg[12]/Q (HIGH)

 There are 5 register/latch pins with no clock driven by root clock pin: i_ariane/i_cva6/issue_stage_i/i_issue_read_operands/pc_o_reg[13]/Q (HIGH)

 There are 5 register/latch pins with no clock driven by root clock pin: i_ariane/i_cva6/issue_stage_i/i_issue_read_operands/pc_o_reg[14]/Q (HIGH)

 There are 5 register/latch pins with no clock driven by root clock pin: i_ariane/i_cva6/issue_stage_i/i_issue_read_operands/pc_o_reg[15]/Q (HIGH)

 There are 5 register/latch pins with no clock driven by root clock pin: i_ariane/i_cva6/issue_stage_i/i_issue_read_operands/pc_o_reg[16]/Q (HIGH)

 There are 5 register/latch pins with no clock driven by root clock pin: i_ariane/i_cva6/issue_stage_i/i_issue_read_operands/pc_o_reg[17]/Q (HIGH)

 There are 5 register/latch pins with no clock driven by root clock pin: i_ariane/i_cva6/issue_stage_i/i_issue_read_operands/pc_o_reg[18]/Q (HIGH)

 There are 5 register/latch pins with no clock driven by root clock pin: i_ariane/i_cva6/issue_stage_i/i_issue_read_operands/pc_o_reg[19]/Q (HIGH)

 There are 5 register/latch pins with no clock driven by root clock pin: i_ariane/i_cva6/issue_stage_i/i_issue_read_operands/pc_o_reg[1]/Q (HIGH)

 There are 5 register/latch pins with no clock driven by root clock pin: i_ariane/i_cva6/issue_stage_i/i_issue_read_operands/pc_o_reg[20]/Q (HIGH)

 There are 5 register/latch pins with no clock driven by root clock pin: i_ariane/i_cva6/issue_stage_i/i_issue_read_operands/pc_o_reg[21]/Q (HIGH)

 There are 5 register/latch pins with no clock driven by root clock pin: i_ariane/i_cva6/issue_stage_i/i_issue_read_operands/pc_o_reg[22]/Q (HIGH)

 There are 5 register/latch pins with no clock driven by root clock pin: i_ariane/i_cva6/issue_stage_i/i_issue_read_operands/pc_o_reg[23]/Q (HIGH)

 There are 5 register/latch pins with no clock driven by root clock pin: i_ariane/i_cva6/issue_stage_i/i_issue_read_operands/pc_o_reg[24]/Q (HIGH)

 There are 5 register/latch pins with no clock driven by root clock pin: i_ariane/i_cva6/issue_stage_i/i_issue_read_operands/pc_o_reg[25]/Q (HIGH)

 There are 5 register/latch pins with no clock driven by root clock pin: i_ariane/i_cva6/issue_stage_i/i_issue_read_operands/pc_o_reg[26]/Q (HIGH)

 There are 5 register/latch pins with no clock driven by root clock pin: i_ariane/i_cva6/issue_stage_i/i_issue_read_operands/pc_o_reg[27]/Q (HIGH)

 There are 5 register/latch pins with no clock driven by root clock pin: i_ariane/i_cva6/issue_stage_i/i_issue_read_operands/pc_o_reg[28]/Q (HIGH)

 There are 5 register/latch pins with no clock driven by root clock pin: i_ariane/i_cva6/issue_stage_i/i_issue_read_operands/pc_o_reg[29]/Q (HIGH)

 There are 5 register/latch pins with no clock driven by root clock pin: i_ariane/i_cva6/issue_stage_i/i_issue_read_operands/pc_o_reg[2]/Q (HIGH)

 There are 5 register/latch pins with no clock driven by root clock pin: i_ariane/i_cva6/issue_stage_i/i_issue_read_operands/pc_o_reg[30]/Q (HIGH)

 There are 5 register/latch pins with no clock driven by root clock pin: i_ariane/i_cva6/issue_stage_i/i_issue_read_operands/pc_o_reg[31]/Q (HIGH)

 There are 5 register/latch pins with no clock driven by root clock pin: i_ariane/i_cva6/issue_stage_i/i_issue_read_operands/pc_o_reg[3]/Q (HIGH)

 There are 5 register/latch pins with no clock driven by root clock pin: i_ariane/i_cva6/issue_stage_i/i_issue_read_operands/pc_o_reg[4]/Q (HIGH)

 There are 5 register/latch pins with no clock driven by root clock pin: i_ariane/i_cva6/issue_stage_i/i_issue_read_operands/pc_o_reg[5]/Q (HIGH)

 There are 5 register/latch pins with no clock driven by root clock pin: i_ariane/i_cva6/issue_stage_i/i_issue_read_operands/pc_o_reg[6]/Q (HIGH)

 There are 5 register/latch pins with no clock driven by root clock pin: i_ariane/i_cva6/issue_stage_i/i_issue_read_operands/pc_o_reg[7]/Q (HIGH)

 There are 5 register/latch pins with no clock driven by root clock pin: i_ariane/i_cva6/issue_stage_i/i_issue_read_operands/pc_o_reg[8]/Q (HIGH)

 There are 5 register/latch pins with no clock driven by root clock pin: i_ariane/i_cva6/issue_stage_i/i_issue_read_operands/pc_o_reg[9]/Q (HIGH)

 There are 5 register/latch pins with no clock driven by root clock pin: i_ariane/i_cva6/issue_stage_i/i_scoreboard/FSM_sequential_state_q_reg/Q (HIGH)

 There are 5 register/latch pins with no clock driven by root clock pin: i_ariane/i_cva6/issue_stage_i/i_scoreboard/bmiss_trans_id_q_reg[0]/Q (HIGH)

 There are 5 register/latch pins with no clock driven by root clock pin: i_ariane/i_cva6/issue_stage_i/i_scoreboard/bmiss_trans_id_q_reg[1]/Q (HIGH)

 There are 5 register/latch pins with no clock driven by root clock pin: i_ariane/i_cva6/issue_stage_i/i_scoreboard/bmiss_trans_id_q_reg[2]/Q (HIGH)

 There are 5 register/latch pins with no clock driven by root clock pin: i_ariane/i_cva6/issue_stage_i/i_scoreboard/bmiss_trans_id_q_reg[3]/Q (HIGH)

 There are 5 register/latch pins with no clock driven by root clock pin: i_ariane/i_cva6/issue_stage_i/i_scoreboard/commit_pointer_q_reg[0][0]_rep/Q (HIGH)

 There are 5 register/latch pins with no clock driven by root clock pin: i_ariane/i_cva6/issue_stage_i/i_scoreboard/commit_pointer_q_reg[0][0]_rep__0/Q (HIGH)

 There are 5 register/latch pins with no clock driven by root clock pin: i_ariane/i_cva6/issue_stage_i/i_scoreboard/commit_pointer_q_reg[0][1]_rep__4/Q (HIGH)

 There are 5 register/latch pins with no clock driven by root clock pin: i_ariane/i_cva6/issue_stage_i/i_scoreboard/commit_pointer_q_reg[0][2]/Q (HIGH)

 There are 5 register/latch pins with no clock driven by root clock pin: i_ariane/i_cva6/issue_stage_i/i_scoreboard/commit_pointer_q_reg[0][3]_rep/Q (HIGH)

 There are 5 register/latch pins with no clock driven by root clock pin: i_ariane/i_cva6/issue_stage_i/i_scoreboard/mem_q_reg[0][cancelled]/Q (HIGH)

 There are 5 register/latch pins with no clock driven by root clock pin: i_ariane/i_cva6/issue_stage_i/i_scoreboard/mem_q_reg[0][sbe][ex][cause][0]/Q (HIGH)

 There are 5 register/latch pins with no clock driven by root clock pin: i_ariane/i_cva6/issue_stage_i/i_scoreboard/mem_q_reg[0][sbe][ex][cause][1]/Q (HIGH)

 There are 5 register/latch pins with no clock driven by root clock pin: i_ariane/i_cva6/issue_stage_i/i_scoreboard/mem_q_reg[0][sbe][ex][cause][2]/Q (HIGH)

 There are 5 register/latch pins with no clock driven by root clock pin: i_ariane/i_cva6/issue_stage_i/i_scoreboard/mem_q_reg[0][sbe][ex][cause][31]/Q (HIGH)

 There are 5 register/latch pins with no clock driven by root clock pin: i_ariane/i_cva6/issue_stage_i/i_scoreboard/mem_q_reg[0][sbe][ex][cause][3]/Q (HIGH)

 There are 5 register/latch pins with no clock driven by root clock pin: i_ariane/i_cva6/issue_stage_i/i_scoreboard/mem_q_reg[0][sbe][ex][cause][4]/Q (HIGH)

 There are 5 register/latch pins with no clock driven by root clock pin: i_ariane/i_cva6/issue_stage_i/i_scoreboard/mem_q_reg[0][sbe][ex][valid]/Q (HIGH)

 There are 5 register/latch pins with no clock driven by root clock pin: i_ariane/i_cva6/issue_stage_i/i_scoreboard/mem_q_reg[0][sbe][fu][0]/Q (HIGH)

 There are 5 register/latch pins with no clock driven by root clock pin: i_ariane/i_cva6/issue_stage_i/i_scoreboard/mem_q_reg[0][sbe][fu][1]/Q (HIGH)

 There are 5 register/latch pins with no clock driven by root clock pin: i_ariane/i_cva6/issue_stage_i/i_scoreboard/mem_q_reg[0][sbe][fu][2]/Q (HIGH)

 There are 5 register/latch pins with no clock driven by root clock pin: i_ariane/i_cva6/issue_stage_i/i_scoreboard/mem_q_reg[0][sbe][fu][3]/Q (HIGH)

 There are 5 register/latch pins with no clock driven by root clock pin: i_ariane/i_cva6/issue_stage_i/i_scoreboard/mem_q_reg[0][sbe][op][0]/Q (HIGH)

 There are 5 register/latch pins with no clock driven by root clock pin: i_ariane/i_cva6/issue_stage_i/i_scoreboard/mem_q_reg[0][sbe][op][1]/Q (HIGH)

 There are 5 register/latch pins with no clock driven by root clock pin: i_ariane/i_cva6/issue_stage_i/i_scoreboard/mem_q_reg[0][sbe][op][2]/Q (HIGH)

 There are 5 register/latch pins with no clock driven by root clock pin: i_ariane/i_cva6/issue_stage_i/i_scoreboard/mem_q_reg[0][sbe][op][3]/Q (HIGH)

 There are 5 register/latch pins with no clock driven by root clock pin: i_ariane/i_cva6/issue_stage_i/i_scoreboard/mem_q_reg[0][sbe][op][4]/Q (HIGH)

 There are 5 register/latch pins with no clock driven by root clock pin: i_ariane/i_cva6/issue_stage_i/i_scoreboard/mem_q_reg[0][sbe][op][5]/Q (HIGH)

 There are 5 register/latch pins with no clock driven by root clock pin: i_ariane/i_cva6/issue_stage_i/i_scoreboard/mem_q_reg[0][sbe][op][6]/Q (HIGH)

 There are 5 register/latch pins with no clock driven by root clock pin: i_ariane/i_cva6/issue_stage_i/i_scoreboard/mem_q_reg[0][sbe][op][7]/Q (HIGH)

 There are 5 register/latch pins with no clock driven by root clock pin: i_ariane/i_cva6/issue_stage_i/i_scoreboard/mem_q_reg[0][sbe][trans_id][1]/Q (HIGH)

 There are 5 register/latch pins with no clock driven by root clock pin: i_ariane/i_cva6/issue_stage_i/i_scoreboard/mem_q_reg[0][sbe][valid]/Q (HIGH)

 There are 5 register/latch pins with no clock driven by root clock pin: i_ariane/i_cva6/issue_stage_i/i_scoreboard/mem_q_reg[10][cancelled]/Q (HIGH)

 There are 5 register/latch pins with no clock driven by root clock pin: i_ariane/i_cva6/issue_stage_i/i_scoreboard/mem_q_reg[10][sbe][ex][cause][0]/Q (HIGH)

 There are 5 register/latch pins with no clock driven by root clock pin: i_ariane/i_cva6/issue_stage_i/i_scoreboard/mem_q_reg[10][sbe][ex][cause][1]/Q (HIGH)

 There are 5 register/latch pins with no clock driven by root clock pin: i_ariane/i_cva6/issue_stage_i/i_scoreboard/mem_q_reg[10][sbe][ex][cause][2]/Q (HIGH)

 There are 5 register/latch pins with no clock driven by root clock pin: i_ariane/i_cva6/issue_stage_i/i_scoreboard/mem_q_reg[10][sbe][ex][cause][31]/Q (HIGH)

 There are 5 register/latch pins with no clock driven by root clock pin: i_ariane/i_cva6/issue_stage_i/i_scoreboard/mem_q_reg[10][sbe][ex][cause][3]/Q (HIGH)

 There are 5 register/latch pins with no clock driven by root clock pin: i_ariane/i_cva6/issue_stage_i/i_scoreboard/mem_q_reg[10][sbe][ex][cause][4]/Q (HIGH)

 There are 5 register/latch pins with no clock driven by root clock pin: i_ariane/i_cva6/issue_stage_i/i_scoreboard/mem_q_reg[10][sbe][ex][valid]/Q (HIGH)

 There are 5 register/latch pins with no clock driven by root clock pin: i_ariane/i_cva6/issue_stage_i/i_scoreboard/mem_q_reg[10][sbe][fu][0]/Q (HIGH)

 There are 5 register/latch pins with no clock driven by root clock pin: i_ariane/i_cva6/issue_stage_i/i_scoreboard/mem_q_reg[10][sbe][fu][1]/Q (HIGH)

 There are 5 register/latch pins with no clock driven by root clock pin: i_ariane/i_cva6/issue_stage_i/i_scoreboard/mem_q_reg[10][sbe][fu][2]/Q (HIGH)

 There are 5 register/latch pins with no clock driven by root clock pin: i_ariane/i_cva6/issue_stage_i/i_scoreboard/mem_q_reg[10][sbe][fu][3]/Q (HIGH)

 There are 5 register/latch pins with no clock driven by root clock pin: i_ariane/i_cva6/issue_stage_i/i_scoreboard/mem_q_reg[10][sbe][op][0]/Q (HIGH)

 There are 5 register/latch pins with no clock driven by root clock pin: i_ariane/i_cva6/issue_stage_i/i_scoreboard/mem_q_reg[10][sbe][op][1]/Q (HIGH)

 There are 5 register/latch pins with no clock driven by root clock pin: i_ariane/i_cva6/issue_stage_i/i_scoreboard/mem_q_reg[10][sbe][op][2]/Q (HIGH)

 There are 5 register/latch pins with no clock driven by root clock pin: i_ariane/i_cva6/issue_stage_i/i_scoreboard/mem_q_reg[10][sbe][op][3]/Q (HIGH)

 There are 5 register/latch pins with no clock driven by root clock pin: i_ariane/i_cva6/issue_stage_i/i_scoreboard/mem_q_reg[10][sbe][op][4]/Q (HIGH)

 There are 5 register/latch pins with no clock driven by root clock pin: i_ariane/i_cva6/issue_stage_i/i_scoreboard/mem_q_reg[10][sbe][op][5]/Q (HIGH)

 There are 5 register/latch pins with no clock driven by root clock pin: i_ariane/i_cva6/issue_stage_i/i_scoreboard/mem_q_reg[10][sbe][op][6]/Q (HIGH)

 There are 5 register/latch pins with no clock driven by root clock pin: i_ariane/i_cva6/issue_stage_i/i_scoreboard/mem_q_reg[10][sbe][op][7]/Q (HIGH)

 There are 5 register/latch pins with no clock driven by root clock pin: i_ariane/i_cva6/issue_stage_i/i_scoreboard/mem_q_reg[10][sbe][trans_id][1]/Q (HIGH)

 There are 5 register/latch pins with no clock driven by root clock pin: i_ariane/i_cva6/issue_stage_i/i_scoreboard/mem_q_reg[10][sbe][valid]/Q (HIGH)

 There are 5 register/latch pins with no clock driven by root clock pin: i_ariane/i_cva6/issue_stage_i/i_scoreboard/mem_q_reg[11][cancelled]/Q (HIGH)

 There are 5 register/latch pins with no clock driven by root clock pin: i_ariane/i_cva6/issue_stage_i/i_scoreboard/mem_q_reg[11][sbe][ex][cause][0]/Q (HIGH)

 There are 5 register/latch pins with no clock driven by root clock pin: i_ariane/i_cva6/issue_stage_i/i_scoreboard/mem_q_reg[11][sbe][ex][cause][1]/Q (HIGH)

 There are 5 register/latch pins with no clock driven by root clock pin: i_ariane/i_cva6/issue_stage_i/i_scoreboard/mem_q_reg[11][sbe][ex][cause][2]/Q (HIGH)

 There are 5 register/latch pins with no clock driven by root clock pin: i_ariane/i_cva6/issue_stage_i/i_scoreboard/mem_q_reg[11][sbe][ex][cause][31]/Q (HIGH)

 There are 5 register/latch pins with no clock driven by root clock pin: i_ariane/i_cva6/issue_stage_i/i_scoreboard/mem_q_reg[11][sbe][ex][cause][3]/Q (HIGH)

 There are 5 register/latch pins with no clock driven by root clock pin: i_ariane/i_cva6/issue_stage_i/i_scoreboard/mem_q_reg[11][sbe][ex][cause][4]/Q (HIGH)

 There are 5 register/latch pins with no clock driven by root clock pin: i_ariane/i_cva6/issue_stage_i/i_scoreboard/mem_q_reg[11][sbe][ex][valid]/Q (HIGH)

 There are 5 register/latch pins with no clock driven by root clock pin: i_ariane/i_cva6/issue_stage_i/i_scoreboard/mem_q_reg[11][sbe][fu][0]/Q (HIGH)

 There are 5 register/latch pins with no clock driven by root clock pin: i_ariane/i_cva6/issue_stage_i/i_scoreboard/mem_q_reg[11][sbe][fu][1]/Q (HIGH)

 There are 5 register/latch pins with no clock driven by root clock pin: i_ariane/i_cva6/issue_stage_i/i_scoreboard/mem_q_reg[11][sbe][fu][2]/Q (HIGH)

 There are 5 register/latch pins with no clock driven by root clock pin: i_ariane/i_cva6/issue_stage_i/i_scoreboard/mem_q_reg[11][sbe][fu][3]/Q (HIGH)

 There are 5 register/latch pins with no clock driven by root clock pin: i_ariane/i_cva6/issue_stage_i/i_scoreboard/mem_q_reg[11][sbe][op][0]/Q (HIGH)

 There are 5 register/latch pins with no clock driven by root clock pin: i_ariane/i_cva6/issue_stage_i/i_scoreboard/mem_q_reg[11][sbe][op][1]/Q (HIGH)

 There are 5 register/latch pins with no clock driven by root clock pin: i_ariane/i_cva6/issue_stage_i/i_scoreboard/mem_q_reg[11][sbe][op][2]/Q (HIGH)

 There are 5 register/latch pins with no clock driven by root clock pin: i_ariane/i_cva6/issue_stage_i/i_scoreboard/mem_q_reg[11][sbe][op][3]/Q (HIGH)

 There are 5 register/latch pins with no clock driven by root clock pin: i_ariane/i_cva6/issue_stage_i/i_scoreboard/mem_q_reg[11][sbe][op][4]/Q (HIGH)

 There are 5 register/latch pins with no clock driven by root clock pin: i_ariane/i_cva6/issue_stage_i/i_scoreboard/mem_q_reg[11][sbe][op][5]/Q (HIGH)

 There are 5 register/latch pins with no clock driven by root clock pin: i_ariane/i_cva6/issue_stage_i/i_scoreboard/mem_q_reg[11][sbe][op][6]/Q (HIGH)

 There are 5 register/latch pins with no clock driven by root clock pin: i_ariane/i_cva6/issue_stage_i/i_scoreboard/mem_q_reg[11][sbe][op][7]/Q (HIGH)

 There are 5 register/latch pins with no clock driven by root clock pin: i_ariane/i_cva6/issue_stage_i/i_scoreboard/mem_q_reg[11][sbe][trans_id][1]/Q (HIGH)

 There are 5 register/latch pins with no clock driven by root clock pin: i_ariane/i_cva6/issue_stage_i/i_scoreboard/mem_q_reg[11][sbe][valid]/Q (HIGH)

 There are 5 register/latch pins with no clock driven by root clock pin: i_ariane/i_cva6/issue_stage_i/i_scoreboard/mem_q_reg[12][cancelled]/Q (HIGH)

 There are 5 register/latch pins with no clock driven by root clock pin: i_ariane/i_cva6/issue_stage_i/i_scoreboard/mem_q_reg[12][sbe][ex][cause][0]/Q (HIGH)

 There are 5 register/latch pins with no clock driven by root clock pin: i_ariane/i_cva6/issue_stage_i/i_scoreboard/mem_q_reg[12][sbe][ex][cause][1]/Q (HIGH)

 There are 5 register/latch pins with no clock driven by root clock pin: i_ariane/i_cva6/issue_stage_i/i_scoreboard/mem_q_reg[12][sbe][ex][cause][2]/Q (HIGH)

 There are 5 register/latch pins with no clock driven by root clock pin: i_ariane/i_cva6/issue_stage_i/i_scoreboard/mem_q_reg[12][sbe][ex][cause][31]/Q (HIGH)

 There are 5 register/latch pins with no clock driven by root clock pin: i_ariane/i_cva6/issue_stage_i/i_scoreboard/mem_q_reg[12][sbe][ex][cause][3]/Q (HIGH)

 There are 5 register/latch pins with no clock driven by root clock pin: i_ariane/i_cva6/issue_stage_i/i_scoreboard/mem_q_reg[12][sbe][ex][cause][4]/Q (HIGH)

 There are 5 register/latch pins with no clock driven by root clock pin: i_ariane/i_cva6/issue_stage_i/i_scoreboard/mem_q_reg[12][sbe][ex][valid]/Q (HIGH)

 There are 5 register/latch pins with no clock driven by root clock pin: i_ariane/i_cva6/issue_stage_i/i_scoreboard/mem_q_reg[12][sbe][fu][0]/Q (HIGH)

 There are 5 register/latch pins with no clock driven by root clock pin: i_ariane/i_cva6/issue_stage_i/i_scoreboard/mem_q_reg[12][sbe][fu][1]/Q (HIGH)

 There are 5 register/latch pins with no clock driven by root clock pin: i_ariane/i_cva6/issue_stage_i/i_scoreboard/mem_q_reg[12][sbe][fu][2]/Q (HIGH)

 There are 5 register/latch pins with no clock driven by root clock pin: i_ariane/i_cva6/issue_stage_i/i_scoreboard/mem_q_reg[12][sbe][fu][3]/Q (HIGH)

 There are 5 register/latch pins with no clock driven by root clock pin: i_ariane/i_cva6/issue_stage_i/i_scoreboard/mem_q_reg[12][sbe][op][0]/Q (HIGH)

 There are 5 register/latch pins with no clock driven by root clock pin: i_ariane/i_cva6/issue_stage_i/i_scoreboard/mem_q_reg[12][sbe][op][1]/Q (HIGH)

 There are 5 register/latch pins with no clock driven by root clock pin: i_ariane/i_cva6/issue_stage_i/i_scoreboard/mem_q_reg[12][sbe][op][2]/Q (HIGH)

 There are 5 register/latch pins with no clock driven by root clock pin: i_ariane/i_cva6/issue_stage_i/i_scoreboard/mem_q_reg[12][sbe][op][3]/Q (HIGH)

 There are 5 register/latch pins with no clock driven by root clock pin: i_ariane/i_cva6/issue_stage_i/i_scoreboard/mem_q_reg[12][sbe][op][4]/Q (HIGH)

 There are 5 register/latch pins with no clock driven by root clock pin: i_ariane/i_cva6/issue_stage_i/i_scoreboard/mem_q_reg[12][sbe][op][5]/Q (HIGH)

 There are 5 register/latch pins with no clock driven by root clock pin: i_ariane/i_cva6/issue_stage_i/i_scoreboard/mem_q_reg[12][sbe][op][6]/Q (HIGH)

 There are 5 register/latch pins with no clock driven by root clock pin: i_ariane/i_cva6/issue_stage_i/i_scoreboard/mem_q_reg[12][sbe][op][7]/Q (HIGH)

 There are 5 register/latch pins with no clock driven by root clock pin: i_ariane/i_cva6/issue_stage_i/i_scoreboard/mem_q_reg[12][sbe][trans_id][1]/Q (HIGH)

 There are 5 register/latch pins with no clock driven by root clock pin: i_ariane/i_cva6/issue_stage_i/i_scoreboard/mem_q_reg[12][sbe][valid]/Q (HIGH)

 There are 5 register/latch pins with no clock driven by root clock pin: i_ariane/i_cva6/issue_stage_i/i_scoreboard/mem_q_reg[13][cancelled]/Q (HIGH)

 There are 5 register/latch pins with no clock driven by root clock pin: i_ariane/i_cva6/issue_stage_i/i_scoreboard/mem_q_reg[13][sbe][ex][cause][0]/Q (HIGH)

 There are 5 register/latch pins with no clock driven by root clock pin: i_ariane/i_cva6/issue_stage_i/i_scoreboard/mem_q_reg[13][sbe][ex][cause][1]/Q (HIGH)

 There are 5 register/latch pins with no clock driven by root clock pin: i_ariane/i_cva6/issue_stage_i/i_scoreboard/mem_q_reg[13][sbe][ex][cause][2]/Q (HIGH)

 There are 5 register/latch pins with no clock driven by root clock pin: i_ariane/i_cva6/issue_stage_i/i_scoreboard/mem_q_reg[13][sbe][ex][cause][31]/Q (HIGH)

 There are 5 register/latch pins with no clock driven by root clock pin: i_ariane/i_cva6/issue_stage_i/i_scoreboard/mem_q_reg[13][sbe][ex][cause][3]/Q (HIGH)

 There are 5 register/latch pins with no clock driven by root clock pin: i_ariane/i_cva6/issue_stage_i/i_scoreboard/mem_q_reg[13][sbe][ex][cause][4]/Q (HIGH)

 There are 5 register/latch pins with no clock driven by root clock pin: i_ariane/i_cva6/issue_stage_i/i_scoreboard/mem_q_reg[13][sbe][ex][valid]/Q (HIGH)

 There are 5 register/latch pins with no clock driven by root clock pin: i_ariane/i_cva6/issue_stage_i/i_scoreboard/mem_q_reg[13][sbe][fu][0]/Q (HIGH)

 There are 5 register/latch pins with no clock driven by root clock pin: i_ariane/i_cva6/issue_stage_i/i_scoreboard/mem_q_reg[13][sbe][fu][1]/Q (HIGH)

 There are 5 register/latch pins with no clock driven by root clock pin: i_ariane/i_cva6/issue_stage_i/i_scoreboard/mem_q_reg[13][sbe][fu][2]/Q (HIGH)

 There are 5 register/latch pins with no clock driven by root clock pin: i_ariane/i_cva6/issue_stage_i/i_scoreboard/mem_q_reg[13][sbe][fu][3]/Q (HIGH)

 There are 5 register/latch pins with no clock driven by root clock pin: i_ariane/i_cva6/issue_stage_i/i_scoreboard/mem_q_reg[13][sbe][op][0]/Q (HIGH)

 There are 5 register/latch pins with no clock driven by root clock pin: i_ariane/i_cva6/issue_stage_i/i_scoreboard/mem_q_reg[13][sbe][op][1]/Q (HIGH)

 There are 5 register/latch pins with no clock driven by root clock pin: i_ariane/i_cva6/issue_stage_i/i_scoreboard/mem_q_reg[13][sbe][op][2]/Q (HIGH)

 There are 5 register/latch pins with no clock driven by root clock pin: i_ariane/i_cva6/issue_stage_i/i_scoreboard/mem_q_reg[13][sbe][op][3]/Q (HIGH)

 There are 5 register/latch pins with no clock driven by root clock pin: i_ariane/i_cva6/issue_stage_i/i_scoreboard/mem_q_reg[13][sbe][op][4]/Q (HIGH)

 There are 5 register/latch pins with no clock driven by root clock pin: i_ariane/i_cva6/issue_stage_i/i_scoreboard/mem_q_reg[13][sbe][op][5]/Q (HIGH)

 There are 5 register/latch pins with no clock driven by root clock pin: i_ariane/i_cva6/issue_stage_i/i_scoreboard/mem_q_reg[13][sbe][op][6]/Q (HIGH)

 There are 5 register/latch pins with no clock driven by root clock pin: i_ariane/i_cva6/issue_stage_i/i_scoreboard/mem_q_reg[13][sbe][op][7]/Q (HIGH)

 There are 5 register/latch pins with no clock driven by root clock pin: i_ariane/i_cva6/issue_stage_i/i_scoreboard/mem_q_reg[13][sbe][trans_id][1]/Q (HIGH)

 There are 5 register/latch pins with no clock driven by root clock pin: i_ariane/i_cva6/issue_stage_i/i_scoreboard/mem_q_reg[13][sbe][valid]/Q (HIGH)

 There are 5 register/latch pins with no clock driven by root clock pin: i_ariane/i_cva6/issue_stage_i/i_scoreboard/mem_q_reg[14][cancelled]/Q (HIGH)

 There are 5 register/latch pins with no clock driven by root clock pin: i_ariane/i_cva6/issue_stage_i/i_scoreboard/mem_q_reg[14][sbe][ex][cause][0]/Q (HIGH)

 There are 5 register/latch pins with no clock driven by root clock pin: i_ariane/i_cva6/issue_stage_i/i_scoreboard/mem_q_reg[14][sbe][ex][cause][1]/Q (HIGH)

 There are 5 register/latch pins with no clock driven by root clock pin: i_ariane/i_cva6/issue_stage_i/i_scoreboard/mem_q_reg[14][sbe][ex][cause][2]/Q (HIGH)

 There are 5 register/latch pins with no clock driven by root clock pin: i_ariane/i_cva6/issue_stage_i/i_scoreboard/mem_q_reg[14][sbe][ex][cause][31]/Q (HIGH)

 There are 5 register/latch pins with no clock driven by root clock pin: i_ariane/i_cva6/issue_stage_i/i_scoreboard/mem_q_reg[14][sbe][ex][cause][3]/Q (HIGH)

 There are 5 register/latch pins with no clock driven by root clock pin: i_ariane/i_cva6/issue_stage_i/i_scoreboard/mem_q_reg[14][sbe][ex][cause][4]/Q (HIGH)

 There are 5 register/latch pins with no clock driven by root clock pin: i_ariane/i_cva6/issue_stage_i/i_scoreboard/mem_q_reg[14][sbe][ex][valid]/Q (HIGH)

 There are 5 register/latch pins with no clock driven by root clock pin: i_ariane/i_cva6/issue_stage_i/i_scoreboard/mem_q_reg[14][sbe][fu][0]/Q (HIGH)

 There are 5 register/latch pins with no clock driven by root clock pin: i_ariane/i_cva6/issue_stage_i/i_scoreboard/mem_q_reg[14][sbe][fu][1]/Q (HIGH)

 There are 5 register/latch pins with no clock driven by root clock pin: i_ariane/i_cva6/issue_stage_i/i_scoreboard/mem_q_reg[14][sbe][fu][2]/Q (HIGH)

 There are 5 register/latch pins with no clock driven by root clock pin: i_ariane/i_cva6/issue_stage_i/i_scoreboard/mem_q_reg[14][sbe][fu][3]/Q (HIGH)

 There are 5 register/latch pins with no clock driven by root clock pin: i_ariane/i_cva6/issue_stage_i/i_scoreboard/mem_q_reg[14][sbe][op][0]/Q (HIGH)

 There are 5 register/latch pins with no clock driven by root clock pin: i_ariane/i_cva6/issue_stage_i/i_scoreboard/mem_q_reg[14][sbe][op][1]/Q (HIGH)

 There are 5 register/latch pins with no clock driven by root clock pin: i_ariane/i_cva6/issue_stage_i/i_scoreboard/mem_q_reg[14][sbe][op][2]/Q (HIGH)

 There are 5 register/latch pins with no clock driven by root clock pin: i_ariane/i_cva6/issue_stage_i/i_scoreboard/mem_q_reg[14][sbe][op][3]/Q (HIGH)

 There are 5 register/latch pins with no clock driven by root clock pin: i_ariane/i_cva6/issue_stage_i/i_scoreboard/mem_q_reg[14][sbe][op][4]/Q (HIGH)

 There are 5 register/latch pins with no clock driven by root clock pin: i_ariane/i_cva6/issue_stage_i/i_scoreboard/mem_q_reg[14][sbe][op][5]/Q (HIGH)

 There are 5 register/latch pins with no clock driven by root clock pin: i_ariane/i_cva6/issue_stage_i/i_scoreboard/mem_q_reg[14][sbe][op][6]/Q (HIGH)

 There are 5 register/latch pins with no clock driven by root clock pin: i_ariane/i_cva6/issue_stage_i/i_scoreboard/mem_q_reg[14][sbe][op][7]/Q (HIGH)

 There are 5 register/latch pins with no clock driven by root clock pin: i_ariane/i_cva6/issue_stage_i/i_scoreboard/mem_q_reg[14][sbe][trans_id][1]/Q (HIGH)

 There are 5 register/latch pins with no clock driven by root clock pin: i_ariane/i_cva6/issue_stage_i/i_scoreboard/mem_q_reg[14][sbe][valid]/Q (HIGH)

 There are 5 register/latch pins with no clock driven by root clock pin: i_ariane/i_cva6/issue_stage_i/i_scoreboard/mem_q_reg[15][cancelled]/Q (HIGH)

 There are 5 register/latch pins with no clock driven by root clock pin: i_ariane/i_cva6/issue_stage_i/i_scoreboard/mem_q_reg[15][sbe][ex][cause][0]/Q (HIGH)

 There are 5 register/latch pins with no clock driven by root clock pin: i_ariane/i_cva6/issue_stage_i/i_scoreboard/mem_q_reg[15][sbe][ex][cause][1]/Q (HIGH)

 There are 5 register/latch pins with no clock driven by root clock pin: i_ariane/i_cva6/issue_stage_i/i_scoreboard/mem_q_reg[15][sbe][ex][cause][2]/Q (HIGH)

 There are 5 register/latch pins with no clock driven by root clock pin: i_ariane/i_cva6/issue_stage_i/i_scoreboard/mem_q_reg[15][sbe][ex][cause][30]/Q (HIGH)

 There are 5 register/latch pins with no clock driven by root clock pin: i_ariane/i_cva6/issue_stage_i/i_scoreboard/mem_q_reg[15][sbe][ex][cause][31]/Q (HIGH)

 There are 5 register/latch pins with no clock driven by root clock pin: i_ariane/i_cva6/issue_stage_i/i_scoreboard/mem_q_reg[15][sbe][ex][cause][3]/Q (HIGH)

 There are 5 register/latch pins with no clock driven by root clock pin: i_ariane/i_cva6/issue_stage_i/i_scoreboard/mem_q_reg[15][sbe][ex][cause][4]/Q (HIGH)

 There are 5 register/latch pins with no clock driven by root clock pin: i_ariane/i_cva6/issue_stage_i/i_scoreboard/mem_q_reg[15][sbe][ex][valid]/Q (HIGH)

 There are 5 register/latch pins with no clock driven by root clock pin: i_ariane/i_cva6/issue_stage_i/i_scoreboard/mem_q_reg[15][sbe][fu][0]/Q (HIGH)

 There are 5 register/latch pins with no clock driven by root clock pin: i_ariane/i_cva6/issue_stage_i/i_scoreboard/mem_q_reg[15][sbe][fu][1]/Q (HIGH)

 There are 5 register/latch pins with no clock driven by root clock pin: i_ariane/i_cva6/issue_stage_i/i_scoreboard/mem_q_reg[15][sbe][fu][2]/Q (HIGH)

 There are 5 register/latch pins with no clock driven by root clock pin: i_ariane/i_cva6/issue_stage_i/i_scoreboard/mem_q_reg[15][sbe][fu][3]/Q (HIGH)

 There are 5 register/latch pins with no clock driven by root clock pin: i_ariane/i_cva6/issue_stage_i/i_scoreboard/mem_q_reg[15][sbe][op][0]/Q (HIGH)

 There are 5 register/latch pins with no clock driven by root clock pin: i_ariane/i_cva6/issue_stage_i/i_scoreboard/mem_q_reg[15][sbe][op][1]/Q (HIGH)

 There are 5 register/latch pins with no clock driven by root clock pin: i_ariane/i_cva6/issue_stage_i/i_scoreboard/mem_q_reg[15][sbe][op][2]/Q (HIGH)

 There are 5 register/latch pins with no clock driven by root clock pin: i_ariane/i_cva6/issue_stage_i/i_scoreboard/mem_q_reg[15][sbe][op][3]/Q (HIGH)

 There are 5 register/latch pins with no clock driven by root clock pin: i_ariane/i_cva6/issue_stage_i/i_scoreboard/mem_q_reg[15][sbe][op][4]/Q (HIGH)

 There are 5 register/latch pins with no clock driven by root clock pin: i_ariane/i_cva6/issue_stage_i/i_scoreboard/mem_q_reg[15][sbe][op][5]/Q (HIGH)

 There are 5 register/latch pins with no clock driven by root clock pin: i_ariane/i_cva6/issue_stage_i/i_scoreboard/mem_q_reg[15][sbe][op][6]/Q (HIGH)

 There are 5 register/latch pins with no clock driven by root clock pin: i_ariane/i_cva6/issue_stage_i/i_scoreboard/mem_q_reg[15][sbe][op][7]/Q (HIGH)

 There are 5 register/latch pins with no clock driven by root clock pin: i_ariane/i_cva6/issue_stage_i/i_scoreboard/mem_q_reg[15][sbe][trans_id][1]/Q (HIGH)

 There are 5 register/latch pins with no clock driven by root clock pin: i_ariane/i_cva6/issue_stage_i/i_scoreboard/mem_q_reg[15][sbe][valid]/Q (HIGH)

 There are 5 register/latch pins with no clock driven by root clock pin: i_ariane/i_cva6/issue_stage_i/i_scoreboard/mem_q_reg[1][cancelled]/Q (HIGH)

 There are 5 register/latch pins with no clock driven by root clock pin: i_ariane/i_cva6/issue_stage_i/i_scoreboard/mem_q_reg[1][sbe][ex][cause][0]/Q (HIGH)

 There are 5 register/latch pins with no clock driven by root clock pin: i_ariane/i_cva6/issue_stage_i/i_scoreboard/mem_q_reg[1][sbe][ex][cause][12]/Q (HIGH)

 There are 5 register/latch pins with no clock driven by root clock pin: i_ariane/i_cva6/issue_stage_i/i_scoreboard/mem_q_reg[1][sbe][ex][cause][1]/Q (HIGH)

 There are 5 register/latch pins with no clock driven by root clock pin: i_ariane/i_cva6/issue_stage_i/i_scoreboard/mem_q_reg[1][sbe][ex][cause][2]/Q (HIGH)

 There are 5 register/latch pins with no clock driven by root clock pin: i_ariane/i_cva6/issue_stage_i/i_scoreboard/mem_q_reg[1][sbe][ex][cause][31]/Q (HIGH)

 There are 5 register/latch pins with no clock driven by root clock pin: i_ariane/i_cva6/issue_stage_i/i_scoreboard/mem_q_reg[1][sbe][ex][cause][3]/Q (HIGH)

 There are 5 register/latch pins with no clock driven by root clock pin: i_ariane/i_cva6/issue_stage_i/i_scoreboard/mem_q_reg[1][sbe][ex][cause][4]/Q (HIGH)

 There are 5 register/latch pins with no clock driven by root clock pin: i_ariane/i_cva6/issue_stage_i/i_scoreboard/mem_q_reg[1][sbe][ex][valid]/Q (HIGH)

 There are 5 register/latch pins with no clock driven by root clock pin: i_ariane/i_cva6/issue_stage_i/i_scoreboard/mem_q_reg[1][sbe][fu][0]/Q (HIGH)

 There are 5 register/latch pins with no clock driven by root clock pin: i_ariane/i_cva6/issue_stage_i/i_scoreboard/mem_q_reg[1][sbe][fu][1]/Q (HIGH)

 There are 5 register/latch pins with no clock driven by root clock pin: i_ariane/i_cva6/issue_stage_i/i_scoreboard/mem_q_reg[1][sbe][fu][2]/Q (HIGH)

 There are 5 register/latch pins with no clock driven by root clock pin: i_ariane/i_cva6/issue_stage_i/i_scoreboard/mem_q_reg[1][sbe][fu][3]/Q (HIGH)

 There are 5 register/latch pins with no clock driven by root clock pin: i_ariane/i_cva6/issue_stage_i/i_scoreboard/mem_q_reg[1][sbe][op][0]/Q (HIGH)

 There are 5 register/latch pins with no clock driven by root clock pin: i_ariane/i_cva6/issue_stage_i/i_scoreboard/mem_q_reg[1][sbe][op][1]/Q (HIGH)

 There are 5 register/latch pins with no clock driven by root clock pin: i_ariane/i_cva6/issue_stage_i/i_scoreboard/mem_q_reg[1][sbe][op][2]/Q (HIGH)

 There are 5 register/latch pins with no clock driven by root clock pin: i_ariane/i_cva6/issue_stage_i/i_scoreboard/mem_q_reg[1][sbe][op][3]/Q (HIGH)

 There are 5 register/latch pins with no clock driven by root clock pin: i_ariane/i_cva6/issue_stage_i/i_scoreboard/mem_q_reg[1][sbe][op][4]/Q (HIGH)

 There are 5 register/latch pins with no clock driven by root clock pin: i_ariane/i_cva6/issue_stage_i/i_scoreboard/mem_q_reg[1][sbe][op][5]/Q (HIGH)

 There are 5 register/latch pins with no clock driven by root clock pin: i_ariane/i_cva6/issue_stage_i/i_scoreboard/mem_q_reg[1][sbe][op][6]/Q (HIGH)

 There are 5 register/latch pins with no clock driven by root clock pin: i_ariane/i_cva6/issue_stage_i/i_scoreboard/mem_q_reg[1][sbe][op][7]/Q (HIGH)

 There are 5 register/latch pins with no clock driven by root clock pin: i_ariane/i_cva6/issue_stage_i/i_scoreboard/mem_q_reg[1][sbe][trans_id][1]/Q (HIGH)

 There are 5 register/latch pins with no clock driven by root clock pin: i_ariane/i_cva6/issue_stage_i/i_scoreboard/mem_q_reg[1][sbe][valid]/Q (HIGH)

 There are 5 register/latch pins with no clock driven by root clock pin: i_ariane/i_cva6/issue_stage_i/i_scoreboard/mem_q_reg[2][cancelled]/Q (HIGH)

 There are 5 register/latch pins with no clock driven by root clock pin: i_ariane/i_cva6/issue_stage_i/i_scoreboard/mem_q_reg[2][sbe][ex][cause][0]/Q (HIGH)

 There are 5 register/latch pins with no clock driven by root clock pin: i_ariane/i_cva6/issue_stage_i/i_scoreboard/mem_q_reg[2][sbe][ex][cause][1]/Q (HIGH)

 There are 5 register/latch pins with no clock driven by root clock pin: i_ariane/i_cva6/issue_stage_i/i_scoreboard/mem_q_reg[2][sbe][ex][cause][2]/Q (HIGH)

 There are 5 register/latch pins with no clock driven by root clock pin: i_ariane/i_cva6/issue_stage_i/i_scoreboard/mem_q_reg[2][sbe][ex][cause][31]/Q (HIGH)

 There are 5 register/latch pins with no clock driven by root clock pin: i_ariane/i_cva6/issue_stage_i/i_scoreboard/mem_q_reg[2][sbe][ex][cause][3]/Q (HIGH)

 There are 5 register/latch pins with no clock driven by root clock pin: i_ariane/i_cva6/issue_stage_i/i_scoreboard/mem_q_reg[2][sbe][ex][cause][4]/Q (HIGH)

 There are 5 register/latch pins with no clock driven by root clock pin: i_ariane/i_cva6/issue_stage_i/i_scoreboard/mem_q_reg[2][sbe][ex][valid]/Q (HIGH)

 There are 5 register/latch pins with no clock driven by root clock pin: i_ariane/i_cva6/issue_stage_i/i_scoreboard/mem_q_reg[2][sbe][fu][0]/Q (HIGH)

 There are 5 register/latch pins with no clock driven by root clock pin: i_ariane/i_cva6/issue_stage_i/i_scoreboard/mem_q_reg[2][sbe][fu][1]/Q (HIGH)

 There are 5 register/latch pins with no clock driven by root clock pin: i_ariane/i_cva6/issue_stage_i/i_scoreboard/mem_q_reg[2][sbe][fu][2]/Q (HIGH)

 There are 5 register/latch pins with no clock driven by root clock pin: i_ariane/i_cva6/issue_stage_i/i_scoreboard/mem_q_reg[2][sbe][fu][3]/Q (HIGH)

 There are 5 register/latch pins with no clock driven by root clock pin: i_ariane/i_cva6/issue_stage_i/i_scoreboard/mem_q_reg[2][sbe][op][0]/Q (HIGH)

 There are 5 register/latch pins with no clock driven by root clock pin: i_ariane/i_cva6/issue_stage_i/i_scoreboard/mem_q_reg[2][sbe][op][1]/Q (HIGH)

 There are 5 register/latch pins with no clock driven by root clock pin: i_ariane/i_cva6/issue_stage_i/i_scoreboard/mem_q_reg[2][sbe][op][2]/Q (HIGH)

 There are 5 register/latch pins with no clock driven by root clock pin: i_ariane/i_cva6/issue_stage_i/i_scoreboard/mem_q_reg[2][sbe][op][3]/Q (HIGH)

 There are 5 register/latch pins with no clock driven by root clock pin: i_ariane/i_cva6/issue_stage_i/i_scoreboard/mem_q_reg[2][sbe][op][4]/Q (HIGH)

 There are 5 register/latch pins with no clock driven by root clock pin: i_ariane/i_cva6/issue_stage_i/i_scoreboard/mem_q_reg[2][sbe][op][5]/Q (HIGH)

 There are 5 register/latch pins with no clock driven by root clock pin: i_ariane/i_cva6/issue_stage_i/i_scoreboard/mem_q_reg[2][sbe][op][6]/Q (HIGH)

 There are 5 register/latch pins with no clock driven by root clock pin: i_ariane/i_cva6/issue_stage_i/i_scoreboard/mem_q_reg[2][sbe][op][7]/Q (HIGH)

 There are 5 register/latch pins with no clock driven by root clock pin: i_ariane/i_cva6/issue_stage_i/i_scoreboard/mem_q_reg[2][sbe][trans_id][1]/Q (HIGH)

 There are 5 register/latch pins with no clock driven by root clock pin: i_ariane/i_cva6/issue_stage_i/i_scoreboard/mem_q_reg[2][sbe][valid]/Q (HIGH)

 There are 5 register/latch pins with no clock driven by root clock pin: i_ariane/i_cva6/issue_stage_i/i_scoreboard/mem_q_reg[3][cancelled]/Q (HIGH)

 There are 5 register/latch pins with no clock driven by root clock pin: i_ariane/i_cva6/issue_stage_i/i_scoreboard/mem_q_reg[3][sbe][ex][cause][0]/Q (HIGH)

 There are 5 register/latch pins with no clock driven by root clock pin: i_ariane/i_cva6/issue_stage_i/i_scoreboard/mem_q_reg[3][sbe][ex][cause][1]/Q (HIGH)

 There are 5 register/latch pins with no clock driven by root clock pin: i_ariane/i_cva6/issue_stage_i/i_scoreboard/mem_q_reg[3][sbe][ex][cause][2]/Q (HIGH)

 There are 5 register/latch pins with no clock driven by root clock pin: i_ariane/i_cva6/issue_stage_i/i_scoreboard/mem_q_reg[3][sbe][ex][cause][31]/Q (HIGH)

 There are 5 register/latch pins with no clock driven by root clock pin: i_ariane/i_cva6/issue_stage_i/i_scoreboard/mem_q_reg[3][sbe][ex][cause][3]/Q (HIGH)

 There are 5 register/latch pins with no clock driven by root clock pin: i_ariane/i_cva6/issue_stage_i/i_scoreboard/mem_q_reg[3][sbe][ex][cause][4]/Q (HIGH)

 There are 5 register/latch pins with no clock driven by root clock pin: i_ariane/i_cva6/issue_stage_i/i_scoreboard/mem_q_reg[3][sbe][ex][valid]/Q (HIGH)

 There are 5 register/latch pins with no clock driven by root clock pin: i_ariane/i_cva6/issue_stage_i/i_scoreboard/mem_q_reg[3][sbe][fu][0]/Q (HIGH)

 There are 5 register/latch pins with no clock driven by root clock pin: i_ariane/i_cva6/issue_stage_i/i_scoreboard/mem_q_reg[3][sbe][fu][1]/Q (HIGH)

 There are 5 register/latch pins with no clock driven by root clock pin: i_ariane/i_cva6/issue_stage_i/i_scoreboard/mem_q_reg[3][sbe][fu][2]/Q (HIGH)

 There are 5 register/latch pins with no clock driven by root clock pin: i_ariane/i_cva6/issue_stage_i/i_scoreboard/mem_q_reg[3][sbe][fu][3]/Q (HIGH)

 There are 5 register/latch pins with no clock driven by root clock pin: i_ariane/i_cva6/issue_stage_i/i_scoreboard/mem_q_reg[3][sbe][op][0]/Q (HIGH)

 There are 5 register/latch pins with no clock driven by root clock pin: i_ariane/i_cva6/issue_stage_i/i_scoreboard/mem_q_reg[3][sbe][op][1]/Q (HIGH)

 There are 5 register/latch pins with no clock driven by root clock pin: i_ariane/i_cva6/issue_stage_i/i_scoreboard/mem_q_reg[3][sbe][op][2]/Q (HIGH)

 There are 5 register/latch pins with no clock driven by root clock pin: i_ariane/i_cva6/issue_stage_i/i_scoreboard/mem_q_reg[3][sbe][op][3]/Q (HIGH)

 There are 5 register/latch pins with no clock driven by root clock pin: i_ariane/i_cva6/issue_stage_i/i_scoreboard/mem_q_reg[3][sbe][op][4]/Q (HIGH)

 There are 5 register/latch pins with no clock driven by root clock pin: i_ariane/i_cva6/issue_stage_i/i_scoreboard/mem_q_reg[3][sbe][op][5]/Q (HIGH)

 There are 5 register/latch pins with no clock driven by root clock pin: i_ariane/i_cva6/issue_stage_i/i_scoreboard/mem_q_reg[3][sbe][op][6]/Q (HIGH)

 There are 5 register/latch pins with no clock driven by root clock pin: i_ariane/i_cva6/issue_stage_i/i_scoreboard/mem_q_reg[3][sbe][op][7]/Q (HIGH)

 There are 5 register/latch pins with no clock driven by root clock pin: i_ariane/i_cva6/issue_stage_i/i_scoreboard/mem_q_reg[3][sbe][trans_id][1]/Q (HIGH)

 There are 5 register/latch pins with no clock driven by root clock pin: i_ariane/i_cva6/issue_stage_i/i_scoreboard/mem_q_reg[3][sbe][valid]/Q (HIGH)

 There are 5 register/latch pins with no clock driven by root clock pin: i_ariane/i_cva6/issue_stage_i/i_scoreboard/mem_q_reg[4][cancelled]/Q (HIGH)

 There are 5 register/latch pins with no clock driven by root clock pin: i_ariane/i_cva6/issue_stage_i/i_scoreboard/mem_q_reg[4][sbe][ex][cause][0]/Q (HIGH)

 There are 5 register/latch pins with no clock driven by root clock pin: i_ariane/i_cva6/issue_stage_i/i_scoreboard/mem_q_reg[4][sbe][ex][cause][1]/Q (HIGH)

 There are 5 register/latch pins with no clock driven by root clock pin: i_ariane/i_cva6/issue_stage_i/i_scoreboard/mem_q_reg[4][sbe][ex][cause][2]/Q (HIGH)

 There are 5 register/latch pins with no clock driven by root clock pin: i_ariane/i_cva6/issue_stage_i/i_scoreboard/mem_q_reg[4][sbe][ex][cause][31]/Q (HIGH)

 There are 5 register/latch pins with no clock driven by root clock pin: i_ariane/i_cva6/issue_stage_i/i_scoreboard/mem_q_reg[4][sbe][ex][cause][3]/Q (HIGH)

 There are 5 register/latch pins with no clock driven by root clock pin: i_ariane/i_cva6/issue_stage_i/i_scoreboard/mem_q_reg[4][sbe][ex][cause][4]/Q (HIGH)

 There are 5 register/latch pins with no clock driven by root clock pin: i_ariane/i_cva6/issue_stage_i/i_scoreboard/mem_q_reg[4][sbe][ex][valid]/Q (HIGH)

 There are 5 register/latch pins with no clock driven by root clock pin: i_ariane/i_cva6/issue_stage_i/i_scoreboard/mem_q_reg[4][sbe][fu][0]/Q (HIGH)

 There are 5 register/latch pins with no clock driven by root clock pin: i_ariane/i_cva6/issue_stage_i/i_scoreboard/mem_q_reg[4][sbe][fu][1]/Q (HIGH)

 There are 5 register/latch pins with no clock driven by root clock pin: i_ariane/i_cva6/issue_stage_i/i_scoreboard/mem_q_reg[4][sbe][fu][2]/Q (HIGH)

 There are 5 register/latch pins with no clock driven by root clock pin: i_ariane/i_cva6/issue_stage_i/i_scoreboard/mem_q_reg[4][sbe][fu][3]/Q (HIGH)

 There are 5 register/latch pins with no clock driven by root clock pin: i_ariane/i_cva6/issue_stage_i/i_scoreboard/mem_q_reg[4][sbe][op][0]/Q (HIGH)

 There are 5 register/latch pins with no clock driven by root clock pin: i_ariane/i_cva6/issue_stage_i/i_scoreboard/mem_q_reg[4][sbe][op][1]/Q (HIGH)

 There are 5 register/latch pins with no clock driven by root clock pin: i_ariane/i_cva6/issue_stage_i/i_scoreboard/mem_q_reg[4][sbe][op][2]/Q (HIGH)

 There are 5 register/latch pins with no clock driven by root clock pin: i_ariane/i_cva6/issue_stage_i/i_scoreboard/mem_q_reg[4][sbe][op][3]/Q (HIGH)

 There are 5 register/latch pins with no clock driven by root clock pin: i_ariane/i_cva6/issue_stage_i/i_scoreboard/mem_q_reg[4][sbe][op][4]/Q (HIGH)

 There are 5 register/latch pins with no clock driven by root clock pin: i_ariane/i_cva6/issue_stage_i/i_scoreboard/mem_q_reg[4][sbe][op][5]/Q (HIGH)

 There are 5 register/latch pins with no clock driven by root clock pin: i_ariane/i_cva6/issue_stage_i/i_scoreboard/mem_q_reg[4][sbe][op][6]/Q (HIGH)

 There are 5 register/latch pins with no clock driven by root clock pin: i_ariane/i_cva6/issue_stage_i/i_scoreboard/mem_q_reg[4][sbe][op][7]/Q (HIGH)

 There are 5 register/latch pins with no clock driven by root clock pin: i_ariane/i_cva6/issue_stage_i/i_scoreboard/mem_q_reg[4][sbe][trans_id][1]/Q (HIGH)

 There are 5 register/latch pins with no clock driven by root clock pin: i_ariane/i_cva6/issue_stage_i/i_scoreboard/mem_q_reg[4][sbe][valid]/Q (HIGH)

 There are 5 register/latch pins with no clock driven by root clock pin: i_ariane/i_cva6/issue_stage_i/i_scoreboard/mem_q_reg[5][cancelled]/Q (HIGH)

 There are 5 register/latch pins with no clock driven by root clock pin: i_ariane/i_cva6/issue_stage_i/i_scoreboard/mem_q_reg[5][sbe][ex][cause][0]/Q (HIGH)

 There are 5 register/latch pins with no clock driven by root clock pin: i_ariane/i_cva6/issue_stage_i/i_scoreboard/mem_q_reg[5][sbe][ex][cause][1]/Q (HIGH)

 There are 5 register/latch pins with no clock driven by root clock pin: i_ariane/i_cva6/issue_stage_i/i_scoreboard/mem_q_reg[5][sbe][ex][cause][2]/Q (HIGH)

 There are 5 register/latch pins with no clock driven by root clock pin: i_ariane/i_cva6/issue_stage_i/i_scoreboard/mem_q_reg[5][sbe][ex][cause][31]/Q (HIGH)

 There are 5 register/latch pins with no clock driven by root clock pin: i_ariane/i_cva6/issue_stage_i/i_scoreboard/mem_q_reg[5][sbe][ex][cause][3]/Q (HIGH)

 There are 5 register/latch pins with no clock driven by root clock pin: i_ariane/i_cva6/issue_stage_i/i_scoreboard/mem_q_reg[5][sbe][ex][cause][4]/Q (HIGH)

 There are 5 register/latch pins with no clock driven by root clock pin: i_ariane/i_cva6/issue_stage_i/i_scoreboard/mem_q_reg[5][sbe][ex][valid]/Q (HIGH)

 There are 5 register/latch pins with no clock driven by root clock pin: i_ariane/i_cva6/issue_stage_i/i_scoreboard/mem_q_reg[5][sbe][fu][0]/Q (HIGH)

 There are 5 register/latch pins with no clock driven by root clock pin: i_ariane/i_cva6/issue_stage_i/i_scoreboard/mem_q_reg[5][sbe][fu][1]/Q (HIGH)

 There are 5 register/latch pins with no clock driven by root clock pin: i_ariane/i_cva6/issue_stage_i/i_scoreboard/mem_q_reg[5][sbe][fu][2]/Q (HIGH)

 There are 5 register/latch pins with no clock driven by root clock pin: i_ariane/i_cva6/issue_stage_i/i_scoreboard/mem_q_reg[5][sbe][fu][3]/Q (HIGH)

 There are 5 register/latch pins with no clock driven by root clock pin: i_ariane/i_cva6/issue_stage_i/i_scoreboard/mem_q_reg[5][sbe][op][0]/Q (HIGH)

 There are 5 register/latch pins with no clock driven by root clock pin: i_ariane/i_cva6/issue_stage_i/i_scoreboard/mem_q_reg[5][sbe][op][1]/Q (HIGH)

 There are 5 register/latch pins with no clock driven by root clock pin: i_ariane/i_cva6/issue_stage_i/i_scoreboard/mem_q_reg[5][sbe][op][2]/Q (HIGH)

 There are 5 register/latch pins with no clock driven by root clock pin: i_ariane/i_cva6/issue_stage_i/i_scoreboard/mem_q_reg[5][sbe][op][3]/Q (HIGH)

 There are 5 register/latch pins with no clock driven by root clock pin: i_ariane/i_cva6/issue_stage_i/i_scoreboard/mem_q_reg[5][sbe][op][4]/Q (HIGH)

 There are 5 register/latch pins with no clock driven by root clock pin: i_ariane/i_cva6/issue_stage_i/i_scoreboard/mem_q_reg[5][sbe][op][5]/Q (HIGH)

 There are 5 register/latch pins with no clock driven by root clock pin: i_ariane/i_cva6/issue_stage_i/i_scoreboard/mem_q_reg[5][sbe][op][6]/Q (HIGH)

 There are 5 register/latch pins with no clock driven by root clock pin: i_ariane/i_cva6/issue_stage_i/i_scoreboard/mem_q_reg[5][sbe][op][7]/Q (HIGH)

 There are 5 register/latch pins with no clock driven by root clock pin: i_ariane/i_cva6/issue_stage_i/i_scoreboard/mem_q_reg[5][sbe][trans_id][1]/Q (HIGH)

 There are 5 register/latch pins with no clock driven by root clock pin: i_ariane/i_cva6/issue_stage_i/i_scoreboard/mem_q_reg[5][sbe][valid]/Q (HIGH)

 There are 5 register/latch pins with no clock driven by root clock pin: i_ariane/i_cva6/issue_stage_i/i_scoreboard/mem_q_reg[6][cancelled]/Q (HIGH)

 There are 5 register/latch pins with no clock driven by root clock pin: i_ariane/i_cva6/issue_stage_i/i_scoreboard/mem_q_reg[6][sbe][ex][cause][0]/Q (HIGH)

 There are 5 register/latch pins with no clock driven by root clock pin: i_ariane/i_cva6/issue_stage_i/i_scoreboard/mem_q_reg[6][sbe][ex][cause][1]/Q (HIGH)

 There are 5 register/latch pins with no clock driven by root clock pin: i_ariane/i_cva6/issue_stage_i/i_scoreboard/mem_q_reg[6][sbe][ex][cause][2]/Q (HIGH)

 There are 5 register/latch pins with no clock driven by root clock pin: i_ariane/i_cva6/issue_stage_i/i_scoreboard/mem_q_reg[6][sbe][ex][cause][31]/Q (HIGH)

 There are 5 register/latch pins with no clock driven by root clock pin: i_ariane/i_cva6/issue_stage_i/i_scoreboard/mem_q_reg[6][sbe][ex][cause][3]/Q (HIGH)

 There are 5 register/latch pins with no clock driven by root clock pin: i_ariane/i_cva6/issue_stage_i/i_scoreboard/mem_q_reg[6][sbe][ex][cause][4]/Q (HIGH)

 There are 5 register/latch pins with no clock driven by root clock pin: i_ariane/i_cva6/issue_stage_i/i_scoreboard/mem_q_reg[6][sbe][ex][valid]/Q (HIGH)

 There are 5 register/latch pins with no clock driven by root clock pin: i_ariane/i_cva6/issue_stage_i/i_scoreboard/mem_q_reg[6][sbe][fu][0]/Q (HIGH)

 There are 5 register/latch pins with no clock driven by root clock pin: i_ariane/i_cva6/issue_stage_i/i_scoreboard/mem_q_reg[6][sbe][fu][1]/Q (HIGH)

 There are 5 register/latch pins with no clock driven by root clock pin: i_ariane/i_cva6/issue_stage_i/i_scoreboard/mem_q_reg[6][sbe][fu][2]/Q (HIGH)

 There are 5 register/latch pins with no clock driven by root clock pin: i_ariane/i_cva6/issue_stage_i/i_scoreboard/mem_q_reg[6][sbe][fu][3]/Q (HIGH)

 There are 5 register/latch pins with no clock driven by root clock pin: i_ariane/i_cva6/issue_stage_i/i_scoreboard/mem_q_reg[6][sbe][op][0]/Q (HIGH)

 There are 5 register/latch pins with no clock driven by root clock pin: i_ariane/i_cva6/issue_stage_i/i_scoreboard/mem_q_reg[6][sbe][op][1]/Q (HIGH)

 There are 5 register/latch pins with no clock driven by root clock pin: i_ariane/i_cva6/issue_stage_i/i_scoreboard/mem_q_reg[6][sbe][op][2]/Q (HIGH)

 There are 5 register/latch pins with no clock driven by root clock pin: i_ariane/i_cva6/issue_stage_i/i_scoreboard/mem_q_reg[6][sbe][op][3]/Q (HIGH)

 There are 5 register/latch pins with no clock driven by root clock pin: i_ariane/i_cva6/issue_stage_i/i_scoreboard/mem_q_reg[6][sbe][op][4]/Q (HIGH)

 There are 5 register/latch pins with no clock driven by root clock pin: i_ariane/i_cva6/issue_stage_i/i_scoreboard/mem_q_reg[6][sbe][op][5]/Q (HIGH)

 There are 5 register/latch pins with no clock driven by root clock pin: i_ariane/i_cva6/issue_stage_i/i_scoreboard/mem_q_reg[6][sbe][op][6]/Q (HIGH)

 There are 5 register/latch pins with no clock driven by root clock pin: i_ariane/i_cva6/issue_stage_i/i_scoreboard/mem_q_reg[6][sbe][op][7]/Q (HIGH)

 There are 5 register/latch pins with no clock driven by root clock pin: i_ariane/i_cva6/issue_stage_i/i_scoreboard/mem_q_reg[6][sbe][trans_id][1]/Q (HIGH)

 There are 5 register/latch pins with no clock driven by root clock pin: i_ariane/i_cva6/issue_stage_i/i_scoreboard/mem_q_reg[6][sbe][valid]/Q (HIGH)

 There are 5 register/latch pins with no clock driven by root clock pin: i_ariane/i_cva6/issue_stage_i/i_scoreboard/mem_q_reg[7][cancelled]/Q (HIGH)

 There are 5 register/latch pins with no clock driven by root clock pin: i_ariane/i_cva6/issue_stage_i/i_scoreboard/mem_q_reg[7][sbe][ex][cause][0]/Q (HIGH)

 There are 5 register/latch pins with no clock driven by root clock pin: i_ariane/i_cva6/issue_stage_i/i_scoreboard/mem_q_reg[7][sbe][ex][cause][1]/Q (HIGH)

 There are 5 register/latch pins with no clock driven by root clock pin: i_ariane/i_cva6/issue_stage_i/i_scoreboard/mem_q_reg[7][sbe][ex][cause][2]/Q (HIGH)

 There are 5 register/latch pins with no clock driven by root clock pin: i_ariane/i_cva6/issue_stage_i/i_scoreboard/mem_q_reg[7][sbe][ex][cause][31]/Q (HIGH)

 There are 5 register/latch pins with no clock driven by root clock pin: i_ariane/i_cva6/issue_stage_i/i_scoreboard/mem_q_reg[7][sbe][ex][cause][3]/Q (HIGH)

 There are 5 register/latch pins with no clock driven by root clock pin: i_ariane/i_cva6/issue_stage_i/i_scoreboard/mem_q_reg[7][sbe][ex][cause][4]/Q (HIGH)

 There are 5 register/latch pins with no clock driven by root clock pin: i_ariane/i_cva6/issue_stage_i/i_scoreboard/mem_q_reg[7][sbe][ex][valid]/Q (HIGH)

 There are 5 register/latch pins with no clock driven by root clock pin: i_ariane/i_cva6/issue_stage_i/i_scoreboard/mem_q_reg[7][sbe][fu][0]/Q (HIGH)

 There are 5 register/latch pins with no clock driven by root clock pin: i_ariane/i_cva6/issue_stage_i/i_scoreboard/mem_q_reg[7][sbe][fu][1]/Q (HIGH)

 There are 5 register/latch pins with no clock driven by root clock pin: i_ariane/i_cva6/issue_stage_i/i_scoreboard/mem_q_reg[7][sbe][fu][2]/Q (HIGH)

 There are 5 register/latch pins with no clock driven by root clock pin: i_ariane/i_cva6/issue_stage_i/i_scoreboard/mem_q_reg[7][sbe][fu][3]/Q (HIGH)

 There are 5 register/latch pins with no clock driven by root clock pin: i_ariane/i_cva6/issue_stage_i/i_scoreboard/mem_q_reg[7][sbe][op][0]/Q (HIGH)

 There are 5 register/latch pins with no clock driven by root clock pin: i_ariane/i_cva6/issue_stage_i/i_scoreboard/mem_q_reg[7][sbe][op][1]/Q (HIGH)

 There are 5 register/latch pins with no clock driven by root clock pin: i_ariane/i_cva6/issue_stage_i/i_scoreboard/mem_q_reg[7][sbe][op][2]/Q (HIGH)

 There are 5 register/latch pins with no clock driven by root clock pin: i_ariane/i_cva6/issue_stage_i/i_scoreboard/mem_q_reg[7][sbe][op][3]/Q (HIGH)

 There are 5 register/latch pins with no clock driven by root clock pin: i_ariane/i_cva6/issue_stage_i/i_scoreboard/mem_q_reg[7][sbe][op][4]/Q (HIGH)

 There are 5 register/latch pins with no clock driven by root clock pin: i_ariane/i_cva6/issue_stage_i/i_scoreboard/mem_q_reg[7][sbe][op][5]/Q (HIGH)

 There are 5 register/latch pins with no clock driven by root clock pin: i_ariane/i_cva6/issue_stage_i/i_scoreboard/mem_q_reg[7][sbe][op][6]/Q (HIGH)

 There are 5 register/latch pins with no clock driven by root clock pin: i_ariane/i_cva6/issue_stage_i/i_scoreboard/mem_q_reg[7][sbe][op][7]/Q (HIGH)

 There are 5 register/latch pins with no clock driven by root clock pin: i_ariane/i_cva6/issue_stage_i/i_scoreboard/mem_q_reg[7][sbe][trans_id][1]/Q (HIGH)

 There are 5 register/latch pins with no clock driven by root clock pin: i_ariane/i_cva6/issue_stage_i/i_scoreboard/mem_q_reg[7][sbe][valid]/Q (HIGH)

 There are 5 register/latch pins with no clock driven by root clock pin: i_ariane/i_cva6/issue_stage_i/i_scoreboard/mem_q_reg[8][cancelled]/Q (HIGH)

 There are 5 register/latch pins with no clock driven by root clock pin: i_ariane/i_cva6/issue_stage_i/i_scoreboard/mem_q_reg[8][sbe][ex][cause][0]/Q (HIGH)

 There are 5 register/latch pins with no clock driven by root clock pin: i_ariane/i_cva6/issue_stage_i/i_scoreboard/mem_q_reg[8][sbe][ex][cause][1]/Q (HIGH)

 There are 5 register/latch pins with no clock driven by root clock pin: i_ariane/i_cva6/issue_stage_i/i_scoreboard/mem_q_reg[8][sbe][ex][cause][2]/Q (HIGH)

 There are 5 register/latch pins with no clock driven by root clock pin: i_ariane/i_cva6/issue_stage_i/i_scoreboard/mem_q_reg[8][sbe][ex][cause][31]/Q (HIGH)

 There are 5 register/latch pins with no clock driven by root clock pin: i_ariane/i_cva6/issue_stage_i/i_scoreboard/mem_q_reg[8][sbe][ex][cause][3]/Q (HIGH)

 There are 5 register/latch pins with no clock driven by root clock pin: i_ariane/i_cva6/issue_stage_i/i_scoreboard/mem_q_reg[8][sbe][ex][cause][4]/Q (HIGH)

 There are 5 register/latch pins with no clock driven by root clock pin: i_ariane/i_cva6/issue_stage_i/i_scoreboard/mem_q_reg[8][sbe][ex][valid]/Q (HIGH)

 There are 5 register/latch pins with no clock driven by root clock pin: i_ariane/i_cva6/issue_stage_i/i_scoreboard/mem_q_reg[8][sbe][fu][0]/Q (HIGH)

 There are 5 register/latch pins with no clock driven by root clock pin: i_ariane/i_cva6/issue_stage_i/i_scoreboard/mem_q_reg[8][sbe][fu][1]/Q (HIGH)

 There are 5 register/latch pins with no clock driven by root clock pin: i_ariane/i_cva6/issue_stage_i/i_scoreboard/mem_q_reg[8][sbe][fu][2]/Q (HIGH)

 There are 5 register/latch pins with no clock driven by root clock pin: i_ariane/i_cva6/issue_stage_i/i_scoreboard/mem_q_reg[8][sbe][fu][3]/Q (HIGH)

 There are 5 register/latch pins with no clock driven by root clock pin: i_ariane/i_cva6/issue_stage_i/i_scoreboard/mem_q_reg[8][sbe][op][0]/Q (HIGH)

 There are 5 register/latch pins with no clock driven by root clock pin: i_ariane/i_cva6/issue_stage_i/i_scoreboard/mem_q_reg[8][sbe][op][1]/Q (HIGH)

 There are 5 register/latch pins with no clock driven by root clock pin: i_ariane/i_cva6/issue_stage_i/i_scoreboard/mem_q_reg[8][sbe][op][2]/Q (HIGH)

 There are 5 register/latch pins with no clock driven by root clock pin: i_ariane/i_cva6/issue_stage_i/i_scoreboard/mem_q_reg[8][sbe][op][3]/Q (HIGH)

 There are 5 register/latch pins with no clock driven by root clock pin: i_ariane/i_cva6/issue_stage_i/i_scoreboard/mem_q_reg[8][sbe][op][4]/Q (HIGH)

 There are 5 register/latch pins with no clock driven by root clock pin: i_ariane/i_cva6/issue_stage_i/i_scoreboard/mem_q_reg[8][sbe][op][5]/Q (HIGH)

 There are 5 register/latch pins with no clock driven by root clock pin: i_ariane/i_cva6/issue_stage_i/i_scoreboard/mem_q_reg[8][sbe][op][6]/Q (HIGH)

 There are 5 register/latch pins with no clock driven by root clock pin: i_ariane/i_cva6/issue_stage_i/i_scoreboard/mem_q_reg[8][sbe][op][7]/Q (HIGH)

 There are 5 register/latch pins with no clock driven by root clock pin: i_ariane/i_cva6/issue_stage_i/i_scoreboard/mem_q_reg[8][sbe][trans_id][1]/Q (HIGH)

 There are 5 register/latch pins with no clock driven by root clock pin: i_ariane/i_cva6/issue_stage_i/i_scoreboard/mem_q_reg[8][sbe][valid]/Q (HIGH)

 There are 5 register/latch pins with no clock driven by root clock pin: i_ariane/i_cva6/issue_stage_i/i_scoreboard/mem_q_reg[9][cancelled]/Q (HIGH)

 There are 5 register/latch pins with no clock driven by root clock pin: i_ariane/i_cva6/issue_stage_i/i_scoreboard/mem_q_reg[9][sbe][ex][cause][0]/Q (HIGH)

 There are 5 register/latch pins with no clock driven by root clock pin: i_ariane/i_cva6/issue_stage_i/i_scoreboard/mem_q_reg[9][sbe][ex][cause][1]/Q (HIGH)

 There are 5 register/latch pins with no clock driven by root clock pin: i_ariane/i_cva6/issue_stage_i/i_scoreboard/mem_q_reg[9][sbe][ex][cause][2]/Q (HIGH)

 There are 5 register/latch pins with no clock driven by root clock pin: i_ariane/i_cva6/issue_stage_i/i_scoreboard/mem_q_reg[9][sbe][ex][cause][31]/Q (HIGH)

 There are 5 register/latch pins with no clock driven by root clock pin: i_ariane/i_cva6/issue_stage_i/i_scoreboard/mem_q_reg[9][sbe][ex][cause][3]/Q (HIGH)

 There are 5 register/latch pins with no clock driven by root clock pin: i_ariane/i_cva6/issue_stage_i/i_scoreboard/mem_q_reg[9][sbe][ex][cause][4]/Q (HIGH)

 There are 5 register/latch pins with no clock driven by root clock pin: i_ariane/i_cva6/issue_stage_i/i_scoreboard/mem_q_reg[9][sbe][ex][valid]/Q (HIGH)

 There are 5 register/latch pins with no clock driven by root clock pin: i_ariane/i_cva6/issue_stage_i/i_scoreboard/mem_q_reg[9][sbe][fu][0]/Q (HIGH)

 There are 5 register/latch pins with no clock driven by root clock pin: i_ariane/i_cva6/issue_stage_i/i_scoreboard/mem_q_reg[9][sbe][fu][1]/Q (HIGH)

 There are 5 register/latch pins with no clock driven by root clock pin: i_ariane/i_cva6/issue_stage_i/i_scoreboard/mem_q_reg[9][sbe][fu][2]/Q (HIGH)

 There are 5 register/latch pins with no clock driven by root clock pin: i_ariane/i_cva6/issue_stage_i/i_scoreboard/mem_q_reg[9][sbe][fu][3]/Q (HIGH)

 There are 5 register/latch pins with no clock driven by root clock pin: i_ariane/i_cva6/issue_stage_i/i_scoreboard/mem_q_reg[9][sbe][op][0]/Q (HIGH)

 There are 5 register/latch pins with no clock driven by root clock pin: i_ariane/i_cva6/issue_stage_i/i_scoreboard/mem_q_reg[9][sbe][op][1]/Q (HIGH)

 There are 5 register/latch pins with no clock driven by root clock pin: i_ariane/i_cva6/issue_stage_i/i_scoreboard/mem_q_reg[9][sbe][op][2]/Q (HIGH)

 There are 5 register/latch pins with no clock driven by root clock pin: i_ariane/i_cva6/issue_stage_i/i_scoreboard/mem_q_reg[9][sbe][op][3]/Q (HIGH)

 There are 5 register/latch pins with no clock driven by root clock pin: i_ariane/i_cva6/issue_stage_i/i_scoreboard/mem_q_reg[9][sbe][op][4]/Q (HIGH)

 There are 5 register/latch pins with no clock driven by root clock pin: i_ariane/i_cva6/issue_stage_i/i_scoreboard/mem_q_reg[9][sbe][op][5]/Q (HIGH)

 There are 5 register/latch pins with no clock driven by root clock pin: i_ariane/i_cva6/issue_stage_i/i_scoreboard/mem_q_reg[9][sbe][op][6]/Q (HIGH)

 There are 5 register/latch pins with no clock driven by root clock pin: i_ariane/i_cva6/issue_stage_i/i_scoreboard/mem_q_reg[9][sbe][op][7]/Q (HIGH)

 There are 5 register/latch pins with no clock driven by root clock pin: i_ariane/i_cva6/issue_stage_i/i_scoreboard/mem_q_reg[9][sbe][trans_id][1]/Q (HIGH)

 There are 5 register/latch pins with no clock driven by root clock pin: i_ariane/i_cva6/issue_stage_i/i_scoreboard/mem_q_reg[9][sbe][valid]/Q (HIGH)

 There are 5 register/latch pins with no clock driven by root clock pin: i_ariane/i_cva6/issue_stage_i/i_scoreboard/rollback_pointer_q_reg[0]/Q (HIGH)

 There are 5 register/latch pins with no clock driven by root clock pin: i_ariane/i_cva6/issue_stage_i/i_scoreboard/rollback_pointer_q_reg[1]/Q (HIGH)

 There are 5 register/latch pins with no clock driven by root clock pin: i_ariane/i_cva6/issue_stage_i/i_scoreboard/rollback_pointer_q_reg[2]/Q (HIGH)

 There are 5 register/latch pins with no clock driven by root clock pin: i_ariane/i_cva6/issue_stage_i/i_scoreboard/rollback_pointer_q_reg[3]/Q (HIGH)


2. checking constant_clock (0)
------------------------------
 There are 0 register/latch pins with constant_clock.


3. checking pulse_width_clock (0)
---------------------------------
 There are 0 register/latch pins which need pulse_width check


4. checking unconstrained_internal_endpoints (5)
------------------------------------------------
 There are 5 pins that are not constrained for maximum delay. (HIGH)

 There are 0 pins that are not constrained for maximum delay due to constant clock.


5. checking no_input_delay (2)
------------------------------
 There are 2 input ports with no input delay specified. (HIGH)

 There are 0 input ports with no input delay but user has a false path constraint.


6. checking no_output_delay (1)
-------------------------------
 There is 1 port with no output delay specified. (HIGH)

 There are 0 ports with no output delay but user has a false path constraint

 There are 0 ports with no output delay but with a timing clock defined on it or propagating through it


7. checking multiple_clock (0)
------------------------------
 There are 0 register/latch pins with multiple clocks.


8. checking generated_clocks (0)
--------------------------------
 There are 0 generated clocks that are not connected to a clock source.


9. checking loops (6)
---------------------
 There are 6 combinational loops in the design. (HIGH)


10. checking partial_input_delay (3)
------------------------------------
 There are 3 input ports with partial input delay specified. (HIGH)


11. checking partial_output_delay (0)
-------------------------------------
 There are 0 ports with partial output delay specified.


12. checking latch_loops (0)
----------------------------
 There are 0 combinational latch loops in the design through latch input


