Copyright 1986-2022 Xilinx, Inc. All Rights Reserved. Copyright 2022-2024 Advanced Micro Devices, Inc. All Rights Reserved.
---------------------------------------------------------------------------------------------------------------------------------------------
| Tool Version : Vivado v.2024.1 (lin64) Build 5076996 Wed May 22 18:36:09 MDT 2024
| Date         : Sun Oct  4 14:39:24 2026
| Host         : telmo-HYM-WXX running 64-bit Ubuntu 24.04.5 LTS
| Command      : report_timing_summary -delay_type min_max -report_unconstrained -file reports_cva6_fpga_impl/cva6_fpga.timing_summary.rpt
| Design       : cva6_zybo_z7_20
| Device       : 7z020-clg400
| Speed File   : -1  PRODUCTION 1.12 2019-11-22
| Design State : Routed
---------------------------------------------------------------------------------------------------------------------------------------------

Timing Summary Report

------------------------------------------------------------------------------------------------
| Timer Settings
| --------------
------------------------------------------------------------------------------------------------

  Enable Multi Corner Analysis               :  Yes
  Enable Pessimism Removal                   :  Yes
  Pessimism Removal Resolution               :  Nearest Common Node
  Enable Input Delay Default Clock           :  No
  Enable Preset / Clear Arcs                 :  No
  Disable Flight Delays                      :  No
  Ignore I/O Paths                           :  No
  Timing Early Launch at Borrowing Latches   :  No
  Borrow Time for Max Delay Exceptions       :  Yes
  Merge Timing Exceptions                    :  Yes
  Inter-SLR Compensation                     :  Conservative

  Corner  Analyze    Analyze    
  Name    Max Paths  Min Paths  
  ------  ---------  ---------  
  Slow    Yes        Yes        
  Fast    Yes        Yes        


------------------------------------------------------------------------------------------------
| Report Methodology
| ------------------
------------------------------------------------------------------------------------------------

Rule       Severity  Description                                           Violations  
---------  --------  ----------------------------------------------------  ----------  
LUTAR-1    Warning   LUT drives async reset alert                          4           
SYNTH-10   Warning   Wide multiplier                                       4           
TIMING-10  Warning   Missing property on synchronizer                      1           
TIMING-18  Warning   Missing input or output delay                         3           
TIMING-24  Warning   Overridden Max delay datapath only                    3           
TIMING-28  Warning   Auto-derived clock referenced by a timing constraint  2           
TIMING-44  Warning   Unreasonable user intra-clock uncertainty             1           
XDCH-2     Warning   Same min and max delay values on IO port              3           

Note: This report is based on the most recent report_methodology run and may not be up-to-date. Run report_methodology on the current design for the latest report.



check_timing report

Table of Contents
-----------------
1. checking no_clock (0)
2. checking constant_clock (0)
3. checking pulse_width_clock (0)
4. checking unconstrained_internal_endpoints (0)
5. checking no_input_delay (2)
6. checking no_output_delay (1)
7. checking multiple_clock (0)
8. checking generated_clocks (0)
9. checking loops (0)
10. checking partial_input_delay (3)
11. checking partial_output_delay (0)
12. checking latch_loops (0)

1. checking no_clock (0)
------------------------
 There are 0 register/latch pins with no clock.


2. checking constant_clock (0)
------------------------------
 There are 0 register/latch pins with constant_clock.


3. checking pulse_width_clock (0)
---------------------------------
 There are 0 register/latch pins which need pulse_width check


4. checking unconstrained_internal_endpoints (0)
------------------------------------------------
 There are 0 pins that are not constrained for maximum delay.

 There are 0 pins that are not constrained for maximum delay due to constant clock.


5. checking no_input_delay (2)
------------------------------
 There are 2 input ports with no input delay specified. (HIGH)

 There are 0 input ports with no input delay but user has a false path constraint.


6. checking no_output_delay (1)
-------------------------------
 There is 1 port with no output delay specified. (HIGH)

 There are 0 ports with no output delay but user has a false path constraint

 There are 0 ports with no output delay but with a timing clock defined on it or propagating through it


7. checking multiple_clock (0)
------------------------------
 There are 0 register/latch pins with multiple clocks.


8. checking generated_clocks (0)
--------------------------------
 There are 0 generated clocks that are not connected to a clock source.


9. checking loops (0)
---------------------
 There are 0 combinational loops in the design.


10. checking partial_input_delay (3)
------------------------------------
 There are 3 input ports with partial input delay specified. (HIGH)


11. checking partial_output_delay (0)
-------------------------------------
 There are 0 ports with partial output delay specified.


12. checking latch_loops (0)
----------------------------
 There are 0 combinational latch loops in the design through latch input



------------------------------------------------------------------------------------------------
| Design Timing Summary
| ---------------------
------------------------------------------------------------------------------------------------

    WNS(ns)      TNS(ns)  TNS Failing Endpoints  TNS Total Endpoints      WHS(ns)      THS(ns)  THS Failing Endpoints  THS Total Endpoints     WPWS(ns)     TPWS(ns)  TPWS Failing Endpoints  TPWS Total Endpoints  
    -------      -------  ---------------------  -------------------      -------      -------  ---------------------  -------------------     --------     --------  ----------------------  --------------------  
     -0.966      -71.920                    294                64589        0.023        0.000                      0                64589        2.000        0.000                       0                 21363  


Timing constraints are not met.


------------------------------------------------------------------------------------------------
| Clock Summary
| -------------
------------------------------------------------------------------------------------------------

Clock                    Waveform(ns)         Period(ns)      Frequency(MHz)
-----                    ------------         ----------      --------------
clk_sys                  {0.000 4.000}        8.000           125.000         
  clk_out1_xlnx_clk_gen  {0.000 12.500}       25.000          40.000          
  clkfbout_xlnx_clk_gen  {0.000 4.000}        8.000           125.000         
tck                      {0.000 50.000}       100.000         10.000          


------------------------------------------------------------------------------------------------
| Intra Clock Table
| -----------------
------------------------------------------------------------------------------------------------

Clock                        WNS(ns)      TNS(ns)  TNS Failing Endpoints  TNS Total Endpoints      WHS(ns)      THS(ns)  THS Failing Endpoints  THS Total Endpoints     WPWS(ns)     TPWS(ns)  TPWS Failing Endpoints  TPWS Total Endpoints  
-----                        -------      -------  ---------------------  -------------------      -------      -------  ---------------------  -------------------     --------     --------  ----------------------  --------------------  
clk_sys                                                                                                                                                                    2.000        0.000                       0                     1  
  clk_out1_xlnx_clk_gen       -0.966      -71.920                    294                48083        0.023        0.000                      0                48083       11.250        0.000                       0                 21100  
  clkfbout_xlnx_clk_gen                                                                                                                                                    5.845        0.000                       0                     3  
tck                            1.497        0.000                      0                  453        0.035        0.000                      0                  453       49.500        0.000                       0                   259  


------------------------------------------------------------------------------------------------
| Inter Clock Table
| -----------------
------------------------------------------------------------------------------------------------

From Clock    To Clock          WNS(ns)      TNS(ns)  TNS Failing Endpoints  TNS Total Endpoints      WHS(ns)      THS(ns)  THS Failing Endpoints  THS Total Endpoints  
----------    --------          -------      -------  ---------------------  -------------------      -------      -------  ---------------------  -------------------  


------------------------------------------------------------------------------------------------
| Other Path Groups Table
| -----------------------
------------------------------------------------------------------------------------------------

Path Group             From Clock             To Clock                   WNS(ns)      TNS(ns)  TNS Failing Endpoints  TNS Total Endpoints      WHS(ns)      THS(ns)  THS Failing Endpoints  THS Total Endpoints  
----------             ----------             --------                   -------      -------  ---------------------  -------------------      -------      -------  ---------------------  -------------------  
**async_default**      clk_out1_xlnx_clk_gen  clk_out1_xlnx_clk_gen       18.834        0.000                      0                16053        0.498        0.000                      0                16053  


------------------------------------------------------------------------------------------------
| User Ignored Path Table
| -----------------------
------------------------------------------------------------------------------------------------

Path Group             From Clock             To Clock             
----------             ----------             --------             
(none)                 clk_out1_xlnx_clk_gen  clk_out1_xlnx_clk_gen  
(none)                 tck                    clk_out1_xlnx_clk_gen  
(none)                                        tck                    
(none)                 clk_out1_xlnx_clk_gen  tck                    


------------------------------------------------------------------------------------------------
| Unconstrained Path Table
| ------------------------
------------------------------------------------------------------------------------------------

Path Group             From Clock             To Clock             
----------             ----------             --------             
(none)                 clk_out1_xlnx_clk_gen                         
(none)                 clkfbout_xlnx_clk_gen                         
(none)                                        clk_out1_xlnx_clk_gen  


------------------------------------------------------------------------------------------------
| Timing Details
| --------------
------------------------------------------------------------------------------------------------


---------------------------------------------------------------------------------------------------
From Clock:  clk_sys
  To Clock:  clk_sys

Setup :           NA  Failing Endpoints,  Worst Slack           NA  ,  Total Violation           NA
Hold  :           NA  Failing Endpoints,  Worst Slack           NA  ,  Total Violation           NA
PW    :            0  Failing Endpoints,  Worst Slack        2.000ns,  Total Violation        0.000ns
---------------------------------------------------------------------------------------------------


Pulse Width Checks
--------------------------------------------------------------------------------------
Clock Name:         clk_sys
Waveform(ns):       { 0.000 4.000 }
Period(ns):         8.000
Sources:            { clk_sys }

Check Type        Corner  Lib Pin            Reference Pin  Required(ns)  Actual(ns)  Slack(ns)  Location         Pin
Min Period        n/a     MMCME2_ADV/CLKIN1  n/a            1.249         8.000       6.751      MMCME2_ADV_X1Y2  i_xlnx_clk_gen/inst/mmcm_adv_inst/CLKIN1
Max Period        n/a     MMCME2_ADV/CLKIN1  n/a            100.000       8.000       92.000     MMCME2_ADV_X1Y2  i_xlnx_clk_gen/inst/mmcm_adv_inst/CLKIN1
Low Pulse Width   Slow    MMCME2_ADV/CLKIN1  n/a            2.000         4.000       2.000      MMCME2_ADV_X1Y2  i_xlnx_clk_gen/inst/mmcm_adv_inst/CLKIN1
High Pulse Width  Slow    MMCME2_ADV/CLKIN1  n/a            2.000         4.000       2.000      MMCME2_ADV_X1Y2  i_xlnx_clk_gen/inst/mmcm_adv_inst/CLKIN1



---------------------------------------------------------------------------------------------------
From Clock:  clk_out1_xlnx_clk_gen
  To Clock:  clk_out1_xlnx_clk_gen

Setup :          294  Failing Endpoints,  Worst Slack       -0.966ns,  Total Violation      -71.920ns
Hold  :            0  Failing Endpoints,  Worst Slack        0.023ns,  Total Violation        0.000ns
PW    :            0  Failing Endpoints,  Worst Slack       11.250ns,  Total Violation        0.000ns
---------------------------------------------------------------------------------------------------


Max Delay Paths
--------------------------------------------------------------------------------------
Slack (VIOLATED) :        -0.966ns  (required time - arrival time)
  Source:                 i_ariane/i_cva6/issue_stage_i/i_issue_register_allocation_table/rat_q_reg[rat][7][2]/C
                            (rising edge-triggered cell FDPE clocked by clk_out1_xlnx_clk_gen  {rise@0.000ns fall@12.500ns period=25.000ns})
  Destination:            i_ariane/i_cva6/issue_stage_i/i_issue_read_operands/fu_data_q_reg[1][operand_b][22]/D
                            (rising edge-triggered cell FDCE clocked by clk_out1_xlnx_clk_gen  {rise@0.000ns fall@12.500ns period=25.000ns})
  Path Group:             clk_out1_xlnx_clk_gen
  Path Type:              Setup (Max at Slow Process Corner)
  Requirement:            25.000ns  (clk_out1_xlnx_clk_gen rise@25.000ns - clk_out1_xlnx_clk_gen rise@0.000ns)
  Data Path Delay:        23.843ns  (logic 5.051ns (21.184%)  route 18.792ns (78.816%))
  Logic Levels:           27  (CARRY4=2 LUT3=2 LUT4=2 LUT5=1 LUT6=17 MUXF7=2 MUXF8=1)
  Clock Path Skew:        -0.070ns (DCD - SCD + CPR)
    Destination Clock Delay (DCD):    -1.438ns = ( 23.562 - 25.000 ) 
    Source Clock Delay      (SCD):    -0.783ns
    Clock Pessimism Removal (CPR):    0.585ns
  Clock Uncertainty:      2.082ns  ((TSJ^2 + DJ^2)^1/2) / 2 + PE + UU
    Total System Jitter     (TSJ):    0.071ns
    Discrete Jitter          (DJ):    0.149ns
    Phase Error              (PE):    0.000ns
    User Uncertainty         (UU):    2.000ns

    Location             Delay type                Incr(ns)  Path(ns)    Netlist Resource(s)
  -------------------------------------------------------------------    -------------------
                         (clock clk_out1_xlnx_clk_gen rise edge)
                                                      0.000     0.000 r  
    K17                                               0.000     0.000 r  clk_sys (IN)
                         net (fo=0)                   0.000     0.000    i_xlnx_clk_gen/inst/clk_in1
    K17                  IBUF (Prop_ibuf_I_O)         1.475     1.475 r  i_xlnx_clk_gen/inst/clkin1_ibufg/O
                         net (fo=1, routed)           1.285     2.760    i_xlnx_clk_gen/inst/clk_in1_xlnx_clk_gen
    MMCME2_ADV_X1Y2      MMCME2_ADV (Prop_mmcme2_adv_CLKIN1_CLKOUT0)
                                                     -7.759    -4.999 r  i_xlnx_clk_gen/inst/mmcm_adv_inst/CLKOUT0
                         net (fo=1, routed)           2.206    -2.793    i_xlnx_clk_gen/inst/clk_out1_xlnx_clk_gen
    BUFGCTRL_X0Y16       BUFG (Prop_bufg_I_O)         0.101    -2.692 r  i_xlnx_clk_gen/inst/clkout1_buf/O
                         net (fo=21098, routed)       1.909    -0.783    i_ariane/i_cva6/issue_stage_i/i_issue_register_allocation_table/clk_out1
    SLICE_X87Y136        FDPE                                         r  i_ariane/i_cva6/issue_stage_i/i_issue_register_allocation_table/rat_q_reg[rat][7][2]/C
  -------------------------------------------------------------------    -------------------
    SLICE_X87Y136        FDPE (Prop_fdpe_C_Q)         0.456    -0.327 f  i_ariane/i_cva6/issue_stage_i/i_issue_register_allocation_table/rat_q_reg[rat][7][2]/Q
                         net (fo=7, routed)           1.358     1.031    i_ariane/i_cva6/issue_stage_i/i_issue_register_allocation_table/rat_q_reg[rat][7]_64[2]
    SLICE_X93Y137        LUT6 (Prop_lut6_I0_O)        0.124     1.155 f  i_ariane/i_cva6/issue_stage_i/i_issue_register_allocation_table/instr_queue_q[instr][0][rs1][2]_i_23/O
                         net (fo=1, routed)           0.000     1.155    i_ariane/i_cva6/issue_stage_i/i_issue_register_allocation_table/instr_queue_q[instr][0][rs1][2]_i_23_n_0
    SLICE_X93Y137        MUXF7 (Prop_muxf7_I1_O)      0.245     1.400 f  i_ariane/i_cva6/issue_stage_i/i_issue_register_allocation_table/instr_queue_q_reg[instr][0][rs1][2]_i_9/O
                         net (fo=1, routed)           1.088     2.488    i_ariane/i_cva6/issue_stage_i/i_issue_register_allocation_table/instr_queue_q_reg[instr][0][rs1][2]_i_9_n_0
    SLICE_X94Y134        LUT6 (Prop_lut6_I5_O)        0.298     2.786 r  i_ariane/i_cva6/issue_stage_i/i_issue_register_allocation_table/instr_queue_q[instr][0][rs1][2]_i_3/O
                         net (fo=43, routed)          1.262     4.048    i_ariane/i_cva6/issue_stage_i/i_issue_register_allocation_table/issue_q_reg[0][sbe][rs1][4]_3
    SLICE_X100Y130       LUT6 (Prop_lut6_I2_O)        0.124     4.172 r  i_ariane/i_cva6/issue_stage_i/i_issue_register_allocation_table/rs_q_reg[valids][0][0]_i_50/O
                         net (fo=1, routed)           0.000     4.172    i_ariane/i_cva6/issue_stage_i/i_issue_register_allocation_table/rs_q_reg[valids][0][0]_i_50_n_0
    SLICE_X100Y130       MUXF7 (Prop_muxf7_I0_O)      0.241     4.413 r  i_ariane/i_cva6/issue_stage_i/i_issue_register_allocation_table/rs_q_reg[valid_regs][0][0]_i_36/O
                         net (fo=2, routed)           0.000     4.413    i_ariane/i_cva6/issue_stage_i/i_issue_register_allocation_table/rs_q_reg[valid_regs][0][0]_i_36_n_0
    SLICE_X100Y130       MUXF8 (Prop_muxf8_I0_O)      0.098     4.511 r  i_ariane/i_cva6/issue_stage_i/i_issue_register_allocation_table/regfile_ram_block[3].mem_reg[3][47]_r1_0_63_0_2_i_581/O
                         net (fo=8, routed)           0.863     5.374    i_ariane/i_cva6/issue_stage_i/i_issue_register_allocation_table/regfile_ram_block[3].mem_reg[3][47]_r1_0_63_0_2_i_581_n_0
    SLICE_X103Y129       LUT6 (Prop_lut6_I0_O)        0.319     5.693 f  i_ariane/i_cva6/issue_stage_i/i_issue_register_allocation_table/regfile_ram_block[3].mem_reg[3][47]_r1_0_63_0_2_i_496/O
                         net (fo=3, routed)           0.793     6.486    i_ariane/i_cva6/issue_stage_i/i_issue_register_allocation_table/regfile_ram_block[3].mem_reg[3][47]_r1_0_63_0_2_i_496_n_0
    SLICE_X104Y126       LUT6 (Prop_lut6_I0_O)        0.124     6.610 r  i_ariane/i_cva6/issue_stage_i/i_issue_register_allocation_table/regfile_ram_block[3].mem_reg[3][47]_r1_0_63_0_2_i_389/O
                         net (fo=1, routed)           0.670     7.280    i_ariane/i_cva6/issue_stage_i/i_issue_register_allocation_table/regfile_ram_block[3].mem_reg[3][47]_r1_0_63_0_2_i_389_n_0
    SLICE_X104Y126       LUT6 (Prop_lut6_I3_O)        0.124     7.404 r  i_ariane/i_cva6/issue_stage_i/i_issue_register_allocation_table/regfile_ram_block[3].mem_reg[3][47]_r1_0_63_0_2_i_277/O
                         net (fo=7, routed)           0.630     8.035    i_ariane/i_cva6/issue_stage_i/i_issue_register_allocation_table/regfile_ram_block[3].mem_reg[3][47]_r1_0_63_0_2_i_277_n_0
    SLICE_X105Y124       LUT6 (Prop_lut6_I3_O)        0.124     8.159 r  i_ariane/i_cva6/issue_stage_i/i_issue_register_allocation_table/regfile_ram_block[3].mem_reg[3][47]_r1_0_63_0_2_i_123/O
                         net (fo=41, routed)          1.283     9.442    i_ariane/i_cva6/issue_stage_i/gen_rs_blocks[1].rs_instance.i_reservation_station/i_tournament_tree_oldest_valid/fu_data_q_reg[1][global_id][0]
    SLICE_X91Y122        LUT6 (Prop_lut6_I3_O)        0.124     9.566 r  i_ariane/i_cva6/issue_stage_i/gen_rs_blocks[1].rs_instance.i_reservation_station/i_tournament_tree_oldest_valid/fu_data_q[1][global_id][2]_i_2/O
                         net (fo=14, routed)          1.092    10.658    i_ariane/i_cva6/issue_stage_i/gen_rs_blocks[1].rs_instance.i_reservation_station/i_tournament_tree_oldest_valid/DI[2]
    SLICE_X89Y120        LUT6 (Prop_lut6_I3_O)        0.124    10.782 r  i_ariane/i_cva6/issue_stage_i/gen_rs_blocks[1].rs_instance.i_reservation_station/i_tournament_tree_oldest_valid/regfile_ram_block[3].mem_reg[3][47]_r1_0_63_0_2_i_393/O
                         net (fo=6, routed)           0.949    11.730    i_ariane/i_cva6/issue_stage_i/gen_rs_blocks[1].rs_instance.i_reservation_station/i_tournament_tree_oldest_valid/regfile_ram_block[3].mem_reg[3][47]_r1_0_63_0_2_i_393_n_0
    SLICE_X93Y117        LUT3 (Prop_lut3_I1_O)        0.124    11.854 r  i_ariane/i_cva6/issue_stage_i/gen_rs_blocks[1].rs_instance.i_reservation_station/i_tournament_tree_oldest_valid/regfile_ram_block[3].mem_reg[3][47]_r1_0_63_0_2_i_280/O
                         net (fo=36, routed)          0.969    12.824    i_ariane/i_cva6/issue_stage_i/gen_rs_blocks[1].rs_instance.i_reservation_station/i_tournament_tree_oldest_valid/i_global_tournament_tree/is_older_return9_out
    SLICE_X85Y116        LUT6 (Prop_lut6_I5_O)        0.124    12.948 r  i_ariane/i_cva6/issue_stage_i/gen_rs_blocks[1].rs_instance.i_reservation_station/i_tournament_tree_oldest_valid/regfile_ram_block[3].mem_reg[3][47]_r1_0_63_0_2_i_401/O
                         net (fo=1, routed)           0.000    12.948    i_ariane/i_cva6/issue_stage_i/i_global_tournament_tree/regfile_ram_block[3].mem_reg[3][47]_r1_0_63_0_2_i_127_0[3]
    SLICE_X85Y116        CARRY4 (Prop_carry4_S[3]_CO[3])
                                                      0.401    13.349 r  i_ariane/i_cva6/issue_stage_i/i_global_tournament_tree/regfile_ram_block[3].mem_reg[3][47]_r1_0_63_0_2_i_283/CO[3]
                         net (fo=1, routed)           0.000    13.349    i_ariane/i_cva6/issue_stage_i/i_global_tournament_tree/regfile_ram_block[3].mem_reg[3][47]_r1_0_63_0_2_i_283_n_0
    SLICE_X85Y117        CARRY4 (Prop_carry4_CI_O[1])
                                                      0.334    13.683 f  i_ariane/i_cva6/issue_stage_i/i_global_tournament_tree/regfile_ram_block[3].mem_reg[3][47]_r1_0_63_0_2_i_127/O[1]
                         net (fo=8, routed)           0.365    14.047    i_ariane/i_cva6/issue_stage_i/gen_rs_blocks[1].rs_instance.i_reservation_station/i_tournament_tree_oldest_valid/O[0]
    SLICE_X87Y117        LUT6 (Prop_lut6_I5_O)        0.303    14.350 r  i_ariane/i_cva6/issue_stage_i/gen_rs_blocks[1].rs_instance.i_reservation_station/i_tournament_tree_oldest_valid/fu_data_q[1][fu][2]_i_14/O
                         net (fo=3, routed)           0.658    15.008    i_ariane/i_cva6/issue_stage_i/gen_rs_blocks[1].rs_instance.i_reservation_station/i_tournament_tree_oldest_valid/is_older_return6_out
    SLICE_X87Y118        LUT6 (Prop_lut6_I4_O)        0.124    15.132 r  i_ariane/i_cva6/issue_stage_i/gen_rs_blocks[1].rs_instance.i_reservation_station/i_tournament_tree_oldest_valid/regfile_ram_block[3].mem_reg[3][47]_r3_0_63_0_2_i_20/O
                         net (fo=5, routed)           0.464    15.596    i_ariane/i_cva6/issue_stage_i/i_lsq_bypass/fu_data_q_reg[1][global_id][3]_3
    SLICE_X85Y119        LUT6 (Prop_lut6_I4_O)        0.124    15.720 r  i_ariane/i_cva6/issue_stage_i/i_lsq_bypass/regfile_ram_block[3].mem_reg[3][47]_r3_0_63_0_2_i_22/O
                         net (fo=33, routed)          1.165    16.885    i_ariane/i_cva6/issue_stage_i/i_issue_register_allocation_table/is_result_available_gpr_q[47]_i_19_1
    SLICE_X81Y126        LUT6 (Prop_lut6_I5_O)        0.124    17.009 f  i_ariane/i_cva6/issue_stage_i/i_issue_register_allocation_table/regfile_ram_block[3].mem_reg[3][47]_r4_0_63_0_2_i_15/O
                         net (fo=1, routed)           0.291    17.300    i_ariane/i_cva6/issue_stage_i/gen_rs_blocks[1].rs_instance.i_reservation_station/i_tournament_tree_oldest_valid/regfile_ram_block[3].mem_reg[3][47]_r4_0_63_30_31
    SLICE_X81Y127        LUT3 (Prop_lut3_I2_O)        0.124    17.424 f  i_ariane/i_cva6/issue_stage_i/gen_rs_blocks[1].rs_instance.i_reservation_station/i_tournament_tree_oldest_valid/regfile_ram_block[3].mem_reg[3][47]_r4_0_63_0_2_i_6/O
                         net (fo=164, routed)         1.079    18.504    i_ariane/i_cva6/issue_stage_i/gen_rs_blocks[1].rs_instance.i_reservation_station/i_tournament_tree_oldest_valid/regfile_ram_block[3].mem_reg[3][47]_r4_0_63_0_2_i_15
    SLICE_X80Y132        LUT4 (Prop_lut4_I1_O)        0.124    18.628 r  i_ariane/i_cva6/issue_stage_i/gen_rs_blocks[1].rs_instance.i_reservation_station/i_tournament_tree_oldest_valid/fu_data_q[1][operand_b][31]_i_74/O
                         net (fo=1, routed)           0.633    19.261    i_ariane/i_cva6/issue_stage_i/gen_rs_blocks[1].rs_instance.i_reservation_station/i_tournament_tree_oldest_valid/fu_data_q[1][operand_b][31]_i_74_n_0
    SLICE_X80Y132        LUT6 (Prop_lut6_I1_O)        0.124    19.385 r  i_ariane/i_cva6/issue_stage_i/gen_rs_blocks[1].rs_instance.i_reservation_station/i_tournament_tree_oldest_valid/fu_data_q[1][operand_b][31]_i_40/O
                         net (fo=1, routed)           0.642    20.027    i_ariane/i_cva6/issue_stage_i/gen_rs_blocks[1].rs_instance.i_reservation_station/i_tournament_tree_oldest_valid/fu_data_q[1][operand_b][31]_i_40_n_0
    SLICE_X80Y132        LUT4 (Prop_lut4_I1_O)        0.124    20.151 r  i_ariane/i_cva6/issue_stage_i/gen_rs_blocks[1].rs_instance.i_reservation_station/i_tournament_tree_oldest_valid/fu_data_q[1][operand_b][31]_i_20/O
                         net (fo=1, routed)           0.754    20.905    i_ariane/i_cva6/issue_stage_i/gen_rs_blocks[1].rs_instance.i_reservation_station/i_tournament_tree_oldest_valid/fu_data_q[1][operand_b][31]_i_20_n_0
    SLICE_X67Y130        LUT5 (Prop_lut5_I0_O)        0.124    21.029 r  i_ariane/i_cva6/issue_stage_i/gen_rs_blocks[1].rs_instance.i_reservation_station/i_tournament_tree_oldest_valid/fu_data_q[1][operand_b][31]_i_11/O
                         net (fo=32, routed)          1.108    22.138    i_ariane/i_cva6/issue_stage_i/i_issue_read_operands/gen_fpga_regfile.i_ariane_regfile_fpga/block_addr[3]_193[0]
    SLICE_X64Y132        LUT6 (Prop_lut6_I4_O)        0.124    22.262 r  i_ariane/i_cva6/issue_stage_i/i_issue_read_operands/gen_fpga_regfile.i_ariane_regfile_fpga/fu_data_q[1][operand_b][22]_i_4/O
                         net (fo=1, routed)           0.674    22.936    i_ariane/i_cva6/issue_stage_i/i_scoreboard/mem_read[22]
    SLICE_X64Y132        LUT6 (Prop_lut6_I4_O)        0.124    23.060 r  i_ariane/i_cva6/issue_stage_i/i_scoreboard/fu_data_q[1][operand_b][22]_i_1/O
                         net (fo=1, routed)           0.000    23.060    i_ariane/i_cva6/issue_stage_i/i_issue_read_operands/fu_data_q_reg[1][operand_b][31]_1[22]
    SLICE_X64Y132        FDCE                                         r  i_ariane/i_cva6/issue_stage_i/i_issue_read_operands/fu_data_q_reg[1][operand_b][22]/D
  -------------------------------------------------------------------    -------------------

                         (clock clk_out1_xlnx_clk_gen rise edge)
                                                     25.000    25.000 r  
    K17                                               0.000    25.000 r  clk_sys (IN)
                         net (fo=0)                   0.000    25.000    i_xlnx_clk_gen/inst/clk_in1
    K17                  IBUF (Prop_ibuf_I_O)         1.404    26.404 r  i_xlnx_clk_gen/inst/clkin1_ibufg/O
                         net (fo=1, routed)           1.162    27.566    i_xlnx_clk_gen/inst/clk_in1_xlnx_clk_gen
    MMCME2_ADV_X1Y2      MMCME2_ADV (Prop_mmcme2_adv_CLKIN1_CLKOUT0)
                                                     -7.814    19.752 r  i_xlnx_clk_gen/inst/mmcm_adv_inst/CLKOUT0
                         net (fo=1, routed)           2.012    21.764    i_xlnx_clk_gen/inst/clk_out1_xlnx_clk_gen
    BUFGCTRL_X0Y16       BUFG (Prop_bufg_I_O)         0.091    21.855 r  i_xlnx_clk_gen/inst/clkout1_buf/O
                         net (fo=21098, routed)       1.707    23.562    i_ariane/i_cva6/issue_stage_i/i_issue_read_operands/clk_out1
    SLICE_X64Y132        FDCE                                         r  i_ariane/i_cva6/issue_stage_i/i_issue_read_operands/fu_data_q_reg[1][operand_b][22]/C
                         clock pessimism              0.585    24.147    
                         clock uncertainty           -2.082    22.065    
    SLICE_X64Y132        FDCE (Setup_fdce_C_D)        0.029    22.094    i_ariane/i_cva6/issue_stage_i/i_issue_read_operands/fu_data_q_reg[1][operand_b][22]
  -------------------------------------------------------------------
                         required time                         22.094    
                         arrival time                         -23.060    
  -------------------------------------------------------------------
                         slack                                 -0.966    





Min Delay Paths
--------------------------------------------------------------------------------------
Slack (MET) :             0.023ns  (arrival time - required time)
  Source:                 i_xlnx_blk_mem_gen/U0/inst_blk_mem_gen/gnbram.gaxibmg.axi_wr_fsm/gaxi_bid_gen.bvalid_wr_cnt_r_reg[0]/C
                            (rising edge-triggered cell FDRE clocked by clk_out1_xlnx_clk_gen  {rise@0.000ns fall@12.500ns period=25.000ns})
  Destination:            i_xlnx_blk_mem_gen/U0/inst_blk_mem_gen/gnbram.gaxibmg.axi_wr_fsm/gaxi_bid_gen.axi_bid_array_reg_0_3_0_4/RAMA/WADR0
                            (rising edge-triggered cell RAMD32 clocked by clk_out1_xlnx_clk_gen  {rise@0.000ns fall@12.500ns period=25.000ns})
  Path Group:             clk_out1_xlnx_clk_gen
  Path Type:              Hold (Min at Fast Process Corner)
  Requirement:            0.000ns  (clk_out1_xlnx_clk_gen rise@0.000ns - clk_out1_xlnx_clk_gen rise@0.000ns)
  Data Path Delay:        0.346ns  (logic 0.141ns (40.727%)  route 0.205ns (59.273%))
  Logic Levels:           0  
  Clock Path Skew:        0.013ns (DCD - SCD - CPR)
    Destination Clock Delay (DCD):    -0.856ns
    Source Clock Delay      (SCD):    -0.617ns
    Clock Pessimism Removal (CPR):    -0.253ns

    Location             Delay type                Incr(ns)  Path(ns)    Netlist Resource(s)
  -------------------------------------------------------------------    -------------------
                         (clock clk_out1_xlnx_clk_gen rise edge)
                                                      0.000     0.000 r  
    K17                                               0.000     0.000 r  clk_sys (IN)
                         net (fo=0)                   0.000     0.000    i_xlnx_clk_gen/inst/clk_in1
    K17                  IBUF (Prop_ibuf_I_O)         0.243     0.243 r  i_xlnx_clk_gen/inst/clkin1_ibufg/O
                         net (fo=1, routed)           0.440     0.683    i_xlnx_clk_gen/inst/clk_in1_xlnx_clk_gen
    MMCME2_ADV_X1Y2      MMCME2_ADV (Prop_mmcme2_adv_CLKIN1_CLKOUT0)
                                                     -2.613    -1.930 r  i_xlnx_clk_gen/inst/mmcm_adv_inst/CLKOUT0
                         net (fo=1, routed)           0.696    -1.233    i_xlnx_clk_gen/inst/clk_out1_xlnx_clk_gen
    BUFGCTRL_X0Y16       BUFG (Prop_bufg_I_O)         0.026    -1.207 r  i_xlnx_clk_gen/inst/clkout1_buf/O
                         net (fo=21098, routed)       0.591    -0.617    i_xlnx_blk_mem_gen/U0/inst_blk_mem_gen/gnbram.gaxibmg.axi_wr_fsm/s_aclk
    SLICE_X87Y1          FDRE                                         r  i_xlnx_blk_mem_gen/U0/inst_blk_mem_gen/gnbram.gaxibmg.axi_wr_fsm/gaxi_bid_gen.bvalid_wr_cnt_r_reg[0]/C
  -------------------------------------------------------------------    -------------------
    SLICE_X87Y1          FDRE (Prop_fdre_C_Q)         0.141    -0.476 r  i_xlnx_blk_mem_gen/U0/inst_blk_mem_gen/gnbram.gaxibmg.axi_wr_fsm/gaxi_bid_gen.bvalid_wr_cnt_r_reg[0]/Q
                         net (fo=10, routed)          0.205    -0.270    i_xlnx_blk_mem_gen/U0/inst_blk_mem_gen/gnbram.gaxibmg.axi_wr_fsm/gaxi_bid_gen.axi_bid_array_reg_0_3_0_4/ADDRD0
    SLICE_X86Y1          RAMD32                                       r  i_xlnx_blk_mem_gen/U0/inst_blk_mem_gen/gnbram.gaxibmg.axi_wr_fsm/gaxi_bid_gen.axi_bid_array_reg_0_3_0_4/RAMA/WADR0
  -------------------------------------------------------------------    -------------------

                         (clock clk_out1_xlnx_clk_gen rise edge)
                                                      0.000     0.000 r  
    K17                                               0.000     0.000 r  clk_sys (IN)
                         net (fo=0)                   0.000     0.000    i_xlnx_clk_gen/inst/clk_in1
    K17                  IBUF (Prop_ibuf_I_O)         0.431     0.431 r  i_xlnx_clk_gen/inst/clkin1_ibufg/O
                         net (fo=1, routed)           0.480     0.911    i_xlnx_clk_gen/inst/clk_in1_xlnx_clk_gen
    MMCME2_ADV_X1Y2      MMCME2_ADV (Prop_mmcme2_adv_CLKIN1_CLKOUT0)
                                                     -3.407    -2.496 r  i_xlnx_clk_gen/inst/mmcm_adv_inst/CLKOUT0
                         net (fo=1, routed)           0.752    -1.744    i_xlnx_clk_gen/inst/clk_out1_xlnx_clk_gen
    BUFGCTRL_X0Y16       BUFG (Prop_bufg_I_O)         0.029    -1.715 r  i_xlnx_clk_gen/inst/clkout1_buf/O
                         net (fo=21098, routed)       0.859    -0.856    i_xlnx_blk_mem_gen/U0/inst_blk_mem_gen/gnbram.gaxibmg.axi_wr_fsm/gaxi_bid_gen.axi_bid_array_reg_0_3_0_4/WCLK
    SLICE_X86Y1          RAMD32                                       r  i_xlnx_blk_mem_gen/U0/inst_blk_mem_gen/gnbram.gaxibmg.axi_wr_fsm/gaxi_bid_gen.axi_bid_array_reg_0_3_0_4/RAMA/CLK
                         clock pessimism              0.253    -0.604    
    SLICE_X86Y1          RAMD32 (Hold_ramd32_CLK_WADR0)
                                                      0.310    -0.294    i_xlnx_blk_mem_gen/U0/inst_blk_mem_gen/gnbram.gaxibmg.axi_wr_fsm/gaxi_bid_gen.axi_bid_array_reg_0_3_0_4/RAMA
  -------------------------------------------------------------------
                         required time                          0.294    
                         arrival time                          -0.270    
  -------------------------------------------------------------------
                         slack                                  0.023    





Pulse Width Checks
--------------------------------------------------------------------------------------
Clock Name:         clk_out1_xlnx_clk_gen
Waveform(ns):       { 0.000 12.500 }
Period(ns):         25.000
Sources:            { i_xlnx_clk_gen/inst/mmcm_adv_inst/CLKOUT0 }

Check Type        Corner  Lib Pin             Reference Pin  Required(ns)  Actual(ns)  Slack(ns)  Location         Pin
Min Period        n/a     RAMB36E1/CLKARDCLK  n/a            2.944         25.000      22.056     RAMB36_X4Y16     i_ariane/i_cva6/gen_cache_hpd.i_cache_subsystem/i_cva6_icache/gen_sram[0].data_sram/data_sram/gen_cut[0].i_tc_sram_wrapper/i_ram/Mem_DP_reg/CLKARDCLK
Max Period        n/a     MMCME2_ADV/CLKOUT0  n/a            213.360       25.000      188.360    MMCME2_ADV_X1Y2  i_xlnx_clk_gen/inst/mmcm_adv_inst/CLKOUT0
Low Pulse Width   Slow    RAMD32/CLK          n/a            1.250         12.500      11.250     SLICE_X38Y15     i_ariane/i_cva6/gen_cache_hpd.i_cache_subsystem/i_dcache/i_hpdcache/gen_wbuf.hpdcache_wbuf_i/send_data_ptr_fifo_i/gen_fifo.fifo_mem_q_reg[1][data_ptr]_0_1_0_0/DP/CLK
High Pulse Width  Slow    RAMD32/CLK          n/a            1.250         12.500      11.250     SLICE_X38Y15     i_ariane/i_cva6/gen_cache_hpd.i_cache_subsystem/i_dcache/i_hpdcache/gen_wbuf.hpdcache_wbuf_i/send_data_ptr_fifo_i/gen_fifo.fifo_mem_q_reg[1][data_ptr]_0_1_0_0/DP/CLK



---------------------------------------------------------------------------------------------------
From Clock:  clkfbout_xlnx_clk_gen
  To Clock:  clkfbout_xlnx_clk_gen

Setup :           NA  Failing Endpoints,  Worst Slack           NA  ,  Total Violation           NA
Hold  :           NA  Failing Endpoints,  Worst Slack           NA  ,  Total Violation           NA
PW    :            0  Failing Endpoints,  Worst Slack        5.845ns,  Total Violation        0.000ns
---------------------------------------------------------------------------------------------------


Pulse Width Checks
--------------------------------------------------------------------------------------
Clock Name:         clkfbout_xlnx_clk_gen
Waveform(ns):       { 0.000 4.000 }
Period(ns):         8.000
Sources:            { i_xlnx_clk_gen/inst/mmcm_adv_inst/CLKFBOUT }

Check Type  Corner  Lib Pin             Reference Pin  Required(ns)  Actual(ns)  Slack(ns)  Location         Pin
Min Period  n/a     BUFG/I              n/a            2.155         8.000       5.845      BUFGCTRL_X0Y17   i_xlnx_clk_gen/inst/clkf_buf/I
Max Period  n/a     MMCME2_ADV/CLKFBIN  n/a            100.000       8.000       92.000     MMCME2_ADV_X1Y2  i_xlnx_clk_gen/inst/mmcm_adv_inst/CLKFBIN



---------------------------------------------------------------------------------------------------
From Clock:  tck
  To Clock:  tck

Setup :            0  Failing Endpoints,  Worst Slack        1.497ns,  Total Violation        0.000ns
Hold  :            0  Failing Endpoints,  Worst Slack        0.035ns,  Total Violation        0.000ns
PW    :            0  Failing Endpoints,  Worst Slack       49.500ns,  Total Violation        0.000ns
---------------------------------------------------------------------------------------------------


Max Delay Paths
--------------------------------------------------------------------------------------
Slack (MET) :             1.497ns  (required time - arrival time)
  Source:                 i_dmi_jtag/i_dmi_jtag_tap/td_o_reg/C
                            (falling edge-triggered cell FDCE clocked by tck  {rise@0.000ns fall@50.000ns period=100.000ns})
  Destination:            tdo
                            (output port clocked by tck  {rise@0.000ns fall@50.000ns period=100.000ns})
  Path Group:             tck
  Path Type:              Max at Slow Process Corner
  Requirement:            20.000ns  (MaxDelay Path 20.000ns)
  Data Path Delay:        5.681ns  (logic 4.015ns (70.685%)  route 1.665ns (29.315%))
  Logic Levels:           1  (OBUF=1)
  Output Delay:           5.000ns
  Clock Path Skew:        -7.321ns (DCD - SCD + CPR)
    Destination Clock Delay (DCD):    0.000ns
    Source Clock Delay      (SCD):    7.321ns
    Clock Pessimism Removal (CPR):    0.000ns
  Clock Uncertainty:      0.501ns  ((TSJ^2 + TIJ^2)^1/2 + DJ) / 2 + PE
    Total System Jitter     (TSJ):    0.071ns
    Total Input Jitter      (TIJ):    1.000ns
    Discrete Jitter          (DJ):    0.000ns
    Phase Error              (PE):    0.000ns
  Timing Exception:       MaxDelay Path 20.000ns

    Location             Delay type                Incr(ns)  Path(ns)    Netlist Resource(s)
  -------------------------------------------------------------------    -------------------
                         (clock tck fall edge)        0.000     0.000 f  
    H15                                               0.000     0.000 f  tck (IN)
                         net (fo=0)                   0.000     0.000    tck
    H15                  IBUF (Prop_ibuf_I_O)         1.500     1.500 f  tck_IBUF_inst/O
                         net (fo=1, routed)           3.659     5.159    tck_IBUF
    BUFGCTRL_X0Y0        BUFG (Prop_bufg_I_O)         0.101     5.260 f  tck_IBUF_BUFG_inst/O
                         net (fo=258, routed)         2.061     7.321    i_dmi_jtag/i_dmi_jtag_tap/tck_ni
    SLICE_X113Y100       FDCE                                         r  i_dmi_jtag/i_dmi_jtag_tap/td_o_reg/C  (IS_INVERTED)
  -------------------------------------------------------------------    -------------------
    SLICE_X113Y100       FDCE (Prop_fdce_C_Q)         0.459     7.780 r  i_dmi_jtag/i_dmi_jtag_tap/td_o_reg/Q
                         net (fo=1, routed)           1.665     9.446    tdo_OBUF
    J15                  OBUF (Prop_obuf_I_O)         3.556    13.002 r  tdo_OBUF_inst/O
                         net (fo=0)                   0.000    13.002    tdo
    J15                                                               r  tdo (OUT)
  -------------------------------------------------------------------    -------------------

                         max delay                   20.000    20.000    
                         clock pessimism              0.000    20.000    
                         clock uncertainty           -0.501    19.499    
                         output delay                -5.000    14.499    
  -------------------------------------------------------------------
                         required time                         14.499    
                         arrival time                         -13.002    
  -------------------------------------------------------------------
                         slack                                  1.497    





Min Delay Paths
--------------------------------------------------------------------------------------
Slack (MET) :             0.035ns  (arrival time - required time)
  Source:                 i_dmi_jtag/dr_q_reg[3]/C
                            (rising edge-triggered cell FDCE clocked by tck  {rise@0.000ns fall@50.000ns period=100.000ns})
  Destination:            i_dmi_jtag/data_q_reg[1]/D
                            (rising edge-triggered cell FDCE clocked by tck  {rise@0.000ns fall@50.000ns period=100.000ns})
  Path Group:             tck
  Path Type:              Hold (Min at Fast Process Corner)
  Requirement:            0.000ns  (tck rise@0.000ns - tck rise@0.000ns)
  Data Path Delay:        0.339ns  (logic 0.186ns (54.881%)  route 0.153ns (45.119%))
  Logic Levels:           1  (LUT4=1)
  Clock Path Skew:        0.183ns (DCD - SCD - CPR)
    Destination Clock Delay (DCD):    3.155ns
    Source Clock Delay      (SCD):    2.530ns
    Clock Pessimism Removal (CPR):    0.442ns

    Location             Delay type                Incr(ns)  Path(ns)    Netlist Resource(s)
  -------------------------------------------------------------------    -------------------
                         (clock tck rise edge)        0.000     0.000 r  
    H15                                               0.000     0.000 r  tck (IN)
                         net (fo=0)                   0.000     0.000    tck
    H15                  IBUF (Prop_ibuf_I_O)         0.268     0.268 r  tck_IBUF_inst/O
                         net (fo=1, routed)           1.516     1.784    tck_IBUF
    BUFGCTRL_X0Y0        BUFG (Prop_bufg_I_O)         0.026     1.810 r  tck_IBUF_BUFG_inst/O
                         net (fo=258, routed)         0.720     2.530    i_dmi_jtag/CLK
    SLICE_X109Y101       FDCE                                         r  i_dmi_jtag/dr_q_reg[3]/C
  -------------------------------------------------------------------    -------------------
    SLICE_X109Y101       FDCE (Prop_fdce_C_Q)         0.141     2.671 r  i_dmi_jtag/dr_q_reg[3]/Q
                         net (fo=2, routed)           0.153     2.824    i_dmi_jtag/i_dmi_cdc/i_cdc_resp/i_dst/data_q_reg[31][3]
    SLICE_X108Y99        LUT4 (Prop_lut4_I3_O)        0.045     2.869 r  i_dmi_jtag/i_dmi_cdc/i_cdc_resp/i_dst/data_q[1]_i_1/O
                         net (fo=1, routed)           0.000     2.869    i_dmi_jtag/i_dmi_cdc_n_274
    SLICE_X108Y99        FDCE                                         r  i_dmi_jtag/data_q_reg[1]/D
  -------------------------------------------------------------------    -------------------

                         (clock tck rise edge)        0.000     0.000 r  
    H15                                               0.000     0.000 r  tck (IN)
                         net (fo=0)                   0.000     0.000    tck
    H15                  IBUF (Prop_ibuf_I_O)         0.456     0.456 r  tck_IBUF_inst/O
                         net (fo=1, routed)           1.762     2.218    tck_IBUF
    BUFGCTRL_X0Y0        BUFG (Prop_bufg_I_O)         0.029     2.247 r  tck_IBUF_BUFG_inst/O
                         net (fo=258, routed)         0.908     3.155    i_dmi_jtag/CLK
    SLICE_X108Y99        FDCE                                         r  i_dmi_jtag/data_q_reg[1]/C
                         clock pessimism             -0.442     2.713    
    SLICE_X108Y99        FDCE (Hold_fdce_C_D)         0.121     2.834    i_dmi_jtag/data_q_reg[1]
  -------------------------------------------------------------------
                         required time                         -2.834    
                         arrival time                           2.869    
  -------------------------------------------------------------------
                         slack                                  0.035    





Pulse Width Checks
--------------------------------------------------------------------------------------
Clock Name:         tck
Waveform(ns):       { 0.000 50.000 }
Period(ns):         100.000
Sources:            { tck }

Check Type        Corner  Lib Pin  Reference Pin  Required(ns)  Actual(ns)  Slack(ns)  Location       Pin
Min Period        n/a     BUFG/I   n/a            2.155         100.000     97.845     BUFGCTRL_X0Y0  tck_IBUF_BUFG_inst/I
Low Pulse Width   Slow    FDCE/C   n/a            0.500         50.000      49.500     SLICE_X113Y94  i_dmi_jtag/FSM_sequential_state_q_reg[0]/C
High Pulse Width  Slow    FDCE/C   n/a            0.500         50.000      49.500     SLICE_X113Y94  i_dmi_jtag/FSM_sequential_state_q_reg[0]/C



---------------------------------------------------------------------------------------------------
Path Group:  **async_default**
From Clock:  clk_out1_xlnx_clk_gen
  To Clock:  clk_out1_xlnx_clk_gen

Setup :            0  Failing Endpoints,  Worst Slack       18.834ns,  Total Violation        0.000ns
Hold  :            0  Failing Endpoints,  Worst Slack        0.498ns,  Total Violation        0.000ns
---------------------------------------------------------------------------------------------------


Max Delay Paths
--------------------------------------------------------------------------------------
Slack (MET) :             18.834ns  (required time - arrival time)
  Source:                 i_dm_top/i_dm_csrs/dmcontrol_q_reg[ndmreset]/C
                            (rising edge-triggered cell FDCE clocked by clk_out1_xlnx_clk_gen  {rise@0.000ns fall@12.500ns period=25.000ns})
  Destination:            i_rstgen_main/i_rstgen_bypass/synch_regs_q_reg[2]/CLR
                            (recovery check against rising-edge clock clk_out1_xlnx_clk_gen  {rise@0.000ns fall@12.500ns period=25.000ns})
  Path Group:             **async_default**
  Path Type:              Recovery (Max at Slow Process Corner)
  Requirement:            25.000ns  (clk_out1_xlnx_clk_gen rise@25.000ns - clk_out1_xlnx_clk_gen rise@0.000ns)
  Data Path Delay:        3.639ns  (logic 0.580ns (15.936%)  route 3.059ns (84.064%))
  Logic Levels:           1  (LUT2=1)
  Clock Path Skew:        -0.125ns (DCD - SCD + CPR)
    Destination Clock Delay (DCD):    -1.539ns = ( 23.461 - 25.000 ) 
    Source Clock Delay      (SCD):    -0.847ns
    Clock Pessimism Removal (CPR):    0.567ns
  Clock Uncertainty:      2.082ns  ((TSJ^2 + DJ^2)^1/2) / 2 + PE + UU
    Total System Jitter     (TSJ):    0.071ns
    Discrete Jitter          (DJ):    0.149ns
    Phase Error              (PE):    0.000ns
    User Uncertainty         (UU):    2.000ns

    Location             Delay type                Incr(ns)  Path(ns)    Netlist Resource(s)
  -------------------------------------------------------------------    -------------------
                         (clock clk_out1_xlnx_clk_gen rise edge)
                                                      0.000     0.000 r  
    K17                                               0.000     0.000 r  clk_sys (IN)
                         net (fo=0)                   0.000     0.000    i_xlnx_clk_gen/inst/clk_in1
    K17                  IBUF (Prop_ibuf_I_O)         1.475     1.475 r  i_xlnx_clk_gen/inst/clkin1_ibufg/O
                         net (fo=1, routed)           1.285     2.760    i_xlnx_clk_gen/inst/clk_in1_xlnx_clk_gen
    MMCME2_ADV_X1Y2      MMCME2_ADV (Prop_mmcme2_adv_CLKIN1_CLKOUT0)
                                                     -7.759    -4.999 r  i_xlnx_clk_gen/inst/mmcm_adv_inst/CLKOUT0
                         net (fo=1, routed)           2.206    -2.793    i_xlnx_clk_gen/inst/clk_out1_xlnx_clk_gen
    BUFGCTRL_X0Y16       BUFG (Prop_bufg_I_O)         0.101    -2.692 r  i_xlnx_clk_gen/inst/clkout1_buf/O
                         net (fo=21098, routed)       1.845    -0.847    i_dm_top/i_dm_csrs/clk_out1
    SLICE_X113Y74        FDCE                                         r  i_dm_top/i_dm_csrs/dmcontrol_q_reg[ndmreset]/C
  -------------------------------------------------------------------    -------------------
    SLICE_X113Y74        FDCE (Prop_fdce_C_Q)         0.456    -0.391 f  i_dm_top/i_dm_csrs/dmcontrol_q_reg[ndmreset]/Q
                         net (fo=3, routed)           1.723     1.331    i_dm_top/i_dm_csrs/ndmreset
    SLICE_X112Y95        LUT2 (Prop_lut2_I0_O)        0.124     1.455 f  i_dm_top/i_dm_csrs/synch_regs_q[3]_i_1/O
                         net (fo=4, routed)           1.337     2.792    i_rstgen_main/i_rstgen_bypass/synch_regs_q_reg[3]_2
    SLICE_X98Y89         FDCE                                         f  i_rstgen_main/i_rstgen_bypass/synch_regs_q_reg[2]/CLR
  -------------------------------------------------------------------    -------------------

                         (clock clk_out1_xlnx_clk_gen rise edge)
                                                     25.000    25.000 r  
    K17                                               0.000    25.000 r  clk_sys (IN)
                         net (fo=0)                   0.000    25.000    i_xlnx_clk_gen/inst/clk_in1
    K17                  IBUF (Prop_ibuf_I_O)         1.404    26.404 r  i_xlnx_clk_gen/inst/clkin1_ibufg/O
                         net (fo=1, routed)           1.162    27.566    i_xlnx_clk_gen/inst/clk_in1_xlnx_clk_gen
    MMCME2_ADV_X1Y2      MMCME2_ADV (Prop_mmcme2_adv_CLKIN1_CLKOUT0)
                                                     -7.814    19.752 r  i_xlnx_clk_gen/inst/mmcm_adv_inst/CLKOUT0
                         net (fo=1, routed)           2.012    21.764    i_xlnx_clk_gen/inst/clk_out1_xlnx_clk_gen
    BUFGCTRL_X0Y16       BUFG (Prop_bufg_I_O)         0.091    21.855 r  i_xlnx_clk_gen/inst/clkout1_buf/O
                         net (fo=21098, routed)       1.606    23.461    i_rstgen_main/i_rstgen_bypass/clk_out1
    SLICE_X98Y89         FDCE                                         r  i_rstgen_main/i_rstgen_bypass/synch_regs_q_reg[2]/C
                         clock pessimism              0.567    24.028    
                         clock uncertainty           -2.082    21.946    
    SLICE_X98Y89         FDCE (Recov_fdce_C_CLR)     -0.319    21.627    i_rstgen_main/i_rstgen_bypass/synch_regs_q_reg[2]
  -------------------------------------------------------------------
                         required time                         21.627    
                         arrival time                          -2.792    
  -------------------------------------------------------------------
                         slack                                 18.834    





Min Delay Paths
--------------------------------------------------------------------------------------
Slack (MET) :             0.498ns  (arrival time - required time)
  Source:                 i_axi_dwidth_converter_dm_slave/inst/gen_downsizer.gen_simple_downsizer.axi_downsizer_inst/USE_WRITE.write_addr_inst/USE_B_CHANNEL.cmd_b_queue/inst/fifo_gen_inst/inst_fifo_gen/gconvfifo.rf/grf.rf/rstblk/ngwrdrst.grst.g7serrst.gnsckt_wrst.gcc_rst.sckt_wr_rst_cc_reg[1]/C
                            (rising edge-triggered cell FDRE clocked by clk_out1_xlnx_clk_gen  {rise@0.000ns fall@12.500ns period=25.000ns})
  Destination:            i_axi_dwidth_converter_dm_slave/inst/gen_downsizer.gen_simple_downsizer.axi_downsizer_inst/USE_WRITE.write_addr_inst/USE_B_CHANNEL.cmd_b_queue/inst/fifo_gen_inst/inst_fifo_gen/gconvfifo.rf/grf.rf/gntv_or_sync_fifo.gl0.rd/gr1.gr1_int.rfwft/gpregsm1.curr_fwft_state_reg[0]/CLR
                            (removal check against rising-edge clock clk_out1_xlnx_clk_gen  {rise@0.000ns fall@12.500ns period=25.000ns})
  Path Group:             **async_default**
  Path Type:              Removal (Min at Fast Process Corner)
  Requirement:            0.000ns  (clk_out1_xlnx_clk_gen rise@0.000ns - clk_out1_xlnx_clk_gen rise@0.000ns)
  Data Path Delay:        0.447ns  (logic 0.186ns (41.573%)  route 0.261ns (58.427%))
  Logic Levels:           1  (LUT3=1)
  Clock Path Skew:        0.016ns (DCD - SCD - CPR)
    Destination Clock Delay (DCD):    -0.802ns
    Source Clock Delay      (SCD):    -0.566ns
    Clock Pessimism Removal (CPR):    -0.253ns

    Location             Delay type                Incr(ns)  Path(ns)    Netlist Resource(s)
  -------------------------------------------------------------------    -------------------
                         (clock clk_out1_xlnx_clk_gen rise edge)
                                                      0.000     0.000 r  
    K17                                               0.000     0.000 r  clk_sys (IN)
                         net (fo=0)                   0.000     0.000    i_xlnx_clk_gen/inst/clk_in1
    K17                  IBUF (Prop_ibuf_I_O)         0.243     0.243 r  i_xlnx_clk_gen/inst/clkin1_ibufg/O
                         net (fo=1, routed)           0.440     0.683    i_xlnx_clk_gen/inst/clk_in1_xlnx_clk_gen
    MMCME2_ADV_X1Y2      MMCME2_ADV (Prop_mmcme2_adv_CLKIN1_CLKOUT0)
                                                     -2.613    -1.930 r  i_xlnx_clk_gen/inst/mmcm_adv_inst/CLKOUT0
                         net (fo=1, routed)           0.696    -1.233    i_xlnx_clk_gen/inst/clk_out1_xlnx_clk_gen
    BUFGCTRL_X0Y16       BUFG (Prop_bufg_I_O)         0.026    -1.207 r  i_xlnx_clk_gen/inst/clkout1_buf/O
                         net (fo=21098, routed)       0.642    -0.566    i_axi_dwidth_converter_dm_slave/inst/gen_downsizer.gen_simple_downsizer.axi_downsizer_inst/USE_WRITE.write_addr_inst/USE_B_CHANNEL.cmd_b_queue/inst/fifo_gen_inst/inst_fifo_gen/gconvfifo.rf/grf.rf/rstblk/clk
    SLICE_X113Y3         FDRE                                         r  i_axi_dwidth_converter_dm_slave/inst/gen_downsizer.gen_simple_downsizer.axi_downsizer_inst/USE_WRITE.write_addr_inst/USE_B_CHANNEL.cmd_b_queue/inst/fifo_gen_inst/inst_fifo_gen/gconvfifo.rf/grf.rf/rstblk/ngwrdrst.grst.g7serrst.gnsckt_wrst.gcc_rst.sckt_wr_rst_cc_reg[1]/C
  -------------------------------------------------------------------    -------------------
    SLICE_X113Y3         FDRE (Prop_fdre_C_Q)         0.141    -0.425 f  i_axi_dwidth_converter_dm_slave/inst/gen_downsizer.gen_simple_downsizer.axi_downsizer_inst/USE_WRITE.write_addr_inst/USE_B_CHANNEL.cmd_b_queue/inst/fifo_gen_inst/inst_fifo_gen/gconvfifo.rf/grf.rf/rstblk/ngwrdrst.grst.g7serrst.gnsckt_wrst.gcc_rst.sckt_wr_rst_cc_reg[1]/Q
                         net (fo=2, routed)           0.063    -0.361    i_axi_dwidth_converter_dm_slave/inst/gen_downsizer.gen_simple_downsizer.axi_downsizer_inst/USE_WRITE.write_addr_inst/USE_B_CHANNEL.cmd_b_queue/inst/fifo_gen_inst/inst_fifo_gen/gconvfifo.rf/grf.rf/rstblk/ngwrdrst.grst.g7serrst.gnsckt_wrst.gcc_rst.sckt_wr_rst_cc[1]
    SLICE_X112Y3         LUT3 (Prop_lut3_I0_O)        0.045    -0.316 f  i_axi_dwidth_converter_dm_slave/inst/gen_downsizer.gen_simple_downsizer.axi_downsizer_inst/USE_WRITE.write_addr_inst/USE_B_CHANNEL.cmd_b_queue/inst/fifo_gen_inst/inst_fifo_gen/gconvfifo.rf/grf.rf/rstblk/gpregsm1.curr_fwft_state[1]_i_2/O
                         net (fo=32, routed)          0.198    -0.118    i_axi_dwidth_converter_dm_slave/inst/gen_downsizer.gen_simple_downsizer.axi_downsizer_inst/USE_WRITE.write_addr_inst/USE_B_CHANNEL.cmd_b_queue/inst/fifo_gen_inst/inst_fifo_gen/gconvfifo.rf/grf.rf/gntv_or_sync_fifo.gl0.rd/gr1.gr1_int.rfwft/gpregsm1.user_valid_reg_0
    SLICE_X112Y4         FDCE                                         f  i_axi_dwidth_converter_dm_slave/inst/gen_downsizer.gen_simple_downsizer.axi_downsizer_inst/USE_WRITE.write_addr_inst/USE_B_CHANNEL.cmd_b_queue/inst/fifo_gen_inst/inst_fifo_gen/gconvfifo.rf/grf.rf/gntv_or_sync_fifo.gl0.rd/gr1.gr1_int.rfwft/gpregsm1.curr_fwft_state_reg[0]/CLR
  -------------------------------------------------------------------    -------------------

                         (clock clk_out1_xlnx_clk_gen rise edge)
                                                      0.000     0.000 r  
    K17                                               0.000     0.000 r  clk_sys (IN)
                         net (fo=0)                   0.000     0.000    i_xlnx_clk_gen/inst/clk_in1
    K17                  IBUF (Prop_ibuf_I_O)         0.431     0.431 r  i_xlnx_clk_gen/inst/clkin1_ibufg/O
                         net (fo=1, routed)           0.480     0.911    i_xlnx_clk_gen/inst/clk_in1_xlnx_clk_gen
    MMCME2_ADV_X1Y2      MMCME2_ADV (Prop_mmcme2_adv_CLKIN1_CLKOUT0)
                                                     -3.407    -2.496 r  i_xlnx_clk_gen/inst/mmcm_adv_inst/CLKOUT0
                         net (fo=1, routed)           0.752    -1.744    i_xlnx_clk_gen/inst/clk_out1_xlnx_clk_gen
    BUFGCTRL_X0Y16       BUFG (Prop_bufg_I_O)         0.029    -1.715 r  i_xlnx_clk_gen/inst/clkout1_buf/O
                         net (fo=21098, routed)       0.913    -0.802    i_axi_dwidth_converter_dm_slave/inst/gen_downsizer.gen_simple_downsizer.axi_downsizer_inst/USE_WRITE.write_addr_inst/USE_B_CHANNEL.cmd_b_queue/inst/fifo_gen_inst/inst_fifo_gen/gconvfifo.rf/grf.rf/gntv_or_sync_fifo.gl0.rd/gr1.gr1_int.rfwft/clk
    SLICE_X112Y4         FDCE                                         r  i_axi_dwidth_converter_dm_slave/inst/gen_downsizer.gen_simple_downsizer.axi_downsizer_inst/USE_WRITE.write_addr_inst/USE_B_CHANNEL.cmd_b_queue/inst/fifo_gen_inst/inst_fifo_gen/gconvfifo.rf/grf.rf/gntv_or_sync_fifo.gl0.rd/gr1.gr1_int.rfwft/gpregsm1.curr_fwft_state_reg[0]/C
                         clock pessimism              0.253    -0.550    
    SLICE_X112Y4         FDCE (Remov_fdce_C_CLR)     -0.067    -0.617    i_axi_dwidth_converter_dm_slave/inst/gen_downsizer.gen_simple_downsizer.axi_downsizer_inst/USE_WRITE.write_addr_inst/USE_B_CHANNEL.cmd_b_queue/inst/fifo_gen_inst/inst_fifo_gen/gconvfifo.rf/grf.rf/gntv_or_sync_fifo.gl0.rd/gr1.gr1_int.rfwft/gpregsm1.curr_fwft_state_reg[0]
  -------------------------------------------------------------------
                         required time                          0.617    
                         arrival time                          -0.118    
  -------------------------------------------------------------------
                         slack                                  0.498    





--------------------------------------------------------------------------------------
Path Group:  (none)
From Clock:  clk_out1_xlnx_clk_gen
  To Clock:  clk_out1_xlnx_clk_gen

Max Delay             6 Endpoints
Min Delay             6 Endpoints
--------------------------------------------------------------------------------------


Max Delay Paths
--------------------------------------------------------------------------------------
Slack:                    inf
  Source:                 i_rstgen_main/i_rstgen_bypass/synch_regs_q_reg[3]/C
                            (rising edge-triggered cell FDCE clocked by clk_out1_xlnx_clk_gen  {rise@0.000ns fall@12.500ns period=25.000ns})
  Destination:            i_axi_dwidth_converter_dm_slave/inst/gen_downsizer.gen_simple_downsizer.axi_downsizer_inst/USE_READ.read_addr_inst/cmd_queue/inst/fifo_gen_inst/inst_fifo_gen/gconvfifo.rf/grf.rf/rstblk/ngwrdrst.grst.g7serrst.gnsckt_wrst.rst_wr_reg2_inst/arststages_ff_reg[0]/PRE
                            (recovery check against rising-edge clock clk_out1_xlnx_clk_gen  {rise@0.000ns fall@12.500ns period=25.000ns})
  Path Group:             (none)
  Path Type:              Recovery (Max at Slow Process Corner)
  Data Path Delay:        8.713ns  (logic 0.642ns (7.368%)  route 8.071ns (92.632%))
  Logic Levels:           1  (LUT1=1)
  Clock Path Skew:        -0.547ns (DCD - SCD + CPR)
    Destination Clock Delay (DCD):    -1.457ns
    Source Clock Delay      (SCD):    -0.909ns
    Clock Pessimism Removal (CPR):    0.000ns
  Clock Uncertainty:      2.082ns  ((TSJ^2 + DJ^2)^1/2) / 2 + PE + UU
    Total System Jitter     (TSJ):    0.071ns
    Discrete Jitter          (DJ):    0.149ns
    Phase Error              (PE):    0.000ns
    User Uncertainty         (UU):    2.000ns
  Timing Exception:       False Path

    Location             Delay type                Incr(ns)  Path(ns)    Netlist Resource(s)
  -------------------------------------------------------------------    -------------------
                         (clock clk_out1_xlnx_clk_gen rise edge)
                                                      0.000     0.000 r  
    K17                                               0.000     0.000 r  clk_sys (IN)
                         net (fo=0)                   0.000     0.000    i_xlnx_clk_gen/inst/clk_in1
    K17                  IBUF (Prop_ibuf_I_O)         1.475     1.475 r  i_xlnx_clk_gen/inst/clkin1_ibufg/O
                         net (fo=1, routed)           1.285     2.760    i_xlnx_clk_gen/inst/clk_in1_xlnx_clk_gen
    MMCME2_ADV_X1Y2      MMCME2_ADV (Prop_mmcme2_adv_CLKIN1_CLKOUT0)
                                                     -7.759    -4.999 r  i_xlnx_clk_gen/inst/mmcm_adv_inst/CLKOUT0
                         net (fo=1, routed)           2.206    -2.793    i_xlnx_clk_gen/inst/clk_out1_xlnx_clk_gen
    BUFGCTRL_X0Y16       BUFG (Prop_bufg_I_O)         0.101    -2.692 r  i_xlnx_clk_gen/inst/clkout1_buf/O
                         net (fo=21098, routed)       1.783    -0.909    i_rstgen_main/i_rstgen_bypass/clk_out1
    SLICE_X98Y89         FDCE                                         r  i_rstgen_main/i_rstgen_bypass/synch_regs_q_reg[3]/C
  -------------------------------------------------------------------    -------------------
    SLICE_X98Y89         FDCE (Prop_fdce_C_Q)         0.518    -0.391 r  i_rstgen_main/i_rstgen_bypass/synch_regs_q_reg[3]/Q
                         net (fo=47, routed)          5.676     5.285    i_axi_dwidth_converter_dm_slave/inst/gen_downsizer.gen_simple_downsizer.axi_downsizer_inst/USE_WRITE.write_addr_inst/USE_B_CHANNEL.cmd_b_queue/inst/out
    SLICE_X110Y4         LUT1 (Prop_lut1_I0_O)        0.124     5.409 f  i_axi_dwidth_converter_dm_slave/inst/gen_downsizer.gen_simple_downsizer.axi_downsizer_inst/USE_WRITE.write_addr_inst/USE_B_CHANNEL.cmd_b_queue/inst/S_AXI_AREADY_I_i_1/O
                         net (fo=156, routed)         2.395     7.804    i_axi_dwidth_converter_dm_slave/inst/gen_downsizer.gen_simple_downsizer.axi_downsizer_inst/USE_READ.read_addr_inst/cmd_queue/inst/fifo_gen_inst/inst_fifo_gen/gconvfifo.rf/grf.rf/rstblk/ngwrdrst.grst.g7serrst.gnsckt_wrst.rst_wr_reg2_inst/src_arst
    SLICE_X113Y22        FDPE                                         f  i_axi_dwidth_converter_dm_slave/inst/gen_downsizer.gen_simple_downsizer.axi_downsizer_inst/USE_READ.read_addr_inst/cmd_queue/inst/fifo_gen_inst/inst_fifo_gen/gconvfifo.rf/grf.rf/rstblk/ngwrdrst.grst.g7serrst.gnsckt_wrst.rst_wr_reg2_inst/arststages_ff_reg[0]/PRE
  -------------------------------------------------------------------    -------------------

                         (clock clk_out1_xlnx_clk_gen rise edge)
                                                      0.000     0.000 r  
    K17                                               0.000     0.000 r  clk_sys (IN)
                         net (fo=0)                   0.000     0.000    i_xlnx_clk_gen/inst/clk_in1
    K17                  IBUF (Prop_ibuf_I_O)         1.404     1.404 r  i_xlnx_clk_gen/inst/clkin1_ibufg/O
                         net (fo=1, routed)           1.162     2.566    i_xlnx_clk_gen/inst/clk_in1_xlnx_clk_gen
    MMCME2_ADV_X1Y2      MMCME2_ADV (Prop_mmcme2_adv_CLKIN1_CLKOUT0)
                                                     -7.814    -5.248 r  i_xlnx_clk_gen/inst/mmcm_adv_inst/CLKOUT0
                         net (fo=1, routed)           2.012    -3.236    i_xlnx_clk_gen/inst/clk_out1_xlnx_clk_gen
    BUFGCTRL_X0Y16       BUFG (Prop_bufg_I_O)         0.091    -3.145 r  i_xlnx_clk_gen/inst/clkout1_buf/O
                         net (fo=21098, routed)       1.688    -1.457    i_axi_dwidth_converter_dm_slave/inst/gen_downsizer.gen_simple_downsizer.axi_downsizer_inst/USE_READ.read_addr_inst/cmd_queue/inst/fifo_gen_inst/inst_fifo_gen/gconvfifo.rf/grf.rf/rstblk/ngwrdrst.grst.g7serrst.gnsckt_wrst.rst_wr_reg2_inst/dest_clk
    SLICE_X113Y22        FDPE                                         r  i_axi_dwidth_converter_dm_slave/inst/gen_downsizer.gen_simple_downsizer.axi_downsizer_inst/USE_READ.read_addr_inst/cmd_queue/inst/fifo_gen_inst/inst_fifo_gen/gconvfifo.rf/grf.rf/rstblk/ngwrdrst.grst.g7serrst.gnsckt_wrst.rst_wr_reg2_inst/arststages_ff_reg[0]/C





Min Delay Paths
--------------------------------------------------------------------------------------
Slack:                    inf
  Source:                 i_rstgen_main/i_rstgen_bypass/synch_regs_q_reg[3]/C
                            (rising edge-triggered cell FDCE clocked by clk_out1_xlnx_clk_gen  {rise@0.000ns fall@12.500ns period=25.000ns})
  Destination:            i_axi_dwidth_converter_dm_slave/inst/gen_downsizer.gen_simple_downsizer.axi_downsizer_inst/USE_WRITE.write_addr_inst/USE_B_CHANNEL.cmd_b_queue/inst/fifo_gen_inst/inst_fifo_gen/gconvfifo.rf/grf.rf/rstblk/ngwrdrst.grst.g7serrst.gnsckt_wrst.rst_wr_reg2_inst/arststages_ff_reg[0]/PRE
                            (removal check against rising-edge clock clk_out1_xlnx_clk_gen  {rise@0.000ns fall@12.500ns period=25.000ns})
  Path Group:             (none)
  Path Type:              Removal (Min at Fast Process Corner)
  Data Path Delay:        3.226ns  (logic 0.209ns (6.480%)  route 3.017ns (93.520%))
  Logic Levels:           1  (LUT1=1)
  Clock Path Skew:        -0.200ns (DCD - SCD - CPR)
    Destination Clock Delay (DCD):    -0.801ns
    Source Clock Delay      (SCD):    -0.602ns
    Clock Pessimism Removal (CPR):    -0.000ns
  Clock Uncertainty:      0.082ns  ((TSJ^2 + DJ^2)^1/2) / 2 + PE
    Total System Jitter     (TSJ):    0.071ns
    Discrete Jitter          (DJ):    0.149ns
    Phase Error              (PE):    0.000ns
  Timing Exception:       False Path

    Location             Delay type                Incr(ns)  Path(ns)    Netlist Resource(s)
  -------------------------------------------------------------------    -------------------
                         (clock clk_out1_xlnx_clk_gen rise edge)
                                                      0.000     0.000 r  
    K17                                               0.000     0.000 r  clk_sys (IN)
                         net (fo=0)                   0.000     0.000    i_xlnx_clk_gen/inst/clk_in1
    K17                  IBUF (Prop_ibuf_I_O)         0.243     0.243 r  i_xlnx_clk_gen/inst/clkin1_ibufg/O
                         net (fo=1, routed)           0.440     0.683    i_xlnx_clk_gen/inst/clk_in1_xlnx_clk_gen
    MMCME2_ADV_X1Y2      MMCME2_ADV (Prop_mmcme2_adv_CLKIN1_CLKOUT0)
                                                     -2.613    -1.930 r  i_xlnx_clk_gen/inst/mmcm_adv_inst/CLKOUT0
                         net (fo=1, routed)           0.696    -1.233    i_xlnx_clk_gen/inst/clk_out1_xlnx_clk_gen
    BUFGCTRL_X0Y16       BUFG (Prop_bufg_I_O)         0.026    -1.207 r  i_xlnx_clk_gen/inst/clkout1_buf/O
                         net (fo=21098, routed)       0.606    -0.602    i_rstgen_main/i_rstgen_bypass/clk_out1
    SLICE_X98Y89         FDCE                                         r  i_rstgen_main/i_rstgen_bypass/synch_regs_q_reg[3]/C
  -------------------------------------------------------------------    -------------------
    SLICE_X98Y89         FDCE (Prop_fdce_C_Q)         0.164    -0.438 r  i_rstgen_main/i_rstgen_bypass/synch_regs_q_reg[3]/Q
                         net (fo=47, routed)          2.449     2.012    i_axi_dwidth_converter_dm_slave/inst/gen_downsizer.gen_simple_downsizer.axi_downsizer_inst/USE_WRITE.write_addr_inst/USE_B_CHANNEL.cmd_b_queue/inst/out
    SLICE_X110Y4         LUT1 (Prop_lut1_I0_O)        0.045     2.057 f  i_axi_dwidth_converter_dm_slave/inst/gen_downsizer.gen_simple_downsizer.axi_downsizer_inst/USE_WRITE.write_addr_inst/USE_B_CHANNEL.cmd_b_queue/inst/S_AXI_AREADY_I_i_1/O
                         net (fo=156, routed)         0.567     2.624    i_axi_dwidth_converter_dm_slave/inst/gen_downsizer.gen_simple_downsizer.axi_downsizer_inst/USE_WRITE.write_addr_inst/USE_B_CHANNEL.cmd_b_queue/inst/fifo_gen_inst/inst_fifo_gen/gconvfifo.rf/grf.rf/rstblk/ngwrdrst.grst.g7serrst.gnsckt_wrst.rst_wr_reg2_inst/src_arst
    SLICE_X113Y2         FDPE                                         f  i_axi_dwidth_converter_dm_slave/inst/gen_downsizer.gen_simple_downsizer.axi_downsizer_inst/USE_WRITE.write_addr_inst/USE_B_CHANNEL.cmd_b_queue/inst/fifo_gen_inst/inst_fifo_gen/gconvfifo.rf/grf.rf/rstblk/ngwrdrst.grst.g7serrst.gnsckt_wrst.rst_wr_reg2_inst/arststages_ff_reg[0]/PRE
  -------------------------------------------------------------------    -------------------

                         (clock clk_out1_xlnx_clk_gen rise edge)
                                                      0.000     0.000 r  
    K17                                               0.000     0.000 r  clk_sys (IN)
                         net (fo=0)                   0.000     0.000    i_xlnx_clk_gen/inst/clk_in1
    K17                  IBUF (Prop_ibuf_I_O)         0.431     0.431 r  i_xlnx_clk_gen/inst/clkin1_ibufg/O
                         net (fo=1, routed)           0.480     0.911    i_xlnx_clk_gen/inst/clk_in1_xlnx_clk_gen
    MMCME2_ADV_X1Y2      MMCME2_ADV (Prop_mmcme2_adv_CLKIN1_CLKOUT0)
                                                     -3.407    -2.496 r  i_xlnx_clk_gen/inst/mmcm_adv_inst/CLKOUT0
                         net (fo=1, routed)           0.752    -1.744    i_xlnx_clk_gen/inst/clk_out1_xlnx_clk_gen
    BUFGCTRL_X0Y16       BUFG (Prop_bufg_I_O)         0.029    -1.715 r  i_xlnx_clk_gen/inst/clkout1_buf/O
                         net (fo=21098, routed)       0.914    -0.801    i_axi_dwidth_converter_dm_slave/inst/gen_downsizer.gen_simple_downsizer.axi_downsizer_inst/USE_WRITE.write_addr_inst/USE_B_CHANNEL.cmd_b_queue/inst/fifo_gen_inst/inst_fifo_gen/gconvfifo.rf/grf.rf/rstblk/ngwrdrst.grst.g7serrst.gnsckt_wrst.rst_wr_reg2_inst/dest_clk
    SLICE_X113Y2         FDPE                                         r  i_axi_dwidth_converter_dm_slave/inst/gen_downsizer.gen_simple_downsizer.axi_downsizer_inst/USE_WRITE.write_addr_inst/USE_B_CHANNEL.cmd_b_queue/inst/fifo_gen_inst/inst_fifo_gen/gconvfifo.rf/grf.rf/rstblk/ngwrdrst.grst.g7serrst.gnsckt_wrst.rst_wr_reg2_inst/arststages_ff_reg[0]/C





--------------------------------------------------------------------------------------
Path Group:  (none)
From Clock:  tck
  To Clock:  clk_out1_xlnx_clk_gen

Max Delay            43 Endpoints
Min Delay            43 Endpoints
--------------------------------------------------------------------------------------


Max Delay Paths
--------------------------------------------------------------------------------------
Slack:                    inf
  Source:                 i_dmi_jtag/i_dmi_cdc/i_cdc_req/i_src/data_src_q_reg[addr][3]/C
                            (rising edge-triggered cell FDCE clocked by tck  {rise@0.000ns fall@50.000ns period=100.000ns})
  Destination:            i_dmi_jtag/i_dmi_cdc/i_cdc_req/i_dst/data_dst_q_reg[addr][3]/D
                            (rising edge-triggered cell FDCE clocked by clk_out1_xlnx_clk_gen  {rise@0.000ns fall@12.500ns period=25.000ns})
  Path Group:             (none)
  Path Type:              Setup (Max at Slow Process Corner)
  Data Path Delay:        1.737ns  (logic 0.518ns (29.828%)  route 1.219ns (70.172%))
  Logic Levels:           0  
  Clock Path Skew:        -8.781ns (DCD - SCD + CPR)
    Destination Clock Delay (DCD):    -1.460ns
    Source Clock Delay      (SCD):    7.320ns
    Clock Pessimism Removal (CPR):    0.000ns
  Clock Uncertainty:      2.604ns  ((TSJ^2 + TIJ^2 + DJ^2)^1/2) / 2 + PE + UU
    Total System Jitter     (TSJ):    0.071ns
    Total Input Jitter      (TIJ):    1.000ns
    Discrete Jitter          (DJ):    0.149ns
    Phase Error              (PE):    0.097ns
    User Uncertainty         (UU):    2.000ns
  Timing Exception:       Asynchronous Clock Groups

    Location             Delay type                Incr(ns)  Path(ns)    Netlist Resource(s)
  -------------------------------------------------------------------    -------------------
                         (clock tck rise edge)        0.000     0.000 r  
    H15                                               0.000     0.000 r  tck (IN)
                         net (fo=0)                   0.000     0.000    tck
    H15                  IBUF (Prop_ibuf_I_O)         1.500     1.500 r  tck_IBUF_inst/O
                         net (fo=1, routed)           3.659     5.159    tck_IBUF
    BUFGCTRL_X0Y0        BUFG (Prop_bufg_I_O)         0.101     5.260 r  tck_IBUF_BUFG_inst/O
                         net (fo=258, routed)         2.060     7.320    i_dmi_jtag/i_dmi_cdc/i_cdc_req/i_src/CLK
    SLICE_X112Y106       FDCE                                         r  i_dmi_jtag/i_dmi_cdc/i_cdc_req/i_src/data_src_q_reg[addr][3]/C
  -------------------------------------------------------------------    -------------------
    SLICE_X112Y106       FDCE (Prop_fdce_C_Q)         0.518     7.838 r  i_dmi_jtag/i_dmi_cdc/i_cdc_req/i_src/data_src_q_reg[addr][3]/Q
                         net (fo=1, routed)           1.219     9.057    i_dmi_jtag/i_dmi_cdc/i_cdc_req/i_dst/data_dst_q_reg[addr][6]_1[3]
    SLICE_X112Y91        FDCE                                         r  i_dmi_jtag/i_dmi_cdc/i_cdc_req/i_dst/data_dst_q_reg[addr][3]/D
  -------------------------------------------------------------------    -------------------

                         (clock clk_out1_xlnx_clk_gen rise edge)
                                                      0.000     0.000 r  
    K17                                               0.000     0.000 r  clk_sys (IN)
                         net (fo=0)                   0.000     0.000    i_xlnx_clk_gen/inst/clk_in1
    K17                  IBUF (Prop_ibuf_I_O)         1.404     1.404 r  i_xlnx_clk_gen/inst/clkin1_ibufg/O
                         net (fo=1, routed)           1.162     2.566    i_xlnx_clk_gen/inst/clk_in1_xlnx_clk_gen
    MMCME2_ADV_X1Y2      MMCME2_ADV (Prop_mmcme2_adv_CLKIN1_CLKOUT0)
                                                     -7.814    -5.248 r  i_xlnx_clk_gen/inst/mmcm_adv_inst/CLKOUT0
                         net (fo=1, routed)           2.012    -3.236    i_xlnx_clk_gen/inst/clk_out1_xlnx_clk_gen
    BUFGCTRL_X0Y16       BUFG (Prop_bufg_I_O)         0.091    -3.145 r  i_xlnx_clk_gen/inst/clkout1_buf/O
                         net (fo=21098, routed)       1.685    -1.460    i_dmi_jtag/i_dmi_cdc/i_cdc_req/i_dst/clk_out1
    SLICE_X112Y91        FDCE                                         r  i_dmi_jtag/i_dmi_cdc/i_cdc_req/i_dst/data_dst_q_reg[addr][3]/C





Min Delay Paths
--------------------------------------------------------------------------------------
Slack:                    inf
  Source:                 i_dmi_jtag/i_dmi_cdc/i_cdc_req/i_src/data_src_q_reg[data][9]/C
                            (rising edge-triggered cell FDCE clocked by tck  {rise@0.000ns fall@50.000ns period=100.000ns})
  Destination:            i_dmi_jtag/i_dmi_cdc/i_cdc_req/i_dst/data_dst_q_reg[data][9]/D
                            (rising edge-triggered cell FDCE clocked by clk_out1_xlnx_clk_gen  {rise@0.000ns fall@12.500ns period=25.000ns})
  Path Group:             (none)
  Path Type:              Hold (Min at Fast Process Corner)
  Data Path Delay:        0.242ns  (logic 0.128ns (52.976%)  route 0.114ns (47.024%))
  Logic Levels:           0  
  Clock Path Skew:        -3.256ns (DCD - SCD - CPR)
    Destination Clock Delay (DCD):    -0.809ns
    Source Clock Delay      (SCD):    2.447ns
    Clock Pessimism Removal (CPR):    -0.000ns
  Clock Uncertainty:      0.604ns  ((TSJ^2 + TIJ^2 + DJ^2)^1/2) / 2 + PE
    Total System Jitter     (TSJ):    0.071ns
    Total Input Jitter      (TIJ):    1.000ns
    Discrete Jitter          (DJ):    0.149ns
    Phase Error              (PE):    0.097ns
  Timing Exception:       Asynchronous Clock Groups

    Location             Delay type                Incr(ns)  Path(ns)    Netlist Resource(s)
  -------------------------------------------------------------------    -------------------
                         (clock tck rise edge)        0.000     0.000 r  
    H15                                               0.000     0.000 r  tck (IN)
                         net (fo=0)                   0.000     0.000    tck
    H15                  IBUF (Prop_ibuf_I_O)         0.268     0.268 r  tck_IBUF_inst/O
                         net (fo=1, routed)           1.516     1.784    tck_IBUF
    BUFGCTRL_X0Y0        BUFG (Prop_bufg_I_O)         0.026     1.810 r  tck_IBUF_BUFG_inst/O
                         net (fo=258, routed)         0.637     2.447    i_dmi_jtag/i_dmi_cdc/i_cdc_req/i_src/CLK
    SLICE_X113Y90        FDCE                                         r  i_dmi_jtag/i_dmi_cdc/i_cdc_req/i_src/data_src_q_reg[data][9]/C
  -------------------------------------------------------------------    -------------------
    SLICE_X113Y90        FDCE (Prop_fdce_C_Q)         0.128     2.575 r  i_dmi_jtag/i_dmi_cdc/i_cdc_req/i_src/data_src_q_reg[data][9]/Q
                         net (fo=1, routed)           0.114     2.688    i_dmi_jtag/i_dmi_cdc/i_cdc_req/i_dst/data_dst_q_reg[data][31]_3[9]
    SLICE_X113Y89        FDCE                                         r  i_dmi_jtag/i_dmi_cdc/i_cdc_req/i_dst/data_dst_q_reg[data][9]/D
  -------------------------------------------------------------------    -------------------

                         (clock clk_out1_xlnx_clk_gen rise edge)
                                                      0.000     0.000 r  
    K17                                               0.000     0.000 r  clk_sys (IN)
                         net (fo=0)                   0.000     0.000    i_xlnx_clk_gen/inst/clk_in1
    K17                  IBUF (Prop_ibuf_I_O)         0.431     0.431 r  i_xlnx_clk_gen/inst/clkin1_ibufg/O
                         net (fo=1, routed)           0.480     0.911    i_xlnx_clk_gen/inst/clk_in1_xlnx_clk_gen
    MMCME2_ADV_X1Y2      MMCME2_ADV (Prop_mmcme2_adv_CLKIN1_CLKOUT0)
                                                     -3.407    -2.496 r  i_xlnx_clk_gen/inst/mmcm_adv_inst/CLKOUT0
                         net (fo=1, routed)           0.752    -1.744    i_xlnx_clk_gen/inst/clk_out1_xlnx_clk_gen
    BUFGCTRL_X0Y16       BUFG (Prop_bufg_I_O)         0.029    -1.715 r  i_xlnx_clk_gen/inst/clkout1_buf/O
                         net (fo=21098, routed)       0.906    -0.809    i_dmi_jtag/i_dmi_cdc/i_cdc_req/i_dst/clk_out1
    SLICE_X113Y89        FDCE                                         r  i_dmi_jtag/i_dmi_cdc/i_cdc_req/i_dst/data_dst_q_reg[data][9]/C





--------------------------------------------------------------------------------------
Path Group:  (none)
From Clock:  
  To Clock:  tck

Max Delay           258 Endpoints
Min Delay           258 Endpoints
--------------------------------------------------------------------------------------


Max Delay Paths
--------------------------------------------------------------------------------------
Slack:                    inf
  Source:                 trst_n
                            (input port)
  Destination:            i_dmi_jtag/dr_q_reg[0]/CLR
                            (recovery check against rising-edge clock tck  {rise@0.000ns fall@50.000ns period=100.000ns})
  Path Group:             (none)
  Path Type:              Recovery (Max at Slow Process Corner)
  Data Path Delay:        7.068ns  (logic 1.694ns (23.969%)  route 5.374ns (76.031%))
  Logic Levels:           2  (IBUF=1 LUT1=1)
  Clock Path Skew:        6.330ns (DCD - SCD + CPR)
    Destination Clock Delay (DCD):    6.330ns
    Source Clock Delay      (SCD):    0.000ns
    Clock Pessimism Removal (CPR):    0.000ns
  Clock Uncertainty:      0.501ns  ((TSJ^2 + TIJ^2)^1/2 + DJ) / 2 + PE
    Total System Jitter     (TSJ):    0.050ns
    Total Input Jitter      (TIJ):    1.000ns
    Discrete Jitter          (DJ):    0.000ns
    Phase Error              (PE):    0.000ns
  Timing Exception:       False Path

    Location             Delay type                Incr(ns)  Path(ns)    Netlist Resource(s)
  -------------------------------------------------------------------    -------------------
    V13                                               0.000     0.000 r  trst_n (IN)
                         net (fo=0)                   0.000     0.000    trst_n
    V13                  IBUF (Prop_ibuf_I_O)         1.570     1.570 r  trst_n_IBUF_inst/O
                         net (fo=1, routed)           1.234     2.804    i_dmi_jtag/i_dmi_jtag_tap/trst_n_IBUF
    SLICE_X113Y93        LUT1 (Prop_lut1_I0_O)        0.124     2.928 f  i_dmi_jtag/i_dmi_jtag_tap/FSM_onehot_tap_state_q[15]_i_2/O
                         net (fo=258, routed)         4.140     7.068    i_dmi_jtag/i_dmi_jtag_tap_n_0
    SLICE_X113Y99        FDCE                                         f  i_dmi_jtag/dr_q_reg[0]/CLR
  -------------------------------------------------------------------    -------------------

                         (clock tck rise edge)        0.000     0.000 r  
    H15                                               0.000     0.000 r  tck (IN)
                         net (fo=0)                   0.000     0.000    tck
    H15                  IBUF (Prop_ibuf_I_O)         1.430     1.430 r  tck_IBUF_inst/O
                         net (fo=1, routed)           3.120     4.550    tck_IBUF
    BUFGCTRL_X0Y0        BUFG (Prop_bufg_I_O)         0.091     4.641 r  tck_IBUF_BUFG_inst/O
                         net (fo=258, routed)         1.690     6.330    i_dmi_jtag/CLK
    SLICE_X113Y99        FDCE                                         r  i_dmi_jtag/dr_q_reg[0]/C





Min Delay Paths
--------------------------------------------------------------------------------------
Slack:                    inf
  Source:                 trst_n
                            (input port)
  Destination:            i_dmi_jtag/FSM_sequential_state_q_reg[0]/CLR
                            (removal check against rising-edge clock tck  {rise@0.000ns fall@50.000ns period=100.000ns})
  Path Group:             (none)
  Path Type:              Removal (Min at Fast Process Corner)
  Data Path Delay:        0.990ns  (logic 0.382ns (38.614%)  route 0.607ns (61.386%))
  Logic Levels:           2  (IBUF=1 LUT1=1)
  Clock Path Skew:        3.157ns (DCD - SCD - CPR)
    Destination Clock Delay (DCD):    3.157ns
    Source Clock Delay      (SCD):    0.000ns
    Clock Pessimism Removal (CPR):    -0.000ns
  Timing Exception:       False Path

    Location             Delay type                Incr(ns)  Path(ns)    Netlist Resource(s)
  -------------------------------------------------------------------    -------------------
    V13                                               0.000     0.000 r  trst_n (IN)
                         net (fo=0)                   0.000     0.000    trst_n
    V13                  IBUF (Prop_ibuf_I_O)         0.337     0.337 r  trst_n_IBUF_inst/O
                         net (fo=1, routed)           0.462     0.799    i_dmi_jtag/i_dmi_jtag_tap/trst_n_IBUF
    SLICE_X113Y93        LUT1 (Prop_lut1_I0_O)        0.045     0.844 f  i_dmi_jtag/i_dmi_jtag_tap/FSM_onehot_tap_state_q[15]_i_2/O
                         net (fo=258, routed)         0.145     0.990    i_dmi_jtag/i_dmi_jtag_tap_n_0
    SLICE_X113Y94        FDCE                                         f  i_dmi_jtag/FSM_sequential_state_q_reg[0]/CLR
  -------------------------------------------------------------------    -------------------

                         (clock tck rise edge)        0.000     0.000 r  
    H15                                               0.000     0.000 r  tck (IN)
                         net (fo=0)                   0.000     0.000    tck
    H15                  IBUF (Prop_ibuf_I_O)         0.456     0.456 r  tck_IBUF_inst/O
                         net (fo=1, routed)           1.762     2.218    tck_IBUF
    BUFGCTRL_X0Y0        BUFG (Prop_bufg_I_O)         0.029     2.247 r  tck_IBUF_BUFG_inst/O
                         net (fo=258, routed)         0.910     3.157    i_dmi_jtag/CLK
    SLICE_X113Y94        FDCE                                         r  i_dmi_jtag/FSM_sequential_state_q_reg[0]/C





--------------------------------------------------------------------------------------
Path Group:  (none)
From Clock:  clk_out1_xlnx_clk_gen
  To Clock:  tck

Max Delay            36 Endpoints
Min Delay            36 Endpoints
--------------------------------------------------------------------------------------


Max Delay Paths
--------------------------------------------------------------------------------------
Slack:                    inf
  Source:                 i_dmi_jtag/i_dmi_cdc/i_cdc_resp/i_src/data_src_q_reg[data][3]/C
                            (rising edge-triggered cell FDCE clocked by clk_out1_xlnx_clk_gen  {rise@0.000ns fall@12.500ns period=25.000ns})
  Destination:            i_dmi_jtag/i_dmi_cdc/i_cdc_resp/i_dst/data_dst_q_reg[data][3]/D
                            (rising edge-triggered cell FDCE clocked by tck  {rise@0.000ns fall@50.000ns period=100.000ns})
  Path Group:             (none)
  Path Type:              Setup (Max at Slow Process Corner)
  Data Path Delay:        1.479ns  (logic 0.478ns (32.328%)  route 1.001ns (67.672%))
  Logic Levels:           0  
  Clock Path Skew:        7.138ns (DCD - SCD + CPR)
    Destination Clock Delay (DCD):    6.501ns
    Source Clock Delay      (SCD):    -0.637ns
    Clock Pessimism Removal (CPR):    0.000ns
  Clock Uncertainty:      0.604ns  ((TSJ^2 + TIJ^2 + DJ^2)^1/2) / 2 + PE
    Total System Jitter     (TSJ):    0.071ns
    Total Input Jitter      (TIJ):    1.000ns
    Discrete Jitter          (DJ):    0.149ns
    Phase Error              (PE):    0.097ns
  Timing Exception:       Asynchronous Clock Groups

    Location             Delay type                Incr(ns)  Path(ns)    Netlist Resource(s)
  -------------------------------------------------------------------    -------------------
                         (clock clk_out1_xlnx_clk_gen rise edge)
                                                      0.000     0.000 r  
    K17                                               0.000     0.000 r  clk_sys (IN)
                         net (fo=0)                   0.000     0.000    i_xlnx_clk_gen/inst/clk_in1
    K17                  IBUF (Prop_ibuf_I_O)         1.475     1.475 r  i_xlnx_clk_gen/inst/clkin1_ibufg/O
                         net (fo=1, routed)           1.285     2.760    i_xlnx_clk_gen/inst/clk_in1_xlnx_clk_gen
    MMCME2_ADV_X1Y2      MMCME2_ADV (Prop_mmcme2_adv_CLKIN1_CLKOUT0)
                                                     -7.759    -4.999 r  i_xlnx_clk_gen/inst/mmcm_adv_inst/CLKOUT0
                         net (fo=1, routed)           2.206    -2.793    i_xlnx_clk_gen/inst/clk_out1_xlnx_clk_gen
    BUFGCTRL_X0Y16       BUFG (Prop_bufg_I_O)         0.101    -2.692 r  i_xlnx_clk_gen/inst/clkout1_buf/O
                         net (fo=21098, routed)       2.055    -0.637    i_dmi_jtag/i_dmi_cdc/i_cdc_resp/i_src/clk_out1
    SLICE_X108Y103       FDCE                                         r  i_dmi_jtag/i_dmi_cdc/i_cdc_resp/i_src/data_src_q_reg[data][3]/C
  -------------------------------------------------------------------    -------------------
    SLICE_X108Y103       FDCE (Prop_fdce_C_Q)         0.478    -0.159 r  i_dmi_jtag/i_dmi_cdc/i_cdc_resp/i_src/data_src_q_reg[data][3]/Q
                         net (fo=1, routed)           1.001     0.841    i_dmi_jtag/i_dmi_cdc/i_cdc_resp/i_dst/D[3]
    SLICE_X108Y106       FDCE                                         r  i_dmi_jtag/i_dmi_cdc/i_cdc_resp/i_dst/data_dst_q_reg[data][3]/D
  -------------------------------------------------------------------    -------------------

                         (clock tck rise edge)        0.000     0.000 r  
    H15                                               0.000     0.000 r  tck (IN)
                         net (fo=0)                   0.000     0.000    tck
    H15                  IBUF (Prop_ibuf_I_O)         1.430     1.430 r  tck_IBUF_inst/O
                         net (fo=1, routed)           3.120     4.550    tck_IBUF
    BUFGCTRL_X0Y0        BUFG (Prop_bufg_I_O)         0.091     4.641 r  tck_IBUF_BUFG_inst/O
                         net (fo=258, routed)         1.860     6.501    i_dmi_jtag/i_dmi_cdc/i_cdc_resp/i_dst/CLK
    SLICE_X108Y106       FDCE                                         r  i_dmi_jtag/i_dmi_cdc/i_cdc_resp/i_dst/data_dst_q_reg[data][3]/C





Min Delay Paths
--------------------------------------------------------------------------------------
Slack:                    inf
  Source:                 i_dmi_jtag/i_dmi_cdc/i_cdc_resp/i_src/data_src_q_reg[data][9]/C
                            (rising edge-triggered cell FDCE clocked by clk_out1_xlnx_clk_gen  {rise@0.000ns fall@12.500ns period=25.000ns})
  Destination:            i_dmi_jtag/i_dmi_cdc/i_cdc_resp/i_dst/data_dst_q_reg[data][9]/D
                            (rising edge-triggered cell FDCE clocked by tck  {rise@0.000ns fall@50.000ns period=100.000ns})
  Path Group:             (none)
  Path Type:              Hold (Min at Slow Process Corner)
  Data Path Delay:        0.499ns  (logic 0.337ns (67.499%)  route 0.162ns (32.501%))
  Logic Levels:           0  
  Clock Path Skew:        8.589ns (DCD - SCD - CPR)
    Destination Clock Delay (DCD):    7.127ns
    Source Clock Delay      (SCD):    -1.461ns
    Clock Pessimism Removal (CPR):    -0.000ns
  Clock Uncertainty:      0.604ns  ((TSJ^2 + TIJ^2 + DJ^2)^1/2) / 2 + PE
    Total System Jitter     (TSJ):    0.071ns
    Total Input Jitter      (TIJ):    1.000ns
    Discrete Jitter          (DJ):    0.149ns
    Phase Error              (PE):    0.097ns
  Timing Exception:       Asynchronous Clock Groups

    Location             Delay type                Incr(ns)  Path(ns)    Netlist Resource(s)
  -------------------------------------------------------------------    -------------------
                         (clock clk_out1_xlnx_clk_gen rise edge)
                                                      0.000     0.000 r  
    K17                                               0.000     0.000 r  clk_sys (IN)
                         net (fo=0)                   0.000     0.000    i_xlnx_clk_gen/inst/clk_in1
    K17                  IBUF (Prop_ibuf_I_O)         1.404     1.404 r  i_xlnx_clk_gen/inst/clkin1_ibufg/O
                         net (fo=1, routed)           1.162     2.566    i_xlnx_clk_gen/inst/clk_in1_xlnx_clk_gen
    MMCME2_ADV_X1Y2      MMCME2_ADV (Prop_mmcme2_adv_CLKIN1_CLKOUT0)
                                                     -7.814    -5.248 r  i_xlnx_clk_gen/inst/mmcm_adv_inst/CLKOUT0
                         net (fo=1, routed)           2.012    -3.236    i_xlnx_clk_gen/inst/clk_out1_xlnx_clk_gen
    BUFGCTRL_X0Y16       BUFG (Prop_bufg_I_O)         0.091    -3.145 r  i_xlnx_clk_gen/inst/clkout1_buf/O
                         net (fo=21098, routed)       1.684    -1.461    i_dmi_jtag/i_dmi_cdc/i_cdc_resp/i_src/clk_out1
    SLICE_X109Y98        FDCE                                         r  i_dmi_jtag/i_dmi_cdc/i_cdc_resp/i_src/data_src_q_reg[data][9]/C
  -------------------------------------------------------------------    -------------------
    SLICE_X109Y98        FDCE (Prop_fdce_C_Q)         0.337    -1.124 r  i_dmi_jtag/i_dmi_cdc/i_cdc_resp/i_src/data_src_q_reg[data][9]/Q
                         net (fo=1, routed)           0.162    -0.962    i_dmi_jtag/i_dmi_cdc/i_cdc_resp/i_dst/D[9]
    SLICE_X108Y98        FDCE                                         r  i_dmi_jtag/i_dmi_cdc/i_cdc_resp/i_dst/data_dst_q_reg[data][9]/D
  -------------------------------------------------------------------    -------------------

                         (clock tck rise edge)        0.000     0.000 r  
    H15                                               0.000     0.000 r  tck (IN)
                         net (fo=0)                   0.000     0.000    tck
    H15                  IBUF (Prop_ibuf_I_O)         1.500     1.500 r  tck_IBUF_inst/O
                         net (fo=1, routed)           3.659     5.159    tck_IBUF
    BUFGCTRL_X0Y0        BUFG (Prop_bufg_I_O)         0.101     5.260 r  tck_IBUF_BUFG_inst/O
                         net (fo=258, routed)         1.867     7.127    i_dmi_jtag/i_dmi_cdc/i_cdc_resp/i_dst/CLK
    SLICE_X108Y98        FDCE                                         r  i_dmi_jtag/i_dmi_cdc/i_cdc_resp/i_dst/data_dst_q_reg[data][9]/C





--------------------------------------------------------------------------------------
Path Group:  (none)
From Clock:  clk_out1_xlnx_clk_gen
  To Clock:  

Max Delay             1 Endpoint
Min Delay             1 Endpoint
--------------------------------------------------------------------------------------


Max Delay Paths
--------------------------------------------------------------------------------------
Slack:                    inf
  Source:                 i_ariane_peripherals/gen_uart.i_apb_uart/SOUT_reg/C
                            (rising edge-triggered cell FDPE clocked by clk_out1_xlnx_clk_gen  {rise@0.000ns fall@12.500ns period=25.000ns})
  Destination:            tx
                            (output port)
  Path Group:             (none)
  Path Type:              Max at Slow Process Corner
  Data Path Delay:        6.209ns  (logic 4.140ns (66.678%)  route 2.069ns (33.322%))
  Logic Levels:           1  (OBUF=1)
  Clock Uncertainty:      2.175ns  ((TSJ^2 + DJ^2)^1/2) / 2 + PE + UU
    Total System Jitter     (TSJ):    0.050ns
    Discrete Jitter          (DJ):    0.149ns
    Phase Error              (PE):    0.097ns
    User Uncertainty         (UU):    2.000ns

    Location             Delay type                Incr(ns)  Path(ns)    Netlist Resource(s)
  -------------------------------------------------------------------    -------------------
                         (clock clk_out1_xlnx_clk_gen rise edge)
                                                      0.000     0.000 r  
    K17                                               0.000     0.000 r  clk_sys (IN)
                         net (fo=0)                   0.000     0.000    i_xlnx_clk_gen/inst/clk_in1
    K17                  IBUF (Prop_ibuf_I_O)         1.475     1.475 r  i_xlnx_clk_gen/inst/clkin1_ibufg/O
                         net (fo=1, routed)           1.285     2.760    i_xlnx_clk_gen/inst/clk_in1_xlnx_clk_gen
    MMCME2_ADV_X1Y2      MMCME2_ADV (Prop_mmcme2_adv_CLKIN1_CLKOUT0)
                                                     -7.759    -4.999 r  i_xlnx_clk_gen/inst/mmcm_adv_inst/CLKOUT0
                         net (fo=1, routed)           2.206    -2.793    i_xlnx_clk_gen/inst/clk_out1_xlnx_clk_gen
    BUFGCTRL_X0Y16       BUFG (Prop_bufg_I_O)         0.101    -2.692 r  i_xlnx_clk_gen/inst/clkout1_buf/O
                         net (fo=21098, routed)       1.838    -0.854    i_ariane_peripherals/gen_uart.i_apb_uart/clk_out1
    SLICE_X2Y6           FDPE                                         r  i_ariane_peripherals/gen_uart.i_apb_uart/SOUT_reg/C
  -------------------------------------------------------------------    -------------------
    SLICE_X2Y6           FDPE (Prop_fdpe_C_Q)         0.518    -0.336 r  i_ariane_peripherals/gen_uart.i_apb_uart/SOUT_reg/Q
                         net (fo=1, routed)           2.069     1.733    tx_OBUF
    W8                   OBUF (Prop_obuf_I_O)         3.622     5.355 r  tx_OBUF_inst/O
                         net (fo=0)                   0.000     5.355    tx
    W8                                                                r  tx (OUT)
  -------------------------------------------------------------------    -------------------





Min Delay Paths
--------------------------------------------------------------------------------------
Slack:                    inf
  Source:                 i_ariane_peripherals/gen_uart.i_apb_uart/SOUT_reg/C
                            (rising edge-triggered cell FDPE clocked by clk_out1_xlnx_clk_gen  {rise@0.000ns fall@12.500ns period=25.000ns})
  Destination:            tx
                            (output port)
  Path Group:             (none)
  Path Type:              Min at Fast Process Corner
  Data Path Delay:        1.978ns  (logic 1.486ns (75.128%)  route 0.492ns (24.872%))
  Logic Levels:           1  (OBUF=1)
  Clock Uncertainty:      0.175ns  ((TSJ^2 + DJ^2)^1/2) / 2 + PE
    Total System Jitter     (TSJ):    0.050ns
    Discrete Jitter          (DJ):    0.149ns
    Phase Error              (PE):    0.097ns

    Location             Delay type                Incr(ns)  Path(ns)    Netlist Resource(s)
  -------------------------------------------------------------------    -------------------
                         (clock clk_out1_xlnx_clk_gen rise edge)
                                                      0.000     0.000 r  
    K17                                               0.000     0.000 r  clk_sys (IN)
                         net (fo=0)                   0.000     0.000    i_xlnx_clk_gen/inst/clk_in1
    K17                  IBUF (Prop_ibuf_I_O)         0.243     0.243 r  i_xlnx_clk_gen/inst/clkin1_ibufg/O
                         net (fo=1, routed)           0.440     0.683    i_xlnx_clk_gen/inst/clk_in1_xlnx_clk_gen
    MMCME2_ADV_X1Y2      MMCME2_ADV (Prop_mmcme2_adv_CLKIN1_CLKOUT0)
                                                     -2.613    -1.930 r  i_xlnx_clk_gen/inst/mmcm_adv_inst/CLKOUT0
                         net (fo=1, routed)           0.696    -1.233    i_xlnx_clk_gen/inst/clk_out1_xlnx_clk_gen
    BUFGCTRL_X0Y16       BUFG (Prop_bufg_I_O)         0.026    -1.207 r  i_xlnx_clk_gen/inst/clkout1_buf/O
                         net (fo=21098, routed)       0.625    -0.583    i_ariane_peripherals/gen_uart.i_apb_uart/clk_out1
    SLICE_X2Y6           FDPE                                         r  i_ariane_peripherals/gen_uart.i_apb_uart/SOUT_reg/C
  -------------------------------------------------------------------    -------------------
    SLICE_X2Y6           FDPE (Prop_fdpe_C_Q)         0.164    -0.419 r  i_ariane_peripherals/gen_uart.i_apb_uart/SOUT_reg/Q
                         net (fo=1, routed)           0.492     0.073    tx_OBUF
    W8                   OBUF (Prop_obuf_I_O)         1.322     1.395 r  tx_OBUF_inst/O
                         net (fo=0)                   0.000     1.395    tx
    W8                                                                r  tx (OUT)
  -------------------------------------------------------------------    -------------------





--------------------------------------------------------------------------------------
Path Group:  (none)
From Clock:  clkfbout_xlnx_clk_gen
  To Clock:  

Max Delay             1 Endpoint
Min Delay             1 Endpoint
--------------------------------------------------------------------------------------


Max Delay Paths
--------------------------------------------------------------------------------------
Slack:                    inf
  Source:                 i_xlnx_clk_gen/inst/mmcm_adv_inst/CLKFBOUT
                            (clock source 'clkfbout_xlnx_clk_gen'  {rise@0.000ns fall@4.000ns period=8.000ns})
  Destination:            i_xlnx_clk_gen/inst/mmcm_adv_inst/CLKFBIN
  Path Group:             (none)
  Path Type:              Max at Slow Process Corner
  Data Path Delay:        4.287ns  (logic 0.101ns (2.356%)  route 4.186ns (97.644%))
  Logic Levels:           1  (BUFG=1)
  Clock Uncertainty:      0.144ns  ((TSJ^2 + DJ^2)^1/2) / 2 + PE
    Total System Jitter     (TSJ):    0.050ns
    Discrete Jitter          (DJ):    0.080ns
    Phase Error              (PE):    0.097ns

    Location             Delay type                Incr(ns)  Path(ns)    Netlist Resource(s)
  -------------------------------------------------------------------    -------------------
                         (clock clkfbout_xlnx_clk_gen fall edge)
                                                      4.000     4.000 f  
    K17                                               0.000     4.000 f  clk_sys (IN)
                         net (fo=0)                   0.000     4.000    i_xlnx_clk_gen/inst/clk_in1
    K17                  IBUF (Prop_ibuf_I_O)         1.475     5.475 f  i_xlnx_clk_gen/inst/clkin1_ibufg/O
                         net (fo=1, routed)           1.285     6.760    i_xlnx_clk_gen/inst/clk_in1_xlnx_clk_gen
  -------------------------------------------------------------------    -------------------
    MMCME2_ADV_X1Y2      MMCME2_ADV (Prop_mmcme2_adv_CLKIN1_CLKFBOUT)
                                                     -7.759    -0.999 f  i_xlnx_clk_gen/inst/mmcm_adv_inst/CLKFBOUT
                         net (fo=1, routed)           2.206     1.207    i_xlnx_clk_gen/inst/clkfbout_xlnx_clk_gen
    BUFGCTRL_X0Y17       BUFG (Prop_bufg_I_O)         0.101     1.308 f  i_xlnx_clk_gen/inst/clkf_buf/O
                         net (fo=1, routed)           1.980     3.288    i_xlnx_clk_gen/inst/clkfbout_buf_xlnx_clk_gen
    MMCME2_ADV_X1Y2      MMCME2_ADV                                   f  i_xlnx_clk_gen/inst/mmcm_adv_inst/CLKFBIN
  -------------------------------------------------------------------    -------------------





Min Delay Paths
--------------------------------------------------------------------------------------
Slack:                    inf
  Source:                 i_xlnx_clk_gen/inst/mmcm_adv_inst/CLKFBOUT
                            (clock source 'clkfbout_xlnx_clk_gen'  {rise@0.000ns fall@4.000ns period=8.000ns})
  Destination:            i_xlnx_clk_gen/inst/mmcm_adv_inst/CLKFBIN
  Path Group:             (none)
  Path Type:              Min at Slow Process Corner
  Data Path Delay:        3.873ns  (logic 0.091ns (2.349%)  route 3.782ns (97.651%))
  Logic Levels:           1  (BUFG=1)
  Clock Uncertainty:      0.144ns  ((TSJ^2 + DJ^2)^1/2) / 2 + PE
    Total System Jitter     (TSJ):    0.050ns
    Discrete Jitter          (DJ):    0.080ns
    Phase Error              (PE):    0.097ns

    Location             Delay type                Incr(ns)  Path(ns)    Netlist Resource(s)
  -------------------------------------------------------------------    -------------------
                         (clock clkfbout_xlnx_clk_gen rise edge)
                                                      0.000     0.000 r  
    K17                                               0.000     0.000 r  clk_sys (IN)
                         net (fo=0)                   0.000     0.000    i_xlnx_clk_gen/inst/clk_in1
    K17                  IBUF (Prop_ibuf_I_O)         1.404     1.404 r  i_xlnx_clk_gen/inst/clkin1_ibufg/O
                         net (fo=1, routed)           1.162     2.566    i_xlnx_clk_gen/inst/clk_in1_xlnx_clk_gen
  -------------------------------------------------------------------    -------------------
    MMCME2_ADV_X1Y2      MMCME2_ADV (Prop_mmcme2_adv_CLKIN1_CLKFBOUT)
                                                     -7.814    -5.248 r  i_xlnx_clk_gen/inst/mmcm_adv_inst/CLKFBOUT
                         net (fo=1, routed)           2.012    -3.236    i_xlnx_clk_gen/inst/clkfbout_xlnx_clk_gen
    BUFGCTRL_X0Y17       BUFG (Prop_bufg_I_O)         0.091    -3.145 r  i_xlnx_clk_gen/inst/clkf_buf/O
                         net (fo=1, routed)           1.770    -1.375    i_xlnx_clk_gen/inst/clkfbout_buf_xlnx_clk_gen
    MMCME2_ADV_X1Y2      MMCME2_ADV                                   r  i_xlnx_clk_gen/inst/mmcm_adv_inst/CLKFBIN
  -------------------------------------------------------------------    -------------------





--------------------------------------------------------------------------------------
Path Group:  (none)
From Clock:  
  To Clock:  clk_out1_xlnx_clk_gen

Max Delay           843 Endpoints
Min Delay           843 Endpoints
--------------------------------------------------------------------------------------


Max Delay Paths
--------------------------------------------------------------------------------------
Slack:                    inf
  Source:                 cpu_reset
                            (input port)
  Destination:            i_dm_axi2mem/FSM_sequential_state_q_reg[1]/CLR
                            (recovery check against rising-edge clock clk_out1_xlnx_clk_gen  {rise@0.000ns fall@12.500ns period=25.000ns})
  Path Group:             (none)
  Path Type:              Recovery (Max at Slow Process Corner)
  Data Path Delay:        9.620ns  (logic 1.569ns (16.311%)  route 8.051ns (83.689%))
  Logic Levels:           1  (IBUF=1)
  Clock Path Skew:        -1.458ns (DCD - SCD + CPR)
    Destination Clock Delay (DCD):    -1.458ns
    Source Clock Delay      (SCD):    0.000ns
    Clock Pessimism Removal (CPR):    0.000ns
  Clock Uncertainty:      2.175ns  ((TSJ^2 + DJ^2)^1/2) / 2 + PE + UU
    Total System Jitter     (TSJ):    0.050ns
    Discrete Jitter          (DJ):    0.149ns
    Phase Error              (PE):    0.097ns
    User Uncertainty         (UU):    2.000ns

    Location             Delay type                Incr(ns)  Path(ns)    Netlist Resource(s)
  -------------------------------------------------------------------    -------------------
    Y16                                               0.000     0.000 f  cpu_reset (IN)
                         net (fo=0)                   0.000     0.000    cpu_reset
    Y16                  IBUF (Prop_ibuf_I_O)         1.569     1.569 f  cpu_reset_IBUF_inst/O
                         net (fo=839, routed)         8.051     9.620    i_dm_axi2mem/cpu_reset_IBUF
    SLICE_X112Y26        FDCE                                         f  i_dm_axi2mem/FSM_sequential_state_q_reg[1]/CLR
  -------------------------------------------------------------------    -------------------

                         (clock clk_out1_xlnx_clk_gen rise edge)
                                                      0.000     0.000 r  
    K17                                               0.000     0.000 r  clk_sys (IN)
                         net (fo=0)                   0.000     0.000    i_xlnx_clk_gen/inst/clk_in1
    K17                  IBUF (Prop_ibuf_I_O)         1.404     1.404 r  i_xlnx_clk_gen/inst/clkin1_ibufg/O
                         net (fo=1, routed)           1.162     2.566    i_xlnx_clk_gen/inst/clk_in1_xlnx_clk_gen
    MMCME2_ADV_X1Y2      MMCME2_ADV (Prop_mmcme2_adv_CLKIN1_CLKOUT0)
                                                     -7.814    -5.248 r  i_xlnx_clk_gen/inst/mmcm_adv_inst/CLKOUT0
                         net (fo=1, routed)           2.012    -3.236    i_xlnx_clk_gen/inst/clk_out1_xlnx_clk_gen
    BUFGCTRL_X0Y16       BUFG (Prop_bufg_I_O)         0.091    -3.145 r  i_xlnx_clk_gen/inst/clkout1_buf/O
                         net (fo=21098, routed)       1.687    -1.458    i_dm_axi2mem/clk_out1
    SLICE_X112Y26        FDCE                                         r  i_dm_axi2mem/FSM_sequential_state_q_reg[1]/C





Min Delay Paths
--------------------------------------------------------------------------------------
Slack:                    inf
  Source:                 cpu_reset
                            (input port)
  Destination:            i_dm_top/i_dm_csrs/progbuf_q_reg[3][0]/CLR
                            (removal check against rising-edge clock clk_out1_xlnx_clk_gen  {rise@0.000ns fall@12.500ns period=25.000ns})
  Path Group:             (none)
  Path Type:              Removal (Min at Fast Process Corner)
  Data Path Delay:        0.737ns  (logic 0.336ns (45.606%)  route 0.401ns (54.394%))
  Logic Levels:           1  (IBUF=1)
  Clock Path Skew:        -0.812ns (DCD - SCD - CPR)
    Destination Clock Delay (DCD):    -0.812ns
    Source Clock Delay      (SCD):    0.000ns
    Clock Pessimism Removal (CPR):    -0.000ns

    Location             Delay type                Incr(ns)  Path(ns)    Netlist Resource(s)
  -------------------------------------------------------------------    -------------------
    Y16                                               0.000     0.000 f  cpu_reset (IN)
                         net (fo=0)                   0.000     0.000    cpu_reset
    Y16                  IBUF (Prop_ibuf_I_O)         0.336     0.336 f  cpu_reset_IBUF_inst/O
                         net (fo=839, routed)         0.401     0.737    i_dm_top/i_dm_csrs/cpu_reset_IBUF
    SLICE_X111Y86        FDCE                                         f  i_dm_top/i_dm_csrs/progbuf_q_reg[3][0]/CLR
  -------------------------------------------------------------------    -------------------

                         (clock clk_out1_xlnx_clk_gen rise edge)
                                                      0.000     0.000 r  
    K17                                               0.000     0.000 r  clk_sys (IN)
                         net (fo=0)                   0.000     0.000    i_xlnx_clk_gen/inst/clk_in1
    K17                  IBUF (Prop_ibuf_I_O)         0.431     0.431 r  i_xlnx_clk_gen/inst/clkin1_ibufg/O
                         net (fo=1, routed)           0.480     0.911    i_xlnx_clk_gen/inst/clk_in1_xlnx_clk_gen
    MMCME2_ADV_X1Y2      MMCME2_ADV (Prop_mmcme2_adv_CLKIN1_CLKOUT0)
                                                     -3.407    -2.496 r  i_xlnx_clk_gen/inst/mmcm_adv_inst/CLKOUT0
                         net (fo=1, routed)           0.752    -1.744    i_xlnx_clk_gen/inst/clk_out1_xlnx_clk_gen
    BUFGCTRL_X0Y16       BUFG (Prop_bufg_I_O)         0.029    -1.715 r  i_xlnx_clk_gen/inst/clkout1_buf/O
                         net (fo=21098, routed)       0.903    -0.812    i_dm_top/i_dm_csrs/clk_out1
    SLICE_X111Y86        FDCE                                         r  i_dm_top/i_dm_csrs/progbuf_q_reg[3][0]/C





