Copyright 1986-2022 Xilinx, Inc. All Rights Reserved. Copyright 2022-2024 Advanced Micro Devices, Inc. All Rights Reserved.
---------------------------------------------------------------------------------------------------------------------------------------------
| Tool Version : Vivado v.2024.1 (lin64) Build 5076996 Wed May 22 18:36:09 MDT 2024
| Date         : Sat Aug  8 20:18:38 2026
| Host         : telmo-HYM-WXX running 64-bit Ubuntu 20.04.6 LTS
| Command      : report_utilization -hierarchical -file reports_cva6_fpga_synth/cva6_fpga.utilization.rpt
| Design       : cva6_zybo_z7_20
| Device       : xc7z020clg400-1
| Speed File   : -1
| Design State : Synthesized
---------------------------------------------------------------------------------------------------------------------------------------------

Utilization Design Information

Table of Contents
-----------------
1. Utilization by Hierarchy

1. Utilization by Hierarchy
---------------------------

+-----------------------------------------------------------------------------------------------+------------------------------------------------------------------------------------------------------+------------+------------+---------+------+-------+--------+--------+------------+
|                                            Instance                                           |                                                Module                                                | Total LUTs | Logic LUTs | LUTRAMs | SRLs |  FFs  | RAMB36 | RAMB18 | DSP Blocks |
+-----------------------------------------------------------------------------------------------+------------------------------------------------------------------------------------------------------+------------+------------+---------+------+-------+--------+--------+------------+
| cva6_zybo_z7_20                                                                               |                                                                                                (top) |      47558 |      47069 |     424 |   65 | 23133 |     60 |      4 |          4 |
|   (cva6_zybo_z7_20)                                                                           |                                                                                                (top) |          2 |          2 |       0 |    0 |     3 |      0 |      0 |          0 |
|   i_ariane                                                                                    |                                                                                               ariane |      33685 |      33309 |     376 |    0 | 12109 |     10 |      4 |          4 |
|     i_cva6                                                                                    |                                                                                                 cva6 |      33685 |      33309 |     376 |    0 | 12109 |     10 |      4 |          4 |
|       (i_cva6)                                                                                |                                                                                                 cva6 |         19 |         19 |       0 |    0 |     0 |      0 |      0 |          0 |
|       csr_regfile_i                                                                           |                                                                                          csr_regfile |       1172 |       1172 |       0 |    0 |   735 |      0 |      0 |          0 |
|       ex_stage_i                                                                              |                                                                                             ex_stage |       2951 |       2951 |       0 |    0 |  1162 |      0 |      0 |          4 |
|         csr_buffer_i                                                                          |                                                                                           csr_buffer |        449 |        449 |       0 |    0 |    13 |      0 |      0 |          0 |
|         i_mult                                                                                |                                                                                                 mult |        637 |        637 |       0 |    0 |   158 |      0 |      0 |          4 |
|           i_div                                                                               |                                                                                               serdiv |        268 |        268 |       0 |    0 |   112 |      0 |      0 |          0 |
|           i_multiplier                                                                        |                                                                                           multiplier |        369 |        369 |       0 |    0 |    46 |      0 |      0 |          4 |
|         lsu_i                                                                                 |                                                                                      load_store_unit |       1865 |       1865 |       0 |    0 |   991 |      0 |      0 |          0 |
|           (lsu_i)                                                                             |                                                                                      load_store_unit |         16 |         16 |       0 |    0 |    67 |      0 |      0 |          0 |
|           i_load_unit                                                                         |                                                                                            load_unit |        113 |        113 |       0 |    0 |    25 |      0 |      0 |          0 |
|           i_pipe_reg_load                                                                     |                                                                                            shift_reg |        513 |        513 |       0 |    0 |    84 |      0 |      0 |          0 |
|           i_pmp_data_if                                                                       |                                                                                          pmp_data_if |        229 |        229 |       0 |    0 |     0 |      0 |      0 |          0 |
|             i_pmp_data                                                                        |                                                                                                  pmp |        229 |        229 |       0 |    0 |     0 |      0 |      0 |          0 |
|               gen_pmp.genblk1[0].i_pmp_entry                                                  |                                                                                        pmp_entry_338 |         25 |         25 |       0 |    0 |     0 |      0 |      0 |          0 |
|               gen_pmp.genblk1[1].i_pmp_entry                                                  |                                                                                        pmp_entry_339 |         29 |         29 |       0 |    0 |     0 |      0 |      0 |          0 |
|               gen_pmp.genblk1[2].i_pmp_entry                                                  |                                                                                        pmp_entry_340 |         29 |         29 |       0 |    0 |     0 |      0 |      0 |          0 |
|               gen_pmp.genblk1[3].i_pmp_entry                                                  |                                                                                        pmp_entry_341 |         29 |         29 |       0 |    0 |     0 |      0 |      0 |          0 |
|               gen_pmp.genblk1[4].i_pmp_entry                                                  |                                                                                        pmp_entry_342 |         29 |         29 |       0 |    0 |     0 |      0 |      0 |          0 |
|               gen_pmp.genblk1[5].i_pmp_entry                                                  |                                                                                        pmp_entry_343 |         29 |         29 |       0 |    0 |     0 |      0 |      0 |          0 |
|               gen_pmp.genblk1[6].i_pmp_entry                                                  |                                                                                        pmp_entry_344 |         29 |         29 |       0 |    0 |     0 |      0 |      0 |          0 |
|               gen_pmp.genblk1[7].i_pmp_entry                                                  |                                                                                        pmp_entry_345 |         30 |         30 |       0 |    0 |     0 |      0 |      0 |          0 |
|             i_pmp_if                                                                          |                                                                                              pmp_330 |          0 |          0 |       0 |    0 |     0 |      0 |      0 |          0 |
|               gen_pmp.genblk1[0].i_pmp_entry                                                  |                                                                                            pmp_entry |          0 |          0 |       0 |    0 |     0 |      0 |      0 |          0 |
|               gen_pmp.genblk1[1].i_pmp_entry                                                  |                                                                                        pmp_entry_331 |          0 |          0 |       0 |    0 |     0 |      0 |      0 |          0 |
|               gen_pmp.genblk1[2].i_pmp_entry                                                  |                                                                                        pmp_entry_332 |          0 |          0 |       0 |    0 |     0 |      0 |      0 |          0 |
|               gen_pmp.genblk1[3].i_pmp_entry                                                  |                                                                                        pmp_entry_333 |          0 |          0 |       0 |    0 |     0 |      0 |      0 |          0 |
|               gen_pmp.genblk1[4].i_pmp_entry                                                  |                                                                                        pmp_entry_334 |          0 |          0 |       0 |    0 |     0 |      0 |      0 |          0 |
|               gen_pmp.genblk1[5].i_pmp_entry                                                  |                                                                                        pmp_entry_335 |          0 |          0 |       0 |    0 |     0 |      0 |      0 |          0 |
|               gen_pmp.genblk1[6].i_pmp_entry                                                  |                                                                                        pmp_entry_336 |          0 |          0 |       0 |    0 |     0 |      0 |      0 |          0 |
|               gen_pmp.genblk1[7].i_pmp_entry                                                  |                                                                                        pmp_entry_337 |          0 |          0 |       0 |    0 |     0 |      0 |      0 |          0 |
|           i_store_unit                                                                        |                                                                                           store_unit |        758 |        758 |       0 |    0 |   631 |      0 |      0 |          0 |
|             (i_store_unit)                                                                    |                                                                                           store_unit |        448 |        448 |       0 |    0 |    49 |      0 |      0 |          0 |
|             store_buffer_i                                                                    |                                                                                         store_buffer |        310 |        310 |       0 |    0 |   582 |      0 |      0 |          0 |
|           lsu_bypass_i                                                                        |                                                                                           lsu_bypass |        236 |        236 |       0 |    0 |   184 |      0 |      0 |          0 |
|       gen_cache_hpd.i_cache_subsystem                                                         |                                                                              cva6_hpdcache_subsystem |       3830 |       3798 |      32 |    0 |  1763 |     10 |      4 |          0 |
|         i_axi_arbiter                                                                         |                                                                  cva6_hpdcache_subsystem_axi_arbiter |        264 |        264 |       0 |    0 |   166 |      0 |      0 |          0 |
|           (i_axi_arbiter)                                                                     |                                                                  cva6_hpdcache_subsystem_axi_arbiter |          0 |          0 |       0 |    0 |     1 |      0 |      0 |          0 |
|           i_icache_hpdcache_data_upsize                                                       |                                                                                 hpdcache_data_upsize |          0 |          0 |       0 |    0 |   130 |      0 |      0 |          0 |
|           i_icache_miss_req_fifo                                                              |                                                                    hpdcache_fifo_reg__parameterized7 |        172 |        172 |       0 |    0 |    31 |      0 |      0 |          0 |
|             gen_buffer.i_sync_buffer                                                          |                                                                 hpdcache_sync_buffer__parameterized3 |        172 |        172 |       0 |    0 |    31 |      0 |      0 |          0 |
|           i_icache_refill_meta_fifo                                                           |                                                                    hpdcache_fifo_reg__parameterized6 |          3 |          3 |       0 |    0 |     1 |      0 |      0 |          0 |
|             gen_buffer.i_sync_buffer                                                          |                                                                 hpdcache_sync_buffer__parameterized2 |          3 |          3 |       0 |    0 |     1 |      0 |      0 |          0 |
|           i_mem_req_read_arbiter                                                              |                                                                    hpdcache_mem_req_read_arbiter_328 |         89 |         89 |       0 |    0 |     3 |      0 |      0 |          0 |
|             hpdcache_fxarb_mem_req_write_i                                                    |                                                                                   hpdcache_fxarb_329 |         89 |         89 |       0 |    0 |     3 |      0 |      0 |          0 |
|         i_cva6_icache                                                                         |                                                                                          cva6_icache |        502 |        502 |       0 |    0 |    77 |      6 |      0 |          0 |
|           (i_cva6_icache)                                                                     |                                                                                          cva6_icache |        252 |        252 |       0 |    0 |    69 |      0 |      0 |          0 |
|           gen_sram[0].data_sram                                                               |                                                                           sram_cache__parameterized0 |        146 |        146 |       0 |    0 |     0 |      2 |      0 |          0 |
|             data_sram                                                                         |                                                                             sram__parameterized0_323 |        146 |        146 |       0 |    0 |     0 |      2 |      0 |          0 |
|               gen_cut[0].i_tc_sram_wrapper                                                    |                                                                             tc_sram_fpga_wrapper_324 |          0 |          0 |       0 |    0 |     0 |      1 |      0 |          0 |
|                 i_ram                                                                         |                                                                                  SyncSpRamBeNx64_327 |          0 |          0 |       0 |    0 |     0 |      1 |      0 |          0 |
|               gen_cut[1].i_tc_sram_wrapper                                                    |                                                                             tc_sram_fpga_wrapper_325 |        146 |        146 |       0 |    0 |     0 |      1 |      0 |          0 |
|                 i_ram                                                                         |                                                                                  SyncSpRamBeNx64_326 |        146 |        146 |       0 |    0 |     0 |      1 |      0 |          0 |
|           gen_sram[0].tag_sram                                                                |                                                                                           sram_cache |         12 |         12 |       0 |    0 |     0 |      1 |      0 |          0 |
|             data_sram                                                                         |                                                                                             sram_320 |         12 |         12 |       0 |    0 |     0 |      1 |      0 |          0 |
|               gen_cut[0].i_tc_sram_wrapper                                                    |                                                                             tc_sram_fpga_wrapper_321 |         12 |         12 |       0 |    0 |     0 |      1 |      0 |          0 |
|                 i_ram                                                                         |                                                                                  SyncSpRamBeNx64_322 |         12 |         12 |       0 |    0 |     0 |      1 |      0 |          0 |
|           gen_sram[1].data_sram                                                               |                                                                       sram_cache__parameterized0_314 |         41 |         41 |       0 |    0 |     0 |      2 |      0 |          0 |
|             data_sram                                                                         |                                                                                 sram__parameterized0 |         41 |         41 |       0 |    0 |     0 |      2 |      0 |          0 |
|               gen_cut[0].i_tc_sram_wrapper                                                    |                                                                             tc_sram_fpga_wrapper_316 |          0 |          0 |       0 |    0 |     0 |      1 |      0 |          0 |
|                 i_ram                                                                         |                                                                                  SyncSpRamBeNx64_319 |          0 |          0 |       0 |    0 |     0 |      1 |      0 |          0 |
|               gen_cut[1].i_tc_sram_wrapper                                                    |                                                                             tc_sram_fpga_wrapper_317 |         41 |         41 |       0 |    0 |     0 |      1 |      0 |          0 |
|                 i_ram                                                                         |                                                                                  SyncSpRamBeNx64_318 |         41 |         41 |       0 |    0 |     0 |      1 |      0 |          0 |
|           gen_sram[1].tag_sram                                                                |                                                                                       sram_cache_315 |         46 |         46 |       0 |    0 |     0 |      1 |      0 |          0 |
|             data_sram                                                                         |                                                                                                 sram |         46 |         46 |       0 |    0 |     0 |      1 |      0 |          0 |
|               gen_cut[0].i_tc_sram_wrapper                                                    |                                                                                 tc_sram_fpga_wrapper |         46 |         46 |       0 |    0 |     0 |      1 |      0 |          0 |
|                 i_ram                                                                         |                                                                                      SyncSpRamBeNx64 |         46 |         46 |       0 |    0 |     0 |      1 |      0 |          0 |
|           i_lfsr                                                                              |                                                                                                 lfsr |          5 |          5 |       0 |    0 |     8 |      0 |      0 |          0 |
|         i_dcache                                                                              |                                                                                cva6_hpdcache_wrapper |       3064 |       3032 |      32 |    0 |  1520 |      4 |      4 |          0 |
|           (i_dcache)                                                                          |                                                                                cva6_hpdcache_wrapper |          1 |          1 |       0 |    0 |     0 |      0 |      0 |          0 |
|           gen_cva6_hpdcache_load_if_adapter[1].i_cva6_hpdcache_load_if_adapter                |                                                                             cva6_hpdcache_if_adapter |          0 |          0 |       0 |    0 |     0 |      0 |      0 |          0 |
|           i_cva6_hpdcache_store_if_adapter                                                    |                                                             cva6_hpdcache_if_adapter__parameterized0 |          0 |          0 |       0 |    0 |     0 |      0 |      0 |          0 |
|           i_hpdcache                                                                          |                                                                                             hpdcache |       3063 |       3031 |      32 |    0 |  1520 |      4 |      4 |          0 |
|             core_req_arbiter_i                                                                |                                                                                hpdcache_core_arbiter |         15 |         15 |       0 |    0 |     4 |      0 |      0 |          0 |
|               (core_req_arbiter_i)                                                            |                                                                                hpdcache_core_arbiter |          0 |          0 |       0 |    0 |     1 |      0 |      0 |          0 |
|               req_arbiter_i                                                                   |                                                                       hpdcache_fxarb__parameterized0 |         15 |         15 |       0 |    0 |     3 |      0 |      0 |          0 |
|             gen_wbuf.hpdcache_wbuf_i                                                          |                                                                                        hpdcache_wbuf |        677 |        647 |      30 |    0 |   168 |      0 |      0 |          0 |
|               (gen_wbuf.hpdcache_wbuf_i)                                                      |                                                                                        hpdcache_wbuf |        136 |        136 |       0 |    0 |   154 |      0 |      0 |          0 |
|               data_free_rrarb_i                                                               |                                                                                   hpdcache_fxarb_312 |         89 |         89 |       0 |    0 |     2 |      0 |      0 |          0 |
|               dir_free_rrarb_i                                                                |                                                                                   hpdcache_fxarb_313 |         40 |         40 |       0 |    0 |     3 |      0 |      0 |          0 |
|               pend_rrarb_i                                                                    |                                                                       hpdcache_rrarb__parameterized0 |         49 |         49 |       0 |    0 |     3 |      0 |      0 |          0 |
|               send_data_ptr_fifo_i                                                            |                                                                                    hpdcache_fifo_reg |         68 |         64 |       4 |    0 |     3 |      0 |      0 |          0 |
|               send_meta_fifo_i                                                                |                                                                    hpdcache_fifo_reg__parameterized0 |        295 |        269 |      26 |    0 |     3 |      0 |      0 |          0 |
|             hpdcache_cmo_i                                                                    |                                                                                         hpdcache_cmo |        142 |        142 |       0 |    0 |    67 |      0 |      0 |          0 |
|               (hpdcache_cmo_i)                                                                |                                                                                         hpdcache_cmo |        120 |        120 |       0 |    0 |    63 |      0 |      0 |          0 |
|               cmoh_core_rsp_buffer_i                                                          |                                                                 hpdcache_sync_buffer__parameterized0 |         22 |         22 |       0 |    0 |     4 |      0 |      0 |          0 |
|             hpdcache_ctrl_i                                                                   |                                                                                        hpdcache_ctrl |       1327 |       1327 |       0 |    0 |   639 |      4 |      4 |          0 |
|               (hpdcache_ctrl_i)                                                               |                                                                                        hpdcache_ctrl |         63 |         63 |       0 |    0 |   173 |      0 |      0 |          0 |
|               hpdcache_memctrl_i                                                              |                                                                                     hpdcache_memctrl |        550 |        550 |       0 |    0 |    30 |      4 |      4 |          0 |
|                 (hpdcache_memctrl_i)                                                          |                                                                                     hpdcache_memctrl |         22 |         22 |       0 |    0 |    22 |      0 |      0 |          0 |
|                 gen_data_sram_row[0].gen_data_sram_col[0].gen_data_sram_wbyteenable.data_sram |                                                                            hpdcache_sram_wbyteenable |          0 |          0 |       0 |    0 |     0 |      2 |      0 |          0 |
|                   ram_i                                                                       |                                                                    hpdcache_sram_wbyteenable_1rw_311 |          0 |          0 |       0 |    0 |     0 |      2 |      0 |          0 |
|                 gen_data_sram_row[0].gen_data_sram_col[1].gen_data_sram_wbyteenable.data_sram |                                                                        hpdcache_sram_wbyteenable_304 |         33 |         33 |       0 |    0 |     0 |      2 |      0 |          0 |
|                   ram_i                                                                       |                                                                        hpdcache_sram_wbyteenable_1rw |         33 |         33 |       0 |    0 |     0 |      2 |      0 |          0 |
|                 gen_dir_sram[0].dir_sram                                                      |                                                                                        hpdcache_sram |        108 |        108 |       0 |    0 |     0 |      0 |      1 |          0 |
|                   ram_i                                                                       |                                                                                hpdcache_sram_1rw_310 |        108 |        108 |       0 |    0 |     0 |      0 |      1 |          0 |
|                 gen_dir_sram[1].dir_sram                                                      |                                                                                    hpdcache_sram_305 |        101 |        101 |       0 |    0 |     0 |      0 |      1 |          0 |
|                   ram_i                                                                       |                                                                                hpdcache_sram_1rw_309 |        101 |        101 |       0 |    0 |     0 |      0 |      1 |          0 |
|                 gen_dir_sram[2].dir_sram                                                      |                                                                                    hpdcache_sram_306 |        209 |        209 |       0 |    0 |     0 |      0 |      1 |          0 |
|                   ram_i                                                                       |                                                                                hpdcache_sram_1rw_308 |        209 |        209 |       0 |    0 |     0 |      0 |      1 |          0 |
|                 gen_dir_sram[3].dir_sram                                                      |                                                                                    hpdcache_sram_307 |         71 |         71 |       0 |    0 |     0 |      0 |      1 |          0 |
|                   ram_i                                                                       |                                                                                    hpdcache_sram_1rw |         71 |         71 |       0 |    0 |     0 |      0 |      1 |          0 |
|                 victim_sel_i                                                                  |                                                                                  hpdcache_victim_sel |          6 |          6 |       0 |    0 |     8 |      0 |      0 |          0 |
|                   gen_random_victim_sel.victim_rand_i                                         |                                                                               hpdcache_victim_random |          6 |          6 |       0 |    0 |     8 |      0 |      0 |          0 |
|                     lfsr_i                                                                    |                                                                                        hpdcache_lfsr |          6 |          6 |       0 |    0 |     8 |      0 |      0 |          0 |
|               hpdcache_rtab_i                                                                 |                                                                                        hpdcache_rtab |        714 |        714 |       0 |    0 |   436 |      0 |      0 |          0 |
|                 (hpdcache_rtab_i)                                                             |                                                                                        hpdcache_rtab |        188 |        188 |       0 |    0 |   418 |      0 |      0 |          0 |
|                 pop_arb_i                                                                     |                                                                                       hpdcache_rrarb |        321 |        321 |       0 |    0 |     5 |      0 |      0 |          0 |
|                 wbuf_pending_arb_i                                                            |                                                                                   hpdcache_fxarb_301 |        164 |        164 |       0 |    0 |     3 |      0 |      0 |          0 |
|                 wbuf_rd_pending_arb_i                                                         |                                                                                   hpdcache_rrarb_302 |         18 |         18 |       0 |    0 |     5 |      0 |      0 |          0 |
|                 wbuf_wr_pending_arb_i                                                         |                                                                                   hpdcache_rrarb_303 |         23 |         23 |       0 |    0 |     5 |      0 |      0 |          0 |
|             hpdcache_mem_req_read_arbiter_i                                                   |                                                                        hpdcache_mem_req_read_arbiter |         44 |         44 |       0 |    0 |     3 |      0 |      0 |          0 |
|               hpdcache_fxarb_mem_req_write_i                                                  |                                                                                       hpdcache_fxarb |         44 |         44 |       0 |    0 |     3 |      0 |      0 |          0 |
|             hpdcache_mem_req_write_arbiter_i                                                  |                                                                       hpdcache_mem_req_write_arbiter |         74 |         74 |       0 |    0 |    57 |      0 |      0 |          0 |
|               hpdcache_fxarb_mem_req_write_i                                                  |                                                                       hpdcache_fxarb__parameterized1 |          9 |          9 |       0 |    0 |     3 |      0 |      0 |          0 |
|               req_fifo_i                                                                      |                                                                    hpdcache_fifo_reg__parameterized4 |         35 |         35 |       0 |    0 |    47 |      0 |      0 |          0 |
|                 gen_buffer.i_sync_buffer                                                      |                                                                 hpdcache_sync_buffer__parameterized1 |         35 |         35 |       0 |    0 |    47 |      0 |      0 |          0 |
|               req_gnt_fifo_i                                                                  |                                                                    hpdcache_fifo_reg__parameterized5 |         30 |         30 |       0 |    0 |     7 |      0 |      0 |          0 |
|             hpdcache_miss_handler_i                                                           |                                                                                hpdcache_miss_handler |        299 |        297 |       2 |    0 |   419 |      0 |      0 |          0 |
|               (hpdcache_miss_handler_i)                                                       |                                                                                hpdcache_miss_handler |         59 |         59 |       0 |    0 |    74 |      0 |      0 |          0 |
|               hpdcache_mshr_i                                                                 |                                                                                        hpdcache_mshr |         81 |         81 |       0 |    0 |    79 |      0 |      0 |          0 |
|                 (hpdcache_mshr_i)                                                             |                                                                                        hpdcache_mshr |         18 |         18 |       0 |    0 |    17 |      0 |      0 |          0 |
|                 gen_mshr_wbyteenable.gen_mshr_regbank.mshr_mem                                |                                                                     hpdcache_regbank_wbyteenable_1rw |         63 |         63 |       0 |    0 |    62 |      0 |      0 |          0 |
|               i_data_resize                                                                   |                                                                                 hpdcache_data_resize |        140 |        140 |       0 |    0 |   261 |      0 |      0 |          0 |
|                 gen_noresize.fifo_i                                                           |                                                                    hpdcache_fifo_reg__parameterized3 |        140 |        140 |       0 |    0 |   261 |      0 |      0 |          0 |
|               i_r_metadata_fifo                                                               |                                                                    hpdcache_fifo_reg__parameterized2 |         17 |         15 |       2 |    0 |     5 |      0 |      0 |          0 |
|               victim_way_encoder_i                                                            |                                                              hpdcache_1hot_to_binary__parameterized0 |          2 |          2 |       0 |    0 |     0 |      0 |      0 |          0 |
|             hpdcache_uc_i                                                                     |                                                                                    hpdcache_uncached |        485 |        485 |       0 |    0 |   163 |      0 |      0 |          0 |
|       i_frontend                                                                              |                                                                                             frontend |       3694 |       3350 |     344 |    0 |   496 |      0 |      0 |          0 |
|         (i_frontend)                                                                          |                                                                                             frontend |         55 |         55 |       0 |    0 |   174 |      0 |      0 |          0 |
|         bht_gen.i_bht                                                                         |                                                                                                  bht |         49 |         17 |      32 |    0 |     0 |      0 |      0 |          0 |
|           gen_fpga_bht.gen_bht_ram[0].i_bht_ram                                               |                                                                                    AsyncThreePortRam |         13 |          5 |       8 |    0 |     0 |      0 |      0 |          0 |
|           gen_fpga_bht.gen_bht_ram[1].i_bht_ram                                               |                                                                                AsyncThreePortRam_298 |          9 |          1 |       8 |    0 |     0 |      0 |      0 |          0 |
|           gen_fpga_bht.gen_bht_ram[2].i_bht_ram                                               |                                                                                AsyncThreePortRam_299 |         14 |          6 |       8 |    0 |     0 |      0 |      0 |          0 |
|           gen_fpga_bht.gen_bht_ram[3].i_bht_ram                                               |                                                                                AsyncThreePortRam_300 |         13 |          5 |       8 |    0 |     0 |      0 |      0 |          0 |
|         btb_gen.i_btb                                                                         |                                                                                                  btb |        200 |        104 |      96 |    0 |   132 |      0 |      0 |          0 |
|           gen_fpga_btb.gen_btb_ram[0].i_btb_ram                                               |                                                                                            SyncDpRam |         62 |         38 |      24 |    0 |    33 |      0 |      0 |          0 |
|           gen_fpga_btb.gen_btb_ram[1].i_btb_ram                                               |                                                                                        SyncDpRam_295 |         76 |         52 |      24 |    0 |    33 |      0 |      0 |          0 |
|           gen_fpga_btb.gen_btb_ram[2].i_btb_ram                                               |                                                                                        SyncDpRam_296 |         24 |          0 |      24 |    0 |    33 |      0 |      0 |          0 |
|           gen_fpga_btb.gen_btb_ram[3].i_btb_ram                                               |                                                                                        SyncDpRam_297 |         38 |         14 |      24 |    0 |    33 |      0 |      0 |          0 |
|         i_instr_queue                                                                         |                                                                                          instr_queue |       1931 |       1715 |     216 |    0 |    75 |      0 |      0 |          0 |
|           (i_instr_queue)                                                                     |                                                                                          instr_queue |         13 |         13 |       0 |    0 |    43 |      0 |      0 |          0 |
|           gen_instr_fifo[0].i_fifo_instr_data                                                 |                                                                                         cva6_fifo_v3 |        263 |        215 |      48 |    0 |     7 |      0 |      0 |          0 |
|             (gen_instr_fifo[0].i_fifo_instr_data)                                             |                                                                                         cva6_fifo_v3 |         10 |         10 |       0 |    0 |     7 |      0 |      0 |          0 |
|             gen_fpga_queue.fifo_ram                                                           |                                                                                       AsyncDpRam_294 |        253 |        205 |      48 |    0 |     0 |      0 |      0 |          0 |
|           gen_instr_fifo[1].i_fifo_instr_data                                                 |                                                                                     cva6_fifo_v3_289 |        135 |         87 |      48 |    0 |     7 |      0 |      0 |          0 |
|             (gen_instr_fifo[1].i_fifo_instr_data)                                             |                                                                                     cva6_fifo_v3_289 |         10 |         10 |       0 |    0 |     7 |      0 |      0 |          0 |
|             gen_fpga_queue.fifo_ram                                                           |                                                                                       AsyncDpRam_293 |        125 |         77 |      48 |    0 |     0 |      0 |      0 |          0 |
|           gen_instr_fifo[2].i_fifo_instr_data                                                 |                                                                                     cva6_fifo_v3_290 |        132 |         84 |      48 |    0 |     7 |      0 |      0 |          0 |
|             (gen_instr_fifo[2].i_fifo_instr_data)                                             |                                                                                     cva6_fifo_v3_290 |         11 |         11 |       0 |    0 |     7 |      0 |      0 |          0 |
|             gen_fpga_queue.fifo_ram                                                           |                                                                                       AsyncDpRam_292 |        121 |         73 |      48 |    0 |     0 |      0 |      0 |          0 |
|           gen_instr_fifo[3].i_fifo_instr_data                                                 |                                                                                     cva6_fifo_v3_291 |       1280 |       1232 |      48 |    0 |     7 |      0 |      0 |          0 |
|             (gen_instr_fifo[3].i_fifo_instr_data)                                             |                                                                                     cva6_fifo_v3_291 |          8 |          8 |       0 |    0 |     7 |      0 |      0 |          0 |
|             gen_fpga_queue.fifo_ram                                                           |                                                                                           AsyncDpRam |       1272 |       1224 |      48 |    0 |     0 |      0 |      0 |          0 |
|           i_fifo_address                                                                      |                                                                         cva6_fifo_v3__parameterized0 |        108 |         84 |      24 |    0 |     4 |      0 |      0 |          0 |
|             (i_fifo_address)                                                                  |                                                                         cva6_fifo_v3__parameterized0 |          8 |          8 |       0 |    0 |     4 |      0 |      0 |          0 |
|             gen_fpga_queue.fifo_ram                                                           |                                                                           AsyncDpRam__parameterized0 |        100 |         76 |      24 |    0 |     0 |      0 |      0 |          0 |
|         i_instr_realign                                                                       |                                                                                        instr_realign |       1365 |       1365 |       0 |    0 |    49 |      0 |      0 |          0 |
|         ras_gen.i_ras                                                                         |                                                                                                  ras |         96 |         96 |       0 |    0 |    66 |      0 |      0 |          0 |
|       id_stage_i                                                                              |                                                                                             id_stage |       1480 |       1480 |       0 |    0 |   338 |      0 |      0 |          0 |
|       issue_stage_i                                                                           |                                                                                          issue_stage |      20780 |      20780 |       0 |    0 |  7615 |      0 |      0 |          0 |
|         (issue_stage_i)                                                                       |                                                                                          issue_stage |          0 |          0 |       0 |    0 |     6 |      0 |      0 |          0 |
|         g_alloc[0].i_tournament_tree                                                          |                                                                      tournament_tree__parameterized1 |          0 |          0 |       0 |    0 |     0 |      0 |      0 |          0 |
|         g_alloc[1].i_tournament_tree                                                          |                                                                  tournament_tree__parameterized1_286 |          0 |          0 |       0 |    0 |     0 |      0 |      0 |          0 |
|         gen_rs_blocks[0].rs_instance.i_reservation_station                                    |                                                                                  reservation_station |        505 |        505 |       0 |    0 |   159 |      0 |      0 |          0 |
|           (gen_rs_blocks[0].rs_instance.i_reservation_station)                                |                                                                                  reservation_station |        476 |        476 |       0 |    0 |   159 |      0 |      0 |          0 |
|           i_tournament_tree_oldest_valid                                                      |                                                                                  tournament_tree_288 |         29 |         29 |       0 |    0 |     0 |      0 |      0 |          0 |
|         gen_rs_blocks[1].rs_instance.i_reservation_station                                    |                                                                  reservation_station__parameterized0 |        806 |        806 |       0 |    0 |   283 |      0 |      0 |          0 |
|           (gen_rs_blocks[1].rs_instance.i_reservation_station)                                |                                                                  reservation_station__parameterized0 |        719 |        719 |       0 |    0 |   283 |      0 |      0 |          0 |
|           i_tournament_tree_oldest_valid                                                      |                                                                      tournament_tree__parameterized0 |         87 |         87 |       0 |    0 |     0 |      0 |      0 |          0 |
|         gen_rs_blocks[2].rs_instance.i_reservation_station                                    |                                                                  reservation_station__parameterized1 |        320 |        320 |       0 |    0 |   124 |      0 |      0 |          0 |
|           (gen_rs_blocks[2].rs_instance.i_reservation_station)                                |                                                                  reservation_station__parameterized1 |        271 |        271 |       0 |    0 |   124 |      0 |      0 |          0 |
|           i_tournament_tree_oldest_valid                                                      |                                                                                      tournament_tree |         49 |         49 |       0 |    0 |     0 |      0 |      0 |          0 |
|         i_commit_register_allocation_table                                                    |                                                            register_allocation_table__parameterized0 |         35 |         35 |       0 |    0 |   221 |      0 |      0 |          0 |
|         i_issue_read_operands                                                                 |                                                                                  issue_read_operands |      10706 |      10706 |       0 |    0 |  5000 |      0 |      0 |          0 |
|           (i_issue_read_operands)                                                             |                                                                                  issue_read_operands |       1456 |       1456 |       0 |    0 |   320 |      0 |      0 |          0 |
|           gen_fpga_regfile.i_ariane_regfile_fpga                                              |                                                                                  ariane_regfile_fpga |       9250 |       9250 |       0 |    0 |  4680 |      0 |      0 |          0 |
|         i_issue_register_allocation_table                                                     |                                                                            register_allocation_table |       1363 |       1363 |       0 |    0 |   221 |      0 |      0 |          0 |
|           (i_issue_register_allocation_table)                                                 |                                                                            register_allocation_table |       1270 |       1270 |       0 |    0 |   221 |      0 |      0 |          0 |
|           g_alloc[0].i_lzc                                                                    |                                                                                  lzc__parameterized2 |         38 |         38 |       0 |    0 |     0 |      0 |      0 |          0 |
|           g_alloc[1].i_lzc                                                                    |                                                                              lzc__parameterized2_287 |         55 |         55 |       0 |    0 |     0 |      0 |      0 |          0 |
|         i_scoreboard                                                                          |                                                                                           scoreboard |       7045 |       7045 |       0 |    0 |  1601 |      0 |      0 |          0 |
|   i_ariane_peripherals                                                                        |                                                                                   ariane_peripherals |       2944 |       2944 |       0 |    0 |  3241 |      0 |      0 |          0 |
|     gen_timer.i_axi2apb_64_32_timer                                                           |                                                                                        axi2apb_64_32 |        537 |        537 |       0 |    0 |   474 |      0 |      0 |          0 |
|       (gen_timer.i_axi2apb_64_32_timer)                                                       |                                                                                        axi2apb_64_32 |         13 |         13 |       0 |    0 |    92 |      0 |      0 |          0 |
|       slave_ar_buffer_i                                                                       |                                                                                    axi_ar_buffer_261 |        243 |        243 |       0 |    0 |    42 |      0 |      0 |          0 |
|         i_axi_single_slice                                                                    |                                                                                 axi_single_slice_282 |        243 |        243 |       0 |    0 |    42 |      0 |      0 |          0 |
|           i_fifo                                                                              |                                                                                             fifo_283 |        243 |        243 |       0 |    0 |    42 |      0 |      0 |          0 |
|             impl                                                                              |                                                                          fifo_v2__parameterized1_284 |        243 |        243 |       0 |    0 |    42 |      0 |      0 |          0 |
|               i_fifo_v3                                                                       |                                                                          fifo_v3__parameterized6_285 |        243 |        243 |       0 |    0 |    42 |      0 |      0 |          0 |
|       slave_aw_buffer_i                                                                       |                                                                                    axi_aw_buffer_262 |         59 |         59 |       0 |    0 |    42 |      0 |      0 |          0 |
|         i_axi_single_slice                                                                    |                                                                                 axi_single_slice_278 |         59 |         59 |       0 |    0 |    42 |      0 |      0 |          0 |
|           i_fifo                                                                              |                                                                                             fifo_279 |         59 |         59 |       0 |    0 |    42 |      0 |      0 |          0 |
|             impl                                                                              |                                                                          fifo_v2__parameterized1_280 |         59 |         59 |       0 |    0 |    42 |      0 |      0 |          0 |
|               i_fifo_v3                                                                       |                                                                          fifo_v3__parameterized6_281 |         59 |         59 |       0 |    0 |    42 |      0 |      0 |          0 |
|       slave_b_buffer_i                                                                        |                                                                                     axi_b_buffer_263 |         17 |         17 |       0 |    0 |    10 |      0 |      0 |          0 |
|         i_axi_single_slice                                                                    |                                                                 axi_single_slice__parameterized2_274 |         17 |         17 |       0 |    0 |    10 |      0 |      0 |          0 |
|           i_fifo                                                                              |                                                                             fifo__parameterized2_275 |         17 |         17 |       0 |    0 |    10 |      0 |      0 |          0 |
|             impl                                                                              |                                                                          fifo_v2__parameterized4_276 |         17 |         17 |       0 |    0 |    10 |      0 |      0 |          0 |
|               i_fifo_v3                                                                       |                                                                          fifo_v3__parameterized9_277 |         17 |         17 |       0 |    0 |    10 |      0 |      0 |          0 |
|       slave_r_buffer_i                                                                        |                                                                                     axi_r_buffer_264 |        148 |        148 |       0 |    0 |   140 |      0 |      0 |          0 |
|         i_axi_single_slice                                                                    |                                                                 axi_single_slice__parameterized1_270 |        148 |        148 |       0 |    0 |   140 |      0 |      0 |          0 |
|           i_fifo                                                                              |                                                                             fifo__parameterized1_271 |        148 |        148 |       0 |    0 |   140 |      0 |      0 |          0 |
|             impl                                                                              |                                                                          fifo_v2__parameterized3_272 |        148 |        148 |       0 |    0 |   140 |      0 |      0 |          0 |
|               i_fifo_v3                                                                       |                                                                          fifo_v3__parameterized8_273 |        148 |        148 |       0 |    0 |   140 |      0 |      0 |          0 |
|       slave_w_buffer_i                                                                        |                                                                                     axi_w_buffer_265 |         57 |         57 |       0 |    0 |   148 |      0 |      0 |          0 |
|         i_axi_single_slice                                                                    |                                                                 axi_single_slice__parameterized0_266 |         57 |         57 |       0 |    0 |   148 |      0 |      0 |          0 |
|           i_fifo                                                                              |                                                                             fifo__parameterized0_267 |         57 |         57 |       0 |    0 |   148 |      0 |      0 |          0 |
|             impl                                                                              |                                                                          fifo_v2__parameterized2_268 |         57 |         57 |       0 |    0 |   148 |      0 |      0 |          0 |
|               i_fifo_v3                                                                       |                                                                          fifo_v3__parameterized7_269 |         57 |         57 |       0 |    0 |   148 |      0 |      0 |          0 |
|     gen_timer.i_timer                                                                         |                                                                                            apb_timer |        184 |        184 |       0 |    0 |   256 |      0 |      0 |          0 |
|       TIMER_GEN[0].timer_i                                                                    |                                                                                                timer |         92 |         92 |       0 |    0 |   128 |      0 |      0 |          0 |
|       TIMER_GEN[1].timer_i                                                                    |                                                                                            timer_260 |         92 |         92 |       0 |    0 |   128 |      0 |      0 |          0 |
|     gen_uart.i_apb_uart                                                                       |                                                                                             apb_uart |        840 |        840 |       0 |    0 |  1477 |      0 |      0 |          0 |
|       (gen_uart.i_apb_uart)                                                                   |                                                                                             apb_uart |         18 |         18 |       0 |    0 |   102 |      0 |      0 |          0 |
|       UART_BG16                                                                               |                                                                                         uart_baudgen |         23 |         23 |       0 |    0 |    17 |      0 |      0 |          0 |
|       UART_BG2                                                                                |                                                                                       slib_clock_div |          5 |          5 |       0 |    0 |     4 |      0 |      0 |          0 |
|       UART_BIDET                                                                              |                                                                                     slib_edge_detect |          0 |          0 |       0 |    0 |     1 |      0 |      0 |          0 |
|       UART_ED_CTS                                                                             |                                                                                 slib_edge_detect_249 |          0 |          0 |       0 |    0 |     1 |      0 |      0 |          0 |
|       UART_ED_DCD                                                                             |                                                                                 slib_edge_detect_250 |          0 |          0 |       0 |    0 |     1 |      0 |      0 |          0 |
|       UART_ED_DSR                                                                             |                                                                                 slib_edge_detect_251 |          0 |          0 |       0 |    0 |     1 |      0 |      0 |          0 |
|       UART_ED_RI                                                                              |                                                                                 slib_edge_detect_252 |          0 |          0 |       0 |    0 |     1 |      0 |      0 |          0 |
|       UART_FEDET                                                                              |                                                                                 slib_edge_detect_253 |          0 |          0 |       0 |    0 |     1 |      0 |      0 |          0 |
|       UART_IF_CTS                                                                             |                                                                                    slib_input_filter |          7 |          7 |       0 |    0 |     3 |      0 |      0 |          0 |
|       UART_IF_DCD                                                                             |                                                                                slib_input_filter_254 |          6 |          6 |       0 |    0 |     3 |      0 |      0 |          0 |
|       UART_IF_DSR                                                                             |                                                                                slib_input_filter_255 |          6 |          6 |       0 |    0 |     3 |      0 |      0 |          0 |
|       UART_IF_RI                                                                              |                                                                                slib_input_filter_256 |          5 |          5 |       0 |    0 |     3 |      0 |      0 |          0 |
|       UART_IIC                                                                                |                                                                                       uart_interrupt |          8 |          8 |       0 |    0 |     4 |      0 |      0 |          0 |
|       UART_IIC_THRE_ED                                                                        |                                                                                 slib_edge_detect_257 |          0 |          0 |       0 |    0 |     1 |      0 |      0 |          0 |
|       UART_IS_SIN                                                                             |                                                                                      slib_input_sync |          0 |          0 |       0 |    0 |     2 |      0 |      0 |          0 |
|       UART_PEDET                                                                              |                                                                                 slib_edge_detect_258 |          0 |          0 |       0 |    0 |     1 |      0 |      0 |          0 |
|       UART_RCLK                                                                               |                                                                                 slib_edge_detect_259 |          0 |          0 |       0 |    0 |     1 |      0 |      0 |          0 |
|       UART_RX                                                                                 |                                                                                        uart_receiver |         64 |         64 |       0 |    0 |    35 |      0 |      0 |          0 |
|         (UART_RX)                                                                             |                                                                                        uart_receiver |         19 |         19 |       0 |    0 |    21 |      0 |      0 |          0 |
|         RX_BRC                                                                                |                                                                                         slib_counter |         20 |         20 |       0 |    0 |     5 |      0 |      0 |          0 |
|         RX_IFSB                                                                               |                                                                    slib_input_filter__parameterized2 |          9 |          9 |       0 |    0 |     4 |      0 |      0 |          0 |
|         RX_MVF                                                                                |                                                                                       slib_mv_filter |         16 |         16 |       0 |    0 |     5 |      0 |      0 |          0 |
|       UART_RXFF                                                                               |                                                                            slib_fifo__parameterized1 |        394 |        394 |       0 |    0 |   736 |      0 |      0 |          0 |
|       UART_TX                                                                                 |                                                                                     uart_transmitter |         20 |         20 |       0 |    0 |    16 |      0 |      0 |          0 |
|       UART_TXFF                                                                               |                                                                                            slib_fifo |        284 |        284 |       0 |    0 |   540 |      0 |      0 |          0 |
|     i_axi2apb_64_32_plic                                                                      |                                                                                    axi2apb_64_32_217 |       1006 |       1006 |       0 |    0 |   626 |      0 |      0 |          0 |
|       (i_axi2apb_64_32_plic)                                                                  |                                                                                    axi2apb_64_32_217 |         10 |         10 |       0 |    0 |   144 |      0 |      0 |          0 |
|       slave_ar_buffer_i                                                                       |                                                                                    axi_ar_buffer_224 |        586 |        586 |       0 |    0 |    96 |      0 |      0 |          0 |
|         i_axi_single_slice                                                                    |                                                                                 axi_single_slice_245 |        586 |        586 |       0 |    0 |    96 |      0 |      0 |          0 |
|           i_fifo                                                                              |                                                                                             fifo_246 |        586 |        586 |       0 |    0 |    96 |      0 |      0 |          0 |
|             impl                                                                              |                                                                          fifo_v2__parameterized1_247 |        586 |        586 |       0 |    0 |    96 |      0 |      0 |          0 |
|               i_fifo_v3                                                                       |                                                                          fifo_v3__parameterized6_248 |        586 |        586 |       0 |    0 |    96 |      0 |      0 |          0 |
|       slave_aw_buffer_i                                                                       |                                                                                    axi_aw_buffer_225 |        182 |        182 |       0 |    0 |    96 |      0 |      0 |          0 |
|         i_axi_single_slice                                                                    |                                                                                 axi_single_slice_241 |        182 |        182 |       0 |    0 |    96 |      0 |      0 |          0 |
|           i_fifo                                                                              |                                                                                             fifo_242 |        182 |        182 |       0 |    0 |    96 |      0 |      0 |          0 |
|             impl                                                                              |                                                                          fifo_v2__parameterized1_243 |        182 |        182 |       0 |    0 |    96 |      0 |      0 |          0 |
|               i_fifo_v3                                                                       |                                                                          fifo_v3__parameterized6_244 |        182 |        182 |       0 |    0 |    96 |      0 |      0 |          0 |
|       slave_b_buffer_i                                                                        |                                                                                     axi_b_buffer_226 |         20 |         20 |       0 |    0 |    10 |      0 |      0 |          0 |
|         i_axi_single_slice                                                                    |                                                                 axi_single_slice__parameterized2_237 |         20 |         20 |       0 |    0 |    10 |      0 |      0 |          0 |
|           i_fifo                                                                              |                                                                             fifo__parameterized2_238 |         20 |         20 |       0 |    0 |    10 |      0 |      0 |          0 |
|             impl                                                                              |                                                                          fifo_v2__parameterized4_239 |         20 |         20 |       0 |    0 |    10 |      0 |      0 |          0 |
|               i_fifo_v3                                                                       |                                                                          fifo_v3__parameterized9_240 |         20 |         20 |       0 |    0 |    10 |      0 |      0 |          0 |
|       slave_r_buffer_i                                                                        |                                                                                     axi_r_buffer_227 |        150 |        150 |       0 |    0 |   136 |      0 |      0 |          0 |
|         i_axi_single_slice                                                                    |                                                                 axi_single_slice__parameterized1_233 |        150 |        150 |       0 |    0 |   136 |      0 |      0 |          0 |
|           i_fifo                                                                              |                                                                             fifo__parameterized1_234 |        150 |        150 |       0 |    0 |   136 |      0 |      0 |          0 |
|             impl                                                                              |                                                                          fifo_v2__parameterized3_235 |        150 |        150 |       0 |    0 |   136 |      0 |      0 |          0 |
|               i_fifo_v3                                                                       |                                                                          fifo_v3__parameterized8_236 |        150 |        150 |       0 |    0 |   136 |      0 |      0 |          0 |
|       slave_w_buffer_i                                                                        |                                                                                     axi_w_buffer_228 |         58 |         58 |       0 |    0 |   144 |      0 |      0 |          0 |
|         i_axi_single_slice                                                                    |                                                                 axi_single_slice__parameterized0_229 |         58 |         58 |       0 |    0 |   144 |      0 |      0 |          0 |
|           i_fifo                                                                              |                                                                             fifo__parameterized0_230 |         58 |         58 |       0 |    0 |   144 |      0 |      0 |          0 |
|             impl                                                                              |                                                                          fifo_v2__parameterized2_231 |         58 |         58 |       0 |    0 |   144 |      0 |      0 |          0 |
|               i_fifo_v3                                                                       |                                                                          fifo_v3__parameterized7_232 |         58 |         58 |       0 |    0 |   144 |      0 |      0 |          0 |
|     i_axi2apb_64_32_uart                                                                      |                                                                                    axi2apb_64_32_218 |        275 |        275 |       0 |    0 |   234 |      0 |      0 |          0 |
|       (i_axi2apb_64_32_uart)                                                                  |                                                                                    axi2apb_64_32_218 |         14 |         14 |       0 |    0 |    44 |      0 |      0 |          0 |
|       slave_ar_buffer_i                                                                       |                                                                                        axi_ar_buffer |         87 |         87 |       0 |    0 |    42 |      0 |      0 |          0 |
|         i_axi_single_slice                                                                    |                                                                                 axi_single_slice_220 |         87 |         87 |       0 |    0 |    42 |      0 |      0 |          0 |
|           i_fifo                                                                              |                                                                                             fifo_221 |         87 |         87 |       0 |    0 |    42 |      0 |      0 |          0 |
|             impl                                                                              |                                                                          fifo_v2__parameterized1_222 |         87 |         87 |       0 |    0 |    42 |      0 |      0 |          0 |
|               i_fifo_v3                                                                       |                                                                          fifo_v3__parameterized6_223 |         87 |         87 |       0 |    0 |    42 |      0 |      0 |          0 |
|       slave_aw_buffer_i                                                                       |                                                                                        axi_aw_buffer |         61 |         61 |       0 |    0 |    42 |      0 |      0 |          0 |
|         i_axi_single_slice                                                                    |                                                                                     axi_single_slice |         61 |         61 |       0 |    0 |    42 |      0 |      0 |          0 |
|           i_fifo                                                                              |                                                                                                 fifo |         61 |         61 |       0 |    0 |    42 |      0 |      0 |          0 |
|             impl                                                                              |                                                                              fifo_v2__parameterized1 |         61 |         61 |       0 |    0 |    42 |      0 |      0 |          0 |
|               i_fifo_v3                                                                       |                                                                              fifo_v3__parameterized6 |         61 |         61 |       0 |    0 |    42 |      0 |      0 |          0 |
|       slave_b_buffer_i                                                                        |                                                                                         axi_b_buffer |         22 |         22 |       0 |    0 |    10 |      0 |      0 |          0 |
|         i_axi_single_slice                                                                    |                                                                     axi_single_slice__parameterized2 |         22 |         22 |       0 |    0 |    10 |      0 |      0 |          0 |
|           i_fifo                                                                              |                                                                                 fifo__parameterized2 |         22 |         22 |       0 |    0 |    10 |      0 |      0 |          0 |
|             impl                                                                              |                                                                              fifo_v2__parameterized4 |         22 |         22 |       0 |    0 |    10 |      0 |      0 |          0 |
|               i_fifo_v3                                                                       |                                                                              fifo_v3__parameterized9 |         22 |         22 |       0 |    0 |    10 |      0 |      0 |          0 |
|       slave_r_buffer_i                                                                        |                                                                                         axi_r_buffer |         54 |         54 |       0 |    0 |    44 |      0 |      0 |          0 |
|         i_axi_single_slice                                                                    |                                                                     axi_single_slice__parameterized1 |         54 |         54 |       0 |    0 |    44 |      0 |      0 |          0 |
|           i_fifo                                                                              |                                                                                 fifo__parameterized1 |         54 |         54 |       0 |    0 |    44 |      0 |      0 |          0 |
|             impl                                                                              |                                                                              fifo_v2__parameterized3 |         54 |         54 |       0 |    0 |    44 |      0 |      0 |          0 |
|               i_fifo_v3                                                                       |                                                                              fifo_v3__parameterized8 |         54 |         54 |       0 |    0 |    44 |      0 |      0 |          0 |
|       slave_w_buffer_i                                                                        |                                                                                         axi_w_buffer |         37 |         37 |       0 |    0 |    52 |      0 |      0 |          0 |
|         i_axi_single_slice                                                                    |                                                                     axi_single_slice__parameterized0 |         37 |         37 |       0 |    0 |    52 |      0 |      0 |          0 |
|           i_fifo                                                                              |                                                                                 fifo__parameterized0 |         37 |         37 |       0 |    0 |    52 |      0 |      0 |          0 |
|             impl                                                                              |                                                                              fifo_v2__parameterized2 |         37 |         37 |       0 |    0 |    52 |      0 |      0 |          0 |
|               i_fifo_v3                                                                       |                                                                              fifo_v3__parameterized7 |         37 |         37 |       0 |    0 |    52 |      0 |      0 |          0 |
|     i_plic                                                                                    |                                                                                             plic_top |        102 |        102 |       0 |    0 |   174 |      0 |      0 |          0 |
|       (i_plic)                                                                                |                                                                                             plic_top |         13 |         13 |       0 |    0 |   156 |      0 |      0 |          0 |
|       gen_target[0].i_target                                                                  |                                                                                       rv_plic_target |          8 |          8 |       0 |    0 |     4 |      0 |      0 |          0 |
|       gen_target[1].i_target                                                                  |                                                                                   rv_plic_target_219 |         13 |         13 |       0 |    0 |     4 |      0 |      0 |          0 |
|       i_rv_plic_gateway                                                                       |                                                                                      rv_plic_gateway |         68 |         68 |       0 |    0 |    10 |      0 |      0 |          0 |
|   i_axi2rom                                                                                   |                                                                              axi2mem__parameterized0 |        230 |        230 |       0 |    0 |    66 |      0 |      0 |          0 |
|   i_axi_dwidth_converter_dm_master                                                            |                                                                  xlnx_axi_dwidth_converter_dm_master |        494 |        430 |       0 |   64 |   617 |      0 |      0 |          0 |
|     (i_axi_dwidth_converter_dm_master)                                                        |                                                                  xlnx_axi_dwidth_converter_dm_master |          0 |          0 |       0 |    0 |     0 |      0 |      0 |          0 |
|     inst                                                                                      |                                 xlnx_axi_dwidth_converter_dm_master_axi_dwidth_converter_v2_1_31_top |        494 |        430 |       0 |   64 |   617 |      0 |      0 |          0 |
|       gen_upsizer.gen_full_upsizer.axi_upsizer_inst                                           |                         xlnx_axi_dwidth_converter_dm_master_axi_dwidth_converter_v2_1_31_axi_upsizer |        494 |        430 |       0 |   64 |   617 |      0 |      0 |          0 |
|         USE_READ.gen_non_fifo_r_upsizer.mi_register_slice_inst                                |                    xlnx_axi_dwidth_converter_dm_master_axi_register_slice_v2_1_31_axi_register_slice |         36 |         36 |       0 |    0 |   136 |      0 |      0 |          0 |
|           r.r_pipe                                                                            |   xlnx_axi_dwidth_converter_dm_master_axi_register_slice_v2_1_31_axic_register_slice__parameterized2 |         36 |         36 |       0 |    0 |   136 |      0 |      0 |          0 |
|         USE_READ.gen_non_fifo_r_upsizer.read_data_inst                                        |                           xlnx_axi_dwidth_converter_dm_master_axi_dwidth_converter_v2_1_31_r_upsizer |         58 |         58 |       0 |    0 |    84 |      0 |      0 |          0 |
|         USE_READ.read_addr_inst                                                               |           xlnx_axi_dwidth_converter_dm_master_axi_dwidth_converter_v2_1_31_a_upsizer__parameterized0 |         69 |         37 |       0 |   32 |    49 |      0 |      0 |          0 |
|           (USE_READ.read_addr_inst)                                                           |           xlnx_axi_dwidth_converter_dm_master_axi_dwidth_converter_v2_1_31_a_upsizer__parameterized0 |          0 |          0 |       0 |    0 |     1 |      0 |      0 |          0 |
|           GEN_CMD_QUEUE.cmd_queue                                                             |         xlnx_axi_dwidth_converter_dm_master_generic_baseblocks_v2_1_2_command_fifo__parameterized0_1 |         55 |         27 |       0 |   28 |    36 |      0 |      0 |          0 |
|           gen_id_queue.id_queue                                                               |                         xlnx_axi_dwidth_converter_dm_master_generic_baseblocks_v2_1_2_command_fifo_2 |         14 |         10 |       0 |    4 |    12 |      0 |      0 |          0 |
|         USE_WRITE.gen_non_fifo_w_upsizer.write_data_inst                                      |                           xlnx_axi_dwidth_converter_dm_master_axi_dwidth_converter_v2_1_31_w_upsizer |         34 |         34 |       0 |    0 |   163 |      0 |      0 |          0 |
|         USE_WRITE.write_addr_inst                                                             |                           xlnx_axi_dwidth_converter_dm_master_axi_dwidth_converter_v2_1_31_a_upsizer |        171 |        139 |       0 |   32 |    49 |      0 |      0 |          0 |
|           (USE_WRITE.write_addr_inst)                                                         |                           xlnx_axi_dwidth_converter_dm_master_axi_dwidth_converter_v2_1_31_a_upsizer |          0 |          0 |       0 |    0 |     1 |      0 |      0 |          0 |
|           GEN_CMD_QUEUE.cmd_queue                                                             |           xlnx_axi_dwidth_converter_dm_master_generic_baseblocks_v2_1_2_command_fifo__parameterized0 |        154 |        126 |       0 |   28 |    36 |      0 |      0 |          0 |
|           gen_id_queue.id_queue                                                               |                           xlnx_axi_dwidth_converter_dm_master_generic_baseblocks_v2_1_2_command_fifo |         17 |         13 |       0 |    4 |    12 |      0 |      0 |          0 |
|         si_register_slice_inst                                                                |    xlnx_axi_dwidth_converter_dm_master_axi_register_slice_v2_1_31_axi_register_slice__parameterized0 |        126 |        126 |       0 |    0 |   136 |      0 |      0 |          0 |
|           ar.ar_pipe                                                                          |   xlnx_axi_dwidth_converter_dm_master_axi_register_slice_v2_1_31_axic_register_slice__parameterized3 |         60 |         60 |       0 |    0 |    67 |      0 |      0 |          0 |
|           aw.aw_pipe                                                                          | xlnx_axi_dwidth_converter_dm_master_axi_register_slice_v2_1_31_axic_register_slice__parameterized3_0 |         66 |         66 |       0 |    0 |    69 |      0 |      0 |          0 |
|   i_axi_dwidth_converter_dm_slave                                                             |                                                                   xlnx_axi_dwidth_converter_dm_slave |        775 |        731 |      44 |    0 |   742 |      0 |      0 |          0 |
|     (i_axi_dwidth_converter_dm_slave)                                                         |                                                                   xlnx_axi_dwidth_converter_dm_slave |          0 |          0 |       0 |    0 |     0 |      0 |      0 |          0 |
|     inst                                                                                      |                                  xlnx_axi_dwidth_converter_dm_slave_axi_dwidth_converter_v2_1_31_top |        775 |        731 |      44 |    0 |   742 |      0 |      0 |          0 |
|       gen_downsizer.gen_simple_downsizer.axi_downsizer_inst                                   |                        xlnx_axi_dwidth_converter_dm_slave_axi_dwidth_converter_v2_1_31_axi_downsizer |        775 |        731 |      44 |    0 |   742 |      0 |      0 |          0 |
|         USE_READ.read_addr_inst                                                               |          xlnx_axi_dwidth_converter_dm_slave_axi_dwidth_converter_v2_1_31_a_downsizer__parameterized0 |        315 |        295 |      20 |    0 |   297 |      0 |      0 |          0 |
|           (USE_READ.read_addr_inst)                                                           |          xlnx_axi_dwidth_converter_dm_slave_axi_dwidth_converter_v2_1_31_a_downsizer__parameterized0 |        188 |        188 |       0 |    0 |   209 |      0 |      0 |          0 |
|           cmd_queue                                                                           |                   xlnx_axi_dwidth_converter_dm_slave_axi_data_fifo_v2_1_30_axic_fifo__parameterized0 |        127 |        107 |      20 |    0 |    88 |      0 |      0 |          0 |
|             inst                                                                              |                    xlnx_axi_dwidth_converter_dm_slave_axi_data_fifo_v2_1_30_fifo_gen__parameterized0 |        127 |        107 |      20 |    0 |    88 |      0 |      0 |          0 |
|               (inst)                                                                          |                    xlnx_axi_dwidth_converter_dm_slave_axi_data_fifo_v2_1_30_fifo_gen__parameterized0 |         72 |         72 |       0 |    0 |     0 |      0 |      0 |          0 |
|               fifo_gen_inst                                                                   |                           xlnx_axi_dwidth_converter_dm_slave_fifo_generator_v13_2_10__parameterized0 |         55 |         35 |      20 |    0 |    88 |      0 |      0 |          0 |
|                 (fifo_gen_inst)                                                               |                           xlnx_axi_dwidth_converter_dm_slave_fifo_generator_v13_2_10__parameterized0 |          0 |          0 |       0 |    0 |     0 |      0 |      0 |          0 |
|                 inst_fifo_gen                                                                 |                     xlnx_axi_dwidth_converter_dm_slave_fifo_generator_v13_2_10_synth__parameterized0 |         55 |         35 |      20 |    0 |    88 |      0 |      0 |          0 |
|                   gconvfifo.rf                                                                |                                xlnx_axi_dwidth_converter_dm_slave_fifo_generator_top__parameterized0 |         55 |         35 |      20 |    0 |    88 |      0 |      0 |          0 |
|                     grf.rf                                                                    |                            xlnx_axi_dwidth_converter_dm_slave_fifo_generator_ramfifo__parameterized0 |         55 |         35 |      20 |    0 |    88 |      0 |      0 |          0 |
|                       gntv_or_sync_fifo.gl0.rd                                                |                                                        xlnx_axi_dwidth_converter_dm_slave_rd_logic_7 |         10 |         10 |       0 |    0 |    20 |      0 |      0 |          0 |
|                         gr1.gr1_int.rfwft                                                     |                                                        xlnx_axi_dwidth_converter_dm_slave_rd_fwft_13 |          7 |          7 |       0 |    0 |     8 |      0 |      0 |          0 |
|                         grss.rsts                                                             |                                             xlnx_axi_dwidth_converter_dm_slave_rd_status_flags_ss_14 |          0 |          0 |       0 |    0 |     2 |      0 |      0 |          0 |
|                         rpntr                                                                 |                                                    xlnx_axi_dwidth_converter_dm_slave_rd_bin_cntr_15 |          3 |          3 |       0 |    0 |    10 |      0 |      0 |          0 |
|                       gntv_or_sync_fifo.gl0.wr                                                |                                                        xlnx_axi_dwidth_converter_dm_slave_wr_logic_8 |         14 |         14 |       0 |    0 |    12 |      0 |      0 |          0 |
|                         gwss.wsts                                                             |                                             xlnx_axi_dwidth_converter_dm_slave_wr_status_flags_ss_11 |          3 |          3 |       0 |    0 |     2 |      0 |      0 |          0 |
|                         wpntr                                                                 |                                                    xlnx_axi_dwidth_converter_dm_slave_wr_bin_cntr_12 |         11 |         11 |       0 |    0 |    10 |      0 |      0 |          0 |
|                       gntv_or_sync_fifo.mem                                                   |                                          xlnx_axi_dwidth_converter_dm_slave_memory__parameterized0_9 |         20 |          0 |      20 |    0 |    52 |      0 |      0 |          0 |
|                         (gntv_or_sync_fifo.mem)                                               |                                          xlnx_axi_dwidth_converter_dm_slave_memory__parameterized0_9 |          0 |          0 |       0 |    0 |    26 |      0 |      0 |          0 |
|                         gdm.dm_gen.dm                                                         |                                           xlnx_axi_dwidth_converter_dm_slave_dmem__parameterized0_10 |         20 |          0 |      20 |    0 |    26 |      0 |      0 |          0 |
|                       rstblk                                                                  |                                                 xlnx_axi_dwidth_converter_dm_slave_reset_blk_ramfifo |         11 |         11 |       0 |    0 |     4 |      0 |      0 |          0 |
|                         (rstblk)                                                              |                                                 xlnx_axi_dwidth_converter_dm_slave_reset_blk_ramfifo |         11 |         11 |       0 |    0 |     2 |      0 |      0 |          0 |
|                         ngwrdrst.grst.g7serrst.gnsckt_wrst.rst_wr_reg2_inst                   |                                                 xlnx_axi_dwidth_converter_dm_slave_xpm_cdc_async_rst |          0 |          0 |       0 |    0 |     2 |      0 |      0 |          0 |
|         USE_READ.read_data_inst                                                               |                          xlnx_axi_dwidth_converter_dm_slave_axi_dwidth_converter_v2_1_31_r_downsizer |         51 |         51 |       0 |    0 |    78 |      0 |      0 |          0 |
|         USE_WRITE.USE_SPLIT.write_resp_inst                                                   |                          xlnx_axi_dwidth_converter_dm_slave_axi_dwidth_converter_v2_1_31_b_downsizer |         17 |         17 |       0 |    0 |    11 |      0 |      0 |          0 |
|         USE_WRITE.write_addr_inst                                                             |                          xlnx_axi_dwidth_converter_dm_slave_axi_dwidth_converter_v2_1_31_a_downsizer |        356 |        332 |      24 |    0 |   344 |      0 |      0 |          0 |
|           (USE_WRITE.write_addr_inst)                                                         |                          xlnx_axi_dwidth_converter_dm_slave_axi_dwidth_converter_v2_1_31_a_downsizer |        191 |        191 |       0 |    0 |   212 |      0 |      0 |          0 |
|           USE_B_CHANNEL.cmd_b_queue                                                           |                                   xlnx_axi_dwidth_converter_dm_slave_axi_data_fifo_v2_1_30_axic_fifo |         53 |         49 |       4 |    0 |    46 |      0 |      0 |          0 |
|             inst                                                                              |                                    xlnx_axi_dwidth_converter_dm_slave_axi_data_fifo_v2_1_30_fifo_gen |         53 |         49 |       4 |    0 |    46 |      0 |      0 |          0 |
|               (inst)                                                                          |                                    xlnx_axi_dwidth_converter_dm_slave_axi_data_fifo_v2_1_30_fifo_gen |         14 |         14 |       0 |    0 |     0 |      0 |      0 |          0 |
|               fifo_gen_inst                                                                   |                                           xlnx_axi_dwidth_converter_dm_slave_fifo_generator_v13_2_10 |         39 |         35 |       4 |    0 |    46 |      0 |      0 |          0 |
|                 (fifo_gen_inst)                                                               |                                           xlnx_axi_dwidth_converter_dm_slave_fifo_generator_v13_2_10 |          0 |          0 |       0 |    0 |     0 |      0 |      0 |          0 |
|                 inst_fifo_gen                                                                 |                                     xlnx_axi_dwidth_converter_dm_slave_fifo_generator_v13_2_10_synth |         39 |         35 |       4 |    0 |    46 |      0 |      0 |          0 |
|                   gconvfifo.rf                                                                |                                                xlnx_axi_dwidth_converter_dm_slave_fifo_generator_top |         39 |         35 |       4 |    0 |    46 |      0 |      0 |          0 |
|                     grf.rf                                                                    |                                            xlnx_axi_dwidth_converter_dm_slave_fifo_generator_ramfifo |         39 |         35 |       4 |    0 |    46 |      0 |      0 |          0 |
|                       gntv_or_sync_fifo.gl0.rd                                                |                                                        xlnx_axi_dwidth_converter_dm_slave_rd_logic_0 |         10 |         10 |       0 |    0 |    20 |      0 |      0 |          0 |
|                         gr1.gr1_int.rfwft                                                     |                                                         xlnx_axi_dwidth_converter_dm_slave_rd_fwft_4 |          7 |          7 |       0 |    0 |     8 |      0 |      0 |          0 |
|                         grss.rsts                                                             |                                              xlnx_axi_dwidth_converter_dm_slave_rd_status_flags_ss_5 |          0 |          0 |       0 |    0 |     2 |      0 |      0 |          0 |
|                         rpntr                                                                 |                                                     xlnx_axi_dwidth_converter_dm_slave_rd_bin_cntr_6 |          3 |          3 |       0 |    0 |    10 |      0 |      0 |          0 |
|                       gntv_or_sync_fifo.gl0.wr                                                |                                                        xlnx_axi_dwidth_converter_dm_slave_wr_logic_1 |         14 |         14 |       0 |    0 |    12 |      0 |      0 |          0 |
|                         gwss.wsts                                                             |                                              xlnx_axi_dwidth_converter_dm_slave_wr_status_flags_ss_2 |          3 |          3 |       0 |    0 |     2 |      0 |      0 |          0 |
|                         wpntr                                                                 |                                                     xlnx_axi_dwidth_converter_dm_slave_wr_bin_cntr_3 |         11 |         11 |       0 |    0 |    10 |      0 |      0 |          0 |
|                       gntv_or_sync_fifo.mem                                                   |                                                            xlnx_axi_dwidth_converter_dm_slave_memory |          4 |          0 |       4 |    0 |    10 |      0 |      0 |          0 |
|                         (gntv_or_sync_fifo.mem)                                               |                                                            xlnx_axi_dwidth_converter_dm_slave_memory |          0 |          0 |       0 |    0 |     5 |      0 |      0 |          0 |
|                         gdm.dm_gen.dm                                                         |                                                              xlnx_axi_dwidth_converter_dm_slave_dmem |          4 |          0 |       4 |    0 |     5 |      0 |      0 |          0 |
|                       rstblk                                                                  |                                      xlnx_axi_dwidth_converter_dm_slave_reset_blk_ramfifo__xdcDup__1 |         11 |         11 |       0 |    0 |     4 |      0 |      0 |          0 |
|                         (rstblk)                                                              |                                      xlnx_axi_dwidth_converter_dm_slave_reset_blk_ramfifo__xdcDup__1 |         11 |         11 |       0 |    0 |     2 |      0 |      0 |          0 |
|                         ngwrdrst.grst.g7serrst.gnsckt_wrst.rst_wr_reg2_inst                   |                                              xlnx_axi_dwidth_converter_dm_slave_xpm_cdc_async_rst__3 |          0 |          0 |       0 |    0 |     2 |      0 |      0 |          0 |
|           cmd_queue                                                                           |        xlnx_axi_dwidth_converter_dm_slave_axi_data_fifo_v2_1_30_axic_fifo__parameterized0__xdcDup__1 |        112 |         92 |      20 |    0 |    86 |      0 |      0 |          0 |
|             inst                                                                              |         xlnx_axi_dwidth_converter_dm_slave_axi_data_fifo_v2_1_30_fifo_gen__parameterized0__xdcDup__1 |        112 |         92 |      20 |    0 |    86 |      0 |      0 |          0 |
|               (inst)                                                                          |         xlnx_axi_dwidth_converter_dm_slave_axi_data_fifo_v2_1_30_fifo_gen__parameterized0__xdcDup__1 |         57 |         57 |       0 |    0 |     0 |      0 |      0 |          0 |
|               fifo_gen_inst                                                                   |                xlnx_axi_dwidth_converter_dm_slave_fifo_generator_v13_2_10__parameterized0__xdcDup__1 |         55 |         35 |      20 |    0 |    86 |      0 |      0 |          0 |
|                 (fifo_gen_inst)                                                               |                xlnx_axi_dwidth_converter_dm_slave_fifo_generator_v13_2_10__parameterized0__xdcDup__1 |          0 |          0 |       0 |    0 |     0 |      0 |      0 |          0 |
|                 inst_fifo_gen                                                                 |          xlnx_axi_dwidth_converter_dm_slave_fifo_generator_v13_2_10_synth__parameterized0__xdcDup__1 |         55 |         35 |      20 |    0 |    86 |      0 |      0 |          0 |
|                   gconvfifo.rf                                                                |                     xlnx_axi_dwidth_converter_dm_slave_fifo_generator_top__parameterized0__xdcDup__1 |         55 |         35 |      20 |    0 |    86 |      0 |      0 |          0 |
|                     grf.rf                                                                    |                 xlnx_axi_dwidth_converter_dm_slave_fifo_generator_ramfifo__parameterized0__xdcDup__1 |         55 |         35 |      20 |    0 |    86 |      0 |      0 |          0 |
|                       gntv_or_sync_fifo.gl0.rd                                                |                                                          xlnx_axi_dwidth_converter_dm_slave_rd_logic |         10 |         10 |       0 |    0 |    20 |      0 |      0 |          0 |
|                         gr1.gr1_int.rfwft                                                     |                                                           xlnx_axi_dwidth_converter_dm_slave_rd_fwft |          7 |          7 |       0 |    0 |     8 |      0 |      0 |          0 |
|                         grss.rsts                                                             |                                                xlnx_axi_dwidth_converter_dm_slave_rd_status_flags_ss |          0 |          0 |       0 |    0 |     2 |      0 |      0 |          0 |
|                         rpntr                                                                 |                                                       xlnx_axi_dwidth_converter_dm_slave_rd_bin_cntr |          3 |          3 |       0 |    0 |    10 |      0 |      0 |          0 |
|                       gntv_or_sync_fifo.gl0.wr                                                |                                                          xlnx_axi_dwidth_converter_dm_slave_wr_logic |         14 |         14 |       0 |    0 |    12 |      0 |      0 |          0 |
|                         gwss.wsts                                                             |                                                xlnx_axi_dwidth_converter_dm_slave_wr_status_flags_ss |          3 |          3 |       0 |    0 |     2 |      0 |      0 |          0 |
|                         wpntr                                                                 |                                                       xlnx_axi_dwidth_converter_dm_slave_wr_bin_cntr |         11 |         11 |       0 |    0 |    10 |      0 |      0 |          0 |
|                       gntv_or_sync_fifo.mem                                                   |                                            xlnx_axi_dwidth_converter_dm_slave_memory__parameterized0 |         20 |          0 |      20 |    0 |    50 |      0 |      0 |          0 |
|                         (gntv_or_sync_fifo.mem)                                               |                                            xlnx_axi_dwidth_converter_dm_slave_memory__parameterized0 |          0 |          0 |       0 |    0 |    25 |      0 |      0 |          0 |
|                         gdm.dm_gen.dm                                                         |                                              xlnx_axi_dwidth_converter_dm_slave_dmem__parameterized0 |         20 |          0 |      20 |    0 |    25 |      0 |      0 |          0 |
|                       rstblk                                                                  |                                      xlnx_axi_dwidth_converter_dm_slave_reset_blk_ramfifo__xdcDup__2 |         11 |         11 |       0 |    0 |     4 |      0 |      0 |          0 |
|                         (rstblk)                                                              |                                      xlnx_axi_dwidth_converter_dm_slave_reset_blk_ramfifo__xdcDup__2 |         11 |         11 |       0 |    0 |     2 |      0 |      0 |          0 |
|                         ngwrdrst.grst.g7serrst.gnsckt_wrst.rst_wr_reg2_inst                   |                                              xlnx_axi_dwidth_converter_dm_slave_xpm_cdc_async_rst__4 |          0 |          0 |       0 |    0 |     2 |      0 |      0 |          0 |
|         USE_WRITE.write_data_inst                                                             |                          xlnx_axi_dwidth_converter_dm_slave_axi_dwidth_converter_v2_1_31_w_downsizer |         36 |         36 |       0 |    0 |    12 |      0 |      0 |          0 |
|   i_axi_riscv_atomics                                                                         |                                                                               axi_riscv_atomics_wrap |       1563 |       1563 |       0 |    0 |   596 |      0 |      0 |          0 |
|     i_atomics                                                                                 |                                                                                    axi_riscv_atomics |       1563 |       1563 |       0 |    0 |   596 |      0 |      0 |          0 |
|       i_amos                                                                                  |                                                                                       axi_riscv_amos |       1289 |       1289 |       0 |    0 |   280 |      0 |      0 |          0 |
|       i_lrsc                                                                                  |                                                                                       axi_riscv_lrsc |        274 |        274 |       0 |    0 |   316 |      0 |      0 |          0 |
|         (i_lrsc)                                                                              |                                                                                       axi_riscv_lrsc |         31 |         31 |       0 |    0 |    44 |      0 |      0 |          0 |
|         i_art                                                                                 |                                                                                          axi_res_tbl |        243 |        243 |       0 |    0 |   272 |      0 |      0 |          0 |
|   i_axi_xbar                                                                                  |                                                                                        axi_xbar_intf |       5803 |       5803 |       0 |    0 |  4341 |      0 |      0 |          0 |
|     i_xbar                                                                                    |                                                                                             axi_xbar |       5803 |       5803 |       0 |    0 |  4341 |      0 |      0 |          0 |
|       (i_xbar)                                                                                |                                                                                             axi_xbar |         13 |         13 |       0 |    0 |     0 |      0 |      0 |          0 |
|       gen_mst_port_mux[0].i_axi_mux                                                           |                                                                                              axi_mux |        482 |        482 |       0 |    0 |   540 |      0 |      0 |          0 |
|         (gen_mst_port_mux[0].i_axi_mux)                                                       |                                                                                              axi_mux |          0 |          0 |       0 |    0 |     1 |      0 |      0 |          0 |
|         gen_mux.i_ar_arbiter                                                                  |                                                                      rr_arb_tree__parameterized2_204 |          3 |          3 |       0 |    0 |     4 |      0 |      0 |          0 |
|         gen_mux.i_ar_spill_reg                                                                |                                                                   spill_register__parameterized6_205 |         66 |         66 |       0 |    0 |   104 |      0 |      0 |          0 |
|           spill_register_flushable_i                                                          |                                                         spill_register_flushable__parameterized6_216 |         66 |         66 |       0 |    0 |   104 |      0 |      0 |          0 |
|         gen_mux.i_aw_arbiter                                                                  |                                                                      rr_arb_tree__parameterized1_206 |          3 |          3 |       0 |    0 |     4 |      0 |      0 |          0 |
|         gen_mux.i_aw_spill_reg                                                                |                                                                   spill_register__parameterized4_207 |        184 |        184 |       0 |    0 |   114 |      0 |      0 |          0 |
|           spill_register_flushable_i                                                          |                                                         spill_register_flushable__parameterized4_215 |        184 |        184 |       0 |    0 |   114 |      0 |      0 |          0 |
|         gen_mux.i_b_spill_reg                                                                 |                                                                   spill_register__parameterized5_208 |         24 |         24 |       0 |    0 |    16 |      0 |      0 |          0 |
|           spill_register_flushable_i                                                          |                                                         spill_register_flushable__parameterized5_214 |         24 |         24 |       0 |    0 |    16 |      0 |      0 |          0 |
|         gen_mux.i_r_spill_reg                                                                 |                                                                   spill_register__parameterized7_209 |        118 |        118 |       0 |    0 |   146 |      0 |      0 |          0 |
|           spill_register_flushable_i                                                          |                                                         spill_register_flushable__parameterized7_213 |        118 |        118 |       0 |    0 |   146 |      0 |      0 |          0 |
|         gen_mux.i_w_fifo                                                                      |                                                                          fifo_v3__parameterized4_210 |          5 |          5 |       0 |    0 |     3 |      0 |      0 |          0 |
|         gen_mux.i_w_spill_reg                                                                 |                                                                   spill_register__parameterized0_211 |         79 |         79 |       0 |    0 |   148 |      0 |      0 |          0 |
|           spill_register_flushable_i                                                          |                                                         spill_register_flushable__parameterized0_212 |         79 |         79 |       0 |    0 |   148 |      0 |      0 |          0 |
|       gen_mst_port_mux[1].i_axi_mux                                                           |                                                                                            axi_mux_0 |        155 |        155 |       0 |    0 |    22 |      0 |      0 |          0 |
|         (gen_mst_port_mux[1].i_axi_mux)                                                       |                                                                                            axi_mux_0 |          0 |          0 |       0 |    0 |     1 |      0 |      0 |          0 |
|         gen_mux.i_ar_arbiter                                                                  |                                                                      rr_arb_tree__parameterized2_191 |          3 |          3 |       0 |    0 |     4 |      0 |      0 |          0 |
|         gen_mux.i_ar_spill_reg                                                                |                                                                   spill_register__parameterized6_192 |          4 |          4 |       0 |    0 |     2 |      0 |      0 |          0 |
|           spill_register_flushable_i                                                          |                                                         spill_register_flushable__parameterized6_203 |          4 |          4 |       0 |    0 |     2 |      0 |      0 |          0 |
|         gen_mux.i_aw_arbiter                                                                  |                                                                      rr_arb_tree__parameterized1_193 |          2 |          2 |       0 |    0 |     4 |      0 |      0 |          0 |
|         gen_mux.i_aw_spill_reg                                                                |                                                                   spill_register__parameterized4_194 |          5 |          5 |       0 |    0 |     2 |      0 |      0 |          0 |
|           spill_register_flushable_i                                                          |                                                         spill_register_flushable__parameterized4_202 |          5 |          5 |       0 |    0 |     2 |      0 |      0 |          0 |
|         gen_mux.i_b_spill_reg                                                                 |                                                                   spill_register__parameterized5_195 |         58 |         58 |       0 |    0 |     2 |      0 |      0 |          0 |
|           spill_register_flushable_i                                                          |                                                         spill_register_flushable__parameterized5_201 |         58 |         58 |       0 |    0 |     2 |      0 |      0 |          0 |
|         gen_mux.i_r_spill_reg                                                                 |                                                                   spill_register__parameterized7_196 |         74 |         74 |       0 |    0 |     2 |      0 |      0 |          0 |
|           spill_register_flushable_i                                                          |                                                         spill_register_flushable__parameterized7_200 |         74 |         74 |       0 |    0 |     2 |      0 |      0 |          0 |
|         gen_mux.i_w_fifo                                                                      |                                                                          fifo_v3__parameterized4_197 |          6 |          6 |       0 |    0 |     3 |      0 |      0 |          0 |
|         gen_mux.i_w_spill_reg                                                                 |                                                                   spill_register__parameterized0_198 |          3 |          3 |       0 |    0 |     2 |      0 |      0 |          0 |
|           spill_register_flushable_i                                                          |                                                         spill_register_flushable__parameterized0_199 |          3 |          3 |       0 |    0 |     2 |      0 |      0 |          0 |
|       gen_mst_port_mux[2].i_axi_mux                                                           |                                                                                            axi_mux_1 |         46 |         46 |       0 |    0 |    26 |      0 |      0 |          0 |
|         gen_mux.i_ar_arbiter                                                                  |                                                                      rr_arb_tree__parameterized2_180 |          0 |          0 |       0 |    0 |     1 |      0 |      0 |          0 |
|         gen_mux.i_ar_spill_reg                                                                |                                                                   spill_register__parameterized6_181 |          0 |          0 |       0 |    0 |     1 |      0 |      0 |          0 |
|           spill_register_flushable_i                                                          |                                                         spill_register_flushable__parameterized6_190 |          0 |          0 |       0 |    0 |     1 |      0 |      0 |          0 |
|         gen_mux.i_aw_arbiter                                                                  |                                                                      rr_arb_tree__parameterized1_182 |          4 |          4 |       0 |    0 |     4 |      0 |      0 |          0 |
|         gen_mux.i_aw_spill_reg                                                                |                                                                   spill_register__parameterized4_183 |          1 |          1 |       0 |    0 |     3 |      0 |      0 |          0 |
|           spill_register_flushable_i                                                          |                                                         spill_register_flushable__parameterized4_189 |          1 |          1 |       0 |    0 |     3 |      0 |      0 |          0 |
|         gen_mux.i_b_spill_reg                                                                 |                                                                   spill_register__parameterized5_184 |         16 |         16 |       0 |    0 |    10 |      0 |      0 |          0 |
|           spill_register_flushable_i                                                          |                                                         spill_register_flushable__parameterized5_188 |         16 |         16 |       0 |    0 |    10 |      0 |      0 |          0 |
|         gen_mux.i_r_spill_reg                                                                 |                                                                   spill_register__parameterized7_185 |         18 |         18 |       0 |    0 |     4 |      0 |      0 |          0 |
|           spill_register_flushable_i                                                          |                                                         spill_register_flushable__parameterized7_187 |         18 |         18 |       0 |    0 |     4 |      0 |      0 |          0 |
|         gen_mux.i_w_fifo                                                                      |                                                                          fifo_v3__parameterized4_186 |          7 |          7 |       0 |    0 |     3 |      0 |      0 |          0 |
|       gen_mst_port_mux[3].i_axi_mux                                                           |                                                                                            axi_mux_2 |         64 |         64 |       0 |    0 |    26 |      0 |      0 |          0 |
|         gen_mux.i_ar_arbiter                                                                  |                                                                      rr_arb_tree__parameterized2_169 |          0 |          0 |       0 |    0 |     1 |      0 |      0 |          0 |
|         gen_mux.i_ar_spill_reg                                                                |                                                                   spill_register__parameterized6_170 |          0 |          0 |       0 |    0 |     1 |      0 |      0 |          0 |
|           spill_register_flushable_i                                                          |                                                         spill_register_flushable__parameterized6_179 |          0 |          0 |       0 |    0 |     1 |      0 |      0 |          0 |
|         gen_mux.i_aw_arbiter                                                                  |                                                                      rr_arb_tree__parameterized1_171 |          6 |          6 |       0 |    0 |     4 |      0 |      0 |          0 |
|         gen_mux.i_aw_spill_reg                                                                |                                                                   spill_register__parameterized4_172 |          1 |          1 |       0 |    0 |     3 |      0 |      0 |          0 |
|           spill_register_flushable_i                                                          |                                                         spill_register_flushable__parameterized4_178 |          1 |          1 |       0 |    0 |     3 |      0 |      0 |          0 |
|         gen_mux.i_b_spill_reg                                                                 |                                                                   spill_register__parameterized5_173 |         40 |         40 |       0 |    0 |    10 |      0 |      0 |          0 |
|           spill_register_flushable_i                                                          |                                                         spill_register_flushable__parameterized5_177 |         40 |         40 |       0 |    0 |    10 |      0 |      0 |          0 |
|         gen_mux.i_r_spill_reg                                                                 |                                                                   spill_register__parameterized7_174 |         10 |         10 |       0 |    0 |     4 |      0 |      0 |          0 |
|           spill_register_flushable_i                                                          |                                                         spill_register_flushable__parameterized7_176 |         10 |         10 |       0 |    0 |     4 |      0 |      0 |          0 |
|         gen_mux.i_w_fifo                                                                      |                                                                          fifo_v3__parameterized4_175 |          7 |          7 |       0 |    0 |     3 |      0 |      0 |          0 |
|       gen_mst_port_mux[4].i_axi_mux                                                           |                                                                                            axi_mux_3 |        345 |        345 |       0 |    0 |   384 |      0 |      0 |          0 |
|         (gen_mst_port_mux[4].i_axi_mux)                                                       |                                                                                            axi_mux_3 |          0 |          0 |       0 |    0 |     1 |      0 |      0 |          0 |
|         gen_mux.i_ar_arbiter                                                                  |                                                                      rr_arb_tree__parameterized2_156 |          6 |          6 |       0 |    0 |     4 |      0 |      0 |          0 |
|         gen_mux.i_ar_spill_reg                                                                |                                                                   spill_register__parameterized6_157 |         23 |         23 |       0 |    0 |    40 |      0 |      0 |          0 |
|           spill_register_flushable_i                                                          |                                                         spill_register_flushable__parameterized6_168 |         23 |         23 |       0 |    0 |    40 |      0 |      0 |          0 |
|         gen_mux.i_aw_arbiter                                                                  |                                                                      rr_arb_tree__parameterized1_158 |          3 |          3 |       0 |    0 |     4 |      0 |      0 |          0 |
|         gen_mux.i_aw_spill_reg                                                                |                                                                   spill_register__parameterized4_159 |         23 |         23 |       0 |    0 |    40 |      0 |      0 |          0 |
|           spill_register_flushable_i                                                          |                                                         spill_register_flushable__parameterized4_167 |         23 |         23 |       0 |    0 |    40 |      0 |      0 |          0 |
|         gen_mux.i_b_spill_reg                                                                 |                                                                   spill_register__parameterized5_160 |         16 |         16 |       0 |    0 |     8 |      0 |      0 |          0 |
|           spill_register_flushable_i                                                          |                                                         spill_register_flushable__parameterized5_166 |         16 |         16 |       0 |    0 |     8 |      0 |      0 |          0 |
|         gen_mux.i_r_spill_reg                                                                 |                                                                   spill_register__parameterized7_161 |        192 |        192 |       0 |    0 |   138 |      0 |      0 |          0 |
|           spill_register_flushable_i                                                          |                                                         spill_register_flushable__parameterized7_165 |        192 |        192 |       0 |    0 |   138 |      0 |      0 |          0 |
|         gen_mux.i_w_fifo                                                                      |                                                                          fifo_v3__parameterized4_162 |          8 |          8 |       0 |    0 |     3 |      0 |      0 |          0 |
|         gen_mux.i_w_spill_reg                                                                 |                                                                   spill_register__parameterized0_163 |         74 |         74 |       0 |    0 |   146 |      0 |      0 |          0 |
|           spill_register_flushable_i                                                          |                                                         spill_register_flushable__parameterized0_164 |         74 |         74 |       0 |    0 |   146 |      0 |      0 |          0 |
|       gen_mst_port_mux[5].i_axi_mux                                                           |                                                                                            axi_mux_4 |        122 |        122 |       0 |    0 |   192 |      0 |      0 |          0 |
|         (gen_mst_port_mux[5].i_axi_mux)                                                       |                                                                                            axi_mux_4 |          0 |          0 |       0 |    0 |     1 |      0 |      0 |          0 |
|         gen_mux.i_ar_arbiter                                                                  |                                                                      rr_arb_tree__parameterized2_143 |          4 |          4 |       0 |    0 |     4 |      0 |      0 |          0 |
|         gen_mux.i_ar_spill_reg                                                                |                                                                   spill_register__parameterized6_144 |         23 |         23 |       0 |    0 |    40 |      0 |      0 |          0 |
|           spill_register_flushable_i                                                          |                                                         spill_register_flushable__parameterized6_155 |         23 |         23 |       0 |    0 |    40 |      0 |      0 |          0 |
|         gen_mux.i_aw_arbiter                                                                  |                                                                      rr_arb_tree__parameterized1_145 |          3 |          3 |       0 |    0 |     4 |      0 |      0 |          0 |
|         gen_mux.i_aw_spill_reg                                                                |                                                                   spill_register__parameterized4_146 |         24 |         24 |       0 |    0 |    40 |      0 |      0 |          0 |
|           spill_register_flushable_i                                                          |                                                         spill_register_flushable__parameterized4_154 |         24 |         24 |       0 |    0 |    40 |      0 |      0 |          0 |
|         gen_mux.i_b_spill_reg                                                                 |                                                                   spill_register__parameterized5_147 |         10 |         10 |       0 |    0 |     8 |      0 |      0 |          0 |
|           spill_register_flushable_i                                                          |                                                         spill_register_flushable__parameterized5_153 |         10 |         10 |       0 |    0 |     8 |      0 |      0 |          0 |
|         gen_mux.i_r_spill_reg                                                                 |                                                                   spill_register__parameterized7_148 |         24 |         24 |       0 |    0 |    42 |      0 |      0 |          0 |
|           spill_register_flushable_i                                                          |                                                         spill_register_flushable__parameterized7_152 |         24 |         24 |       0 |    0 |    42 |      0 |      0 |          0 |
|         gen_mux.i_w_fifo                                                                      |                                                                          fifo_v3__parameterized4_149 |          8 |          8 |       0 |    0 |     3 |      0 |      0 |          0 |
|         gen_mux.i_w_spill_reg                                                                 |                                                                   spill_register__parameterized0_150 |         26 |         26 |       0 |    0 |    50 |      0 |      0 |          0 |
|           spill_register_flushable_i                                                          |                                                         spill_register_flushable__parameterized0_151 |         26 |         26 |       0 |    0 |    50 |      0 |      0 |          0 |
|       gen_mst_port_mux[6].i_axi_mux                                                           |                                                                                            axi_mux_5 |        298 |        298 |       0 |    0 |   484 |      0 |      0 |          0 |
|         (gen_mst_port_mux[6].i_axi_mux)                                                       |                                                                                            axi_mux_5 |          0 |          0 |       0 |    0 |     1 |      0 |      0 |          0 |
|         gen_mux.i_ar_arbiter                                                                  |                                                                      rr_arb_tree__parameterized2_130 |          4 |          4 |       0 |    0 |     4 |      0 |      0 |          0 |
|         gen_mux.i_ar_spill_reg                                                                |                                                                   spill_register__parameterized6_131 |         50 |         50 |       0 |    0 |    94 |      0 |      0 |          0 |
|           spill_register_flushable_i                                                          |                                                         spill_register_flushable__parameterized6_142 |         50 |         50 |       0 |    0 |    94 |      0 |      0 |          0 |
|         gen_mux.i_aw_arbiter                                                                  |                                                                      rr_arb_tree__parameterized1_132 |          4 |          4 |       0 |    0 |     4 |      0 |      0 |          0 |
|         gen_mux.i_aw_spill_reg                                                                |                                                                   spill_register__parameterized4_133 |         50 |         50 |       0 |    0 |    94 |      0 |      0 |          0 |
|           spill_register_flushable_i                                                          |                                                         spill_register_flushable__parameterized4_141 |         50 |         50 |       0 |    0 |    94 |      0 |      0 |          0 |
|         gen_mux.i_b_spill_reg                                                                 |                                                                   spill_register__parameterized5_134 |         15 |         15 |       0 |    0 |     8 |      0 |      0 |          0 |
|           spill_register_flushable_i                                                          |                                                         spill_register_flushable__parameterized5_140 |         15 |         15 |       0 |    0 |     8 |      0 |      0 |          0 |
|         gen_mux.i_r_spill_reg                                                                 |                                                                   spill_register__parameterized7_135 |         95 |         95 |       0 |    0 |   134 |      0 |      0 |          0 |
|           spill_register_flushable_i                                                          |                                                         spill_register_flushable__parameterized7_139 |         95 |         95 |       0 |    0 |   134 |      0 |      0 |          0 |
|         gen_mux.i_w_fifo                                                                      |                                                                          fifo_v3__parameterized4_136 |          8 |          8 |       0 |    0 |     3 |      0 |      0 |          0 |
|         gen_mux.i_w_spill_reg                                                                 |                                                                   spill_register__parameterized0_137 |         72 |         72 |       0 |    0 |   142 |      0 |      0 |          0 |
|           spill_register_flushable_i                                                          |                                                         spill_register_flushable__parameterized0_138 |         72 |         72 |       0 |    0 |   142 |      0 |      0 |          0 |
|       gen_mst_port_mux[7].i_axi_mux                                                           |                                                                                            axi_mux_6 |        227 |        227 |       0 |    0 |   376 |      0 |      0 |          0 |
|         (gen_mst_port_mux[7].i_axi_mux)                                                       |                                                                                            axi_mux_6 |          0 |          0 |       0 |    0 |     1 |      0 |      0 |          0 |
|         gen_mux.i_ar_arbiter                                                                  |                                                                      rr_arb_tree__parameterized2_117 |          4 |          4 |       0 |    0 |     4 |      0 |      0 |          0 |
|         gen_mux.i_ar_spill_reg                                                                |                                                                   spill_register__parameterized6_118 |         26 |         26 |       0 |    0 |    40 |      0 |      0 |          0 |
|           spill_register_flushable_i                                                          |                                                         spill_register_flushable__parameterized6_129 |         26 |         26 |       0 |    0 |    40 |      0 |      0 |          0 |
|         gen_mux.i_aw_arbiter                                                                  |                                                                      rr_arb_tree__parameterized1_119 |          3 |          3 |       0 |    0 |     4 |      0 |      0 |          0 |
|         gen_mux.i_aw_spill_reg                                                                |                                                                   spill_register__parameterized4_120 |         27 |         27 |       0 |    0 |    40 |      0 |      0 |          0 |
|           spill_register_flushable_i                                                          |                                                         spill_register_flushable__parameterized4_128 |         27 |         27 |       0 |    0 |    40 |      0 |      0 |          0 |
|         gen_mux.i_b_spill_reg                                                                 |                                                                   spill_register__parameterized5_121 |         12 |         12 |       0 |    0 |     8 |      0 |      0 |          0 |
|           spill_register_flushable_i                                                          |                                                         spill_register_flushable__parameterized5_127 |         12 |         12 |       0 |    0 |     8 |      0 |      0 |          0 |
|         gen_mux.i_r_spill_reg                                                                 |                                                                   spill_register__parameterized7_122 |         74 |         74 |       0 |    0 |   138 |      0 |      0 |          0 |
|           spill_register_flushable_i                                                          |                                                         spill_register_flushable__parameterized7_126 |         74 |         74 |       0 |    0 |   138 |      0 |      0 |          0 |
|         gen_mux.i_w_fifo                                                                      |                                                                          fifo_v3__parameterized4_123 |          8 |          8 |       0 |    0 |     3 |      0 |      0 |          0 |
|         gen_mux.i_w_spill_reg                                                                 |                                                                   spill_register__parameterized0_124 |         73 |         73 |       0 |    0 |   138 |      0 |      0 |          0 |
|           spill_register_flushable_i                                                          |                                                         spill_register_flushable__parameterized0_125 |         73 |         73 |       0 |    0 |   138 |      0 |      0 |          0 |
|       gen_mst_port_mux[8].i_axi_mux                                                           |                                                                                            axi_mux_7 |        360 |        360 |       0 |    0 |   346 |      0 |      0 |          0 |
|         (gen_mst_port_mux[8].i_axi_mux)                                                       |                                                                                            axi_mux_7 |          0 |          0 |       0 |    0 |     1 |      0 |      0 |          0 |
|         gen_mux.i_ar_arbiter                                                                  |                                                                      rr_arb_tree__parameterized2_104 |          2 |          2 |       0 |    0 |     4 |      0 |      0 |          0 |
|         gen_mux.i_ar_spill_reg                                                                |                                                                   spill_register__parameterized6_105 |         69 |         69 |       0 |    0 |    92 |      0 |      0 |          0 |
|           spill_register_flushable_i                                                          |                                                         spill_register_flushable__parameterized6_116 |         69 |         69 |       0 |    0 |    92 |      0 |      0 |          0 |
|         gen_mux.i_aw_arbiter                                                                  |                                                                      rr_arb_tree__parameterized1_106 |          3 |          3 |       0 |    0 |     4 |      0 |      0 |          0 |
|         gen_mux.i_aw_spill_reg                                                                |                                                                   spill_register__parameterized4_107 |         55 |         55 |       0 |    0 |    92 |      0 |      0 |          0 |
|           spill_register_flushable_i                                                          |                                                         spill_register_flushable__parameterized4_115 |         55 |         55 |       0 |    0 |    92 |      0 |      0 |          0 |
|         gen_mux.i_b_spill_reg                                                                 |                                                                   spill_register__parameterized5_108 |         32 |         32 |       0 |    0 |     8 |      0 |      0 |          0 |
|           spill_register_flushable_i                                                          |                                                         spill_register_flushable__parameterized5_114 |         32 |         32 |       0 |    0 |     8 |      0 |      0 |          0 |
|         gen_mux.i_r_spill_reg                                                                 |                                                                   spill_register__parameterized7_109 |        182 |        182 |       0 |    0 |   138 |      0 |      0 |          0 |
|           spill_register_flushable_i                                                          |                                                         spill_register_flushable__parameterized7_113 |        182 |        182 |       0 |    0 |   138 |      0 |      0 |          0 |
|         gen_mux.i_w_fifo                                                                      |                                                                          fifo_v3__parameterized4_110 |          9 |          9 |       0 |    0 |     3 |      0 |      0 |          0 |
|         gen_mux.i_w_spill_reg                                                                 |                                                                   spill_register__parameterized0_111 |          8 |          8 |       0 |    0 |     4 |      0 |      0 |          0 |
|           spill_register_flushable_i                                                          |                                                         spill_register_flushable__parameterized0_112 |          8 |          8 |       0 |    0 |     4 |      0 |      0 |          0 |
|       gen_mst_port_mux[9].i_axi_mux                                                           |                                                                                            axi_mux_8 |        333 |        333 |       0 |    0 |   582 |      0 |      0 |          0 |
|         (gen_mst_port_mux[9].i_axi_mux)                                                       |                                                                                            axi_mux_8 |          0 |          0 |       0 |    0 |     1 |      0 |      0 |          0 |
|         gen_mux.i_ar_arbiter                                                                  |                                                                          rr_arb_tree__parameterized2 |          2 |          2 |       0 |    0 |     4 |      0 |      0 |          0 |
|         gen_mux.i_ar_spill_reg                                                                |                                                                       spill_register__parameterized6 |         72 |         72 |       0 |    0 |   130 |      0 |      0 |          0 |
|           spill_register_flushable_i                                                          |                                                             spill_register_flushable__parameterized6 |         72 |         72 |       0 |    0 |   130 |      0 |      0 |          0 |
|         gen_mux.i_aw_arbiter                                                                  |                                                                          rr_arb_tree__parameterized1 |          3 |          3 |       0 |    0 |     4 |      0 |      0 |          0 |
|         gen_mux.i_aw_spill_reg                                                                |                                                                       spill_register__parameterized4 |         71 |         71 |       0 |    0 |   130 |      0 |      0 |          0 |
|           spill_register_flushable_i                                                          |                                                             spill_register_flushable__parameterized4 |         71 |         71 |       0 |    0 |   130 |      0 |      0 |          0 |
|         gen_mux.i_b_spill_reg                                                                 |                                                                       spill_register__parameterized5 |         19 |         19 |       0 |    0 |    16 |      0 |      0 |          0 |
|           spill_register_flushable_i                                                          |                                                             spill_register_flushable__parameterized5 |         19 |         19 |       0 |    0 |    16 |      0 |      0 |          0 |
|         gen_mux.i_r_spill_reg                                                                 |                                                                       spill_register__parameterized7 |         81 |         81 |       0 |    0 |   146 |      0 |      0 |          0 |
|           spill_register_flushable_i                                                          |                                                             spill_register_flushable__parameterized7 |         81 |         81 |       0 |    0 |   146 |      0 |      0 |          0 |
|         gen_mux.i_w_fifo                                                                      |                                                                              fifo_v3__parameterized4 |          7 |          7 |       0 |    0 |     3 |      0 |      0 |          0 |
|         gen_mux.i_w_spill_reg                                                                 |                                                                   spill_register__parameterized0_102 |         78 |         78 |       0 |    0 |   148 |      0 |      0 |          0 |
|           spill_register_flushable_i                                                          |                                                         spill_register_flushable__parameterized0_103 |         78 |         78 |       0 |    0 |   148 |      0 |      0 |          0 |
|       gen_slv_port_demux[0].i_axi_ar_decode                                                   |                                                                                          addr_decode |        272 |        272 |       0 |    0 |     0 |      0 |      0 |          0 |
|       gen_slv_port_demux[0].i_axi_aw_decode                                                   |                                                                                        addr_decode_9 |        272 |        272 |       0 |    0 |     0 |      0 |      0 |          0 |
|       gen_slv_port_demux[0].i_axi_demux                                                       |                                                                                            axi_demux |        870 |        870 |       0 |    0 |   551 |      0 |      0 |          0 |
|         (gen_slv_port_demux[0].i_axi_demux)                                                   |                                                                                            axi_demux |          1 |          1 |       0 |    0 |     2 |      0 |      0 |          0 |
|         gen_demux.gen_ar_id_counter.i_ar_id_counter                                           |                                                                             axi_demux_id_counters_55 |         25 |         25 |       0 |    0 |    48 |      0 |      0 |          0 |
|           (gen_demux.gen_ar_id_counter.i_ar_id_counter)                                       |                                                                             axi_demux_id_counters_55 |          0 |          0 |       0 |    0 |    16 |      0 |      0 |          0 |
|           gen_counters[0].i_in_flight_cnt                                                     |                                                                                     delta_counter_86 |          2 |          2 |       0 |    0 |     2 |      0 |      0 |          0 |
|           gen_counters[10].i_in_flight_cnt                                                    |                                                                                     delta_counter_87 |          2 |          2 |       0 |    0 |     2 |      0 |      0 |          0 |
|           gen_counters[11].i_in_flight_cnt                                                    |                                                                                     delta_counter_88 |          0 |          0 |       0 |    0 |     2 |      0 |      0 |          0 |
|           gen_counters[12].i_in_flight_cnt                                                    |                                                                                     delta_counter_89 |          1 |          1 |       0 |    0 |     2 |      0 |      0 |          0 |
|           gen_counters[13].i_in_flight_cnt                                                    |                                                                                     delta_counter_90 |          1 |          1 |       0 |    0 |     2 |      0 |      0 |          0 |
|           gen_counters[14].i_in_flight_cnt                                                    |                                                                                     delta_counter_91 |          1 |          1 |       0 |    0 |     2 |      0 |      0 |          0 |
|           gen_counters[15].i_in_flight_cnt                                                    |                                                                                     delta_counter_92 |          0 |          0 |       0 |    0 |     2 |      0 |      0 |          0 |
|           gen_counters[1].i_in_flight_cnt                                                     |                                                                                     delta_counter_93 |          2 |          2 |       0 |    0 |     2 |      0 |      0 |          0 |
|           gen_counters[2].i_in_flight_cnt                                                     |                                                                                     delta_counter_94 |          3 |          3 |       0 |    0 |     2 |      0 |      0 |          0 |
|           gen_counters[3].i_in_flight_cnt                                                     |                                                                                     delta_counter_95 |          7 |          7 |       0 |    0 |     2 |      0 |      0 |          0 |
|           gen_counters[4].i_in_flight_cnt                                                     |                                                                                     delta_counter_96 |          1 |          1 |       0 |    0 |     2 |      0 |      0 |          0 |
|           gen_counters[5].i_in_flight_cnt                                                     |                                                                                     delta_counter_97 |          2 |          2 |       0 |    0 |     2 |      0 |      0 |          0 |
|           gen_counters[6].i_in_flight_cnt                                                     |                                                                                     delta_counter_98 |          1 |          1 |       0 |    0 |     2 |      0 |      0 |          0 |
|           gen_counters[7].i_in_flight_cnt                                                     |                                                                                     delta_counter_99 |          0 |          0 |       0 |    0 |     2 |      0 |      0 |          0 |
|           gen_counters[8].i_in_flight_cnt                                                     |                                                                                    delta_counter_100 |          1 |          1 |       0 |    0 |     2 |      0 |      0 |          0 |
|           gen_counters[9].i_in_flight_cnt                                                     |                                                                                    delta_counter_101 |          1 |          1 |       0 |    0 |     2 |      0 |      0 |          0 |
|         gen_demux.gen_aw_id_counter.i_aw_id_counter                                           |                                                                             axi_demux_id_counters_56 |         11 |         11 |       0 |    0 |    48 |      0 |      0 |          0 |
|           (gen_demux.gen_aw_id_counter.i_aw_id_counter)                                       |                                                                             axi_demux_id_counters_56 |          0 |          0 |       0 |    0 |    16 |      0 |      0 |          0 |
|           gen_counters[0].i_in_flight_cnt                                                     |                                                                                     delta_counter_70 |          0 |          0 |       0 |    0 |     2 |      0 |      0 |          0 |
|           gen_counters[10].i_in_flight_cnt                                                    |                                                                                     delta_counter_71 |          0 |          0 |       0 |    0 |     2 |      0 |      0 |          0 |
|           gen_counters[11].i_in_flight_cnt                                                    |                                                                                     delta_counter_72 |          1 |          1 |       0 |    0 |     2 |      0 |      0 |          0 |
|           gen_counters[12].i_in_flight_cnt                                                    |                                                                                     delta_counter_73 |          0 |          0 |       0 |    0 |     2 |      0 |      0 |          0 |
|           gen_counters[13].i_in_flight_cnt                                                    |                                                                                     delta_counter_74 |          2 |          2 |       0 |    0 |     2 |      0 |      0 |          0 |
|           gen_counters[14].i_in_flight_cnt                                                    |                                                                                     delta_counter_75 |          0 |          0 |       0 |    0 |     2 |      0 |      0 |          0 |
|           gen_counters[15].i_in_flight_cnt                                                    |                                                                                     delta_counter_76 |          1 |          1 |       0 |    0 |     2 |      0 |      0 |          0 |
|           gen_counters[1].i_in_flight_cnt                                                     |                                                                                     delta_counter_77 |          1 |          1 |       0 |    0 |     2 |      0 |      0 |          0 |
|           gen_counters[2].i_in_flight_cnt                                                     |                                                                                     delta_counter_78 |          0 |          0 |       0 |    0 |     2 |      0 |      0 |          0 |
|           gen_counters[3].i_in_flight_cnt                                                     |                                                                                     delta_counter_79 |          2 |          2 |       0 |    0 |     2 |      0 |      0 |          0 |
|           gen_counters[4].i_in_flight_cnt                                                     |                                                                                     delta_counter_80 |          0 |          0 |       0 |    0 |     2 |      0 |      0 |          0 |
|           gen_counters[5].i_in_flight_cnt                                                     |                                                                                     delta_counter_81 |          2 |          2 |       0 |    0 |     2 |      0 |      0 |          0 |
|           gen_counters[6].i_in_flight_cnt                                                     |                                                                                     delta_counter_82 |          0 |          0 |       0 |    0 |     2 |      0 |      0 |          0 |
|           gen_counters[7].i_in_flight_cnt                                                     |                                                                                     delta_counter_83 |          1 |          1 |       0 |    0 |     2 |      0 |      0 |          0 |
|           gen_counters[8].i_in_flight_cnt                                                     |                                                                                     delta_counter_84 |          0 |          0 |       0 |    0 |     2 |      0 |      0 |          0 |
|           gen_counters[9].i_in_flight_cnt                                                     |                                                                                     delta_counter_85 |          1 |          1 |       0 |    0 |     2 |      0 |      0 |          0 |
|         gen_demux.i_ar_spill_reg                                                              |                                                                    spill_register__parameterized2_57 |        117 |        117 |       0 |    0 |    94 |      0 |      0 |          0 |
|           spill_register_flushable_i                                                          |                                                          spill_register_flushable__parameterized2_69 |        117 |        117 |       0 |    0 |    94 |      0 |      0 |          0 |
|         gen_demux.i_aw_spill_reg                                                              |                                                                                    spill_register_58 |        283 |        283 |       0 |    0 |   106 |      0 |      0 |          0 |
|           spill_register_flushable_i                                                          |                                                                          spill_register_flushable_68 |        283 |        283 |       0 |    0 |   106 |      0 |      0 |          0 |
|         gen_demux.i_b_mux                                                                     |                                                                                       rr_arb_tree_59 |         29 |         29 |       0 |    0 |     4 |      0 |      0 |          0 |
|         gen_demux.i_b_spill_reg                                                               |                                                                    spill_register__parameterized1_60 |          4 |          4 |       0 |    0 |     5 |      0 |      0 |          0 |
|           spill_register_flushable_i                                                          |                                                          spill_register_flushable__parameterized1_67 |          4 |          4 |       0 |    0 |     5 |      0 |      0 |          0 |
|         gen_demux.i_r_mux                                                                     |                                                                       rr_arb_tree__parameterized0_61 |        140 |        140 |       0 |    0 |    16 |      0 |      0 |          0 |
|         gen_demux.i_r_spill_reg                                                               |                                                                    spill_register__parameterized3_62 |        187 |        187 |       0 |    0 |   138 |      0 |      0 |          0 |
|           spill_register_flushable_i                                                          |                                                          spill_register_flushable__parameterized3_66 |        187 |        187 |       0 |    0 |   138 |      0 |      0 |          0 |
|         gen_demux.i_w_fifo                                                                    |                                                                                           fifo_v3_63 |         26 |         26 |       0 |    0 |     6 |      0 |      0 |          0 |
|         gen_demux.i_w_spill_reg                                                               |                                                                    spill_register__parameterized0_64 |         47 |         47 |       0 |    0 |    84 |      0 |      0 |          0 |
|           spill_register_flushable_i                                                          |                                                          spill_register_flushable__parameterized0_65 |         47 |         47 |       0 |    0 |    84 |      0 |      0 |          0 |
|       gen_slv_port_demux[0].i_axi_err_slv                                                     |                                                                                          axi_err_slv |        145 |        145 |       0 |    0 |    72 |      0 |      0 |          0 |
|         (gen_slv_port_demux[0].i_axi_err_slv)                                                 |                                                                                          axi_err_slv |          0 |          0 |       0 |    0 |     1 |      0 |      0 |          0 |
|         i_atop_filter                                                                         |                                                                                   axi_atop_filter_46 |         67 |         67 |       0 |    0 |    21 |      0 |      0 |          0 |
|           (i_atop_filter)                                                                     |                                                                                   axi_atop_filter_46 |         49 |         49 |       0 |    0 |    19 |      0 |      0 |          0 |
|           r_resp_cmd                                                                          |                                                                                   stream_register_52 |         18 |         18 |       0 |    0 |     2 |      0 |      0 |          0 |
|             i_fifo                                                                            |                                                                                           fifo_v2_53 |         18 |         18 |       0 |    0 |     2 |      0 |      0 |          0 |
|               i_fifo_v3                                                                       |                                                                           fifo_v3__parameterized0_54 |         18 |         18 |       0 |    0 |     2 |      0 |      0 |          0 |
|         i_b_fifo                                                                              |                                                                           fifo_v3__parameterized2_47 |         19 |         19 |       0 |    0 |     8 |      0 |      0 |          0 |
|         i_r_counter                                                                           |                                                                                           counter_48 |         11 |         11 |       0 |    0 |     8 |      0 |      0 |          0 |
|           i_counter                                                                           |                                                                     delta_counter__parameterized0_51 |         11 |         11 |       0 |    0 |     8 |      0 |      0 |          0 |
|         i_r_fifo                                                                              |                                                                           fifo_v3__parameterized3_49 |         26 |         26 |       0 |    0 |    19 |      0 |      0 |          0 |
|         i_w_fifo                                                                              |                                                                           fifo_v3__parameterized1_50 |         22 |         22 |       0 |    0 |    15 |      0 |      0 |          0 |
|       gen_slv_port_demux[1].i_axi_ar_decode                                                   |                                                                                       addr_decode_10 |        257 |        257 |       0 |    0 |     0 |      0 |      0 |          0 |
|       gen_slv_port_demux[1].i_axi_aw_decode                                                   |                                                                                       addr_decode_11 |        257 |        257 |       0 |    0 |     0 |      0 |      0 |          0 |
|       gen_slv_port_demux[1].i_axi_demux                                                       |                                                                                         axi_demux_12 |       1261 |       1261 |       0 |    0 |   668 |      0 |      0 |          0 |
|         (gen_slv_port_demux[1].i_axi_demux)                                                   |                                                                                         axi_demux_12 |          1 |          1 |       0 |    0 |     2 |      0 |      0 |          0 |
|         gen_demux.gen_ar_id_counter.i_ar_id_counter                                           |                                                                                axi_demux_id_counters |         17 |         17 |       0 |    0 |    36 |      0 |      0 |          0 |
|           (gen_demux.gen_ar_id_counter.i_ar_id_counter)                                       |                                                                                axi_demux_id_counters |          0 |          0 |       0 |    0 |     4 |      0 |      0 |          0 |
|           gen_counters[0].i_in_flight_cnt                                                     |                                                                                     delta_counter_30 |          1 |          1 |       0 |    0 |     2 |      0 |      0 |          0 |
|           gen_counters[10].i_in_flight_cnt                                                    |                                                                                     delta_counter_31 |          3 |          3 |       0 |    0 |     2 |      0 |      0 |          0 |
|           gen_counters[11].i_in_flight_cnt                                                    |                                                                                     delta_counter_32 |          0 |          0 |       0 |    0 |     2 |      0 |      0 |          0 |
|           gen_counters[12].i_in_flight_cnt                                                    |                                                                                     delta_counter_33 |          1 |          1 |       0 |    0 |     2 |      0 |      0 |          0 |
|           gen_counters[13].i_in_flight_cnt                                                    |                                                                                     delta_counter_34 |          1 |          1 |       0 |    0 |     2 |      0 |      0 |          0 |
|           gen_counters[14].i_in_flight_cnt                                                    |                                                                                     delta_counter_35 |          1 |          1 |       0 |    0 |     2 |      0 |      0 |          0 |
|           gen_counters[15].i_in_flight_cnt                                                    |                                                                                     delta_counter_36 |          0 |          0 |       0 |    0 |     2 |      0 |      0 |          0 |
|           gen_counters[1].i_in_flight_cnt                                                     |                                                                                     delta_counter_37 |          1 |          1 |       0 |    0 |     2 |      0 |      0 |          0 |
|           gen_counters[2].i_in_flight_cnt                                                     |                                                                                     delta_counter_38 |          2 |          2 |       0 |    0 |     2 |      0 |      0 |          0 |
|           gen_counters[3].i_in_flight_cnt                                                     |                                                                                     delta_counter_39 |          1 |          1 |       0 |    0 |     2 |      0 |      0 |          0 |
|           gen_counters[4].i_in_flight_cnt                                                     |                                                                                     delta_counter_40 |          1 |          1 |       0 |    0 |     2 |      0 |      0 |          0 |
|           gen_counters[5].i_in_flight_cnt                                                     |                                                                                     delta_counter_41 |          2 |          2 |       0 |    0 |     2 |      0 |      0 |          0 |
|           gen_counters[6].i_in_flight_cnt                                                     |                                                                                     delta_counter_42 |          1 |          1 |       0 |    0 |     2 |      0 |      0 |          0 |
|           gen_counters[7].i_in_flight_cnt                                                     |                                                                                     delta_counter_43 |          0 |          0 |       0 |    0 |     2 |      0 |      0 |          0 |
|           gen_counters[8].i_in_flight_cnt                                                     |                                                                                     delta_counter_44 |          1 |          1 |       0 |    0 |     2 |      0 |      0 |          0 |
|           gen_counters[9].i_in_flight_cnt                                                     |                                                                                     delta_counter_45 |          1 |          1 |       0 |    0 |     2 |      0 |      0 |          0 |
|         gen_demux.gen_aw_id_counter.i_aw_id_counter                                           |                                                                             axi_demux_id_counters_14 |         24 |         24 |       0 |    0 |    36 |      0 |      0 |          0 |
|           (gen_demux.gen_aw_id_counter.i_aw_id_counter)                                       |                                                                             axi_demux_id_counters_14 |         12 |         12 |       0 |    0 |     4 |      0 |      0 |          0 |
|           gen_counters[0].i_in_flight_cnt                                                     |                                                                                        delta_counter |          2 |          2 |       0 |    0 |     2 |      0 |      0 |          0 |
|           gen_counters[10].i_in_flight_cnt                                                    |                                                                                     delta_counter_15 |          0 |          0 |       0 |    0 |     2 |      0 |      0 |          0 |
|           gen_counters[11].i_in_flight_cnt                                                    |                                                                                     delta_counter_16 |          1 |          1 |       0 |    0 |     2 |      0 |      0 |          0 |
|           gen_counters[12].i_in_flight_cnt                                                    |                                                                                     delta_counter_17 |          0 |          0 |       0 |    0 |     2 |      0 |      0 |          0 |
|           gen_counters[13].i_in_flight_cnt                                                    |                                                                                     delta_counter_18 |          2 |          2 |       0 |    0 |     2 |      0 |      0 |          0 |
|           gen_counters[14].i_in_flight_cnt                                                    |                                                                                     delta_counter_19 |          0 |          0 |       0 |    0 |     2 |      0 |      0 |          0 |
|           gen_counters[15].i_in_flight_cnt                                                    |                                                                                     delta_counter_20 |          1 |          1 |       0 |    0 |     2 |      0 |      0 |          0 |
|           gen_counters[1].i_in_flight_cnt                                                     |                                                                                     delta_counter_21 |          1 |          1 |       0 |    0 |     2 |      0 |      0 |          0 |
|           gen_counters[2].i_in_flight_cnt                                                     |                                                                                     delta_counter_22 |          0 |          0 |       0 |    0 |     2 |      0 |      0 |          0 |
|           gen_counters[3].i_in_flight_cnt                                                     |                                                                                     delta_counter_23 |          1 |          1 |       0 |    0 |     2 |      0 |      0 |          0 |
|           gen_counters[4].i_in_flight_cnt                                                     |                                                                                     delta_counter_24 |          0 |          0 |       0 |    0 |     2 |      0 |      0 |          0 |
|           gen_counters[5].i_in_flight_cnt                                                     |                                                                                     delta_counter_25 |          2 |          2 |       0 |    0 |     2 |      0 |      0 |          0 |
|           gen_counters[6].i_in_flight_cnt                                                     |                                                                                     delta_counter_26 |          0 |          0 |       0 |    0 |     2 |      0 |      0 |          0 |
|           gen_counters[7].i_in_flight_cnt                                                     |                                                                                     delta_counter_27 |          1 |          1 |       0 |    0 |     2 |      0 |      0 |          0 |
|           gen_counters[8].i_in_flight_cnt                                                     |                                                                                     delta_counter_28 |          0 |          0 |       0 |    0 |     2 |      0 |      0 |          0 |
|           gen_counters[9].i_in_flight_cnt                                                     |                                                                                     delta_counter_29 |          1 |          1 |       0 |    0 |     2 |      0 |      0 |          0 |
|         gen_demux.i_ar_spill_reg                                                              |                                                                       spill_register__parameterized2 |        339 |        339 |       0 |    0 |   134 |      0 |      0 |          0 |
|           spill_register_flushable_i                                                          |                                                             spill_register_flushable__parameterized2 |        339 |        339 |       0 |    0 |   134 |      0 |      0 |          0 |
|         gen_demux.i_aw_spill_reg                                                              |                                                                                       spill_register |        191 |        191 |       0 |    0 |   132 |      0 |      0 |          0 |
|           spill_register_flushable_i                                                          |                                                                             spill_register_flushable |        191 |        191 |       0 |    0 |   132 |      0 |      0 |          0 |
|         gen_demux.i_b_mux                                                                     |                                                                                          rr_arb_tree |         42 |         42 |       0 |    0 |    16 |      0 |      0 |          0 |
|         gen_demux.i_b_spill_reg                                                               |                                                                       spill_register__parameterized1 |         12 |         12 |       0 |    0 |     6 |      0 |      0 |          0 |
|           spill_register_flushable_i                                                          |                                                             spill_register_flushable__parameterized1 |         12 |         12 |       0 |    0 |     6 |      0 |      0 |          0 |
|         gen_demux.i_r_mux                                                                     |                                                                          rr_arb_tree__parameterized0 |        148 |        148 |       0 |    0 |    16 |      0 |      0 |          0 |
|         gen_demux.i_r_spill_reg                                                               |                                                                       spill_register__parameterized3 |         77 |         77 |       0 |    0 |   136 |      0 |      0 |          0 |
|           spill_register_flushable_i                                                          |                                                             spill_register_flushable__parameterized3 |         77 |         77 |       0 |    0 |   136 |      0 |      0 |          0 |
|         gen_demux.i_w_fifo                                                                    |                                                                                              fifo_v3 |          6 |          6 |       0 |    0 |     2 |      0 |      0 |          0 |
|         gen_demux.i_w_spill_reg                                                               |                                                                       spill_register__parameterized0 |        404 |        404 |       0 |    0 |   152 |      0 |      0 |          0 |
|           spill_register_flushable_i                                                          |                                                             spill_register_flushable__parameterized0 |        404 |        404 |       0 |    0 |   152 |      0 |      0 |          0 |
|       gen_slv_port_demux[1].i_axi_err_slv                                                     |                                                                                       axi_err_slv_13 |         98 |         98 |       0 |    0 |    72 |      0 |      0 |          0 |
|         (gen_slv_port_demux[1].i_axi_err_slv)                                                 |                                                                                       axi_err_slv_13 |          0 |          0 |       0 |    0 |     1 |      0 |      0 |          0 |
|         i_atop_filter                                                                         |                                                                                      axi_atop_filter |         54 |         54 |       0 |    0 |    19 |      0 |      0 |          0 |
|           (i_atop_filter)                                                                     |                                                                                      axi_atop_filter |         41 |         41 |       0 |    0 |    17 |      0 |      0 |          0 |
|           r_resp_cmd                                                                          |                                                                                      stream_register |         13 |         13 |       0 |    0 |     2 |      0 |      0 |          0 |
|             i_fifo                                                                            |                                                                                              fifo_v2 |         13 |         13 |       0 |    0 |     2 |      0 |      0 |          0 |
|               i_fifo_v3                                                                       |                                                                              fifo_v3__parameterized0 |         13 |         13 |       0 |    0 |     2 |      0 |      0 |          0 |
|         i_b_fifo                                                                              |                                                                              fifo_v3__parameterized2 |          4 |          4 |       0 |    0 |     2 |      0 |      0 |          0 |
|         i_r_counter                                                                           |                                                                                              counter |          9 |          9 |       0 |    0 |     8 |      0 |      0 |          0 |
|           i_counter                                                                           |                                                                        delta_counter__parameterized0 |          9 |          9 |       0 |    0 |     8 |      0 |      0 |          0 |
|         i_r_fifo                                                                              |                                                                              fifo_v3__parameterized3 |         25 |         25 |       0 |    0 |    39 |      0 |      0 |          0 |
|         i_w_fifo                                                                              |                                                                              fifo_v3__parameterized1 |          6 |          6 |       0 |    0 |     3 |      0 |      0 |          0 |
|   i_bootrom                                                                                   |                                                                                           bootrom_32 |         65 |         65 |       0 |    0 |    10 |      2 |      0 |          0 |
|   i_clint                                                                                     |                                                                                                clint |        185 |        185 |       0 |    0 |   153 |      0 |      0 |          0 |
|     (i_clint)                                                                                 |                                                                                                clint |         32 |         32 |       0 |    0 |   129 |      0 |      0 |          0 |
|     axi_lite_interface_i                                                                      |                                                                                   axi_lite_interface |        153 |        153 |       0 |    0 |    21 |      0 |      0 |          0 |
|     i_sync_edge                                                                               |                                                                                     clint_sync_wedge |          0 |          0 |       0 |    0 |     3 |      0 |      0 |          0 |
|       (i_sync_edge)                                                                           |                                                                                     clint_sync_wedge |          0 |          0 |       0 |    0 |     1 |      0 |      0 |          0 |
|       i_sync                                                                                  |                                                                                           clint_sync |          0 |          0 |       0 |    0 |     2 |      0 |      0 |          0 |
|   i_dm_axi2mem                                                                                |                                                                                              axi2mem |        452 |        452 |       0 |    0 |    65 |      0 |      0 |          0 |
|   i_dm_axi_master                                                                             |                                                                                          axi_adapter |         78 |         78 |       0 |    0 |    44 |      0 |      0 |          0 |
|   i_dm_top                                                                                    |                                                                                               dm_top |        586 |        586 |       0 |    0 |   677 |      0 |      0 |          0 |
|     i_dm_csrs                                                                                 |                                                                                              dm_csrs |        439 |        439 |       0 |    0 |   599 |      0 |      0 |          0 |
|       (i_dm_csrs)                                                                             |                                                                                              dm_csrs |        292 |        292 |       0 |    0 |   531 |      0 |      0 |          0 |
|       i_fifo                                                                                  |                                                                              fifo_v2__parameterized0 |        147 |        147 |       0 |    0 |    68 |      0 |      0 |          0 |
|         i_fifo_v3                                                                             |                                                                              fifo_v3__parameterized5 |        147 |        147 |       0 |    0 |    68 |      0 |      0 |          0 |
|     i_dm_mem                                                                                  |                                                                                               dm_mem |        101 |        101 |       0 |    0 |    75 |      0 |      0 |          0 |
|       (i_dm_mem)                                                                              |                                                                                               dm_mem |         10 |         10 |       0 |    0 |    70 |      0 |      0 |          0 |
|       gen_rom_snd_scratch.i_debug_rom                                                         |                                                                                            debug_rom |         91 |         91 |       0 |    0 |     5 |      0 |      0 |          0 |
|     i_dm_sba                                                                                  |                                                                                               dm_sba |         46 |         46 |       0 |    0 |     3 |      0 |      0 |          0 |
|   i_dmi_jtag                                                                                  |                                                                                             dmi_jtag |        525 |        525 |       0 |    0 |   340 |      0 |      0 |          0 |
|     (i_dmi_jtag)                                                                              |                                                                                             dmi_jtag |          1 |          1 |       0 |    0 |    84 |      0 |      0 |          0 |
|     i_dmi_cdc                                                                                 |                                                                                              dmi_cdc |        372 |        372 |       0 |    0 |   164 |      0 |      0 |          0 |
|       i_cdc_req                                                                               |                                                                                           cdc_2phase |        328 |        328 |       0 |    0 |    89 |      0 |      0 |          0 |
|         i_dst                                                                                 |                                                                                       cdc_2phase_dst |        325 |        325 |       0 |    0 |    45 |      0 |      0 |          0 |
|         i_src                                                                                 |                                                                                       cdc_2phase_src |          3 |          3 |       0 |    0 |    44 |      0 |      0 |          0 |
|       i_cdc_resp                                                                              |                                                                           cdc_2phase__parameterized0 |         44 |         44 |       0 |    0 |    75 |      0 |      0 |          0 |
|         i_dst                                                                                 |                                                                       cdc_2phase_dst__parameterized0 |         40 |         40 |       0 |    0 |    38 |      0 |      0 |          0 |
|         i_src                                                                                 |                                                                       cdc_2phase_src__parameterized0 |          4 |          4 |       0 |    0 |    37 |      0 |      0 |          0 |
|     i_dmi_jtag_tap                                                                            |                                                                                         dmi_jtag_tap |        152 |        152 |       0 |    0 |    92 |      0 |      0 |          0 |
|   i_rstgen_main                                                                               |                                                                                               rstgen |          8 |          8 |       0 |    0 |     4 |      0 |      0 |          0 |
|     i_rstgen_bypass                                                                           |                                                                                        rstgen_bypass |          8 |          8 |       0 |    0 |     4 |      0 |      0 |          0 |
|   i_xlnx_blk_mem_gen                                                                          |                                                                                     xlnx_blk_mem_gen |        358 |        353 |       4 |    1 |   125 |     48 |      0 |          0 |
|     (i_xlnx_blk_mem_gen)                                                                      |                                                                                     xlnx_blk_mem_gen |          0 |          0 |       0 |    0 |     0 |      0 |      0 |          0 |
|     U0                                                                                        |                                                                  xlnx_blk_mem_gen_blk_mem_gen_v8_4_8 |        358 |        353 |       4 |    1 |   125 |     48 |      0 |          0 |
|       (U0)                                                                                    |                                                                  xlnx_blk_mem_gen_blk_mem_gen_v8_4_8 |          0 |          0 |       0 |    0 |     0 |      0 |      0 |          0 |
|       inst_blk_mem_gen                                                                        |                                                            xlnx_blk_mem_gen_blk_mem_gen_v8_4_8_synth |        358 |        353 |       4 |    1 |   125 |     48 |      0 |          0 |
|         gnbram.gaxibmg.axi_blk_mem_gen                                                        |                                                                     xlnx_blk_mem_gen_blk_mem_gen_top |        135 |        134 |       0 |    1 |    13 |     48 |      0 |          0 |
|           valid.cstr                                                                          |                                                            xlnx_blk_mem_gen_blk_mem_gen_generic_cstr |        135 |        134 |       0 |    1 |    13 |     48 |      0 |          0 |
|             has_mux_b.B                                                                       |                                                                     xlnx_blk_mem_gen_blk_mem_gen_mux |        128 |        128 |       0 |    0 |     3 |      0 |      0 |          0 |
|             ramloop[0].ram.r                                                                  |                                                              xlnx_blk_mem_gen_blk_mem_gen_prim_width |          0 |          0 |       0 |    0 |     0 |      1 |      0 |          0 |
|               prim_noinit.ram                                                                 |                                                         xlnx_blk_mem_gen_blk_mem_gen_prim_wrapper_93 |          0 |          0 |       0 |    0 |     0 |      1 |      0 |          0 |
|             ramloop[10].ram.r                                                                 |                                                            xlnx_blk_mem_gen_blk_mem_gen_prim_width_0 |          0 |          0 |       0 |    0 |     0 |      1 |      0 |          0 |
|               prim_noinit.ram                                                                 |                                                         xlnx_blk_mem_gen_blk_mem_gen_prim_wrapper_92 |          0 |          0 |       0 |    0 |     0 |      1 |      0 |          0 |
|             ramloop[11].ram.r                                                                 |                                                            xlnx_blk_mem_gen_blk_mem_gen_prim_width_1 |          0 |          0 |       0 |    0 |     0 |      1 |      0 |          0 |
|               prim_noinit.ram                                                                 |                                                         xlnx_blk_mem_gen_blk_mem_gen_prim_wrapper_91 |          0 |          0 |       0 |    0 |     0 |      1 |      0 |          0 |
|             ramloop[12].ram.r                                                                 |                                                            xlnx_blk_mem_gen_blk_mem_gen_prim_width_2 |          0 |          0 |       0 |    0 |     0 |      1 |      0 |          0 |
|               prim_noinit.ram                                                                 |                                                         xlnx_blk_mem_gen_blk_mem_gen_prim_wrapper_90 |          0 |          0 |       0 |    0 |     0 |      1 |      0 |          0 |
|             ramloop[13].ram.r                                                                 |                                                            xlnx_blk_mem_gen_blk_mem_gen_prim_width_3 |          0 |          0 |       0 |    0 |     0 |      1 |      0 |          0 |
|               prim_noinit.ram                                                                 |                                                         xlnx_blk_mem_gen_blk_mem_gen_prim_wrapper_89 |          0 |          0 |       0 |    0 |     0 |      1 |      0 |          0 |
|             ramloop[14].ram.r                                                                 |                                                            xlnx_blk_mem_gen_blk_mem_gen_prim_width_4 |          0 |          0 |       0 |    0 |     0 |      1 |      0 |          0 |
|               prim_noinit.ram                                                                 |                                                         xlnx_blk_mem_gen_blk_mem_gen_prim_wrapper_88 |          0 |          0 |       0 |    0 |     0 |      1 |      0 |          0 |
|             ramloop[15].ram.r                                                                 |                                                            xlnx_blk_mem_gen_blk_mem_gen_prim_width_5 |          0 |          0 |       0 |    0 |     0 |      1 |      0 |          0 |
|               prim_noinit.ram                                                                 |                                                         xlnx_blk_mem_gen_blk_mem_gen_prim_wrapper_87 |          0 |          0 |       0 |    0 |     0 |      1 |      0 |          0 |
|             ramloop[16].ram.r                                                                 |                                                            xlnx_blk_mem_gen_blk_mem_gen_prim_width_6 |          0 |          0 |       0 |    0 |     0 |      1 |      0 |          0 |
|               prim_noinit.ram                                                                 |                                                         xlnx_blk_mem_gen_blk_mem_gen_prim_wrapper_86 |          0 |          0 |       0 |    0 |     0 |      1 |      0 |          0 |
|             ramloop[17].ram.r                                                                 |                                                            xlnx_blk_mem_gen_blk_mem_gen_prim_width_7 |          0 |          0 |       0 |    0 |     0 |      1 |      0 |          0 |
|               prim_noinit.ram                                                                 |                                                         xlnx_blk_mem_gen_blk_mem_gen_prim_wrapper_85 |          0 |          0 |       0 |    0 |     0 |      1 |      0 |          0 |
|             ramloop[18].ram.r                                                                 |                                                            xlnx_blk_mem_gen_blk_mem_gen_prim_width_8 |          0 |          0 |       0 |    0 |     0 |      1 |      0 |          0 |
|               prim_noinit.ram                                                                 |                                                         xlnx_blk_mem_gen_blk_mem_gen_prim_wrapper_84 |          0 |          0 |       0 |    0 |     0 |      1 |      0 |          0 |
|             ramloop[19].ram.r                                                                 |                                                            xlnx_blk_mem_gen_blk_mem_gen_prim_width_9 |          0 |          0 |       0 |    0 |     0 |      1 |      0 |          0 |
|               prim_noinit.ram                                                                 |                                                         xlnx_blk_mem_gen_blk_mem_gen_prim_wrapper_83 |          0 |          0 |       0 |    0 |     0 |      1 |      0 |          0 |
|             ramloop[1].ram.r                                                                  |                                                           xlnx_blk_mem_gen_blk_mem_gen_prim_width_10 |          0 |          0 |       0 |    0 |     0 |      1 |      0 |          0 |
|               prim_noinit.ram                                                                 |                                                         xlnx_blk_mem_gen_blk_mem_gen_prim_wrapper_82 |          0 |          0 |       0 |    0 |     0 |      1 |      0 |          0 |
|             ramloop[20].ram.r                                                                 |                                                           xlnx_blk_mem_gen_blk_mem_gen_prim_width_11 |          0 |          0 |       0 |    0 |     0 |      1 |      0 |          0 |
|               prim_noinit.ram                                                                 |                                                         xlnx_blk_mem_gen_blk_mem_gen_prim_wrapper_81 |          0 |          0 |       0 |    0 |     0 |      1 |      0 |          0 |
|             ramloop[21].ram.r                                                                 |                                                           xlnx_blk_mem_gen_blk_mem_gen_prim_width_12 |          0 |          0 |       0 |    0 |     0 |      1 |      0 |          0 |
|               prim_noinit.ram                                                                 |                                                         xlnx_blk_mem_gen_blk_mem_gen_prim_wrapper_80 |          0 |          0 |       0 |    0 |     0 |      1 |      0 |          0 |
|             ramloop[22].ram.r                                                                 |                                                           xlnx_blk_mem_gen_blk_mem_gen_prim_width_13 |          0 |          0 |       0 |    0 |     0 |      1 |      0 |          0 |
|               prim_noinit.ram                                                                 |                                                         xlnx_blk_mem_gen_blk_mem_gen_prim_wrapper_79 |          0 |          0 |       0 |    0 |     0 |      1 |      0 |          0 |
|             ramloop[23].ram.r                                                                 |                                                           xlnx_blk_mem_gen_blk_mem_gen_prim_width_14 |          0 |          0 |       0 |    0 |     0 |      1 |      0 |          0 |
|               prim_noinit.ram                                                                 |                                                         xlnx_blk_mem_gen_blk_mem_gen_prim_wrapper_78 |          0 |          0 |       0 |    0 |     0 |      1 |      0 |          0 |
|             ramloop[24].ram.r                                                                 |                                                           xlnx_blk_mem_gen_blk_mem_gen_prim_width_15 |          0 |          0 |       0 |    0 |     0 |      1 |      0 |          0 |
|               prim_noinit.ram                                                                 |                                                         xlnx_blk_mem_gen_blk_mem_gen_prim_wrapper_77 |          0 |          0 |       0 |    0 |     0 |      1 |      0 |          0 |
|             ramloop[25].ram.r                                                                 |                                                           xlnx_blk_mem_gen_blk_mem_gen_prim_width_16 |          0 |          0 |       0 |    0 |     0 |      1 |      0 |          0 |
|               prim_noinit.ram                                                                 |                                                         xlnx_blk_mem_gen_blk_mem_gen_prim_wrapper_76 |          0 |          0 |       0 |    0 |     0 |      1 |      0 |          0 |
|             ramloop[26].ram.r                                                                 |                                                           xlnx_blk_mem_gen_blk_mem_gen_prim_width_17 |          0 |          0 |       0 |    0 |     0 |      1 |      0 |          0 |
|               prim_noinit.ram                                                                 |                                                         xlnx_blk_mem_gen_blk_mem_gen_prim_wrapper_75 |          0 |          0 |       0 |    0 |     0 |      1 |      0 |          0 |
|             ramloop[27].ram.r                                                                 |                                                           xlnx_blk_mem_gen_blk_mem_gen_prim_width_18 |          0 |          0 |       0 |    0 |     0 |      1 |      0 |          0 |
|               prim_noinit.ram                                                                 |                                                         xlnx_blk_mem_gen_blk_mem_gen_prim_wrapper_74 |          0 |          0 |       0 |    0 |     0 |      1 |      0 |          0 |
|             ramloop[28].ram.r                                                                 |                                                           xlnx_blk_mem_gen_blk_mem_gen_prim_width_19 |          0 |          0 |       0 |    0 |     0 |      1 |      0 |          0 |
|               prim_noinit.ram                                                                 |                                                         xlnx_blk_mem_gen_blk_mem_gen_prim_wrapper_73 |          0 |          0 |       0 |    0 |     0 |      1 |      0 |          0 |
|             ramloop[29].ram.r                                                                 |                                                           xlnx_blk_mem_gen_blk_mem_gen_prim_width_20 |          0 |          0 |       0 |    0 |     0 |      1 |      0 |          0 |
|               prim_noinit.ram                                                                 |                                                         xlnx_blk_mem_gen_blk_mem_gen_prim_wrapper_72 |          0 |          0 |       0 |    0 |     0 |      1 |      0 |          0 |
|             ramloop[2].ram.r                                                                  |                                                           xlnx_blk_mem_gen_blk_mem_gen_prim_width_21 |          0 |          0 |       0 |    0 |     0 |      1 |      0 |          0 |
|               prim_noinit.ram                                                                 |                                                         xlnx_blk_mem_gen_blk_mem_gen_prim_wrapper_71 |          0 |          0 |       0 |    0 |     0 |      1 |      0 |          0 |
|             ramloop[30].ram.r                                                                 |                                                           xlnx_blk_mem_gen_blk_mem_gen_prim_width_22 |          0 |          0 |       0 |    0 |     0 |      1 |      0 |          0 |
|               prim_noinit.ram                                                                 |                                                         xlnx_blk_mem_gen_blk_mem_gen_prim_wrapper_70 |          0 |          0 |       0 |    0 |     0 |      1 |      0 |          0 |
|             ramloop[31].ram.r                                                                 |                                                           xlnx_blk_mem_gen_blk_mem_gen_prim_width_23 |          0 |          0 |       0 |    0 |     0 |      1 |      0 |          0 |
|               prim_noinit.ram                                                                 |                                                         xlnx_blk_mem_gen_blk_mem_gen_prim_wrapper_69 |          0 |          0 |       0 |    0 |     0 |      1 |      0 |          0 |
|             ramloop[32].ram.r                                                                 |                                                           xlnx_blk_mem_gen_blk_mem_gen_prim_width_24 |          0 |          0 |       0 |    0 |     0 |      1 |      0 |          0 |
|               prim_noinit.ram                                                                 |                                                         xlnx_blk_mem_gen_blk_mem_gen_prim_wrapper_68 |          0 |          0 |       0 |    0 |     0 |      1 |      0 |          0 |
|             ramloop[33].ram.r                                                                 |                                                           xlnx_blk_mem_gen_blk_mem_gen_prim_width_25 |          0 |          0 |       0 |    0 |     0 |      1 |      0 |          0 |
|               prim_noinit.ram                                                                 |                                                         xlnx_blk_mem_gen_blk_mem_gen_prim_wrapper_67 |          0 |          0 |       0 |    0 |     0 |      1 |      0 |          0 |
|             ramloop[34].ram.r                                                                 |                                                           xlnx_blk_mem_gen_blk_mem_gen_prim_width_26 |          0 |          0 |       0 |    0 |     0 |      1 |      0 |          0 |
|               prim_noinit.ram                                                                 |                                                         xlnx_blk_mem_gen_blk_mem_gen_prim_wrapper_66 |          0 |          0 |       0 |    0 |     0 |      1 |      0 |          0 |
|             ramloop[35].ram.r                                                                 |                                                           xlnx_blk_mem_gen_blk_mem_gen_prim_width_27 |          0 |          0 |       0 |    0 |     0 |      1 |      0 |          0 |
|               prim_noinit.ram                                                                 |                                                         xlnx_blk_mem_gen_blk_mem_gen_prim_wrapper_65 |          0 |          0 |       0 |    0 |     0 |      1 |      0 |          0 |
|             ramloop[36].ram.r                                                                 |                                                           xlnx_blk_mem_gen_blk_mem_gen_prim_width_28 |          0 |          0 |       0 |    0 |     0 |      1 |      0 |          0 |
|               prim_noinit.ram                                                                 |                                                         xlnx_blk_mem_gen_blk_mem_gen_prim_wrapper_64 |          0 |          0 |       0 |    0 |     0 |      1 |      0 |          0 |
|             ramloop[37].ram.r                                                                 |                                                           xlnx_blk_mem_gen_blk_mem_gen_prim_width_29 |          0 |          0 |       0 |    0 |     0 |      1 |      0 |          0 |
|               prim_noinit.ram                                                                 |                                                         xlnx_blk_mem_gen_blk_mem_gen_prim_wrapper_63 |          0 |          0 |       0 |    0 |     0 |      1 |      0 |          0 |
|             ramloop[38].ram.r                                                                 |                                                           xlnx_blk_mem_gen_blk_mem_gen_prim_width_30 |          0 |          0 |       0 |    0 |     0 |      1 |      0 |          0 |
|               prim_noinit.ram                                                                 |                                                         xlnx_blk_mem_gen_blk_mem_gen_prim_wrapper_62 |          0 |          0 |       0 |    0 |     0 |      1 |      0 |          0 |
|             ramloop[39].ram.r                                                                 |                                                           xlnx_blk_mem_gen_blk_mem_gen_prim_width_31 |          0 |          0 |       0 |    0 |     0 |      1 |      0 |          0 |
|               prim_noinit.ram                                                                 |                                                         xlnx_blk_mem_gen_blk_mem_gen_prim_wrapper_61 |          0 |          0 |       0 |    0 |     0 |      1 |      0 |          0 |
|             ramloop[3].ram.r                                                                  |                                                           xlnx_blk_mem_gen_blk_mem_gen_prim_width_32 |          0 |          0 |       0 |    0 |     0 |      1 |      0 |          0 |
|               prim_noinit.ram                                                                 |                                                         xlnx_blk_mem_gen_blk_mem_gen_prim_wrapper_60 |          0 |          0 |       0 |    0 |     0 |      1 |      0 |          0 |
|             ramloop[40].ram.r                                                                 |                                                           xlnx_blk_mem_gen_blk_mem_gen_prim_width_33 |          0 |          0 |       0 |    0 |     0 |      1 |      0 |          0 |
|               prim_noinit.ram                                                                 |                                                         xlnx_blk_mem_gen_blk_mem_gen_prim_wrapper_59 |          0 |          0 |       0 |    0 |     0 |      1 |      0 |          0 |
|             ramloop[41].ram.r                                                                 |                                                           xlnx_blk_mem_gen_blk_mem_gen_prim_width_34 |          0 |          0 |       0 |    0 |     0 |      1 |      0 |          0 |
|               prim_noinit.ram                                                                 |                                                         xlnx_blk_mem_gen_blk_mem_gen_prim_wrapper_58 |          0 |          0 |       0 |    0 |     0 |      1 |      0 |          0 |
|             ramloop[42].ram.r                                                                 |                                                           xlnx_blk_mem_gen_blk_mem_gen_prim_width_35 |          0 |          0 |       0 |    0 |     0 |      1 |      0 |          0 |
|               prim_noinit.ram                                                                 |                                                         xlnx_blk_mem_gen_blk_mem_gen_prim_wrapper_57 |          0 |          0 |       0 |    0 |     0 |      1 |      0 |          0 |
|             ramloop[43].ram.r                                                                 |                                                           xlnx_blk_mem_gen_blk_mem_gen_prim_width_36 |          0 |          0 |       0 |    0 |     0 |      1 |      0 |          0 |
|               prim_noinit.ram                                                                 |                                                         xlnx_blk_mem_gen_blk_mem_gen_prim_wrapper_56 |          0 |          0 |       0 |    0 |     0 |      1 |      0 |          0 |
|             ramloop[44].ram.r                                                                 |                                                           xlnx_blk_mem_gen_blk_mem_gen_prim_width_37 |          0 |          0 |       0 |    0 |     0 |      1 |      0 |          0 |
|               prim_noinit.ram                                                                 |                                                         xlnx_blk_mem_gen_blk_mem_gen_prim_wrapper_55 |          0 |          0 |       0 |    0 |     0 |      1 |      0 |          0 |
|             ramloop[45].ram.r                                                                 |                                                           xlnx_blk_mem_gen_blk_mem_gen_prim_width_38 |          0 |          0 |       0 |    0 |     0 |      1 |      0 |          0 |
|               prim_noinit.ram                                                                 |                                                         xlnx_blk_mem_gen_blk_mem_gen_prim_wrapper_54 |          0 |          0 |       0 |    0 |     0 |      1 |      0 |          0 |
|             ramloop[46].ram.r                                                                 |                                                           xlnx_blk_mem_gen_blk_mem_gen_prim_width_39 |          0 |          0 |       0 |    0 |     0 |      1 |      0 |          0 |
|               prim_noinit.ram                                                                 |                                                         xlnx_blk_mem_gen_blk_mem_gen_prim_wrapper_53 |          0 |          0 |       0 |    0 |     0 |      1 |      0 |          0 |
|             ramloop[47].ram.r                                                                 |                                                           xlnx_blk_mem_gen_blk_mem_gen_prim_width_40 |          7 |          6 |       0 |    1 |    10 |      1 |      0 |          0 |
|               (ramloop[47].ram.r)                                                             |                                                           xlnx_blk_mem_gen_blk_mem_gen_prim_width_40 |          5 |          4 |       0 |    1 |    10 |      0 |      0 |          0 |
|               prim_noinit.ram                                                                 |                                                         xlnx_blk_mem_gen_blk_mem_gen_prim_wrapper_52 |          2 |          2 |       0 |    0 |     0 |      1 |      0 |          0 |
|             ramloop[4].ram.r                                                                  |                                                           xlnx_blk_mem_gen_blk_mem_gen_prim_width_41 |          0 |          0 |       0 |    0 |     0 |      1 |      0 |          0 |
|               prim_noinit.ram                                                                 |                                                         xlnx_blk_mem_gen_blk_mem_gen_prim_wrapper_51 |          0 |          0 |       0 |    0 |     0 |      1 |      0 |          0 |
|             ramloop[5].ram.r                                                                  |                                                           xlnx_blk_mem_gen_blk_mem_gen_prim_width_42 |          0 |          0 |       0 |    0 |     0 |      1 |      0 |          0 |
|               prim_noinit.ram                                                                 |                                                         xlnx_blk_mem_gen_blk_mem_gen_prim_wrapper_50 |          0 |          0 |       0 |    0 |     0 |      1 |      0 |          0 |
|             ramloop[6].ram.r                                                                  |                                                           xlnx_blk_mem_gen_blk_mem_gen_prim_width_43 |          0 |          0 |       0 |    0 |     0 |      1 |      0 |          0 |
|               prim_noinit.ram                                                                 |                                                         xlnx_blk_mem_gen_blk_mem_gen_prim_wrapper_49 |          0 |          0 |       0 |    0 |     0 |      1 |      0 |          0 |
|             ramloop[7].ram.r                                                                  |                                                           xlnx_blk_mem_gen_blk_mem_gen_prim_width_44 |          0 |          0 |       0 |    0 |     0 |      1 |      0 |          0 |
|               prim_noinit.ram                                                                 |                                                         xlnx_blk_mem_gen_blk_mem_gen_prim_wrapper_48 |          0 |          0 |       0 |    0 |     0 |      1 |      0 |          0 |
|             ramloop[8].ram.r                                                                  |                                                           xlnx_blk_mem_gen_blk_mem_gen_prim_width_45 |          0 |          0 |       0 |    0 |     0 |      1 |      0 |          0 |
|               prim_noinit.ram                                                                 |                                                         xlnx_blk_mem_gen_blk_mem_gen_prim_wrapper_47 |          0 |          0 |       0 |    0 |     0 |      1 |      0 |          0 |
|             ramloop[9].ram.r                                                                  |                                                           xlnx_blk_mem_gen_blk_mem_gen_prim_width_46 |          0 |          0 |       0 |    0 |     0 |      1 |      0 |          0 |
|               prim_noinit.ram                                                                 |                                                            xlnx_blk_mem_gen_blk_mem_gen_prim_wrapper |          0 |          0 |       0 |    0 |     0 |      1 |      0 |          0 |
|         gnbram.gaxibmg.axi_rd_sm                                                              |                                                            xlnx_blk_mem_gen_blk_mem_axi_read_wrapper |        122 |        122 |       0 |    0 |    56 |      0 |      0 |          0 |
|           (gnbram.gaxibmg.axi_rd_sm)                                                          |                                                            xlnx_blk_mem_gen_blk_mem_axi_read_wrapper |         18 |         18 |       0 |    0 |    50 |      0 |      0 |          0 |
|           axi_read_fsm                                                                        |                                                                xlnx_blk_mem_gen_blk_mem_axi_read_fsm |        104 |        104 |       0 |    0 |     6 |      0 |      0 |          0 |
|         gnbram.gaxibmg.axi_wr_fsm                                                             |                                                           xlnx_blk_mem_gen_blk_mem_axi_write_wrapper |        101 |         97 |       4 |    0 |    56 |      0 |      0 |          0 |
|           (gnbram.gaxibmg.axi_wr_fsm)                                                         |                                                           xlnx_blk_mem_gen_blk_mem_axi_write_wrapper |         45 |         41 |       4 |    0 |    52 |      0 |      0 |          0 |
|           axi_wr_fsm                                                                          |                                                               xlnx_blk_mem_gen_blk_mem_axi_write_fsm |         56 |         56 |       0 |    0 |     4 |      0 |      0 |          0 |
|   i_xlnx_clk_gen                                                                              |                                                                                         xlnx_clk_gen |          0 |          0 |       0 |    0 |     0 |      0 |      0 |          0 |
|     inst                                                                                      |                                                                                 xlnx_clk_gen_clk_wiz |          0 |          0 |       0 |    0 |     0 |      0 |      0 |          0 |
+-----------------------------------------------------------------------------------------------+------------------------------------------------------------------------------------------------------+------------+------------+---------+------+-------+--------+--------+------------+


