:0200000480007A
:100000006F00D06C6F10C0576F00506B6F00106B9B
:100010006F00D06A6F00906A6F00506A6F00106ABC
:100020006F00D0696F0090696F0050696F001069B0
:100030006F00D0686F0090686F0050686F001068A4
:100040006F00D0676F0090676F0050676F00106798
:100050006F00D0666F0090666F0050666F0010668C
:100060006F00D0656F0090656F0050656F00106580
:100070006F00D0646F0090646F0050646F00507523
:1000800097B101009381C15E17010300130181F74D
:1000900017050000130505F713651500731055309B
:1000A00017B501001305450F17C60100130646DCFE
:1000B0003306A64093050000EF90001B1795000043
:1000C0001305C511EF800057EF90C007130500001E
:1000D0009305000013060000EF0080046F0040014C
:0400E0006780000035
:1000F000130101FF93050000232481002326110032
:1001000013040500EF90803A83A701B463840700CD
:10011000E780070013050400EF00907C000000005A
:10012000130101F6138605002326A1009305C100E3
:100130001305E105232E1108232C8108232A910899
:100140002328210923263109232441092322510987
:10015000232E7107232C8107232A91072328A10727
:10016000EF70001813051000EF20800A231EA10075
:1001700013052000EF20C009231FA1001305300044
:10018000EF2000092310A10213054000EF204008D2
:10019000232CA10213055000EF20800763140500F3
:1001A000130570008327C101232EA1026380075A23
:1001B00013071000E38AE74A138601B89379150004
:1001C000231E01042322C10213782500938609000F
:1001D000937C4500631A0836638E0C3A93881900A5
:1001E0001309007D335C1903232A8103E39E092E42
:1001F000B38E8903330FD6012328E1038327C1037C
:1002000093FF1700638E0F000316C101832581023F
:1002100003254103EF40D00D8327C1032320A10410
:1002200013F727006312073893F24700638A02002E
:10023000032601038315C10103254103EF20501F4D
:1002400003268103631A062493091000232C31032B
:1002500017B90100130989EB0328810393162800BD
:100260003385060193181500232C1103EF7040010C
:10027000832A8103232A0104232C010463860A1C98
:10028000930510001305C101EF30902283554105FD
:1002900013041000EF20C010231AA1049305F0FFEF
:1002A0001305C101EF30D02083554105EF20400FE9
:1002B000131A0501935B0A01131C0501B3EC8B01B2
:1002C000232A910563823A19338D8A40137E3D00BB
:1002D00063080E0A630A8E0693042000630C9E02D4
:1002E000930504001305C101EF30901C83554105AF
:1002F00013840400EF20C00A231AA1049305F0FF21
:100300001305C101EF30D01A83554105EF20400994
:10031000231AA104930510001305C101EF305019F1
:100320008355410513041400EF208007231AA1040C
:100330009305F0FF1305C101EF3090178355410578
:10034000EF200006231AA104930510001305C10134
:10035000EF3010168355410513041400EF204004BC
:10036000231AA1049305F0FF1305C101EF305014C7
:1003700083554105EF20C002231AA10463868A0C2D
:10038000930510001305C101EF309012835541050C
:1003900013044400EF20C000231AA1049305F0FFCA
:1003A0001305C101EF30D01083554105EF10507F88
:1003B000231AA104930510001305C101EF30500F5B
:1003C00083554105EF10D07D231AA1049305F0FF5A
:1003D0001305C101EF30D00D83554105EF10507C5E
:1003E000231AA104930510001305C101EF30500C2E
:1003F00083554105EF10D07A231AA1049305F0FF2D
:100400001305C101EF30D00A83554105EF10507933
:10041000231AA104930510001305C101EF30500900
:1004200083554105EF10D077231AA1049305F0FFFF
:100430001305C101EF30D00783554105EF10507609
:10044000231AA104E39E8AF2EF609064EF60506586
:10045000EF6010660326090083264900930A050011
:10046000138A0500EF701072E34805DE13850A0059
:1004700093050A00EF808002631405001305100045
:10048000930EA00033DFAE02832F810393071F007A
:100490003387FF02232CE102EF60905E1305C10158
:1004A000EF601066EF60D05EEF60905F13090500AB
:1004B0000315C10193050000EF208053930505004B
:1004C0000315E101EF20C052930505000315010259
:1004D000EF2000529305050003154103EF20405122
:1004E000B7820000138352B093090500E30465103E
:1004F0006364A30EB72A0000138F2A8FE300E50D73
:10050000B75200001383F2EA631C652417950100BB
:10051000130505EDEF805008B7E30000B755000064
:1005200037760000938A435A138C8560130A96A786
:100530001308200023228101938C0A00930B0A00E8
:10054000232401016F00400E9389190063880C0277
:10055000938A2600930B007D33DC5B03232A8103FF
:10056000639E0676930C4000338D8603330EA601FE
:100570002326C103E3840CC86FF09FC7130A007DD4
:10058000335C3A03232A8103E38006FE2324C1025D
:100590006FF09FFD1305007D232AA102E38009C6A9
:1005A0002324C1026FF09FC50313E1018313C1012E
:1005B0008325C1020325410313140301336674002C
:1005C00093064104EF50D0768324C10393F5440091
:1005D000E39005C66FF0DFC6B7960000138526A02E
:1005E000E388A90437FD0000130E5D9F639AC917C5
:1005F000179501001305C5E1EF80007AB79400005C
:100600003724000037EA0000938AA4E3130C74FD3A
:10061000130A4A71930E300023228101938C0A0041
:10062000930B0A002324D101138D81B083260D0082
:10063000E38C0604232061092326B107130B000075
:10064000930D00006F008002B308240003D7C80593
:10065000938D1D0083220D00B3046701139B0D01D0
:10066000935D0B01138B040063FC5D0C13944D0030
:100670003305B40193182500138E0806B3042E0029
:1006800083A7C4FD239E04FE93FE170063880E0219
:1006900003D664FF6304760393060A0093850D0076
:1006A00017950100130545DCEF80005203DFC4FFFE
:1006B00083A7C4FD930F1F00239EF4FF13F72700A9
:1006C00063000704B302B4011393220093030306EB
:1006D000B384230003D684FF63048603832641008A
:1006E00093850D0017950100130505DBEF80C04DC4
:1006F00083D5C4FF83A7C4FD13861500239EC4FEC3
:10070000B306B40113F8470013942600E30E08F271
:10071000130E0406B3042E0003D6A4FF631A965DDD
:1007200003D7C4FF938D1D0083220D00B30467011E
:10073000139B0D01935D0B01138B0400E3E85DF245
:10074000032B0108832DC1066F00C0028314010230
:10075000E39404A6930560062310B1026FF0DFA5B1
:10076000B70A0100130AF0FF9384FAFF2324410122
:10077000138D81B0EF20C04A83254103B30C95004F
:1007800017950100130585D7EF80004493050900F4
:1007900017950100130505D8EF80004313050900E4
:1007A000EF601031130605009386050017950100D0
:1007B0001305C5D7EF80404113050900EF60502FA6
:1007C000939B0C01130600009306000013DC0B4101
:1007D000EF70502A6356A0040323810383230D0086
:1007E00033057302EF7090521304050013050900DE
:1007F00093840500EF60D02B130605009386050057
:100800001305040093850400EF70401713060500DC
:1008100093860500179501001305C5D2EF80C03AF5
:1008200083270D008325810317950100130505D348
:10083000B385F502EF80403997950100938585D304
:10084000179501001305C5D3EF8000389795010077
:10085000938585D417950100130545D4EF80C036E4
:1008600097950100938505D517950100130505D5CA
:10087000EF8080359385090017950100130585D514
:10088000EF8080340327C103937917006380091038
:1008900003260D00630C060E930C000013984C0009
:1008A000B306980113952600330E250003566E05F6
:1008B00093850C0017950100130585D3EF80C03098
:1008C000938E1C00139F0E01935A0F0113974A0039
:1008D000B3025701832F0D00139A2200930C0A06CE
:1008E000179501001305C5D0B38B2C0093850A0022
:1008F00063FCFA0903D66BFFEF80002D13831A0007
:100900009313030113D4030193154400B3878500A7
:1009100083240D009399270013860906179501007B
:10092000130505CD3308260093050400637E940467
:10093000035668FFEF804029930614009398060140
:1009400093DA0801939E4A00338F5E01032E0D0057
:10095000931F2F0013870F0617950100130545C934
:10096000B302270093850A0063F0CA0303D662FF2F
:10097000EF80802513851A00832B0D00131A0501C3
:10098000935C0A01E3EC7CF10327C1031373270096
:100990006300031083230D00638C034E130A0000D1
:1009A00093144A00B38544019397250033862700AA
:1009B0000356860593050A0017950100130505C522
:1009C000EF80802013081A009316080193DA0601BD
:1009D000139E4A00B30E5E0183280D00139F2E0064
:1009E000930F0F0617950100130545C233872F009B
:1009F00093850A0063FC1A09035687FFEF80C01C29
:100A000093821A00139A0201935C0A0113934C001B
:100A1000B3039301832B0D00139423009304040666
:100A200017950100130585BEB387240093850C003C
:100A300063FE7C0503D687FFEF80001993851C00B9
:100A40009399050193DA090113984A00B3065801F6
:100A500003260D0093982600138E080617950100B3
:100A60001305C5BAB30E2E0093850A0063F0CA02BF
:100A700003D68EFFEF80401513851A00832F0D00DB
:100A8000131F0501135A0F01E36CFAF10327C10389
:100A900093724700638E020E832C0D00130A000030
:100AA00063840C1E931B4A0033834B019313230072
:100AB000B387230003D6A70593050A001795010005
:100AC000130585B6EF80401013041A009315040136
:100AD00093D905011396490033083601832A0D0086
:100AE0009316280093880606179501001305C5B3D1
:100AF000338E28009385090063FC59090356AEFF25
:100B0000EF80800C938E1900139F0E01135A0F0172
:100B100013174A00B3024701832F0D00939C220054
:100B2000938B0C0617950100130505B033832B003A
:100B300093050A00637EFA050356A3FFEF80C00801
:100B400093031A009394030113D4040193174400F0
:100B5000B385870083290D00939A250013860A0622
:100B600017950100130545AC3308260093050400D2
:100B7000637034030356A8FFEF80000513051400CB
:100B800083280D009316050113DA0601E36C1AF1B0
:100B9000032E0D00930A000063080E0E939E4A0078
:100BA000338F5E01931F2F00B3822F0003D64205BF
:100BB000938C1A0093850A0017950100130585A8E8
:100BC000939B0C01EF80400093D40B01939344005E
:100BD0003384930003230D0093192400938709069F
:100BE00017950100130505A6B38A27009385040015
:100BF00063FC640803D64AFFEF70107D93851400F0
:100C000013960501135A060193164A00B38846014C
:100C100003280D00139E2800930E0E061795010061
:100C2000130545A2338F2E0093050A00637E0A0543
:100C300003564FFFEF705079930F1A0013970F016F
:100C4000935C0701939B4C00B3849B0183220D00AE
:100C50001393240093030306179501001305859E43
:100C60003384230093850C0063F05C02035644FF39
:100C7000EF70907513851C0083270D0093190501F3
:100C800093DA0901E3ECFAF0630A0C08635080136D
:100C9000179501001305C5A9EF8000101305E105A4
:100CA000EF6000658320C109032481098324410981
:100CB000032901098329C108032A8108832A4108DD
:100CC000832BC107032C8107832C4107032D0107C8
:100CD000130500001301010A678000002324C102EC
:100CE000930C40006FF05F882324C1026FF04FD057
:100CF00093860A0093850D00178501001305057D75
:100D0000EF70906C83DEC4FF138F1E00931F0F01E2
:100D100013D70F01239EE4FE6FF09F9317950100F8
:100D200013050594EF80400783258100130C3000E4
:100D3000E39685F703268103032D0D003305A603F3
:100D4000EF70C07C130A050013050900938C0500A1
:100D5000EF600056130605009386050013050A0090
:100D600093850C00EF609041130605009386050003
:100D70009797010093874782178701001307877FA2
:100D80001795010013054592EF70106497950100C7
:100D900093854582179501001305C592EF70D062C7
:100DA0001305A000EF7090676FF05FEF17950100DB
:100DB0001305C591EF70507E6FF05FEE178501004F
:100DC0001305C567EF70507DB79F0000B7E70000BF
:100DD000938A4FD8138A173C130C70741307400082
:100DE00023228101938C0A00930B0A002324E10043
:100DF0006FF09F83178501001305C55BEF70D079F5
:100E0000B7430000B715000037360000938AF39B04
:100E1000138C9519130A063413081000232281013C
:100E2000938C0A00930B0A00232401016FF0CFFF7B
:100E30001785010013054555EF701076B7CB0000FC
:100E4000B7DC0000B7680000138C2BE5138A0C4B4D
:100E5000938A78E423228101938C0A00930B0A0081
:100E6000232401006FF04FFC83120102639602B449
:100E7000373315349303534113046006232E710056
:100E8000231081026FF04FB3930400006FF09F8E28
:100E900013744700E30E04CE6FF01FDF1300000051
:100EA0001300000093070000638807001785000007
:100EB0001305C5326F700078678000001785010048
:100EC0001305153DEF70506D6FF05FFF130101FCCE
:100ED000232011002322A1002324B1002326C100D6
:100EE0002328D100232AE100232CF100232E010125
:100EF000232011032322510223246102232671029D
:100F00002328C103232AD103232CE103232EF10339
:100F1000F322203413032000638862021303B0001D
:100F20006388620013033000638862006F00C002B0
:100F3000EF00003D6F0040031785010013050531E8
:100F4000EF7090656F004002178501001305052BB7
:100F5000EF7090646F004001178501001305253183
:100F6000EF7090636F004002F3221034038302009D
:100F7000130530003373A3006314A300938222008F
:100F800093822200739012348320010003254100D4
:100F9000832581000326C100832601010327410127
:100FA000832781010328C101832801028322410292
:100FB000032381028323C102032E0103832E4103F5
:100FC000032F8103832FC103130101047300203019
:100FD000730020300000000000000000000000004E
:100FE0003305A04023A2A1B41305F0FF67800000E1
:100FF00037070010930750052320F700978601005C
:1010000083C6562B178601001306E62C178E0100A7
:10101000130E6E2A2320D700978E010083CEAE29AF
:101020002320D70183421E00130E8E002320570079
:101030000343AEFF232067008343BEFF23207700D6
:101040000345CEFF2320A7008345DEFF2320B70002
:101050000348EEFF232007018348FEFF23201701EA
:10106000834E0E00E31ECEFA6780000013000000DE
:101070009307800523A2F1B41305F0FF67800000F9
:101080009307800523A2F1B41305F0FF67800000E9
:101090009307800523A2F1B41305F0FF67800000D9
:1010A0009307800523A2F1B41305F0FF67800000C9
:1010B0009307800523A2F1B41305F0FF67800000B9
:1010C0001305F0FF6780000013000000130000000C
:1010D0009307C00023A2F1B41305F0FF678000005E
:1010E000B707048023A0A700730050106F00000012
:1010F0009307800523A2F1B41305F0FF6780000079
:101100009307B00023A2F1B41305F0FF678000003D
:10111000B727000023A2F500130500006780000038
:101120009307800523A2F1B41305F0FF6780000048
:101130009307800523A2F1B41305F0FF6780000038
:10114000930780FA23A2F1B4130500006780000022
:10115000130510006780000013000000130000005A
:10116000930780FA23A2F1B41305F0FF6780000013
:101170001305F5FF1335150067800000130000000C
:101180009307600123A2F1B41305F0FF678000000C
:101190009307F00123A2F1B41305F0FF678000006C
:1011A000130500006780000013000000130000001A
:1011B0009307800523A2F1B41305F0FF67800000B8
:1011C0001305F0FF6780000013000000130000000B
:1011D0009307800523A2F1B41305F0FF6780000098
:1011E00013050000678000001300000013000000DA
:1011F000B727000023A2F500130500006780000058
:101200001305F0FF678000001300000013000000CA
:101210001305F0FF678000001300000013000000BA
:101220009307200023A2F1B41305F0FF67800000AC
:101230009307800523A2F1B41305F0FF6780000037
:101240009307A00023A2F1B41305F0FF678000000C
:1012500003A781B2130101FE232C8100232E11006C
:1012600093870500130406006306070213060400B3
:10127000179501001305056993850700EF00407F6E
:101280008320C1011305040003248101130101021D
:10129000678000002326B100B7C5010093850520B3
:1012A00013063000179501001305C565EF00406F68
:1012B000930210008327C10023A451B26FF01FFBDB
:1012C00023A2A1B0130500006780000013000000F6
:1012D00083A241B017F702001307C7D23385A200DB
:1012E00023A2A1B06374E500636825009307C000E2
:1012F00023A2F1B49302F0FF13850200678000007F
:101300009307100863CC17159302F00263D41219E7
:10131000138308FD9308100563EE68021787010028
:101320001307077993132300B386E30003A806008D
:10133000330EE80067000E00930EC00A6388D811D0
:1013400063CE1E1B930F90096382F8119307900AD6
:101350006386F814978701009387C7F59783010088
:10136000938363F7B386F34013F8760013075005B1
:10137000370E00106308080813051000630CA80658
:10138000930E20006302D807130F30006308E805AE
:10139000930F4000630EF803130650006304C80265
:1013A00093056000630AB8002320EE0097870100D0
:1013B000938757F003C707002320EE0003C71700E9
:1013C000938717002320EE0003C7170093871700A9
:1013D0002320EE0003C71700938717002320EE0099
:1013E00003C71700938717002320EE0003C71700D9
:1013F00093871700938717002320EE0003C7070089
:10140000638C77142320EE0083C217009387870034
:1014100023205E0003C3A7FF23206E0083C8B7FF0D
:1014200023201E0183C6C7FF2320DE0003C8D7FF89
:1014300023200E0103C5E7FF2320AE0083CEF7FF74
:101440002320DE0103C70700E39E77FA67800000D0
:101450009302800523A251B4678000009302F040FC
:10146000E3CA12EF1303F03FE35813ED938808C06B
:101470009303F000E3E013EF178701001307C7772A
:10148000139528003306E500832606003388E6001E
:101490006700080013031001E39E68EA930880FACE
:1014A00023A211B5678000003726000023A2C500E3
:1014B000678000009305200023A2B1B4678000007C
:1014C000130EF00123A2C1B567800000130560016F
:1014D00023A2A1B467800000370404802320A40065
:1014E000730050106F00000003AF81B263000F0261
:1014F00017950100130505416F008057130F600D0C
:10150000E39AE8E523A2A1B067800000130101FE81
:10151000B7CF01002326C1002324B10013063000F9
:1015200093850F20179501001305C53D232E11004B
:10153000EF0000479307100023A4F1B20326C10077
:10154000832581008320C101179501001305853B88
:10155000130101026F00C0516780000013000000FA
:101560001300000013000000000000000000000055
:101570001305000067800000130000001300000046
:101580001305000067800000130000001300000036
:101590001305000067800000130000001300000026
:1015A0001305000067800000130000001300000016
:1015B0001305000067800000130000001300000006
:1015C00013050000678000001300000013000000F6
:1015D00013050000678000001300000013000000E6
:1015E00013050000678000001300000013000000D6
:1015F00013050000678000001300000013000000C6
:1016000013050000678000001300000013000000B5
:1016100013050000678000001300000013000000A5
:101620001305000067800000130000001300000095
:101630001305000067800000130000001300000085
:101640001305000067800000130000001300000075
:101650001305000067800000130000001300000065
:101660001305000067800000130000001300000055
:101670001305000067800000130000001300000045
:101680001305000067800000130000001300000035
:101690001305000067800000130000001300000025
:1016A0001305000067800000130000001300000015
:1016B0001305000067800000130000001300000005
:1016C00013050000678000001300000013000000F5
:1016D00013050000678000001300000013000000E5
:1016E00013050000678000001300000013000000D5
:1016F00013050000678000001300000013000000C5
:1017000013050000678000001300000013000000B4
:1017100013050000678000001300000013000000A4
:101720001305000067800000130000001300000094
:101730001305000067800000130000001300000084
:101740001305000067800000130000001300000074
:101750001305000067800000130000001300000064
:10176000130500006780000000000000000000007A
:101770008327C50063840720032605016300062034
:1017800083260500034895000327450183C54601CC
:10179000B3E20501A304550013F30502630E031C15
:1017A0006300E61EB303E64093080001138F0300B5
:1017B00063F47800138F0800338EE700834E0E0029
:1017C000930F1700130810002380D601232AF50178
:1017D0006380031BB385F70183C205001303270051
:1017E0009308200023805600232A65006382131982
:1017F000338E6700834E0E001308370093053000C8
:101800002380D601232A05016384B316B38207011E
:1018100003C3020093084700130E400023806600B4
:10182000232A15016386C315B38E170103C80E0062
:10183000930557009302500023800601232AB50028
:10184000638853123383B700834E03009308670005
:10185000130E60002380D601232A1501638AC31169
:101860003388170183450800930277001303700043
:101870002380B600232A5500638C630EB38E570075
:1018800003C80E0093088700130E80002380060112
:10189000232A1501638EC30DB385170183C205008A
:1018A00013039700930E900023805600232A6500AF
:1018B0006380D30D33886700834508009308A70031
:1018C000130EA0002380B600232A15016382C30BE8
:1018D000B382170103C30200930EB7001308B000D0
:1018E00023806600232AD50163840309B385D701C9
:1018F00083C205009308C700130EC0002380560062
:10190000232A15016386C30733831701834E03001F
:101910001308D7009305D0002380D601232A0501A0
:101920006388B304B382070103C302009308E7008E
:10193000130EE00023806600232A1501638AC30387
:10194000B38E170103C80E009305F7009302F00051
:1019500023800601232AB500638C5300B387B700A8
:1019600083C307001307070123807600232AE500BD
:10197000330FFF011307FFFF6304E60067800000D9
:1019800003C64600232805001375D60F2382A60040
:101990006780000013000000130000001300000027
:1019A000130101FE232A910083240500232C8100CA
:1019B0002328210123263101232E11002382040034
:1019C00023840400930770FC2384F40013040500AF
:1019D0009389050013090600238804001386050077
:1019E0009306000037D5121393050000EF50903294
:1019F000935275003707010063FEE200130300F8FD
:101A0000238664001355F5002382A400238054002C
:101A1000238604002386240123042401A304040054
:101A200097030000938303D5232234018320C1014F
:101A30002328040023260400232A0400232E040064
:101A4000232C040023220402232074020324810196
:101A500083244101032901018329C10013010102EB
:101A60006780000013000000130000001300000056
:101A7000130101FF23260100638C0522630A06225D
:101A80000325050013080000930710038346450152
:101A9000232601000327C10063E2E70A8322C10075
:101AA00013831200232661008323C10063E87708B3
:101AB0008328C100138E18002326C101832EC10084
:101AC00063EED707032FC100930F1F002326F101F8
:101AD0000327C10063E4E7068322C10013831200D9
:101AE000232661008323C10063EA77048328C100B1
:101AF000138E18002326C101832EC10063E0D70591
:101B0000032FC100930F1F002326F1010327C100FB
:101B100063E6E7028322C1001383120023266100DB
:101B20008323C10063EC77008328C100138E180063
:101B30002326C101832EC100E3F2D7F793F60602F4
:101B4000E38606F423260100032FC10063E2E70BBE
:101B5000832FC10013871F002326E1008322C100C9
:101B600063E857080323C100930313002326710081
:101B70008328C10063EE1707032EC100930E1E00D9
:101B80002326D1018326C10063E4D706032FC100B9
:101B9000930F1F002326F1010327C10063EAE70426
:101BA0008322C10013831200232661008323C10016
:101BB00063E077048328C100138E18002326C10137
:101BC000832EC10063E6D7038326C100138F16005E
:101BD0002326E101832FC10063ECF7010327C10035
:101BE00093021700232651000323C100E3F267F696
:101BF000B383050183C803001308180023001501EF
:101C000023260100032EC10063E2C70B832EC1000F
:101C100093861E002326D100032FC10063E8E70945
:101C2000832FC10013871F002326E1008322C100F8
:101C300063EE57060323C1009303130023267100AC
:101C40008328C10063E41707032EC100930E1E0012
:101C50002326D1018326C10063EAD704032FC100E4
:101C6000930F1F002326F1010327C10063E0E7045F
:101C70008322C10013831200232661008323C10045
:101C800063E677028328C100138E18002326C10162
:101C9000832EC10063ECD7018326C100138F160089
:101CA0002326E101832FC100E3F2F7F7E360C8DEEA
:101CB0001301010167800000130000001300000001
:101CC0006388050C03C605006304060C8327050022
:101CD000130101FF9386150003C74701A307E10025
:101CE0008342F10013F302026318030883C3470120
:101CF000A30771000345F10093750502639E050675
:101D000003C84701A30701018348F10013FE08023D
:101D100063140E0683CE4701A307D101034FF100E0
:101D2000937F0F02639A0F0403C74701A307E100E3
:101D30008342F10013F302026310030483C34701DB
:101D4000A30771000345F100937505026396050230
:101D500003C84701A30701018348F10013FE0802ED
:101D6000631C0E0083CE4701A307D101034FF1008E
:101D7000937F0F02E3820FF6938616002380C7003D
:101D800003C6F6FFE31A06F41301010167800000A1
:101D90006780000013000000130000001300000023
:101DA000630C0602638A05020327050097060000FC
:101DB0009386469C2326B500834747002328C50009
:101DC000232A05002320D50293E22700230257008F
:101DD000732340F16304030067800000B725000C03
:101DE00097930100938303B203A605003305754062
:101DF0001338150093081000339E0801B36ECE000F
:101E000023A0D5016780000013000000130000002C
:101E100083270500034795008326050183C24701F8
:101E200033E3E200A304650093F3F20F6398060026
:101E300013D56300137515006780000013050000BB
:101E40006780000013000000130000001300000072
:101E50006382050663000606032805000347950014
:101E600083474801B3E2E700A304550013F31700CA
:101E700063020304130E00006F008000638E0F02E4
:101E800083460800B383C501130E1E002380D300D0
:101E90000328050083489500834E480133EF1E0157
:101EA000A304E50193FF1E00E36ACEFC13050E00B8
:101EB00067800000130E000013050E00678000000D
:101EC000F32740F163960702B726000C179701002D
:101ED000130747A303A60600B302E54013B312009D
:101EE0009303100033986300B368C80023A0160161
:101EF000370E0100930EFEFF638CD501032505000C
:101F000093F5F500034F4500B36FBF002302F501C1
:101F100067800000130000001300000013000000A1
:101F2000638C05029337160C6388070203270500AC
:101F3000232EB5008342870013F3F203B363C3007B
:101F4000230477008345470013E615002302C700EA
:101F5000F32640F16384060067800000B728000C78
:101F6000179801001308089A03AE080033050541CD
:101F7000933E1500130F1000B31FDF01B3E7CF012D
:101F800023A0F80067800000130000001300000089
:101F900063840502032705002320B50223260500DC
:101FA000834747002328050093E2270023025700B8
:101FB000732340F16304030067800000B725000C21
:101FC000979301009383039483A60500330575401E
:101FD0001336150013081000B318C80033EED800EC
:101FE00023A0C5016780000013000000130000005B
:101FF00063800502032705002322B50283474700BB
:1020000093E2870023025700732340F16304030027
:1020100067800000B725000C979301009383838E9F
:1020200083A605003305754013361500130810000C
:10203000B318C80033EED80023A0C50167800000A4
:102040006386051263040612832705008346950004
:1020500003C74701B362D700A304550013730702F7
:1020600063060310930300011305060063E4C31025
:1020700003C805009308100023800701630A160FA8
:1020800003CE1500930E20002380C7016302D60FF4
:1020900003CF2500930F30002380E701630AF60D7C
:1020A00083C63500130740002380D7006302E60C87
:1020B00083C245001303500023805700630A660A59
:1020C00083C3550013086000238077006302060B6A
:1020D00083C86500130E700023801701630AC609C8
:1020E00083CE7500130F80002380D7016302E609B9
:1020F00083CF8500930690002380F701630AD606FC
:1021000083C295001307A000238057006302E606F0
:1021100003C3A5009303B00023806700630A76041D
:1021200003C8B5009308C0002380070163021605A9
:1021300003CEC500930ED0002380C701630AD603E7
:1021400003CFD500930FE0002380E7016302F6037D
:1021500083C6E5009302F0002380D700630A56008F
:1021600083C5F5002380B7006780000013050000D9
:1021700067800000138503006FF09FEF13000000DD
:10218000832705000347950083C24701A304050088
:1021900033E5E2001375E5096780000013000000D5
:1021A0008327050003C58701678000001300000036
:1021B00003270500834795008342470133E3F2007C
:1021C000A304650013F502066780000013000000F9
:1021D000032705008347C70093E20704230657003F
:1021E00067800000130000001300000013000000CF
:1021F000032705008347C70093F2F70B2306570018
:1022000067800000130000000000000000000000D4
:102210009307500063E4A704178701001307C7A1C1
:1022200013152500B302E50003A30200B303E30086
:102230006780030003A541B36780000003A5C1B315
:102240006780000003A581B36780000003A501B18A
:102250006780000003A5C1B067800000130500007F
:10226000678000001300000013000000130000004E
:1022700013F7F50F9312870093D58500B717000069
:1022800037F3FFFFB3E3B200138FF7F0930F030FA1
:1022900033F6E301B3F6F3011318460093D8460072
:1022A000937EF50037370000B7D5FFFF336E180176
:1022B000930237339383C5CC93974E001355450053
:1022C000B3E6A70033735E0033767E001318230055
:1022D0009358260013FE360313F7C60CB7550000BB
:1022E000B7B7FFFFB36E1801138555551383A7AA1F
:1022F0001358270013162E00336E0601B3F6AE00F6
:10230000B3F86E0093D5180013971600937E5E0500
:102310009377AE0A3368B70093961E0013D6170062
:1023200033EEC60093588800B3CEC80193971E00C1
:10233000178801001308C891B386070103D6060069
:102340003367B70093158700B348B600137EF60FC6
:10235000939E080193D78E0113188E003366F80000
:10236000337FE601B37FF60193164F0013D74F007A
:10237000B3E5E600B3F25500B3F37500939822007D
:1023800013DE2300B3EEC80133F5AE0033F36E0065
:1023900013181500935713003365F8006780000089
:1023A00093F7F50F9392870093D5850037170000B8
:1023B00037F3FFFFB3E3B200930FF7F09302030F7D
:1023C00033F6F301B3F653001318460093D84600D2
:1023D000937EF500137F050FB7370000B7D5FFFFD9
:1023E000938337331383C5CC336E180113974E0094
:1023F00093564F0033786E00B368D70033767E0073
:10240000131E2600935E280093F7380313F7C80CB9
:10241000B7550000B7B6FFFF336FDE0193885555FF
:102420001388A6AA139E2700935E2700B3771F0187
:1024300033760F013367DE0193561600939517002C
:10244000137F5705137EA70AB3EED50013561E005F
:1024500093171F0033EFC70013D78E00334EE701E9
:10246000B3E5D500977701009387877E93161E000A
:10247000B38EF60003D70E00139685001355850022
:10248000334FC700137EF70F93150F0193DE8501BD
:1024900093168E0033E7D6013376F701337F57006A
:1024A000131E460093554F00B36EBE00B3F67E0078
:1024B00033F76E00139F260013562700336ECF00AC
:1024C000B3751E01B37E0E011397150093D61E003F
:1024D000336FD7001376FF0F131E860093558F00BE
:1024E000B36EBE0033F7FE0133FF5E001376F500D6
:1024F00093164700135E4F00B3EEC60193154600D6
:102500001355450033E7A50033FF7E0033FE6E0010
:102510009376370313552E001376C70C93152F00AF
:1025200033EFA500939E26001357260033EEEE00EE
:1025300033761F01B3750F01937E5E0513D5150029
:102540009376AE0A131716003366A700139F1E007A
:1025500013DE1600B365CF01935E8600B3C6BE00DE
:1025600013971600B307F70003D50700131F860063
:10257000334EE5019375F50F13160E01935E860138
:1025800093968500B3E7D601B3FFF701B3F2570086
:1025900013D5420013974F00336FA700B3737F002A
:1025A00033736F00139E2300935523003366BE00E0
:1025B000B378160133780601939E180093561800DD
:1025C00033E5DE0067800000130000001300000008
:1025D00093F7F50F9392870093D585003717000086
:1025E000B7F8FFFF9303F7F033E3B2009382080FCD
:1025F000B37673003376530013984600135E46009B
:10260000137FF500937F050FB7370000B7D5FFFFA5
:1026100093883733B36EC80113174F001388C5CCA6
:1026200013D64F0033F31E01B3F60E01B36EC7008D
:10263000131E230013DF260093F73E0313F7CE0C7F
:10264000B755000037B6FFFF93865555B36FEE01BF
:102650009305A6AA139E2700935E270033FFDF0091
:1026600033F3BF00B36FDE011357130093171F003E
:1026700013F65F0513FEAF0AB3EEE70013531E0017
:10268000131F160033666F0093DF8E00B3CECF00AA
:10269000177301001303C35BB3E7E70013971E0032
:1026A000330E6700835F0E0013968700135F85006B
:1026B000B3CECF0013970E0193F7FF0F135E870180
:1026C000939F870033E6CF01B37E7600B377560041
:1026D00013974E0013DE4700B36FC70133F61F0197
:1026E000B3FE0F019317260013D72E00B3EFE700B8
:1026F00033FEDF0033F6BF00931E1E009357160013
:1027000033E7FE00937FF70F13968F00135E870069
:10271000B367C601B3FE770033F75700939F4E00AF
:1027200013564700137EFF00137F0F0FB3E7CF0050
:1027300013174E00935F4F00B3FE07013366F70196
:1027400033FE170193172E0013DF2E00937F3603FD
:10275000137EC60C33E7E701939E2F0093572E009C
:102760003376D700337FB70033E7FE00135E1F00D8
:10277000937EA70A93171600937F570533E6C70188
:1027800013971F0093DF1E00B36EF701135F8600DF
:102790003346DF01B3E7C701131E160033076E008F
:1027A000835F0700139F8700935E0501B3C7EF01A6
:1027B000139E070113F6FF0F13578E01931F860018
:1027C00033EFEF00B3777F0033765F00139E47004F
:1027D00013574600B36FEE0033FF1F01B3F70F012D
:1027E00013162F0013DE27003367C601B37FD7000F
:1027F000337FB70093971F0013561F0033E7C700BE
:10280000137EF70F931F8E00135F8700B3E7EF016E
:1028100033F6770033F75700931F4600135E4700E7
:1028200013FFFE0093FE0E0FB3E7CF0113174F0007
:1028300093DF4E0033F60701336EF70133FF1701C4
:1028400093172F00935E2600937F3E03137FCE0CD9
:1028500033E7D70113962F0093572F00337ED7000D
:10286000B37EB7003367F600937F570593171E00BA
:102870001376A70A13DE1E0033EFC701939E1F00D5
:102880001357160033E6EE00935F8F0033CFCF006F
:10289000931E1F0033876E00835F0700B3E7C701F5
:1028A000139E870033CFCF01931E0F0113F6FF0F46
:1028B00013D78E01931F8600B3E7EF0033FE770036
:1028C00033FF5700931E4E0013564F0033E7CE00E0
:1028D000B37F1701B3770701139F2F0013DE270083
:1028E000B36ECF0133F7DE0033F6BE00931F17003F
:1028F0009357160033EFFF00137EFF0F931E8E00D9
:1029000013578F0033E6EE00B37F7600B37756009F
:1029100013558501137FF50013DE4700939E4F008A
:10292000B3EFCE0113174F00135645003365C700B0
:10293000B3F71F0133FF0F0113773503935E2F00A9
:10294000937FC50C139E2700B367DE0113D52F00BC
:10295000131627003367A600B3FFD70033FEB70076
:10296000937EA70A93571E00137F570513951F00E8
:10297000B36FF50013171F0013D61E00336EC70088
:1029800013DF8F00B34ECF0113951E003303650094
:102990008357030013978F00B3CFE70013F6F70FA9
:1029A000139E0F01135F8E01931E860033E5EE0127
:1029B000B3737500B37255001393430093D742006D
:1029C0003367F300B378170133780701939F28002A
:1029D0001356280033EECF00B376DE00B375BE0089
:1029E000139F160093DE15003365DF01678000003A
:1029F00093F7F50F9392870093D585003717000062
:102A000037F3FFFFB3E3B200930FF7F09302030F26
:102A100033F6F301B3F653001318460093D846007B
:102A2000937EF500137F050FB7370000B7D5FFFF82
:102A3000938337331383C5CC336E180113974E003D
:102A400093564F0033786E00B368D70033767E001C
:102A5000131E2600935E280093F7380313F7C80C63
:102A6000B7550000B7B6FFFF336FDE0193885555A9
:102A70001388A6AA139E2700935E2700B3771F0131
:102A800033760F013367DE019356160093951700D6
:102A9000137F5705137EA70AB3EED50013561E0009
:102AA00093171F0033EFC70013D78E00334EE70193
:102AB000B3E5D500977701009387871993161E0019
:102AC000B38EF60003D70E001396850013558500CC
:102AD000334FC700137EF70F93150F0193DE850167
:102AE00093168E0033E7D6013376F701337F570014
:102AF000131E460093554F00B36EBE00B3F67E0022
:102B000033F76E00139F260013562700336ECF0055
:102B1000B3751E01B37E0E011397150093D61E00E8
:102B2000336FD7001376FF0F131E860093558F0067
:102B3000B36EBE0033F7FE0133FF5E001376F5007F
:102B4000135E4F001375050F9316470033E7C60158
:102B500093154600935E450033EFD501337577003A
:102B6000337E670093763F03935E2E001376CF0C7F
:102B70009315250033E5D50113972600135F260032
:102B8000336EE70133761501B3750501937E5E055B
:102B900013D515009376AE0A131716003366A700F7
:102BA000139F1E0013DE1600B365CF01935E8600EF
:102BB000B3C6BE0013971600B307F70003D507008E
:102BC000131F8600334EE5019375F50F13160E01A2
:102BD000935E860193968500B3E7D601B3FFF701B4
:102BE000B3F2570013D5420013974F00336FA7007D
:102BF000B3737F0033736F00139E2300935523003C
:102C00003366BE00B378160133780601939E180030
:102C10009356180033E5DE006780000013000000C3
:102C20001305000067800000130000000000000092
:102C30001303F5FF9308100063F46832B38E150197
:102C4000139F0E0193570F011398B701130E7000D5
:102C500093F27700130101FF93050000977E0100B6
:102C6000938E0E1F130F4000930FC0029353E80181
:102C70006384C20963645F2A9386D2FF13970601B7
:102C80001358070163E208099392230033885E001A
:102C900003280800938317009396030193829500FD
:102CA00093D7060163F66206B306B60033E7060162
:102CB00093733700639C0326338706419303F7FF22
:102CC00013B7330063140726832508001307800019
:102CD00023A0B6000328480023A20601B386E6001D
:102CE000938502001398B7012380F60193F27700D1
:102CF0009353E801E390C2F9939623003387DE00F3
:102D0000032807026FF01FF99382550063E46218ED
:102D100063FEA51693881500138E0800B33F1501B6
:102D20003303B540930E1000637E1521130FF3FF9C
:102D30003308B600B303004113376F0093F233003A
:102D4000631E070E639C0F0E63820220230008009F
:102D500013F8230063020802B30816012380080059
:102D600093063000138E25006398D200B307C60186
:102D700023800700338ED500B38F5E403383550028
:102D800093F5CFFF938EC5FF13DF2E0013071F00AF
:102D9000B307660093737700B382F500638403067C
:102DA00013081000638A030593082000638213054B
:102DB00093063000638AD3021303400063826302E8
:102DC000930E5000638AD301130F60006394E319DC
:102DD00023A007009387470023A00700938747009D
:102DE00023A007009387470023A00700938747008D
:102DF00023A007009387470023A00700938747007D
:102E00006386F20223A0070023A2070023A4070081
:102E100023A6070023A8070023AA070023AC070066
:102E200023AE070093870702E39EF2FC6380F50759
:102E3000B385C501938815003308B6002300080048
:102E400063F6A804330E160123000E00938F2500AD
:102E500063FEAF023307F6012300070093833500BA
:102E600063F6A302B3027600238002009386450036
:102E700063FEA6003303D60023000300938E5500A3
:102E800063F6AE003306D6012300060013010101EC
:102E900067800000232681001394230097730100AC
:102EA000938303FBB386830003A80603938717006D
:102EB000B306B600034708001394070193570401B3
:102EC0002380E60093851500130740000344180093
:102ED000B305B60093034000238085000344280017
:102EE0002381860083453800A381B6006306770CF2
:102EF0008343480013078000238276000344580070
:102F0000A3828600834568002383B60003487800C7
:102F1000A38306010324C1006FF05FDC93922300BA
:102F2000B3835E0003A803016FF0DFD62326810080
:102F30000344080093851500130780002380860052
:102F40006FF0DFF8930E03006FF05FDE138E050065
:102F50006FF09FE223A00700938747006FF05FE7C1
:102F6000230006009305000063F6A804B3081601C9
:102F7000238008009387250063FEA702B302F600B2
:102F800023800200138335006376A302B303660037
:102F9000238003009386450063FEA6003307D60016
:102FA00023000700138E55006376AE003305C6017B
:102FB00023000500678000000324C1006FF01FD2CA
:102FC00003270500130605008347070063860726CD
:102FD0009306C00213050000638CD71C1308E0029F
:102FE000638C071D636CF802138F57FD937FDF0F0F
:102FF00063860F1E83AF450083A2050013071700E9
:1030000013831F001385120023A0A50023A26500CF
:10301000130510002320E60067800000138307FDDE
:103020009373F30F93089000E3E678FC03AE05007A
:1030300093071700930E1E0023A0D5010347170026
:103040006306071E630ED71E1308E002630407051C
:10305000130F07FD937FFF0F130590006372F503B5
:1030600083A205011305100013871700B387A20080
:1030700023A8F5002320E6006780000023A4D501E3
:1030800003C71700938717006302071A9306C0024D
:103090006FF05FFB03A305019303130023A87500E2
:1030A00003CE17009387170063040E129306C00225
:1030B000630CDE0E9378FE0D930E50046392D80DD0
:1030C00003A54501138717009303150023AA750074
:1030D00003CE170063080E1A9308C002630A1E1776
:1030E00003A7C50093065EFD93FED60F13081700D5
:1030F00023A6050163900E0803CF2700138727003E
:10310000630E0F1463001F1783AF850193020FFD39
:1031100013F3F20F13851F00930E900023ACA5004C
:1031200063FA6E0013873700130510002320E600B2
:103130006780000093030700034E17001307170072
:103140009308C00293070EFD93F6F70F63020E1269
:1031500063041E13E3F0DEFE03A845001305100010
:1031600013872300330FA80023A2E5012320E600E4
:103170006780000013872700130510006FF09FE998
:1031800013080EFD137FF80F930F9000E3FAEFF191
:1031900083A2450113051000138717003383A20093
:1031A00023AA65006FF01FE713870700130550007F
:1031B000130717006FF01FE603A50500930717001C
:1031C0009302150023A05500034E1700E3120EEEE4
:1031D00013870700130550006FF0DFE303A5050018
:1031E000930717009302150023A05500034317000F
:1031F000630E03086302D30A83A38500930603FDCD
:1032000013FEF60F93089000938E1300E3F8C8E7BF
:10321000630A030123A4D501130727001305100037
:103220006FF05FDF23A4D5016FF09FE713870700DE
:10323000130540006FF01FDE130500006FF09FDDE7
:103240001387070013054000130717006FF09FDC7A
:1032500013053000130717006FF0DFDB1305600064
:103260006FF05FDB13056000130717006FF09FDA44
:10327000130570006FF01FDA1305700013071700B5
:103280006FF05FD9130530006FF0DFD813870700A8
:10329000130520006FF01FD81387070013052000C7
:1032A000130717006FF01FD7130000001300000072
:1032B000130101F8232C8106232A910623282107D4
:1032C00023263107232441072322510723206107A6
:1032D000232E7105232C8105232E11061389050049
:1032E00083C505002326210123280102232801008C
:1032F000232A0102232A0100232C0102232C01008E
:10330000232E0102232E0100232001042320010289
:103310002322010423220102232401042324010285
:10332000232601042326010293840700930B050042
:10333000130C0600938A0600130B07009309010380
:1033400013040101130AC100638A05529385090021
:1033500013050A00EFF0DFC693172500B38287003C
:103360008326C10003A702009385090003C306005A
:103370009303170023A0720013050A0063000308DB
:10338000EFF01FC413162500330886008328C10000
:10339000032E08009385090083CE0800130F1E003A
:1033A0002320E80113050A00638A0E04EFF05FC1D1
:1033B000931F2500B3878F008322C10003A7070056
:1033C0009385090083C602001303170023A067003A
:1033D00013050A0063840602EFF09FBE1315250053
:1033E000B30585008323C10003A6050003C80300BD
:1033F0009308160023A01501E31A08F423262101DF
:10340000B30B790163787919130A100063104B43E9
:10341000834209001347F9FFB386EB001303C00290
:1034200013F5760063866200B3C582012300B900FC
:103430009307190063FA77156302050C93031000D4
:103440006302750A130620006304C50813083000E0
:10345000630605079308400063081505130E500026
:10346000630AC503930E6000630CD50103CF070008
:1034700063066F00B34F8F012380F7019387170016
:1034800003CA070063066A00B3428A01238057001B
:103490009387170003C7070063066700B3468701D9
:1034A0002380D7009387170003C5070063066500D4
:1034B000B34585012380B7009387170083C30700B6
:1034C0006386630033C683012380C7009387170098
:1034D00003C8070063066800B3488801238017010A
:1034E0009387170003CE070063066E00B34E8E016C
:1034F0002380D7019387170063F8770903CF07006C
:1035000063066F00B34F8F012380F70103CA1700D2
:103510009382170063066A0033478A01A380E7009D
:1035200083C7120063866700B3C68701A380D200F9
:1035300003C5220063066500B34585012381B200FF
:1035400083C332006386630033C68301A381C20054
:1035500003C8420063066800B34888012382120151
:1035600003CE520063066E00B34E8E01A382D201D9
:1035700003CF620063066F00B34F8F012383F20114
:1035800093877200E3EC77F7034C0900130AC1003C
:10359000630A0C289385090013050A00EFF05FA267
:1035A00013132500B30283008326C10003A7020082
:1035B0009385090083C306001306170023A0C200E9
:1035C00013050A0063800308EFF09F9F131825007E
:1035D000B3088800032EC10083AE0800938509005C
:1035E000034F0E00938F1E0023A0F80113050A005D
:1035F000630A0F04EFF0DF9C93172500338C8700DC
:103600000323C10083220C00938509008346030035
:10361000138712002320EC0013050A0063840602BE
:10362000EFF01F9A13152500B30585008323C10011
:1036300003A6050003C803009308160023A0150184
:10364000E31A08F463727919130A100063184B2106
:10365000034B0900934FF9FF338CFB019307C00222
:1036600013737C006306FB00B3425B012300590027
:1036700013091900637A79156302030C930610008D
:103680006302D30A130720006304E3081305300024
:103690006306A306930540006308B3049303500038
:1036A000630A730213066000630CC3000348090039
:1036B0006306F800B34858012300190113091900E3
:1036C000034A09006306FA00334E5A012300C90178
:1036D00013091900834E09006386FE0033CF5E0193
:1036E0002300E90113091900034B09006306FB00DD
:1036F000B34F5B012300F90113091900034C0900C2
:103700006306FC0033435C012300690013091900C0
:10371000834209006386F200B3C652012300D90038
:1037200013091900034709006306F70033455701E1
:103730002300A9001309190063787909834509005A
:103740006386F500B3C355012300790003461900D1
:10375000130819006306F600B3485601A3001901C7
:10376000034918006306F900334A5901A3004801D0
:10377000034E28006306FE00B34E5E012301D8010C
:10378000034F38006306FF00334B5F01A30168015C
:10379000834F48006386FF0033CC5F01230288011A
:1037A000034358006306F300B3425301A3025800D9
:1037B000834668006386F60033C756012303E8009A
:1037C00013097800E36C79F7938A09000325040054
:1037D0009385040013044400EFE09FDF9305050088
:1037E00003A50A00938A4A00EFE09FDE93040500D8
:1037F000E31E34FD8320C10703248107832441078E
:10380000032901078329C106032A8106832A410669
:10381000032B0106832BC105032C8105130101082D
:1038200067800000E36679E36FF01FFA930F0900E9
:10383000130EC00283CE0F0033CF8E016384CE01FE
:103840002380EF01B38F6F01E3E67FFF8347090019
:10385000130AC100E39007D4E37879F7130EC0028E
:10386000834E090033CF5E016384CE012300E9015A
:1038700033096901E36679FF6FF01FF5B30BA90007
:10388000E36479B96FF05FF41300000000000000FA
:10389000031F050093577F4093F2170063860200D1
:1038A0001375FF076780000013573F401373F7003D
:1038B000130101FE93134300232C81003306730090
:1038C000232E1100232A910093767F0083D785034E
:1038D000938805001304050013070600638E06088D
:1038E000130510006392A60813858802138607004B
:1038F000930507002326E10123241101EF20503F07
:1039000083288100931E0501032FC10003DEC80335
:1039100093D40E4163140E0A83D78803239EA80212
:1039200093850700232611012324E101EFE05FA71F
:10393000832281008326C1009307050013F702F05C
:1039400013F5F4073363E500239CF6029363030841
:103950008320C101231074000324810183244101C9
:103960001301010267800000931F0F0113D50F019F
:1039700093040F006FF0DFFA9304100263E4C400B5
:103980001307200283A548018396280003960800A8
:1039900003A588012326E10123241101EFF05F91A3
:1039A0008328810013180501032FC10083D5E80384
:1039B0009354084163940500239FA80283D788038A
:1039C0006FF01FF61300000013000000130000004A
:1039D00003180500130101FE232C81009357784042
:1039E000232A9100232E110093F2170093840500DF
:1039F000130406009378F8076390020A13573840BF
:103A00009373F700130F0500139543003386A3004B
:103A10002328210193767800835784031307060037
:103A20006380061C130E10006396C61513860700EC
:103A300093050700130584022326E10123240101D5
:103A4000EF20102B835EC4031313050103288100AC
:103A5000032FC1001359034163960E1C835784033F
:103A6000231EA402938507002326E10123240101DC
:103A7000EFE01F93832781009378F907231CA402AA
:103A800093F207F00325C10033E758000329010131
:103A900093630708231075008393040093D6734043
:103AA00013F61600630006028320C101032481017E
:103AB00093F6F307832441013385D84013010102B3
:103AC0006780000093D5334013FEF500931E4E002F
:103AD0002328210113F373003309DE018357840384
:103AE000130709006308030A93021000631C5308BC
:103AF000138607009305090013058402232611018C
:103B000023247100EF20D01E8357C403131805012E
:103B1000832381008328C10013590841639E070A4B
:103B200083578403231EA4029385070023261101D3
:103B300023247100EFE0DF86032681009376F907E6
:103B4000231CA402937506F08328C1008320C101C1
:103B50000324810133EEB600936E0E082390D40146
:103B600003290101832441013385D8401301010257
:103B700067800000931F080113D50F011309080087
:103B80006FF05FEE139703011355070113890300CC
:103B90006FF09FF9130F100263642F0113072002C7
:103BA00083162400031604008325440103258401A1
:103BB0002326110123247100EFF08FEF835FE403CC
:103BC0009318050113D90841832381008328C1007C
:103BD00063940F00231FA402835784036FF0DFF464
:103BE0009305100263E4C500130720028316240026
:103BF0000316040083254401032584012326E101E3
:103C000023240101EFF0CFEA8358E40313190501DF
:103C100003288100032FC100135909416394080050
:103C2000231FA402835784036FF0DFE31300000017
:103C3000630A060003152500839525003305B5406A
:103C400067800000831705009396070113F707F0BC
:103C500093D28601336357002310650083930500D8
:103C6000031525001398030113F603F093588801F8
:103C7000336E16012390C501839525003305B540A9
:103C80006780000013000000130000001300000014
:103C900003970500839725002310E5002311F50005
:103CA00067800000130000001300000013000000F4
:103CB000831E4500130101FB232481042326710385
:103CC000232611042322910423202105232E3103CE
:103CD000232C4103232A5103232861032324810336
:103CE000232291032320A103232EB10103244502A3
:103CF000930B0000E35CD05BE3C0055CE304045E6F
:103D00002324B10093080000130F000013030000E8
:103D1000130E0000930704006F00C00083A7070084
:103D2000638E071403A7470083268100031727002B
:103D3000E316D7FE83220400130A00002320440167
:103D40006384020803A6020023A0820013840200F9
:103D5000630C060603280600232056001304060001
:103D600063040806832308002320C8001304080006
:103D7000638C030483A4030023A0030113840300C2
:103D80006384040403A9040023A0740013840400C2
:103D9000630C0902832909002320990013040900F8
:103DA0006384090283AF090023A029011384090059
:103DB000138A0900638A0F0013840F008322040012
:103DC00023204401E39002F8638E070A83AA470088
:103DD00013031300039B0A00137C1B0063080C00F1
:103DE000935C9B4013FD1C00330EAE0183AD0700B6
:103DF000638C0D0083A60D0023A0D7008327040049
:103E000023A0FD002320B40193841800939804019B
:103E100093D80841634C070213071700931F07014B
:103E200013DA0F41939A04012324410113DB0A01A1
:103E3000638E1E07937BFB0FE35E0AEC13890B0076
:103E4000930704003787FFFF6F00400213990401B6
:103E500093590901638A1E0513F9F90F93070400AA
:103E60006F00C00083A70700638C070283AC470084
:103E700083CB0C00E3982BFF6FF0DFEB138706007A
:103E80006FF05FEB83220400130F1F0003A64200B4
:103E90000308160093731800330E7E006FF0DFF6F0
:103EA000930B09006FF01FE92324E100931E230008
:103EB000338FEE413303EE01131C0301935C0C01BD
:103EC00023269101130A0500634EB07003230400FA
:103ED000032E810013090400032A030083224300F8
:103EE00003254A0083250A002322A30023225A0027
:103EF0002320B30023200A00634C0E2E032C49001C
:103F000003268100031D2C00630ECD000329090048
:103F1000E3080938032C490003268100031D2C0007
:103F2000E316CDFE032844008325C10003150800D5
:103F3000EFE01FAC032909002326A1006304090C4C
:103F4000832344009305050003950300EFE05FAA77
:103F5000832909002326A100930505006384090A2B
:103F60008328440003950800EFE09FA883AA090076
:103F70002326A1009305050063860A080327440051
:103F800003150700EFE0DFA683A40A002326A100A3
:103F90009305050063880406832F440003950F00F2
:103FA000EFE01FA583AC04002326A10093050500C4
:103FB000638A0C04832D440003950D00EFE05FA39A
:103FC00003AB0C002326A10093050500630C0B0234
:103FD000832E440003950E00EFE09FA1832B0B007E
:103FE0002326A10093050500638E0B00032F4400D8
:103FF00003150F00EFE0DF9F03A90B002326A100AC
:10400000E31209F20329040083224A000323490032
:1040100003250900930F100023226A002322590070
:104020002320AA002320490193830F006306042262
:1040300013090000130700009302000013FE7F0025
:1040400093821200130604009307000063040E0815
:1040500063D6F70F03260400930710006300060ED3
:10406000630AFE06930520006300BE069306300037
:104070006306DE04130A4000630C4E03130C500069
:1040800063028E03130D60006308AE010326060071
:10409000938705006304060A03260600938717002A
:1040A000630E0608032606009387170063080608B8
:1040B00003260600938717006302060803260600FE
:1040C00093871700630C06060326060093871700E4
:1040D0006306060663D4F7070326060093871700D6
:1040E00013880700630C0604032606009387170055
:1040F00063060604032606009307280063000604EF
:104100000326060093073800630A0602032606000A
:10411000930748006304060203260600930758002D
:10412000630E060003260600930768006308060076
:104130000326060093077800E31E06F893060400A2
:1041400093850F00130406006354F0026384050096
:1041500063180402930807009387F7FF138706008C
:1041600083A60600638E080823A0E800E340F0FE63
:10417000B33C80006356B00C63860C0C6380070A66
:10418000938AF7FF93F43A00832C44006386041665
:1041900083AD4600039B2C0083990D00839E2D0068
:1041A000939B090193F809F013DF8B0133E3E801D6
:1041B00023906D0003950C00131A0501137E05F082
:1041C000135C8A01336D8E012390AC01635ADB09C5
:1041D000930807009385F5FF1307040003240400E8
:1041E000E39408F86F00C00103290900E30A090AF3
:1041F0008326490083C70600E398FBFE6FF09FD239
:10420000130907006FF05FF42320F700B33C800030
:10421000138707006384050263820C02930704007E
:104220009385F5FF03240400E31007FE13890700BC
:10423000B33C800013870700E39005FE1387070057
:10424000E39E0CDE23200700638A72261304090014
:10425000939F1F00E31E04DC232000007300100066
:1042600003A8060093870A00630C07009308070061
:104270001387060023A0E800930608006FF01FEFE5
:1042800013870600138906006358501D130610009B
:10429000930608006382C406930A20006392541DAB
:1042A000032D4800839A2C0003160D0083142D0063
:1042B000131B0601937D06F093598B01B3EE3D016C
:1042C0002310DD01839B0C00139F0B0193F80BF06F
:1042D00013538F0133E568002390AC00E3CA9AEED4
:1042E000032808009387F7FFE31207F813870600F7
:1042F000138906009306080003A84600039A2C00C1
:10430000031C0800031E2800931A0C01137D0CF0F7
:1043100013D68A01B364CD0023109800839D0C004E
:1043200093990D0113FB0DF093DE8901B36BDB0153
:1043300023907C01E34ECAE99387F7FF03A80600A8
:1043400093880700E31407F2138706001389060019
:104350006354F01003264800039E2C0093060800C7
:1043600083190600831E2600139A090193FB09F0A6
:10437000135F8A0133ECEB0123108601039D0C00CF
:1043800013150D0113730DF0935A8501B364530196
:1043900023909C00E34EDEE3032808009387F7FF99
:1043A000E31607EC832D480013870600039B2C00BF
:1043B00083960D00039A2D0013090700139E060132
:1043C00013F606F093598E01B36E36012390DD018A
:1043D000839B0C0093060800139C0B0113FF0BF04A
:1043E000135D8C013363AF0123906C00E3424BDF1C
:1043F000032808009387E8FFE31A07E6032548002F
:10440000138706001389060083140500839A2C0085
:1044100083192500139B040193568B0193FD04F02F
:1044200033E6DD002310C500039E0C009306080050
:10443000931E0E01937B0EF013DA8E0133EF4B01C6
:104440002390EC01E3C63AD9032808009387D8FFEC
:10445000E31E07E06FF09FE9930608006FF05FD15D
:1044600083244800839D2C00039B0400839924002F
:1044700093180B01937E0BF093DB880133EF7E01E1
:104480002390E40103930C00131E0301137503F042
:10449000135A8E01336C450123908C01E3CA3DD33E
:1044A000032808009387F7FFE31207DC1387060051
:1044B00013890600930608006FF09FDE032B0900A6
:1044C00063020B0E832249008325C100039502007D
:1044D000EFE00FD203240B002326A1006304040C99
:1044E000832349009305050003950300EFE04FD0B7
:1044F000032A04002326A1009305050063040A0A89
:10450000032F490003150F00EFE08FCE032C0A00A4
:104510002326A1009305050063060C080323490028
:1045200003150300EFE0CFCC032D0C002326A100E0
:104530009305050063080D060325490003150500D2
:10454000EFE00FCB832A0D002326A1009305050081
:10455000638A0A040327490003150700EFE04FC9E7
:1045600083A40A002326A10093050500638C04029E
:104570008326490003950600EFE08FC783AD040052
:104580002326A10093050500638E0D000328490032
:1045900003150800EFE0CFC503AB0D002326A100F3
:1045A000E3120BF28320C104032481040325C1001C
:1045B00083244104032901048329C103032A8103BD
:1045C000832A4103032B0103832BC102032C8102A5
:1045D000832C4102032D0102832DC101130101052A
:1045E00067800000130B1000E30804C6930A000064
:1045F00093090000130C000013757B00130C1C00C2
:104600009302040013090000630405086356690F50
:1046100083220400130910006380020E630A250739
:10462000930520006300B506130D30006306A50551
:10463000130E4000630CC503930D50006302B503D5
:10464000930660006308D50083A202001389050069
:104650006384020A83A2020013091900638E020810
:1046600083A20200130919006388020883A20200D2
:10467000130919006382020883A2020013091900BA
:10468000638C020683A202001309190063860206E6
:104690006354690783A202001309190093070900F4
:1046A000638C020483A202001309190063860204CA
:1046B00083A20200138927006380020483A2020000
:1046C00013893700638A020283A20200138947001C
:1046D0006384020283A2020013895700638E0200E2
:1046E00083A20200138967006388020083A202008C
:1046F00013897700E39E02F893040400930D0B00E6
:10470000138402006354200363840D0063180402C1
:10471000938709001309F9FF9389040083A4040017
:104720006388070423A03701E34020FFB33E8000E5
:104730006352B00963820E0863000904130DF9FF88
:10474000937C7D00638A0C1E8325440003A54400EE
:1047500013060A00EFF0CFA7635CA0069387090059
:10476000938DFDFF9309040003240400E39C07FAE2
:10477000938A09006FF01FF9138F09006F00800101
:1047800023203F01B33E8000138F090063840D0294
:1047900063840E0293090400938DFDFF032404003B
:1047A000E3100FFE938A0900B33E8000138F0900C7
:1047B000E3900DFEE3920EE423A009001304100021
:1047C000630E8C30131B1B0013840A006FF0DFE1B3
:1047D00013090D0003AD0400638C090093870900E1
:1047E0009389040023A0370193040D006FF0DFF3D9
:1047F00093890400938A04006350202B1306100051
:1048000093040D00638ACC121308200063800C11FE
:104810009303300063867C0C93084000638C1C0972
:10482000130750006382EC06930F60006388FC035B
:104830008325440003254D0013060A00EFF04F992D
:10484000E34EA0F0032D0D001309F9FFE39809F8DA
:1048500093890400938A040093040D008325440087
:1048600003254D0013060A00EFF08F96E348A0EEF3
:10487000032D0D001309F9FFE39209F69389040053
:10488000938A040093040D008325440003254D0002
:1048900013060A00EFF0CF93E342A0EC032D0D00C6
:1048A0001309F9FFE39C09F293890400938A040039
:1048B00093040D008325440003254D0013060A00D0
:1048C000EFF00F91E34CA0E8032D0D001309F9FF61
:1048D000E39609F093890400938A040093040D0081
:1048E0008325440003254D0013060A00EFF04F8E88
:1048F000E346A0E6032D0D001309F9FFE39009EE4E
:1049000093890400938A040093040D0083254400D6
:1049100003254D0013060A00EFF08F8BE340A0E45F
:10492000032D0D001309F9FFE39A09EA93890400A6
:10493000938A040093040D008325440003A54400DA
:1049400013060A00EFF0CF88E34AA0E01309F9FF4D
:1049500003AD0400930C0900E39209E89389040075
:10496000938A0400635A20138325440003254D00D5
:1049700013060A0093040D00EFF08F85E340A0DEDC
:10498000032D0D001309F9FFE39A09E48325440080
:1049900003254D0013060A0093890400938A04003E
:1049A00093040D00EFF0CF82E34AA0DA032D0D004F
:1049B0001389ECFFE39409E28325440003254D00AD
:1049C00013060A0093890400938A040093040D00DF
:1049D000EFF00F80E344A0D8032D0D001389DCFF16
:1049E000E39E09DE8325440003254D0013060A00DB
:1049F00093890400938A040093040D00EFE05FFDA7
:104A0000E34EA0D4032D0D001389CCFFE39809DCFD
:104A10008325440003254D0013060A0093890400F2
:104A2000938A040093040D00EFE09FFAE348A0D2BC
:104A3000032D0D001389BCFFE39209DA832544009E
:104A400003254D0013060A0093890400938A04008D
:104A500093040D00EFE0DFF7E342A0D0032D0D003B
:104A60001389ACFFE39C09D68325440003254D0040
:104A700013060A0093890400938A040093040D002E
:104A8000EFE01FF5E34CA0CC032D0D0013899CFF34
:104A9000E39609D46FF09FE993040D006FF01FC9EE
:104AA00003290400631009C86FF04FD62324B10016
:104AB000232601006FF00FC163060402138705006F
:104AC0009307040093080000130F00001303000075
:104AD00013090000130E00006FF04FB913840A0091
:104AE0006FF0CFBE8327000073001000130000009A
:104AF000B7D7CCCC9382D7CC33335502130101FF07
:104B000023268100232491002322210113850500FF
:104B100023A00500B786FFFF93830608138F0501C6
:104B2000135443001307E4FF13183700B3040501BF
:104B300023229500131E2700239074002391040064
:104B4000938585003389C401938E4400637C9F580C
:104B50009386840063F82659B788FFFF2324050055
:104B60002320B5002326D50193CFF8FF9307F0FF4C
:104B70002393F4012392F40063080706B785FFFF2F
:104B800093088F0093C3F5FF9305000063FC98041E
:104B900013834600637E235303240500B342B6000B
:104BA0001398320093FE7500137E880723208F0030
:104BB000B367DE012320E501939F87002322DF00F6
:104BC000B382F70193851500239056002391760058
:104BD000630AB700138F080093088F009306030041
:104BE000E3E898FA8325050003AF050063040F0688
:104BF000B7D4CCCC1389D4CC33372703B7430000C8
:104C00001384F3FF9307002093041000135E270022
:104C10006F00000283280F0023919E00638C08021E
:104C200093050F009384140093870710138F0800D7
:104C300083AE4500E3E0C4FF93FF0770B3C2C40036
:104C400083280F00B3E55F00B3F685002391DE00F3
:104C5000E39808FC93031000938403009307050076
:104C600013060000130500001304000013F3730083
:104C700013041400138807001307000063040308DB
:104C80006356700E03A80700130710006300080E98
:104C9000630AE306130F20006300E30713093000E3
:104CA00063062305130E4000630CC303930E5000EC
:104CB0006302D303930F60006308F3010328080025
:104CC00013070F006304080A0328080013071700DE
:104CD000630E080803280800130717006308080874
:104CE00003280800130717006302080803280800B8
:104CF00013071700630C08060328080013071700A2
:104D00006306080663547706032808001307170094
:104D100093020700630C0804032808001307170018
:104D200063060804032808001387220063000804B0
:104D30000328080013873200630A080203280800CA
:104D400013874200630408020328080013875200F7
:104D5000630E080003280800138762006308080038
:104D60000328080013877200E31E08F893860700E3
:104D700093850300930708006354E00263840500F1
:104D80006398070203A806001307F7FF63040608E9
:104D90002320D6001386060093060800E340E0FEB9
:104DA000B338F000635AB00A638A080A630807063A
:104DB000930EF7FF13FF3E0083A84700630E0F1208
:104DC00003A34600839F28000319030083122300D6
:104DD00013180901137E09F013598801336E2E014F
:104DE0002310C3010398080013190801137308F076
:104DF000135E89013368C3012390080163DC5F06F9
:104E0000138806009385F5FF9386070083A70700A4
:104E1000E31006F8138506006FF0DFF713070600AE
:104E20006F0080012320C700B338F000130706008D
:104E30006384050263840802138607009385F5FFE7
:104E400083A70700E31007FE13050600B338F00040
:104E500013070600E39005FEE39A08E0232006000E
:104E6000630E942493931300E31A05DE23200000BD
:104E70007300100003A8060013870E00E31A06F063
:104E800013860600138506006358D01D930E10008C
:104E9000930608006302DF07930F20006312FF1DD3
:104EA00003294800039F2800031E0900831F2900CF
:104EB00013130E0193528301937E0EF033EE5E00C6
:104EC0002310C90103990800931E0901937209F088
:104ED00013D38E0133EE62002390C801E342FFF347
:104EE000032808001307F7FFE31406EA13860600F9
:104EF000138506009306080003A946008392280044
:104F000003180900031F2900931F0801937E08F06E
:104F100013D38F0133EE6E002310C90103990800EB
:104F200013180901937E09F0935F880133E3FE01B2
:104F300023906800E3C6E2ED1307F7FF03A806001D
:104F4000130E0700E31606E4138606001385060019
:104F50006354E01003294800039F280083160900CA
:104F6000831F29009392060113D3820193FE06F05A
:104F7000B3E66E002310D9000399080093060800D9
:104F800093120901937E09F013D3820133E96E0075
:104F900023902801E346FFE7032808001307F7FFE3
:104FA000E31806DE832248001386060013850600F8
:104FB000839F0200039F280093960F0193FE0FF03A
:104FC00013D3860133E96E0023902201839F0800EA
:104FD0008392220093960F0113D3860193FE0FF064
:104FE00033E96E002390280193060800E34A5FE04E
:104FF000032808001307EEFFE31C06D883224800AD
:105000001386060013850600839F0200039F280075
:1050100093960F0193FE0FF013D3860133E96E00D0
:1050200023902201839F08008392220093960F0110
:1050300013D3860193FE0FF033E96E00239028010D
:1050400093060800E34E5FDA032808001307DEFF2B
:10505000E31006D46FF09FE9930608006FF05FD469
:1050600003294800039F280083120900831F290099
:1050700013930201935E830113FE02F0B362DE011B
:10508000231059000399080013130901137E09F036
:10509000935E8301B362DE0123905800E342FFD7A1
:1050A000032808001307F7FFE31406CE1386060053
:1050B00013850600930608006FF09FDE0324C100ED
:1050C000832481000329410013010101678000004E
:1050D00093851500E308B7B01383060093080F000B
:1050E0006FF05FAF138F050093860E0093050000ED
:1050F0006FF09FA8130000001300000013000000D1
:10510000032806009308880063F6E80403A7060056
:10511000130347006370F30423201601832705005F
:1051200083920500039625002320F8002320050123
:105130002322E80083A306001385430023A0A600D2
:105140008325480013050800239055002391C500CE
:105150006780000013080000130508006780000046
:10516000930705000325050083A647000326450095
:105170000327050023A2C7002322D50023A0E700B0
:1051800023200500678000001300000013000000CA
:1051900083A645000327450083A705002322D500E9
:1051A00023A2E5002320F50023A0A50067800000CE
:1051B000039625006342060263180500678000001D
:1051C00003250500630A050203234500831323001A
:1051D000E398C3FE678000006300050203970500A3
:1051E0006F00C00003250500630805008327450004
:1051F00083C20700E398E2FE67800000130000000E
:10520000630C05088327050013080000232005010F
:105210006384070803A7070023A0A70013850700DE
:10522000630E0706832607002320F70013050700F7
:105230006384060683A2060023A0E6001385060009
:10524000638C020403A3020023A0D2001385020092
:105250006304030483230300232053001305030086
:10526000638C030283A5030023A06300138503005E
:105270006384050203A6050023A0750013850500BD
:1052800013880500630A060013050600832705003E
:1052900023200501E39007F8678000006780000085
:1052A000130101FB23202105232A51032328610335
:1052B000232481032326110423248104232291041F
:1052C000232E3103232C4103232671032322910330
:1052D0002320A103232EB10113090500130C100094
:1052E000138B0500930A06006308091E232601009C
:1052F00093040000930B00008327C10013777C0008
:10530000130809009382170023265100130400009C
:10531000630407086356800F032809001304100074
:105320006300080E630A8706930620006300D70611
:10533000130630006306C70413034000630C6702C2
:105340009303500063027702130560006308A7000F
:1053500003280800138406006304080A03280800D1
:1053600013041400630E0808032808001304140033
:1053700063080808032808001304140063020808DF
:105380000328080013041400630C0806032808000F
:1053900013041400630608066354840703280800F6
:1053A0001304140093050400630C08040328080088
:1053B000130414006306080403280800138425005E
:1053C000630008040328080013843500630A0802F8
:1053D000032808001384450063040802032808001A
:1053E00013845500630E0800032808001384650029
:1053F000630808000328080013847500E31E08F8FA
:1054000093090900130A0C00130908006354800271
:1054100063040A0063180902938604001304F4FF6E
:105420009384090083A909006388060423A09600D9
:10543000E34080FEB33720016350400963800708D2
:10544000630A0404930DF4FF93FC7D00638E0C1E2D
:105450008325490003A5490013860A00E7000B00D5
:105460006350A00893860400130AFAFF930409000E
:1054700003290900E39C06FA938B04006FF01FF9DF
:1054800023A0A401B337200193040D0063040A0292
:1054900063820702130D0900130AFAFF03290900AA
:1054A000E39004FE930B0D00B337200193040D002D
:1054B000E3100AFE93040D00E39007E40329C10002
:1054C00023A00400930210006304592E13890B00DB
:1054D000131C1C00E31C09E02320000073001000D3
:1054E00003AD090013840D00638C0400938604004F
:1054F0009384090023A0960093090D006FF05FF3D9
:10550000938B0900938409006350B02B930810001B
:1055100093090D00638A1C13130E20006380CC11C5
:10552000930E30006386DC0D130F4000638CEC0992
:10553000930F50006382FC07130760006388EC023E
:105540008325490003254D0013860A00E7000B0060
:10555000E34AA0F0032D0D001384FDFFE3980BF840
:10556000938B09009384090093090D00832549005A
:1055700003254D0013860A00E7000B00E344A0EE6C
:10558000032D0D001304F4FFE39204F6938B09003E
:105590009384090093090D008325490003254D00DC
:1055A00013860A00E7000B00E34EA0EA032D0D006E
:1055B0001304F4FFE39C04F2938B09009384090025
:1055C00093090D008325490003254D0013860A0029
:1055D000E7000B00E348A0E8032D0D001304F4FFDF
:1055E000E39604F0938B09009384090093090D005E
:1055F0008325490003254D0013860A00E7000B00B0
:10560000E342A0E6032D0D001304F4FFE39004EE43
:10561000938B09009384090093090D0083254900A9
:1056200003254D0013860A00E7000B00E34CA0E2BF
:10563000032D0D001304F4FFE39A04EA938B090091
:105640009384090093090D008325490003A54900AF
:1056500013860A00E7000B00E346A0E01304F4FF02
:1056600003AD0900930D0400E39204E8938B090055
:1056700093840900635A80128325490003254D0055
:1056800013860A0093090D00E7000B00E34CA0DC31
:10569000032D0D001304F4FFE39A0BE48325490066
:1056A00003254D0013860A00938B0900938409009B
:1056B00093090D00E7000B00E346A0DA032D0D006F
:1056C0001384EDFFE3940BE28325490003254D008D
:1056D00013860A00938B09009384090093090D0037
:1056E000E7000B00E340A0D8032D0D001384DDFF7D
:1056F000E39E0BDE8325490003254D0013860A0037
:10570000938B09009384090093090D00E7000B00B7
:10571000E34AA0D4032D0D001384CDFFE3980BDCE6
:105720008325490003254D0013860A00938B090049
:105730009384090093090D00E7000B00E344A0D215
:10574000032D0D001384BDFFE3920BDA832549007E
:1057500003254D0013860A00938B090093840900EA
:1057600093090D00E7000B00E34EA0CE032D0D00C2
:105770001384ADFFE39C0BD68325490003254D0020
:1057800013860A00938B09009384090093090D0086
:10579000E7000B00E348A0CC032D0D0013849DFF10
:1057A000E3960BD46FF09FE993090D006FF09FC84B
:1057B0008320C104032481048324410403290104B8
:1057C0008329C103032A8103832A4103032B010395
:1057D000032C8102832C4102032D0102832DC10180
:1057E00013850B00832BC1021301010567800000A4
:1057F0001300000000000000000000000000000096
:10580000130101FC232E1102E300054A232C81021F
:1058100013141500232821032320610337F9FFFF08
:10582000130B06003306860023263103232251037F
:10583000232E7101232A9102938B06002324410316
:10584000232C8101232A91012328A1012326B101C0
:10585000938A050093090700930606003369270120
:10586000930800001307E4FF9352170013831200FC
:1058700093737300B38786406384030A9305100013
:105880006386B30893042000638A930613083000EC
:10589000638E0305130A400063824305130C500016
:1058A00063868303930C6000638A930103DD070022
:1058B00093872700B38DA901239FB7FF03DE07005D
:1058C00093872700B38EC901239FD7FF03DF07000B
:1058D00093872700B38FE901239FF7FF03D70700C2
:1058E00093872700B382E900239F57FE03D3070065
:1058F00093872700B3836900239F77FE83D5070032
:1059000093872700B384B900239F97FE03D807002D
:1059100093872700338A0901239F47FF6386D706B1
:1059200003DC070083DC270003DD470083DD67001D
:1059300083D2870083D3A70083D5C70003D7E700AE
:10594000B38F8901338F9901B38EA901338EB901C9
:1059500033835900B38479003388B900338AE9006E
:105960002390F7012391E7012392D7012393C701E5
:1059700023946700239597002396070123974701F7
:1059800093870701E39ED7F893841800B3868700B6
:1059900063069500938804006FF0DFEC130E00009F
:1059A000930E00001305E4FF93571500138C1700A6
:1059B000131D2E00937C7C00B387AA013307864019
:1059C00063820C0C930D10006382BC0B93022000C9
:1059D00063845C089303300063867C069305400073
:1059E0006388BC04930F5000638AFC03130F6000AC
:1059F000638CEC010313070093874700130727000C
:105A00003308330323AE07FF031A070093874700C9
:105A100013072700B3063A0323AED7FE031507008A
:105A20009387470013072700330C350323AE87FF06
:105A3000831C07009387470013072700338D3C031F
:105A400023AEA7FF831D0700938747001307270096
:105A5000B3823D0323AE57FE8313070093874700AD
:105A600013072700B385330323AEB7FE831F070058
:105A70001307270093874700338F3F0323AEE7FFC9
:105A80006308E606031A0700031C2700831C47006F
:105A900003136700031887000315A700031DC70041
:105AA0008316E700B30D3A03130707019387070234
:105AB000B3023C0323A0B7FFB3833C0323A257FEEA
:105AC000B305330323A477FEB30F380323A6B7FE31
:105AD000330F350323A8F7FF330A3D0323AAE7FF5B
:105AE000338C360323AC47FF23AE87FFE31CE6F875
:105AF000330E9E003306860063861E01938E1E00C1
:105B00006FF05FEA139C2400338A8A0113080A00AD
:105B1000930E0000930D000013050000130F00000A
:105B2000B307884193820E0083AE07001307A500D8
:105B300093874700B3ACD201B38DDD0133059501E6
:105B40006348B903131D050113550D41630AF8029B
:105B500093820E0083AE07001307A50093874700CA
:105B6000B3ACD201B38DDD0133059501E35CB9FD22
:105B70009316070113D50641930D0000E31AF8FCB4
:105B8000330888016386E801130F1F006FF05FF987
:105B900093050000EFC0DFE593050500B38E8B0091
:105BA00013850A00130E0000B3887E411383E8FFBB
:105BB0009352130093831200131F1E0093FF730070
:105BC000B307EB0113870B0013080000638E0F0C63
:105BD00013061000638CCF0A930C2000638C9F097E
:105BE000130D3000638CAF0793064000638CDF0415
:105BF000930D5000638CBF0393086000638C1F01FA
:105C00000398070003930B009387270013872B004B
:105C100033086802839207008313070093872700E5
:105C200013072700B38F72023308F801039F0700A0
:105C3000031607009387270013072700B30CCF0232
:105C400033089801039D07008316070093872700F8
:105C500013072700B30DDD023308B801839807004E
:105C6000031307009387270013072700B3826802F6
:105C70003308580083930700831F0700938727008A
:105C800013072700338FF3033308E801839C0700D1
:105C9000031607001307270093872700338DCC02D4
:105CA0003308A8016308D709831D070083960700FE
:105CB0000396270083122700B386B603831F47008D
:105CC000039D4700839C6700031F670083138700C1
:105CD000039387008398A7001307070193870701A1
:105CE000B30D56028312A7FF3306D8000398C7FFEF
:105CF000330DFD03831FC7FFB306B601839DE7FF86
:105D0000338FEC03831CE7FF3386A6013303730252
:105D1000B303E601B3885802B38263003308F80383
:105D2000338D1201B38F9D03B3060D013388F60145
:105D3000E31CD7F72320050113054500330E9E0011
:105D4000E31445E793020000930E0000930800005F
:105D50009303000013030000139A2200338A4A01C0
:105D6000938C0E00832E0A00130F00001387A300EC
:105D7000B3ADDC01B388D801B387B301130F1F00A3
:105D8000634A1903939C070193D30C4163749F04E6
:105D9000130A4A00938C0E00832E0A001387A30077
:105DA000130F1F00B3ADDC01B388D801B387B30173
:105DB000E35A19FD1316070193530641637A9F00B6
:105DC000130A4A0093080000938C0E006FF0DFFC6A
:105DD0009308000013031300B3829200E36E93F65E
:105DE00013850300EFC0DFC0930D0500138D0A007B
:105DF00093060B00930C0000138E0B00930E0D0006
:105E0000130700008395060003180E00938FF4FF1C
:105E1000130310003388050313FA7F0093882600CC
:105E2000B3078E006374931A630C0A0E630A6A0C3C
:105E3000130F20006308EA0B130530006306AA085D
:105E4000130640006304CA069303500063027A04F9
:105E50009302600063005A0283982600839507002E
:105E600013030F00B3878700B38FB80293884600EF
:105E70003308F801039A0800039F07001303130077
:105E8000938828003305EA03B38787003308A80006
:105E900003960800839307001303130093882800D8
:105EA000B3027602B387870033085800839F080047
:105EB000839507001303130093882800338ABF02D9
:105EC000B387870033084801039F08000395070044
:105ED00013031300938828003306AF02B3878700AB
:105EE0003308C8008393080083920700130313004C
:105EF00093882800B38F5302B38787003308F801D3
:105F0000039A080083950700130313009388280061
:105F1000330FBA02B38787003308E8016378930A26
:105F2000338687008393070003950800330A8600B1
:105F30008312060083952800831F0A00B3078A0096
:105F40000396480033057502039F0700839368009A
:105F5000B3878700039A0700B38787001303830082
:105F600093880801B38555023308A800839288FFFF
:105F700003950700B38787003306F6033308B8009C
:105F8000839FA8FF83950700B3878700B383E3034C
:105F90003308C800039FC8FF03960700B387870034
:105FA000338A4203B30278008393E8FF3385AF025C
:105FB000B38F4201B305BF023388AF00338FC302F2
:105FC0003306B8003308E601E36C93F423A00E0116
:105FD00013071700938E4E00130E2E00E36497E212
:105FE000938C1C00B3868600330D8D01E3E69CE0A4
:105FF00013030000930E0000930F00001305000030
:1060000093080000131E2300B386CA0113870E00F5
:1060100083AE0600930200009307A5003327D70143
:10602000B38FDF01330AE50093821200634AF9035C
:1060300093130A0113D5034163F492049386460037
:1060400013870E0083AE06009307A500938212000B
:106050003327D701B38FDF01330AE500E35AF9FD97
:10606000139507011355054163FA92009386460084
:10607000930F000013870E006FF0DFFC930F0000FA
:106080009388180033039300E3EE98F693850D0090
:10609000EFC01F9693050500938F0A00930E0B0027
:1060A000130F000093880B00138E0F0013030000E2
:1060B00003960800839D0E00938CF4FF13081000D4
:1060C000338DCD0293F63C0013862E003387880073
:1060D000135A2D4093575D409372FA0093F3F707DC
:1060E00033857202637A98146382060A6386060710
:1060F000930D2000638AB60303962E00831C0700CD
:1061000013880D0033078700330D960313864E0066
:1061100093562D40135A5D4093F2F6009377FA0799
:10612000B383F20233057500831D0600831C07004C
:106130001308180013062600338D9D0333078700CC
:1061400093562D40135A5D4093F2F6009377FA0769
:10615000B383F20233057500831D0600831C07001C
:106160001308180013062600338D9D03330787009C
:1061700093562D40135A5D4093F2F6009377FA0739
:10618000B383F202330575006378980A831D060015
:10619000031D0700B30C870083930C0033878C002A
:1061A0008316260083120700831C460033078700EE
:1061B000B387AD03031A0700031D660013084800E8
:1061C0003307870013068600B386760293DD2740E7
:1061D00093D7574093F3FD0093F7F707B38C5C0216
:1061E00093D2264093D6564093FDF20093F6F607DD
:1061F000330D4D0313DA2C4093DC5C40137AFA0024
:1062000093FCFC07B387F30293525D4093532D40F8
:1062100013FDF30093F3F207B38DDD023305F500B0
:10622000B3069A03330AB501B30C7D02B307DA0053
:1062300033859701E36C98F42320AE001303130019
:10624000130E4E0093882800E36493E6130F1F009B
:10625000B38E8E00B38F8F01E3669FE4130E0000B0
:106260001304000093030000130500001303000053
:1062700093182E00B38D1A019307040003A40D0098
:1062800013080000930BA50033AC8700B383830091
:106290003307850113081800634A79029312070136
:1062A00013D5024163749804938D4D009307040045
:1062B00003A40D00930BA5001308180033AC87004E
:1062C000B383830033078501E35A79FC139D0B01E7
:1062D00013550D41637A9800938D4D009303000090
:1062E000930704006FF0DFFC930300001303130017
:1062F000330E9E00E36E93F6EFC08FEF130800009D
:1063000093050000131618003309CB00835A0900C7
:10631000938DF4FF13071000B3863A412310D90080
:106320009307290013FA7D006378971263000A0C23
:106330006302EA0A930C200063049A09130F3000E9
:106340006306EA07930E40006308DA05930F5000D6
:10635000630AFA0393086000630C1A0103542900CE
:1063600013870C0093074900B30B344123117901C3
:1063700003DC07001307170093872700B3023C4193
:10638000239F57FE03DD070013071700938727009D
:10639000B3033D41239F77FE03D307001307170084
:1063A00093872700330E3341239FC7FF03D607008F
:1063B000130717009387270033093641239F27FFD0
:1063C00083DA07001307170093872700B38D3A413C
:1063D000239FB7FF83D60700130717009387270073
:1063E000338A3641239F47FF6378970683DC070093
:1063F00003DF270083DE470003D4670083DB8700C9
:1064000083D8A70003DCC70083D2E700B38F3C41E9
:10641000330D3F41B3833E41330E344133833B411F
:106420003389384133063C41B38A32412390F70126
:106430002391A701239277002393C7012394670038
:10644000239527012396C700239757011307870039
:1064500093870701E36C97F893851500330898003C
:10646000E3E295EA032481038320C10313150501A8
:1064700083244103032901038329C102032A8102E2
:10648000832A4102032B0102832BC101032C8101CA
:10649000832C4101032D0101832DC10013550541BA
:1064A000130101046780000093050000EFC04FD482
:1064B0009305050013050000EFC08FD39305050079
:1064C00013050000EFC0CFD29305050013050000AF
:1064D000EFC00FD28320C1031315050113550541E9
:1064E0001301010467800000130000001300000086
:1064F000130101FF23248100832685001304060075
:1065000013870500032645008325C50003250500E4
:1065100023261100EFF0CFAE930504000324810081
:106520008320C100130101016FC08FCC1300000054
:10653000130101FD2324910223222103232031038F
:106540001307050093840600631406001306100069
:106550009386F5FF93F2C6FF13894200930700006C
:106560006308072E93851700B383B50213882700AD
:10657000138E3700138F4700938E57009388670060
:10658000138377001385070093878700939933005F
:1065900063FAE906B30F08031385050093963F00DD
:1065A00063F2E606B302CE031305080093953200AA
:1065B00063FAE5043308EF0313050E00131E3800D9
:1065C0006372EE04B383DE0313050F00139F3300E1
:1065D000637AEF02B389180313850E00939E390086
:1065E00063F2EE02B30F63021385080093983F0035
:1065F00063FAE800B386F70213050300139336002D
:10660000E362E3F63307A50293131700B30679009C
:106610006302052623268102232C510123287101C0
:106620002326810193090500130E1500131415008C
:10663000938E0600930F0000930710003303D94098
:10664000B30AFE4093FB3A009382070013870E00C3
:1066500063860B0C130C100063828B0993052000DA
:106660006380BB043306F60213872E001358F641ED
:10667000135F0801B308E601939A080193DB0A014E
:106680003386EB41338CC700B305FC0023908E01A9
:1066900013F8F50F330FD3019387170023100F0161
:1066A0003306F602B308E30013072700935AF641B6
:1066B00093DB0A01330C760193150C0113D8050105
:1066C00033067841338FC700B30AFF00231FE7FF6B
:1066D00093FBFA0F93871700239078013306F60295
:1066E000B308E30013072700135CF64193550C0130
:1066F0003308B600131F0801935A0F013386BA40BE
:10670000B38BC700338CFB00231F77FF9375FC0FFF
:10671000938717002390B8006380C70F3306F602F3
:10672000138F1700B30BE3009388270013883700FB
:1067300013078700935AF64113DC0A01B30586015B
:1067400013960501935A0601338C8A413306EC03F4
:10675000B3858701231CB7FEB38AF50013FCFA0F3B
:1067600023908B01938747009355F64193DA0501F7
:1067700033065601131C060193550C01B38A55418B
:10678000338C1A0333065F01231DC7FE330FE60166
:106790009375FF0F2391BB00935AFC4113D60A0156
:1067A000330CCC00131F0C0193550F01B38AC54065
:1067B00033860A03338C5801231E87FFB3081C015C
:1067C00013FFF80F2392EB019355F64193DA05017D
:1067D00033065601131C060193580C0133865841A9
:1067E000330FC80033080F01231FE7FF9375F80F1D
:1067F0002393BB00E394C7F3938F1F00B3075500A7
:10680000330EAE00B38E8E00E39CAFE20324C102D0
:10681000832A8101832B0101032CC100B3827600FE
:106820009387F2FF13F7C7FF1303470023A2240146
:1068300023A0340123A6640023A4D4000329410229
:106840008324810283290102130101036780000070
:106850009309F0FF23268102232C51012328710183
:10686000232681019386620013850900930320008B
:106870006FF09FDB93030000930900006FF01FFA95
:10688000930E050063060508131E2500B388C50195
:106890001303000013050000130700009305000018
:1068A000B387C841130F070003A707001308A5000B
:1068B00093874700B326EF00B385E5003305D50085
:1068C0006348B6029312050113D50241638AF802A8
:1068D000130F070003A707001308A50093874700BD
:1068E000B326EF00B385E5003305D500E35CB6FCC5
:1068F0009313080113D5034193050000E39AF8FCB4
:1069000013031300B388C801E39C6EF8678000008E
:106910001305000067800000130000001300000052
:1069200063060518130101FF931215002326810049
:106930003308560013040000930300001386E2FF9F
:106940001353160013071300137E770093172400C8
:10695000B387F5003307584063020E0C930810000C
:1069600063021E0B930E20006304DE09130F300038
:106970006306EE07930F40006308FE051306500000
:10698000630ACE0213036000630C6E00031E07004F
:106990009387470013072700B308DE0223AE17FFD3
:1069A000831E07009387470013072700338FDE02FB
:1069B00023AEE7FF831F07009387470013072700D5
:1069C0003386DF0223AEC7FE031307009387470019
:1069D00013072700330ED30223AEC7FF8318070027
:1069E0009387470013072700B38ED80223AED7FF43
:1069F000031F07009387470013072700B30FDF0229
:106A000023AEF7FF031607001307270093874700FD
:106A10003303D60223AE67FE630CE80623249100FD
:106A200083140700831F2700031F4700831E67008E
:106A3000031E87000313A7008318C7000316E7008F
:106A4000B384D4021307070193870702B38FDF02D1
:106A500023A097FE330FDF0223A2F7FFB38EDE02DF
:106A600023A4E7FF330EDE0223A6D7FF3303D302AE
:106A700023A8C7FFB388D80223AA67FE3306D6022D
:106A800023AC17FF23AEC7FEE31CE8F88324810084
:106A9000938313003304A40033085800E31075EA0D
:106AA0000324C1001301010167800000678000001A
:106AB00063000514931F1500B386F50193020000CF
:106AC0001387EFFF135317009303130013F873009A
:106AD000B387F6416304080A930510006306B808FB
:106AE00093082000630A1807130E3000630EC805D0
:106AF000930E40006302D805130F50006306E803AD
:106B000013076000630AE80003D307009387270098
:106B1000B3036600239F77FE03D8070093872700FF
:106B2000B3050601239FB7FE83D80700938727008C
:106B3000330E1601239FC7FF83DE070093872700CC
:106B4000330FD601239FE7FF03D707009387270062
:106B50003303E600239F67FE83D307009387270054
:106B600033087600239F07FF83D50700938727000C
:106B7000B308B600239F17FF6386F60683D387000A
:106B800003D8A70083D5C70003DF070083DE2700F3
:106B900003DE470003D3670003D7E700B30876009E
:106BA000330FE601B3030601B30ED6013308B60076
:106BB000330EC60133036600B305E6002390E701F8
:106BC0002391D7012392C7012393670023941701D0
:106BD00023957700239607012397B7009387070132
:106BE000E39EF6F893821200B386F601E31A55ECA1
:106BF0006780000013000000130000001300000075
:106C000063040520931F2500931E1500130101FD49
:106C1000B38FF501B38ED601130F00003388DE4029
:106C20009302E8FF13D312009303130093171F007E
:106C300013FE7300B307F6001387060093080000E5
:106C4000630E0E0C13081000630C0E0B9302200051
:106C5000630C5E0813033000630C6E069303400060
:106C6000630C7E0413085000630C0E039302600053
:106C7000630C5E0083980700039E0600938727003D
:106C800013872600B388C803839307000313070004
:106C9000938727001307270033886302B38808010E
:106CA00083920700031E070093872700130727001E
:106CB000B383C203B3887800039807000313070067
:106CC0009387270013072700B3026802B388580090
:106CD000039E0700831307009387270013072700ED
:106CE00033087E02B388080183920700031307006C
:106CF0009387270013072700338E6202B388C801E9
:106D000083930700031807001307270093872700C2
:106D1000B3820303B3885800638CEE0C23268102F0
:106D2000232491022322210323203103232E410116
:106D3000232C5101232A610123287101232681017B
:106D4000039407008319070083142700839A270000
:106D5000031C47000399470033083403831B670073
:106D60000394670083938700031B87008392A70027
:106D7000031AA700039EC7008319C7000393E70007
:106D8000B38A9A028314E700B38808011307070146
:106D90009387070133098903338C58013304740343
:106DA00033082C01B38B6303B3038800338B420396
:106DB000B3827301330A3E03338E6201B309930237
:106DC00033034E01B3083301E39CEEF60324C10202
:106DD000832481020329410283290102032AC1017C
:106DE000832A8101032B4101832B0101032CC10064
:106DF00023A0150193854500330FAF00E390BFE258
:106E00001301010367800000678000001300000089
:106E100063060526130101FD1318150023268102C0
:106E2000232491022322210323203103232E410115
:106E3000232C5101232A610123287101232681017A
:106E4000232491012322A1012320B101930E0600E6
:106E5000330E0601930F00009302000013932F00DE
:106E60003383650093880600130F00003306DE416C
:106E70009303E6FF13D413009304140013F9740072
:106E80009387080013870E0093030000630E090C1C
:106E900093091000630C390B130A2000630C490995
:106EA000930A3000630C5907130B4000630C69050B
:106EB000930B5000630C7903130C6000630C890181
:106EC000839C0E00039D080013872E00B3870801E2
:106ED000B383AC03831D0700039607001307270045
:106EE000B38707013384CD02B38383008314070083
:106EF0000399070013072700B3870701B389240309
:106F0000B3833301031A0700839A0700130727008E
:106F1000B3870701330B5A03B3836301831B070055
:106F2000039C070013072700B3870701B38C8B036B
:106F3000B3839301031D0700839D070013072700F8
:106F4000B38707013306BD03B383C300831407006F
:106F50000394070013072700B387070133898402CE
:106F6000B38323016306EE0A031A0700839B07001D
:106F7000B3890701031D2700039B0900B30D7A03A2
:106F8000338C0901B30C0C0103194700831A0C0060
:106F900033860C0183146700039A0C0003148700E6
:106FA000B3070601B3096D03831B0600831CA7000A
:106FB00033860701039C0700031B0600031DC7005F
:106FC000B30706013386B30183930700B30A59035D
:106FD000831DE7003309360113070701B387070153
:106FE000338A4403B3045901B30B7403338444015B
:106FF000338C8C03B30C7401B3096D03338B8C0198
:10700000338D7D0233063B01B303A601E31EEEF48C
:107010002320730013071F001303430093882800E5
:107020006306E500130F07006FF05FE4B38E0E01F7
:10703000B38FAF00330E0E016386E201938212001C
:107040006FF0DFE10324C10283248102032941029E
:1070500083290102032AC101832A8101032B4101F3
:10706000832B0101032CC100832C8100032D4100DF
:10707000832D010013010103678000006780000079
:10708000630E051E130101FE13131500232E81004C
:10709000232C910013840600232A21012328310187
:1070A0002326410123245101930F0600330E66006D
:1070B0009303000093060000139F2300338FE50124
:1070C000930E0400930200003307FE419304E7FF90
:1070D00013D614009307160093F8370013880F0097
:1070E00093870E0093040000638C080813091000B6
:1070F000638028079309200063863803039A0F00F2
:10710000839A0E0013882F00B3876E0033075A034B
:10711000935427401356574093F8F4001379F60719
:10712000B384280383190800039A07001308280072
:10713000B3876700B38A490313D62A4013D75A404E
:107140009378F6001379F707B3892803B3843401E1
:10715000031A0800839A070013082800B387670002
:1071600033075A0313562740935857401379F600B4
:1071700093F9F807330A3903B384440163060E0B0D
:10718000831A080003960700B38767000397070078
:10719000B388670003192800039A0800B3876800C2
:1071A00083184800B389CA02839A0700031668004F
:1071B00013088800B38767003309E90213D7294011
:1071C00093D9594093F9F9071377F700B388480327
:1071D000135A2940135959401379F907137AFA00C1
:1071E0003306560393DA284093D8584093FAFA00AE
:1071F00093F8F80733073703935926401356564040
:1072000093F9F9001376F607330A2A03B384E400EE
:1072100033891A03B38A4401B388C90233872A0128
:10722000B3041701E31E0EF523209F0013881200FC
:10723000130F4F00938E2E00630605019302080082
:107240006FF09FE8B38F6F00B383A300330E6E001F
:1072500063865600938616006FF01FE60324C10173
:10726000832481010329410183290101032AC100EB
:10727000832A8100130101026780000067800000FB
:10728000F32700B023A8F1B26780000013000000CC
:10729000F32700B023A6F1B26780000013000000BE
:1072A00003A5C1B283A701B33305F5406780000091
:1072B000130101FF23261100EF104025974701001D
:1072C000938747E403A6070083A64700EF00006BFF
:1072D0008320C1001301010167800000130000003A
:1072E000930710002300F5006780000013000000E2
:1072F0002300050067800000130000001300000059
:10730000130101FF232021010329C50123261100B8
:10731000232C0502232E0502630E091C9305100081
:10732000232481002322910013040500EFC05F98FD
:107330008355840393041000EFB08F86231CA402AE
:107340009305F0FF13050400EFC09F968355840357
:10735000EFB00F859317050193D2070113150501AF
:1073600033E3A200232C640263029918B30399400B
:1073700093F533006388050A638A95061307200096
:10738000638CE5029385040013050400EFC05F924F
:107390008355840393042000EFB08F80231CA40244
:1073A0009305F0FF13050400EFC09F9083558403FD
:1073B000EFA01FFF231CA402930510001305040077
:1073C000EFC01F8F8355840393841400EFA05FFDEB
:1073D000231CA4029305F0FF13050400EFC05F8D8A
:1073E00083558403EFA0DFFB231CA4029305100048
:1073F00013050400EFC0DF8B8355840393841400CE
:10740000EFA01FFA231CA4029305F0FF130504004C
:10741000EFC01F8A83558403EFA09FF8231CA402AA
:107420006306990C9305100013050400EFC05F88F4
:107430008355840393844400EFA09FF6231CA40289
:107440009305F0FF13050400EFC09F868355840366
:10745000EFA01FF5231CA4029305100013050400E0
:10746000EFC01F8583558403EFA09FF3231CA40264
:107470009305F0FF13050400EFC09F838355840339
:10748000EFA01FF2231CA4029305100013050400B3
:10749000EFC01F8283558403EFA09FF0231CA4023A
:1074A0009305F0FF13050400EFC09F80835584030C
:1074B000EFA01FEF231CA402930510001305040086
:1074C000EFC00FFF83558403EFA09FED231CA402A0
:1074D0009305F0FF13050400EFC08FFD835584036F
:1074E000EFA01FEC231CA402E31E99F203248100E9
:1074F000832441008320C1000329010013050000FB
:107500001301010167800000130000001300000058
:107510001300000013080600930705009388050078
:10752000639C060C63FAC522370701006368E636E0
:1075300037070001130380016374E60013030001A1
:10754000B356660017370100130787983307D70033
:10755000034707009306000233076700630ED70056
:10756000B386E640B398D5003357E5003318D6000C
:10757000B317D500B36817011356080133D5C802F5
:107580009316080193D6060113D70701B3F8C80272
:10759000B385A6029398080133671701637CB7008F
:1075A000B308E8001387080063F4B80063F40839EF
:1075B0001305F5FF3307B740B355C702939707018B
:1075C00093D707013377C702B386B60213170701B3
:1075D000B3E7E70063FAD700B307F80063F4D70016
:1075E00063F607359385F5FF131505013365B5007F
:1075F000930500006780000063F8D5009305000044
:107600001305000067800000B707010063E6F62A53
:10761000370700019307800163F4E6009307000138
:1076200033D8F600173701001307878A330707019D
:1076300003470700130800023307F7006306072912
:107640003308E840B358E600B3960601B3E8D80023
:1076500033D3E50093DE0801B357D303139E08012B
:10766000B3950501135E0E013357E5003367B7008C
:1076700093560701331606013373D303B305FE0295
:1076800013130301B3E6660063FCB6003383D8002E
:10769000930603006374B300637C132D9387F7FF95
:1076A000B386B64033D3D603131707011357070128
:1076B000B3F6D603B3056E02939606013367D7007F
:1076C000637CB700B386E8001387060063F4B60056
:1076D00063F416291303F3FF93970701B3E66700DA
:1076E0003307B740931706019315030193D707019A
:1076F00093D5050113D3060113560601330EF30289
:10770000B388F502B385C50293D70801B385C501D7
:10771000B387B7003303C30263F6C701370601001E
:107720003303C30013D60701330666006360C70244
:107730009398080193D80801939707013315050121
:10774000B3871701637EF51E631CC71E1385F6FF02
:107750009305000067800000630A061437070100E4
:10776000637CE6189338061093B818009398380095
:10777000B356160117270100130787753307D70083
:10778000034707009306000233071701630AD71463
:10779000B387E6403318F60033D3E5009358080169
:1077A000335E130313160801B395F5001356060153
:1077B0003357E5003367B70093560701B317F50059
:1077C00033731303B305C60313130301B3E6660053
:1077D00063FCB6003305D800930605006374B5005A
:1077E00063760517130EFEFFB386B64033D5160336
:1077F0001317070113570701B3F616033303A60245
:10780000939606013367D700637C6700B306E800F0
:107810001387060063F4660063F606151305F5FF8B
:1078200093150E01B3E5A5003307674033551703E1
:1078300093D60701337717033303C50213170701E4
:1078400033E7E600637C6700B306E80013870600B1
:1078500063F4660063F6060D1305F5FF3307674012
:10786000B35617039397070193D70701337717038D
:107870003386C60213170701B3E7E70063FAC700B0
:10788000B307F80063F4C70063F807099386F6FFAF
:10789000131505013365D50067800000133306100A
:1078A00013331300131333006FF09FC993060000C6
:1078B000930800006FF01FEC93B7061093B7170002
:1078C000939737006FF0DFD53336C500B3B6B600F7
:1078D0001336160033E5C6009305000067800000EC
:1078E0003387C54093580601131606011356060147
:1078F000930510006FF09FF3370700016378E600EF
:1079000093560601930800016FF0DFE69356860157
:10791000930880016FF01FE69386E6FF6FF05FF734
:107920001305E5FF338706016FF05FF39385E5FFED
:107930006FF09FCB1305E5FF338708016FF09FC7FA
:10794000138506009305000067800000130EEEFF0C
:10795000B30605016FF05FE91303E3FF33871601F8
:107960006FF09FD71305E5FF338706016FF05FEBDC
:107970009387E7FFB30613016FF09FD213D745013A
:10798000130101FC9397C500232E11021377F77F93
:107990001308050093D7C70093D5F501630A071EA6
:1079A000930E05001305F07F630AA708939737002D
:1079B000135ED801336EFE00B7078000931E3800B7
:1079C000336EFE00930817C013080000130F000069
:1079D00013D746019397C6001377F77F93D7C70055
:1079E00093D6F601630407081305F07F630CA72004
:1079F000939737001355D601130717C03365F50069
:107A0000B7078000B388E840B367F5001317360066
:107A1000930F00001306F00033C5D5006366062DF2
:107A2000172301001303C346131828003308680006
:107A300003260800330666006700060033EE0701E0
:107A400063100E269308070013D746019397C600CC
:107A50001377F77F930E000013088000130F2000A8
:107A600093D7C70093D6F601E31007F833E7C700B2
:107A700063020724638A0750138507002326C10287
:107A800023241103232201032320D102232EE10109
:107A9000232CC101232AD1012328B1002326F10080
:107AA000EF00D0308327C10083250101832E4101DF
:107AB000032E8101032FC101832601020328410205
:107AC000832881020326C10213030500130755FF13
:107AD0001305D0013305E540130783FFB397E70093
:107AE0003355A600B367F5003317E60033031301DF
:107AF0009308333F930F00006FF0DFF1638C035A5C
:107B0000930690FC63DCD36013070000930700002A
:107B1000930600008320C103131747013367F70062
:107B20009317F501B365F7001385060013010104EF
:107B3000678000008320C1031307F07F93070000D4
:107B4000131747013367F700930600009317F501F9
:107B5000B365F70013850600130101046780000078
:107B60008320C1031307F07F13050000B707080047
:107B7000131747013367F700930600009317F501C9
:107B8000B365F70013850600130101046780000048
:107B900033EEA70063000E14232ED100232CC10066
:107BA000638C0744232AA100138507002328B10012
:107BB0002326F100EF00901F8327C10083250101D8
:107BC00003284101032681018326C1011303050017
:107BD000130755FF130ED001930E83FF330EEE40B3
:107BE000B397D701335EC801336EFE00B31ED801D0
:107BF0001307D0C0B308674013080000130F00003C
:107C00006FF01FDD33E7C70093881880631C070AF5
:107C10001368280093070000930F20006FF09FDF88
:107C200093070E0013870E00930620006308DF40C1
:107C300093063000E306DFF293061000138505007B
:107C4000E304DFEC9383F83F93860300E35870EA84
:107C50001376770063100644935537001397770027
:107C6000635A0700370700FF1307F7FF93860840A2
:107C7000B3F7E7001307E07FE34ED7EA1396D70187
:107C800013F7F67FB366B600139697009357C600B6
:107C90006FF05FE893850600138F0F006FF0DFF839
:107CA000138E0700930807001308C000130F30005D
:107CB0006FF01FD21368180093070000930F100095
:107CC0006FF05FD51368380013070600930F30007C
:107CD0006FF05FD4930E000013084000930800007B
:107CE000130F10006FF0DFCE232C8102232A9102A4
:107CF00063E6C7016310FE4E63EEEE4C1316FE0101
:107D000093D61E003366D600135E1E009396FE01C6
:107D10009397870013DF0701B352EE0313588701CF
:107D20003368F800931E080193DE0E0113138700D9
:107D300093570601337EEE0333875E02131E0E0156
:107D4000B3E7C70163FAE700B307F80063E407018C
:107D500063E0E74A9382F2FFB387E740B3D5E703D6
:107D60001317060113570701B3F7E7033386BE0263
:107D7000939707013367F700637AC7003307E8007A
:107D8000636407016360C7469385F5FF9392020120
:107D9000B3E2B20093970201131E030193D70701C8
:107DA000135E0E01935F03013307C74013D6020130
:107DB000B383C7033304C60393D50301B387FF021C
:107DC000B3878700B385F500B307F60363F6850034
:107DD00037060100B387C70013960501939303018B
:107DE00093D5050193D30301B385F50033067600DF
:107DF0006368B700B304B740631AB73C63F8C63C86
:107E0000B3836600B3B7D300232821031389070087
:107E1000B38707013307F700938603009387F2FFC8
:107E2000636AE8003304B74093040400631EE80269
:107E3000631C0902636AB7003304B740930404006B
:107E40006394E50263F2C302B3067300B3B766003E
:107E5000B38707013307F700032901039387E2FF84
:107E6000B304B7406F008000032901033386C64086
:107E7000B3B6C600B382D4409383F83F9386030021
:107E80006308581C33D7E20393550601B3F2E203AB
:107E900093920201B3E55500B382EE0263FA5500F6
:107EA000B305B80063E4050163E055361307F7FF37
:107EB000B3855540B3F2E5031316060113560601C8
:107EC000B3D5E503139F02013366E601B38EBE020C
:107ED000637AD6013306C800636406016360D63353
:107EE0009385F5FF131707013367B7009315070153
:107EF00093D5050193520701338FC2033306D64150
:107F0000330EBE02B38EBF0293550E01B38EEE0147
:107F1000B385D501B38F5F0263F6E501B70E0100AB
:107F2000B38FDF0193DE0501131E0E01135E0E01F8
:107F300093950501B38EFE01B385C501636AD60131
:107F4000333FB000330ED6416316D60363040F02ED
:107F50003306C800636806016360D61B6314D6014C
:107F6000636CB318B305B340333FB0001307F7FF9A
:107F7000330ED641631C0E0E631A0F0E03248103C9
:107F8000832441036FF05FCC130506002326110301
:107F9000232401032322F1022320D102232EE10115
:107FA000232CC101232AD1012328B1002326C1009B
:107FB000EF00C05F13075501930FC0010326C100F6
:107FC00083250101832E4101032E8101032FC1016D
:107FD00083260102032881028328C10213030502BC
:107FE00093070000E3D6EFAE130585FFB317A60095
:107FF000130700006FF09FAF232AF1002328B10080
:108000002326A100EF00805A130755019308C001F1
:108010000328C10083250101032681018326C101B4
:108020001303050293070000E3D6E8BA130585FFA2
:10803000331EA800930E00006FF09FBB1385050050
:108040001307F07F93070000930600006FF09FACCA
:108050009305000013071000635670120324810378
:1080600083244103B387E7006FF05FBF130620C08E
:108070001367170063C2C8149305470033B7E500C0
:10808000032481038324410393D53500B387E7009C
:108090006FF0DFBC1376F70093054000E30EB6BA2D
:1080A0009305470033B7E500B387E70093D5350064
:1080B0006FF0DFBA93767700935517009308F001BD
:1080C00013061000639C0618B3981701B3E5D5009A
:1080D00033E7B80093767700B3D7C700639A0614E6
:1080E0009396870063D006181307100093070000CB
:1080F000930600006FF01FA2131E130033336E00AF
:1081000033030301B385C541330666001307E7FF58
:10811000330ED641333FB0006FF0DFE5930620FE0B
:1081200063D0D312130610FEB3067640B3D6D70041
:108130006388C3009388E843B39717013367F70058
:108140003337E0003367D70093767700930700005A
:10815000638206021376F700930540009306000041
:10816000630AB6003306B7003337E6009316D7012B
:108170001307060013573700B366D7001307000034
:108180006FF05F9963980308B70600809386F6FF47
:1081900003248103832441031397F7013367D70036
:1081A00093D717009306470033B7E600B387E7007D
:1081B000138706006FF0DFF2930610C06394D806B1
:1081C0009356170093E616006FF09FFC938702000A
:1081D0006FF0DFC99388F8FF13860E009306000046
:1081E0006FF01FB39385E5FF330707016FF01FBAE8
:1081F0009382E2FFB38707016FF01FB69385E5FF17
:10820000330606016FF01FCE1307E7FFB3850501A4
:108210006FF01FCA03248103832441031307F0FF77
:108220006FF01F8E03248103832441036FF05F8D61
:108230009376F70013064000E384C6EA6FF09FF6DA
:108240009388E84113061000B316170133067640F1
:10825000B336D000B355C7006FF01FE7B376C70041
:108260006FF09FE6139697009396D7019357C60039
:108270006FF05FF013D84501B707100013D7460120
:108280009387F7FF9308F07F1378F87F33F3B700F5
:1082900033771701B3F7D70093D5F50193D6F601DD
:1082A000630A180563061703631A08063368A300F8
:1082B00063100706B3E8C700638E08086310080C54
:1082C000139716001307F7FF1305070067800000D8
:1082D000B3E7C7006390070A631608003363A3007F
:1082E000E30003FE639ED500139715001307F7FF05
:1082F0006F008001B368A300639E0806630207074E
:10830000B305B04013E715001305070067800000B0
:10831000E30808FAE396D5FE6FF01FFDE30207FEBF
:10832000E390D5FEE34E07FDE340E8FCE3EA67FC9B
:108330003307F340133717006374A600E31207FCFA
:10834000E364F3FA6374C500E31007FA130700004F
:108350006FF09FFBE31608FA130507006780000023
:1083600033E7C7006318070013071000E39AD5F836
:108370006FF01FFD1307E0FF6FF01FF9E392D5F8D0
:108380006FF0DFFA13D84501B707100013D7460185
:108390009387F7FF9308F07F1378F87F33F3B700E4
:1083A00033771701B3F7D70093D5F50193D6F601CC
:1083B000630E180563061703631608083368A300E5
:1083C0006316070AB3E8C700638E080A6314080C33
:1083D000139716001307F7FF1305070067800000C7
:1083E000B3E7C70013072000E39807FE63160800F1
:1083F0003363A300E30E03FC6380D504B305B040F0
:1084000013E715001305070067800000B368A30099
:1084100063940806E31407FF33E8C700130720003E
:10842000E31C08FA13071000E39AD5FC6366F30017
:10843000637EC504630C0704139715001307F7FF49
:108440006FF09FF9E30C07FAE39AD5FAE34807FBCC
:10845000E344E8FEE3E467FA3307F3401337170019
:10846000E376A6FCE31C07F86FF05FFCE30208F676
:10847000E396D5F86FF05FFC1307200013050700A3
:1084800067800000E30A08F46FF05FF7130700004D
:108490006FF09FF4E394D5F66FF0DFFB93D74501BF
:1084A00093F7F77F370610001307F6FF93A6F73F01
:1084B0003377B70093D5F501639406006388050010
:1084C0009306000013850600678000009305E041D5
:1084D0009306F0FFE3C8F5FE930630413367C7000B
:1084E00063D0F60293063043B386F6409387D7BE37
:1084F0003355D5003317F700B366A7006FF09FFC24
:10850000B386F640B356D7006FF0DFFB630C05046B
:10851000130101FE232E11002326A100EF00000904
:108520001307E0413307A7409306A0008327C1004B
:108530001377F77F63D2A604130555FFB396A70000
:108540008320C1019396C60093D6C600930700000E
:108550001317470113850700B365D7001301010204
:1085600067800000130700009306000013174701FF
:10857000B365D700678000009306B000B386A640BD
:108580008320C101B3D6D700130655019396C600C8
:1085900093D6C600B397C70013174701138507008A
:1085A000B365D7001301010267800000B70701001F
:1085B000637AF5029337051093B717009397370046
:1085C000130700023307F7403355F50097270100E2
:1085D00093870790B387A70003C507003305A7401B
:1085E00067800000B70700016374F50213070001FC
:1085F000930707003355F500972701009387478DB0
:10860000B387A70003C507003305A74067800000B4
:10861000930780013355F500972701009387478B17
:10862000B387A70003C50700130780003305A740E1
:108630006780000093050500930600001306000004
:10864000130500006F00D058172601001306C62E30
:108650009755000093858532172501001305852E57
:108660006F00C04683254500130101FF23248100CC
:108670002326110093870135130405006384F50058
:10868000EF50802F832584009387813B6386F5001C
:1086900013050400EF50402E8325C4009387014248
:1086A000638CF50013050400032481008320C100BE
:1086B000130101016F50402C8320C100032481006D
:1086C000130101016780000083A7450693F7170097
:1086D0006398070083D7C50093F7072063860700D8
:1086E000130500006780000003A58505130101FF45
:1086F00023261100EF0090358320C10013050000F0
:10870000130101016780000083A7450693F7170056
:108710006398070083D7C50093F707206386070097
:10872000130500006780000003A58505130101FF04
:1087300023261100EF0010338320C1001305000031
:108740001301010167800000130101FE970700007B
:108750009387C7EF232E1100232C8100232A910039
:1087600013840135232821012326310123244101CB
:10877000130680009305000023A0F1B41385C13ACD
:10878000930740002326F400232004002322040042
:10879000232404002322040623280400232A04009F
:1087A000232C0400EF00502C170A0000130ACA5FA4
:1087B0009709000093898965170900001309896DDD
:1087C00097040000938444731385813A2320440363
:1087D000232234032324240323269402232E8400FB
:1087E000EF00D025B707010093879700130680009C
:1087F0009305000013854141232AF406232404062F
:1088000023260406232804062326040C232C04060E
:10881000232E040623200408EF0010259387813BB4
:10882000138501412322F408232444092326340913
:1088300023282409232A9408EF005020B7070200B8
:108840009387270113068000930500001385C14715
:10885000232EF40C2328040C232A040C232C040CB0
:10886000232A04122320040E2322040E2324040EA0
:10887000EF00901F938701422328440F232A340FCF
:10888000232C240F232E940E2326F40E032481017F
:108890008320C10183244101032901018329C100EF
:1088A000032A810013858147130101026F0010190B
:1088B000130101FE232A910093040500138541B69C
:1088C000232E1100232C8100EF00501883A701B440
:1088D0006386071017280100130808069306F0FFA7
:1088E000832748009387F7FF63C80708032488009D
:1088F0006F00C000130484066380D7080317C40008
:108900009387F7FFE31807FEB707FFFF938717006A
:108910002326F4001305840523220406EF00101219
:10892000138541B6EF0010141305C405232004007D
:10893000232404002322040023280400232A040003
:10894000232C04001306800093050000EF00D011D3
:1089500023280402232A04022322040423240404D7
:108960008320C101130504000324810183244101F4
:10897000130101026780000003240800630604005D
:10898000130804006FF0DFF59305C01A1385040087
:1089900023260101EF1000090328C100130405007C
:1089A00063020504930740002322F5001305C50068
:1089B000232004002324A4001306001A93050000BA
:1089C00023260101EF00500A0328C1009306F0FF9F
:1089D00023208800130804006FF09FF0EFF0DFD62B
:1089E0006FF05FEF23200800138541B6EF0090077A
:1089F0009307C00023A0F4006FF09FF6130101FF5E
:108A00002324810013040500138541B62326110099
:108A1000EF00D00383274403639C070083A701B4BE
:108A200017070000130747C4232AE402638C0700DA
:108A3000032481008320C100138541B61301010185
:108A40006F005002EFF05FD0032481008320C1004B
:108A5000138541B6130101016F00D000138541B6A3
:108A60006F00C07E138541B66F00C07F130101FF08
:108A7000138541B623261100EF00407D8320C100FD
:108A800017260100130646EB97050000938505C4E1
:108A900013050000130101016F004003130101FFE2
:108AA00017260100130646E997050000938505C6C1
:108AB0001305000023261100EF0040018320C100B0
:108AC000138541B6130101016F00C079130101FD47
:108AD00023202103232E3101232C4101232A51017C
:108AE00023286101232671012326110223248102F8
:108AF00023229102930A0600130B0500938B0500B5
:108B0000130A0000930910001309F0FF83A44A0020
:108B10009384F4FF63CA040203A48A008357C40049
:108B200063FEF9008317E4009305040013050B00AE
:108B300063862701E7800B00336AAA009384F4FF61
:108B400013048406E39C24FD83AA0A00E3900AFC34
:108B50008320C102032481028324410203290102EC
:108B60008329C101832A4101032B0101832BC10009
:108B700013050A00032A8101130101036780000025
:108B8000130101FC138E0500832585001303810268
:108B90002324C1022326D10213060E0093060300EC
:108BA000232E11002328E102232AF102232C0103A2
:108BB000232E110323266100EF10C06F8320C10113
:108BC000130101046780000003A341B1130101FCFC
:108BD0002324C1022326D1022322B1022328E10249
:108BE000232AF102232C0103232E11038325830062
:108BF000930641021306050013050300232E1100FE
:108C00002326D100EF10006B8320C1011301010462
:108C100067800000032685006F50007A83A741B16A
:108C20009305050003A68700138507006F50C078E1
:108C3000130101FD23229102930405001385050011
:108C4000232481022326110213840500EF00806F84
:108C500083A7440313081500971501009385C5AF3A
:108C6000130610009306010113072000232881003A
:108C7000232AA10023260101232CB100232EC100A9
:108C80002322D1002324E10003A48400638C070E77
:108C9000832744060317C40093F61700638E060665
:108CA0009316270163CA0608B7E6FFFF9386F6FF0F
:108CB00037260000B3F7D7003367C7002322F40636
:108CC0002316E400139727016344070C138504005F
:108CD0001306410093050400EF5000223337A00033
:108CE000832744063307E0409364A70093F71700F7
:108CF000639807008357C40093F70720638607042F
:108D00008320C102032481021385040083244102CD
:108D10001301010367800000937607206386060431
:108D200093162701E3D206F813972701E35007FAB9
:108D30009304F0FF6FF01FFC13972701E35807F827
:108D40009304F0FF6FF0DFFB03258405EF008051F3
:108D50008320C1020324810213850400832441027D
:108D6000130101036780000003258405EF00004E16
:108D70000317C4008327440693162701E3C406F4AF
:108D80006FF09FF213850400EFF05FC76FF05FF0A4
:108D90009304F0FF6FF09FF59305050003A541B123
:108DA0006FF01FE9130101FF2324810013840500E4
:108DB0008395E50023261100EF00402D6340050256
:108DC000832704058320C100B387A7002328F40468
:108DD0000324810013010101678000008357C40050
:108DE00037F7FFFF1307F7FFB3F7E7008320C10052
:108DF0002316F400032481001301010167800000A1
:108E000013050000678000008397C500130101FE71
:108E100013830600232E110093F607101387050015
:108E2000930806001308050063980602B7F6FFFFD3
:108E30009386F6FF8320C101B3F7D7008315E700BF
:108E40002316F70093060300138608001305080095
:108E5000130101026F0040298395E5002324C1001E
:108E60009306200013060000232661002320E10062
:108E70002322A100EF00C01B032701000323C10030
:108E8000832881008317C700032841006FF01FFA71
:108E9000130101FF23248100138405008395E5005D
:108EA00023261100EF00C0181307F0FF8317C4003A
:108EB0006302E50237170000B3E7E7008320C10033
:108EC0002328A4042316F4000324810013010101C4
:108ED000678000001307058013070780B3F7E700DA
:108EE0008320C1002316F400032481001301010133
:108EF000678000008395E5006F004000130101FFCB
:108F000023248100130405001385050023A201B466
:108F100023261100EF80CF9A9307F0FF630AF50034
:108F20008320C10003248100130101016780000038
:108F300083A741B4E38607FE8320C1002320F40009
:108F400003248100130101016780000083A741B160
:108F5000638EA70C83254504130101FE232A91008B
:108F6000232E1100232C810093040500638805043F
:108F70002328210123263101130900009309000849
:108F8000B387250103A40700630E040093050400C2
:108F90000324040013850400EF00407AE31804FE64
:108FA00083A5440413094900E31C39FD138504001B
:108FB000EF00C078032901018329C10083A5840340
:108FC0006386050013850400EF00407703A40404C2
:108FD000630C0400930504000324040013850400BB
:108FE000EF00C075E31804FE83A5C4046386050082
:108FF00013850400EF00807483A74403638E070089
:10900000032481018320C1011385040083244101CD
:1090100013010102678007008320C101032481013D
:109020008324410113010102678000006780000072
:1090300093870500130101FF232481009305060097
:10904000130405001386060013850700232611006C
:1090500023A201B4EF80CF949307F0FF630AF500D9
:109060008320C100032481001301010167800000F7
:1090700083A741B4E38607FE8320C1002320F400C8
:10908000032481001301010167800000938705001C
:10909000130101FF2324810093050600130405003A
:1090A00013860600138507002326110023A201B4AE
:1090B000EF800F939307F0FF630AF5008320C10050
:1090C00003248100130101016780000083A741B4DC
:1090D000E38607FE8320C1002320F40003248100DF
:1090E000130101016780000093870500130101FF50
:1090F000232481009305060013040500138606004F
:10910000138507002326110023A201B4EF804F949A
:109110009307F0FF630AF5008320C1000324810058
:10912000130101016780000083A741B4E38607FEB5
:109130008320C1002320F4000324810013010101D6
:1091400067800000130101FF2324810023202101F7
:109150002326110023229100171901001309097A0F
:1091600017140100130484796302890233098940CA
:1091700013592940930400008327040093841400AA
:1091800013044400E7800700E3E824FF17190100F7
:109190001309097717140100130444766302890246
:1091A00033098940135929409304000083270400A0
:1091B0009384140013044400E7800700E3E824FFCD
:1091C0008320C1000324810083244100032901007E
:1091D0001301010167800000971701009387477210
:1091E000171701001307C771130101FFB387E74089
:1091F000232291002326110093D427406386040282
:1092000023248100171401001304446F3304F40075
:10921000832704009384F4FF1304C4FFE78007004E
:10922000E39804FE032481008320C10083244100CD
:109230001301010167800000678000006780000063
:109240006780000067800000678000006780000082
:1092500013051000678000001305100067800000F0
:1092600067800000678000001303F000130705000B
:10927000637EC3029377F7006390070A6392050841
:10928000937606FF1376F600B386E6002320B70038
:109290002322B7002324B7002326B70013070701B2
:1092A000E366D7FE6314060067800000B306C34080
:1092B0009396260097020000B38656006780C6008A
:1092C0002307B700A306B7002306B700A305B7001E
:1092D0002305B700A304B7002304B700A303B70016
:1092E0002303B700A302B7002302B700A301B7000E
:1092F0002301B700A300B7002300B7006780000078
:1093000093F5F50F93968500B3E5D5009396050187
:10931000B3E5D5006FF0DFF69396270097020000C3
:10932000B386560093820000E78006FA938002001D
:10933000938707FF3307F7403306F600E378C3F659
:109340006FF0DFF39377350013070500639C070484
:10935000B7867F7F9386F6F79305F0FF0326070015
:1093600013074700B377D600B387D700B3E7C7002A
:10937000B3E7D700E384B7FE8346C7FFB307A74030
:10938000638406048346D7FF638C06020345E7FF28
:109390003335A0003305F5001305E5FF67800000B5
:1093A000E38806FA83470700130717009376370010
:1093B000E39807FE3307A7401305F7FF6780000017
:1093C0001385D7FF678000001385C7FF6780000003
:1093D000130101FD23248102138481B12322910210
:1093E000930405000325040023202103232E3101CB
:1093F0002326B100232611021309060093890600D3
:10940000EFF0DFE483A781B68325C10063840708FA
:1094100003A747009306F0010325040063C2E60892
:1094200093162700639C04021307170023A2E7008A
:10943000B387D70023A4B700EFF0DFE213050000E5
:109440008320C102032481028324410203290102F3
:109450008329C1011301010367800000B388D7008D
:1094600023A4280903A88718130610003316E60062
:109470003368C80023A4071923A438111308200057
:10948000E39404FB03A8C7183366C80023A6C718D3
:109490006FF09FF99387814823A4F1B66FF05FF7CF
:1094A000EFF05FDC1305F0FF6FF09FF9130101FD92
:1094B00023267101938B81B123286101130B0500D1
:1094C00003A50B00232C4101138A81B6232021031D
:1094D0002324810123261102138C0500EFF01FD7EE
:1094E00003290A00630C0908232E3101232A5101A4
:1094F0002324810223229102232291019309F0FF68
:10950000930A1000832449001384F4FF634E04047B
:1095100093942400B304990063140C088327490032
:1095200083A644009387F7FF6388870C23A2040077
:10953000638606028327891833978A00832C4900A3
:10954000B377F70063920708E78006000327490016
:1095500083270A00631C9709639A27091304F4FF01
:109560009384C4FFE31A34FB032481028324410261
:109570008329C101832A4101832C410003A50B00EB
:109580008320C10203290102032A8101032B010167
:10959000832BC100032C8100130101036FF09FCCCA
:1095A00083A744101307F4FFE30AFCF61304E4FF57
:1095B000E30C37FB83A7041063848705938484FF3F
:1095C000E31034FF6FF05FFA8327C91883A54408BE
:1095D0003377F700631C070213050B00E7800600D2
:1095E0000327490083270A00E30897F7E38E07F66D
:1095F000138907006FF01FF1232289006FF05FF3DA
:10960000130407009384C4FF6FF05FF11385050016
:10961000E78006006FF09FF3130101FE232C810009
:10962000232A9100232821012326310113840500D8
:10963000232E11001309050097190100938989440D
:10964000EF00504683A789003717000083A4470026
:1096500093F4C4FF9387F47F9387077F3384874015
:109660001354C4001304F4FF1314C400634EE40045
:109670009305000013050900EF60801283A789009D
:10968000B38797006306F50213050900EF00104247
:109690008320C101032481018324410103290101A5
:1096A0008329C10013050000130101026780000037
:1096B000B305804013050900EF60800E9307F0FFAB
:1096C0006304F50403A7890083A78161B384844000
:1096D00093E414002322970013050900B387874001
:1096E00023ACF160EF00903C8320C1010324810191
:1096F00083244101032901018329C10013051000BE
:1097000013010102678000009305000013050900A2
:10971000EF60000903A789009306F000B307E54056
:10972000E3D4F6F683A6C1B193E717002322F7002E
:109730003305D54023ACA1606FF01FF5638405129B
:10974000130101FE232C81002326B1001304050020
:10975000232E1100EF0010358325C100971801005A
:109760009388483203A8880003A5C5FF138785FFA7
:109770009377E5FF3306F700832646001373150041
:1097800093F6C6FF6308C8182322D6003308D60014
:109790000328480013781800631A030803A385FF01
:1097A000171501001305852E3307674083258700B1
:1097B000B3876700638AA5120323C70023A6650049
:1097C0002324B300630C081893E617002322D70064
:1097D0002320F6009306F01F63E2F60A93F687FF54
:1097E0009386860083A54800B386D80003A60600AA
:1097F00013D5570093071000B397A700B3E7B7003E
:10980000938586FF2324C7002326B70023A2F800F0
:1098100023A0E6002326E6001305040003248101AB
:109820008320C101130101026F005028631E08024A
:10983000B387D70017150100130545258326860039
:1098400013E81700B305F7006380A6160326C600C9
:1098500023A6C6002324D6002322070123A0F50057
:109860006FF05FF7678000001365150023AEA5FE5B
:109870002320F6009306F01FE3F2F6F693D6970046
:10988000130640006360D60E93D667009385960357
:109890009395350013868603B385B80083A605002B
:1098A000938585FF6398D5006F00C01183A686005D
:1098B0006388D50003A646001376C6FFE3E8C7FE1B
:1098C00083A5C6002326B7002324D7001305040070
:1098D000032481018320C10123A4E50023A6E6001F
:1098E000130101026F00901C6310080A8325C60053
:1098F00003268600B386F60093E716002326B600FB
:1099000023A4C5002322F7003307D7002320D70064
:109910006FF09FF0B386D7006310030283A785FF23
:109920003307F74003268700B386F6008327C70076
:109930002326F60023A4C70013E6160083A701B26E
:109940002322C70023A4E800E3E8F6EC83A541B78F
:1099500013050400EFF05FCC6FF01FECB387D70066
:109960006FF0DFED130640016378D6021306400561
:109970006368D60693D6C7009385F606939535009F
:109980001386E6066FF05FF193E617002322D700F7
:109990002320F6006FF05FE89385C60593953500A8
:1099A0001386B6056FF05FEF23AAE80023A8E8004E
:1099B0002326A7002324A7002322070123A0F500C4
:1099C0006FF09FE503A5480013562640930710004B
:1099D000B397C700B3E7A70023A2F8006FF09FEE8C
:1099E00013064015636CD60093D6F700938586075F
:1099F00093953500138676076FF01FEA13064055DE
:109A0000636CD60093D627019385D60793953500CE
:109A10001386C6076FF05FE89305803F1306E007E3
:109A20006FF09FE7130101FC232C8102232E11020A
:109A30009387B5001307600113040500636EF708F0
:109A40009306000163ECB606EF00D0059306000113
:109A500013078001930820001718010013088802DB
:109A60003307E80083274700130687FF638EC74448
:109A700003A7470003A6C70083A587001377C7FF86
:109A80003387E7008326470023A6C5002326F1007D
:109A90002324B60093E61600130504002322D70002
:109AA000EF00D0008327C1008320C103032481037A
:109AB0001385870013010104678000009307C0002D
:109AC0002320F400130500008320C1030324810335
:109AD000130101046780000093F687FFE3C007FECF
:109AE000E3EEB6FC2326D100EF00C07B8326C10045
:109AF0009307701F63F8D74C93D79600638E0716B1
:109B000013074000636AF74293D766009388970370
:109B1000138E87031395380017180100130888F671
:109B20003305A80083274500130585FF6308F50268
:109B30001303F0006F00400183A5C700635606348D
:109B4000630EB5009387050003A747001377C7FF8F
:109B50003306D740E352C3FE93080E008327080163
:109B6000971E0100938E8EF2638ED72D03A74700B8
:109B70009305F0001377C7FF3306D74063CEC54681
:109B8000232AD8012328D801635406441306F01F62
:109B9000032348006362E634137687FF13068600CA
:109BA0003306C8008325060013555700130710001D
:109BB0003317A7003363E300130786FF23A4B7001E
:109BC00023A6E700232268002320F60023A6F50041
:109BD00093D72840130510003315F5006366A30AD8
:109BE000B3776500639407021315150093F8C8FF57
:109BF000B377650093884800639A07001315150032
:109C0000B377650093884800E38A07FE130EF000DF
:109C1000139F3800330FE80113030F000327C3001D
:109C2000938F0800630CE332032647009307070075
:109C30000327C7001376C6FFB305D640634CBE3278
:109C4000E3C205FE3386C7008326460083A587004E
:109C50001305040093E616002322D60023A6E50090
:109C60002324B7002326F100EF0040648327C100BE
:109C7000138587006FF05FE513050020930800044B
:109C8000130EF0036FF05FE98327880003A74700F6
:109C90001373C7FF3306D3406366D300132706014F
:109CA0006306071A83A541B703A6C1B11307F0FFE6
:109CB000B385B6006306E642371700001307F700C6
:109CC000B385E50037F7FFFFB3F5E50013050400A2
:109CD000232E0101232CF100232AD1002328610027
:109CE0002326B100EF50D02B1307F0FF8325C100CE
:109CF0000323010183264101832781010328C10138
:109D0000130E0500138FC1B16306E5343387670076
:109D10006360E534938E816103A60E003386C5002F
:109D200023A0CE00630AA74883280F001305F0FF85
:109D30006382A84A3307EE403307C70023A0EE0032
:109D4000137F7E00630E0F3A137E8EFFB71800005C
:109D5000130E8E00938888003306BE00B385E84159
:109D6000B385C5409395450193D54501130504007E
:109D70002326D103232401032322F1022320D1022D
:109D8000232E6100232CC101232AE1012328C100D5
:109D90002326B100EF50D020130705001305F0FF74
:109DA0008325C10003260101032F4101032E8101F8
:109DB0000323C10183260102832741020328810274
:109DC000832EC102630EA74403A60E003307C741CA
:109DD0003307B700136717002324C8013386C50073
:109DE0002322EE0023A0CE00638E07031305F000AC
:109DF0006376653E83A54700130743FF137787FF0C
:109E000093F51500B3E5E50023A2B70093085000D1
:109E1000B385E70023A2150123A41501636AE54079
:109E200003274E0083A701B763F4C70023A8C1B678
:109E300083A7C1B663F4C70023A6C1B693070E007B
:109E40006F00C021032348006FF09FD813E716006E
:109E500023A2E700B386D700136616002324D80098
:109E60001305040023A2C6002326F100EF000044DE
:109E70008327C1008320C103032481031385870046
:109E8000130101046780000003A687003387E70001
:109E9000832647002326B6002326F10093E616000A
:109EA00023A4C500130504002322D700EF000040BF
:109EB0008327C1008320C103032481031385870006
:109EC00013010104678000008327C70093882800DE
:109ED000E306F7C86FF0DFB913569700930540000B
:109EE00063FEC5149305400163E2C5281305C6054A
:109EF000131535009305B6053305A80003260500A4
:109F0000130585FF6318C5006F00001E0326860039
:109F10006308C5008325460093F5C5FFE368B7FED7
:109F20000325C60023A6A70023A4C7002324F50009
:109F30002326F6006FF0DFC9130740016370F714A2
:109F4000130740056362F72493D7C6009388F7068A
:109F5000138EE706139538006FF01FBC938F1F0018
:109F600093F73F0013038300638807120327C3009E
:109F70006FF05FCB03A5870093E8160023A21701BB
:109F80002326E5002324A700B386D700232AD80080
:109F90002328D80013E715003386C70023A6D6016F
:109FA00023A4D60123A2E600130504002320B60053
:109FB0002326F100EF00802F8327C100138587003F
:109FC0006FF09FB093D83600138786006FF0DFA83C
:109FD0003387E700832647002326F100130504009A
:109FE00093E616002322D700EF00402C8327C10000
:109FF000138587006FF05FAD93E5160023A2B700CD
:10A00000B386D700232AD8002328D80093651600EA
:10A010003387E70023A6D60123A4D60123A2B600E6
:10A02000130504002320C7002326F100EF000028B9
:10A030008327C100138587006FF01FA9135667009F
:10A040001305960313153500930586036FF0DFEAB9
:10A05000638A07158327880003A747001377C7FF84
:10A060003306D7406366D70013270601E30007DEF7
:10A0700013050400EF0080236FF0DFA49388C70569
:10A08000138EB705139538006FF01FA983278F0033
:10A090009388F8FF6394E72193F73800130F8FFF3D
:10A0A000E39607FE032748009347F5FFB3F7E70061
:10A0B0002322F800131515001307F5FFE376F7BC0C
:10A0C0003377F500631A0700131515003377F50091
:10A0D000938F4F00E30A07FE93880F006FF05FB382
:10A0E000938505016FF09FBE93D52540130710009F
:10A0F0003317B7003363E300232268006FF09FE259
:10A100003306BE00B305C0409395450193D5450184
:10A11000130504002324D103232201032320F10289
:10A12000232ED100232C6100232AC1012326B10054
:10A130002328C100EF50C066130705001305F0FF88
:10A140008325C100032E4101032381018326C10120
:10A150008327010203284102832E8102E316A7C64A
:10A1600003270101930500006FF01FC6930540050A
:10A1700063ECC5061356C7001305F6061315350024
:10A180009305E6066FF05FD713074015636CF7067B
:10A1900093D7F60093888707138E770713953800B7
:10A1A0006FF09F97938E816103A60E003386C500E2
:10A1B00023A0CE006FF05FB713154501E31605B677
:10A1C000032E8800B305B30013E715002322EE0029
:10A1D0006FF05FC52320CF016FF09FB6930710008B
:10A1E0002322FE006FF0DFE89305401563ECC506FF
:10A1F0001356F700130586071315350093057607E8
:10A200006FF09FCF13074055636CF70693D7260175
:10A210009388D707138EC707139538006FF0DF8F29
:10A22000130F8FFF3307E601930500006FF0DFB9CE
:10A230009385870013050400232AD10123280101F7
:10A240002326D100EFF08FCF03280101832E410197
:10A250008326C100032E880003A60E0003274E00AC
:10A260006FF05FBC9305405563E4C50213562701A8
:10A270001305D607131535009305C6076FF0DFC722
:10A280001305803F9308F007130EE0076FF0DF8897
:10A290001305803F9305E0076FF01FC68327480032
:10A2A0006FF05FE1138581B56FE05FFA138581B5CB
:10A2B0006FE05FFB130101E6232E1118232A91188A
:10A2C000232251192328A117930A0600138D050094
:10A2D000232AD10093040500EF50804B832705000B
:10A2E00013850700232AF102EFF0CF852328A1026E
:10A2F000130680001305010A93050000EFE0DFF666
:10A300006388040083A74403639407006F2040051B
:10A3100003274D068317CD00937617006388063E0A
:10A320009396270163D406006F10005FB7E6FFFF26
:10A330009386F6FF372600003377D700B3E7C700D0
:10A340002322ED062316FD009317270163D407008F
:10A350006F3000278317CD0013F7870063080728A5
:10A3600003270D016304072813F7A7019306A00034
:10A370006300D72A9307C10B232C811823282119A6
:10A38000232631192326B1172324411923206119CB
:10A39000232E7117232C8117232A9117232C010AAE
:10A3A000232A010A2328F10A13840700232C010021
:10A3B000232C010223260102232E01022320010463
:10A3C000232A010423220104232801001719010074
:10A3D000130949BA930D5002930900012324510136
:10A3E0002326A101832A8100032A490EEF50003859
:10A3F000930605001307010A13860A0093058108D6
:10A4000013850400E7000A00630C0526634C05244D
:10A41000832781086386B701B38AAA006FF0DFFC47
:10A4200083278100130A0500338BFA406392FA26D2
:10A4300093871A0003C31A00A30F01062324F10017
:10A44000130BF0FF130D0000930AA005170A01007B
:10A45000130A0AB8130C0000938B0700938B1B00A0
:10A46000930703FE63E6FA0493972700B387470137
:10A4700083A70700B387470167800700130703FD21
:10A48000130C00009306900093172C0003C30B00DD
:10A49000B387870193971700330CF700130703FD69
:10A4A000938B1B00E3F2E6FE930703FEE3FEFAFA4A
:10A4B00023247101930E0C00630C0320930A1000F7
:10A4C000230E610EA30F0106138C0A002320010244
:10A4D000130B00002324010223220102130E0000AB
:10A4E0009307C10F032A810B937C4D0893050A0043
:10A4F00063840C6C0347F107630607060325410BD1
:10A50000130700001306F107130A1A0013051500BC
:10A51000930610002320C4002322D400232C410BD7
:10A52000232AA10A1306700013048400634AA62E8E
:10A53000630A07020325410B130701082320E400E7
:10A54000130A2A0013072000130515002322E40034
:10A55000232C410B232AA10A130770001304840043
:10A56000E346A77813070008E382EC5A330B5B41FC
:10A570006340606713770D10631E07762320F40095
:10A580008327410B330A5A01232C410B9387170071
:10A590002322540113077000232AF10A6344F73C75
:10A5A00013048400137F4D0063060F00B38A8E41AD
:10A5B000634E503D63D48E01930E0C00832701013E
:10A5C000B387D7012328F100E3180A668327010225
:10A5D000232A010A638807008325010213850400EA
:10A5E000EFF0CF951304C10B6FF0DFDF93050D0083
:10A5F00013850400EF404015630405006F304014DC
:10A600008317CD009306A00013F7A701E314D7D654
:10A610000317ED00E34007D603274D061377170015
:10A620006318070093F70720639407006F20805298
:10A630008326410113860A0093050D00138504004B
:10A64000EF3080218320C1192328A10003250101B7
:10A6500083244119832A4118032D01171301011A7C
:10A660006780000013068000930500001305010AAF
:10A67000EFE09FBF13051000B38AAA006FF0DFD68A
:10A6800083278100130A0500338BFA406382FA04A2
:10A69000832781000326410B232264012320F40039
:10A6A0008327810B13061600232AC10AB38767018B
:10A6B000232CF10A930770001304840063C8C702B7
:10A6C00083270101B38767012328F100E3120AD62B
:10A6D0008327810B032DC100638407006F200030A6
:10A6E0008317CD00232A010A6F0010588325C1006B
:10A6F0001306010B13850400EF30402463040500AA
:10A700006F20104B1304C10B6FF09FFB93F60720D3
:10A710006380063493962701E3DA06C09316270177
:10A72000E3DC06C26F20506A2324710193778D0009
:10A73000930E0C00638407006F10003283274101E1
:10A740009387770093F787FF03A707009387870016
:10A75000232CE10203A7C7FF232AF1002326E102ED
:10A76000971701009387079B0327C10203AA0700DD
:10A7700083AA4700832B8103131C170093551C00E9
:10A7800013850B0013060A0093860A002322610238
:10A790002320D103EFE0C04D832E010203234102A9
:10A7A000630405006F10500013850B0093551C00C7
:10A7B00013060A0093860A00EFD0DFBC832E010245
:10A7C000032341026344A0006F10007E8325C10271
:10A7D00013850B001306000093060000EFD09FBA0C
:10A7E000832E010203234102137DFDF7635405000C
:10A7F0006F20007A930670040347F10797F7000073
:10A800009387C7F563D466006F20000D63040700CB
:10A810006F20903A930A3000138C0A006F00803743
:10A820008325C1001306010B13850400232EC105E7
:10A83000232CF104232861042326E1042324D105D9
:10A84000EF30C00FE3140540032A810B032EC1052E
:10A8500083278105032301050327C104832E810477
:10A860001304C10B6FF0DFCC832A410B83268101D7
:10A8700013071000330AEA00B38AEA00130B8400BE
:10A880006344D7006F00507B130710002322E400BD
:10A890002320F400232C410B232A510B13077000B3
:10A8A000635457016F10005F03270103938A1A0056
:10A8B000232A510B330AEA0003274103232C410BBF
:10A8C000130B8B00232CEBFE03270103232EEBFE3F
:10A8D00013077000635457016F1080582324F1024E
:10A8E00003258103832781018325C102130600000C
:10A8F000930600002322D1031384F7FFEFC0507F9B
:10A90000832E4102E306057883278102938A1A0089
:10A91000330A8A0093871700232A510B232C410BFB
:10A920002320FB0023228B0093077000E3C857739A
:10A93000130B8B008327C1038326C103130701096F
:10A94000338A470193871A002320EB00232C410B05
:10A95000232AF10A2322DB001307700013048B0063
:10A96000E352F7C48325C1001306010B13850400CD
:10A970002322D103EF20907CE31A052C032A810BBC
:10A98000832E41021304C10B6FF0DFC1130B0001D2
:10A990008327410B97F800009388487B63585B0737
:10A9A000930C7000138D0E0097FB0000938B0B7AB5
:10A9B0006F00C000938A0AFF63565B05130A0A0101
:10A9C000938717002320740123226401232C410B59
:10A9D000232AF10A13048400E3DEFCFC8325C10072
:10A9E0001306010B13850400EF205075E3100526B4
:10A9F000938A0AFF032A810B8327410B1304C10B9F
:10AA0000E34E5BFB930E0D0093880B00330A5A0153
:10AA100093871700232C410B232AF10A23201401CA
:10AA20002322540113077000E356F7B88325C100B1
:10AA30001306010B138504002322D103EF201070AD
:10AA4000E3160520032A810B832E41026FF09FB687
:10AA500003258D05EFE08FFF8317CD0003274D06FB
:10AA600093962701E3C2068E6FF05F8C03C30B0041
:10AA70006FF0DF9E03C30B00136D0D026FF01F9E7E
:10AA80002324710193770D02930E0C0063940778D1
:10AA9000832741018326410113770D0193874700E6
:10AAA00003AA0600630407006F20905113770D047A
:10AAB000631407006F10103B131A0A01135A0A415E
:10AAC000935AFA41232AF10013870A00634207725E
:10AAD00063440B4EB3675A01137DFDF7639E074C29
:10AAE000631C0B4C8348F107639408006F10D0532C
:10AAF000130C0000130E000023200102930A000033
:10AB0000130B000093070116130C1C0063140E00B6
:10AB10006F20104F032A810B0325410B937C4D08B6
:10AB2000130C2C0093050A0013060500E38E0C1885
:10AB30002324010223220102130E0000E38E089E4B
:10AB4000130720006FF01F9C23247101930730042A
:10AB5000930E0C006314F3006F10402893770D01DF
:10AB6000638407006F10802783274101130C1000B6
:10AB7000930A0C0083A70700130AC10F230EF10EDE
:10AB800083274101A30F010693874700232AF10081
:10AB900093070A00032A810B2320010223240102C8
:10ABA00023220102937C4D08130B0000130E0000BA
:10ABB00093050A00E3900C9433878E41E346E03816
:10ABC0000347F107E31C0792330B5B41E354609B9F
:10ABD0000326410B97FC0000938C4C5663D8690BFD
:10ABE000930B0B0013070A00938C0A009308700064
:10ABF000938A07002324D10593070400130B0E004A
:10AC0000130A030017F40000130444536F00C0003C
:10AC1000938B0BFF63D87905130707011306160002
:10AC200023A0870023A23701232CE10A232AC10A8B
:10AC300093878700E3DEC8FC8325C1001306010B60
:10AC400013850400EF20904FE3120500938B0BFF58
:10AC50000327810B0326410B9307C10B9308700058
:10AC6000E3CC79FB832E810413030A00130A070047
:10AC700013070400130E0B0013840700138B0B0043
:10AC800093870A00938A0C00930C0700330A6A0129
:10AC9000130616002320940123226401232C410B68
:10ACA000232AC10A1307700013048400E354C78CDD
:10ACB0008325C1001306010B13850400232CC10555
:10ACC0002328F104232661042324D105EF20104713
:10ACD000631E057613770D10032A810B032E810561
:10ACE000832701050323C104832E81041304C10BB0
:10ACF000E306078813075006E35867B60325810368
:10AD00008325C10213060000930600002326F104E8
:10AD10002324D1052328C105EFC0903D832E810453
:10AD20008327C104032E0105E31405068327410B85
:10AD300017F70000130787842320E400130A1A0082
:10AD400013071000938717002322E400232C410BE4
:10AD5000232AF10A13077000130484006354F700D8
:10AD60006F1040618327410803278101E3DEE73A42
:10AD7000032701038327410B13048400330AEA00ED
:10AD80000327410393871700232C410B232CE4FE58
:10AD900003270103232AF10A232EE4FE1307700080
:10ADA000E342F76A83278101938AF7FF635C50FFD0
:10ADB000130B00018327410B63445B016F20900854
:10ADC00013070A00938C0A00930B700017FA000017
:10ADD000130ACA36938A0E006F000001938C0CFF91
:10ADE00063449B016F1000741307070193871700DA
:10ADF0002320440123226401232CE10A232AF10A9F
:10AE000013048400E3DCFBFC8325C1001306010B63
:10AE100013850400EF209032631A05620327810B2B
:10AE20008327410B1304C10B6FF05FFB83274101A4
:10AE3000032741012324710183A70700A30F010603
:10AE4000930E0C00930B4700E38207641307300551
:10AE50006314E3006F108054137E0D0163040E0031
:10AE60006F10C05363540B006F1010391385070027
:10AE700013060B00930500002324C103232AF100CD
:10AE800023228103EF3090222320A1020347F10700
:10AE900083274101832E4102032E810263140500A2
:10AEA0006F20C06683260102B38AF64013C8FAFFFA
:10AEB0001358F84133FC0A0163040700130C1C000B
:10AEC000232A7101130B0000232401022322010213
:10AED00023200102130330076FF0CFE083274101E5
:10AEE00003AC0700E35A0C2483274101330C804153
:10AEF00093874700232AF10003C30B00136D4D0015
:10AF00006FF0CFD52324710193770D02930E0C00BF
:10AF1000136F0D016398070683274101938747004C
:10AF200003274101A30F0106930A0000032A07002B
:10AF300063540B006F10D060232AF100137DFFF7DC
:10AF4000631E0A06631C0B06130E00008348F107FC
:10AF5000130B0000130C0000930A00009307011666
:10AF600023200102E38408BA130C1C006FF01FBAFF
:10AF70002324710193770D02930E0C00E38E0732A8
:10AF8000130F0D0083274101A30F0106938777005C
:10AF900093F787FF13878700232AE10003AA07009E
:10AFA00083AA4700E3480B3A137DFFF763160B00B3
:10AFB000B3675A01E38A07F8E3940A5093079000B5
:10AFC000E3E04751130A0A03A30F4115130C0B00CA
:10AFD000E35660378348F107130E0000930A100010
:10AFE0009307F115232001026FF0DFF7232471018D
:10AFF00093770D02930E0C0013680D01E380072474
:10B00000832741019387770093F787FF1387870092
:10B01000232AE10003A6470003A70700A30F0106A8
:10B02000137DF8BF63440B50137DF8B763100B50CA
:10B03000B367C700639C074E137C180063060C6E51
:10B0400093070003A30FF114930A0C0023200102BD
:10B05000130B00002324010223220102130E00001F
:10B060009307F1156FF00FC89307B00203C30B00ED
:10B07000A30FF1066FF08FBE03C30B00930780068A
:10B08000E306F33E136D0D046FF04FBD23247101F1
:10B0900093770D02930E0C00E39C07208327410158
:10B0A0000327410193760D0193874700032707008B
:10B0B000638406006F20407493760D046394060049
:10B0C0006F10405C1317070113570701232AF10083
:10B0D00013080D00130600006FF05FF40327410111
:10B0E0002324710193770D0213074700E39607129B
:10B0F00093770D01638407006F10804793770D04E9
:10B10000638407006F10100C137F0D2063140F0071
:10B110006F1000468327410183260101232AE100A5
:10B1200083A707002380D7006FF0CFABB78700005D
:10B13000938707832310F10883274101232471019A
:10B14000A30F010603A70700930E0C009386470088
:10B1500013060000E3440B20137FFDF7136D2F004F
:10B16000630407006F10803F63040B006F10003F03
:10B17000232AD100130E2000130380078348F10710
:10B18000130B0000130C0000930A00009307011634
:10B19000232001026FF01FDD03C30B009307C006DD
:10B1A000E30EF32C136D0D016FF04FAB03C30B00D7
:10B1B000136D8D006FF08FAA2324710193770D0218
:10B1C000930E0C00136F0D01639807048327410150
:10B1D0009387470003274101232AF100130D0F0035
:10B1E000032A0700935AFA4113870A00E352078E95
:10B1F000B3374001B30A5041B38AFA409307D002F3
:10B20000A30FF106330A4041E3480BDA137DFDF743
:10B210006FF09FDA130F0D0083274101130D0F000C
:10B220009387770093F787FF03A7470093868700EC
:10B2300003AA0700232AD100930A07006FF01F8991
:10B2400013850400EF40C054832745001385070091
:10B250002322F104EFE00F8F930C05001385040007
:10B26000232A9105EF40C0520327850003C30B003A
:10B270002320E10463840C9E6302079E834707003A
:10B28000638E079C136D0D406FF04F9D03C30B0041
:10B29000136D1D006FF08F9C8347F10703C30B00F4
:10B2A000639E079A93070002A30FF1066FF00F9BAE
:10B2B00003C30B00136D0D086FF04F9A03C30B000F
:10B2C0009307A00293861B006314F3006F200045D0
:10B2D000130703FD13069000130B00006364E602DE
:10B2E00093172B0003C30600B387670193971700DA
:10B2F000338BE700130703FD93861600E372E6FE27
:10B30000E3420B0C938B06006FF08F95B3888E4150
:10B31000635E10A5930200010326410B97FC000019
:10B32000938CCCE163D8120B2326F10413070A0097
:10B3300093070400938C0A0093037000938B0E0014
:10B34000232461041384080017FA0000130A0ADF9B
:10B35000930A0E006F00C000130404FF63DA820436
:10B36000130707011306160023A0470123A2570065
:10B37000232CE10A232AC10A93878700E3DEC3FC5A
:10B380008325C1001306010B13850400EF20005B29
:10B39000631E050A93020001130404FF0327810BB7
:10B3A0000326410B9307C10B93037000E3CA82FA93
:10B3B0009308040003238104138407008327C10436
:10B3C000138E0A00938E0B00938A0C00930C0A00D4
:10B3D000130A0700330A1A011306160023209401EA
:10B3E00023221401232C410B232AC10A13077000C6
:10B3F00013048400635CC7968325C1001306010B08
:10B4000013850400232CC1052328F104232661049D
:10B410002324D105EF208052631A0502032A810BF1
:10B42000832E81040323C10483270105032E810594
:10B430001304C10B6FF08F938325C1001306010B1A
:10B4400013850400EF20804F6302059883220102D8
:10B45000032DC10063880200938502001385040058
:10B46000EFE0CFAD8317CD0003274D06137717000C
:10B470006316070013F70720E300072A93F7070472
:10B48000638407006F1010650324811903290119D3
:10B490008329C118032A8118032B0118832BC11794
:10B4A000032C8117832C4117832DC1168320C119CA
:10B4B0000325010183244119832A4118032D011713
:10B4C0001301011A6780000033878E412324010293
:10B4D00023220102130E00006348E03A639408003F
:10B4E0006FF08F85130720006FF0CF818325C10097
:10B4F0001306010B13850400232CC1052328F10436
:10B50000232661042324D105EF204043E31005F4F2
:10B51000032A810B032E8105832701050323C10420
:10B52000832E81041304C10B6FF0CF8393070116A0
:10B530009315D601937677001357370013850700CC
:10B540003387E5009386060313563600B365C700BC
:10B55000A38FD7FE9387F7FFE39C05FC938606FD38
:10B560006386060013771D00631E07581307011634
:10B57000B30AF740130C0B0063445B49232001021C
:10B580002324010223220102130E00006FE09FF525
:10B5900003264108635AC03A03278101130B0E00AA
:10B5A0006354C701130B0700635860030327410B63
:10B5B000330A6A012320F4001307170023226401D1
:10B5C000232C410B232AE10A930670001304840004
:10B5D00063D4E6006F1010251347FBFF1357F741A4
:10B5E000337BEB00330B6E41635460016F00507D81
:10B5F00013770D40B38CC701630407006F1000750B
:10B60000832A41080327810163C8EA0013771D00DC
:10B61000631407006F108034832601030327410B56
:10B6200013048400330ADA0083264103130717004A
:10B63000232C410B232CD4FE83260103232AE10A69
:10B64000232ED4FE9306700063D4E6006F105025BD
:10B6500003278101B387E700338B9741B30A574132
:10B6600063D46A01138B0A00635860038327410B7C
:10B67000330A6A012320940193871700232264016F
:10B68000232C410B232AF10A1307700013048400B2
:10B690006354F7006F1050279347FBFF93D7F74190
:10B6A000337BFB00B38A6A41634450016FE09FEF34
:10B6B000130B00018327410B63445B016F109078EB
:10B6C00013070A00938C0A00930B700017FA00000E
:10B6D000130ACAA6938A0E006F00C000938C0CFF59
:10B6E000E3529B651307070193871700232044014A
:10B6F00023226401232CE10A232AF10A1304840083
:10B70000E3DEFBFC8325C1001306010B1385040057
:10B71000EF20C022E31C05D20327810B8327410BB6
:10B720001304C10B6FF09FFB930A0000130B000082
:10B730002324010223220102130E00002320010210
:10B74000930701166FE01FDA0326410B130A00016D
:10B7500097F800009388889F6352EA0A938B07004A
:10B76000232C510593070400930370002324D10573
:10B7700023266104130407002328C10597FA00005B
:10B78000938ACA9C6F00C000130404FF63588A04A4
:10B79000938505011306160023A0570123A2470134
:10B7A000232CB10A232AC10A93878700E3DEC3FC56
:10B7B0008325C1001306010B13850400EF20001838
:10B7C000E31605C8130404FF8325810B0326410BF0
:10B7D0009307C10B93037000E34C8AFA93880A0025
:10B7E000832E81040323C104032E0105832A8105CE
:10B7F000130704001384070093870B00330AB70074
:10B80000130516002322E400232C410B232AA10A4E
:10B8100023201401130770006348A7700347F10742
:10B82000130484006318071C63940C006FE01FD49A
:10B83000930C00006FE05FD0B376ED0063840600E8
:10B840006FF08F842320F4002322E400232C410B8B
:10B85000232A510B9307700063DE578D8325C100A7
:10B860001306010B138504002322D103EF20000DE2
:10B87000E31E05BC032A810B832A410B832E410260
:10B88000130BC10B6FF00F8B930C20006FF01FECAC
:10B89000032781019307100063DEE78893071001F7
:10B8A00097FC0000938C8C89E3D8E74E930C0C0036
:10B8B000930B0001930770002322D10317FC0000B3
:10B8C000130CCC876F00C000130404FFE3DE8B4A27
:10B8D000130A0A01938A1A0023208B0123227B0179
:10B8E000232C410B232A510B130B8B00E3DE57FD56
:10B8F0008325C1001306010B13850400EF2000040B
:10B90000E31605B4032A810B832A410B130BC10BE9
:10B91000930770006FF05FFB9316270163C4060066
:10B920006FE09FA36F10501D93771D006394070075
:10B930006FE05FC76FF0CFC39387470003C30B006F
:10B94000232AF1006FE09FB10327410B97E6000027
:10B950009386C6C22320D400130A1A00930610004F
:10B96000130717002322D400232C410B232AE10ABA
:10B97000930670001304840063D4E6006F10C06463
:10B98000032781013367C700E30E07740327010310
:10B990008326410B13048400330A47010327410324
:10B9A00093861600232C410B232CE4FE032701036E
:10B9B000232AD10A232EE4FE13077000E342D77630
:10B9C000635406006F10C07C032781019386160024
:10B9D0002320F400330A4701232C410B232AD10AE8
:10B9E0002322E4009307700063C4D7006FE05FBBBD
:10B9F0006FE05FF713870C00930C00006FE09FB0BF
:10BA0000138C0A00232001022324010223220102B5
:10BA1000130E00006FE01FAD832741018326010153
:10BA20000326010183A7070093D6F641232AE100EC
:10BA300023A0C70023A2D7006FE0DF9A832741012C
:10BA4000938747000327410113060000232AF100D2
:10BA5000032707006FF08FDC8327410113050106E0
:10BA60002322610283A707002320810303A7070085
:10BA70002320E10603A747002322E10603A787004E
:10BA80002324E10683A7C7002326F106EFD08039DF
:10BA900083274101032341022326B10293874700F4
:10BAA000232AF100232CA102930E0C006FE05FCB40
:10BAB00013080D006FF0CFD4832741018326410185
:10BAC00013770D019387470083A6060063040700E0
:10BAD0006F10105113770D04E304073C139A06010D
:10BAE000A30F0106135A0A01930A0000E34A0B6AE6
:10BAF000336E4B01232AF100137DFDF7631E0ECA3E
:10BB00006FF0CFE71305E5FF130700039306011657
:10BB1000B38AA640A38FE7FE130C0B0063545B01AE
:10BB2000138C0A009307050023200102232401023D
:10BB300023220102130E00006FE0DF9A8348F10711
:10BB4000130C1000130E0000930A10009307F11558
:10BB50006FF04FC9130D0F006FF00FC6136D2D005E
:10BB6000232AD100130E20009308000097E500005F
:10BB70009385C5BF13038007930701169376F700DB
:10BB8000B386D50083C60600135747009387F7FF97
:10BB90002380D7009316C6013387E600135646006C
:10BBA000B366C700E39C06FC13070116B30AF7400F
:10BBB000130C0B0063565BBB138C0A00232001029D
:10BBC0006FF04FBA130BF0FF938B06006FE05F89A5
:10BBD000930E0C002324710197E50000938545BA6C
:10BBE00093770D02638807248327410193877700A9
:10BBF00093F787FF03A7070003A6470093868700F4
:10BC000093771D003365C70063840700631805360A
:10BC1000A30F010663420B2C137DFDB763180B7451
:10BC200063160574232AD100130E00006FF00FB2C3
:10BC3000930E0C002324710197E50000938505B352
:10BC40006FF01FFA8325C1001306010B1385040052
:10BC50002322D103EF10904E631A05FE032A810BB5
:10BC6000832E41021304C10B6FF0CF9303C31B005B
:10BC7000136D0D20938B1B006FE04FFE03C31B0061
:10BC8000136D0D02938B1B006FE04FFD9307600057
:10BC9000130C0B00E3EE6743232A710123200102FA
:10BCA000930A0C00130B000023240102232201023B
:10BCB000130E000097E700009387C7AD6FE09F82E7
:10BCC00037DCCCCCB7DCCCCC130CDCCC938CCCCC20
:10BCD00013780D409305000013060116938B0E0098
:10BCE0006F0000080327010403470700930617F0BD
:10BCF00063840600630EB77E93080A0013850A006A
:10BD00001386070033075A01B33647013307D700BC
:10BD1000B336870313DE260093F6C6FFB386C6014B
:10BD20003307D7403307EA40B336EA00B386DA4038
:10BD3000330F9703B3868603333E8703B386E6014A
:10BD400033078703B386C601139EF60193DA160004
:10BD500013571700330AEE00631405006F10C03745
:10BD600033075A01B3364701B306D70033B586030C
:10BD7000938515009307F6FF935825001375C5FFAB
:10BD800033051501B386A640B306DA403335DA0031
:10BD90003385AA40B3B8860333058503B38686038B
:10BDA000330515011315F50193D61600B306D5001A
:10BDB00013952600B306D50093961600B306DA4015
:10BDC00093860603A30FD6FEE31E08F093080A002D
:10BDD00013850A00138607006FF01FF31306800017
:10BDE000930500001305810A232261022320D10359
:10BDF000EFD08FC783274101130AC10F9306810A31
:10BE000003A6070093050A0013850400EF80003A9B
:10BE10009307F0FF832E010203234102930A0500DA
:10BE20006306F50C1348F5FF1358F841337C050100
:10BE30006FE01FD50327410193770D01930647005B
:10BE4000032707006396070893770D04638E0706A0
:10BE50001317070113570701130600006FF05FDA8D
:10BE60008325C1001306010B138504002324F1026E
:10BE70002322D103EF10902C631A05DC032A810BD7
:10BE8000832A410B83278102832E4102130BC10BAE
:10BE90006FE0DFA48325C1001306010B13850400A6
:10BEA0002324F1022322D103EF105029631005DA75
:10BEB000032A810B832A410B83278102832E4102AF
:10BEC000130BC10B6FE05F9E93770D20E39E072C51
:10BED000130600006FF0DFD2137DFDBF232AD100CF
:10BEE000130E0000930800006FF01FC9032DC1005E
:10BEF0008317CD0003274D0693E607042316DD00C4
:10BF000013771700630407006F10C03C93F70720F6
:10BF1000638407006F10003C03258D05EFD08FB4BC
:10BF20008317CD006FF08FD58325C1001306010B59
:10BF300013850400232CC1052328F1042326610462
:10BF40002324D105EF10901F631205D00347F1079A
:10BF5000032A810B832E81040323C1048327010557
:10BF6000032E81056306076E13870C000325410B22
:10BF7000930C00001304C10B6FE0CFD893070003AC
:10BF8000A3006108A30F01062300F108E34C0B5442
:10BF9000137FFDB7136D2F00130E20008348F107A8
:10BFA000232AD1006FF05FBD032781038327C102DD
:10BFB000232261021306070093860700130507007A
:10BFC000938507002320D103EFC0904A832E0102FE
:10BFD00003234102630405006F104049937AF3FD87
:10BFE000930710046398FA6E930700032300F10887
:10BFF0001307100693078005E30EE33AA300F10848
:10C0000093073006E3CA67378327C10263D407006A
:10C010006F10C0320327C102130A0000232001025F
:10C020009307C10F03258103232EF1029305070017
:10C0300093672D001306410823246102232CD101AC
:10C040002322F102EF30D04117F700001307070D4C
:10C050000326070083264700EFB090121306000066
:10C0600093060000930A0500938C0500EFB050087A
:10C07000832E8101032381028327C10363160500F8
:10C08000130710002322E10897D600009386466F1D
:10C09000130710062324D1026318E30017D700000A
:10C0A0001307C76C2324E10217F700001307870763
:10C0B000832607000327470023248104138D0400EF
:10C0C00013840A0093840C00232CD100930C0A00E3
:10C0D000232EE100032A8102138C0700232ED103B3
:10C0E00023266104938A07006F00C0011306000035
:10C0F00093060000EFB0C07F631405006F1040325C
:10C10000130BFBFF032681018326C10113050400E5
:10C1100093850400EFB0D006938405001304050056
:10C12000EFC0503A930B0500EFC0D0411306050055
:10C13000938605001305040093850400EFB0907EFC
:10C14000B3067A0183C6060013860A0013040500AD
:10C150002380DA00938A1A0093840500E3180BF811
:10C1600097F60000938686FC03A8060083A8460085
:10C17000832EC1030323C10493040D00938608009A
:10C18000138D0B00930B0600130608002328D1051E
:10C19000232E6102232C8101138A0C00138C0A00C8
:10C1A000938C0500930A0500EFC0CF8C0324810413
:10C1B000832781010323C103832E01056344A00467
:10C1C0002324F10497F70000938747F603A807009C
:10C1D00083A8470013850A0093850C001306080006
:10C1E00093860800232CD101EFB08070832E81014B
:10C1F0000323C10383278104631A050493761D007A
:10C2000063860604032781022324710B8346FCFF07
:10C210000346F70013070C006310D60293050003D2
:10C22000A30FB7FE0327810A9306F7FF2324D10A41
:10C230008346F7FFE386C6FE138616009305900338
:10C240001376F60FE388B61AA30FC7FE83264108BC
:10C250001307F3002308E1083306FC401387F6FFB9
:10C260002322E108232CC100E34A07149306B002FD
:10C27000A308D10893069000E3DEE6141308F10941
:10C28000B7D8CCCC930508009388D8CC130F3006D0
:10C29000B3361703130E0700138605009385F5FFC9
:10C2A00093D63600139526003305D50013151500D7
:10C2B0003307A74013070703A30FE6FE1387060003
:10C2C000E348CFFD13870603A38FE5FE1307E6FFC0
:10C2D000636407016F10803E130521099306050072
:10C2E000834507001307170093861600A38FB6FE39
:10C2F000E31807FF3307A700130727003307C740DA
:10C30000930601093307D740232EE10283268101DA
:10C310000326C10313071000B38AC6006344D70085
:10C320006F00D07F03270103B38AEA00032741028D
:10C3300013C8FAFF1358F841137FF7BF33FC0A0103
:10C34000136D0F10137E2700E30C0A769308D002BA
:10C35000A30F1107130B0000130C1C006FE00FFB61
:10C3600013850400EFC08FE96FD09FFA130E000011
:10C370006FF0DFC28325C1001306010B1385040093
:10C380002322D103EF10805B6312058C032A810BFB
:10C39000832E41021304C10B6FE0DF9C1305810A59
:10C3A0001306800093050000232261022320D1039D
:10C3B0002326F108232AF100EFC01FEB8327410158
:10C3C000832E010203234102E34A0B12232A810038
:10C3D000130C000013040B00930A0000130AF0FF73
:10C3E000938C0E0023206102138B07006F00000363
:10C3F0009306810A9305C10F13850400EF70105B4B
:10C40000E3024571B387AA006342F402130C4C00A7
:10C41000639487006F00507C938A07008327C108CC
:10C42000B387870103A60700E31406FC0324410138
:10C4300003230102938E0C0093070B00E3820A3C56
:10C4400093073006E3DA575D93851A0013850400DD
:10C4500023206102232AD101EFD0CFDC832E4101BA
:10C460000323010293070500E30E05682320A102C0
:10C4700013068000930500001305810A232AF100AA
:10C48000232461022322D103EFC01FDE8325410153
:10C490001307810A93860A001306C1081385040056
:10C4A000EF70906283274101832E410203238102B2
:10C4B0006384AA006F1040373387570123000700B9
:10C4C0000347F10713C8FAFF1358F84133FC0A0178
:10C4D00063040700130C1C00232A7101130B0000D6
:10C4E0002324010223220102130E00006FD09FFFBC
:10C4F00063960A54130790006362475513070116A9
:10C50000232CB100B30AF740938E0B00130C0B00E1
:10C51000634C5B3B8348F107130E000023200102AC
:10C520006FE05FA4938E0A00938A0C00930C0A00BC
:10C53000130A0700330A5A0193871700232C410B73
:10C54000232AF10A232094012322540113077000A7
:10C550006344F7006FE0CF846FE0CFC097D5000051
:10C560009385C520130E2000130380076FF01FA3CF
:10C57000832741018326010183A7070023A0D70059
:10C58000232AE1006FD01FE6832E410293070C009F
:10C59000138C0C00938C0700330A8A00938A1A00CC
:10C5A000232C410B232A510B23209B0123228B0098
:10C5B0009307700063C457016FE08FB76FF00FAA45
:10C5C000930600010326410B97EC0000938C0CB7F7
:10C5D00063DA662913070A00930C0B00138A07001D
:10C5E000832BC10093070400930A70002324D10514
:10C5F00017E40000130484B4130B0E006F00C00096
:10C60000938C0CFF63D296251307070113061600BF
:10C6100023A0870023A2D700232CE10A232AC10AE2
:10C6200093878700E3DECAFC1306010B93850B009A
:10C6300013850400EF108030E31C054E0327810BA7
:10C640000326410B9307C10B930600016FF05FFBBC
:10C6500063860C320325410B930C00001304C10BBD
:10C660006FD09FED13770D20630E0730131A8A01E8
:10C67000135A8A41935AFA41232AF10013870A0078
:10C680006FE0CFC493760D20638606321377F70FE1
:10C69000232AF10013080D00130600006FE01F9815
:10C6A000137E0D20A30F010663160E2E138A0600BB
:10C6B000930A0000E3420B4E232AF100137DFDF79D
:10C6C00063040B006FE09F8F639406006FE01FAB65
:10C6D0006FE0DF8E9307F0FF936B0D106302FB4852
:10C6E00063160B0093879AFBE38C076E8327C102C6
:10C6F000130A0000938C070063D80700B70C008072
:10C70000B3CC9701130AD00293076004639AFA4EE0
:10C710000327810393074108930630009305070020
:10C7200013860C0013070B009308810A1308C10835
:10C7300013850400232C61002320D103EF30C07C3B
:10C740008346050013070003832E010203238101A2
:10C7500093070500330C6501E38EE63E032741088D
:10C760000325810393850C00130600009306000047
:10C770002322F102232C61002320D103330CEC008F
:10C78000EFB00017832E01020323810183274102AA
:10C79000E30805400327810A636487016F104003A3
:10C7A00013060003930617002324D10A2300C700B1
:10C7B0000327810AE36887FF3307F7409306700475
:10C7C000232CE100032E41086382DA4A1307600438
:10C7D0006396EA4A13771D0033676701E356C07119
:10C7E000E31C0758930A0E0013036006137F0D40E5
:10C7F000E3160F4C13C8FAFF1358F84133FC0A0133
:10C80000E3040A0E1307D002A30FE106130C1C0069
:10C81000138D0B0023200102130B000023240102BF
:10C82000232201026FD01FCC23200102930A0000B3
:10C830002324010223220102130E00009307011694
:10C84000130C00006FD01FCA832E8104130E0B003F
:10C85000138B0C00930C04001384070093070A0049
:10C86000130A0700330A6A011306160023209401F5
:10C8700023226401232C410B232AC10A13077000D1
:10C88000130484006344C7006FE09FD68325C10072
:10C890001306010B138504002328C1052326F10488
:10C8A0002324D105EF108009630405006FE01FBA4F
:10C8B000032A810B032E01058327C104832E8104E3
:10C8C0001304C10B6FE0DFD2138C0A006FF09FC41A
:10C8D000138C07006FF04FBC97D70000938747E891
:10C8E0006FD0DFF213771D00631407006FD09FCB6A
:10C8F000032701038326410B330A47010327410322
:10C9000093861600232C410B2320E4000327010308
:10C91000232AD10A2322E40013077000635ED7762E
:10C920008325C1001306010B138504002324F102A3
:10C930002322D103EF108000630405006FE01FB1D4
:10C9400003264108032A810B8326410B832781029A
:10C95000832E41021304C10B6FF08F8603278101E0
:10C96000B387E700338B9741B30A574163C46A0129
:10C970006FE09FD2138B0A006FE01FD21304C10B2C
:10C980006FD0DFBE935AFA41232AF10013870A00C1
:10C990006FE0CF9313FAF60F930A0000635A0B94DB
:10C9A000232AF1006FE04FE11377F70F1306000021
:10C9B0006FF00FA5232AF10013080D0013060000E5
:10C9C0006FE0CFE58327410183260101232AE1009F
:10C9D00083A707002390D7006FD0DFA01385040042
:10C9E0001306010B93050D00EF005075631405004D
:10C9F0006FD01FCF6FE01FA7138507002322C1034D
:10CA000023208103232AF100EFC0DF930347F107BE
:10CA10001348F5FF1358F84183274101832E010283
:10CA2000032E4102930A0500337C050163140700BD
:10CA30006FE00FC9130C1C006FE08FC8032741057E
:10CA40008325410423220103B386E7401306070030
:10CA500013850600232C61002320D102EF10506FB4
:10CA600033075A01B337470137D6CCCC1306D6CC9F
:10CA70003307F700B335C70237D5CCCC1305C5CC87
:10CA800083270104832601040323810183C7170040
:10CA900003284102B337F00093D8250093F5C5FF72
:10CAA000B38515013307B7403307EA40B335EA00D1
:10CAB000B385BA403305A702B387F6008326010287
:10CAC0002320F1049387F6FFB385C502B385A50043
:10CAD0003335C7023307C702B385A5001395F501A7
:10CAE00093DA15009305100013571700330AE50079
:10CAF00033075A01333547013307A7003335C702DF
:10CB0000935825001375C5FF330515013307A7405A
:10CB10003307EA403335EA003385AA40B338C70209
:10CB20003305C5023307C702330615011316F60194
:10CB3000135717003307E600131627003307E600E4
:10CB4000131717003307EA4013070703A38FE6FE06
:10CB50006FF04F9903258D05EFC0CFF06FD05FAD1B
:10CB60008327C102E3C6072E832CC102130A0000EB
:10CB7000130B60006FF05FB993051B001385040071
:10CB8000232C61002320D103EFC0DFE9832E0102B3
:10CB90000323810193070500630A05B40327C1023B
:10CBA000E34407200327C1022320A102130A000047
:10CBB0006FF04FC7930780076FF04FC41307D00281
:10CBC000A308E108130680FF130710003307D740BE
:10CBD00063C6C6EA93062109130707032380E6000C
:10CBE00013070116B386E6401387160D232EE102C4
:10CBF0006FF0CFF18326810203C6A6006FF0CFE469
:10CC0000032681039387BAFB93B71700B3876701A5
:10CC10001387070093050600232CF10013860C00F0
:10CC2000930741089308810A1308C108930620005E
:10CC300013850400232261022320D103EF30C02C8E
:10CC400013077004832E010203234102930705009A
:10CC5000E398EA3013771D006314074E0327810A17
:10CC6000032E41083307F740232CE1001327DEFF92
:10CC700063140700635ACB031303E3FF1307FEFF9C
:10CC8000230861082322E108634407769306B00273
:10CC9000A308D1089306900063D8E6762322A10367
:10CCA000232001026FF08FDD03278101634CEE56D4
:10CCB00013771D00930A0E00630607000327010384
:10CCC000B30AEE00137F0D4063040F006346C07F7C
:10CCD00013C8FAFF1358F84133FC0A011303700616
:10CCE0006FF01FB2137FFDBF136D2F00232AD100F9
:10CCF000130E2000930800006FE01FE81307810A5D
:10CD0000930600001306C108930500001385040074
:10CD10002322F10223206102232AD101EF70C05A9D
:10CD20001307F0FF832E41010323010283274102F1
:10CD3000930A05006308E55C2326F1086FF00FF005
:10CD4000232AF100130D0F006FE04FA703274102C4
:10CD5000832681023367D700E30E0724032781016E
:10CD60002328A105232C810593050A00832B41026A
:10CD7000138A0C00032D8102032C4105832C01042E
:10CD80003383E700130604009306700013070001C5
:10CD900097DA0000938A8A3A2324D1052326F104E6
:10CDA00013040300634AA009938CFCFF938BFBFFE1
:10CDB0008327410B03254104B38585019387170021
:10CDC0002320A60023228601232CB10A232AF10A5C
:10CDD0001306860063CEF61003C50C00330B4441E6
:10CDE0001308040063546501130B050063566003C8
:10CDF0000325410BB3856501232CB10A13051500EA
:10CE00002320460123226601232AA10A63C6A61411
:10CE100003C50C0013068600934FFBFF93DFFF4111
:10CE2000B377FB01330BF54063446005330AAA0076
:10CE3000E34A70F76356A001130DFDFF6FF05FF733
:10CE4000832E81048327C104032D0105032C810552
:10CE50002320910513040600930C0A00138A050091
:10CE6000636498016FE0CFF9930C08006FE04FF90D
:10CE70000325410B97DF0000938F4F2C635A670BFC
:10CE8000930704002322010313040B002324F1035E
:10CE9000138B07006F00C000130404FF6350870862
:10CEA0009385050113051500232056012322E60072
:10CEB000232CB10A232AA10A13068600E3DEA6FC6E
:10CEC0008325C1001306010B13850400EF00102712
:10CED000630405006FE08FD78325810B0325410B89
:10CEE0001306C10B13070001930670006FF0DFFA01
:10CEF0008325C1001306010B13850400EF001024E5
:10CF0000630405006FE08FD48325810B1306C10BEA
:10CF100013070001930670006FF01FEC0328410215
:10CF2000832F810293070B00130B04001384070067
:10CF3000B385650113051500232CB10A232AA10A24
:10CF40002320F6012322660163CCA61003C50C0042
:10CF5000130686006FF09FED8325C1001306010BB9
:10CF60001385040023220103EF00501D6304050014
:10CF70006FE0CFCD03C50C008325810B0328410250
:10CF80001306C10B13070001930670006FF0DFE872
:10CF90009307D002A30FF106232001029307700428
:10CFA0002324010223220102930A3000130B000004
:10CFB000130E000063D2671497C700009387477A67
:10CFC000130C40006FD00FD28325C1001306010B54
:10CFD000138504002324F1022322D103EF0010164D
:10CFE000630405006FE08FC603264108032A810B06
:10CFF00083278102832E41021304C10B6FE05F98E7
:10D000000348F107232A7101130B0000333C000190
:10D010002324010223220102130E00002320010217
:10D020006FD04FCC8325C1001306010B138504007C
:10D030002328C1052326F1042324D105EF00101075
:10D04000630405006FE08FC0032A810B032E0105E6
:10D050008327C104832E81041304C10B6FE0CFD753
:10D060008325C1001306010B13850400232201034D
:10D07000EF00D00C630405006FE04FBD03C50C004A
:10D080008325810B032841021306C10B13070001FE
:10D09000930670006FF09FD9130484006FE0DF9255
:10D0A0008325C1001306010B138504002324F1021C
:10D0B0002322D103EF009008630405006FE00FB94D
:10D0C000832A4108032A810B83278102832E410290
:10D0D0001304C10B6FE0CFD71307900063741701DF
:10D0E0006FE01FC86FF08FC10347F107630207F2BB
:10D0F000130C1C006FF0CFF197C7000093870766F1
:10D10000130C40006FD00FBE8325C1001306010B26
:10D11000138504002322D103EF00500263040500AD
:10D120006FE0CFB2832A410883278101032A810B54
:10D13000832E41021304C10BB38A57416FE0CFD550
:10D140000325810393850C0013060000930600005D
:10D150002324F102232261022320D103EFA040798E
:10D16000832E01020323410283278102630E0500FF
:10D17000832681010327810A338CD700636287E30A
:10D180003307F740232CE100032E41086FF01FAE58
:10D19000130700FFB30BC04097DC0000938C0CFA20
:10D1A0006354E60C938C0B00930A0001938B0700E9
:10D1B000130B700093070A002322D10317DA000033
:10D1C000130ACAF76F00C000938C0CFF63D29A0950
:10D1D00093870701938616002320440123225401DC
:10D1E000232CF10A232AD10A13048400E35EDBFC1A
:10D1F0008325C1001306010B13850400EF000074A2
:10D20000630405006FE08FA48327810B8326410B05
:10D210001304C10B6FF05FFB232001029307C10FC2
:10D220006FF00FA503278101832601031303700606
:10D23000B30AD700634CC0DBB386CA41938A160099
:10D2400013C8FAFF1358F84133FC0A016FF04FDBA3
:10D25000832E410213070A00138A070093870B00ED
:10D26000938B0C00930C0700330A7A019386160007
:10D27000232C410B232AD10A232094012322740159
:10D2800013077000E35AD7E08325C1001306010B92
:10D29000138504002324F1022322D103EF00006A46
:10D2A000630405006FE08F9A032A810B8326410BEC
:10D2B00083278102832E41021304C10B6FE0CFF05C
:10D2C0008348F107130B0000638408006FD0DFC9A7
:10D2D0006FD0DF8303248119032901198329C11821
:10D2E000032A8118032B0118832BC117032C8117E4
:10D2F000832C4117832DC1169307F0FF2328F100DB
:10D300006FE0CF9A032DC100930200008357CD0038
:10D3100093E707042316FD006FE0CF930327410234
:10D3200013771700631407006FF04F806FE09FFFC3
:10D3300083220102138D0B006FE0CF91370700802D
:10D3400033C7E700130AD002232001029307C10F5D
:10D350006FE05FCD0325810393850C001306000069
:10D36000930600002322F102232C61002320D10325
:10D37000EFA00058832E010203238101832741027D
:10D3800063140534032E41083308CC013307F840F9
:10D39000232CE1006FF08FC3232AF1006FD01FC24E
:10D3A0003307FC40032E4108232CE1006FF08FC2AD
:10D3B000032DC1006FE00F8B23200102930A300080
:10D3C000130B00002324010223220102130E00008C
:10D3D000130C40006FD00F91930A04000323010245
:10D3E00003244101938E0C0093070B006FF00F850F
:10D3F0001307D002A308E108930680FF130710006B
:10D400003307C741E34CDE88930600032309D108A4
:10D410002322A10323200102930631096FF0CFFBE1
:10D4200093040D00130DFBFF93070C00832EC10323
:10D43000032481040323C104138C0A00138A0C0003
:10D44000338B6A0193860A001306000363540D00B0
:10D450006FE0DFDF93861600A38FC6FEE31CDBFEC2
:10D460003307AC01130C17006FE05FDE8327C102A6
:10D47000B70F0080137DFDF733FEF70163040E1E26
:10D480009307D002A30FF106232001029307700433
:10D490002324010223220102930A3000130B00000F
:10D4A000130E000063DA672297C700009387C72B2B
:10D4B000130C40006FD00F83130370060327010481
:10D4C00003470700130617F063000632635EC73197
:10D4D0008326010413050000930500006F008001FE
:10D4E0009385150093861600130617F06302060451
:10D4F0006350C705330EEE4003C71600E31207FE64
:10D5000003C70600130515006FF01FFE232A7101E3
:10D51000630E0706130C1B00930A0B002324010261
:10D52000130B000023220102130330076FC09FFB7F
:10D530002320D104832641053387A5002322B1028D
:10D540003307D7022324A102B38AEA0013C8FAFFE3
:10D550001358F84133FC0A0163040A141307D0027C
:10D56000A30FE106130C1C00138D0B0023200102F6
:10D57000130B00006FC01FF703270103B306CB0195
:10D5800013036006B38AE6006FF04FA6930A0B0000
:10D59000130C0B002324010223220102130B0000B1
:10D5A000130330076FC01FF48326C10237070080C2
:10D5B0002320A10233C7E600130AD0026FE09FA622
:10D5C00013771700E31A07D28357CD0093F707208C
:10D5D000E39407D203258D05EFB0DFC86FF0DFD1EC
:10D5E0008327C102130A0000938C070063D8070049
:10D5F000B70C0080B3CC9701130AD0020327810334
:10D600009307410813860C00930507009308810ACD
:10D610001308C108130710009306200013850400A7
:10D62000232261022320D103130B1000EF20D00D21
:10D63000832E01020323410293070500232C61017D
:10D640006FF04FE197DC0000938C4CAF6FE09FEEE2
:10D65000B70C0080B3CC9701130AD002130B600003
:10D660006FF08F8A930670040347F10797C7000095
:10D670009387470F63D6660097C700009387C70E4E
:10D6800063160718930A3000138C0A00130B00006E
:10D690002324010223220102232001026FC09FE400
:10D6A0000347F1076306070A130C1C00138D0B00D8
:10D6B00023200102130B00006FC0DFE213072000DC
:10D6C000232EE1026FE09FC4130710003307674168
:10D6D0002322E1086FF0CF8897C70000938787085F
:10D6E000130C40006FC01FE0631A0700130C1000FA
:10D6F000930A0C00130360066FF08F900327010359
:10D700001303600693061700B38A660113C8FAFF75
:10D710001358F84133FC0A016FF08F8E83274101C3
:10D7200003AB07009387470063540B00130BF0FF14
:10D7300003C31B00232AF100938B06006FC01FD286
:10D7400083274D0693F71700E39807BA6FF0DFE7DA
:10D75000138D0B0023200102130B00006FC09FD814
:10D760002324A1020325810393850C0013060000E6
:10D7700093060000232261022320D103EFA040176B
:10D78000832E01020323410283278102630E0502D7
:10D79000832681010327810A338CD70063748701B4
:10D7A0006FF00F803307F740032E4108232CE10070
:10D7B0006FF0CFCC032781013388E7006FF04FEA89
:10D7C000130F0D006FD01FA1032E41086FF00FCB78
:10D7D0003307F740032E4108232CE1006FE01FFFC1
:10D7E000130F0D006FD0CFF31307000023240102A5
:10D7F000232201026FF05FD513080D006FE08FA4A4
:10D8000023240102232201026FC0DFCD130B00008D
:10D81000232401022322010223200102930A300063
:10D82000130C40006FC01FCC032DC10083220102E6
:10D830008357CD0093E707042316FD006FD09FC1E7
:10D840001307050003A541B19306060013860500E2
:10D85000930507006FC01FA683D7C50003AE45061A
:10D8600003D3E50083A8C50103A84502130101B74E
:10D870001307004093F7D7FF232481482320214931
:10D88000138405001309050093050108130501071A
:10D8900023261148232291482326D1009304060011
:10D8A0002312F102232EC10723136102232A11033D
:10D8B000232E0103232CB1002324B1022320E102F3
:10D8C0002326E10223280102EFB05F978326C100DF
:10D8D000138604009305810113050900EFC09F9D85
:10D8E00093040500635005048357410293F707042E
:10D8F000638807008357C40093E707042316F400E6
:10D9000003250107EFB01F948320C14803248148F9
:10D910000329014813850400832441481301014968
:10D92000678000009305810113050900EF000042A4
:10D93000E30C05FA9304F0FF6FF01FFB032786004A
:10D94000631807001305000023220600678000000B
:10D95000130101FE232E11002326C100EF00C05940
:10D960008327C1008320C10123A4070023A207004D
:10D970001301010267800000130101FF232611003B
:10D98000232021016382050E23248100232291009C
:10D9900013840500930405006306050083274503EF
:10D9A00063800710832744060317C40093F717000A
:10D9B0006396070A137707206308070E9305040090
:10D9C00013850400EF00C0128327C4021309050069
:10D9D000638A07008325C40113850400E7800700DC
:10D9E0006340050A8357C40093F707086392070A48
:10D9F00083250403638C0500930704046386F50004
:10DA000013850400EFB09FD3232804028325440428
:10DA10006388050013850400EFB05FD2232204045D
:10DA2000EFB0CF83832744062316040093F7170033
:10DA30006384070A03258405EFB0DF80EFB08F828F
:10DA40008320C100032481008324410013050900C1
:10DA5000032901001301010167800000E31007F6AC
:10DA600003248100832441008320C10013090000A6
:10DA7000130509000329010013010101678000005B
:10DA80008357C4001309F0FF93F70708E38207F6F2
:10DA90008325040113850400EFB05FCA6FF05FF5C2
:10DAA000EFA0DFF56FF01FF003258405EFB00FFA4C
:10DAB0008317C400E39407F08327440693F7170005
:10DAC000E39007FA03258405EFB0CFF90324810022
:10DAD000832441006FF05FF903258405EFB08FF8D0
:10DAE0006FF05FF59305050003A541B16FF0DFE826
:10DAF0000397C500130101FE232C81002326310169
:10DB0000232E1100937787001384050093090500E5
:10DB100063920712B71700009387078083A645001A
:10DB2000B367F7002396F500635CD01803288402DE
:10DB30006306080E232A91009316370183A4090077
:10DB400023A0090063CA06188325C4011306000038
:10DB50009306100013850900E70008009307F0FF03
:10DB600013060500630CF51A8317C400032884020A
:10DB700093F74700638E07000327440083270403BD
:10DB80003306E640638607008327C4033306F64066
:10DB90008325C4019306000013850900E7000800EF
:10DBA0001307F0FF8317C400631CE51283A6090066
:10DBB0001307D0016362D7183707402013071700F7
:10DBC0003357D7001377170063080716832604011D
:10DBD00037F7FFFF1307F77F33F7E7002316E4005B
:10DBE000232204002320D400139737016356070033
:10DBF00083A70900638807108325040323A09900E5
:10DC0000638A0510930704046386F50013850900F1
:10DC1000EFB0DFB283244101232804028320C10135
:10DC2000032481018329C1001305000013010102AF
:10DC3000678000002328210103A90501630A090860
:10DC4000232A910083A405001377370023A0250120
:10DC5000B3842441930700006314070083A74501A0
:10DC60002324F400634890006F0040063309A900A4
:10DC7000635E9004832744028325C40193860400D5
:10DC80001306090013850900E7800700B384A44048
:10DC9000E34EA0FC8357C4000329010193E7070466
:10DCA0008320C1012316F400032481018324410150
:10DCB0008329C1001305F0FF1301010267800000F2
:10DCC00083A6C503E344D0E66FF05FF583244101EA
:10DCD000032901016FF09FF4032604056FF05FE94B
:10DCE0008326040137F7FFFF1307F77F33F7E700B9
:10DCF0002316E400232204002320D40013973701C5
:10DD0000E35C07EE832504032328A40423A09900E1
:10DD1000E39A05EE832441016FF05FF083A70900C9
:10DD2000E38407E4138737FE630C07009387A7FE9D
:10DD3000638807008357C40093E707046FF05FF61A
:10DD400023A09900832441016FF05FED130101FED0
:10DD5000232E1100130705006306050083274503E2
:10DD6000638E07088396C50093070000638206044C
:10DD700083A7450693F717006396070093F60620DE
:10DD800063800604130507002324B100EFF05FD67B
:10DD9000832581009307050003A745061377170025
:10DDA0006318070003D7C50013770720630807022D
:10DDB0008320C10113850700130101026780000061
:10DDC00003A585052326E1002324B100EFB00FC889
:10DDD0000327C100832581006FF0DFFA2324A1000F
:10DDE00003A58505EFB00FC8832781008320C101FB
:10DDF0001385070013010102678000002326B1008C
:10DE00002324A100EFA09FBF8325C1000327810029
:10DE10006FF05FF56304050C03A741B1130101FE28
:10DE2000232E11009305050063060700832747038F
:10DE3000638007068396C50093070000638206048B
:10DE400083A7450693F717006396070093F606200D
:10DE5000638E0604130507002324B100EFF05FC9A9
:10DE6000832581009307050003A745061377170054
:10DE70006318070003D7C50013770720630607045C
:10DE80008320C10113850700130101026780000090
:10DE90002326A100130507002324E100EFA01FB6ED
:10DEA0008325C100032781006FF0DFF803A58505F6
:10DEB0002326E1002324B100EFB04FB90327C100AE
:10DEC000832581006FF01FF92324A10003A5850598
:10DED000EFB04FB9832781006FF09FFA17D600008B
:10DEE000130686A597050000938585E617D50000E3
:10DEF000130545A56FA09FBD83278600638C07226D
:10DF00008396C500130101FC232C810223244103C5
:10DF100023225103232E110293F786001384050058
:10DF2000930A0500130A06006384070A83A7050104
:10DF30006380070A232A9102232821032326310321
:10DF40002320610393F7260083240A00638A070ACB
:10DF5000370B0080130B0BC093090000130900005E
:10DF60001386090013850A00630E091A9306090037
:10DF700063762B01B7060080938606C08327440290
:10DF80008325C401E78007006358A04083278A00E7
:10DF9000B389A9003309A940B387A7402324FA0015
:10DFA000E39007FC83244103032901038329C10271
:10DFB000032B0102130500008320C1030324810306
:10DFC000032A8102832A41021301010467800000B1
:10DFD0009305040013850A00EF00007763160526F9
:10DFE0008316C400232A9102232821032326310308
:10DFF0002320610393F7260083240A00E39A07F4A1
:10E00000232E7101232C810193F7160063980712C8
:10E010008327040037070080130CF7FF130B000061
:10E02000930900006388090E13F706200329840072
:10E0300013850700630E0720930B090063E0292D69
:10E0400013F70648630C07080326440183250401DF
:10E05000131716003307C7001359F701B38BB740E6
:10E060003309E90093871B0013591940B38737011F
:10E07000130609006376F900138907001386070069
:10E0800093F606406382062C9305060013850A006A
:10E09000EFB05F99630605308325040113860B00FA
:10E0A0002326A100EF1050078357C4000327C100A7
:10E0B00093F7F7B793E707082316F400B3077941FE
:10E0C00033057701232A24012328E4002320A40018
:10E0D0002324F40013890900938B090093050B0096
:10E0E00013860B00EF10C070032784008327040001
:10E0F000330727412324E40003278A00B3877701ED
:10E100002320F400330737412324EA006300072863
:10E110008316C40003AB040083A9440093848400E5
:10E120006FF05FF083A9040003A944009384840086
:10E130006FF01FE31305000067800000130B000061
:10E14000930B000013050000130C0000630E0B0678
:10E150006306050893870B0093090B0063F46701BE
:10E1600093890700832644010329840003250400C2
:10E17000832704013389260163F4A700634039092A
:10E1800063CED918832744028325C40113060C00EB
:10E1900013850A00E7800700130905006354A008EF
:10E1A000B38B2B411305100063800B1683278A0065
:10E1B000B38727412324FA00638A071C330B2B41C2
:10E1C000330C2C01E3160BF803AB440093870400D7
:10E1D00093848400E30A0BFE03AC070013060B00D4
:10E1E0009305A00013050C00EF00406C630A0518AE
:10E1F00013051500B30B85416FF0DFF593050C0097
:10E2000013060900EF10C05E832704009305040085
:10E2100013850A00B38727012320F400EFF01FB312
:10E22000E30005F88317C400832BC101032C81018F
:10E2300083244103032901038329C102032B010223
:10E2400093E707042316F4001305F0FF6FF0DFD601
:10E25000032704016360F7060327440163ECE90424
:10E260009386090063743C0193060C0033E7E602D1
:10E27000832744028325C40113060B0013850A007B
:10E28000B386E640E7800700E35EA0F813090500C7
:10E2900083278A00B3892941B38727412324FA00C1
:10E2A0006386070E8316C40083270400330B2B01FB
:10E2B0006FF05FD763F42901138909001385070004
:10E2C0001306090093050B00EF108052832704000A
:10E2D00003278400B3872701330727412320F40055
:10E2E0002324E400E31607FA9305040013850A00CB
:10E2F000EFF0DFA5E30E05F86FF0DFF213890900F8
:10E30000938B09006FF09FDD9305040013850A00CD
:10E31000EFF0DFA3E30C05E86FF0DFF013860900F0
:10E3200093050C00EF10C04C0327840083270400E2
:10E330001389090033073741B38737012324E400E9
:10E340002320F4006FF0DFE513850A00EF50001B77
:10E3500013070500E31405D68325040113850A007D
:10E36000EFB0CFBD8357C4001307C000832BC1019A
:10E37000032C810123A0EA0093F7F7F76FF05FEB1E
:10E3800093071B00938B07006FF01FDD832BC101E8
:10E39000032C81016FF01FC18317C4006FF05FE988
:10E3A0009307C00023A0FA00832BC1018317C40088
:10E3B000032C81016FF0DFE7130101FE232E110012
:10E3C000130705006306050083274503638C070CCC
:10E3D0008327460693F71700639807008357C60004
:10E3E00093F70720638E07068327860093F6F50FC1
:10E3F0009387F7FF2324F60063DA070003258601DD
:10E4000063C4A704938766FF63800704832706001D
:10E4100093F5F50F138717002320E6002380D7001C
:10E420008327460693F71700639807008357C600B3
:10E4300093F70720638807048320C1011385050033
:10E440001301010267800000130507002322C100A9
:10E45000EF00001903264100930505006FF05FFCF3
:10E46000032586052326B1002324E1002322C100D1
:10E47000EFA0DFDD8325C1000327810003264100D3
:10E480006FF09FF6032586052322B100EFA09FDDE4
:10E49000832541008320C10113850500130101027A
:10E4A000678000002326C1002324B1002322A1009D
:10E4B000EFA0CFD40326C1008325810003274100AC
:10E4C0006FF01FF183A641B1130101FE232E11004D
:10E4D00013070500138605006386060083A746031D
:10E4E000638E070C8327460693F71700639807008F
:10E4F0008357C60093F707206380070883278600A9
:10E500009375F70F9387F7FF2324F60063DA07006C
:10E510000325860163C4A704938765FF638007040E
:10E52000832706001377F70F938617002320D60062
:10E530002380B7008327460693F7170063980700E8
:10E540008357C60093F70720638A07048320C1011D
:10E5500013050700130101026780000093050700FF
:10E56000138506002322C100EF0080070326410027
:10E57000130705006FF01FFC032586052326E10025
:10E580002324D1002322C100EFA05FCC0327C100C8
:10E5900083268100032641006FF05FF60325860580
:10E5A0002322E100EFA01FCC032741008320C101FB
:10E5B0001305070013010102678000002324A10056
:10E5C000138506002322D1002326B100EFA00FC33C
:10E5D0000326C10003278100832641006FF09FF0CE
:10E5E000130101FE232C8100232A9100232E110008
:10E5F0009304050013840500630605008327450383
:10E6000063820712032786018317C6002324E600CE
:10E6100013F787006306070803270601630207084C
:10E620009396270103274606B725000063D0060A04
:10E630009317270163C2070C0327060083270601EF
:10E6400083264601B307F74063DCD70A9387170098
:10E6500083268600930517002320B6009386F6FFD5
:10E660002324D60023008700032746011374F40FE8
:10E67000630CF706930764FF639807008357C6008F
:10E6800093F71700639207068320C1011305040066
:10E6900003248101832441011301010267800000EA
:10E6A00093050600138504002326C100EF00C0096E
:10E6B000631405040326C100B72500008317C600B4
:10E6C0000327460693962701E3C406F6B7E6FFFF45
:10E6D0009386F6FFB3E7B7003377D7002316F6002B
:10E6E0002322E6066FF0DFF493050600138504008D
:10E6F000EFF0CFE5E30A05F81304F0FF6FF0DFF861
:10E7000093050600138504002326C100EFF00FE4F3
:10E71000E31405FE0326C10093071000032706003B
:10E720006FF01FF32326C100EFA04FAD0326C100F9
:10E730006FF05FED9307050003A541B11386050057
:10E74000938507006FF0DFE903A741B1130101FED4
:10E75000232E1100130605009387050063060700AA
:10E7600083264703638A06100397C70093768700C2
:10E77000638E060283A60701638A06040397C70017
:10E7800013761700630E060603A6470123A40700AD
:10E79000130500003306C04023ACC70063800608A1
:10E7A0008320C101130101026780000093760701F5
:10E7B0006382060E93764700639E060683A60701D2
:10E7C000136787002396E700E39A06FA03A7C700BA
:10E7D0009305002013770728E302B7FA1305060014
:10E7E000938507002324F100EF5010328327810026
:10E7F0000397C70083A6070113761700E31606F8F0
:10E8000013762700930500006314060083A54701D3
:10E8100023A4B70013050000E39406F893760708D5
:10E82000E38006F8136707042396E7001305F0FF5B
:10E830006FF01FF783A5070363860502938607041D
:10E840006380D502130506002326F1002324C100AE
:10E85000EFA0DFEE8327C100032681000397C700E6
:10E8600023A8070283A607011377B7FD23A2070099
:10E8700023A0D7006FF0DFF42324A10013050700C5
:10E880002326B100EFA08F978327C10003268100C4
:10E890006FF09FED93069000136707042320D600C6
:10E8A0002396E7001305F0FF6FF09FEF9377350095
:10E8B00013F7F50F63800702630806088347050016
:10E8C0001306F6FF6380E7081305150093773500FC
:10E8D000E39407FE130830006378C80493F5F50F3E
:10E8E00093978500B385B700939705013703FFFE23
:10E8F000B7888080B385F5001303F3EF9388080889
:10E9000083270500B3C7F500B386670093C7F7FFF9
:10E91000B3F7F600B3F71701639A07001306C6FFB3
:10E9200013054500E36EC8FC630006023306C5000C
:10E930006F00C000130515006308C500834705007C
:10E94000E39AE7FE6780000013050000678000007F
:10E95000B3E7A50093F737006396070093374600A7
:10E9600063860704130705006F00C00183C6F5FF27
:10E970001308F6FFA38FD7FE638E060013870700E8
:10E98000130608009385150093071700E31006FE91
:10E99000678000003307C700630E080493871700E1
:10E9A000A38F07FEE39CE7FE678000003703FFFEAE
:10E9B000B78880801303F3EF9388080813070500D6
:10E9C000130E300083A60500B387660013C8F6FF58
:10E9D000B3F70701B3F71701E39607FA1306C6FF6B
:10E9E0002320D7001307470093854500E36CCEFC36
:10E9F0006FF05FF967800000130101FF232291008F
:10EA000097C500009385055917C5000013050548F3
:10EA10009384419423248100232021012326110083
:10EA200013840400EF10C0011389419E9305040074
:10EA300017C5000013050556EF10C00A13040402A1
:10EA400063140502E31424FF8320C1000324810022
:10EA5000832441000329010017C500001305054365
:10EA6000130101016780000097B50000938505D36D
:10EA700017C5000013058541EF50903693850400BB
:10EA800017C500001305854093840402EF505035EC
:10EA9000E39C24FD6FF05FFB130101F92324810641
:10EAA000139455003304850023202107232E3105BC
:10EAB000130905009389050013050600930504005A
:10EAC000232291062326110693040600EF108001ED
:10EAD000631205028320C106130504000324810686
:10EAE00083244106032901068329C1051301010777
:10EAF0006780000097B50000938585CA13850400E0
:10EB0000232C4105232A5105EF00D07D6302051A0D
:10EB100097B50000938545C913850400EF00907CEC
:10EB20006308051683C7040013073004638CE718D5
:10EB30009387F7F993F7F70F130790016364F712C0
:10EB400083C714009387F7F993F7F70F636CF710F7
:10EB500083C724009386F7F993F6F60F637ED71ADE
:10EB6000138724009306F005638ED71A9306E002FC
:10EB7000638CD76493F7F70B6396070E130A0102B1
:10EB800013050A0097B500009385C5C22322E10052
:10EB90002328610523267105EF00906A03274100B1
:10EBA00083460700930700046386F666930A000015
:10EBB000930B0000130B000083470102130740036F
:10EBC0009387F7FB93F7F70F636AF70817B700000F
:10EBD0001307C75893972700B387E70083A7070059
:10EBE000B387E7006780070083471102130700051A
:10EBF00093F7F70D6394E7061306200097B500001E
:10EC0000938545C213050A00EFF09FD49305C10117
:10EC1000130521021306A000EF5040248327C101F1
:10EC200083C70700639C07029307403A6300F526F9
:10EC300063CEA7669307A03663C2A7029307103579
:10EC400063D2A768B71701011305E5CA9387571A5E
:10EC5000B3D7A70093F71700639C071E032B01058A
:10EC6000832BC104130400008320C1061305040094
:10EC700003248106032A8105832A41058324410652
:10EC8000032901068329C1051301010767800000DC
:10EC9000130A010213050A0097B50000938505B118
:10ECA0002328610523267105EF0090596FF01FF0AE
:10ECB00097B50000938545AF13850400EF005058C9
:10ECC0006FF01FE583C7140013071000938737FD0B
:10ECD00093F7F70FE368F7F8130A0102938524000E
:10ECE00013050A002328610523267105EF005055FE
:10ECF00013050A0093050004EF5090186304050003
:10ED00002300050013050A00EFA0CFE3938724003A
:10ED10003387A7006FF0DFE883C734001387340020
:10ED20006FF05FE483471700930690019387F7FB2A
:10ED300093F7F70FE3E8F6F2834727009387F7FB93
:10ED400093F7F70FE3E0F6F2834737001307370036
:10ED50006FF0DFE197B50000938585A813050A00E1
:10ED6000EF505001630C050097B500009385C5A7CF
:10ED700013050A00EF501000E31205EE97B50000EE
:10ED8000938505A613050A00EF00904B9736000007
:10ED90009386C6C7175600001306C61413076000F3
:10EDA00093072000638AF93A930760006398F9009B
:10EDB00093050A001305A914EF00904893850400F9
:10EDC00013050400EF00D047130405008320C1069B
:10EDD0001305040003248106032A8105832A4105C3
:10EDE000032B0105832BC10483244106032901065B
:10EDF0008329C10513010107678000001306300055
:10EE000097B500009385C5A613050A00EF50901F23
:10EE1000E31605E4034531021307010197B500002D
:10EE2000938545A5130535FD133515009307050397
:10EE30003385E700130535FEEF00D04AE31005E205
:10EE400097B50000938545A313050A00EF00503FD6
:10EE500097360000938606B5175600001306860500
:10EE6000130710006FF0DFF397B5000093858599C5
:10EE700013050A00EF500070E31205DE97B500009D
:10EE80009385459813050A00EF00903B97360000E4
:10EE9000938646E7175600001306861313072000D3
:10EEA0006FF01FF097B500009385859B13050A004E
:10EEB000EF50406CE31405DA97B500009385C59ACE
:10EEC00013050A00EF00D0376FF09FF813064000DB
:10EED00097B500009385459513050A00EF509012F1
:10EEE000E31E05D6834741029306D0021307410271
:10EEF0006396D700834751021307510293F7F70D2A
:10EF0000930620056380D738834707001307500511
:10EF100093F7F70D6382E73813074005E390E7D4D2
:10EF200097B500009385C59113050A00EF00503195
:10EF30006FF01FF297B500009385858B13050A00CB
:10EF4000EF504063E31C05D097B500009385458AD8
:10EF500013050A00EF00D02E973600009386861323
:10EF60001756000013060619130780006FF05FE3C1
:10EF70001306300097B500009385458913050A00F4
:10EF8000EF505008E31C05CC834731021307010101
:10EF900013064000938737FD93B717009387070345
:10EFA000B387E700938737FE97B5000093854586C2
:10EFB000138507002322F100EF50D004E31005CAA7
:10EFC000832741001306A0009305C10103C5470034
:10EFD000130535FD133515003385A70013054500CE
:10EFE000EF40D0671307F5FF13370701E30807C6A3
:10EFF000130745FFE30407C60327C10103470700C2
:10F00000E31E07C42322A10097B500009385C580A5
:10F0100013050A00EF00D022832741001307A00048
:10F02000130691026358F70013071003A304E102CB
:10F030001306A10237676666130777663397E70200
:10F0400093D6F741A3000600135727403307D74054
:10F05000931627003387E60013171700B387E7409E
:10F06000938707032300F6006FF09FDE97A500004B
:10F070009385C57313050A00EF50C04FE31005BE1A
:10F0800097A500009385857213050A00EF00501BB9
:10F090006FF01FDC1306800097A500009385C57AEA
:10F0A00013050A00EF500076E31A05BA0345810202
:10F0B0001307010197A500009385C579130535FD58
:10F0C00013351500930705033385E700130585FE07
:10F0D000EF50404AE31405B897A500009385C57723
:10F0E00013050A00EF00D0156FF09FD6130630000D
:10F0F00097A500009385057013050A00EF508070F6
:10F10000E31E05B4034531021307010197A5000072
:10F110009385856E130535FD13351500930705039B
:10F120003385E700130535FEEF50C044E31805B200
:10F1300097A500009385856C13050A00EF00501019
:10F1400097360000938686D317560000130686F084
:10F15000130730006FF0DFC493050A001305A912EE
:10F160002326D1002324C1002322E100EF00500D0B
:10F1700003274100032681008326C1002304E912EE
:10F180002320C90E2322D90E93050A001305090076
:10F19000EF50801663940A029396FB0193D7F60111
:10F1A000639E0700032741001307F7FF630807006A
:10F1B000834701029387B7FAB33AF00063160B0452
:10F1C0002324590F6FF09FBF930A1700130A0102FF
:10F1D00093850A0013050A0023286105232671057B
:10F1E000EF00100613050A0093050004EF50404994
:10F1F000630405002300050013050A00EFA08F94A7
:10F200003387AA006FF0DF999307F0FF2324F90EEC
:10F210006FF0DFBA23248105130C170013050C00CF
:10F2200097A500009385C559EF00D00B930B0500FF
:10F23000930A0000130B100063160500032C8104D1
:10F240006FF09F9797A500009385455813050C0014
:10F25000EF005009930A0500130B0000930B1000F8
:10F26000E30E05FC13050C0097A500009385C55619
:10F27000EF005007933A1500032C8104930B000014
:10F280006FF09F9397A500009385855A13050A0098
:10F29000EF00007B6FF0DFBB97A500009385C55999
:10F2A00013050A00EF00C0796FF09FBA930750462C
:10F2B000E300F5BA1305E5B193078000E3FAA7B8B8
:10F2C0006FF0DF999307102EE304F5B863CCA70025
:10F2D0009307501BE30EF5B69307002DE310F59846
:10F2E0006FF01FB793077030E31AF5966FF05FB6B3
:10F2F000130101FF232291009384050097A50000CC
:10F30000938505582324810023261100130405004A
:10F31000EF20C06663060500834705006396070477
:10F320009397240017B7000013074707B307F700A8
:10F3300083A5070013050400EF2040646306050061
:10F3400083470500639207021305040097A5000098
:10F3500093858553EF20806263060500834705008F
:10F3600063940700138501A78320C1000324810053
:10F37000832441001301010167800000130101FC97
:10F38000232E7101232E1102232C81022328210315
:10F3900093076000930B050063E2B71A2322510321
:10F3A00023206103930A0600138B050063060626DB
:10F3B0002324410317C900001309C9BD17DA00004F
:10F3C000130A0A9F232A91022326310313040A00F9
:10F3D0009304090097D90000938989A993850400B3
:10F3E0001305040013040402EF00806593840402F3
:10F3F000E31634FF83C70A006396070C63120B24DD
:10F4000097D400009384C49A13041000930AF00167
:10F41000130B70009305040013850B00EFF05FEDF4
:10F4200093090500EF901FF29307050093850900EB
:10F430001385040063EAFA0E13041400EF00406021
:10F4400093840402E31864FD138B016693090B0097
:10F4500097D400009384C49513041000930A70009D
:10F460009305090013850900EF00805D13860400F1
:10F470009305040017C500001305C5AFEFF0CFE1F9
:10F48000630E051E1304140093890902130909026F
:10F4900093840402E31654FD03248103832441036F
:10F4A0008329C102032A8102832A4102032B01021C
:10F4B0008320C10303290103832BC101130101042C
:10F4C0006FF08FD363000B0A13850A00EF909FE75C
:10F4D0009307F00163EAA70493175B0017D70000B6
:10F4E0001307078B3304F70093850A001305040004
:10F4F000EF0000551306040093050B0017C500002C
:10F50000130545A7EFF04FD913040500EFF0CFCE58
:10F51000832441038329C102032A8102832A4102F1
:10F52000032B01026F004002832441038329C1029F
:10F53000032A8102832A4102032B0102130960017D
:10F5400023A02B01130400008320C1031305040032
:10F550000324810303290103832BC1011301010447
:10F56000678000009305F00213850A00EF504011F8
:10F5700093070500630C0518034715001306F002F6
:10F58000930607006318C70003C727009387170077
:10F59000E30CD7FEE30A07F817D4000013044481F4
:10F5A000130B10009304F002338657411307F00148
:10F5B000E34CC7F61306160093850A0013050400F2
:10F5C0002326F100EF50C01F8327C100130B1B003F
:10F5D00003C707006318970003C717009387170036
:10F5E000E30C97FE630C071413870700834617008C
:10F5F00013071700138616FD63840600E31806FE42
:10F600009306700013040402E300DBE4938A07000E
:10F61000930707006FF05FF917C400001304048715
:10F620006380050E1394550097C700009387879455
:10F63000832A4102032B01023304F4006FF0DFF050
:10F6400093050B0013850B00EFF09FCA9304050090
:10F65000EF905FCF9307F001E3E8A7EC93175B000F
:10F6600017C700001307C7723304F700938504001F
:10F6700013050400EF00C03C6FF0DFE793041000B7
:10F6800003A90B00631C94006F0000069384140010
:10F69000130A0A02130B0B026388840493050B0000
:10F6A00013050A00EF00C03913060A009385040011
:10F6B00017C500001305058CEFF00FBEE31805FC1D
:10F6C00097A500009385450E13050A00EF0040370B
:10F6D00013060A009385040017C5000013058589E9
:10F6E000EFF08FBB6FF09FFA832441038329C1029F
:10F6F000032A8102832A4102032B01026FF05FE497
:10F70000832A4102032B01026FF01FE413850A00D4
:10F71000EF905FC39307F001E3E8A7E017C4000090
:10F72000130404691305040093850A0013040402FA
:10F73000EF000031E31834FF6FF01FD113145B00AA
:10F7400017C700001307C7649307700033048700CE
:10F75000E30CFBCE930504FE13050400130404021E
:10F76000EF00002EE31834FF6FF01FCE03C5C1A2D7
:10F77000678000009307050003A541B113860500CB
:10F78000938507006FF09FBF1305050F678000008A
:10F790001385419F678000001385419F67800000AB
:10F7A000130101FF232481001304050013850500C4
:10F7B00023A201B423261100EF109FB19307F0FF9D
:10F7C000630AF5008320C1000324810013010101B5
:10F7D0006780000083A741B4E38607FE8320C10051
:10F7E0002320F4000324810013010101678000003D
:10F7F00063F6A502B387C5006372F50263080604C9
:10F800003306C50003C7F7FF1306F6FF9387F7FF1C
:10F810002300E600E318C5FE678000009307F000B0
:10F8200063E8C702930705009306F6FF6300060E20
:10F8300093861600B386D70003C705009387170089
:10F8400093851500A38FE7FEE398D7FE678000003D
:10F85000B367B50093F73700938805006392070AF2
:10F860009357460013984700330805019387F7FF25
:10F870001307050083A605009385050113070701FB
:10F880002328D7FE83A645FF232AD7FE83A685FF1C
:10F89000232CD7FE83A6C5FF232ED7FEE31C07FD2E
:10F8A000939747003387170193050701B307F500C6
:10F8B0001378C60093870701138E05009376F60030
:10F8C000630808049386C6FF93F6C6FF3307D70084
:10F8D000130747013308154103A30500B388050149
:10F8E0009385450023A06800E398E5FE1387460052
:10F8F000B305C701B307F700137636006FF0DFF2E8
:10F900009306F6FF930705006FF09FF267800000F3
:10F91000138606006FF05FF1B3C7A50093F73700B9
:10F92000B308C50063960706133646006312060641
:10F930009377350013070500639A070C13F6C8FF89
:10F94000B306E6409307000263C4D706938605001A
:10F9500093070700637AC70203A80600938747004E
:10F960009386460023AE07FFE3E8C7FE1306F6FFC3
:10F970003306E6401376C6FF93854500130747001C
:10F98000B385C5003307C7006368170167800000AF
:10F9900013070500E37C15FF83C705001307170055
:10F9A00093851500A30FF7FEE398E8FE678000003B
:10F9B00083A6050083A2450083AF850003AFC50081
:10F9C00083AE050103AE450103A3850103A8C5016C
:10F9D0002320D70083A6050213074702232057FEE2
:10F9E000232ED7FE2322F7FFB306E6402324E7FFAA
:10F9F0002326D7FF2328C7FF232A67FE232C07FFD0
:10FA000093854502E3C6D7FA6FF05FF483C605001D
:10FA10001307170093773700A30FD7FE93851500C0
:10FA2000E38E07F083C605001307170093773700AE
:10FA3000A30FD7FE93851500E39A07FC6FF01FF024
:10FA4000B367B50093F737006390070803A7050075
:10FA5000B7867F7F9386F6F73378D7003308D800D0
:10FA60003368E8003368D8009307F0FF13060500F9
:10FA70006314F802938545002320E60003A70500E0
:10FA800013064600B377D700B387D700B3E7E70084
:10FA9000B3E7D700E38007FF83C7050003C715005E
:10FAA00083C625002300F600638A0700A300E60052
:10FAB000630607002301D6006394060067800000F8
:10FAC000A3010600678000009307050003C7050037
:10FAD0009387170093851500A38FE7FEE31807FEB1
:10FAE000678000003367B5009303F0FF137737009A
:10FAF00063100710B7877F7F9387F7F7032605000A
:10FB000083A60500B372F6003363F600B382F200F9
:10FB1000B3E26200639272106316D60803264500B2
:10FB200083A64500B372F6003363F600B382F20099
:10FB3000B3E26200639E720C6316D606032685004C
:10FB400083A68500B372F6003363F600B382F20039
:10FB5000B3E262006398720C6316D6040326C500F4
:10FB600083A6C500B372F6003363F600B382F200D9
:10FB7000B3E262006392720C6316D602032605019B
:10FB800083A60501B372F6003363F600B382F20078
:10FB9000B3E26200639C720A130545019385450137
:10FBA000E30ED6F41317060193970601631EF700C0
:10FBB0001357060193D706013305F7409375F50FE8
:10FBC00063900502678000001357070193D7070170
:10FBD0003305F7409375F50F6394050067800000C7
:10FBE0001377F70F93F7F70F3305F740678000009F
:10FBF0000346050083C6050013051500938515000F
:10FC00006314D600E31606FE3305D6406780000075
:10FC10001305450093854500E31CD6FC1305000041
:10FC2000678000001305850093858500E312D6FCEC
:10FC300013050000678000001305C5009385C5000B
:10FC4000E318D6FA130500006780000013050501CC
:10FC500093850501E31ED6F81305000067800000B8
:10FC6000370800801308F8FF23200600B376B80099
:10FC7000B708F07F938705001307050063FC16099A
:10FC8000B3E8A60063880808130101FE13DE4501EE
:10FC9000232E1100137EFE7F9308060013830500B8
:10FCA00013060000631C0E0297B700009387874875
:10FCB00003A6070083A6470023261101EF70504CCE
:10FCC000370700808328C1001308F7FFB376B80018
:10FCD00013830500130705001306A0FC93D64641C5
:10FCE000B70710808320C1019387F7FF938626C052
:10FCF0003373F300B386C600B707E03FB367F30082
:10FD000023A0D80013050700938507001301010203
:10FD100067800000130507009385070067800000D7
:10FD200003A805018327050163CC071D1308F8FF0D
:10FD3000931228001386450133035600130E450124
:10FD400083270300B3025E0003A70200130101FD35
:10FD5000938717002326110223248102B358F70248
:10FD60006360F70C930F0600130F0E0013040000DE
:10FD70001307000083A70F0083230F00130F4F000A
:10FD8000939E070193DE0E0193D70701939603011B
:10FD900093D6060193D30301938F4F00B38E1E03B6
:10FDA000B3871703B38E8E0013940E01135404010E
:10FDB00093DE0E01B3868640B386E60013D7064174
:10FDC0009396060193D60601B387D701939E070148
:10FDD00093DE0E0113D40701B307D741B387770031
:10FDE000139707013367D700232EEFFE13D7074180
:10FDF000E372F3F983A70200639407029382C2FFC0
:10FE000063685E006F0080011308F8FF63785E008E
:10FE100083A702009382C2FFE38807FE232805011F
:10FE200023261101232EC101232C6100232AC100A6
:10FE30002328010113040500EF2090758328C100D9
:10FE40006346050A032EC1010323810103264101F4
:10FE5000032801019388180013050E009307000082
:10FE60008326050083250600130545001397060128
:10FE7000939E050193DE0E01135707013307D74107
:10FE80003307F7009357074193D5050193D6060131
:10FE9000B387B740B387D7001317070193960701BD
:10FEA0001357070133E7E60013064600232EE5FE4D
:10FEB00093D70741E376C3FA93172800B307FE00F0
:10FEC00003A70700631407029387C7FF6368FE0058
:10FED0006F0080011308F8FF6378FE0003A7070096
:10FEE0009387C7FFE30807FE232804018320C1028C
:10FEF00003248102138508001301010367800000B9
:10FF0000130500006780000003238503130101F43B
:10FF1000232C810A232A910A2328210B2320610BF9
:10FF2000232E7109232C81092328A109232E110ACC
:10FF30002326310B2328E1002326F1002322B102DE
:10FF400013040500138B050093040600938B060031
:10FF500013090800138D0800130C06006302030246
:10FF60000327C5039307100093050300B397E70029
:10FF70002322E3002324F300EF20803A232C040201
:10FF8000938904001307000063DA040093941400BB
:10FF900013DC140093090C0013071000B707F07F5F
:10FFA0002320E90033F7F900630CF73813050B0041
:10FFB00093050C0013060000930600002324410B58
:10FFC00023206103130A0B00232E8101EF705012CE
:10FFD000631E05040327C100930710002320F700C8
:10FFE00063080D0097970000938757592320FD0061
:10FFF000032A810A17990000130949588320C10B6D
:02000004800179
:100000000324810B8324410B8329C10A032B010A9A
:10001000832BC109032C8109032D01091305090054
:100020000329010B1301010C6780000093050B00ED
:1000300013060C00130781079306C107130504007C
:100040002326B1092322510B232A910913D94901EF
:10005000EF30001593040500832D810763100932EA
:100060000329C1079307000233892D011307294390
:1000700063DAE76293070004B387E7401305294179
:10008000B399F9003355AB0033E5A900EF800FC8F1
:10009000B70710FE1309F9FF130A0500B387B7006D
:1000A000930C10009385070097B70000938707090A
:1000B00003A6070083A6470013050A00EF80800609
:1000C00097B700009387070803A6070083A6470099
:1000D000EF70100B97B700009387470703A6070040
:1000E00083A64700EF60904B130A05001305090033
:1000F000938A0500EF80104597B700009387870526
:1001000003A6070083A64700EF70900713060500BB
:100110009386050013050A0093850A00EF601048D6
:10012000130A0500938A0500EF80D0399309050072
:10013000130600009306000013050A0093850A00C9
:10014000EF804FA46350050213850900EF80903FB4
:1001500013060A0093860A00EF7080793335A000F9
:10016000B389A94033892D4193076001130AF9FF30
:1001700063E4372517A80000130848409397390017
:10018000B307F800032501028325C10103A6070078
:1001900083A64700EF800F9F634C05506344200106
:1001A0006F108023330A3A0123263103232C0102E6
:1001B000232C0100232401029307900063E8772396
:1001C0009307500063DA774B938BCBFF1307400004
:1001D0006394EB006F10C0406384FB7A93072000A8
:1001E000930A00006394FB006F10401B930B3000D8
:1001F0002320010483270101B3873701938C170063
:100200002324F10413860C006344900113061000AC
:1002100093067001130710009307400063C4C600E3
:100220006F10C05C939717009386470193050700F2
:1002300013071700E378D6FE232EB402130504003B
:10024000EF20400313090500631405006F10C04838
:10025000232CA40293B7FC00E384072CE3820A2C2E
:10026000E352303593F7F90017A80000130808315E
:100270009397370093DA4940B307F80093F60A01E1
:1002800003A8070003A74700E388064697A70000D6
:100290009387472C03A6070283A647020325010282
:1002A0008325C1012326E10423280103EF700FED0C
:1002B00013073000232EE102032801030327C104A2
:1002C00093FAFA00130305009387050063800A720E
:1002D000232891022326810497A400009384842775
:1002E00013840A0023286104832AC103938D070025
:1002F000930507006F00C0001354144093848400DA
:1003000013771400631A0700135414409384840075
:1003100013771400E30207FE03A6040083A644003B
:100320001305080013541440EF708065938A1A0077
:10033000130805006300046A938484006FF05FFD76
:100340008326C1009397C9003727000093D7C700C1
:100350001307F770B3E7670123A0E6006380070483
:10036000179900001309C957E30A0DC897970000B1
:10037000938737572320FD006FF05FC88327C101A3
:100380003707F03F130919C09397C70093D7C700E9
:10039000B3E7E700930C00006FF0DFD0179900007F
:1003A000130949539797000093874753E3080DC4F7
:1003B0002320FD006FF09FC493071000232CF1024F
:1003C000232C0100634A0A2863D2092A832781016A
:1003D00023260102B3873741232CF100B3073041B4
:1003E0002324F10293079000E3FC77DD930B0000D8
:1003F000232E04029305000013050400EF109067FC
:1004000013090500631405006F10002D232C24032D
:1004100093A7F9000327C107638407006350072AE5
:1004200063940C528327810713076003930CF0FF3A
:100430003307F74083278101330AEA00232491051B
:100440003387E7008327810223280100232EF10050
:1004500093051000130504002320E102EF20403231
:100460008327810103270102930A05006394070093
:100470006F108003634440016F10000383268101E5
:10048000938706006354DA0093070A0083268101EC
:100490003307F740330AFA40B386F64083278102D8
:1004A000232CD100638407068327C10163940700CE
:1004B0006F1040151386070093850A00130504008A
:1004C0002320E102EF20805D1386040093050500E0
:1004D000930A050013050400EF208037938504007C
:1004E0009304050013050400EF10906303278102B5
:1004F0008327C1018326C1013306F7409307070014
:10050000032701026384D7006F1040079305100092
:10051000130504002320E102EF2080268327C10277
:10052000232EA10003270102638407006F00D07807
:1005300093071000E3CC771D83264102E398061C45
:100540009316CC00E394061C93564C0193F6F67F69
:10055000E38E061A2326F10213071700130A1A0066
:100560002324F102B387470193F7F701E3880702D9
:100570009306B001E3CCF6349306C001B387F6408E
:10058000832681013307F700330AFA00B386F600A9
:10059000232CD1006348E026635C40018325C10120
:1005A00013060A0013050400EF200066232EA100A5
:1005B00093A73B0013CA1700832781036390072684
:1005C0006348903B63060A3AE3920C088325C10115
:1005D000930600001306500013050400EF10905618
:1005E00093050500232EA10013850400EF20407A17
:1005F000E35EA00493071003138A19002300F90097
:10060000930B19008325C10113050400130A1A0076
:10061000EF10105163880A0093850A001305040047
:10062000EF1010509385040013050400EF10504F95
:100630008327C10023800B0023A0470163020D38EC
:10064000032A810A832A410A832C4109832DC10888
:1006500023207D016FF09F9A93071000B3872741F5
:10066000232CF100130A0000E3C209D6330A3A0131
:10067000232631036FF01FB4130740006394EB008F
:100680006F0050756386FB3093072000E386FB50B4
:100690009307300023200104930A1000E38CFBB47D
:1006A0006FF01FD5B387E7403315FB006FF01F9E37
:1006B0009389F9FF232C01026FF09FD097A70000C8
:1006C0009387C7EB13973900B387E70003AB0700A5
:1006D00083AB4700930CF0FF930A1900832D0102AE
:1006E000032AC10113060B0093860B0013850D002E
:1006F00093050A00EF708FA8EF80C05C130C050013
:10070000EF80406413060B0093860B00EF704027C8
:10071000938605001306050093050A0013850D0056
:10072000EF70502093070C032300F900130A100008
:10073000938D0A001307050097B60000938606A262
:1007400063944C016F00D07283A7060003A8460093
:10075000330A5A412328F100232A0101938A0C000D
:10076000232C8100938705006F00000613060B0001
:1007700093860B0013050C0093850C00EF700FA0FF
:10078000EF80405413040500EF80C05B13060B009C
:1007900093860B00EF70C01E9386050013060500BC
:1007A00093850C0013050C00EF70D017938D1D007E
:1007B00093070403A38FFDFEB3864D0113070500C5
:1007C00093870500E382566B0326010183264101CE
:1007D0001305070093850700EF70801A13060000C9
:1007E00093060000130C0500938C0500EF70401079
:1007F000E31E05F603248101138A1900938B0D0073
:100800006FF05FE2938504001306070013050400F0
:10081000EF20803F930405006FF01FD88325C101AE
:1008200013850400EF20C056E35C05D893850400CF
:10083000930600001306A00013050400EF1090308B
:1008400083278104138CF9FF9304050093A71700F5
:10085000337AFA0083278102E394070863040A00CD
:100860006F005076832C8104138A090093090C00D1
:10087000832BC101130B10006F000002938504004D
:10088000930600001306A00013050400EF10902B40
:10089000130B1B009304050093850B0013850400C4
:1008A000EFF00FC8130C0503B3076901A38F87FF8F
:1008B000E3469BFD130B000063549001138BFCFF78
:1008C00093071900330BFB00930600009385040087
:1008D00013061000130504002328D100EF20C032B6
:1008E0008325C10193040500EF20804A832601017E
:1008F0006356A00A130790036F008000E304694D5C
:100900008347FBFF930B0B00130BFBFFE388E7FE12
:10091000938717002300FB008325C1011305040002
:100920002328D100EF10D01FE38E0ACE83260101C9
:10093000E38406CEE38256CF9385060013050400B8
:10094000EF10101E6FF05FCD83278101130737432F
:10095000330AEA003387E70083278102930CF0FF14
:1009600023249105232EF100232801006FF05FAEB0
:100970008327810263980778138A19006FF05FEF6D
:1009800093071000930A00002320F1046FF09F8664
:10099000930A1000232051056FF0DF8563160500D0
:1009A000137C1C00E3180CF413070003930B0B00DB
:1009B0008347FBFF130BFBFFE38AE7FE6FF0DFF5D6
:1009C000032A810A832A410A832C4109832DC10805
:1009D0006FF0CFE2832401030324C1040323010544
:1009E000232E510393870D0013870500130608007B
:1009F000130503009306070093850700EF601FF8B7
:100A00002328A102938A05008327810363820702BA
:100A100097A600009386866F03A6060003250103B0
:100A200083A6460093850A00EF70DF95E344051C1A
:100A30000325C103EF8000310326010393860A00DA
:100A4000EF60107497A700009387C77103A6070093
:100A500083A64700EF608034B708C0FC1307050089
:100A6000B388B80063880C2423263105232E910314
:100A70008327C10317A80000130848B023220107E9
:100A800093973700B307F80003A8C7FF03250103B6
:100A900083A787FF93850A00232011072328F104E9
:100AA000232A0105232EE104EF80C021232CA10479
:100AB000EF804029130605000325010393860500F6
:100AC00093850A00EF70006683278105930D190056
:100AD000930A0500938807038327010417A80000E1
:100AE0001308C8A963880744232CB10497A5000004
:100AF0009385C563032601058326410503A50500EB
:100B000083A545002320010523281103EF601FE77B
:100B10000326C10583260106EF70C0600327810507
:100B20008328010313860A00930607002300190196
:100B30002328E1022328A104232CB104EF708FF3B2
:100B40000327010317A80000130848A3E340A02CC3
:100B500097A600009386865B03A6060083A6460040
:100B6000232E310523204107832901052322710704
:100B70002324810723286105032A8105138B0A009A
:100B80002328C102832AC103232AD10223209105ED
:100B9000930B000023260107130C07006F000009C8
:100BA000938B1B0063DC5B2B97AC0000938C0C5B7E
:100BB00003A60C0083A64C001385090093050A00C8
:100BC000EF60105C03A60C0083A64C00930905009F
:100BD000138A050013050B0093050C00EF60505AB3
:100BE000130C0500938C0500EF80C00D130B05005E
:100BF000EF804015130605009386050013050C00D1
:100C000093850C00EF70005293070B0313860900C5
:100C100093060A002380FD00938D1D00130B050031
:100C2000138C0500EF700FF6E342051E0325010348
:100C30008325410313060B0093060C00EF70804ED2
:100C40001386090093060A00EF70CFF3E35A05F408
:100C5000930690036F008000E38C2D19938B0D0099
:100C600003C7FDFF938DFDFFE308D7FE13071700B1
:100C70002380ED008327C104138A17006FF09F9A29
:100C80000325C103EF80000C0326010393860A00AD
:100C9000EF60104F97A700009387C74C03A607008B
:100CA00083A64700EF60800FB708C0FC130705005C
:100CB000B388B80097A700009387474B032501032B
:100CC00003A6070083A6470093850A002326110583
:100CD000232EE102EF7000450327C1038328C104DE
:100CE0002328A1021306070093860800232AB102D5
:100CF0002328E104232E1103EF70CFD7634CA020EB
:100D00008328C1030326010503250103832541032D
:100D1000B7070080B3C6F800EF70CFE66340051C4C
:100D20008327C10763CA070093A7F90017A800002B
:100D30001308C884639A0714832701046396077C09
:100D400083278101638A075C63080A5C03278101AA
:100D5000930707006354EA0093070A000327810101
:100D6000330AFA403307F74083278102639C0774F4
:100D70009305100013050400232CE100EF10502010
:100D80008327C102232EA10003278101E3900714CA
:100D9000930A0000930710006FF0CFFC9307C00187
:100DA0006FF00FFE6388096CB30A304193F7FA00C5
:100DB000179800001308887C93973700B307F80052
:100DC00003A6070083A64700032501028325C1016E
:100DD000EF60103B93D74A402328A102938A050075
:100DE000E38007201307200023289102930A0B00B9
:100DF000232EE102130B0400979400009384847562
:100E0000938D0700130407006F00C00093DD1D40A1
:100E10009384840013F71D00631A070093DD1D40BF
:100E20009384840013F71D00E30207FE03A6040069
:100E300083A6440093DD1D4013041400EF6050347A
:100E400063860D64938484006FF0DFFD83270101C6
:100E5000930B090013CAF7FF6FF0CFFA8327C1077E
:100E6000832C01048329C105032A0106832B410633
:100E7000032C81060328C106032B010563C60768FE
:100E800093A7F9006382076893973900B307F800C6
:100E900003AB070083AB470083270101E3DE078232
:100EA000E34C9083639C0C0297A700009387072C68
:100EB00003A6070083A6470013050B0093850B00CC
:100EC000EF60102C13060500938605000325010230
:100ED0008325C101EF700FCB634EA0029305000084
:100EE00013050400EF10C04383270101930B090091
:100EF000330AF0406FF00FF3930620000323010242
:100F00008327C101232ED1026FF04FBC2324F102AD
:100F10006FF04FE5930710032300F90093050000DD
:100F200013050400930B1900EF10803F138A29006A
:100F30006FF04FEF03260105832641052322B106FA
:100F40000325C10583250106232C01052328110350
:100F5000EF601023832801038327C1032320A1040A
:100F6000230019012322B104130610000328810570
:100F70000327410693880D0097A600009386061E5E
:100F8000638CC70A03A6060083A6460023289105A2
:100F9000232CB105B30CF9002320210713850A0087
:100FA0002328C102930A0B00232AD102232E3105E4
:100FB000938D04001389080023220107930507007D
:100FC000130B0400032601038326410313091900B0
:100FD000EF60101B9384050013040500EF70904E22
:100FE00093090503EF70105613060500938605005C
:100FF0001305040093850400EF70C012A30F39FF9E
:10100000E3922CFD93840D00832D81058327C1037A
:10101000832C01058329C105032901060328410604
:101020009388FDFF13040B0013870500138B0A0040
:10103000B388F800930A050017A300001303030FF9
:10104000032603008326430003250104832541046E
:10105000232EE1022328010523281103EF50105409
:101060008326C10313860A00EF70CFB16348055A87
:1010700017A300001303830B0326010483264104F6
:101080000325030083254300EF70C0098326C103B5
:1010900013860A00EF700F9E8328010303280105C1
:1010A000634CA0660327C107E34C07C813A7F900E8
:1010B000E30807C8139739003308E800032B08003A
:1010C000832B4800938A0D006FF04FE19306C00117
:1010D0006382D7CC9306C003B387F6406FF04FCA44
:1010E00093850A00930600001306A0001305040070
:1010F000EF104025930A0500832C810493090C000E
:1011000063140ACC83278101635CF00093850A0095
:101110001386070013050400EF10102F930A050033
:101120008327C102938D0A00639E074E0327410265
:10113000032AC1019307F9FF137717002320310316
:101140002322210393090900232CE100338997010D
:101150002324A1032326610393050A0013850400B9
:10116000EFE01FBC130C050093850A0013850400F3
:10117000EF10104293050A00930C050013860D0032
:1011800013050400EF1050460327C500130B0C0392
:1011900093050500631A07082328A100138504009E
:1011A000EF10103F83250101130D05001305040006
:1011B000EF100017B3667D01639806108327810145
:1011C000638C075C63CE0C5A23806901938C1900F1
:1011D0006302395393850400930600001306A000B0
:1011E00013050400EF1000169304050093850A0010
:1011F000930600001306A00013050400638CBA0BCD
:10120000EF10401493850D00930A0500930600002B
:10121000130504001306A000EF10C012930D050083
:1012200093890C006FF05FF313050400232C8101F8
:1012300003294102032D8102138A0900130C0B00BC
:1012400083290102032BC10223289101EF10400DD5
:101250008327010163CC07008327010113771B005B
:10126000B3E77701B367F700639607089385040037
:101270001306100013050400EF1010198325C10197
:1012800093040500EF10D0306354A05493079003EB
:101290006308FC4A83278101138C170393860A0095
:1012A00023008A01930B1A00938A0D00138A1900F8
:1012B0006FF08FE6EF100009930A0500930D05000B
:1012C00093890C006FF05FE963CA0C4883278101A2
:1012D000B3EC7C01B3EC970163820C48E356A0EFBA
:1012E000138A09000329410283290102032D810287
:1012F000130C0B00930790036304FC44130C1C00B5
:1013000023008A0193860A00930B1A00938A0D002A
:10131000138A19006FF04FE0832781026396071A42
:101320009305100013050400EF1080458327C102C8
:10133000232EA10003278101930A0000E38C07A458
:101340000326C1028325C101130504002320E10205
:10135000EF10C07493071000232EA1002326010272
:101360000327010263DA77238327C1012320E102E7
:101370000327C10183A7070193972700B307F7004D
:1013800003A50701EF108025930700020327010240
:10139000B387A7406FF00F9D930A1000232001042C
:1013A00083270101635CF000832701012324F104FA
:1013B00013860700938C07006FE09FE593071000EA
:1013C0002324F104232E0402938C07002328F10028
:1013D000930500006FE09FE693071000B387274155
:1013E000232CF100138A090023263103232C010248
:1013F0006FE05FDCE3860C8883278104E352F09280
:1014000097A60000938686D503A606000325010350
:1014100083A646009387F9FF93850A002326F104EB
:10142000EF6000560327C103930D0500938A050062
:10143000130517002328B103EF70D01013860D0099
:1014400093860A00EF60C05397A70000938787D167
:1014500003A6070083A64700EF505014832781049A
:10146000B708C0FC13070500B388B800232EF102AB
:101470006FF00FE083270102832AC1012328F102C4
:1014800093072000232EF1026FF00FD8832401036D
:10149000232E81022328A10213040B00138B0A00C0
:1014A000938A05006FF04FD683278102639407006B
:1014B0006FF0CF856FE05FFF930710002324F102E8
:1014C0006FF01FE8232CE1000326810293850400BE
:1014D00013050400EF10805C9304050093051000D1
:1014E00013050400EF10C0298327C102232EA10099
:1014F000639007240327810123240102930A00003B
:10150000930710006FF00F86832781021386FCFF7C
:1015100063D2C730832781020327C10293051000DD
:10152000B307F640B307F70013050400232EC100EC
:101530002326F102EF10C024832781010326C10175
:10154000330A9A01930A050013870C006388070287
:1015500083278101832681013387970193070A003E
:1015600063D4460193870600832681013307F74041
:10157000330AFA40B386F640232CD1009385040049
:1015800013050400232EE100EF1040510327C10191
:10159000930405006FE09FF783264102E39606DC83
:1015A0009316CC00E39206DC93564C0193F6F67F3B
:1015B000E38C06DA13071700130A1A002326F10238
:1015C0006FF09FDA93071003138A29002300F900B4
:1015D0006FF08FB4930A1000232051056FF05FDC89
:1015E00093071000930A00002320F1046FF05FDBE3
:1015F0008327C10413071003938717002326F104E0
:101600006FF00FE7032681026FF05FF78327C104B5
:10161000938B0D00138A17006FF0CF80832D010389
:101620006FF00FE383A54A0013050400EF00904418
:10163000130A05006302051C03A60A019385CA006C
:101640001305C5001306260013162600EFE0CFACE5
:1016500093050A001305040013061000EF10C05A8A
:10166000930D05006FF09FAC130C0400032481015F
:10167000130607009386050013050700EF5000725C
:1016800013060B0093860B002328A100232AB10028
:10169000138A1900EF601FBE6342A00203250101F7
:1016A0008325410113060B0093860B00EF60402455
:1016B000631A050013771C00630607002326310513
:1016C0006FF00FD9938B0D006FE0DFF5232CE10055
:1016D000930A00006FF0DFC697860000938686208D
:1016E000130600009305F01A178500001305C520A6
:1016F000EF30402E83290102130C0B0093860A0061
:1017000003294102032D8102138B0C00938A0D00E3
:10171000138A19006FF08F9B1307000383C7F8FF2C
:10172000938B08009388F8FFE38AE7FE6FF08FD46D
:101730000327810123240102930A00006FF05FC098
:101740009307900393860A002300FA00130B1A00F4
:10175000938A0D00138A19006FF0CF99232C810111
:1017600013070D00138A090003294102832901028E
:10177000032D8102130C0B00E34AE0AE6FF01FB2A1
:10178000138A09000329410283290102032D8102E2
:10179000130C0B006FF09FB093079003138A09009E
:1017A00013070C008329010203294102032D810242
:1017B000130C0B00E306FBF8E35290AF130C170376
:1017C0006FF0DFAD832C810493090C006FE0DFDF45
:1017D000E31605AC93771C00E39A07AA6FF01FACE1
:1017E00093072000232EF1026FF00FA2232E040294
:1017F000930500006FE09FA4978600009386860EF5
:10180000130600009305F02E178500001305C50E82
:10181000EF30401CB387C740232EF10063DC0C007F
:101820008327810113870700B3879741232CF10099
:101830006FE01FC283278101330A9A013387970122
:101840006FE01FC1130101FD232C4101138A41B236
:101850002322910223202103232A510123286101FD
:101860002326110213890500130B0600930A0500B5
:10187000EF30802A83240A00638E0406232E310170
:10188000834709006388070E138737FC1306090096
:101890006302070E8347160013061600138737FCF2
:1018A00063840700E31807FE9309D0036380370DB4
:1018B00003A50400630C050A232481023304264196
:1018C0001306040093050900EF20907B631A0500BE
:1018D00083A70400B387870003C7070063023705A7
:1018E00003A5440093844400E31C05FC0324810207
:1018F0008329C10113850A00EF3080228320C102B1
:101900008324410203290102032A8101832A410120
:10191000032B010113050000130101036780000080
:1019200003270A0013850A002326F100B384E4404C
:1019300093D4244023209B00EF30801E8327C100D6
:10194000032481028320C1028329C101832441022F
:1019500003290102032A8101832A4101032B01018A
:101960001385170013010103678000008329C1015B
:101970006FF05FF8130609006FF01FF3130101FE0B
:101980001306C100232E1100EFF0DFEB8320C1010D
:10199000130101026780000083A7819E6780070012
:1019A0006380050263020604638806048347060019
:1019B00023A0F500034506003335A0006780000032
:1019C000130101FF9305C10063040602638A060246
:1019D0008347060023A0F500034506003335A00029
:1019E00013010101678000001305000067800000FB
:1019F000130500006FF0DFFE1305E0FF67800000B5
:101A00001305E0FF6FF0DFFD130101FF6384050A9A
:101A1000630C0608638C062C03280700631C080669
:101A200083470600130E1000638C07069308F00727
:101A300063D2F80E938807F41303F001636013096F
:101A40002302F70063180800130810002320070181
:101A5000638E06293306C601834606001306F0038B
:101A6000138806F8636206231306100C635EF620E3
:101A70009397670093F7077C93F6F60323200700FC
:101A8000B3E7D70023A0F50013051E0013010101E1
:101A90006780000083474700130E0000E39807F8B3
:101AA00023A00500232007001305000013010101F6
:101AB000678000009305C1006FF09FF5938807F2DF
:101AC0001303F000636213072302F7006314081284
:101AD0001308100023200701638A06213308C6017A
:101AE000834808001303000E1388080063846720EE
:101AF000138308F8930EF00363E86E1813032000B5
:101B0000A3021701232067006382661E130E1E00C6
:101B10006F0000112320070023A0F500130510001B
:101B20001301010167800000938807F1130340004F
:101B3000636C13152302F7006304081293881600E0
:101B4000B338100113031000B38616016300681246
:101B5000834857001303000F6384671213A3080917
:101B6000631603001383C7F063000312138308F89E
:101B7000930EF00363EA6E10A30217011303100023
:101B8000630C6810032F0700138816003338000118
:101B900013032000B386060163066F100348670035
:101BA000930608F863E2DE0E3306C601034606001C
:101BB0009306F003130306F863E8660CB3F8D80045
:101BC00093F77700939727019398C800B376D800CE
:101BD000B3E7170193966600B3E7D7001376F603D1
:101BE000B3E7C70023A0F50013051E00232007005C
:101BF0006FF0DFEB93881600B33810011303100069
:101C0000B3861601E30C68EC9306000E03485700F8
:101C10006380D70C930608F89308F00363E6D806B0
:101C20003306C601034606009306F003930806F840
:101C300063EC160593F7F700B376D8009397C700C7
:101C400093966600B3E7D7001376F603B3E7C700B1
:101C50002320070023A0F50013051E006FF01FE5E9
:101C60001308100023200701638206093308C60108
:101C700083480800130E1E00130810006FF09FED3C
:101C80001303F008E34413EF9307A0082320F500A3
:101C90001305F0FF6FF09FE11308200023200701D8
:101CA000638606053308C601034808001303F003E2
:101CB000930E08F8E36AD3FD1303300023030701F2
:101CC0002320670063846602130E1E006FF0DFEDB1
:101CD0009306F009E3DA06FB930608F89308F0038D
:101CE000E3E4D8FAA30207016FF09FF31305E0FFC6
:101CF0006FF0DFDB1303F009E34C13DF6FF0DFF865
:101D0000638C0508630006146388061483270700A4
:101D10000348060063800702930610006384D7041B
:101D200023A0050183470600B337F00013850700A1
:101D3000678000009307F8F793B7F70163980700EF
:101D4000930708F293B70701E38C07FC9307100091
:101D5000230207012320F7006380F61003481600D2
:101D600093072000930608FC93B6F60363980600D9
:101D7000930608F893B6D6076384060E8346470099
:101D80001385070093968600B386060123A0D5002D
:101D90002320070067800000130101FF9305C100A5
:101DA0006308060A6386060C8327070003480600BB
:101DB00063820702930610006386D70423A00501FF
:101DC00083470600B337F0001385070013010101B4
:101DD000678000009307F8F793B7F701639807004F
:101DE000930708F293B70701E38A07FC93071000F3
:101DF000230207012320F700638CF6060348160030
:101E000093072000930608FC93B6F603639006023E
:101E1000930608F893B6D607639A06009307A008BE
:101E20002320F5009307F0FF6FF01FFA8346470069
:101E300093968600B386060123A0D50023200700D1
:101E40006FF09FF89307000013850700678000007C
:101E5000930700006FF05FF79307E0FF6FF01FED4F
:101E60009307A0082320F5009307F0FF6FF01FEC05
:101E70009307E0FF6FF05FF56386050C630C0618AF
:101E80006380061E83270700034806006384070259
:101E9000930810006388170593062000638AD71AF9
:101EA00023A0050183470600B337F0001385070020
:101EB00067800000930728F793B72700639807000F
:101EC0009307F8F593B7E705E38C07FC9307100039
:101ED000230207012320F7006384F6180348160045
:101EE000930720009308F8F51303D005636E1317CA
:101EF000834847001303F008639468129308200096
:101F0000A30207012320170163FCD7143306F60050
:101F100003480600938717009306F8F51306D005CB
:101F20006364D614834657001378F80713850700B7
:101F300093968600B386060123A0D50023200700D0
:101F400067800000130101FF9305C1006304060EC2
:101F5000638406128327070003480600638607028E
:101F600093081000638A1705930620006386D70E36
:101F700023A0050183470600B337F000138507004F
:101F80001301010167800000930728F793B727002A
:101F9000639807009307F8F593B7E705E38A07FC12
:101FA00093071000230207012320F7006386F60C35
:101FB00003481600930720009308F8F51303D00593
:101FC0006360130D834847001303F00863986806A5
:101FD00093082000A30207012320170163FED708FE
:101FE0003306F60003480600938717009306F8F5BA
:101FF0001306D0056366D608834657001378F807A2
:1020000093968600B386060123A0D50023200700FF
:102010006FF0DFF69307000013850700678000006C
:1020200093988800B388080123A015012320070096
:102030006FF0DFE7930700006FF05FF4939888007C
:10204000B388080123A01501232007006FF01FF3B8
:10205000938708006FF05FEC938708006FF01FF91B
:102060009307E0FF6FF09FE49307A0082320F5009B
:102070009307F0FF6FF09FE39307E0FF6FF01FF00F
:102080009307A0082320F5009307F0FF6FF01FEFE0
:10209000130101FE638E0506630006086388061CB3
:1020A000232E8100232C910023283101232A210192
:1020B000930E060003C30E00834407009309060035
:1020C00093081000978300009383034197820000D8
:1020D0009382023C1304F002178F0000130FCF2DE0
:1020E000930F5000178E0000130E0E39630E030875
:1020F000930753FE93F7F70F6368F4029397270053
:10210000B387E70183A70700B387E701678007006C
:102110009305C100E31406F82320070013051000FF
:1021200013010102678000001309F3FD9307D00536
:1021300033B927011309790093973400B3879700C7
:102140003388F2003308280103480800B387F300FE
:10215000B387270183C4070063E60F0D1318280017
:102160003308C80183270800B387C70167800700C9
:1021700023026700938E1E0063F0D80E03C30E0087
:1021800093881800E31603F6130960006FF0DFFA76
:10219000338619016FF01FFE930710002320F7000C
:1021A0008347470003C70E001385080093978700F5
:1021B000B387E7000324C10183248101032941017E
:1021C0008329010123A0F5001301010267800000AB
:1021D0002320070083470600138508006FF09FFD4A
:1021E0000324C1012320070023A0050083248101CB
:1021F0000329410183290101130500001301010294
:1022000067800000130920006FF01FF313093000EE
:102210006FF09FF2130940006FF01FF21309500096
:102220006FF09FF10324C1019307A0082320F5005C
:102230008324810103294101832901011305F0FF52
:102240001301010267800000130910006FF0DFEE38
:10225000130900006FF05FEE232097000324C101F3
:102260008324810103294101832901011305E0FF32
:102270006FF09FF583274504130101FE232E110003
:10228000130705009386050063880702139626004E
:10229000B387C70003A507006308050403270500EB
:1022A00023A0E70023280500232605008320C10181
:1022B00013010102678000002326B10013061002FB
:1022C000930540002324A100EF200077032781001D
:1022D0008326C100930705002322A704E31805FA0B
:1022E000130500006FF09FFC93051000B397D50015
:1022F0001386570013050700131626002326D10066
:102300002324F100EF204073E30C05FC8326C10079
:10231000832781002322D5002324F5006FF09FF846
:102320006380050203A74500832745041317270090
:10233000B387E70003A7070023A0E50023A0B700A9
:102340006780000003AE0501938E0500138306002D
:1023500013884501930800008327080013084800EC
:1023600093881800139707011357070193D60701A5
:10237000B307C702B386C602B387670013D7070146
:102380009397070193D70701B386E60013970601D9
:10239000B307F700232EF8FE13D30601E3CEC8FBE4
:1023A0006300030283A78E006350FE0213172E0002
:1023B0003387EE00232A670093071E0023A8FE0040
:1023C00013850E006780000083A54E00130101FEF7
:1023D000232C810093851500232461002322C10151
:1023E0002320D101232E110013040500EFF09FE8F4
:1023F000832E0100032E41000323810013070500F3
:102400006300050803A60E019385CE001305C500E1
:102410001306260013162600232661002324C1017B
:102420002322D1012320E100EFD00FCF832E4100E2
:1024300083274404032E810083A64E000323C1009A
:1024400013172E0093962600B387D70083A60700A4
:102450008320C1010324810123A0DE0023A0D70132
:10246000832E010093071E003387EE00232A6700A6
:1024700023A8FE0013850E001301010267800000EF
:102480009776000093860646130600009305A00B7E
:102490001775000013050552EF20C053130101FE0C
:1024A000232C8100232821012326310123244101EB
:1024B00023225101232E1100232A9100930790001B
:1024C00093890600130A060013090500938A050084
:1024D0001304070063D2D70EB797E338938797E3C7
:1024E00093868600B3B6F6029305000093071000AA
:1024F00093D616009397170093851500E3CCD7FE6B
:1025000013050900EFF01FD793050500630A050ABC
:10251000930710002328F500232A850093079000D5
:1025200063D6470913849A0093040400B38A4A01CE
:1025300083C604001306A00013050900938606FD58
:1025400093841400EFF01FE093050500E39254FF1D
:1025500033044401130484FF63563A03B3844941AE
:10256000B3049400834604001306A0001305090079
:10257000938606FD13041400EFF0DFDC93050500DD
:10258000E31294FE8320C1010324810183244101CD
:10259000032901018329C100032A8100832A410004
:1025A0001385050013010102678000001384AA004F
:1025B000138A07006FF05FFA930500006FF05FF475
:1025C0009776000093860632130600009305300DBF
:1025D000177500001305053EEF20C03F9307050067
:1025E000370701001305000063F6E7009397070122
:1025F000130500013707000163F6E70013058500A6
:10260000939787003707001063EEE7003707004015
:1026100063FEE702139727006344070413053500A0
:102620006780000013974700B70600401305450078
:102630006370D7029397670063C40702139717006C
:10264000E34E07FC130500026780000013870700B4
:102650001347F7FF1357F7013305E50067800000C4
:1026600013052500678000008327050013F7770016
:102670006306070293F6170013070000639C060029
:1026800013F72700630E070A93D717002320F500DE
:102690001307100013050700678000001397070158
:1026A000135707016314070493D7070193F6F70F35
:1026B00013070001639606001307800193D7870074
:1026C00093F6F7006382060693F6370063800604EC
:1026D00093F61700639606001307170093D71700A9
:1026E0002320F500130507006780000013F7F70F9C
:1026F0006302070413F7F700631607061307400089
:1027000093D7470093F63700E39406FC93D627004F
:1027100013F61600630006049387060013072700CC
:102720002320F5006FF01FFC1307470093D74700E5
:102730006FF05FFD1307800093D787006FF05FF89D
:1027400093D72700130720002320F5001305070067
:102750006780000093D73700639E070013070002CD
:102760006FF05FF393D73700130730002320F50095
:102770006FF05FF7130737002320F5006FF09FF627
:1027800083274504130101FE232E110013070500C2
:10279000938605006388070203A5470063060506C4
:1027A000032705008320C10123A2E700930710003F
:1027B00023260500232AD5002328F5001301010252
:1027C000678000002326B100130610029305400025
:1027D0002324A100EF204026032781008326C10087
:1027E000930705002322A704E31805FA9776000053
:1027F0009386460F130600009305501417750000CA
:102800001305451BEF20001D130507001306C0012B
:10281000930510002324D100EF200022E30805FCDB
:10282000832681008320C101930720002324F50023
:1028300013071000930710002322E500232605004C
:10284000232AD5002328F500130101026780000028
:10285000130101FE232821012326310103A90501CB
:1028600083290601232A910023244101232E1100EC
:10287000232C8100138A050093040600634C390160
:10288000138709009384050093090900130A0600C1
:102890001309070083A7840083A54400338429011A
:1028A000B3A78700B385F500EFF0DF9C630A051C32
:1028B0009308450113182400338808019387080002
:1028C00063F8080123A0070093874700E3EC07FFA4
:1028D00093054A01131329003383650063F26516DB
:1028E00093962900938E4401B386DE00138E540123
:1028F00033BEC60133869640134E1E001306B6FE45
:102900006F00800193DF0F0163960F0A93854500E6
:102910009388480063F6651283AF050093930F0117
:1029200093D30301E38003FE93820800938F0E008C
:102930009304000083A70F0003AF020093824200BC
:1029400013970701135707013307770293D707013E
:1029500013190F0113590901135F0F01938F4F00D2
:10296000B38777023307270133079700B387E7015F
:10297000135F0701B387E701131707011357070117
:10298000139F07013367EF0023AEE2FE93D40701E4
:10299000E3E2DFFA9307000063040E009377C6FFBB
:1029A000B387F80023A2970083AF050093DF0F01E0
:1029B000E38E0FF483A7080093820800138F0E00A4
:1029C000938407009303000003570F0093D9040179
:1029D000939707013307F70393D70701130F4F00AE
:1029E00083A4420093824200139904011359090100
:1029F000330777003307370193130701B3E7F30079
:102A000023AEF2FE8357EFFF13570701B387F70397
:102A1000B3872701B387E70093D30701E366DFFAA3
:102A20001307000063040E001377C6FF3387E80026
:102A30002322F7009385450093884800E3EE65EC78
:102A4000634880006F0080011304F4FF63080400F2
:102A50008327C8FF1308C8FFE38807FE8320C1014E
:102A600023288500032481018324410103290101D6
:102A70008329C100032A810013010102678000003D
:102A800097760000938606E613060000930520164D
:102A900017750000130505F2EF10D073130101FE46
:102AA000232C81002328210123263101232E11000C
:102AB0009377360013040600930905001389050077
:102AC000639A070C135424406308040A232A9100D4
:102AD00083A409046384040E9377140013541440F0
:102AE000639E070003A50400630A05049304050020
:102AF0009377140013541440E38607FE13860400F2
:102B00009305090013850900EFF09FD463000902C3
:102B10000327490083A7490413172700B387E70059
:102B200003A707002320E90023A02701630804026C
:102B30001309050003A50400E31A05FA138604002F
:102B40009385040013850900EFF09FD023A0A40013
:102B500023200500930405006FF09FF98320C10135
:102B60000324810183244101032901018329C10038
:102B700013010102678000008320C1010324810149
:102B80008329C10013050900032901011301010272
:102B9000678000009387F7FF1787000013074798A7
:102BA00093972700B307F70003A6070093060000DA
:102BB000EFF04FF9130905006FF0DFF093051000F7
:102BC00013850900EFF00FEB930405006300050285
:102BD0001307102793071000232AE5002328F50088
:102BE00023A0A904232005006FF01FEF97760000B3
:102BF000938646CF13060000930550141775000006
:102C0000130545DBEF10105D130101FD23202103A7
:102C100003A9050183A78500232C4101135A5640BF
:102C200033092A012324810223229102232E310118
:102C3000232611021304190093840500930905004B
:102C400083A5450063D887009397170093851500E7
:102C5000E3CC87FE138509002326C100EFF08FE146
:102C60000326C10063080510930545016354400322
:102C700013075A00131727003307E5009387050051
:102C80009387470023AE07FEE39CE7FE131A2A0052
:102C9000B385450103A80401938744011376F60127
:102CA00013182800338807016300060A1303000283
:102CB0003303C340938805009306000003A7070071
:102CC00093884800938747003317C7003367D700BE
:102CD00023AEE8FE83A6C7FFB3D66600E3E007FF96
:102CE00093875401130700006368F8003308984085
:102CF0001308B8FE1377C8FFB385E50023A2D500FB
:102D0000639406001304090003A7440083A7490441
:102D10008320C10213172700B387E70003A707002A
:102D2000232885000324810223A0E40023A0970028
:102D300003290102832441028329C101032A81015D
:102D4000130101036780000003A707009387470072
:102D50009385450023AEE5FEE3F607FB03A70700D6
:102D6000938747009385450023AEE5FEE3EE07FD1C
:102D70006FF05FF9977600009386C6B613060000E1
:102D80009305E01D177500001305C5C2EF109044B0
:102D90000327050183A70501130605003305F74046
:102DA0006312F704939727001306460193854501A4
:102DB000B385F500B307F6006F0080006374F60278
:102DC00083A6C7FF03A7C5FF9387C7FF9385C5FFEA
:102DD000E386E6FE1305100063F6E6001305F0FF38
:102DE000678000006780000003A7050183270601B4
:102DF000130101FE232E1100138F0500B308F740C5
:102E00006310F70493962700938545011307460145
:102E1000B387D5003307D7006F00800063FCF51837
:102E200003A8C7FF8326C7FF9387C7FF1307C7FF02
:102E3000E306D8FE6372D81A930810006F00800171
:102E4000E3CC08FE930706009308000013860500F4
:102E5000138F0700832546002326E1012324110157
:102E60002322C100EFF00FC1032641008328810017
:102E7000032FC1006308051803280601832F0F01E3
:102E80009302460113172800939F2F0013064F014A
:102E900093034501232615013383E200B30FF601A6
:102EA000938E0200138E03009308000003A70E0008
:102EB00083260600130E4E00931707019395060113
:102EC00093D7070193D50501B387B740B38717019F
:102ED00093D60601135707013307D74093D607410E
:102EE0003307D7009397070193D70701931607017C
:102EF000B3E7D70013064600232EFEFE938E4E0046
:102F000093580741E364F6FB93065F011307000043
:102F100063E8DF00B38FEF41938FBFFE13F7CFFF5E
:102F2000B38EE200938E4E0033077700338E53400A
:102F300013860E00130F470063FC6E048326060001
:102F4000B305C60113064600139706011357070180
:102F500033071701B38716011357074193D60601AC
:102F60003307D7009397070193D7070193160701FB
:102F7000B3E7D70023A0F50093580741E36066FC50
:102F80001307F3FF3307D7411377C7FF3307E70171
:102F9000639A07008327C7FF1307C7FF1308F8FFCB
:102FA000E38A07FE8320C1012328050113010102E2
:102FB0006780000093050000EFF0CFAB63060502C9
:102FC0008320C10193071000232A05002328F50060
:102FD00013010102678000009307060013060F002B
:102FE000138F07006FF01FE7977600009386868F98
:102FF0001306000093057023177500001305859BC9
:10300000EF10501D977600009386C68D13060000C2
:1030100093055024177500001305C599EF10901BF8
:10302000B707F07FB3F5B700B707C0FCB385F5006D
:10303000930700006356B000138507006780000007
:10304000B305B04093D545419307300163CCB70039
:10305000B7070800B3D5B7409307000013850700F2
:10306000678000009385C5FE1307E00193071000F9
:103070006346B700B7070080B3D7B70093050000D9
:103080001385070067800000130101FD23248102DE
:103090000324050123229102930445011314240003
:1030A00033848400232021030329C4FF232E31010C
:1030B0002326B1001305090023261102EFF00FD2D9
:1030C0008325C10013070002B307A74023A0F50022
:1030D0009307A0009309C4FF63DAA708130655FFFE
:1030E00063F03405832784FF630C0604B306C740EE
:1030F00033D7D7003319C9003369E900B397C70044
:103100003707F03F130684FF3367E90063FEC4020C
:10311000032644FFB356D600B3E7D7006F00C002C2
:103120009307B000630CF5003319C9003707F03F6F
:103130003367E900930700006F0000019307000068
:103140003707F03F3367E9008320C102032481027F
:1031500083244102032901028329C1011385070049
:103160009305070013010103678000009306B00078
:10317000B386A640B707F03F3357D9003367F7004F
:103180009307000063F63401832784FFB3D7D70089
:10319000130555013319A900B367F9006FF0DFFA81
:1031A000130101FC23282103138905009305100056
:1031B00023263103232441032326C100232E110299
:1031C000232C8102232A9102138A06009309070007
:1031D000EFF04F8A0326C100630A050E135446011F
:1031E000370710009307F7FF1374F47F930405006B
:1031F00033F6C700630404003366E600232EC100E3
:10320000631009061305C101EFF00FC68326C10143
:103210001309100023A8240123AAD40013070502D0
:10322000630404081304D4BC3304E400930750037C
:1032300023208A003385E7408320C10303248103D0
:1032400023A0A900032901038329C102032A8102C3
:1032500013850400832441031301010467800000E7
:1032600013058101232C2101EFF00FC08326C1013A
:103270000326810113070500630C05009307000274
:10328000B387A740B397F6003366F600B3D6A6001F
:103290003339D0001309190023AAC40023ACD40089
:1032A00023A82401E31004F893162900B386D40060
:1032B00003A506011307E7BC2320EA00EFF00FB2D5
:1032C000931759003385A7406FF01FF797660000EA
:1032D00093864661130600009305F03017650000E1
:1032E0001305456DEF10006F130101FD232021032D
:1032F00013890500930581002326110223248102EE
:1033000023229102232E310193090500EFF0DFD72C
:103310009304050013840500130509009305C100FB
:10332000EFF09FD683A70901032609010327810037
:103330008326C100B387C740939757003307D74010
:10334000B387E700635EF0029397470133848700F9
:1033500013060500938605001385040093050400F9
:10336000EF40CFE18320C102032481028324410284
:10337000032901028329C1011301010367800000B1
:1033800093974701B385F5406FF09FFC130101FF50
:103390002320210123261100930770011309050042
:1033A00063D2A70617870000130747D69786000049
:1033B0009386C6DA23248100232291008327070005
:1033C0008325470003A4060083A446001385070055
:1033D0001306040093860400EF40805A1309F9FF96
:1033E00093070500E31409FE032481008320C10034
:1033F0008324410003290100138507001301010103
:1034000067800000131935001777000013070717AE
:1034100033072701832707008320C1008325470046
:1034200003290100138507001301010167800000D3
:10343000832606019385F5FF93D5554093851500A6
:10344000939626009307460193952500B386D700EF
:10345000B305B50063F8D7021307050003A80700FA
:103460009387470013074700232E07FFE3E8D7FEA3
:10347000B386C6409386B6FE93F6C6FF1305450095
:103480003385A6006378B50013054500232E05FE9D
:10349000E36CB5FE678000000327050113D6554095
:1034A000930645016352C70213172700B387E6004E
:1034B00063F2F60403A7C7FF9387C7FFE30A07FE7B
:1034C000130510006780000093172600B387F600ED
:1034D000E350E6FE93F5F501E38C05FC03A6070037
:1034E000130510003357B6003317B700E302E6FCAC
:1034F0006780000013050000678000006386051EDA
:10350000130101FE232C8100232A9100138405005E
:10351000232E1100930405002320C100EF609FD8E3
:1035200083250100130760019387B5006376F712C6
:1035300093F787FF9386070013D7F70163E2B71E5F
:103540006310071E0326C4FF130884FF1377C6FF0A
:103550006356D7129778000083A848533303E800D6
:10356000032543006380681E9378E5FFB3081301C9
:1035700083A8480093F81800639A08141375C5FFD0
:10358000B308A70063D2D80E1376160063140602A0
:10359000032E84FF330EC84103264E001376C6FF68
:1035A0003305C500B308E50063D6D832B308C700B9
:1035B00063DED828138504002324E10023220101BF
:1035C0002320F100EF600FC683270100032841008C
:1035D0000327810093060500630C05440326C4FFFE
:1035E000930585FF1376E6FF3306C8006306B6220F
:1035F0001306C7FF9307400263E4C72C130730018B
:103600006364C7229307050013070400032607001D
:1036100023A0C7000326470023A2C7000327870073
:1036200023A4E70093050400138504002320D100A0
:10363000EF60CF9013850400EF605FC78326010021
:103640008320C101032481018324410113850600E5
:1036500013010102678000009306000193870600B2
:10366000130700006FF09FED8326C300032683003D
:10367000138708002326D60023A4C600832648000B
:103680003305F7409305F00093F616003306E80083
:1036900063E0A506B366D7002322D800832746003F
:1036A00093E717002322F60013850400EF601FC084
:1036B000930604008320C101032481018324410176
:1036C00013850600130101026780000013761600BF
:1036D000E31206EE032E84FF330EC84103264E008C
:1036E0001376C6FF6FF09FEC930506006F608FB3F3
:1036F000B3E6D7002322D800B305F8001365150000
:1037000023A2A50083274600938585001385040026
:1037100093E717002322F600EF604F826FF0DFF887
:103720009307C00023A0F400930600008320C1018A
:103730000324810183244101138506001301010242
:10374000678000001375C5FFB308E5001383070108
:1037500063DC682413761600E31E06E4032E84FF60
:10376000330EC84103264E001376C6FF3305C5004D
:10377000B308E500E3CC68E28326CE0083258E0003
:103780001306C7FF1307400223A6D50023A4B600E3
:1037900093068E006366C72E9305300113870600DB
:1037A00063F2C502832504001307B0012324BE0081
:1037B000832544002326BE00636AC73013048400B7
:1037C00013070E01032604002320C700032644002C
:1037D0002322C700032684002324C7003306FE00EB
:1037E0003387F8409775000023A2C52A1367170096
:1037F0002322E60003274E00138504002320D10076
:1038000013771700B367F7002322FE00EF601FAAAB
:10381000832601006FF01FEA8326C5FF93F6C6FFDB
:103820003307D7006FF09FE5832504001307B0012D
:103830002320B500832544002322B500636EC71002
:1038400013078400930785006FF05FDC8326CE00AA
:1038500083258E001306C7FF1305400223A6D5005B
:1038600023A4B60093068E006368C510930530014B
:103870001387060063F2C502832504001307B00115
:103880002324BE00832544002326BE006362C7189C
:103890001304840013070E01032604002320C7002D
:1038A000032644002322C700032684002324C700E4
:1038B000138406001387080013080E006FF01FDC46
:1038C000930504002320A100EFB09FF2832601009E
:1038D0006FF05FD58326C300832583001306C7FFDF
:1038E0001305400223A6D50023A4B6000327CE006B
:1038F00083268E0013088E0023A6E6002324D7001B
:103900006360C50E930630011307080063F2C60218
:10391000832604001307B0012324DE00832644001D
:103920002326DE00636CC7121304840013070E0104
:10393000832604002320D700832644002322D700B7
:10394000832684002324D70013040800138708006B
:1039500013080E006FF09FD2032784002324E50094
:103960000327C4002326E500630CF60C13070401AB
:10397000930705016FF09FC91385060093050400A6
:103980002326C1012324F100232211012320D10089
:10399000EFB01FE6032EC10083278100832841007A
:1039A000832601006FF0DFF03308F8003387F8401A
:1039B0009776000023AC060D136717002322E8005A
:1039C0000327C4FF1385040013771700B367F700BC
:1039D000232EF4FEEF609F8D930604006FF09FCDC1
:1039E00013050800930504002326C1012324F100D8
:1039F0002322110123200101EFB09FDF03280100E2
:103A00008328410083278100032EC1006FF0DFF37C
:103A1000032784002328EE000327C400232AEE0096
:103A20006308A6081304040113078E016FF0DFE694
:103A300013850400EF609F87930600006FF01FCF8F
:103A40000326040113078401930785012328C50079
:103A500003264401232AC5006FF05FBB8326840040
:103A6000130740022328DE008326C400232ADE0039
:103A70006300E6081304040113078E016FF05FEB87
:103A800013850600930504002326C1012324F100B9
:103A9000232211012320D100EFB09FD5032EC100B6
:103AA0008327810083284100832601006FF01FD304
:103AB0000326040113070E0213048401232CCE00F5
:103AC0000326C4FF232ECE006FF01FDD8325840064
:103AD000130740022328BE008325C400232ABE000A
:103AE0006306E6021304040113078E016FF09FCDF5
:103AF0008326040113070E0213048401232CDE0025
:103B00008326C4FF232EDE006FF09FE2032604010C
:103B100013070E0213048401232CCE000326C4FFD6
:103B2000232ECE006FF01FCA130101FF2326810050
:103B3000938705001304050017750000130595B061
:103B40001388070083C80700938717003307150100
:103B50000347070013778700E31407FE1307D0021B
:103B600093FFF6FE6380E8121307B002638CE8024D
:103B700063900F0413070003638EE81A6380061A2C
:103B800037030008930600011303F3FF9382060036
:103B9000930FF000B70300809383F3FF130E000030
:103BA0006F00C00283C8070093072800638A0F12C2
:103BB000370300801303F3FFB37FD30293030300A3
:103BC00093820600130E00003353D3021308000043
:103BD00013050000930E9000130F9001138708FD4A
:103BE00063F8EE001387F8FB636CEF02138798FC11
:103BF0006350D7041308180063000802636EA30023
:103C0000631C65041308F0FF63D8EF049387170063
:103C100083C8F7FF6FF09FFC1308F0FF6FF01FFFE2
:103C20001387F8F96366EF00138798FAE344D7FC2B
:103C30001307F0FF630AE80263040E003305A04097
:103C400063060600631A08082320B6000324C10097
:103C50001301010167800000B3085502130810002A
:103C6000330517016FF09FFA130720022320E400A9
:103C700013850300E30C06FC9385F7FF138503000F
:103C80006FF09FFC83C807009307280063980F021A
:103C900013070003638AE80C639E060E9306A000D8
:103CA00037D3CC0C1303C3CC93820600930F800050
:103CB000130E1000B70300806FF05FF13703008030
:103CC000B37FD3029303030093820600130E100008
:103CD0003353D3026FF09FEF930305006FF0DFF9CA
:103CE00013070003E39CE8E8034728001305800559
:103CF0001377F70D6312A706834838009306000177
:103D00009382060093074800370300801303F3FFF4
:103D1000B37F5302335353026FF0DFE79306A000E3
:103D200037D3CC0C1303C3CC93820600930F7000DF
:103D30006FF05FE603C70700130580051377F70DE3
:103D4000631CA7009306000183C817009382060036
:103D5000930738006FF05FFB6394060693068000BC
:103D6000938206006FF05FFA034728001305800571
:103D70001377F70D630CA702638A0604930600010C
:103D800093820600B703008033D35302130E100052
:103D90006FF0DFE39306000193820600370300080B
:103DA000130E1000B70300806FF05FE2930600016E
:103DB0008348380093820600930748006FF09FFC09
:103DC00093060001938206006FF01FF493068000B3
:103DD000938206006FF01FFB13B7560263080700BB
:103DE0009387F6FF638407006FF01FD4130101FF70
:103DF00023261100EF00903D8320C100930760014E
:103E00002320F50013050000130101016780000065
:103E100093375602638207029307F6FF638E07000B
:103E20001307050003A541B193060600138605009C
:103E3000930507006FF05FCF130101FF23261100E8
:103E4000EF00D0388320C100930760012320F500E4
:103E5000130500001301010167800000933756022B
:103E6000638207029307F6FF638E070013070500BE
:103E700003A541B1930606001386050093050700CC
:103E80006FF09FCA130101FF23261100EF001034C9
:103E90008320C100930760012320F5001305000073
:103EA000130101016780000083A7419E678007001E
:103EB000638405029307F00F63E8C7002380C50001
:103EC00013051000678000009307A0082320F50069
:103ED0001305F0FF678000001305000067800000F5
:103EE0006382050A9307F00763F8C706930706F88D
:103EF0001307F0776378F706B7F700009387F77F2B
:103F00001307068063F4E708B707FFFFB307F6005F
:103F10003707100063F4E70A1357C600935766008B
:103F2000935626011377F70393F7F7031376F603F7
:103F3000136707F893E707F893E606FF136606F89A
:103F4000A380E5002381F5002380D500A381C5006F
:103F500013054000678000002380C5001305100092
:103F600067800000935766001376F60393E707FC1B
:103F7000136606F82380F500A380C5001305200012
:103F800067800000130500006780000093576600FB
:103F90001357C60093F7F7031376F60393E707F872
:103FA000136707FE136606F8A380F5002380E5007B
:103FB0002381C50013053000678000009307A00827
:103FC0002320F5001305F0FF6780000063860506D7
:103FD0009357860093F7F70F638A07041387F70751
:103FE0001377F70F1337F701631A070013870702D8
:103FF0001377F70F1337070163040704130706FC51
:104000001377F70F1337F703631A0700130706F840
:104010001377F70F1337D707630407022380F500E0
:10402000A380C50013052000678000002380C50021
:104030001305100067800000130500006780000072
:104040009307A0082320F5001305F0FF6780000008
:10405000638C05069357860093F7F70F6380070676
:10406000138727071377F70F9386F7051337270072
:1040700093F6F60F6316070013B7E605630207060B
:104080001307F6051377F70F1308D0056372E804DA
:104090006368D804136606F81307F6051377F70F5D
:1040A0006360E8041307F0F8A380F5002381C500DE
:1040B0002380E50013053000678000002380C500E1
:1040C00013051000678000001305000067800000E2
:1040D0002380F500A380C500130520006780000041
:1040E0009307A0082320F5001305F0FF6780000068
:1040F0006382050A9357860093F7F70F63800706DC
:104100001387F7FD1377F70F1308D0056368E808E6
:104110001307F6FD1377F70F6362E80803A706009D
:1041200013052000631607021307100023A0E60002
:104130001305B00193064002130720042380A50055
:10414000A380D5002381E500130550009385350039
:104150002380F500A380C5006780000083A70600C8
:10416000130510006384070223A0060013078002D2
:104170009306B001930720042380D500A380E500B7
:104180002381F50013054000938535002380C50089
:104190006780000013051000678000009307A008E7
:1041A0002320F5001305F0FF67800000130101FDD7
:1041B000232481022326110213040500638A0602C8
:1041C0002326D10083A7419E638C050213050400BA
:1041D000E78007009307F0FF8326C1006300F50422
:1041E0008320C102032481021301010367800000C0
:1041F000930645102326D10083A7419EE39805FC32
:10420000130600009305410113050400E780070031
:104210009307F0FF8326C100E314F5FC23A00600FA
:104220009307A0088320C1022320F4000324810205
:104230001301010367800000130101FD23248102A3
:1042400003A441B12326110293064410630406001F
:104250009306060083A7419E630A050213860500A4
:1042600093050500130504002326D100E78007000D
:104270009307F0FF8326C100630AF5028320C10281
:10428000032481021301010367800000130600006C
:1042900093054101130504002326D100E7800700A0
:1042A0009307F0FF8326C100E31AF5FC23A0060064
:1042B0009307A0088320C1022320F4000324810275
:1042C00013010103678000009307070013870600AE
:1042D0009306F0FF6F00501D9308050003A541B140
:1042E0001307060093870600138605009306F0FF68
:1042F000938508006F00501B9767000093878734F1
:104300002326F50E678000008397C50013F727006A
:10431000630E0700938735041307100023A0F500F0
:1043200023A8F50023AAE500678000001387050095
:104330008395E500130101F8232C8106232E110635
:104340001304050063CE0508130681012324E10050
:10435000EF00405D0327810063420508930500409C
:1043600013050400232A91062324E1008324C101BC
:10437000EF504FEB032781008317C7006302050C42
:104380009306004093E70708232AD70093D6C4403A
:104390002316F7002320A7002328A70093F6F60092
:1043A000130620006396C60C8315E700130504006E
:1043B0002324E100EF00805C032781008317C700FE
:1043C0006308050A93F7C7FFB71600008324410767
:1043D00093E71700938606806F0000058317C700D8
:1043E00093F7070893B71700B307F04093F5073C1E
:1043F00093850504130504002326E1002324B1005E
:10440000EF504FE20327C100832581008317C700C7
:10441000630A050293E707082320A7002328A700C3
:10442000232AB70093060000B3E7D7002316F7004E
:104430008320C1070324810713010108678000005E
:104440008324410793F60720E39406FE93F7C7FF02
:104450009306370493E72700130610002316F7008E
:104460002320D7002328D700232AC7006FF05FFC42
:10447000B716000083244107938606806FF0DFFAA9
:10448000938705008395E5001307060063CA0508B6
:10449000130101F82324C100130681012326D10052
:1044A0002322F100232E1106EF00C047832741008D
:1044B000032781008326C100634E05028327C101C3
:1044C000B7F5000037E6FFFFB3F7B700B387C700C3
:1044D0008320C10793B7170023A0F60013060040FE
:1044E000371500002320C7001305058013010108BC
:1044F0006780000083D7C70093F70708638207042B
:104500008320C1079307000023A0F60013060004D0
:104510002320C70013050000130101086780000075
:1045200083D7C70093F70708639A07021306004072
:1045300023A0F600130500002320C70067800000B9
:104540008320C10723A0F600130600402320C700E4
:1045500013050000130101086780000093070000A5
:104560001306000423A0F600130500002320C70053
:104570006780000093060500176800001308980C78
:10458000130610006F0040016398A704630405043C
:10459000938616009385150083C706003307F8003D
:1045A00003470700137737006314C7009387070298
:1045B00003C505003307A80003470700B388A740D9
:1045C00013773700E312C7FC130705023385E74072
:1045D000E380E7FC67800000138508006780000027
:1045E000130101FF23248100232611009377350056
:1045F0001304050063960706032705003706FFFE30
:104600001306F6EFB307C700B78680801347F7FF9E
:10461000B3F7E70093860608B3F7D7006392070461
:104620000327450013054500B307C7001347F7FFED
:10463000B3F7E700B3F7D7006394070203274500F9
:1046400013054500B307C7001347F7FFB3F7E700AB
:10465000B3F7D700E38607FC6F0080001305150051
:1046600083470500E39C07FEEFB08FBD8320C100A8
:104670001305040003248100130101016780000079
:1046800093F6F50F937735006380060C638E070071
:10469000834705006386070A6386D70A130515005A
:1046A00093773500E39607FE93F5F50F9398850011
:1046B00003270500B388B80093970801B388F80072
:1046C0003708FFFEB3C7E8001308F8EFB38507010A
:1046D00013C6F7FFB30707011347F7FF33F6C5000B
:1046E000B3F7E70037838080B3E7C70013030308FD
:1046F000B3F76700639207040327450013054500DD
:10470000B347170193C5F7FF33860701B3070701C6
:104710001347F7FF33F6C500B3F7E700B3E7C70069
:10472000B3F76700E38A07FC83470500638A070045
:104730006386F6081305150083470500E39A07FE14
:104740001305000067800000638C070083470500A5
:10475000E38A07FE1305150093773500E39807FEFB
:10476000032705003706FFFE1306F6EFB307C70061
:10477000B78680801347F7FFB3F7E70093860608F4
:10478000B3F7D700639007020327450013054500E0
:10479000B307C7001347F7FFB3F7E700B3F7D70036
:1047A000E38407FE83470500E38E07F8834715007F
:1047B00013051500E39C07FE67800000678000007A
:1047C00093870500631E06006F00400203C70700C1
:1047D0009387170013051500A30FE5FE630E07006E
:1047E0001306F6FFE31406FE2300050003C70700C7
:1047F00093871700E31C07FE3385B7401305F5FFC9
:104800006780000013070500630C06043306C5002B
:1048100097680000938818E3130810008347070087
:1048200013071700B386F80083C6060093F6360018
:10483000639406019387070203C50500938515005D
:10484000B386A80083C606003383A74093F63600DC
:1048500063800603639AA700630A0500E310C7FCA0
:104860001305000067800000130503006780000047
:10487000930605023385D740E382D7FE67800000A8
:10488000630A0608B367B50093F73700639A070415
:104890003703FFFEB7888080130E30001303F3EF59
:1048A000938808086360CE026F0080031306C6FF7A
:1048B00063020606639007061305450093854500CD
:1048C0006370CE020327050083A60500B3076700C7
:1048D0001348F7FFB3F70701B3F71701E308D7FC55
:1048E0008347050003C705001306F6FF3306C5001E
:1048F000638EE7006F00800213051500638C0700CC
:104900008347050003C70500639AE70093851500F8
:10491000E314C5FE13050000678000003385E740FF
:104920006780000093870500130101FF23248100A5
:1049300093050600130405001385070023261100C4
:1049400023A201B4EFC0CEFC9307F0FF630AF50089
:104950008320C1000324810013010101678000004E
:1049600083A741B4E38607FE8320C1002320F4001F
:10497000032481001301010167800000130101FF7E
:1049800023248100130405001385050023A201B42C
:1049900023261100EFC0CEFD9307F0FF630AF50058
:1049A0008320C100032481001301010167800000FE
:1049B00083A741B4E38607FE8320C1002320F400CF
:1049C00003248100130101016780000003A541B1A8
:1049D0006780000083A741B1130101FF130806009F
:1049E00023261100930805001387050003A5C700BF
:1049F000138606009757000093878707630C08000B
:104A0000938608009755000093858507EF00C03016
:104A1000EF10106397570000938707AB13880700C8
:104A20006FF01FFE130101FF93060600130600003E
:104A300023261100EFF01FFAB3B7C502130101FEE0
:104A4000232E1100B385C5026390070AEF409FFD36
:104A5000930705006300050A0326C5FF930640027D
:104A60001376C6FF1306C6FF63E6C604930530013E
:104A70001307050063F2C502232005002322050069
:104A80001307B0016378C70423240500232605001B
:104A900013070501630AD606232007002322070017
:104AA000232407008320C10113850700130101029D
:104AB00067800000930500002326A100EF40CFFA95
:104AC0008327C1008320C101138507001301010260
:104AD00067800000130785002320070023220700BA
:104AE000232407006FF01FFCEFF05FEE9307C00078
:104AF0002320F5008320C1019307000013850700E0
:104B0000130101026780000023280500232A050005
:104B1000130785016FF05FF8138541B56F400FF300
:104B2000138541B56F400FF4130101FA23282105C5
:104B3000232631052324410523206105232E7103FB
:104B40002326B103232E1104232C8104232A91044C
:104B500023225105232C8103232A91032328A10317
:104B60002326A100938B0600930D0700938905006F
:104B7000130B0600130A08001309C510638407000D
:104B800013890700638C090E130C000083240B00AB
:104B900013840900930AF0FF6378BC0563860B0455
:104BA00083270A0E03A604000325C100930609000B
:104BB00093054101032D0900832C4900E78007007C
:104BC0006302550DB307850163EAFD0C938BFBFF70
:104BD000639C090403A70400938444006306070848
:104BE000138C0700E36CBCFB8320C1050324810503
:104BF00083244105032901058329C104032A810473
:104C0000832A4104032B0104832BC103832C41031A
:104C1000032D0103832DC10213050C00032C810316
:104C200013010106678000006354A0023305A4004D
:104C3000130604009305410183C8050013061600FE
:104C400093851500A30F16FFE318A6FE13040600B4
:104C500003270B0093844400130747002320EB0035
:104C600003A7C4FFE31E07F66384090023200B009B
:104C700023200900138CF7FF6FF01FF7930DF0FF4F
:104C80006FF09FF00327C1009307A008138C0A0060
:104C90002320F700232009006FF01FF52320A9012E
:104CA000232299016FF05FF403A541B1176800005A
:104CB0001308482C6FF05FE7130E050003A541B100
:104CC00093070700176800001308C82A1387060017
:104CD000930606001386050093050E006FF0DFE4CF
:104CE000130101FC1303C1022326D1029306030022
:104CF000232E11002328E102232AF102232C010391
:104D0000232E110323266100EF0000068320C1013A
:104D10001301010467800000130101FC930E0500DC
:104D200003A541B113038102138E05002324C102A0
:104D30002326D10293850E0013060E00930603006E
:104D4000232E11002328E102232AF102232C010340
:104D5000232E110323266100EF0000018320C101EF
:104D60001301010467800000130101EB23202115CA
:104D7000232861132322911313090500138B0500C7
:104D8000930C06001305010513068000930500002F
:104D90002326711323261114938B0600EF40CFCCEA
:104DA0006308090003274903631407006F10C05606
:104DB00083264B060317CB0013F616006308064440
:104DC00013162701635406006F10400737E6FFFFF4
:104DD0001306F6FFB7250000B3F6C6003367B70029
:104DE0002322DB062316EB001397260163540700EA
:104DF0006F10500F0317CB0093768700638E062445
:104E000083260B01638A06249376A7011306A0006C
:104E10006386C62623248113130CC1062324811420
:104E2000232E3113232C4113232A51132320A113A2
:104E3000232EB111232291142324010623220106DB
:104E40002320810713040C00232A010023240102DC
:104E50002326010223260100976900009389891106
:104E6000930A5002176D0000130D0D8E130A0001F6
:104E7000938D0C00938C0D0083A4490EEFA01F8F1F
:104E8000930605001307010513860C0093058104A2
:104E900013050900E7800400630605266346052420
:104EA0008327810463865701B38CAC006FF0DFFC6D
:104EB00093040500B387BC41639CBC2503C71C0059
:104EC000938D1C00A30101049306F0FF130300005F
:104ED0009304A005930C0000938D1D00930707FE1B
:104EE00063E6F40493972700B387A70183A707001D
:104EF000B387A70167800700930707FD930C0000A5
:104F00001306900013972C00938D1D00B308970192
:104F100003C7FDFF93981800B38C1701930707FD93
:104F2000E372F6FE930707FEE3FEF4FA93880C00A3
:104F3000630E0720130F10002306E10AA3010104EA
:104F4000930E0F002328010093060000130EC10AE0
:104F500083258106032641069372430813870500C3
:104F600093070600639C0206B38CD841E348905B2C
:104F7000034631046308060693020000930F000005
:104F800013063104130717009387170093051000C9
:104F90002320C4002322B4002324E1062322F106A7
:104FA0001306700013048400634CF62863880F0214
:104FB000130641042320C400130727001306200012
:104FC000938717002322C4002324E1062322F1063D
:104FD0001306700013048400E348F6481306000823
:104FE000E380C220B38CE641E34890333307EF00FF
:104FF000938717002320C4012322E4012324E10620
:105000002322F1069306700013048400E3C2F642E3
:105010001373430063060300B38CD84163449029A3
:1050200063D4D80193880E008327C100B38717018A
:105030002326F100631A07148327010123220106A6
:10504000638807008325010113050900EF400FEF76
:1050500013040C006FF01FE293050B001305090009
:10506000EF908FEE630405006F1080690317CB008B
:105070001306A0009376A701E39EC6D88316EB0023
:10508000E3CA06D883264B0693F6160063980600FB
:1050900013770720631407006F10004393860B00FB
:1050A00013860C0093050B0013050900EF10006B2D
:1050B0008320C1142326A1000325C1000329011464
:1050C000032B0113832BC112832C411213010115F1
:1050D0006780000003C70D006FF01FE003C70D00DD
:1050E000136303026FF05FDF130680009305000077
:1050F00013050105EF404F9713051000B38CAC006A
:105100006FF09FD793040500B387BC416380BC0553
:1051100083268106032741062320B401B386F600C7
:10512000130717002322F4002324D1062322E106CB
:10513000930670001304840063C6E6020327C100CF
:10514000B307F7002326F100E39A04D683278106EC
:10515000638407006F10404E8317CB0023220106A3
:105160006F0040051306010693050B0013050900A7
:105170002328F100EF808FFC631C050283270101C7
:1051800013040C006FF09FFB1306010693050B0040
:1051900013050900EF808FFAE30005EA8327010178
:1051A000638807008325010113050900EF400FD92B
:1051B0008317CB0003274B06137717006306071CE2
:1051C00093F70704638407006F10404B0324811496
:1051D000832441148329C113032A8113832A411391
:1051E000032C8112032D0112832DC1118320C114C0
:1051F0000325C10003290114032B0113832BC112C2
:10520000832C4112130101156780000013760720DB
:10521000630A063213162701E35A06BA13962601CB
:10522000E35C06BC8357CB0093F707206384070039
:105230006F10C04603258B05EF40CF826F100046EC
:105240001306010693050B0013050900232EE10345
:10525000232CD102232A61022328C10323225102D5
:105260002320F103232ED101232C1101EF800FED18
:10527000E31605F20327810683274106032FC103A6
:105280008326810303234103032E0103832241026A
:10529000832F0102832EC1018328810113040C0096
:1052A0006FF0DFD09306000183274106975400007A
:1052B0009384446163D496091306040013037000B9
:1052C000232C1101175400001304C45F93840E00B3
:1052D0006F00C000938C0CFF63DA9605130707017B
:1052E00093871700232086002322D6002324E1067B
:1052F0002322F10613068600E35EF3FC1306010683
:1053000093050B0013050900EF804FE3E31805E850
:1053100093060001938C0CFF032781068327410627
:1053200013060C0013037000E3CA96FB8328810167
:10533000938E0400930404001304060033079701BE
:10534000938717002324E1062322F10623209400EB
:105350002322940193067000E3D4F6CC13060106D1
:1053600093050B0013050900232ED101232C1101F5
:10537000EF80CFDCE31405E203278106832EC10111
:10538000832881016FF0DFC913F70720E31A07E2D2
:1053900003258B05EF301FED8317CB006FF05FE225
:1053A0009377030293880C006396071C937703019D
:1053B00083AC0B0013874B00E39C07329377030405
:1053C000639407006F00107B939C0C0193DC0C41ED
:1053D00093D4FC41930B070013870400634A071A18
:1053E00063C8061C1373F3F76394061CB3E79C00B1
:1053F0006390071C8347310423280100130F00002A
:1054000093060000130E011163860724930E10000B
:1054100003278106832741069372430893050700FB
:1054200013860700E38202B4930F00006FF05FB5AC
:1054300083A70B00A301010493880C002328F1002B
:10544000938B4B00E38A076E93073005E308F7461A
:1054500093770301E394074663D406006F00107F3F
:105460000325010113860600930500002320610235
:10547000232CD100232E9101EF904FC38347310499
:10548000832681018328C1010323010263140500DF
:105490006F10002303270101330FE540934EFFFFF8
:1054A00093DEFE41B37EDF01639407006F10C017E7
:1054B000130E0700938E1E009306000023280100A0
:1054C0006FF01FF59307300493880C006306F70014
:1054D00093770301E38607301306800093050000ED
:1054E00013058105232C610023281101EF30DFD73C
:1054F00003A60B009304C10A93068105938504005B
:1055000013050900EFE09FCA9307F0FF832801010C
:1055100003238101130F05006314F5006F10C013FE
:10552000934EF5FF93DEFE41B37ED501938B4B0086
:10553000A3010104138E0400232801009306000038
:105540006FF01FA103258B05EF305FD00317CB0051
:1055500083264B0613162701E34806886FF01F8742
:105560009377030293880C001363030113874B00A6
:10557000E380071893877B0093F787FF03A7470013
:1055800083AC0700938B870093040700E35A07E47A
:10559000B3379001B3049040B384F4409307D00232
:1055A000A301F104B30C904163C406001373F3F735
:1055B000639C040C9307900063E8970D938C0C0395
:1055C000A3079111938E0600E35CD0168347310444
:1055D000E39E070623280100130F1000130EF1109D
:1055E0006FF01F9783AC0B00E3DA0C02B30C904111
:1055F000938B4B0003C70D00136343006FF0DF8DE7
:105600009307B00203C70D00A301F1046FF0DF8C14
:105610009377030293880C001363030113874B00F5
:1056200063940704A301010483AC0B0093040000FE
:10563000930B0700E3C006F81373F3F7E39A06F63B
:10564000B3E79C00E39607F623280100130F000040
:10565000130E0111930E00006FF09F8F93770302DA
:1056600093880C00E38E070293877B0093F787FFF4
:10567000A301010483AC070083A44700938B870038
:10568000E3DC06FAE38804F237D7CCCCB7DECCCC27
:105690001307D7CC938ECECC137F03409305000025
:1056A000130601116F00C0078327410183C707005C
:1056B0006396B700938717F0E3980742938F0C0027
:1056C0001388040013060E0033859C00B337950140
:1056D0003305F500B337E50293D2270093F7C7FFF0
:1056E000B38757003305F5403385AC40B3B7AC0002
:1056F000B387F440B303D503B387E702B332E502BF
:10570000B38777003305E502B38757009392F7011B
:1057100093D4170013551500B38CA200E306086E4E
:1057200033859C00B3379501B307F50033B8E70222
:1057300093851500130EF6FF935F28001378C8FFBA
:105740003308F801B3870741B387FC4033B8FC0046
:1057500033880441B3BFE7023308E802B387E702A6
:105760003308F8011318F80193D71700B307F800AE
:1057700013982700B307F80093971700B387FC40EE
:1057800093870703A30FF6FEE3100FF2938F0C002D
:105790001388040013060E006FF05FF3B787000054
:1057A000938707832312F104A301010483A70B004D
:1057B00093880C0013874B001306000063CA067819
:1057C0001373F3F713632300930B0700E39207723D
:1057D000E39006720327810683274106930E00009B
:1057E00093724308130E0111130F0000938E2E00C5
:1057F00093050700138607006388027C23280100B5
:105800006FF00FFB9377030293880C006396077287
:105810001376030183A70B0013874B0063140670F4
:1058200013760304E30A06329397070193D707011F
:10583000930B0700930E0300130600006F00C008CF
:105840009377030213874B00639E076A93770301E4
:10585000E39A072C93770304E394073A1373032026
:10586000E302032C83A70B008326C100930B0700E0
:105870002380D7006FF00FE003C70D009307C00629
:10588000630AF778136303016FF00FE503C70D0098
:10589000930780066308F776136303046FF0CFE382
:1058A0009377030293880C00936E030113874B00D8
:1058B000638C076613877B00137787FF83270700B6
:1058C00003264700930B8700A301010413F3FEBFD7
:1058D00063CA063E33E7C70013F3FEB76314073EFF
:1058E0006392063E93FE1E0063800E5493070003EE
:1058F000A307F110138F0E0023280100130EF110DF
:105900006FF00FE513050900232CD1002328610057
:10591000EF901FE883274500138507002326F10237
:10592000EF305FA22324A10213050900EF905FE688
:10593000032785008327810203230101232AE10035
:105940008326810103C70D00638807D8832741019F
:10595000638407D883C70700638007D813630340B5
:105960006FF08FD703C70D00136303086FF0CFD616
:1059700003C70D009307A00213861D00E30AF75822
:10598000930707FD930590009306000063E4F5027A
:105990001397260013061600B306D7000347F6FF39
:1059A00093961600B386F600930707FDE3F2F5FE23
:1059B00063C40664930D06006FF04FD203C70D0059
:1059C000136313006FF04FD18347310403C70D00F9
:1059D000639407D093070002A301F1046FF0CFCFC7
:1059E000B38CD841635090E19302000197540000BA
:1059F000938444EC63D6920B2328D1029303700066
:105A000093060400232C110113840C00232ED101D2
:105A1000938C0B002320C10323226102930B0F0000
:105A20006F00C000130404FF63DA82041307070148
:105A30009387170023A0960023A256002324E10693
:105A40002322F10693868600E3DEF3FC13060106AB
:105A500093050B0013050900EF705FEE631005F46A
:105A600093020001130404FF0327810683274106E4
:105A700093060C0093037000E3CA82FA138F0B00A5
:105A800083288101938B0C00832EC101930C0400A9
:105A9000032E01021384060003234102832601031F
:105AA0003307970193871700232094002322940142
:105AB0002324E1062322F106130670001304840058
:105AC0006352F6D21306010693050B001305090075
:105AD000232AE1032328D102232261022320C103C8
:105AE000232ED101232C1101EF705FE5631805EA25
:105AF0000327810683274106032F410383260103E1
:105B000003234102032E0102832EC1018328810158
:105B100013040C006FF00FCD97540000938484D9C8
:105B200063509A0B130604009306700013840C0054
:105B3000232C1101938C0B00232ED1012320C103B0
:105B400023226102930B0F006F00C000130404FFB7
:105B500063588A04130707019387170023209600D0
:105B6000232246012324E1062322F10613068600A0
:105B7000E3DEF6FC1306010693050B00130509008E
:105B8000EF70DFDB631C05E0130404FF03278106CD
:105B90008327410613060C0093067000E34C8AFA33
:105BA00083288101832EC101032E010203234102B8
:105BB000138F0B00938B0C00930C0400130406004E
:105BC0003307970193871700232094002322940121
:105BD0002324E1062322F1069306700013048400B7
:105BE00063D6F6C01306010693050B0013050900E2
:105BF0002328E103232261022320C103232ED101A4
:105C0000232C1101EF709FD3631A05D80327810657
:105C100083274106032F010303234102032E0102C0
:105C2000832EC1018328810113040C006FF00FBC87
:105C30001306010693050B001305090023206102DA
:105C4000232ED101232C1101EF705FCF631805D4EF
:105C50000327810603230102832EC10183288101CA
:105C600013040C006FF0CFBA1306010693050B0066
:105C700013050900232CE103232AD1022328610202
:105C80002322C10323205102232ED101232C1101F1
:105C9000EF70DFCA631405D003278106832741060E
:105CA000032F81038326410303230103032E4102B3
:105CB00083220102832EC1018328810113040C0079
:105CC0006FF0CFB1130E01119315D60113F77700C2
:105CD00093D7370013050E00B387F50013070703AA
:105CE00013563600B3E5C700A30FEEFE130EFEFFFA
:105CF000E39C05FC130707FD630607009377130079
:105D0000639A071693070111338FC741938E0600DC
:105D100063CCE615232801006FF08FA3930F0000DA
:105D2000130700019307060097540000938484B979
:105D3000635A970B232AD102930370009306040041
:105D4000232C110113840C00232ED101938C0B0002
:105D50002320F1032322C10323286102930B0F00A8
:105D60006F00C000130404FF635A87049385050184
:105D70009387170023A0960023A2E6002324B106F0
:105D80002322F10693868600E3DEF3FC1306010668
:105D900093050B0013050900EF705FBA631005C08F
:105DA00013070001130404FF83258106832741069E
:105DB00093060C0093037000E34A87FA138F0B00DD
:105DC00083288101938B0C00832EC101930C040066
:105DD000832F010213840600032E410203230103D3
:105DE000832641033387BC00938717002324E106F1
:105DF0002322F1062320940023229401130670002D
:105E00006346F6440346310413048400631A06040F
:105E1000638A0F9C930200006FF08F9903C70D00F7
:105E2000938B4B006FF04F8B130F00009306000015
:105E300023280100130E01116FF08F911396260194
:105E4000634406006FE05FFB6F005005938E1E00F9
:105E500023280100130F1000130EF1106FF04FDB19
:105E6000930200006FF0CF91930E0F0023280100E2
:105E70006FF00F8E1305E5FF930700031307011161
:105E8000330FA740A30FFEFE938E060063D4E601F6
:105E9000930E0F00130E0500232801006FF04F8BA7
:105EA000937E030183AC0B0013874B00639C0EF6BB
:105EB00093770304638A0732939C0C01A3010104C6
:105EC00093DC0C019304000063CC06321373F3F7E8
:105ED00063980632B3E79C0063940732930B070084
:105EE000130F000023280100130E01116FF04F86DD
:105EF00083AC0B00930B070093D4FC411387040081
:105F00006FF0CFCD8326C10083A70B000326C1000D
:105F100093D6F64123A2D70023A0C700930B070016
:105F20006FE05FF5930E030083A70B0013060000DC
:105F3000930B07006FF05F99930E03006FF09F972C
:105F400083473104930E1000638607E86FF01FF05B
:105F500013632300930B07001305200097450000EF
:105F60009385C580130E011113F7F7003387E50001
:105F70000347070093D74700130EFEFF2300EE00F0
:105F80001317C601B307F7001356460033E7C700DF
:105F9000E31C07FC93070111338FC741930E0F00D9
:105FA0006354DF00938E0600630A050C0327810605
:105FB0008327410693724308938E2E0093050700B2
:105FC00013860700E39C0282B38CD841232801008A
:105FD000634490016FE0DFFD930F20006FF05FD40A
:105FE00083A70B00930E1000138F0E002306F10AF7
:105FF0009304C10A6FF08FD39306F0FF930D060050
:106000006FE0DFED03C71D0013630320938D1D00B8
:106010006FE09FEC03C71D0013630302938D1D0007
:106020006FE09FEB93880C009735000093854575D2
:1060300093770302638A071C13867B00137686FF1F
:1060400083270600930B8600032646001375130072
:1060500033EEC7006304050063160E26A301010496
:1060600063C0061E1373F3B7639A066663180E6661
:10607000130F0000130E0111930E00000327810679
:106080008327410693724308930507001386070090
:106090006386026A0346310423280100930F00003F
:1060A000630406006FE0DFED6FE05FF393880C00A0
:1060B000973500009385856B6FF09FF7832701016B
:1060C0001305810513068000930500002320D102EB
:1060D000232E6100232C11012326F104EF30CF98E9
:1060E00083260102832881010323C10163CC062A90
:1060F00093040000232E8100930C0B0013840400F2
:1061000023206102138B06006F00000393068105B4
:106110009305C10A13050900EFE04F899307F0FFCB
:10612000630AF552B307A4006340FB029384440062
:10613000638C6757138407008327C104B3879700D4
:1061400003A60700E31406FC9306040083288101DC
:106150000324C10103230102138B0C00638406286E
:106160009307300663C8D73223280100130EC10AF3
:1061700013068000930500001305810523226102A8
:10618000232CC10123201103232ED100EF30CF8D0A
:106190008326C10183258101130781051306C104EC
:1061A00013050900EFE04F928326C101032E810100
:1061B0008328010203234102639AA656B307DE0037
:1061C000238007008347310493CEF6FF93DEFE4120
:1061D000B3FED601138F060063840744938E1E001E
:1061E000930600006FF0CFA293770320A301010470
:1061F0006382072293FCFC0F93040000E3D806CCD3
:10620000930B07006FF0CFBA1376030183A70B003F
:10621000938B4B006312060213760304630A060095
:106220009397070193D70701130600006FF01FE251
:106230001376032063160620130600006FF01FE19B
:106240001373F3BF130500006FF0DFD113060106CF
:1062500093050B0013050900232CE103232AD10227
:10626000232861022322C1032320F103232ED1011D
:10627000232C1101EF708FEC9302050063040500DD
:106280006FE0DFF1034631040327810683274106CF
:1062900083288101832EC101832F0102032E410235
:1062A0000323010383264103032F810313040C00FE
:1062B000630406006FE0DFCC63840F006FE05FCF04
:1062C0006FE05FD2A302E10413070003A3010104FE
:1062D0002302E10463C0060C1373F3B713632300B6
:1062E000130520006FF01FC86396041E93079000EB
:1062F00063E2971F93070111338FC741938E060006
:106300008347310463D4E601930E0F00B337F000E6
:10631000B38EFE006FF09FD613050900EF200FEE3D
:106320006FE01FA983A70B008326C100930B070012
:1063300023A0D7006FE01FB493076000938E060080
:1063400063ECD70A138F0E0093060000173E00007F
:10635000130E4E446FE0DFBF13760320630C060C70
:1063600093F7F70F930B0700930E0300130600003B
:106370006FF08FD5937703206386070A939C8C0177
:1063800093DC8C4193D4FC41930B070013870400EA
:106390006FF0CF841373F3BF136323001305200042
:1063A0006FF05FBC93060000130781051306C1045C
:1063B0009305000013050900232E6100232C110111
:1063C000EFD09FF09307F0FF832881010323C101E1
:1063D000930605006302F528832701012326F104B3
:1063E0006FF0DFD7834E3104032E0101130F00003D
:1063F000B33ED0016FF09FC8938E07006FF09FF4FB
:1064000083A70B008326C100930B07002390D700BE
:106410006FE05FA693040000930B0700E3D806AA81
:106420006FF04F9993D4FC41930B0700138704003E
:106430006FE0DFFA930B0700930E03006FF0CFC8F5
:1064400093F7F70F130600006FF05FC0832401017C
:10645000232E6100232C910113850400EF209FEE71
:1064600083473104934EF5FF93DEFE41832881017B
:106470000323C101130F0500B37ED5016386071AFC
:10648000138E0400938E1E00930600002328010043
:106490006FE01FF89385160013050900232E610095
:1064A000232C11012328D100EF30CFD783260101FF
:1064B000832881010323C101130E0500630E051813
:1064C0002328A1006FF0DFCA03258B05EF209FD999
:1064D0006FE0DFBC832781028325C1022322D10222
:1064E0003308FE40138607001305080023206102CD
:1064F000232E1101232CE10123280101EF804FC538
:10650000B3879C0033B69701B387C70037D6CCCC8E
:106510001306D6CCB3B5C70237D5CCCC1305C5CC42
:106520000327410103280101B7DECCCC034E17003D
:10653000032F81018328C101333EC00193DF250071
:1065400093F5C5FFB385F501B387B740B387FC402A
:10655000B3B5FC00B385B4403385A7023307C70148
:10656000232AE10037D7CCCC032301028326410242
:10657000130EF8FF1307D7CC938ECECCB385C5028C
:10658000B385A50033B5C702B387C702B385A5009D
:106590001395F50193D415009305100093D71700B8
:1065A000B30CF500B3879C0033B59701B387A70000
:1065B00033B5C702935F25001375C5FF3305F50199
:1065C000B387A740B387FC4033B5FC003385A440B4
:1065D000B3BFC7023305C502B387C7023306F5014F
:1065E0001316F60193D71700B307F600139627008A
:1065F000B307F60093971700B387FC409387070310
:10660000A30FF8FE6FF04F8A9307900063EAF791AB
:106610006FF05FCE138F0600938E060023280100D3
:10662000930600006FE0DF92032E01019306000045
:10663000232801006FE0DF9113050900130601060E
:1066400093050B00EF708FAF631405006FE0DFB0B0
:106650006FE01FB6138B0C008317CB0003274B068C
:1066600093E607042316DB0013771700631807006F
:1066700093F70720639407006FE09FD103248114F0
:10668000832441148329C113032A8113832A4113CC
:10669000032C8112032D0112832DC1119307F0FFEA
:1066A0002326F1006FE09FB493060B00832881013D
:1066B0000324C10103230102138B0C006FF01FAAF6
:1066C000032E0101E38807F4938E1600138F060052
:1066D00023280100930600006FE09FD313050000FC
:1066E0006FF05F8893F61600E39A06FA6FE09FB3A7
:1066F0001305200097350000938545076FF09F86AE
:1067000083274B0693F71700E39A07F86FE09FB1D2
:1067100083A60B00938B4B0063D406009306F0FF17
:1067200003C71D00930D06006FE00FFB8357CB00DE
:1067300093E707042316FB006FE05FA62328010000
:106740006FE09F821307050003A541B19306060081
:1067500013860500930507006FE00FE183D7C5009E
:1067600003AE450603D3E50083A8C50103A845028F
:10677000130101B71307004093F7D7FF2324814883
:1067800023202149138405001309050093050108FE
:106790001305010723261148232291482326D100FF
:1067A000930406002312F102232EC1072313610272
:1067B000232A1103232E0103232CB1002324B10229
:1067C0002320E1022326E10223280102EF201FA754
:1067D0008326C10013860400930581011305090077
:1067E000EFE08FD8930405006350050483574102FE
:1067F00093F70704638807008357C40093E70704EF
:106800002316F40003250107EF20DFA38320C148EE
:106810000324814803290148138504008324414847
:1068200013010149678000009305810113050900E8
:10683000EF70CFD1E30C05FA9304F0FF6FF01FFB6C
:10684000130101FF1305600023261100EF0040270C
:1068500013051000EFA0DE880327851363060700E9
:106860001305000067800000130101FE9305000876
:10687000232E11002326A100EF30CF9A8327C100D9
:1068800023ACA71263020502930705082320050025
:1068900013054500E31CF5FE130500008320C1012C
:1068A00013010102678000001305F0FF6FF01FFF66
:1068B0001307F0016360B70203278513630407021F
:1068C000939525003307B700032507002320C70051
:1068D00067800000130760012320E5001305F0FF27
:1068E00067800000130101FE2322B1009305000818
:1068F0002324C100232E11002326A100EF308F9204
:106900008326C100130705009305050823ACA612D2
:106910008327410093060500032681001305F0FF3D
:106920006300070223A0060093864600E39CB6FEA0
:10693000939527003307B700032507002320C700DE
:106940008320C10113010102678000009307F00159
:1069500063EAB70883278513130101FE232E110074
:10696000130705001386050063800704939625002E
:10697000B387D70083A607006388060213051000BB
:10698000638CA6009305F0FF6384B60423A0070080
:1069900013050600E78006008320C10113050000EF
:1069A0001301010267800000130507002326C100C0
:1069B0002324E100EF00403E0326C1008320C101F3
:1069C0009305050003258100130101026F00403784
:1069D0008320C101930760012320F7001301010206
:1069E00067800000930760012320F5001305F0FF86
:1069F000678000009307F00163E0B70C83278513DD
:106A0000130101FE232E110013870500638407067E
:106A100093162700B387D70083A607006388060272
:106A20001306F0FF6384C604130610006388C602D1
:106A30001305070023A00700E780060013050000E8
:106A40008320C10113010102678000008320C1017E
:106A50001305100013010102678000008320C101AB
:106A600013053000130101026780000013052000A8
:106A70006FF01FFD2326B100930500082324A10019
:106A8000EF205FFA832681009307050023ACA6124E
:106A9000630005020327C1009306050013060508DD
:106AA00023A0060093864600E39CC6FE6FF05FF6C7
:106AB0001305F0FF6FF0DFF81305F0FF67800000AB
:106AC0009307F00103A841B163E8A708832788135F
:106AD000130101FE232E110013060500638E070229
:106AE00013172500B387E70003A707006306070213
:106AF00093061000630AD7001306F0FF6302C70471
:106B000023A00700E70007008320C1011305000050
:106B10001301010267800000130508002326C1004D
:106B200023240101EF0040270326C1008320C10177
:106B30009305050003258100130101026F00402029
:106B40008320C101930760012320F800138506000C
:106B50001301010267800000930760012320F80001
:106B60001305F0FF678000009307F00103A641B111
:106B700063E0A702032786136304070213152500A9
:106B80003307A700032507002320B7006780000014
:106B9000930760012320F6001305F0FF67800000D3
:106BA000130101FE2326B1002324A1009305000850
:106BB000130506002322C100232E1100EF209FE6BB
:106BC000032641001307050093050508232CA61290
:106BD00083278100130605008326C1001305F0FFFB
:106BE000630007022320060013064600E39CC5FE4F
:106BF000139527003307A700032507002320D7009C
:106C00008320C101130101026780000083A741B105
:106C100003A78713630607001305000067800000C1
:106C2000130101FE13850700930500082326F100D8
:106C3000232E1100EF201FDF8327C10023ACA712F2
:106C4000630205029307050823200500130545008C
:106C5000E31CF5FE130500008320C10113010102AE
:106C6000678000001305F0FF6FF01FFF9307F0012E
:106C700063E4A70C83A641B1130101FE232E11008A
:106C800083A786131307050063840706931627005E
:106C9000B387D70083A60700638806021306F0FFB8
:106CA0006384C604130610006388C6021305070038
:106CB00023A00700E7800600130500008320C10120
:106CC00013010102678000008320C1011305100039
:106CD00013010102678000008320C1011305300009
:106CE0001301010267800000130520006FF01FFDF3
:106CF0002326A10093050008138506002324D10054
:106D0000EF205FD2832681009307050023ACA612F3
:106D1000630005020327C10093060500130605085A
:106D200023A0060093864600E31CD6FE6FF01FF6F4
:106D30001305F0FF6FF09FF81305F0FF6780000068
:106D400093870500130101FF2324810093050600AA
:106D500013040500138507002326110023A201B4A4
:106D6000EFA00EC29307F0FF630AF5008320C10075
:106D700003248100130101016780000083A741B44F
:106D8000E38607FE8320C1002320F4000324810052
:106D900013010101678000006FA08EBB3703100054
:106DA0001303F3FFB377B300337ED30013D8450149
:106DB00093D8460193973700130101FE1357D5016D
:106DC0003367F700131E3E009357D6011378F87F00
:106DD00093F8F87F232E110093D5F50193D6F60191
:106DE000B3E7C701B30E1841131F3500931F3600D8
:106DF000638ED51813030500635CD00F63860824E7
:106E00009306F07F6304D84E9306800363CED625A5
:106E1000B7068000B3E7D7009306F00163CCD65FD6
:106E200093060002B386D6413396D700B396DF00AF
:106E3000B3DFDF01B336D0003366F601B3DED7012E
:106E40003366D6003307D7413306CF40B337CF0080
:106E50003307F7409317870063D007421317970053
:106E60001357970063120722130506002326E1003B
:106E7000232401012322B1002320C100EF100FF3CE
:106E8000930685019308F001032601008325410044
:106E9000032881001307000063DED820930785FFD5
:106EA000B317F60063C2065B3386064193061600ED
:106EB000E3DAD818130616FE1305000233D6C7000E
:106EC000638CA60013050004B306D540B397D70022
:106ED000B337F0003366F6006302062E9377760030
:106EE00063940722130F0600130700006F00C025EC
:106EF000638C0E223383084163100846B365E701B3
:106F0000638205629305F3FF638A057A1305F07FB8
:106F10006302A37013068003E35CB60E1386FFFFC3
:106F2000B3BFCF003387F74193158700B7078000C1
:106F3000E3C4051893850600130803009307460071
:106F400033B6C7003307C7001386070093178700BF
:106F500063DE0732930618009307F07F13FE1500D7
:106F6000639AF62C139746018320C1019307000012
:106F7000B367F7001317FE01B3E6E700130500003F
:106F8000938506001301010267800000138E05003F
:106F9000635ED025639C081EB3E6F7016386066630
:106FA000930EF8FF63880E5A9306F07F6302D8644D
:106FB0009306800363CAD61F9306F00163C8D6699F
:106FC000130600023306D641B396C7003396CF00AE
:106FD000B3DFDF013336C000B3E6F601B3DED7011D
:106FE000B3E6C6003307D701B387E601B3B6D700CF
:106FF0003307D700138607009317870063DE072641
:10700000130818009307F07F6304F862B70780FF46
:10701000935616009387F7FF13761600B3E6C60063
:10702000B377F7001396F70113F5760013D717001F
:107030003366D600E30C05F09377F6009306400024
:10704000E386D7F06FF09FEFB3E6F701638E063A61
:10705000930EF8FF638E0E549306F07F6308D828D2
:1070600093068003E3DAD6DB1306FFFFB337CF00C6
:107070003307F74093168700B7078000E3D006EC8C
:107080001387F7FF1306F0FF130507002326C1003F
:10709000232401012322B1002320E100EF100FD1AE
:1070A0000327010083254100032881000326C10036
:1070B000930685FF13050002B307D540B357F600CA
:1070C0003317D700B3E7E7003316D60063C00633A3
:1070D000B3860641938616003305D5403317A600C4
:1070E0003338E0003357D6003395A7003367E80004
:1070F0003366E50033D7D700B367E6006380070C3B
:1071000093777600638C077C9377F60093064000B4
:107110006398D7329317870063DC077613FE150058
:10712000930610006F004011130518001375E57FDA
:1071300063140528B368E70133E5F70163100840DD
:10714000638A085A6312055C93573F001315D701F1
:107150003365F50013080000935737009376F87FE6
:107160009397C700139746018320C10113FE1500B2
:1071700093D7C700B367F7001317FE01B3E6E70024
:107180009385060013010102678000009306F07FDB
:107190006300D8469306800363C8D601B706800013
:1071A000B3E7D7006FF05FE19317870013061F0066
:1071B000E3D607D8370780006FF09FE413FE150071
:1071C0009306000093070000130500001397460183
:1071D0008320C101B367F7001317FE01B3E6E70090
:1071E000938506001301010267800000638C0E1076
:1071F000B3860841631808263365E701630A055C16
:107200001385F6FF630805341308F07F638606478D
:1072100013068003635EA6681388060093968700B2
:1072200013861F0037078000E3CC06DC13870700B6
:107230006FF0DFD0B3F6F600B70780FF9387F7FF54
:10724000B377F700139797008320C1011395D701F7
:107250009357C70013974601B367F7001317FE0152
:1072600013563600B3E6E7003365C5009385060084
:10727000130101026780000093777600638807009E
:107280009377F60093064000E39AD7CA1355360069
:107290009317D7019306F07F33E5A7009357370084
:1072A000E31ED8EA3365F500630A05029306F07F12
:1072B000139746018320C101130E0000B707080091
:1072C000B367F7001317FE01B3E6E70013050000EC
:1072D00093850600130101026780000013FE15006C
:1072E0009306F07F930700006FF05FEE13133300F7
:1072F000135333001315D7013365650093573700D7
:107300006FF05FFA9306180093F8E67F6394081A0B
:10731000B366E7016318082C33E6F7016382064E73
:10732000E30406E2B30FFF01B307F70033BFEF0139
:10733000B387E701139787006348075233E7FF00DD
:10734000E30E07E61395D70193DF3F0033E5AF0067
:1073500093D737006FF09FE09305F07F638CB82AD6
:107360001306800363466612370680003367C70042
:107370001306F001634E663093050002B385654045
:107380003316B700B315BF00335F6F00B335B000DD
:107390003366E601335367003366B600B387674050
:1073A0003386CF40B3BFCF003387F741138808003F
:1073B000938506006FF01FAA3306FF413335CF00D7
:1073C000B308F740B388A84013958800634E0512B0
:1073D0003365160113870800E31605A8130E000095
:1073E00093060000930700006FF05FDE370780FF11
:1073F0001307F7FF33F7E700937776003308D84099
:10740000E39007E86FF09FE813133500135533003E
:107410006FF01FE893860EFE13060002B3D6D70066
:10742000638ACE00130600043306D641B397C70023
:10743000B3EFFF003336F0013366D6006FF0DFA004
:10744000130800006FF09FAF370780FF1307F7FFA7
:10745000B3F7E7001395D7013308D84093D7370027
:107460006FF0DFCF1305F07F6388A8201306800339
:107470006352D62E9396870013861F001388080048
:1074800037078000E3CE06B6138707006FF01FAB07
:107490001386FFFFB3BFCF003387F74193158700F3
:1074A000B707800063C00530938506001388080085
:1074B0006FF0DFA81306F07FE386C6AAB30FFF01C3
:1074C000B307F70033BFEF0113D71F00B387E701FE
:1074D0001396F701137577003366E60013D717008C
:1074E0006302053E13880600930840009376F60079
:1074F000E39616A5135536001317D7013365E5003B
:1075000093D747006FF09FC5338FEF41B3BFEF01B3
:10751000B387E74013060F003387F74193850600D2
:107520006FF05F94131636001355360093850600EE
:1075300013080300138707006FF09FD56394082A90
:10754000631A050C130E00009306F07FB7070800BE
:107550006FF0DFC7B30FFF0133BFEF01B307F700D1
:10756000B387E7019396870063D80624B70680FFA8
:107570009386F6FF13D71F00B3F7D7009396F70152
:1075800013767700B3E6E60013D7170063060630DC
:1075900013F6F600130540006300A6303386A600FC
:1075A000B336D6003387E600130820006FF01FCEF5
:1075B000B30FFF41B307F740333FFF013387E74184
:1075C0009317870013860F0063CE070693DF3F00F3
:1075D0001315D7013365F5019357370013081000D1
:1075E0006FF0DFB7638A0608B3EFF701E3900FCCC3
:1075F000131535009317D7011355350033E5A70050
:10760000935737006FF01FCA131535001355350017
:107610006FF01FC8131636001395D70113573600A5
:10762000938506003365E50093D737006FF09FC759
:107630009306080093070000130500006FF01FB9C0
:1076400093850600130810006FF05F8113860EFE0D
:107650009306000233D6C700638ADE009306000457
:10766000B386D641B397D700B3EFFF00B336F0012E
:10767000B3E6C6006FF05F97131736001395D70176
:10768000135737003365E50093D737006FF09FC17C
:10769000930503FE13060002B355B700630AC30047
:1076A00013060004330666403317C700336FEF003C
:1076B0003336E0013366B6006FF09FCE338FEF4173
:1076C000B387E740B3BFEF013387F74193178700D4
:1076D00013060F00E3C607F6135F3F001315D7012B
:1076E000938506003365AF009357370013081000E9
:1076F0006FF0DFA6E30405CE13870700138F0F009A
:10770000938506006FF05FA43308FF4133350F0106
:107710003306F7403306A64013158600635C051256
:10772000338FEF41B387E740B3BFEF013387F741B2
:10773000B367EF0013060F0093850600E38007A8E8
:107740009317870063D0071A13FE160093061000E4
:107750006FF09FAE370680003367C7001306F00155
:10776000634CD60A130500023305D5403316A70033
:107770003315AF00335FDF003335A000B356D700B9
:107780003366E6013367A600B387D700B30FF7016E
:1077900033B7EF003307F70013860F001388080094
:1077A0006FF09F8513880800938506001387F7FF05
:1077B0001306F0FF6FF05F8D1395D70193DF3F0045
:1077C0003365F50193D73700130810006FF01F9948
:1077D000131536001355350013880600138707006C
:1077E0006FF01FABE31405AC9317330093D737004A
:1077F0001315D70133E5A700935737006FF09FAA01
:10780000E30E069A13870700138F0F006FF0DF93C4
:10781000138305006FF0DFB5138606FE1305000223
:107820003356C700638AA60013050004B306D5408B
:107830003317D700336FEF003337E0013367C700EA
:107840006FF0DFF4130500023305D5401308000084
:107850006FF09F893365C800E30205B8130706007F
:10786000130F08006FF05F8E370780FF1307F7FFD5
:10787000B3F7E7001395D70193DF3F0093D73700A5
:107880003365F501B3F76700930610006FF01F949E
:10789000130800006FF09F9F93D636001317D7018F
:1078A0003365D70093D74700130820006FF01F8B74
:1078B000930605006FF09FEA130803009385060006
:1078C0006FF00FFC135536001317D7013365E50031
:1078D00093D74700138806006FF05F8893860500F2
:1078E0006FF01FE693850600130F06006FF0DF852B
:1078F00013D74501B707100013D846019387F7FF48
:107900009308F07F1377F77F33FEB70033781801C1
:10791000B3F7D70093D5F50193D6F6011303100002
:10792000630A170363041803631207036394C7050C
:107930006312A60413030000638AD500130310002A
:1079400063160700336EAE003333C0011305030026
:1079500067800000E31CE8FE336EFE00336ECE004D
:10796000336EAE00E3140EFEB385D5403333B00062
:107970006FF0DFFD130310001305030067800000A4
:1079800093D74501130101FC1397C500232E110263
:1079900093F7F77F130805001357C70093D5F50138
:1079A000638007461305F07F6386A72A1317370005
:1079B0001355D8013365E500370780003367E500CC
:1079C000138317C093183800130E0000930F0000A4
:1079D00093D746011398C60093F7F77F1358C80052
:1079E00093D6F6016380072A1305F07F638EA73CC8
:1079F000938717C01305A0003303F3006340C53518
:107A0000131838009357D601B3E7070137088000F1
:107A100033C5D50033E8070193072000931E3600D5
:107A200093050500130F000063D2C70393071000EE
:107A3000B397C70113F607536312063093F5072473
:107A40006394055693F787086392072E939708016E
:107A5000939F0E0113D6080193D7070193DF0F01FF
:107A600093DE0E01B385F703232C8102330EF60358
:107A700093D60501B388FE02B388C801B386160108
:107A8000B302D60363E6C649931308019395050133
:107A9000139E060193D303011358080193D50501E2
:107AA0003304BE0093D60601338F7702330E76027D
:107AB00093550F01B307F802B387C701B385F500EB
:107AC000B308060363F6C501B7070100B388F800E1
:107AD0001316070113560601135707019397050163
:107AE00093D50501B3851501338ECE02131F0F0107
:107AF000135F0F01B387E701B386F600B308F603FF
:107B0000B30FF70313DF0801330EFE01330FCF016C
:107B1000B38EEE026376FF01B70F0100B38EFE0154
:107B200093980801931F0F0193D80801135F0F0169
:107B3000338E1F01330FDF01B3087702B30E7602D5
:107B40003306C80293DF0E0133061601B38FCF0050
:107B50003308E80263F61F01370701003308E80025
:107B600093980E0193D8080113970F01B38656001E
:107B700033071701B305B700B3B7F600B38EC601DC
:107B8000B387F5003386E701B3B6DE00B306D6004F
:107B900033B7E500B3B5B7003367B700B337F600C6
:107BA00093D50F0133B6C600B3E7C7003307B7005C
:107BB00093989E00B387E700B3E88800B387070176
:107BC000B338100113D67E019397970013D776012F
:107BD000B3E8C80093969600B3E8D8009396770070
:107BE00033E7E70063C2061A9307F33F6352F034AA
:107BF00093F678006386065093F6F800130640006B
:107C0000032481036386C60293864800B3B8160135
:107C100033071701938806009316770063DA06008E
:107C2000B70600FF9386F6FF930703403377D7002C
:107C30009306E07F63CCF6381316D70193D838004B
:107C40009316970093F7F77F3366160113D7C60094
:107C50006F004011B36807016392082A138307007D
:107C600093D746011398C60093F7F77F13070000D8
:107C7000130E8000930F20001358C80093D6F6010E
:107C8000E39407D6B36EC80063800E20630A0838F9
:107C9000130508002326C1022324C1032322610205
:107CA0002320E102232E1101232CF101232AD100EC
:107CB0002328B10023260101EF005F8F0328C100B4
:107CC0008325010183264101832F81018328C1017E
:107CD0000327010203234102032E81020326C1026E
:107CE00093070500930E55FF1305D0013305D541C9
:107CF000938E87FF3318D8013355A60033680501EA
:107D0000B31ED601B307F3401306A0001383D7C0F8
:107D10006346C6039307200033C5D500E3D8C7D315
:107D200093050500130F00006FF05FD093850600E8
:107D30001307080093880E00930F0F00930720008D
:107D4000638CFF2693073000638AFF1C93071000A3
:107D5000138505006398FF049307000013070000D4
:107D6000130600008320C103939747019315F50183
:107D7000B3E7E700B3E7B7001305060093850700F4
:107D8000130101046780000093D7180003248103C6
:107D900093F81800B3E717019318F701B3E8170138
:107DA0001357170093070340130313006354F0188D
:107DB00093F67800E38206E693F6F8001306400097
:107DC000E394C6E46FF05FE5B36EC8001303F37F7E
:107DD00063900E1093672E001306A000E340F6F6A2
:107DE000B3C5D50013850500130F200063000E0CEA
:107DF000138E070013080000130F20006FF01FC33D
:107E0000B368A70063880806232ED100232CC10085
:107E10006306071C232AA100130507002328B100CD
:107E20002326E100EF008FF80327C100832501011D
:107E300003284101032681018326C101130E050099
:107E4000930855FF9307D001B387174193088EFF1E
:107E500033171701B357F80033E7E700B3181801D9
:107E60009307D0C03383C741930F0000130E000067
:107E70006FF01FB613070000130E4000130300003D
:107E8000930F10006FF0DFB4136E1E009307A00075
:107E9000E3C6C7EBB3C5D5009307200013850500E3
:107EA00013080000130F1000E3C2C7B993072000A6
:107EB0006304FF10930F10009307100013070000D6
:107EC0009308000013850500E39EFFEC6FF0DFE8E8
:107ED000136E3E001305A000634CC52193071000EC
:107EE000B397C70193F7870833C5D500930E0600F3
:107EF000130F3000E38C07B46FF05FE393080800C2
:107F000013830700130EC000930F30006FF05FACB7
:107F1000B7080100B38212016FF01FB7130500000C
:107F20009307F07F37070800130600006FF09FE308
:107F300003248103638E0714930690FCE3CED7E0FD
:107F4000930620FE63D2D71C130610FEB306F6403C
:107F5000B356D7006388C7001303E34333136700A6
:107F6000B3E86800333610013366D60093777600A5
:107F700013070000638207029376F6009305400022
:107F800093070000638AB600B306B60033B6C60096
:107F90009317D60113860600135636003366F60093
:107FA000930700006FF01FDC130500009307F07FBC
:107FB000370708006FF01FDB138505009307F07F7C
:107FC00013070000130600006FF0DFD99307F07F5E
:107FD00013070000130600006FF0DFD8232AE1002A
:107FE0002328B1002326A100EF004FDC93085501A0
:107FF0009307C0010328C1008325010103268101E5
:108000008326C101130E050213070000E3DC17E30A
:10801000130585FF3317A800930800006FF05FE495
:10802000130506002326C103232461022322010332
:108030002320E102232E1101232CF101232AD10058
:108040002328B1002326C100EF004FD6930E55011F
:10805000130FC0010326C1008325010183264101BE
:10806000832F81018328C101032701020323810299
:10807000032EC1029307050213080000E356DFC771
:10808000130585FF3318A600930E00006FF09FC7FD
:10809000930610001303E341339668003336C000A3
:1080A00033136700B3D8D800336666003366160111
:1080B00093777600B356D700638007029377F60074
:1080C00013074000638AE700B307E60033B6C70032
:1080D000B386C600138607009397860063DC070209
:1080E0009307100013070000130600006FF09FC7EE
:1080F0001305000037070800130600006FF09FC645
:10810000032481036FF0DFB293061000B386F640BC
:108110006FF05FF8939596009397D60113D7C5003B
:108120006FF09FE7B70710009387F7FF33F3B700AF
:10813000B3F7D7001398370093D8460113133300D1
:10814000130101FE1357D5019357D601336767001A
:10815000B3E707011303F07F13D84501232E110065
:1081600093D5F50193F8F87F93D6F601337868003C
:10817000938F0500931E3500131E36006384681824
:1081800093C61600330F18416384D50C635AE0730D
:10819000638E081C630C68509306800363CAE61F55
:1081A000B7068000B3E7D7009306F00163C4E66129
:1081B00093060002B386E6413393D700B316DE0080
:1081C000335EEE01B336D0003363C30133DFE70122
:1081D0003363D3003307E74133836E40B3B76E0098
:1081E0003307F7409317870063C007429377730004
:1081F000638207389377F30093064000638CD73689
:108200009307430033B36700330767001383070006
:108210009317870063D00736930618009307F07F03
:1082200093FF1500639CF638930700009308000045
:108230008320C10113974601B367F7009396FF01AE
:1082400013850800B3E5D700130101026780000021
:108250006358E07963940828B3E6C7016388066C25
:10826000130FF8FF630C0F2A6300687693068003F0
:1082700063C2E6299306F00163C8E66D13060002A7
:108280003306E641B396C7003316CE00335EEE01E7
:108290003336C000B3E6C60133DFE701B3E6C600FC
:1082A0003307E701B387D601B3B6D7003307D7004A
:1082B0001383070093178700E3DA07F21308180007
:1082C0009307F07F630AF866B70780FF93561300A1
:1082D0009387F7FF13731300B3E66600B377F700D5
:1082E0001393F70113F6760013D717003363D30007
:1082F000E30006F29377F30093064000E392D7F091
:108300006FF01FF133E3C701130F188063040314E8
:108310006386D51463080F18630A084413173600E0
:10832000135537001397D70193850600B368E5000E
:1083300093D73700B3E8F800638208368320C10181
:108340009306F07F13974601930F0000B7070800CC
:1083500093080000B367F7009396FF0113850800A8
:10836000B3E5D70013010102678000001316350042
:10837000B3E6C7011356360063800620130FF8FFDB
:10838000630C0F566304683293068003E3DEE6E174
:108390001383FEFFB3B76E003307F74093168700D1
:1083A000B7078000E3DE06E41387F7FF1303F0FF4F
:1083B000130507002326B1002324610023220101B5
:1083C0002320E100EF008F9E0327010003284100D6
:1083D000032381008325C100930685FF1306000255
:1083E000B307D640B357F3003317D700B3E7E7001E
:1083F0003313D30063CC0635B3860641938616004B
:108400003306D6403317C3003335E0003357D3006B
:108410003396C7003367E5003363E60033D7D700F0
:10842000B367E3006382070E93777300E38C070062
:108430009377F3009306400013080000E392D7DC23
:108440009317870063D8071293FF15009306100057
:108450006F00001793C61600E39ED5EA63040F264B
:10846000631E0838938608003365D701630E056CD8
:108470001385F6FF6304050A1308F07F638006394D
:10848000130680036356A67A138806009396870026
:1084900013031E0037078000E3C206E213870700BC
:1084A0006FF01FD69308180093F8E87F63960826AC
:1084B000B3E8C7013363D7016312083E6304035C6A
:1084C000639C085C93D73E001316D701B368F6008F
:1084D00013080000935737006F00400B6308681CB7
:1084E0009306800363C8E601B7068000B3E7D700B0
:1084F0006FF05FD89317870013831E00E3D207D075
:10850000370780006FF09FDB93FF15009306000094
:1085100093070000930800006FF09FD1338ECE01C7
:10852000B33EDE01B307F700B387D7019396870008
:1085300063D60662B70680FF9386F6FF13571E00C8
:10854000B3F7D7009396F70113767700B3E6E6000A
:1085500013D71700630A066A13F6F60013054000E6
:108560006304A66A3383A600B336D3003387E600DC
:1085700013082000135633009317D7019306F07F9A
:10858000B3E8C70093573700E306D8DA8320C10168
:108590009376F87F9397C70093FF150013974601D2
:1085A00093D7C700B367F7009396FF0113850800C0
:1085B000B3E5D7001301010267800000B3F6F600AF
:1085C000B70780FF9387F7FFB377F7001397D701BB
:1085D000135333008320C101B368670013979700DA
:1085E0009357C70013974601B367F7009396FF01AF
:1085F00013850800B3E5D70013010102678000006E
:10860000938506001308100013179700135797005F
:10861000E31007DA130503002326B1002324E10049
:108620002322010123206100EFF05EF8930685010B
:108630001306F00103230100032841008325C10034
:1086400013070000E35CD6D8930785FFB317F30048
:1086500063C8061933830641930613006350D65648
:10866000130313FE1306000233D36700638CC600A6
:1086700013060004B306D640B397D700B337F00013
:108680003363F300E30203E893777300E39207DABE
:10869000930E0300130700006FF0DFE293FF150055
:1086A0009306F07F930700006FF09FB81315350015
:1086B000135535001316D701B368A600935737003A
:1086C0006FF05FC79306180093F8E67F6394081471
:1086D000B366D7016314083633E6C701638C0648D6
:1086E000E30206DE338ECE01B307F700B33EDE01B0
:1086F000B387D701139787006344074E3367FE00A3
:10870000E30407E01397D701135E3E00B368EE0061
:1087100093D737006FF09FE73383CE4133B56E00B8
:108720003306F7403306A64013158600634E051244
:10873000B368C30013070600E39C08EC930F000026
:1087400093060000930700006FF09FAE370780FF8D
:108750001307F7FF33F7E700937773003308D84028
:10876000E39A07A8135633006FF01FE11385080042
:10877000B365D701638805101308F5FF6308082C5B
:108780009305F07FE30CB5B813068003635C063FE6
:108790001303FEFF333E6E003387C7411316870075
:1087A000B7078000634A0648938506001308050052
:1087B0006FF01FA593060FFE13060002B3D6D70075
:1087C000630ACF00130600043306E641B397C700DF
:1087D000336EFE003333C0013363D3006FF0DF9F8D
:1087E000370780FF1307F7FFB3F7E7009398D70128
:1087F0003308D84093D737006FF05FD9131736008E
:10880000935637001397D701B368D70093D7370033
:108810006FF05FB21306F07FE388C6A0338ECE01FF
:10882000B307F700B33EDE0113571E00B387D7012D
:108830001393F701137677003363E30013D7170020
:108840006306064013880600130540009376F30084
:10885000E398A69A135333001317D701B368E300C4
:1088600093D747006FF09FD2B30EDE41333EDE0157
:10887000B387E74013830E003387C7419385060013
:108880006FF01FD913163600135636009385060075
:1088900013080500138707006FF01FCE631403123F
:1088A0006380083813173600135737001396D70123
:1088B00093850600B368C70093D737006FF09FA772
:1088C000E3020FBE33850841E30408EA1306800380
:1088D0006352A60A1303FEFF333E6E003387C7417F
:1088E00013168700B70780006346062493850600A9
:1088F000138808006FF0DF90338ECE41B307F74046
:10890000B3BECE013387D7419317870013030E0000
:10891000E3CA07CE135E3E001316D701B368CE003C
:1089200093573700130810006FF05FC6131535001A
:10893000135635006FF05FC49306080093070000DC
:10894000930800006FF0DF8E13060FFE93060002FF
:1089500033D6C700630ADF0093060004B386E641FE
:10896000B397D700336EFE00B336C001B3E6C6003E
:108970006FF05F9337068000938506003367C7006A
:108980009306F00163C6A60893060002B386A640CC
:108990003313D700B396DE00B3DEAE00B336D0009B
:1089A0003363D3013355A7003363D300B387A740A4
:1089B00033036E40333E6E003387C741138808008F
:1089C0006FF05F82E39C08961315350093573500CE
:1089D0001316D701B3E8C700935737006FF09F9580
:1089E000E3020FCEB3860841E30008A81306800314
:1089F000635AD60E9396870013031E00138808004F
:108A000037078000E3CC068A138707006FF04FFF1B
:108A1000930605FE13060002B356D700630AC5008D
:108A2000130600043306A6403317C700B3EEEE006A
:108A30003333D0013363D3006FF09FF7E38006DC5C
:108A400033EEC701E31C0E8E6FF01FF8B30EDE414C
:108A5000B387E740333EDE013387C7419317870072
:108A600013830E00E3CE07B893DE3E001316D70142
:108A700093850600B368D60193573700130810009A
:108A80006FF0DFB0E38C08CA13870700930E0E0067
:108A9000938506006FF01FA33385CE4133B8AE0037
:108AA0003306F74033060641131886006350081258
:108AB000B30EDE41B387E740333EDE013387C74163
:108AC000B3E7EE0013830E0093850600E38E07A242
:108AD0009317870063D8071893FF160093061000BA
:108AE0006FF01FAE370680003367C7001306F00132
:108AF0006340D60A130500023305D5403316A7009C
:108B00003395AE00B3DEDE003335A000B356D70098
:108B10003366D6013367A600B387D700330EC7018B
:108B20003337EE003307F70013030E0013880800F5
:108B30006FF04FF813880800938506001387F7FF3E
:108B40001303F0FF6FF0DF8613163600135636005E
:108B500013880600138707006FF01FA21397D70131
:108B6000135E3E00B368C70193D7370013081000A7
:108B70006FF0DFA1E30A069813870700930E0E003B
:108B80006FF05F9493850600130508006FF05FDFB8
:108B9000138606FE130500023356C700638AA6003B
:108BA00013050004B306D5403317D700B3EEEE002B
:108BB0003337D0013367C7006FF05FF6130600024A
:108BC0003306D640130500006FF09F84B368C500DC
:108BD000E38608B613070600930E05006FF09F8E1C
:108BE000370780FF1307F7FFB3F7E7001397D701A5
:108BF000135E3E00B368C701139797009357C700F1
:108C0000930610006FF0CFE293D636001317D7010A
:108C1000B368D70093D74700130820006FF01F9761
:108C2000930F00009306F07FB70708006FF04FE046
:108C3000930605006FF09FEB13080500938506006F
:108C40006FF08FF6938605006FF09FE813533300A3
:108C50001317D701B368E30093D7470013880600C2
:108C60006FF0DF9293850600930E03006FF09F85EF
:108C700013D74501B70710009387F7FF1347F7FF96
:108C800013D84601B3F5B700B3F7D70093165701D1
:108C90001378F87F638006021307F07F1305000046
:108CA0006304E80067800000B3E7C7003335F000D5
:108CB00067800000B3E5A50013051000E38E05FCF6
:108CC0006780000093D74501B70610001387F6FFB1
:108CD00093F7F77F1306E03F3377B70093D5F5019D
:108CE000635EF6001306D041635EF6003705008030
:108CF0001305F5FF3385A50067800000130500000C
:108D000067800000130630413367D700634EF600DA
:108D10003306F6403357C7003305E040E39205FEC3
:108D2000130507006780000093063043B386F640C2
:108D30009387D7BE3355D5003317F7003367A700A5
:108D40006FF09FFD630E05069357F541B3C6A7006C
:108D5000B386F640130101FE1357F5011385060093
:108D60002326D1002324E100232E1100EFF01E84DE
:108D70009307E041B387A7401306A00003278100B3
:108D80008326C10093F7F77F6350A606130555FFAE
:108D90003396A6008320C1011316C6001356C600E1
:108DA0009397470193060000B3E7C7001317F70135
:108DB00013850600B3E5E700130101026780000098
:108DC0009307000013060000130700009397470164
:108DD00093060000B3E7C7001317F70113850600D9
:108DE000B3E5E700678000001306B0003306A64035
:108DF00033D6C6008320C1011316C60013055501E2
:108E00001356C60093974701B396A600B3E7C70071
:108E10001317F70113850600B3E5E70013010102FC
:108E2000678000008327C50083284500832505004F
:108E30008326850013960701130101FE1395170081
:108E4000135606012326F10013D8F701232211013E
:108E5000232A1101232EC100135715012320B1002D
:108E60002328B1002324D100232CD1009308010131
:108E70009307C1011315360003A6C7FF9387C7FFE9
:108E80009356D601B3E6A60023A2D700E394F8FEDA
:108E90009306170093953500139616012328B10009
:108EA0001356260163000604B7C6FFFF93860640EB
:108EB0003307D7009306E07F63DCE60A9307F07F71
:108EC000130700009306000093974701B3E7E700FC
:108ED0001318F80113850600B3E507011301010219
:108EE0006780000083274101032581010326C1011A
:108EF000B3E6A700B3E6C600B3E6B6006316070202
:108F000063840610130650009305000013563600C4
:108F10009396D501B3E6C600139695009377F77F35
:108F20001357C6006FF05FFAE38A06F8131646007F
:108F30001357C5013367C700B7068000B376D70063
:108F40006382062813D6C701B70780FF9387F7FF10
:108F5000131545003377F7003366A600B7074000C6
:108F60003367F700137686FF930700006F00C00693
:108F7000635EE00A83274101832681010325C10145
:108F8000139647003366B60093D7C7019395460002
:108F9000B3E7B7003336C0003366F60093D6C60198
:108FA0009315450093777600B3E5D50063900718D5
:108FB000B7078000B3F7F500E38A07F4130717003B
:108FC0009307F07FE30CF7EEB70680FF9386F6FF7A
:108FD0009377F77F33F7D500135636009316D701F2
:108FE000B3E6C600131697001357C60093974701C0
:108FF000B3E7E7001318F80113850600B3E507018E
:1090000013010102678000009307000013070000AE
:1090100093974701B3E7E7001318F801138506009B
:10902000B3E5070113010102678000009306C0FC4D
:109030006342D7121305D0033305E540832EC101E7
:109040009356554037070800139F2600B3EEEE00F5
:10905000B385E8011375F501138E0500232ED101A8
:1090600013870800130600000323070013074700B7
:1090700033666600E39AE5FE130330003307D340FE
:10908000631E050C83A50500130515009387470093
:1090900023AEB7FE634EA700B385E70183A50500A5
:1090A000130515009387470023AEB7FEE356A7FECE
:1090B00093074000B386D740130740003307D740DB
:1090C000131727009396260093058000B387D800D6
:1090D000636AB70023A0070023A20700130787FFD6
:1090E000B387B700930640006364D70023A007004E
:1090F00083270101832541013336C0003366F60022
:10910000B366B6009307000013070000E38E06DA8B
:10911000937776006396070C9397850013071000EA
:10912000E3C407EA130700006FF05FDE9377F600F1
:1091300093064000E38ED7E69306460033B6C6009A
:10914000B385C500B707800013860600B3F7F500A6
:109150006FF09FE6130700006FF0DFDA338FE8014E
:1091600083250F00130F0002330FAF40B395E501C5
:109170003366B60063806606930F000083250E00F9
:1091800003234E0093821F00B3D5A5003313E301E0
:10919000B3E5650023A0B700130E4E009387470088
:1091A000930F1000E3CCE2FC93074000B386D74056
:1091B00093172700B387F800B3DEAE0023A0D701D2
:1091C0006FF09FEF130800009307F07F3707080048
:1091D0006FF09FCF93061000130700006FF05FFD44
:1091E0009377F60013074000E388E7F213070000C7
:0491F0006FF09FF489
:1091F800696C6C6567616C20696E737472756374F1
:10920800696F6E20657863657074696F6E20686138
:109218006E646C657220656E74657265640A0065BB
:1092280063616C6C20657863657074696F6E206823
:10923800616E646C657220656E74657265640A009F
:1092480065627265616B20657863657074696F6EBD
:109258002068616E646C657220656E746572656401
:109268000A00756E6B6E6F776E2065786365707433
:10927800696F6E2068616E646C657220656E7465D6
:109288007265640A006E6F20657863657074696F33
:109298006E2068616E646C657220696E7374616CAF
:1092A8006C65640A00000000556E696D706C656D30
:1092B800656E7465642073797374656D2063616C81
:1092C8006C2063616C6C6564210A000054302E3395
:1092D800652D3146000000002D542E542B2B54715F
:1092E800000000003154332E3465347A0000000049
:1092F80033342E30652D545E00000000352E353095
:1093080030652B33000000002D2E313233652D32AD
:10931800000000002D3837652B383332000000007C
:109328002B302E36652D31320000000033352E35B6
:1093380034343030000000002E31323334353030D0
:10934800000000002D3131302E3730300000000091
:109358002B302E36343430300000000035303132B6
:109368000000000031323334000000002D3837345B
:10937800000000002B31323200000000366B2070F4
:109388006572666F726D616E63652072756E2070AE
:109398006172616D657465727320666F7220636FA8
:1093A80072656D61726B2E00366B2076616C696434
:1093B8006174696F6E2072756E20706172616D657F
:1093C8007465727320666F7220636F72656D617267
:1093D8006B2E000050726F66696C652067656E655C
:1093E800726174696F6E2072756E20706172616D42
:1093F800657465727320666F7220636F72656D6144
:10940800726B2E00324B20706572666F726D616EE2
:1094180063652072756E20706172616D6574657226
:109428007320666F7220636F72656D61726B2E00B8
:10943800324B2076616C69646174696F6E20727555
:109448006E20706172616D657465727320666F72EB
:1094580020636F72656D61726B2E00005B25755D10
:109468004552524F5221206C6973742063726320F5
:10947800307825303478202D2073686F756C64201F
:109488006265203078253034780A00005B25755DE8
:109498004552524F5221206D61747269782063726F
:1094A8006320307825303478202D2073686F756CF0
:1094B80064206265203078253034780A0000000086
:1094C8005B25755D4552524F522120737461746556
:1094D8002063726320307825303478202D2073681B
:1094E8006F756C64206265203078253034780A0006
:1094F800436F72654D61726B2053697A6520202035
:10950800203A20256C750A00546F74616C207469C8
:10951800636B732020202020203A20256C750A00D8
:10952800546F74616C2074696D652028736563736A
:10953800293A2025660A0000497465726174696FCA
:109548006E732F5365632020203A2025660A000099
:10955800497465726174696F6E7320202020202021
:10956800203A20256C750A0047434331352E322EA8
:1095780030000000436F6D70696C6572207665720B
:1095880073696F6E203A2025730A0000202020009E
:10959800436F6D70696C657220666C61677320201B
:1095A800203A2025730A00004252414D0000000075
:1095B8004D656D6F7279206C6F636174696F6E2091
:1095C800203A2025730A000073656564637263207E
:1095D8002020202020202020203A203078253034D8
:1095E800780A00005B25645D6372636C697374209C
:1095F8002020202020203A203078253034780A0096
:109608005B25645D6372636D6174726978202020E4
:1096180020203A203078253034780A005B25645DB4
:1096280063726373746174652020202020203A20BF
:109638003078253034780A005B25645D6372636690
:10964800696E616C2020202020203A203078253057
:1096580034780A00436F7272656374206F706572A4
:109668006174696F6E2076616C6964617465642EDB
:109678002053656520524541444D452E6D64206652
:109688006F722072756E20616E64207265706F72E1
:1096980074696E672072756C65732E00436F72650E
:1096A8004D61726B20312E30203A202566202F2004
:1096B8002573202573000000202F2025730000004B
:1096C80043616E6E6F742076616C696461746520A5
:1096D8006F7065726174696F6E20666F722074684E
:1096E80065736520736565642076616C7565732C98
:1096F80020706C6561736520636F6D7061726520A1
:109708007769746820726573756C7473206F6E2046
:1097180061206B6E6F776E20706C6174666F726D0E
:109728002E0000004572726F727320646574656361
:1097380074656400537461746963000048656170FE
:1097480000000000537461636B0000000A00000011
:10975800494E4600696E66004E414E006E616E00CD
:10976800303132333435363738396162636465668F
:109778000000000030313233343536373839414251
:109788004344454600000000286E756C6C290000B3
:109798002F000000504F53495800000043000000BC
:1097A800415343494900000049534F2D3838353952
:1097B8002D310000636A6B73696E676C6500000089
:1097C800636A6B6E6172726F77000000636A6B7711
:1097D800696465005554462D3800000055544638D4
:1097E800000000004A495300455543004A50000014
:1097F8004555434A50000000534A495300000000B1
:1098080049534F00383835390000000049534F2D6F
:10981800383835392D000000435000004B4F493887
:1098280000000000435032303836360043503231A1
:1098380038363600435031303300000047454F5228
:109848004749414E0000000050530000435031305A
:10985800310000005054313534000000435031309D
:109868003200000054495300363230004350383734
:10987800340000004C435F414C4C00004C414E47C3
:10988800000000004C435F434F4C4C4154450000DE
:109898004C435F4354595045000000004C435F4D12
:1098A8004F4E4554415259004C435F4E554D455219
:1098B800494300004C435F54494D45004C435F4DBC
:1098C8004553534147455300496E66696E6974793B
:1098D800000000004E614E0042616C6C6F632073A3
:1098E8007563636565646564000000002F686F6DCB
:1098F800652F696C672F616374696F6E732D72755C
:109908006E6E6572732F787061636B2D6465762D4A
:10991800746F6F6C732F312F5F776F726B2F726953
:109928007363762D6E6F6E652D656C662D67636348
:109938002D787061636B2F72697363762D6E6F6E0D
:10994800652D656C662D6763632D787061636B2F79
:109958006275696C642D6173736574732F627569C0
:109968006C642F6C696E75782D7836342F736F752B
:10997800726365732F6E65776C69622D342E352E90
:10998800302E32303234313233312F6E65776C6994
:10999800622F6C6962632F7374646C69622F6474DC
:1099A8006F612E63000000002F686F6D652F696C72
:1099B800672F616374696F6E732D72756E6E657251
:1099C800732F787061636B2D6465762D746F6F6C7F
:1099D800732F312F5F776F726B2F72697363762DD8
:1099E8006E6F6E652D656C662D6763632D7870618B
:1099F800636B2F72697363762D6E6F6E652D656C60
:109A0800662D6763632D787061636B2F6275696C6F
:109A1800642D6173736574732F6275696C642F6C40
:109A2800696E75782D7836342F736F757263657328
:109A38002F6E65776C69622D342E352E302E3230BC
:109A48003234313233312F6E65776C69622F6C692D
:109A580062632F7374646C69622F6D707265632E14
:109A6800630000002C2066756E6374696F6E3A207F
:109A780000000000617373657274696F6E2022259F
:109A88007322206661696C65643A2066696C65209A
:109A9800222573222C206C696E6520256425732588
:109AA800730A0000A479FEFFA479FEFFA878FEFFE0
:109AB800A878FEFFA878FEFFA878FEFFA878FEFF2A
:109AC800A878FEFFA479FEFFA079FEFFA878FEFF24
:109AD800A878FEFFA878FEFFA878FEFFA079FEFF11
:109AE800A079FEFF3C7AFEFFA878FEFFA878FEFF6B
:109AF800A878FEFFA878FEFFA878FEFFA878FEFFEA
:109B0800A878FEFFA878FEFFA878FEFFA878FEFFD9
:109B1800A878FEFFA878FEFFA878FEFFA878FEFFC9
:109B2800A479FEFFFC79FEFFA878FEFFA878FEFF67
:109B3800A878FEFFA878FEFFA878FEFFA878FEFFA9
:109B4800A878FEFFA878FEFFA878FEFFA878FEFF99
:109B5800A878FEFFA878FEFF2C7AFEFFA878FEFF03
:109B6800A878FEFFA878FEFFA878FEFFA878FEFF79
:109B7800A878FEFFA878FEFFA878FEFFA878FEFF69
:109B8800A878FEFFA878FEFFA878FEFFA878FEFF59
:109B9800A878FEFFA878FEFFA878FEFFA878FEFF49
:109BA800A878FEFFA878FEFFA878FEFFA878FEFF39
:109BB800A878FEFFA878FEFFA878FEFFA878FEFF29
:109BC800A878FEFFA878FEFFA878FEFFA878FEFF19
:109BD800A878FEFFA878FEFFA878FEFFA878FEFF09
:109BE800A878FEFFA878FEFF207AFEFF5878FEFFCF
:109BF800CC78FEFFC078FEFF6077FEFF6077FEFF3F
:109C08006077FEFF6077FEFF6077FEFF6077FEFFFC
:109C18005C78FEFF6077FEFF6077FEFF6077FEFFEF
:109C28006077FEFFB478FEFF5C78FEFF2886FEFFB3
:109C38000886FEFF1086FEFF1886FEFF2086FEFFC0
:109C48000086FEFF000005800F800A001B801E00B2
:109C580014001180338036003C00398028002D80A4
:109C680027802200638066006C00698078007D8010
:109C780077807200500055805F805A004B804E00FC
:109C880044004180C380C600CC00C980D800DD8074
:109C9800D780D200F000F580FF80FA00EB80EE005C
:109CA800E400E180A000A580AF80AA00BB80BE00D0
:109CB800B400B180938096009C00998088008D80C4
:109CC80087808200838186018C01898198019D812A
:109CD80097819201B001B581BF81BA01AB81AE0114
:109CE800A401A181E001E581EF81EA01FB81FE0188
:109CF800F401F181D381D601DC01D981C801CD817C
:109D0800C781C201400145814F814A015B815E01E3
:109D180054015181738176017C01798168016D81DB
:109D280067816201238126012C01298138013D8147
:109D380037813201100115811F811A010B810E0133
:109D480004010181038306030C03098318031D839F
:109D580017831203300335833F833A032B832E0383
:109D680024032183600365836F836A037B837E03F7
:109D780074037183538356035C03598348034D83EB
:109D880047834203C003C583CF83CA03DB83DE0353
:109D9800D403D183F383F603FC03F983E803ED834B
:109DA800E783E203A383A603AC03A983B803BD83B7
:109DB800B783B203900395839F839A038B838E03A3
:109DC80084038183800285828F828A029B829E021D
:109DD80094029182B382B602BC02B982A802AD8213
:109DE800A782A202E382E602EC02E982F802FD827F
:109DF800F782F202D002D582DF82DA02CB82CE026B
:109E0800C402C182438246024C02498258025D82E2
:109E180057825202700275827F827A026B826E02CA
:109E280064026182200225822F822A023B823E023E
:109E380034023182138216021C02198208020D8232
:109E48000782020234930180409301804C93018081
:109E58005893018004930180109301801C93018022
:109E680028930180D4920180E0920180EC920180D5
:109E7800F8920180649301806C930180749301804F
:109E88007C9301805CDEFEFFA8DCFEFF7CDCFEFF2D
:109E980008DEFEFF7CDCFEFFD4DCFEFF7CDCFEFF80
:109EA80008DEFEFFA8DCFEFFA8DCFEFFD4DCFEFF18
:109EB80008DEFEFF94DDFEFF94DDFEFF94DDFEFF6D
:109EC800D4DCFEFF000102020303030304040404BC
:109ED800040404040505050505050505050505052E
:109EE800050505050606060606060606060606060E
:109EF80006060606060606060606060606060606FA
:109F080006060606070707070707070707070707DD
:109F180007070707070707070707070707070707C9
:109F280007070707070707070707070707070707B9
:109F380007070707070707070707070707070707A9
:109F4800070707070808080808080808080808088D
:109F58000808080808080808080808080808080879
:109F68000808080808080808080808080808080869
:109F78000808080808080808080808080808080859
:109F88000808080808080808080808080808080849
:109F98000808080808080808080808080808080839
:109FA8000808080808080808080808080808080829
:109FB8000808080808080808080808080808080819
:109FC80008080808CC12FFFFE404FFFFE404FFFFC1
:109FD800C012FFFFE404FFFFE404FFFFE404FFFFF7
:109FE8007412FFFFE404FFFFE404FFFF100FFFFFFC
:109FF8009C10FFFFE404FFFF2C0FFFFFF012FFFF90
:10A00800E404FFFFE412FFFFB004FFFFB004FFFF0A
:10A01800B004FFFFB004FFFFB004FFFFB004FFFF70
:10A02800B004FFFFB004FFFFB004FFFFE404FFFF2C
:10A03800E404FFFFE404FFFFE404FFFFE404FFFF80
:10A04800E404FFFFE404FFFF5C07FFFFE404FFFFF5
:10A058007C0BFFFFEC11FFFF5C07FFFF5C07FFFFB6
:10A068005C07FFFFE404FFFFE404FFFFE404FFFFD5
:10A07800E404FFFFE011FFFFE404FFFFE404FFFF37
:10A088002010FFFFE404FFFFE404FFFFE404FFFFE8
:10A09800600EFFFFE404FFFF380FFFFFE404FFFF3B
:10A0A800E404FFFF041CFFFFE404FFFFE404FFFFD8
:10A0B800E404FFFFE404FFFFE404FFFFE404FFFF00
:10A0C800E404FFFFE404FFFF5C07FFFFE404FFFF75
:10A0D8007C0BFFFFB40AFFFF5C07FFFF5C07FFFF75
:10A0E8005C07FFFFAC10FFFFB40AFFFFA80AFFFFE1
:10A0F800E404FFFFCC11FFFFE404FFFF1011FFFF92
:10A10800C010FFFF6011FFFFA80AFFFFE404FFFF74
:10A11800600EFFFFA00AFFFFA40FFFFFE404FFFF8C
:10A12800E404FFFF641CFFFFE404FFFFA00AFFFF35
:10A138003030303030303030303030303030303017
:10A148002020202020202020202020202020202007
:10A15800144FFFFF044BFFFF904AFFFF044BFFFF24
:10A16800944FFFFF044BFFFF3C4FFFFF044BFFFFE3
:10A17800184EFFFFDC4DFFFF744DFFFF044BFFFF40
:10A18800044BFFFF044BFFFF044BFFFF4C4DFFFF49
:10A19800044BFFFF044BFFFF104DFFFFA44CFFFFD4
:10A1A800FC4BFFFF044BFFFF044BFFFF044BFFFF7B
:10A1B800044BFFFF044BFFFF044BFFFF044BFFFF63
:10A1C800044BFFFF044BFFFF044BFFFF044BFFFF53
:10A1D800144FFFFF044BFFFF904AFFFF044BFFFFA4
:10A1E800944FFFFF044BFFFF3C4FFFFF044BFFFF63
:10A1F800184EFFFFDC4DFFFF744DFFFF044BFFFFC0
:10A20800044BFFFF044BFFFF044BFFFF4C4DFFFFC8
:10A21800044BFFFF044BFFFF104DFFFFA44CFFFF53
:10A22800FC4BFFFF4300000000000000000000009E
:10A238000000000000000000000000000000000016
:10A2480000000000430000000000000000000000C3
:10A2580000000000000000000000000000000000F6
:10A2680000000000430000000000000000000000A3
:10A2780000000000000000000000000000000000D6
:10A288000000000043000000000000000000000083
:10A2980000000000000000000000000000000000B6
:10A2A8000000000043000000000000000000000063
:10A2B8000000000000000000000000000000000096
:10A2C8000000000043000000000000000000000043
:10A2D8000000000000000000000000000000000076
:10A2E8000000000043000000000000000000000023
:10A2F8000000000000000000000000000000000056
:10A3080000000000B03E0180A0190180000000009C
:10A3180040A6018028970180C4940180C4940180DC
:10A32800C4940180C4940180C4940180C4940180C1
:10A33800C4940180C4940180C4940180FFFFFFFF8E
:10A34800FFFFFFFFFFFFFFFFFFFF0000010041537A
:10A358004349490000000000000000000000000020
:10A368000000000000000000000000000000415351
:10A378004349490000000000000000000000000000
:10A3880000000000000000000000000000000000C5
:10A398007C9801808C98018098980180A49801800D
:10A3A800B0980180BC980180C49801809C7EFFFF12
:10A3B800747DFFFF747DFFFF747DFFFF747DFFFFD9
:10A3C800747DFFFF747DFFFF747DFFFF747DFFFFC9
:10A3D800947EFFFF747DFFFF747DFFFF747DFFFF98
:10A3E800507EFFFF747DFFFF747DFFFF747DFFFFCC
:10A3F800747DFFFF747DFFFF747DFFFF747DFFFF99
:10A40800747DFFFF747DFFFF747DFFFF747DFFFF88
:10A41800747DFFFF747DFFFF747DFFFF747DFFFF78
:10A42800747DFFFF747DFFFF747DFFFF747DFFFF68
:10A43800747DFFFF747DFFFF747DFFFF747DFFFF58
:10A44800587EFFFF747DFFFF607EFFFF747DFFFF76
:10A45800747DFFFF747DFFFF747DFFFF747DFFFF38
:10A46800747DFFFF747DFFFF687EFFFF5C7DFFFF4B
:10A47800FC7CFFFF247DFFFF1C7DFFFF007DFFFFAD
:10A488006C7DFFFF040000000000050000040101CE
:10A4980001010106010600040000000000000000A0
:10A4A8000000040400000000060202020202060284
:10A4B800060606040606060606060606060603033C
:10A4C8000606060000000000000000000200000070
:10A4D8000000000000050404040404070407000346
:10A4E8000000000000000000000001010000000062
:10A4F8000701010101010701070707060707070709
:10A508000707070707070000070707000000000004
:10A518000000000005000000190000007D00000098
:10A52800BC89D897B2D29C3C33A7A8D523F6493921
:10A538003DA7F444FD0FA5329D978CCF08BA5B2543
:10A54800436FAC642806C80A0080E03779C34143EA
:10A55800176E05B5B5B89346F5F93FE9034F384D81
:10A56800321D30F94877825A3CBF737FDD4F15752D
:10A57800000000000000F03F000000000000244040
:10A5880000000000000059400000000000408F401B
:10A59800000000000088C34000000000006AF84086
:10A5A8000000000080842E4100000000D0126341AA
:10A5B8000000000084D797410000000065CDCD4120
:10A5C800000000205FA00242000000E87648374201
:10A5D800000000A2941A6D42000040E59C30A2429F
:10A5E8000000901EC4BCD64200003426F56B0C4314
:10A5F8000080E03779C3414300A0D88557347643BB
:10A6080000C84E676DC1AB43003D9160E458E1431B
:10A61800408CB5781DAF154450EFE2D6E41A4B4490
:10A6280092D54D06CFF08044F64AE1C7022DB544D5
:10A63800B49DD9794378EA440020202020202020A6
:10A6480020202828282828202020202020202020DA
:10A6580020202020202020202088101010101010EA
:10A668001010101010101010100404040404040436
:10A6780004040410101010101010414141414141D0
:10A6880001010101010101010101010101010101B2
:10A6980001010101101010101010424242424242C2
:10A6A8000202020202020202020202020202020282
:10A6B800020202021010101020000000000000002A
:10A6C8000000000000000000000000000000000082
:10A6D8000000000000000000000000000000000072
:10A6E8000000000000000000000000000000000062
:10A6F8000000000000000000000000000000000052
:10A708000000000000000000000000000000000041
:10A718000000000000000000000000000000000031
:10A728000000000000000000000000000000000021
:10A7380000000000000000000000000084B2FFFFDD
:10A74800E8A7FFFFE8A7FFFF78B2FFFFE8A7FFFF32
:10A75800E8A7FFFFE8A7FFFFC0B1FFFFE8A7FFFFDB
:10A76800E8A7FFFFA0AEFFFFBCAEFFFFE8A7FFFF13
:10A77800B0AEFFFF2CB2FFFFE8A7FFFF20B2FFFF3C
:10A78800B4A7FFFFB4A7FFFFB4A7FFFFB4A7FFFF5D
:10A79800B4A7FFFFB4A7FFFFB4A7FFFFB4A7FFFF4D
:10A7A800B4A7FFFFE8A7FFFFE8A7FFFFE8A7FFFFA1
:10A7B800E8A7FFFFE8A7FFFFE8A7FFFFE8A7FFFF5D
:10A7C800E8A7FFFFE8A7FFFF80ADFFFF1CAEFFFF74
:10A7D800E8A7FFFFE8A7FFFFE8A7FFFFE8A7FFFF3D
:10A7E800E8A7FFFFE8A7FFFFE8A7FFFFE8A7FFFF2D
:10A7F800E8A7FFFFE8A7FFFF5CB1FFFFE8A7FFFF9F
:10A80800E8A7FFFFE8A7FFFFECACFFFFE8A7FFFF03
:10A81800CCAEFFFFE8A7FFFFE8A7FFFFE0B8FFFF08
:10A82800E8A7FFFFE8A7FFFFE8A7FFFFE8A7FFFFEC
:10A83800E8A7FFFFE8A7FFFFE8A7FFFFE8A7FFFFDC
:10A84800E8A7FFFFE8A7FFFF80ADFFFF5CACFFFFB5
:10A85800E8A7FFFFE8A7FFFFE8A7FFFF48B1FFFF52
:10A868005CACFFFF98A9FFFFE8A7FFFF34B1FFFF2B
:10A87800E8A7FFFFFCB0FFFFC0B0FFFF58B0FFFF25
:10A8880098A9FFFFE8A7FFFFECACFFFF90A9FFFF27
:10A8980018AFFFFFE8A7FFFFE8A7FFFF68B9FFFFB2
:10A8A800E8A7FFFF90A9FFFF30303030303030305C
:10A8B8003030303030303030202020202020202010
:08A8C800202020202020202088
:10A8D0001000000000000000037A5200017C01011A
:10A8E0001B0C0200100000001800000028CCFEFF26
:08A8F0006804000000000000F4
:04A8F800A40E00802A
:10A900000000001000000000000000000000000037
:10A910000000000000000000000000000000000037
:10A9200000000000000000003C9701804497018077
:10A930004C9701800000000003000000BCB90180BA
:10A9400000000000BCB9018024BA01808CBA0180EB
:10A9500000000000000000000000000000000000F7
:10A9600000000000000000000000000000000000E7
:10A9700000000000000000000000000000000000D7
:10A9800000000000000000000000000000000000C7
:10A9900000000000000000000000000000000000B7
:10A9A00000000000000000000000000000000000A7
:10A9B0000000000000000000000000000000000097
:10A9C0000000000000000000000000000000000087
:10A9D0000000000000000000010000000000000076
:10A9E0000E33CDAB34126DE6ECDE05000B0000003B
:10A9F0000000000000000000000000000000000057
:10AA00000000000000000000000000000000000046
:10AA10000000000000000000000000000000000036
:10AA20000000000000000000000000000000000026
:10AA30000000000000000000000000000000000016
:10AA40000000000000000000000000000000000006
:10AA500000000000000000000000000000000000F6
:10AA600000000000000000000000000000000000E6
:10AA700000000000000000000000000000000000D6
:10AA8000000000000000000080AA018080AA018070
:10AA900088AA018088AA018090AA018090AA0180DA
:10AAA00098AA018098AA0180A0AA0180A0AA01808A
:10AAB000A8AA0180A8AA0180B0AA0180B0AA01803A
:10AAC000B8AA0180B8AA0180C0AA0180C0AA0180EA
:10AAD000C8AA0180C8AA0180D0AA0180D0AA01809A
:10AAE000D8AA0180D8AA0180E0AA0180E0AA01804A
:10AAF000E8AA0180E8AA0180F0AA0180F0AA0180FA
:10AB0000F8AA0180F8AA018000AB018000AB0180A7
:10AB100008AB018008AB018010AB018010AB018055
:10AB200018AB018018AB018020AB018020AB018005
:10AB300028AB018028AB018030AB018030AB0180B5
:10AB400038AB018038AB018040AB018040AB018065
:10AB500048AB018048AB018050AB018050AB018015
:10AB600058AB018058AB018060AB018060AB0180C5
:10AB700068AB018068AB018070AB018070AB018075
:10AB800078AB018078AB018080AB018080AB018025
:10AB900088AB018088AB018090AB018090AB0180D5
:10ABA00098AB018098AB0180A0AB0180A0AB018085
:10ABB000A8AB0180A8AB0180B0AB0180B0AB018035
:10ABC000B8AB0180B8AB0180C0AB0180C0AB0180E5
:10ABD000C8AB0180C8AB0180D0AB0180D0AB018095
:10ABE000D8AB0180D8AB0180E0AB0180E0AB018045
:10ABF000E8AB0180E8AB0180F0AB0180F0AB0180F5
:10AC0000F8AB0180F8AB018000AC018000AC0180A2
:10AC100008AC018008AC018010AC018010AC018050
:10AC200018AC018018AC018020AC018020AC018000
:10AC300028AC018028AC018030AC018030AC0180B0
:10AC400038AC018038AC018040AC018040AC018060
:10AC500048AC018048AC018050AC018050AC018010
:10AC600058AC018058AC018060AC018060AC0180C0
:10AC700068AC018068AC018070AC018070AC018070
:10AC800078AC018078AC018080AC018080AC018020
:10AC900088AC018088AC018090AC018090AC0180D0
:10ACA00098AC018098AC0180A0AC0180A0AC018080
:10ACB000A8AC0180A8AC0180B0AC0180B0AC018030
:10ACC000B8AC0180B8AC0180C0AC0180C0AC0180E0
:10ACD000C8AC0180C8AC0180D0AC0180D0AC018090
:10ACE000D8AC0180D8AC0180E0AC0180E0AC018040
:10ACF000E8AC0180E8AC0180F0AC0180F0AC0180F0
:10AD0000F8AC0180F8AC018000AD018000AD01809D
:10AD100008AD018008AD018010AD018010AD01804B
:10AD200018AD018018AD018020AD018020AD0180FB
:10AD300028AD018028AD018030AD018030AD0180AB
:10AD400038AD018038AD018040AD018040AD01805B
:10AD500048AD018048AD018050AD018050AD01800B
:10AD600058AD018058AD018060AD018060AD0180BB
:10AD700068AD018068AD018070AD018070AD01806B
:10AD800078AD018078AD018080AD018080AD01801B
:10AD900088AD018088AD018090AD018090AD0180CB
:10ADA00098AD018098AD0180A0AD0180A0AD01807B
:10ADB000A8AD0180A8AD0180B0AD0180B0AD01802B
:10ADC000B8AD0180B8AD0180C0AD0180C0AD0180DB
:10ADD000C8AD0180C8AD0180D0AD0180D0AD01808B
:10ADE000D8AD0180D8AD0180E0AD0180E0AD01803B
:10ADF000E8AD0180E8AD0180F0AD0180F0AD0180EB
:10AE0000F8AD0180F8AD018000AE018000AE018098
:10AE100008AE018008AE018010AE018010AE018046
:10AE200018AE018018AE018020AE018020AE0180F6
:10AE300028AE018028AE018030AE018030AE0180A6
:10AE400038AE018038AE018040AE018040AE018056
:10AE500048AE018048AE018050AE018050AE018006
:10AE600058AE018058AE018060AE018060AE0180B6
:10AE700068AE018068AE018070AE018070AE018066
:10AE800078AE018078AE0180430000000000000031
:10AE900000000000000000000000000000000000B2
:10AEA00000000000000000000000000000000000A2
:10AEB0000000000000000000000000000000000092
:10AEC0000000000000000000000000000000000082
:10AED0000000000000000000000000000000000072
:10AEE0000000000000000000000000000000000062
:10AEF0000000000000000000000000000000000052
:10AF00000000000000000000000000000000000041
:10AF10000000000000000000000000000000000031
:10AF20000000000000000000000000000000000021
:10AF30000000000000000000000000000000000011
:10AF40000000000000000000000000000000000001
:10AF500000000000000000000000000000000000F1
:10AF600000000000000000000000000000000000E1
:10AF7000430000000000000000000000000000008E
:10AF800000000000000000000000000000000000C1
:10AF9000430000000000000000000000000000006E
:10AFA00000000000000000000000000000000000A1
:10AFB000430000000000000000000000000000004E
:10AFC0000000000000000000000000000000000081
:10AFD000430000000000000000000000000000002E
:10AFE0000000000000000000000000000000000061
:10AFF000430000000000000000000000000000000E
:10B000000000000000000000000000000000000040
:10B0100043000000000000000000000000000000ED
:10B020000000000000000000000000000000000020
:10B0300043000000000000000000000000000000CD
:10B040000000000000000000000000000000000000
:10B05000B03E0180A01901800000000040A60180E0
:10B0600028970180C4940180C4940180C494018015
:10B07000C4940180C4940180C4940180C49401806C
:10B08000C4940180C4940180FFFFFFFFFFFFFFFF16
:10B09000FFFFFFFFFFFF000001004153434949004C
:10B0A00000000000000000000000000000000000A0
:10B0B0000000000000000000000041534349490027
:10B0C0000000000000000000000000000000000080
:10B0D000000000000000000000000000430000002D
:10B0E0000000000000000000000000000000000060
:0CB0F00000000000000000000000000054
:10B100000000000080842E41000000000000F03F9D
:10B11000FFFFFFFFFFFFEF7F000000000000C03FC8
:10B120000000000000003040000000000000E03F90
:10B130000000000000005043000000000000F83F45
:10B1400061436F63A787D23FB3C8608B288AC63F2D
:10B15000FB799F501344D33F0000000000002440BF
:10B160000000000000001C4000000000000014402F
:10B1700070BE0180010000000300000066000000B6
:10B1800040A90180CCB10180FFFFFFFF0000020059
:04B19000E8B10180A1
:0400000580000080F7
:00000001FF
