MEMORY_INITIALIZATION_RADIX=16;
MEMORY_INITIALIZATION_VECTOR=57c0106f6cd0006f,
6b10006f6b50006f,
6a90006f6ad0006f,
6a10006f6a50006f,
6990006f69d0006f,
6910006f6950006f,
6890006f68d0006f,
6810006f6850006f,
6790006f67d0006f,
6710006f6750006f,
6690006f66d0006f,
6610006f6650006f,
6590006f65d0006f,
6510006f6550006f,
6490006f64d0006f,
7550006f6450006f,
5ec181930001b197,
f781011300030117,
f705051300000517,
3055107300156513,
0f4505130001b517,
dc4606130001c617,
0000059340a60633,
000095171b0090ef,
570080ef11c50513,
0000051307c090ef,
0000061300000593,
0140006f048000ef,
0000000000008067,
0000000000000000,
00000593ff010113,
0011262300812423,
3a8090ef00050413,
00078463b401a783,
00040513000780e7,
000000007c9000ef,
00058613f6010113,
00c1059300a12623,
08112e2305e10513,
08912a2308812c23,
0931262309212823,
0951222309412423,
07812c2307712e23,
07a1282307912a23,
00100513180070ef,
00a11e230a8020ef,
09c020ef00200513,
0030051300a11f23,
02a11023090020ef,
084020ef00400513,
0050051302a12c23,
00051463078020ef,
01c1278300700513,
5a07806302a12e23,
4ae78ae300100713,
00157993b8018613,
02c1222304011e23,
0009869300257813,
36081a6300457c93,
001988933a0c8e63,
03195c337d000913,
2e099ee303812a23,
01d60f3303898eb3,
03c1278303e12823,
000f8e630017ff93,
0281258301c11603,
0dd040ef03412503,
04a1202303c12783,
380712630027f713,
00028a630047f293,
01c1158303012603,
1f5020ef03412503,
24061a6303812603,
03312c2300100993,
eb8909130001b917,
0028169303812803,
0015189301068533,
014070ef03112c23,
04012a2303812a83,
1c0a866304012c23,
01c1051300100593,
05415583229030ef,
10c020ef00100413,
fff0059304a11a23,
20d030ef01c10513,
0f4020ef05415583,
010a5b9301051a13,
018becb301051c13,
193a826305912a23,
003d7e13408a8d33,
068e0a630a0e0863,
029e0c6300200493,
01c1051300040593,
054155831c9030ef,
0ac020ef00048413,
fff0059304a11a23,
1ad030ef01c10513,
094020ef05415583,
0010059304a11a23,
195030ef01c10513,
0014041305415583,
04a11a23078020ef,
01c10513fff00593,
05415583179030ef,
04a11a23060020ef,
01c1051300100593,
05415583161030ef,
044020ef00140413,
fff0059304a11a23,
145030ef01c10513,
02c020ef05415583,
0c8a866304a11a23,
01c1051300100593,
05415583129030ef,
00c020ef00440413,
fff0059304a11a23,
10d030ef01c10513,
7f5010ef05415583,
0010059304a11a23,
0f5030ef01c10513,
7dd010ef05415583,
fff0059304a11a23,
0dd030ef01c10513,
7c5010ef05415583,
0010059304a11a23,
0c5030ef01c10513,
7ad010ef05415583,
fff0059304a11a23,
0ad030ef01c10513,
795010ef05415583,
0010059304a11a23,
095030ef01c10513,
77d010ef05415583,
fff0059304a11a23,
07d030ef01c10513,
765010ef05415583,
f28a9ee304a11a23,
655060ef649060ef,
00092603661060ef,
00050a9300492683,
721070ef00058a13,
000a8513de0548e3,
028080ef000a0593,
0010051300051463,
02aedf3300a00e93,
001f079303812f83,
02e12c2302ff8733,
01c105135e9060ef,
5ed060ef661060ef,
000509135f9060ef,
0000059301c11503,
00050593538020ef,
52c020ef01e11503,
0201150300050593,
00050593520020ef,
514020ef03411503,
b0528313000082b7,
106504e300050993,
00002ab70ea36463,
0de500e38f2a8f13,
eaf28313000052b7,
0001951724651c63,
085080efed050513,
000055b70000e3b7,
5a438a9300007637,
a7960a1360858c13,
0181222300200813,
000a0b93000a8c93,
0e40006f01012423,
020c886300198993,
7d000b9300268a93,
03812a23035bdc33,
00400c9376069e63,
01a60e3303868d33,
c80c84e303c12623,
7d000a13c79ff06f,
03812a23033a5c33,
02c12423fe0680e3,
7d000513fd9ff06f,
c60980e302a12a23,
c59ff06f02c12423,
01c1138301e11303,
0341250302c12583,
0074663301031413,
76d050ef04410693,
0044f59303c12483,
c6dff06fc60590e3,
a0268513000096b7,
0000fd3704a988e3,
17c99a639f5d0e13,
e1c5051300019517,
000094b77a0080ef,
0000ea3700002437,
fd740c13e3a48a93,
00300e93714a0a13,
000a8c9301812223,
01d12423000a0b93,
000d2683b0818d13,
0961202304068ce3,
00000b1307b12623,
0280006f00000d93,
05c8d703002408b3,
000d2283001d8d93,
010d9b13016704b3,
00048b13010b5d93,
004d94130c5dfc63,
0025189301b40533,
002e04b306088e13,
fe049e23fdc4a783,
020e88630017fe93,
03760463ff64d603,
000d8593000a0693,
dc45051300019517,
ffc4df03520080ef,
001f0f93fdc4a783,
0027f713fff49e23,
01b402b304070063,
0603039300229313,
ff84d603002384b3,
0041268303860463,
00019517000d8593,
4dc080efdb050513,
fdc4a783ffc4d583,
fec49e2300158613,
0047f81301b406b3,
f2080ee300269413,
002e04b306040e13,
5d961a63ffa4d603,
001d8d93ffc4d703,
016704b3000d2283,
010b5d93010d9b13,
f25de8e300048b13,
06c12d8308012b03,
0201148302c0006f,
06600593a60494e3,
a5dff06f02b11023,
fff00a1300010ab7,
01412423fffa8493,
4ac020efb0818d13,
00950cb303412583,
d785051300019517,
00090593440080ef,
d805051300019517,
00090513430080ef,
00050613311060ef,
0001951700058693,
414080efd7c50513,
2f5060ef00090513,
00000613010c9b93,
410bdc1300000693,
04a056632a5070ef,
000d238303812303,
529070ef02730533,
0009051300050413,
2bd060ef00058493,
0005869300050613,
0004859300040513,
00050613174070ef,
0001951700058693,
3ac080efd2c50513,
03812583000d2783,
d305051300019517,
394080ef02f585b3,
d385859300019597,
d3c5051300019517,
00019597380080ef,
00019517d4858593,
36c080efd4450513,
d505859300019597,
d505051300019517,
00098593358080ef,
d585051300019517,
03c12703348080ef,
1009806300177993,
0e060c63000d2603,
004c981300000c93,
00269513019806b3,
056e560300250e33,
00019517000c8593,
30c080efd3850513,
010e9f13001c8e93,
004a9713010f5a93,
000d2f83015702b3,
060a0c9300229a13,
d0c5051300019517,
000a8593002c8bb3,
ff6bd60309fafc63,
001a83132d0080ef,
0103d41301031393,
008587b300441593,
00279993000d2483,
0001951706098613,
00260833cd050513,
04947e6300040593,
294080efff685603,
0106989300140693,
004a9e930108da93,
000d2e03015e8f33,
060f8713002f1f93,
c945051300019517,
000a8593002702b3,
ff62d60303caf063,
001a8513258080ef,
01051a13000d2b83,
f17cece3010a5c93,
0027731303c12703,
000d238310030063,
00000a134e038c63,
014485b3004a1493,
0027863300259793,
000a059305865603,
c505051300019517,
001a0813208080ef,
0106da9301081693,
015e0eb3004a9e13,
002e9f13000d2883,
00019517060f0f93,
002f8733c2450513,
091afc63000a8593,
1cc080efff875603,
01029a13001a8293,
004c9313010a5c93,
000d2b83019303b3,
0604049300239413,
be85051300019517,
000c8593002487b3,
ff87d603057cfe63,
001c8593190080ef,
0109da9301059993,
015806b3004a9813,
00269893000d2603,
0001951706088e13,
002e0eb3bac50513,
02caf063000a8593,
154080efff8ed603,
000d2f83001a8513,
010f5a1301051f13,
03c12703f1fa6ce3,
0e028e6300477293,
00000a13000d2c83,
004a1b931e0c8463,
00231393014b8333,
05a7d603002387b3,
00019517000a0593,
104080efb6850513,
01041593001a0413,
004996130105d993,
000d2a8301360833,
0606889300281693,
b3c5051300019517,
0009859300288e33,
ffae56030959fc63,
00198e930c8080ef,
010f5a13010e9f13,
014702b3004a1713,
00229c93000d2f83,
00019517060c8b93,
002b8333b0050513,
05fa7e63000a0593,
08c080efffa35603,
01039493001a0393,
004417930104d413,
000d2983008785b3,
060a861300259a93,
ac45051300019517,
0004059300260833,
ffa8560303347063,
00140513050080ef,
01051693000d2883,
f11a6ce30106da13,
00000a93000d2e03,
004a9e930e0e0863,
002f1f93015e8f33,
0542d603002f82b3,
000a8593001a8c93,
a885051300019517,
004080ef010c9b93,
00449393010bd493,
000d230300938433,
0609879300241993,
a605051300019517,
0004859300278ab3,
ff4ad6030864fc63,
001485937d1070ef,
01065a1301059613,
014688b3004a1693,
00289e13000d2803,
00019517060e0e93,
002e8f33a2450513,
050a7e63000a0593,
795070efff4f5603,
010f9713001a0f93,
004c9b9301075c93,
000d2283019b84b3,
0603039300249313,
9e85051300019517,
000c859300238433,
ff445603025cf063,
001c8513759070ef,
01051993000d2783,
f0faece30109da93,
13805063080c0a63,
a9c5051300019517,
05e10513100080ef,
09c12083650060ef,
0941248309812403,
08c1298309012903,
08412a8308812a03,
07812c0307c12b83,
07012d0307412c83,
0a01011300000513,
02c1242300008067,
885ff06f00400c93,
d04ff06f02c12423,
000d8593000a8693,
7d05051300018517,
ffc4de836c9070ef,
010f1f93001e8f13,
fee49e23010fd713,
00019517939ff06f,
074080ef94050513,
00300c1300812583,
03812603f78596e3,
03a60533000d2d03,
00050a137cc070ef,
00058c9300090513,
00050613560060ef,
000a051300058693,
419060ef000c8593,
0005869300050613,
8247879300019797,
7f87071300018717,
9245051300019517,
00019597641070ef,
0001951782458593,
62d070ef92c50513,
679070ef00a00513,
00019517ef5ff06f,
7e5070ef91c50513,
00018517ee5ff06f,
7d5070ef67c50513,
0000e7b700009fb7,
3c178a13d84f8a93,
0040071374700c13,
000a8c9301812223,
00e12423000a0b93,
00018517839ff06f,
79d070ef5bc50513,
000015b7000043b7,
9bf38a9300003637,
34060a1319958c13,
0181222300100813,
000a0b93000a8c93,
ffcff06f01012423,
5545051300018517,
0000cbb7761070ef,
000068b70000dcb7,
4b0c8a13e52b8c13,
01812223e4788a93,
000a0b93000a8c93,
fc4ff06f00012423,
b402966302011283,
4153039334153337,
00712e2306600413,
b34ff06f02811023,
8e9ff06f00000493,
ce040ee300477413,
00000013df1ff06f,
0000079300000013,
0000851700078863,
7800706f32c50513,
0001851700008067,
6d5070ef3d150513,
fc010113ff5ff06f,
00a1222300112023,
00c1262300b12423,
00e12a2300d12823,
01012e2300f12c23,
0251222303112023,
0271262302612423,
03d12a2303c12823,
03f12e2303e12c23,
00200313342022f3,
00b0031302628863,
0030031300628863,
02c0006f00628863,
0340006f3d0000ef,
3105051300018517,
0240006f659070ef,
2b05051300018517,
0140006f649070ef,
3125051300018517,
0240006f639070ef,
00028303341022f3,
00a3733300300513,
0022829300a31463,
3412907300228293,
0041250300012083,
00c1260300812583,
0141270301012683,
01c1280301812783,
0241228302012883,
02c1238302812303,
03412e8303012e03,
03c12f8303812f03,
3020007304010113,
0000000030200073,
0000000000000000,
b4a1a22340a00533,
00008067fff00513,
0550079310000737,
0001869700f72023,
000186172b56c683,
00018e172ce60613,
00d720232a6e0e13,
29aece8300018e97,
001e428301d72023,
00572023008e0e13,
00672023ffae4303,
00772023ffbe4383,
00a72023ffce4503,
00b72023ffde4583,
01072023ffee4803,
01172023fffe4883,
face1ee3000e4e83,
0000001300008067,
b4f1a22305800793,
00008067fff00513,
b4f1a22305800793,
00008067fff00513,
b4f1a22305800793,
00008067fff00513,
b4f1a22305800793,
00008067fff00513,
b4f1a22305800793,
00008067fff00513,
00008067fff00513,
0000001300000013,
b4f1a22300c00793,
00008067fff00513,
00a7a023800407b7,
0000006f10500073,
b4f1a22305800793,
00008067fff00513,
b4f1a22300b00793,
00008067fff00513,
00f5a223000027b7,
0000806700000513,
b4f1a22305800793,
00008067fff00513,
b4f1a22305800793,
00008067fff00513,
b4f1a223fa800793,
0000806700000513,
0000806700100513,
0000001300000013,
b4f1a223fa800793,
00008067fff00513,
00153513fff50513,
0000001300008067,
b4f1a22301600793,
00008067fff00513,
b4f1a22301f00793,
00008067fff00513,
0000806700000513,
0000001300000013,
b4f1a22305800793,
00008067fff00513,
00008067fff00513,
0000001300000013,
b4f1a22305800793,
00008067fff00513,
0000806700000513,
0000001300000013,
00f5a223000027b7,
0000806700000513,
00008067fff00513,
0000001300000013,
00008067fff00513,
0000001300000013,
b4f1a22300200793,
00008067fff00513,
b4f1a22305800793,
00008067fff00513,
b4f1a22300a00793,
00008067fff00513,
fe010113b281a703,
00112e2300812c23,
0006041300058793,
0004061302070663,
6905051300019517,
7f4000ef00078593,
0004051301c12083,
0201011301812403,
00b1262300008067,
200585930001c5b7,
0001951700300613,
6f4000ef65c50513,
00c1278300100293,
fb1ff06fb251a423,
00000513b0a1a223,
0000001300008067,
0002f717b041a283,
00a28533d2c70713,
00e57463b0a1a223,
00c0079300256863,
fff00293b4f1a223,
0000806700028513,
1517cc6308100793,
1912d46302f00293,
05100893fd088313,
000187170268ee63,
0023139379070713,
0006a80300e386b3,
000e006700e80e33,
11d888630ac00e93,
09900f931b1ece63,
0a90079311f88263,
0001879714f88663,
00018397f5c78793,
40f386b3f7638393,
055007130076f813,
0808086310000e37,
06a80c6300100513,
07d8026300200e93,
05e8086300300f13,
03f80e6300400f93,
02c8046300500613,
00b80a6300600593,
0001879700ee2023,
0007c703f0578793,
0017c70300ee2023,
00ee202300178793,
001787930017c703,
0017c70300ee2023,
00ee202300178793,
001787930017c703,
0017c70300ee2023,
0017879300178793,
0007c70300ee2023,
00ee202314778c63,
008787930017c283,
ffa7c303005e2023,
ffb7c883006e2023,
ffc7c683011e2023,
ffd7c80300de2023,
ffe7c503010e2023,
fff7ce8300ae2023,
0007c70301de2023,
00008067fa779ee3,
b451a22305800293,
40f0029300008067,
3ff00313ef12cae3,
c0088893ed1358e3,
ef13e0e300f00393,
77c7071300018717,
00e5063300289513,
00e6883300062683,
0110031300080067,
fa800893ea689ee3,
00008067b511a223,
00c5a22300002637,
0020059300008067,
00008067b4b1a223,
b5c1a22301f00e13,
0160051300008067,
00008067b4a1a223,
00a4202380040437,
0000006f10500073,
020f0063b281af03,
4105051300019517,
0d600f135780006f,
b0a1a223e5e89ae3,
fe01011300008067,
00c126230001cfb7,
0030061300b12423,
00019517200f8593,
00112e233dc50513,
00100793470000ef,
00c12603b2f1a423,
01c1208300812583,
3b85051300019517,
51c0006f02010113,
0000001300008067,
0000001300000013,
0000000000000000,
0000806700000513,
0000001300000013,
0000806700000513,
0000001300000013,
0000806700000513,
0000001300000013,
0000806700000513,
0000001300000013,
0000806700000513,
0000001300000013,
0000806700000513,
0000001300000013,
0000806700000513,
0000001300000013,
0000806700000513,
0000001300000013,
0000806700000513,
0000001300000013,
0000806700000513,
0000001300000013,
0000806700000513,
0000001300000013,
0000806700000513,
0000001300000013,
0000806700000513,
0000001300000013,
0000806700000513,
0000001300000013,
0000806700000513,
0000001300000013,
0000806700000513,
0000001300000013,
0000806700000513,
0000001300000013,
0000806700000513,
0000001300000013,
0000806700000513,
0000001300000013,
0000806700000513,
0000001300000013,
0000806700000513,
0000001300000013,
0000806700000513,
0000001300000013,
0000806700000513,
0000001300000013,
0000806700000513,
0000001300000013,
0000806700000513,
0000001300000013,
0000806700000513,
0000001300000013,
0000806700000513,
0000001300000013,
0000806700000513,
0000001300000013,
0000806700000513,
0000001300000013,
0000806700000513,
0000001300000013,
0000806700000513,
0000001300000013,
0000806700000513,
0000000000000000,
2007846300c52783,
2006006301052603,
0095480300052683,
0146c58301452703,
005504a30105e2b3,
1c030e630205f313,
40e603b31ee60063,
00038f1301000893,
00088f130078f463,
000e4e8300e78e33,
0010081300170f93,
01f52a2301d68023,
01f785b31b038063,
002703130005c283,
0056802300200893,
1913826300652a23,
000e4e8300678e33,
0030059300370813,
01052a2301d68023,
010782b316b38463,
004708930002c303,
0066802300400e13,
15c3866301152a23,
000ec80301178eb3,
0050029300570593,
00b52a2301068023,
00b7833312538863,
0067089300034e83,
01d6802300600e13,
11c38a6301152a23,
0008458301178833,
0070031300770293,
00552a2300b68023,
00578eb30e638c63,
00870893000ec803,
0106802300800e13,
0dc38e6301152a23,
0005c283011785b3,
00900e9300970313,
00652a2300568023,
006788330dd38063,
00a7089300084583,
00b6802300a00e13,
0bc3826301152a23,
0002c303011782b3,
00b0081300b70e93,
01d52a2300668023,
01d785b309038463,
00c708930005c283,
0056802300c00e13,
07c3866301152a23,
00034e8301178333,
00d0059300d70813,
01052a2301d68023,
010782b304b38863,
00e708930002c303,
0066802300e00e13,
03c38a6301152a23,
000ec80301178eb3,
00f0029300f70593,
00b52a2301068023,
00b787b300538c63,
010707130007c383,
00e52a2300768023,
ffff071301ff0f33,
0000806700e60463,
000528230046c603,
00a682230fd67513,
0000001300008067,
0000001300000013,
00912a23fe010113,
00812c2300052483,
0131262301212823,
0004822300112e23,
fc70079300048423,
0005041300f48423,
0006091300058993,
0005861300048823,
1312d53700000693,
329050ef00000593,
0001073700755293,
f800031300e2fe63,
00f5551300648623,
0054802300a48223,
0124862300048623,
000404a301240423,
d503839300000397,
01c1208301342223,
0004262300042823,
00042e2300042a23,
0204222300042c23,
0181240302742023,
0101290301412483,
0201011300c12983,
0000001300008067,
0000001300000013,
00012623ff010113,
22060a6322058c63,
0000081300052503,
0145468303100793,
00c1270300012623,
00c122830ae7e263,
0061262300128313,
0877e86300c12383,
00188e1300c12883,
00c12e8301c12623,
00c12f0307d7ee63,
01f12623001f0f93,
06e7e46300c12703,
0012831300c12283,
00c1238300612623,
00c128830477ea63,
01c1262300188e13,
05d7e06300c12e83,
001f0f9300c12f03,
00c1270301f12623,
00c1228302e7e663,
0061262300128313,
0077ec6300c12383,
00188e1300c12883,
00c12e8301c12623,
0206f693f7d7f2e3,
00012623f40686e3,
0be7e26300c12f03,
001f871300c12f83,
00c1228300e12623,
00c123030857e863,
0071262300130393,
0717ee6300c12883,
001e0e9300c12e03,
00c1268301d12623,
00c12f0306d7e463,
01f12623001f0f93,
04e7ea6300c12703,
0012831300c12283,
00c1238300612623,
00c128830477e063,
01c1262300188e13,
03d7e66300c12e83,
00168f1300c12683,
00c12f8301e12623,
00c1270301f7ec63,
0051262300170293,
f667f2e300c12303,
0003c883010583b3,
0115002300180813,
00c12e0300012623,
00c12e830bc7e263,
00d12623001e8693,
09e7e86300c12f03,
001f871300c12f83,
00c1228300e12623,
00c123030657ee63,
0071262300130393,
0717e46300c12883,
001e0e9300c12e03,
00c1268301d12623,
00c12f0304d7ea63,
01f12623001f0f93,
04e7e06300c12703,
0012831300c12283,
00c1238300612623,
00c128830277e663,
01c1262300188e13,
01d7ec6300c12e83,
00168f1300c12683,
00c12f8301e12623,
dec860e3f7f7f2e3,
0000806701010113,
0000001300000013,
0005c6030c058863,
000527830c060463,
00158693ff010113,
00e107a30147c703,
0202f31300f14283,
0147c38308031863,
00f14503007107a3,
06059e6302057593,
010107a30147c803,
0208fe1300f14883,
0147ce83060e1463,
00f14f0301d107a3,
040f9a63020f7f93,
00e107a30147c703,
0202f31300f14283,
0147c38304031063,
00f14503007107a3,
0205966302057593,
010107a30147c803,
0208fe1300f14883,
0147ce83000e1c63,
00f14f0301d107a3,
f60f82e3020f7f93,
00c7802300168693,
f4061ae3fff6c603,
0000806701010113,
0000001300008067,
0000001300000013,
02058a6302060c63,
0000069700052703,
00b526239c468693,
00c5282300474783,
02d5202300052a23,
005702230027e293,
00030463f1402373,
0c0025b700008067,
b203839300019397,
407505330005a603,
0010089300153813,
00ce6eb301089e33,
0000806701d5a023,
0000001300000013,
0095470300052783,
0147c28301052683,
006504a300e2e333,
000698630ff2f393,
001575130063d513,
0000051300008067,
0000001300008067,
0000001300000013,
0606006306058263,
0095470300052803,
00e7e2b301484783,
0017f313005504a3,
00000e1304030263,
020f8e630080006f,
01c583b300084683,
00d38023001e0e13,
0095488300052803,
011eef3301484e83,
001eff9301e504a3,
000e0513fcce6ae3,
00000e1300008067,
00008067000e0513,
02079663f14027f3,
000197170c0026b7,
0006a603a3470713,
0012b31340e502b3,
0063983300100393,
0116a02300c868b3,
fffe0e9300010e37,
0005250301d58c63,
00454f0300f5f593,
01f5022300bf6fb3,
0000001300008067,
0000001300000013,
0c16379302058c63,
0005270302078863,
0087428300b52e23,
00c363b303f2f313,
0047458300770423,
00c702230015e613,
00068463f14026f3,
0c0028b700008067,
9a08081300019817,
410505330008ae03,
00100f1300153e93,
01cfe7b301df1fb3,
0000806700f8a023,
0000001300000013,
0005270302058463,
0005262302b52023,
0005282300474783,
005702230027e293,
00030463f1402373,
0c0025b700008067,
9403839300019397,
407505330005a683,
0010081300153613,
00d8ee3300c818b3,
0000806701c5a023,
0000001300000013,
0005270302058063,
0047478302b52223,
005702230087e293,
00030463f1402373,
0c0025b700008067,
8e83839300019397,
407505330005a683,
0010081300153613,
00d8ee3300c818b3,
0000806701c5a023,
1206046312058663,
0095468300052783,
00d762b30147c703,
02077313005504a3,
0100039310030663,
10c3e46300060513,
001008930005c803,
0f160a6301078023,
00200e930015ce03,
0fd6026301c78023,
00300f930025cf03,
0df60a6301e78023,
004007130035c683,
0ce6026300d78023,
005003130045c283,
0a660a6300578023,
006008130055c383,
0b06026300778023,
00700e130065c883,
09c60a6301178023,
00800f130075ce83,
09e6026301d78023,
009006930085cf83,
06d60a6301f78023,
00a007130095c283,
06e6026300578023,
00b0039300a5c303,
04760a6300678023,
00c0089300b5c803,
0516026301078023,
00d00e9300c5ce03,
03d60a6301c78023,
00e00f9300d5cf03,
03f6026301e78023,
00f0029300e5c683,
00560a6300d78023,
00b7802300f5c583,
0000051300008067,
0003851300008067,
00000013ef9ff06f,
0095470300052783,
000504a30147c283,
09e5751300e2e533,
0000001300008067,
0187c50300052783,
0000001300008067,
0095478300052703,
00f2e33301474283,
0602f513006504a3,
0000001300008067,
00c7478300052703,
005706230407e293,
0000001300008067,
0000001300000013,
00c7478300052703,
005706230bf7f293,
0000001300008067,
0000000000000000,
04a7e46300500793,
a1c7071300018717,
00e502b300251513,
00e303b30002a303,
b341a50300038067,
b3c1a50300008067,
b381a50300008067,
b101a50300008067,
b0c1a50300008067,
0000051300008067,
0000001300008067,
0000001300000013,
008712930ff5f713,
000017b70085d593,
00b2e3b3fffff337,
0f030f93f0f78f13,
01f3f6b301e3f633,
0046d89300461813,
0000373700f57e93,
01186e33ffffd5b7,
ccc5839333370293,
00455513004e9793,
005e733300a7e6b3,
00231813007e7633,
0336fe1300265893,
000055b70cc6f713,
01186eb3ffffb7b7,
aaa7831355558513,
002e161300275813,
00aef6b301066e33,
0018d593006ef8b3,
055e7e9300169713,
00b768330aae7793,
0017d613001e9693,
0088589300c6ee33,
001e979301c8ceb3,
91c8081300018817,
0006d603010786b3,
0087159300b76733,
0ff67e1300b648b3,
018ed79301089e93,
00f86633008e1813,
01f67fb301e67f33,
004fd713004f1693,
0055f2b300e6e5b3,
002298930075f3b3,
01c8eeb30023de13,
006ef33300aef533,
0013579300151813,
0000806700f86533,
008792930ff5f793,
000017370085d593,
00b2e3b3fffff337,
0f030293f0f70f93,
0053f6b301f3f633,
0046d89300461813,
0f057f1300f57e93,
ffffd5b7000037b7,
ccc5831333378393,
004e971301186e33,
006e7833004f5693,
007e763300d768b3,
00285e9300261e13,
0cc8f7130338f793,
ffffb6b7000055b7,
5555889301de6f33,
00279e13aaa68813,
011f77b300275e93,
01de6733010f7633,
0017959300165693,
0aa77e1305577f13,
001e561300d5eeb3,
00c7ef33001f1793,
01e74e33008ed713,
0001779700d5e5b3,
001e16937e878793,
000ed70300f68eb3,
0085551300859613,
0ff77e1300c74f33,
0185de93010f1593,
01d6e733008e1693,
00577f3301f77633,
004f559300461e13,
007ef6b300be6eb3,
00269f13006ef733,
00cf6e3300275613,
010e7eb3011e75b3,
001ed69300159713,
0fff761300d76f33,
008f559300861e13,
01fef73300be6eb3,
00f57613005eff33,
004f5e1300471693,
0046159301c6eeb3,
00a5e73300455513,
006efe33007eff33,
002e551303377693,
002f15930cc77613,
00269e9300a5ef33,
00eeee3300265713,
010f75b3011f7633,
0015d513055e7e93,
001617130aae7693,
001e9f1300a76633,
01cf65b30016de13,
00bec6b300865e93,
00f707b300169713,
00861f130007d503,
0ff5759301e54e33,
01865e93010e1613,
01d6e7b300859693,
0057f2b301f7ffb3,
004f97130042d513,
007f73b300a76f33,
00239e13006f7333,
00be663300235593,
01067833011678b3,
0018569300189e93,
0000806700dee533,
0000001300000013,
008792930ff5f793,
000017370085d593,
f0f70393fffff8b7,
0f08829300b2e333,
00537633007376b3,
00465e1300469813,
0f057f9300f57f13,
ffffd5b7000037b7,
01c86eb333378893,
ccc58813004f1713,
011ef333004fd613,
00c76eb3010ef6b3,
0026df1300231e13,
0ccef713033ef793,
ffffb637000055b7,
01ee6fb355558693,
00279e13aaa60593,
00dfff3300275e93,
01de6fb300bff333,
001f179300135713,
0aaffe13055ff613,
001e531300e7eeb3,
006f663300161f13,
00cfceb3008edf93,
5bc3031300017317,
001e971300e7e7b3,
000e5f8300670e33,
00855f1300879613,
010e971300cfceb3,
01875e130ffff793,
01cfe63300879f93,
005677b300767eb3,
0047de13004e9713,
011ff63301c76fb3,
00261793010ffeb3,
00e7efb3002ed713,
00bff63300dffe33,
00165793001e1e93,
0ff77f9300fee733,
00875e13008f9613,
0077feb301c667b3,
004e9f930057f733,
00ff7e1300475613,
00cfe7b30f0f7f13,
004f5f93004e1713,
01f766330107feb3,
002e17930117fe33,
03367f93002edf13,
01e7e7330cc67e13,
002e5793002f9e93,
00b77f3300d77633,
001f5e1300fee733,
001617930aa77e93,
01c7e63305577f93,
001edf93001f9713,
00865f1301f76eb3,
01c7e7b301df4633,
006e073300161e13,
00879f1300075f83,
01efc7b301055e93,
0ffff61301079e13,
00861f93018e5713,
007f77b300efef33,
00479e13005f7633,
00ee6fb300465713,
010ff7b3011fff33,
0027de13002f1613,
00d77fb301c66733,
001f979300b77f33,
00c7e733001f5613,
008e1f930ff77e13,
01efe7b300875f13,
0057f7330077f633,
00475e1300461f93,
0f0efe9300feff13,
004f171301cfe7b3,
0107f633004edf93,
0117ff3301f76e33,
00265e93002f1793,
0cce7f13033e7f93,
002f961301d7e733,
00d77e33002f5793,
00f6673300b77eb3,
001e179305577f93,
001ede130aa77613,
001f9e9301c7ef33,
00eee63300165713,
00cfcf33008f5f93,
006e8733001f1e93,
01c7e7b300075f83,
01cfcf3300879e13,
0ffff613010f1e93,
00861f93018ed713,
0077fe3300efe7b3,
004e1e930057ff33,
00cee733004f5613,
010777b301177fb3,
0027de13002f9f13,
00def73301cf6eb3,
00171f9300bef633,
00ffef3300165793,
008e1e930fff7e13,
00eee633008f5713,
005677b300767fb3,
00f57f1301855513,
004f9e930047de13,
004f171301ceefb3,
00c7653300455613,
010fff33011ff7b3,
002f5e9303357713,
00279e130cc57f93,
002fd51301de67b3,
00a6673300271613,
00b7fe3300d7ffb3,
001e57930aa77e93,
001f951305577f13,
001f171300f56fb3,
00c76e33001ed613,
01cf4eb3008fdf13,
00650333001e9513,
008f971300035783,
0ff7f61300e7cfb3,
018e5f13010f9e13,
01eee53300861e93,
005572b3007573b3,
0042d79300439313,
011778b300f36733,
00289f9301077833,
00cfee3300285613,
00be75b300de76b3,
0015de9300169f13,
0000806701df6533,
008792930ff5f793,
000017370085d593,
00b2e3b3fffff337,
0f030293f0f70f93,
0053f6b301f3f633,
0046d89300461813,
0f057f1300f57e93,
ffffd5b7000037b7,
ccc5831333378393,
004e971301186e33,
006e7833004f5693,
007e763300d768b3,
00285e9300261e13,
0cc8f7130338f793,
ffffb6b7000055b7,
5555889301de6f33,
00279e13aaa68813,
011f77b300275e93,
01de6733010f7633,
0017959300165693,
0aa77e1305577f13,
001e561300d5eeb3,
00c7ef33001f1793,
01e74e33008ed713,
0001779700d5e5b3,
001e169319878793,
000ed70300f68eb3,
0085551300859613,
0ff77e1300c74f33,
0185de93010f1593,
01d6e733008e1693,
00577f3301f77633,
004f559300461e13,
007ef6b300be6eb3,
00269f13006ef733,
00cf6e3300275613,
010e7eb3011e75b3,
001ed69300159713,
0fff761300d76f33,
008f559300861e13,
01fef73300be6eb3,
00f57613005eff33,
0f057513004f5e13,
01c6e73300471693,
00455e9300461593,
0077753301d5ef33,
033f769300677e33,
0ccf7613002e5e93,
01d5e53300251593,
00265f1300269713,
0115763301e76e33,
055e7e93010575b3,
0aae76930015d513,
00a7663300161713,
0016de13001e9f13,
00865e9301cf65b3,
0016971300bec6b3,
0007d50300f707b3,
01e54e3300861f13,
010e16130ff57593,
0085969301865e93,
01f7ffb301d6e7b3,
0042d5130057f2b3,
00a76f33004f9713,
006f7333007f73b3,
0023559300239e13,
011678b300be6633,
00189e9301067833,
00dee53300185693,
0000001300008067,
0000806700000513,
0000000000000013,
00100893fff50313,
01158eb33268f463,
010f5793010e9f13,
00700e1301b79813,
ff0101130077f293,
00017e9700000593,
00400f131f0e8e93,
01e8539302c00f93,
2a5f646309c28463,
01069713ffd28693,
0908e26301075813,
005e883300239293,
0017839300082803,
0095829301039693,
0662f6630106d793,
0106e73300b606b3,
26039c6300377393,
fff7039341068733,
260714630033b713,
0080071300082583,
0048280300b6a023,
00e686b30106a223,
01b7981300028593,
0077f29301f68023,
f9c290e301e85393,
00de873300239693,
f91ff06f02072803,
1862e46300558293,
0015889316a5fe63,
01153fb300088e13,
00100e9340b50333,
fff30f1321157e63,
410003b300b60833,
0033f293006f3713,
0e0f9c630e071e63,
0008002320028263,
020802630023f813,
00088023011608b3,
00258e1300300693,
01c607b300d29863,
00d58e3300078023,
00558333405e8fb3,
ffc58e93ffcff593,
001f0713002edf13,
00777393006607b3,
0603846300f582b3,
05038a6300100813,
0513826300200893,
02d38a6300300693,
0263826300400313,
01d38a6300500e93,
19e3946300600f13,
004787930007a023,
004787930007a023,
004787930007a023,
004787930007a023,
004787930007a023,
004787930007a023,
0007a02302f28663,
0007a4230007a223,
0007a8230007a623,
0007ac230007aa23,
020787930007ae23,
07f58063fcf29ee3,
0015889301c585b3,
0008002300b60833,
01160e3304a8f663,
00258f93000e0023,
01f6073302affe63,
0035839300070023,
007602b302a3f663,
0045869300028023,
00d6033300a6fe63,
00558e9300030023,
01d6063300aef663,
0101011300060023,
0081262300008067,
0001739700239413,
008386b3fb038393,
001787930306a803,
0008470300b606b3,
0104579301079413,
0015859300e68023,
0018440300400713,
0040039300b605b3,
0028440300858023,
0038458300868123,
0c77066300b681a3,
0080071300484383,
0058440300768223,
00684583008682a3,
0078480300b68323,
00c12403010683a3,
00239293dc5ff06f,
0103a803005e83b3,
00812623d6dff06f,
0015859300084403,
0086802300800713,
00030e93f8dff06f,
00058e13de5ff06f,
0007a023e29ff06f,
e75ff06f00478793,
0000059300060023,
011608b304a8f663,
0025879300088023,
00f602b302a7fe63,
0035831300028023,
006603b302a37663,
0045869300038023,
00d6073300a6fe63,
00558e1300070023,
01c6053300ae7663,
0000806700050023,
d21ff06f00c12403,
0005061300052703,
2607866300074783,
0000051302c00693,
02e008131cd78c63,
02f86c631d078c63,
0fdf7f93fd578f13,
0045af831e0f8663,
001707130005a283,
00128513001f8313,
0065a22300a5a023,
00e6202300100513,
fd07831300008067,
009008930ff37393,
0005ae03fc78e6e3,
001e0e9300170793,
0017470301d5a023,
1ed70e631e070663,
0507046302e00813,
0fff7f93fd070f13,
03f5726300900513,
001005130105a283,
00a287b300178713,
00e6202300f5a823,
01d5a42300008067,
001787930017c703,
02c006931a070263,
0105a303fb5ff06f,
0075a82300130393,
001787930017ce03,
02c00693120e0463,
0dfe78930ede0c63,
0dd8926304500e93,
001787130145a503,
0075aa2300150393,
1a0e08630017ce03,
171e0a6302c00893,
fd5e069300c5a703,
001708130fd6fe93,
080e90630105a623,
002787130027cf03,
171f0063140f0e63,
fd0f02930185af83,
001f85130ff2f313,
00a5ac2300900e93,
00378713006efa63,
00e6202300100513,
0007039300008067,
0017071300174e03,
fd0e079302c00893,
120e02630ff7f693,
fedef0e3131e0463,
001005130045a803,
00a80f3300238713,
00e6202301e5a223,
0027871300008067,
e99ff06f00100513,
0ff87f13fd0e0813,
f1effae300900f93,
001005130145a283,
00a2833300178713,
e71ff06f0065aa23,
0050051300078713,
e61ff06f00170713,
001707930005a503,
0055a02300150293,
ee0e12e300174e03,
0050051300078713,
0005a503e3dff06f,
0015029300170793,
001743030055a023,
0ad3026308030e63,
fd0306930085a383,
009008930ff6fe13,
e7c8f8e300138e93,
01d5a42301030a63,
0010051300270713,
01d5a423df5ff06f,
00078713e79ff06f,
de1ff06f00400513,
dd9ff06f00000513,
0040051300078713,
dc9ff06f00170713,
0017071300300513,
00600513dbdff06f,
00600513db5ff06f,
da9ff06f00170713,
da1ff06f00700513,
0017071300700513,
00300513d95ff06f,
00078713d8dff06f,
d81ff06f00200513,
0020051300078713,
d71ff06f00170713,
0000001300000013,
06812c23f8010113,
0721282306912a23,
0741242307312623,
0761202307512223,
05812c2305712e23,
0005891306112e23,
012126230005c583,
0001282302012823,
00012a2302012a23,
00012c2302012c23,
00012e2302012e23,
0201202304012023,
0201222304012223,
0201242304012423,
0201262304012623,
00050b9300078493,
00068a9300060c13,
0301099300070b13,
00c10a1301010413,
0009859352058a63,
c6dff0ef000a0513,
008782b300251793,
0002a70300c12683,
0006c30300098593,
0072a02300170393,
08030063000a0513,
00251613c41ff0ef,
00c1288300860833,
0009859300082e03,
001e0f130008ce83,
000a051301e82023,
c15ff0ef040e8a63,
008f87b300251f93,
0007a70300c12283,
0002c68300098593,
0067a02300170313,
02068463000a0513,
00251513be9ff0ef,
00c12383008505b3,
0003c8030005a603,
0115a02300160893,
01212623f4081ae3,
1979786301790bb3,
434b106300100a13,
fff9471300094283,
02c0031300eb86b3,
006286630076f513,
00b900230182c5b3,
1577fa6300190793,
001003930c050263,
002006130a750263,
0030081308c50463,
0040089307050663,
00500e1305150863,
00600e9303c50a63,
0007cf0301d50c63,
018f4fb3006f0663,
0017879301f78023,
006a06630007ca03,
00578023018a42b3,
0007c70300178793,
018746b300670663,
0017879300d78023,
006506630007c503,
00b78023018545b3,
0007c38300178793,
0183c63300638663,
0017879300c78023,
006806630007c803,
01178023018848b3,
0007ce0300178793,
018e4eb3006e0663,
0017879301d78023,
0007cf030977f863,
018f4fb3006f0663,
0017ca0301f78023,
006a066300178293,
00e780a3018a4733,
006786630012c783,
00d280a30187c6b3,
006506630022c503,
00b28123018545b3,
006386630032c383,
00c281a30183c633,
006806630042c803,
01128223018848b3,
006e06630052ce03,
01d282a3018e4eb3,
006f06630062cf03,
01f28323018f4fb3,
f777ece300728793,
00c10a1300094c03,
00098593280c0a63,
a25ff0ef000a0513,
008302b300251313,
0002a70300c12683,
0006c38300098593,
00c2a02300170613,
08038063000a0513,
002518139f9ff0ef,
00c12e03008808b3,
000985930008ae83,
001e8f93000e4f03,
000a051301f8a023,
9cdff0ef040f0a63,
00878c3300251793,
000c228300c12303,
0003468300098593,
00ec202300128713,
02068463000a0513,
002515139a1ff0ef,
00c12383008505b3,
0003c8030005a603,
0115a02300160893,
19797263f4081ae3,
214b186300100a13,
fff94f9300094b03,
02c0079301fb8c33,
00fb0663007c7313,
00590023015b42b3,
15797a6300190913,
001006930c030263,
002007130ad30263,
0030051308e30463,
0040059306a30663,
0050039304b30863,
0060061302730a63,
0009480300c30c63,
015848b300f80663,
0019091301190023,
00fa066300094a03,
01c90023015a4e33,
00094e8300190913,
015ecf3300fe8663,
0019091301e90023,
00fb066300094b03,
01f90023015b4fb3,
00094c0300190913,
015c433300fc0663,
0019091300690023,
00f2866300094283,
00d900230152c6b3,
0009470300190913,
0157453300f70663,
0019091300a90023,
0009458309797863,
0155c3b300f58663,
0019460300790023,
00f6066300190813,
011900a3015648b3,
00f9066300184903,
014800a301594a33,
00fe066300284e03,
01d80123015e4eb3,
00ff066300384f03,
016801a3015f4b33,
00ff866300484f83,
01880223015fcc33,
00f3066300584303,
005802a3015342b3,
00f6866300684683,
00e803230156c733,
f7796ce300780913,
0004250300098a93,
0044041300048593,
00050593df9fe0ef,
004a8a93000aa503,
00050493de9fe0ef,
07c12083fd341ee3,
0741248307812403,
06c1298307012903,
06412a8306812a03,
05c12b8306012b03,
0801011305812c03,
e37966e300008067,
00090f93fa1ff06f,
000fce8302c00e13,
01ce8463018ecf33,
016f8fb301ef8023,
00094783ff7fe6e3,
d40790e300c10a13,
02c00e13f77978e3,
015ecf3300094e83,
01e9002301ce8463,
ff7966e301690933,
00a90bb3f51ff06f,
f45ff06fb97964e3,
0000000000000013,
407f579300051f03,
000286630017f293,
0000806707ff7513,
00f77313403f5713,
00431393fe010113,
0073063300812c23,
00912a2300112e23,
0385d783007f7693,
0005041300058893,
08068e6300060713,
08a6926300100513,
0007861302888513,
01e1262300070593,
3f5020ef01112423,
01051e9300812883,
03c8de0300c12f03,
0a0e1463410ed493,
02a89e230388d783,
0111262300078593,
a75fe0ef01e12423,
00c1268300812283,
f002f71300050793,
00e5633307f4f513,
0803639302f69c23,
0074102301c12083,
0141248301812403,
0000806702010113,
010fd513010f1f93,
fadff06f000f0493,
00c4e46302100493,
0148a58302200713,
0008960300289683,
01e126230188a503,
915ff0ef01112423,
0105181300812883,
03e8d58300c12f03,
0005946341085493,
0388d78302a89f23,
00000013f61ff06f,
0000001300000013,
fe01011300051803,
4078579300812c23,
00112e2300912a23,
000584930017f293,
07f8789300060413,
403857130a029063,
00050f1300f77393,
00a3863300439513,
0078769301212823,
0006071303845783,
00100e131c068063,
0007861315c69663,
0284051300070593,
0101242301e12623,
03c45e832b1020ef,
0081280301051313,
4103591300c12f03,
038457831c0e9663,
0007859302a41e23,
0101242301e12623,
00812783931fe0ef,
02a41c2307f97893,
00c12503f007f293,
010129030058e733,
0075102308076393,
4073d69300049383,
020600630016f613,
0181240301c12083,
0141248307f3f693,
0201011340d88533,
4033d59300008067,
004e1e9300f5fe13,
0073f31301212823,
0384578301de0933,
0a03086300090713,
08531c6300100293,
0009059300078613,
0111262302840513,
1ed020ef00712423,
0105181303c45783,
00c1288300812383,
0a079e6341085913,
02a41e2303845783,
0111262300078593,
86dfe0ef00712423,
07f9769300812603,
f006759302a41c23,
01c1208300c12883,
00b6ee3301812403,
01d49023080e6e93,
0141248301012903,
0201011340d88533,
01081f9300008067,
00080913010fd513,
01039713ee5ff06f,
0003891301075513,
02100f13f99ff06f,
02200713012f6463,
0004160300241683,
0184250301442583,
0071242301112623,
03e45f83ef8ff0ef,
4108d91301051893,
00c1288300812383,
02a41f23000f9463,
f4dff06f03845783,
00c5e46302100593,
0024168302200713,
0144258300041603,
01e1262301842503,
eacff0ef01012423,
0105191303e45883,
00c12f0300812803,
0008946341095913,
0384578302a41f23,
00000013e3dff06f,
0025150300060a63,
40b5053300259583,
0005178300008067,
f007f71301079693,
005763330186d293,
0005938300651023,
0103981300251503,
01885893f003f613,
01c5902301166e33,
40b5053300259583,
0000001300008067,
0000001300000013,
0025978300059703,
00f5112300e51023,
0000001300008067,
0000001300000013,
fb01011300451e83,
0371262304812423,
0491222304112623,
03312e2305212023,
03512a2303412c23,
0381242303612823,
03a1202303912223,
0245240301b12e23,
5bd05ce300000b93,
5e0404e35c05c0e3,
0000089300b12423,
0000031300000f13,
0004079300000e13,
0007a78300c0006f,
0047a70314078e63,
0027170300812683,
00042283fed716e3,
0144202300000a13,
0002a60308028463,
000284130082a023,
0006280306060c63,
0006041300562023,
0008238306080463,
0008041300c82023,
0003a48304038c63,
000384130103a023,
0004a90304048463,
000484130074a023,
0009298302090c63,
0009041300992023,
0009af8302098463,
000984130129a023,
000f8a6300098a13,
00042283000f8413,
f80290e301442023,
0047aa830a078e63,
000a9b0300130313,
000c0863001b7c13,
001cfd13409b5c93,
0007ad8301ae0e33,
000da683000d8c63,
0004278300d7a023,
01b4202300fda023,
0104989300188493,
02074c634108d893,
01071f9300170713,
01049a93410fda13,
010adb1301412423,
0ffb7b93071e8e63,
000b8913ec0a5ee3,
ffff873700040793,
010499130240006f,
051e8a6301095993,
000407930ff9f913,
0007a78300c0006f,
0047ac8302078c63,
ff2b98e3000ccb83,
00068713ebdff06f,
00042283eb5ff06f,
0042a603001f0f13,
0018739300160803,
f6dff06f007e0e33,
e91ff06f00090b93,
00231e9300e12423,
01ee033341ee8f33,
010c5c9301031c13,
00050a1301912623,
0004230370b04e63,
0004091300812e03,
0043228300032a03,
000a2583004a2503,
005a222300a32223,
000a202300b32023,
00492c032e0e4c63,
002c1d0300812603,
0009290300cd0e63,
00492c03380908e3,
002c1d0300812603,
00442803fecd16e3,
0008150300c12583,
00092903ac1fe0ef,
0c09046300a12623,
0005059300442383,
aa5fe0ef00039503,
00a1262300092983,
0a09846300050593,
0008950300442883,
0009aa83a89fe0ef,
0005059300a12623,
00442703080a8663,
a6dfe0ef00071503,
00a12623000aa483,
0604886300050593,
000f950300442f83,
0004ac83a51fe0ef,
0005059300a12623,
00442d83040c8a63,
a35fe0ef000d9503,
00a12623000cab03,
020b0c6300050593,
000e950300442e83,
000b2b83a19fe0ef,
0005059300a12623,
00442f03000b8e63,
9fdfe0ef000f1503,
00a12623000ba903,
00042903f20912e3,
00492303004a2283,
00100f9300092503,
00592223006a2223,
0149202300aa2023,
22040663000f8393,
0000071300000913,
007ffe1300000293,
0004061300128293,
080e046300000793,
000426030ff7d663,
0e06006300100793,
0020059306fe0a63,
0030069306be0063,
00400a1304de0663,
00500c13034e0c63,
00600d13038e0263,
0006260301ae0863,
0a06046300058793,
0017879300062603,
0006260308060e63,
0806086300178793,
0017879300062603,
0006260308060263,
06060c6300178793,
0017879300062603,
07f7d46306060663,
0017879300062603,
04060c6300078813,
0017879300062603,
0006260304060663,
0406006300280793,
0038079300062603,
0006260302060a63,
0206046300480793,
0058079300062603,
0006260300060e63,
0006086300680793,
0078079300062603,
00040693f8061ee3,
00060413000f8593,
0005846302f05463,
0007089302041863,
00068713fff78793,
08088e630006a683,
fef040e300e8a023,
0cb0566300803cb3,
0a0780630c0c8663,
003af493fff78a93,
1604866300442c83,
002c9b030046ad83,
002d9e83000d9983,
f009f89301099b93,
01e8e333018bdf13,
000c9503006d9023,
f0057e1301051a13,
018e6d33018a5c13,
09db5a6301ac9023,
fff5859300070893,
0004240300040713,
01c0006ff80894e3,
0a090ae300092903,
0006c78300492683,
d29ff06ffefb98e3,
f45ff06f00070913,
00803cb300f72023,
0205846300078713,
00040793020c8263,
00042403fff58593,
00078913fe0710e3,
0007871300803cb3,
00078713fe0590e3,
00072023de0c9ee3,
0009041326728a63,
dc041ee3001f9f93,
0010007300002023,
000a87930006a803,
0007089300070c63,
00e8a02300068713,
ef1ff06f00080693,
0006891300068713,
001006131d505863,
06c4826300080693,
1d54926300200a93,
002c9a8300482d03,
002d1483000d1603,
f0067d9301061b13,
013deeb3018b5993,
000c9b8301dd1023,
f00bf893010b9f13,
0068e533018f5313,
ee9acae300ac9023,
fff7879300082803,
00068713f80712e3,
0008069300068913,
002c9a030046a803,
00281e0300081c03,
f00c7d13010c1a93,
00cd64b3018ad613,
000c9d8300981023,
f00dfb13010d9993,
01db6bb30189de93,
e9ca4ee3017c9023,
0006a803fff78793,
f20714e300078893,
0006891300068713,
0048260310f05463,
00080693002c9e03,
00261e8300061983,
f009fb9301099a13,
01ebec33018a5f13,
000c9d0301861023,
f00d7313010d1513,
015364b301855a93,
e3de4ee3009c9023,
fff7879300082803,
00482d83ec0716e3,
002c9b0300068713,
002d9a03000d9683,
01069e1300070913,
018e5993f006f613,
01dd902301366eb3,
00080693000c9b83,
f00bff13010b9c13,
01af6333018c5d13,
df4b42e3006c9023,
ffe8879300082803,
00482503e6071ae3,
0006891300068713,
002c9a8300051483,
01049b1300251983,
f004fd93018b5693,
00c5102300dde633,
00080693000c9e03,
f00e7b93010e1e93,
014bef33018eda13,
d93ac6e301ec9023,
ffd8879300082803,
e99ff06fe0071ee3,
d15ff06f00080693,
002c9d8300482483,
0024998300049b03,
f00b7e93010b1893,
017eef330188db93,
000c930301e49023,
f003751301031e13,
01456c33018e5a13,
d33dcae3018c9023,
fff7879300082803,
00068713dc0712e3,
0008069300068913,
00092b03de9ff06f,
004922830e0b0263,
0002950300c12583,
000b2403d20fe0ef,
0c04046300a12623,
0005059300492383,
d04fe0ef00039503,
00a1262300042a03,
0a0a046300050593,
000f150300492f03,
000a2c03ce8fe0ef,
0005059300a12623,
00492303080c0663,
cccfe0ef00031503,
00a12623000c2d03,
060d086300050593,
0005150300492503,
000d2a83cb0fe0ef,
0005059300a12623,
00492703040a8a63,
c94fe0ef00071503,
00a12623000aa483,
02048c6300050593,
0006950300492683,
0004ad83c78fe0ef,
0005059300a12623,
00492803000d8e63,
c5cfe0ef00081503,
00a12623000dab03,
04c12083f20b12e3,
00c1250304812403,
0401290304412483,
03812a0303c12983,
03012b0303412a83,
02812c0302c12b83,
02012d0302412c83,
0501011301c12d83,
00100b1300008067,
00000a93c60408e3,
00000c1300000993,
001c0c13007b7513,
0000091300040293,
0f69566308050463,
0010091300042283,
07250a630e028063,
06b5006300200593,
05a5066300300d13,
03c50c6300400e13,
03b5026300500d93,
00d5086300600693,
000589130002a283,
0002a2830a028463,
08028e6300190913,
001909130002a283,
0002a28308028863,
0802826300190913,
001909130002a283,
0002a28306028c63,
0602866300190913,
0002a28307695463,
0009079300190913,
0002a28304028c63,
0402866300190913,
002789130002a283,
0002a28304028063,
02028a6300378913,
004789130002a283,
0002a28302028463,
00028e6300578913,
006789130002a283,
0002a28300028863,
f8029ee300778913,
000b0d9300040493,
0320546300028413,
02041863000d8463,
fff9091300098793,
0004a48300048993,
0137a02304078863,
00803eb3ff2040e3,
080e826309b05263,
fff90d1304090063,
1e0c8a63007d7c93,
0044a50300442583,
a7cff0ef000a0613,
0009879306a05c63,
00040993fffd8d93,
fa079ce300042403,
f91ff06f00098a93,
0180006f00098f13,
00803eb3013f2023,
020d846300098f13,
00040993020e8463,
00042403fffd8d93,
00098a93fe0f10e3,
00098f1300803eb3,
e40e92e3fe0d90e3,
001004130009a023,
001b1b13308c0e63,
e1dff06f000a8413,
0004ad03000d0913,
0009879300098c63,
0137a02300048993,
f3dff06f000d0493,
00048a9300048993,
001006132b205063,
12cc8a63000d0493,
110c806300200813,
0c7c866300300393,
091c8c6300400893,
06ec826300500713,
03fc886300600f93,
004d250300442583,
994ff0ef000a0613,
000d2d03f0a04ee3,
f80998e3fff90913,
00048a9300048993,
00442583000d0493,
000a0613004d2503,
eea048e3968ff0ef,
fff90913000d2d03,
00048993f60992e3,
000d049300048a93,
004d250300442583,
93cff0ef000a0613,
000d2d03eca042e3,
f2099ce3fff90913,
00048a9300048993,
00442583000d0493,
000a0613004d2503,
e8a04ce3910ff0ef,
fff90913000d2d03,
00048993f00996e3,
000d049300048a93,
004d250300442583,
8e4ff0ef000a0613,
000d2d03e6a046e3,
ee0990e3fff90913,
00048a9300048993,
00442583000d0493,
000a0613004d2503,
e4a040e38b8ff0ef,
fff90913000d2d03,
00048993ea099ae3,
000d049300048a93,
0044a50300442583,
88cff0ef000a0613,
fff90913e0a04ae3,
00090c930004ad03,
00048993e80992e3,
13205a6300048a93,
004d250300442583,
000d0493000a0613,
dea040e3858ff0ef,
fff90913000d2d03,
00442583e4099ae3,
000a0613004d2503,
00048a9300048993,
82cff0ef000d0493,
000d2d03daa04ae3,
e20994e3ffec8913,
004d250300442583,
00048993000a0613,
000d049300048a93,
d8a044e3800ff0ef,
ffdc8913000d2d03,
00442583de099ee3,
000a0613004d2503,
00048a9300048993,
fd5fe0ef000d0493,
000d2d03d4a04ee3,
dc0998e3ffcc8913,
004d250300442583,
00048993000a0613,
000d049300048a93,
d2a048e3fa9fe0ef,
ffbc8913000d2d03,
00442583da0992e3,
000a0613004d2503,
00048a9300048993,
f7dfe0ef000d0493,
000d2d03d0a042e3,
d6099ce3ffac8913,
004d250300442583,
00048993000a0613,
000d049300048a93,
cca04ce3f51fe0ef,
ff9c8913000d2d03,
e99ff06fd40996e3,
c91ff06f000d0493,
c809106300042903,
00b12423d64ff06f,
c10ff06f00012623,
0005871302040663,
0000089300040793,
0000031300000f13,
00000e1300000913,
000a8413b94ff06f,
00002783becff06f,
0000001300100073,
ccd78293ccccd7b7,
ff01011302553333,
0091242300812623,
0005851301212223,
ffff86b70005a023,
01058f1308068393,
ffe4071300435413,
010504b300371813,
00271e1300952223,
0004912300749023,
01c4893300858593,
589f7c6300448e93,
5926f86300848693,
00052423ffff88b7,
01d5262300b52023,
fff00793fff8cf93,
00f4922301f49323,
ffff85b706070863,
fff5c393008f0893,
0498fc6300000593,
53237e6300468313,
00b642b300052403,
0075fe9300329813,
008f202307887e13,
01e5202301de67b3,
00df222300879f93,
0015859301f782b3,
0076912300569023,
00088f1300b70a63,
00030693008f0893,
00052583fa98e8e3,
060f04630005af03,
ccd48913ccccd4b7,
000043b703273733,
20000793fff38413,
00275e1300100493,
000f28830200006f,
02088c63009e9123,
00148493000f0593,
00088f1310078793,
ffc4e0e30045ae83,
00c4c2b37007ff93,
005fe5b3000f2883,
00de91230085f6b3,
00100393fc0898e3,
0005079300038493,
0000051300000613,
0073f31300000413,
0007881300140413,
0803046300000713,
0007a8030e705663,
0e08006300100713,
00200f1306e30a63,
0030091307e30063,
00400e1305230663,
00500e9303c30c63,
00600f9303d30263,
0008280301f30863,
0a080463000f0713,
0017071300082803,
0008280308080e63,
0808086300170713,
0017071300082803,
0008280308080263,
06080c6300170713,
0017071300082803,
0677546306080663,
0017071300082803,
04080c6300070293,
0017071300082803,
0008280304080663,
0408006300228713,
0032871300082803,
0008280302080a63,
0208046300428713,
0052871300082803,
0008280300080e63,
0008086300628713,
0072871300082803,
00078693f8081ee3,
0008079300038593,
0005846302e05463,
0006a80302079863,
08060463fff70713,
0006861300d62023,
fee040e300080693,
0ab05a6300f038b3,
060708630a088a63,
003eff13fff70e93,
120f0e630047a883,
00289f830046a303,
0023128300031903,
f0097e1301091813,
012e6e3301885913,
0008980301c31023,
f008731301081913,
01c3683301895e13,
065fdc6301089023,
fff5859300068813,
0007a78300078693,
00068513f80610e3,
00060713f7dff06f,
00c720230180006f,
0006071300f038b3,
0208846302058463,
fff5859300078613,
fe0710e30007a783,
00f038b300060513,
fe0590e300060713,
00062023e0089ae3,
0013939324940e63,
00002023de051ae3,
0006a80300100073,
f0061ae3000e8713,
0006851300068613,
00100e931dd05863,
07df026300080693,
1dff126300200f93,
00289f0300482903,
00291f8300091e03,
01835293010e1313,
005eee33f00e7e93,
0008990301c91023,
f009729301091e93,
0062ee33018ed313,
f3ff42e301c89023,
fff7071300082803,
00068613ea0614e3,
0008069300068513,
002892830046a903,
00291f0300091803,
f0087e9301081f93,
006eee33018fd313,
0008990301c91023,
f0097e9301091813,
01fee33301885f93,
ede2c6e300689023,
0006a803fff70713,
e40616e300070e13,
0006851300068613,
0048290310e05463,
0009168300289f03,
0106929300291f83,
f006fe930182d313,
00d91023006ee6b3,
0008069300089903,
f0097e9301091293,
006ee9330182d313,
e7ff46e301289023,
fff7071300082803,
00482283de0618e3,
0006851300068613,
00289f0300029f83,
f00ffe93010f9693,
006ee9330186d313,
00089f8301229023,
010f969300229283,
f00ffe930186d313,
01289023006ee933,
e05f4ae300080693,
ffee071300082803,
00482283d8061ce3,
0006851300068613,
00289f0300029f83,
f00ffe93010f9693,
006ee9330186d313,
00089f8301229023,
010f969300229283,
f00ffe930186d313,
01289023006ee933,
da5f4ee300080693,
ffde071300082803,
e99ff06fd40610e3,
d45ff06f00080693,
00289f0300482903,
00291f8300091283,
01835e9301029313,
01de62b3f002fe13,
0008990300591023,
f0097e1301091313,
01de62b301835e93,
d7ff42e300589023,
fff7071300082803,
00068613ce0614e3,
0008069300068513,
00c12403de9ff06f,
0041290300812483,
0000806701010113,
b0b708e300158593,
000f089300068313,
00058f13af5ff06f,
00000593000e8693,
00000013a89ff06f,
0000001300000013,
0088089300062803,
0006a70304e8f663,
04f3706300470313,
0005278301162023,
0025960300059283,
0105202300f82023,
0006a38300e82223,
00a6a02300438513,
0008051300482583,
00c5912300559023,
0000081300008067,
0000806700080513,
0005250300050793,
004526030047a683,
00c7a22300052703,
00e7a02300d52223,
0000806700052023,
0000001300000013,
004527030045a683,
00d522230005a783,
00f5202300e5a223,
0000806700a5a023,
0206426300259603,
0000806700051863,
02050a6300052503,
0023138300452303,
00008067fec398e3,
0005970302050063,
0005250300c0006f,
0045278300050863,
fee298e30007c283,
0000001300008067,
0005278308050c63,
0105202300000813,
0007a70308078463,
0007851300a7a023,
0007268306070e63,
0007051300f72023,
0006a28306068463,
0006851300e6a023,
0002a30304028c63,
0002851300d2a023,
0003238304030463,
0003051300532023,
0003a58302038c63,
000385130063a023,
0005a60302058463,
000585130075a023,
00060a6300058813,
0005278300060513,
f80790e301052023,
0000806700008067,
05212023fb010113,
0361282303512a23,
0411262303812423,
0491222304812423,
03412c2303312e23,
0391222303712623,
01b12e2303a12023,
00100c1300050913,
00060a9300058b13,
000126231e090863,
00000b9300000493,
007c771300c12783,
0017829300090813,
0000041300512623,
0f80566308070463,
0010041300092803,
06870a630e080063,
06d7006300200693,
04c7066300300613,
02670c6300400313,
0277026300500393,
00a7086300600513,
0006841300082803,
000828030a080463,
08080e6300140413,
0014041300082803,
0008280308080863,
0808026300140413,
0014041300082803,
0008280306080c63,
0608066300140413,
0008280307845463,
0004059300140413,
0008280304080c63,
0408066300140413,
0025841300082803,
0008280304080063,
02080a6300358413,
0045841300082803,
0008280302080463,
00080e6300558413,
0065841300082803,
0008280300080863,
f8081ee300758413,
000c0a1300090993,
0280546300080913,
02091863000a0463,
fff4041300048693,
0009a98300098493,
0096a02304068863,
012037b3fe8040e3,
0807806309405063,
fff40d9304040a63,
1e0c8e63007dfc93,
0049a50300492583,
000b00e7000a8613,
0004869308a05063,
00090493fffa0a13,
fa069ce300092903,
f91ff06f00048b93,
012037b301a4a023,
020a0463000d0493,
00090d1302078263,
00092903fffa0a13,
000d0b93fe0490e3,
000d0493012037b3,
000d0493fe0a10e3,
00c12903e40790e3,
001002930004a023,
000b89132e590463,
e0091ce3001c1c13,
0010007300002023,
000d84130009ad03,
0004869300048c63,
0096a02300098493,
f35ff06f000d0993,
0009849300098b93,
001008932bb05063,
131c8a63000d0993,
11cc806300200e13,
0ddc866300300e93,
09ec8c6300400f13,
07fc826300500f93,
02ec886300600713,
004d250300492583,
000b00e7000a8613,
000d2d03f0a04ae3,
f80b98e3fffd8413,
0009849300098b93,
00492583000d0993,
000a8613004d2503,
eea044e3000b00e7,
fff40413000d2d03,
00098b93f60492e3,
000d099300098493,
004d250300492583,
000b00e7000a8613,
000d2d03eaa04ee3,
f2049ce3fff40413,
0009849300098b93,
00492583000d0993,
000a8613004d2503,
e8a048e3000b00e7,
fff40413000d2d03,
00098b93f00496e3,
000d099300098493,
004d250300492583,
000b00e7000a8613,
000d2d03e6a042e3,
ee0490e3fff40413,
0009849300098b93,
00492583000d0993,
000a8613004d2503,
e2a04ce3000b00e7,
fff40413000d2d03,
00098b93ea049ae3,
000d099300098493,
0049a50300492583,
000b00e7000a8613,
fff40413e0a046e3,
00040d930009ad03,
00098b93e80492e3,
12805a6300098493,
004d250300492583,
000d0993000a8613,
dca04ce3000b00e7,
fff40413000d2d03,
00492583e40b9ae3,
000a8613004d2503,
0009849300098b93,
000b00e7000d0993,
000d2d03daa046e3,
e20b94e3ffed8413,
004d250300492583,
00098b93000a8613,
000d099300098493,
d8a040e3000b00e7,
ffdd8413000d2d03,
00492583de0b9ee3,
000a8613004d2503,
0009849300098b93,
000b00e7000d0993,
000d2d03d4a04ae3,
dc0b98e3ffcd8413,
004d250300492583,
00098b93000a8613,
000d099300098493,
d2a044e3000b00e7,
ffbd8413000d2d03,
00492583da0b92e3,
000a8613004d2503,
0009849300098b93,
000b00e7000d0993,
000d2d03cea04ee3,
d60b9ce3ffad8413,
004d250300492583,
00098b93000a8613,
000d099300098493,
cca048e3000b00e7,
ff9d8413000d2d03,
e99ff06fd40b96e3,
c89ff06f000d0993,
0481240304c12083,
0401290304412483,
03812a0303c12983,
03012b0303412a83,
02412c8302812c03,
01c12d8302012d03,
02c12b83000b8513,
0000806705010113,
0000000000000013,
0000000000000000,
02112e23fc010113,
02812c234a0500e3,
0321282300151413,
fffff93703612023,
0086063300060b13,
0351222303312623,
02912a2301712e23,
0341242300068b93,
01912a2301812c23,
01b1262301a12823,
0007099300058a93,
0127693300060693,
ffe4071300000893,
0012831300175293,
408687b300737393,
001005930a038463,
0020049308b38663,
0030081306938a63,
00400a1305038e63,
00500c1305438263,
00600c9303838663,
0007dd0301938a63,
01a98db300278793,
0007de03ffb79f23,
01c98eb300278793,
0007df03ffd79f23,
01e98fb300278793,
0007d703fff79f23,
00e982b300278793,
0007d303fe579f23,
006983b300278793,
0007d583fe779f23,
00b984b300278793,
0007d803fe979f23,
01098a3300278793,
06d78663ff479f23,
0027dc830007dc03,
0067dd830047dd03,
00a7d3830087d283,
00e7d70300c7d583,
01998f3301898fb3,
01b98e3301a98eb3,
007984b300598333,
00e98a3300b98833,
01e7912301f79023,
01c7932301d79223,
0097952300679423,
0147972301079623,
f8d79ee301078793,
008786b300188493,
0004889300950663,
00000e13ecdff06f,
ffe4051300000e93,
00178c1300155793,
007c7c93002e1d13,
4086073301aa87b3,
00100d930c0c8263,
002002930bbc8263,
00300393085c8463,
00400593067c8663,
00500f9304bc8863,
00600f1303fc8a63,
0007130301ec8c63,
0027071300478793,
ff07ae2303330833,
0047879300071a03,
033a06b300270713,
00071503fed7ae23,
0027071300478793,
ff87ae2303350c33,
0047879300071c83,
033c8d3300270713,
00071d83ffa7ae23,
0027071300478793,
fe57ae23033d82b3,
0047879300071383,
033385b300270713,
00071f83feb7ae23,
0047879300270713,
ffe7ae23033f8f33,
00071a0306e60863,
00471c8300271c03,
0087180300671303,
00c71d0300a71503,
033a0db300e71683,
0207879301070713,
ffb7a023033c02b3,
fe57a223033c83b3,
fe77a423033305b3,
feb7a62303380fb3,
fff7a82303350f33,
ffe7aa23033d0a33,
ff47ac2303368c33,
f8e61ce3ff87ae23,
00860633009e0e33,
001e8e93011e8663,
00249c13ea5ff06f,
000a0813018a8a33,
00000d9300000e93,
00000f1300000513,
000e8293418807b3,
00a507130007ae83,
01d2acb300478793,
0195053301dd8db3,
01051d1303b94863,
02f80a63410d5513,
0007ae83000e8293,
0047879300a50713,
01dd8db301d2acb3,
fdb95ce301950533,
4106d51301071693,
fcf81ae300000d93,
01e8866301880833,
f95ff06f001f0f13,
e5dfc0ef00000593,
008b8eb300050593,
00000e13000a8513,
ffe88313417e88b3,
0012839300135293,
0073ff93001e1f13,
000b871301eb07b3,
0c0f8e6300000813,
0acf8c6300100613,
099f8c6300200c93,
07af8c6300300d13,
04df8c6300400693,
03bf8c6300500d93,
011f8c6300600893,
000b930300079803,
002b871300278793,
0007928302680833,
0027879300071383,
02728fb300270713,
00079f0301f80833,
0027879300071603,
02cf0cb300270713,
00079d0301980833,
0027879300071683,
02dd0db300270713,
0007988301b80833,
0027879300071303,
026882b300270713,
0007938300580833,
0027879300071f83,
03f38f3300270713,
00079c8301e80833,
0027071300071603,
02cc8d3300278793,
09d7086301a80833,
0007968300071d83,
0027128300279603,
00471f8303b686b3,
00679c8300479d03,
0087138300671f03,
00a7988300879303,
0107879301070713,
ffa7128302560db3,
ffc7980300d80633,
ffc71f8303fd0d33,
ffe79d8301b606b3,
ffe71c8303ec8f33,
0273033301a68633,
025888b301e603b3,
03f80833006382b3,
039d8fb301128d33,
01f68833010d06b3,
01052023f7d71ce3,
009e0e3300450513,
00000293e74514e3,
0000089300000e93,
0000031300000393,
014a8a3300229a13,
000a2e83000e8c93,
00a3871300000f13,
01d888b301dcadb3,
001f0f1301b387b3,
01079c9303194a63,
049f7463410cd393,
000e8c93004a0a13,
00a38713000a2e83,
01dcadb3001f0f13,
01b387b301d888b3,
01071613fd195ae3,
009f7a6341065393,
00000893004a0a13,
fcdff06f000e8c93,
0013031300000893,
f6936ee3009282b3,
c0dfc0ef00038513,
000a8d1300050d93,
00000c93000b0693,
000d0e93000b8e13,
0006958300000713,
fff48f93000e1803,
0305883300100313,
00268893007ffa13,
1a937463008e07b3,
0c6a0a630e0a0c63,
0bea086300200f13,
08aa066300300513,
06ca046300400613,
047a026300500393,
025a006300600293,
0007958300269883,
008787b3000f0313,
0046889302b88fb3,
00089a0301f80833,
0013031300079f03,
03ea053300288893,
00a80833008787b3,
0007938300089603,
0028889300130313,
008787b3027602b3,
00089f8300580833,
0013031300079583,
02bf8a3300288893,
01480833008787b3,
0007950300089f03,
0028889300130313,
008787b302af0633,
0008938300c80833,
0013031300079283,
02538fb300288893,
01f80833008787b3,
0007958300089a03,
0028889300130313,
008787b302ba0f33,
0a93786301e80833,
0007938300878633,
00860a3300089503,
0028958300061283,
008a07b3000a1f83,
0275053300489603,
0068938300079f03,
00079a03008787b3,
00830313008787b3,
025585b301088893,
ff88928300a80833,
008787b300079503,
00b8083303f60633,
00079583ffa89f83,
03e383b3008787b3,
ffc89f0300c80833,
008787b300079603,
007802b303428a33,
02af8533ffe89383,
02bf05b301428fb3,
02c38f3300af8833,
01e6083300b80633,
010ea023f4936ce3,
004e8e9300170713,
e29764e3002e0e13,
008686b3001c8c93,
e09ce6e3018d0d33,
00000e9300000313,
0000051300000f93,
00231e1300000893,
000e871301ca86b3,
000002930006ae83,
01d7273300a50793,
00e50a3301df8fb3,
03f94a6300128293,
4103d513010a1393,
004686930492f463,
0006ae83000e8713,
0012829300a50793,
01df8fb301d72733,
fdf95ae300e50a33,
4105551301079513,
004686930092fa63,
000e871300000f93,
00000f93fcdff06f,
0093033300188893,
000d8593f698eee3,
00050593961fc0ef,
000b0e93000a8f93,
000b889300000f13,
00000313000f8e13,
000e9d8300089603,
00100813fff48c93,
003cf69302cd8d33,
00888733002e8613,
405d5793402d5a13,
07f7f39300fa7293,
14987a6302728533,
070686630a068263,
03b68a6300200d93,
00071c83002e9603,
00870733000d8813,
004e861303960d33,
405d5a13402d5693,
07fa779300f6f293,
0075053302f283b3,
00071c8300061d83,
0026061300180813,
00870733039d8d33,
405d5a13402d5693,
07fa779300f6f293,
0075053302f283b3,
00071c8300061d83,
0026061300180813,
00870733039d8d33,
405d5a13402d5693,
07fa779300f6f293,
0075053302f283b3,
00061d830a987863,
00870cb300071d03,
008c8733000c9383,
0007128300261683,
0087073300461c83,
00071a0303ad87b3,
0048081300661d03,
0086061300870733,
4027dd93027686b3,
00fdf3934057d793,
025c8cb307f7f793,
4056d6934026d293,
07f6f69300f2fd93,
402cda13034d0d33,
00fa7a13405cdc93,
02f387b307fcfc93,
402d5393405d5293,
07f2f39300f3fd13,
00f5053302dd8db3,
01b50a33039a06b3,
00da07b3027d0cb3,
f4986ce301978533,
0013031300ae2023,
00288893004e0e13,
001f0f13e69364e3,
018f8fb3008e8eb3,
00000e13e49f66e3,
0000039300000413,
0000031300000513,
011a8db3002e1893,
000da40300040793,
00a50b9300000813,
008383b30087ac33,
0018081301850733,
0107129302794a63,
049874634102d513,
00040793004d8d93,
00a50b93000da403,
0087ac3300180813,
01850733008383b3,
010b9d13fc795ae3,
00987a63410d5513,
00000393004d8d93,
fcdff06f00040793,
0013031300000393,
f6936ee3009e0e33,
00000813ef8fc0ef,
0018161300000593,
00095a8300cb0933,
00100713fff48d93,
00d91023413a86b3,
007dfa1300290793,
0c0a006312977863,
00200c930aea0263,
00300f13099a0463,
00400e9307ea0663,
00500f9305da0863,
0060089303fa0a63,
00295403011a0c63,
00490793000c8713,
0179112341340bb3,
001707130007dc03,
413c02b300278793,
0007dd03fe579f23,
0027879300170713,
fe779f23413d03b3,
001707130007d303,
41330e3300278793,
0007d603ffc79f23,
0027879300170713,
ff279f2341360933,
001707130007da83,
413a8db300278793,
0007d683ffb79f23,
0027879300170713,
ff479f2341368a33,
0007dc8306977863,
0047de830027df03,
0087db830067d403,
00c7dc0300a7d883,
413c8fb300e7d283,
413e83b3413f0d33,
413b833341340e33,
413c063341388933,
01f7902341328ab3,
0077922301a79123,
0067942301c79323,
00c7962301279523,
0087071301579723,
f8976ce301078793,
0098083300158593,
03812403ea95e2e3,
0105151303c12083,
0301290303412483,
02812a0302c12983,
02012b0302412a83,
01812c0301c12b83,
01012d0301412c83,
4105551300c12d83,
0000806704010113,
d44fc0ef00000593,
0000051300050593,
00050593d38fc0ef,
d2cfc0ef00000513,
0000051300050593,
03c12083d20fc0ef,
4105551301051513,
0000806704010113,
0000001300000013,
00812423ff010113,
0006041300852683,
0045260300058713,
0005250300c52583,
aecff0ef00112623,
0081240300040593,
0101011300c12083,
00000013cc8fc06f,
02912423fd010113,
0331202303212223,
0006849300050713,
0010061300061463,
ffc6f293fff58693,
0000079300428913,
001785932e070863,
0027881302b583b3,
00478f1300378e13,
0067889300578e93,
0007851300778313,
0033999300878793,
03080fb306e9fa63,
003f969300058513,
03ce02b306e6f263,
0032959300080513,
03ef083304e5fa63,
00381e13000e0513,
03de83b304ee7263,
00339f13000f0513,
031889b302ef7a63,
00399e93000e8513,
02630fb302eef263,
003f989300088513,
02f786b300e8fa63,
0036931300030513,
02a50733f6e362e3,
007906b300171393,
0281262326050263,
0171282301512c23,
0005099301812623,
0015141300150e13,
00000f9300068e93,
40d9033300100793,
003afb9340fe0ab3,
000e871300078293,
00100c130c0b8663,
00200593098b8263,
02f6063304bb8063,
41f65813002e8713,
01e608b301085f13,
010adb9301089a93,
00c78c3341eb8633,
018e902300fc05b3,
01d30f330ff5f813,
010f102300178793,
00e308b302f60633,
41f65a9300270713,
01760c33010adb93,
0105d813010c1593,
00c78f3341780633,
ffe71f2300ff0ab3,
001787930ffafb93,
02f6063301789023,
0027071300e308b3,
010c559341f65c13,
01081f1300b60833,
40ba8633010f5a93,
00fb8c3300c78bb3,
0ffc7593ff771f23,
00b8902300178793,
02f606330fc78063,
00e30bb300178f13,
0037881300278893,
41f65a9300870713,
018605b3010adc13,
01065a9301059613,
03ec0633418a8c33,
feb71c23018785b3,
0ffafc1300f58ab3,
00478793018b9023,
0105da9341f65593,
01061c1301560633,
41558ab3010c5593,
015f0633031a8c33,
01e60f33fec71d23,
00bb91230fff7593,
010ad61341fc5a93,
010c1f1300cc0c33,
40c58ab3010f5593,
01588c33030a8633,
011c08b3ff871e23,
01eb92230ff8ff13,
0105da9341f65593,
01061c1301560633,
41588633010c5893,
010f083300c80f33,
0ff87593ffe71f23,
f3c794e300bb9323,
005507b3001f8f93,
008e8eb300ae0e33,
02c12403e2af9ce3,
01012b8301812a83,
007682b300c12c03,
ffc7f713fff28793,
0124a22300470313,
0064a6230134a023,
0241290300d4a423,
0201298302812483,
0000806703010113,
02812623fff00993,
0171282301512c23,
0062869301812623,
0020039300098513,
00000393db9ff06f,
fa1ff06f00000993,
0805066300050e93,
01c588b300251e13,
0000051300000313,
0000059300000713,
00070f1341c887b3,
00a508130007a703,
00ef26b300478793,
00d5053300e585b3,
0105129302b64863,
02f88a634102d513,
0007a70300070f13,
0047879300a50813,
00e585b300ef26b3,
fcb65ce300d50533,
4103d51301081393,
fcf89ae300000593,
01c888b300130313,
00008067f86e9ce3,
0000806700000513,
0000001300000013,
ff01011318050663,
0081262300151293,
0000041300560833,
ffe2861300000393,
0013071300165313,
0024179300777e13,
4058073300f587b3,
001008930c0e0263,
00200e930b1e0263,
00300f1309de0463,
00400f9307ee0663,
0050061305fe0863,
0060031302ce0a63,
00071e03006e0c63,
0027071300478793,
ff17ae2302de08b3,
0047879300071e83,
02de8f3300270713,
00071f83ffe7ae23,
0027071300478793,
fec7ae2302df8633,
0047879300071303,
02d30e3300270713,
00071883ffc7ae23,
0027071300478793,
ffd7ae2302d88eb3,
0047879300071f03,
02df0fb300270713,
00071603fff7ae23,
0047879300270713,
fe67ae2302d60333,
0091242306e80c63,
00271f8300071483,
00671e8300471f03,
00a7130300871e03,
00e7160300c71883,
0107071302d484b3,
02df8fb302078793,
02df0f33fe97a023,
02de8eb3fff7a223,
02de0e33ffe7a423,
02d30333ffd7a623,
02d888b3ffc7a823,
02d60633fe67aa23,
fec7ae23ff17ac23,
00812483f8e81ce3,
00a4043300138393,
ea7510e300580833,
0101011300c12403,
0000806700008067,
00151f9314050063,
0000029301f586b3,
00175313ffef8713,
0073f81300130393,
0a08046341f687b3,
08b8066300100593,
07180a6300200893,
05c80e6300300e13,
05d8026300400e93,
03e8066300500f13,
00e80a6300600713,
002787930007d303,
fe779f23006603b3,
002787930007d803,
feb79f23010605b3,
002787930007d883,
ffc79f2301160e33,
002787930007de83,
ffe79f2301d60f33,
002787930007d703,
fe679f2300e60333,
002787930007d383,
ff079f2300760833,
002787930007d583,
ff179f2300b608b3,
0087d38306f68663,
00c7d58300a7d803,
0027de830007df03,
0067d3030047de03,
007608b300e7d703,
010603b301e60f33,
00b6083301d60eb3,
0066033301c60e33,
01e7902300e605b3,
01c7922301d79123,
0117942300679323,
0107962300779523,
0107879300b79723,
00128293f8f69ee3,
ec551ae301f686b3,
0000001300008067,
0000001300000013,
00251f9320050463,
fd01011300151e93,
01d68eb301f58fb3,
40de883300000f13,
0012d313ffe80293,
001f179300130393,
00f607b30073fe13,
0000089300068713,
001008130c0e0e63,
002002930b0e0c63,
00300313085e0c63,
00400393066e0c63,
00500813047e0c63,
00600293030e0c63,
00079883005e0c63,
0027879300069e03,
03c888b300268713,
0007130300079383,
0027071300278793,
010888b302638833,
00071e0300079283,
0027071300278793,
007888b303c283b3,
0007130300079803,
0027071300278793,
005888b3026802b3,
0007138300079e03,
0027071300278793,
010888b3027e0833,
0007130300079283,
0027071300278793,
01c888b302628e33,
0007180300079383,
0027879300270713,
005888b3030382b3,
028126230cee8c63,
0321222302912423,
01412e2303312023,
01612a2301512c23,
0181262301712823,
0007198300079403,
00279a8300271483,
0047990300471c03,
00671b8303340833,
0087938300679403,
00a7928300871b03,
00c79e0300a71a03,
00e7930300c71983,
00e71483029a8ab3,
01070713010888b3,
0389093301078793,
0374043301588c33,
03638bb3012c0833,
03428b33008803b3,
033e0a33017382b3,
029309b301628e33,
013308b3014e0333,
02c12403f6ee9ce3,
0241290302812483,
01c12a0302012983,
01412b0301812a83,
00c12c0301012b83,
004585930115a023,
e2bf90e300af0f33,
0000806703010113,
0000001300008067,
fd01011326050663,
0281262300151813,
0321222302912423,
01412e2303312023,
01612a2301512c23,
0181262301712823,
01a1222301912423,
00060e9301b12023,
00000f9301060e33,
002f931300000293,
0006889300658333,
41de063300000f13,
0013d413ffe60393,
0074f91300140493,
000e871300088793,
0c090e6300000393,
0b390c6300100993,
09490c6300200a13,
07590c6300300a93,
05690c6300400b13,
03790c6300500b93,
01890c6300600c13,
00089d03000e9c83,
010887b3002e8713,
00071d8303ac83b3,
0027071300079603,
02cd8433010787b3,
00071483008383b3,
0027071300079903,
032489b3010787b3,
00071a03013383b3,
0027071300079a83,
035a0b33010787b3,
00071b83016383b3,
0027071300079c03,
038b8cb3010787b3,
00071d03019383b3,
0027071300079d83,
03bd0633010787b3,
0007148300c383b3,
0027071300079403,
02848933010787b3,
0aee0663012383b3,
00079b8300071a03,
00271d03010789b3,
037a0db300099b03,
010c0cb301098c33,
000c1a8300471903,
00671483010c8633,
00871403000c9a03,
036d09b3010607b3,
00a71c8300061b83,
00079c0301078633,
00c71d0300061b03,
01b38633010607b3,
03590ab300079383,
0136093300e71d83,
010787b301070713,
015904b303448a33,
0144843303740bb3,
01740cb3038c8c33,
018c8b33036d09b3,
013b0633027d8d33,
f4ee1ee301a603b3,
001f071300732023,
0028889300430313,
00070f1300e50663,
010e8eb3e45ff06f,
010e0e3300af8fb3,
0012829301e28663,
02c12403e1dff06f,
0241290302812483,
01c12a0302012983,
01412b0301812a83,
00c12c0301012b83,
00412d0300812c83,
0301011300012d83,
0000806700008067,
fe0101131e050e63,
00812e2300151313,
0006841300912c23,
0131282301212a23,
0151242301412623,
00660e3300060f93,
0000069300000393,
01e58f3300239f13,
0000029300040e93,
ffe7049341fe0733,
001607930014d613,
000f88130037f893,
00000493000e8793,
0010091308088c63,
0020099307288063,
000f9a0303388663,
002f8813000e9a83,
035a0733006e87b3,
4057561340275493,
07f6791300f4f893,
00081983032884b3,
0028081300079a03,
03498ab3006787b3,
405ad713402ad613,
07f7791300f67893,
013484b3032889b3,
00079a8300081a03,
006787b300280813,
40275613035a0733,
00f6791340575893,
03390a3307f8f993,
0b0e0663014484b3,
0007960300081a83,
00079703006787b3,
00281903006788b3,
006887b300089a03,
02ca89b300481883,
0068160300079a83,
006787b300880813,
4029d71302e90933,
07f9f9934059d993,
034888b300f77713,
4059591340295a13,
00fa7a1307f97913,
4028da9303560633,
00fafa934058d893,
0337073307f8f893,
4056561340265993,
07f6761300f9f993,
00e484b3032a0a33,
01448ab3031a8933,
012a873302c988b3,
f50e1ee3011704b3,
00128813009f2023,
002e8e93004f0f13,
0008029301050663,
006f8fb3e89ff06f,
006e0e3300a383b3,
0016869300568663,
01c12403e61ff06f,
0141290301812483,
00c12a0301012983,
0201011300812a83,
0000806700008067,
b2f1a823b00027f3,
0000001300008067,
b2f1a623b00027f3,
0000001300008067,
b301a783b2c1a503,
0000806740f50533,
00112623ff010113,
00014797254010ef,
0007a603e4478793,
6b0000ef0047a683,
0101011300c12083,
0000001300008067,
00f5002300100793,
0000001300008067,
0000806700050023,
0000001300000013,
01212023ff010113,
0011262301c52903,
02052e2302052c23,
001005931c090e63,
0091222300812423,
985fc0ef00050413,
0010049303845583,
02a41c23868fb0ef,
00040513fff00593,
03845583969fc0ef,
01051793850fb0ef,
010515130107d293,
02642c2300a2e333,
409903b318990263,
0a0588630033f593,
0020071306958a63,
0004859302e58c63,
925fc0ef00040513,
0020049303845583,
02a41c23808fb0ef,
00040513fff00593,
03845583909fc0ef,
02a41c23ff1fa0ef,
0004051300100593,
038455838f1fc0ef,
fd5fa0ef00148493,
fff0059302a41c23,
8d5fc0ef00040513,
fbdfa0ef03845583,
0010059302a41c23,
8bdfc0ef00040513,
0014849303845583,
02a41c23fa1fa0ef,
00040513fff00593,
038455838a1fc0ef,
02a41c23f89fa0ef,
001005930c990663,
885fc0ef00040513,
0044849303845583,
02a41c23f69fa0ef,
00040513fff00593,
03845583869fc0ef,
02a41c23f51fa0ef,
0004051300100593,
03845583851fc0ef,
02a41c23f39fa0ef,
00040513fff00593,
03845583839fc0ef,
02a41c23f21fa0ef,
0004051300100593,
03845583821fc0ef,
02a41c23f09fa0ef,
00040513fff00593,
03845583809fc0ef,
02a41c23ef1fa0ef,
0004051300100593,
03845583ff0fc0ef,
02a41c23ed9fa0ef,
00040513fff00593,
03845583fd8fc0ef,
02a41c23ec1fa0ef,
00812403f2991ee3,
00c1208300412483,
0000051300012903,
0000806701010113,
0000001300000013,
0006081300000013,
0005889300050793,
22c5fa630c069c63,
36e6686300010737,
0180031301000737,
0100031300e67463,
00013717006656b3,
00d7073398870713,
0200069300074703,
00d70e6300670733,
00d598b340e686b3,
00d6183300e55733,
011768b300d517b3,
02c8d53301085613,
0106d69301081693,
02c8f8b30107d713,
0108989302a685b3,
00b77c6301176733,
0008871300e808b3,
3908f46300b8f463,
40b70733fff50513,
0107979302c755b3,
02c777330107d793,
0107171302b686b3,
00d7fa6300e7e7b3,
00d7f46300f807b3,
fff585933507f663,
00b5653301051513,
0000806700000593,
0000059300d5f863,
0000806700000513,
2af6e663000107b7,
0180079301000737,
0100079300e6f463,
0001371700f6d833,
010707338a870713,
0200081300074703,
2907066300f70733,
00e658b340e80833,
00d8e8b3010696b3,
0108de9300e5d333,
01089e1303d357b3,
010e5e13010595b3,
00b7673300e55733,
0106163301075693,
02fe05b303d37333,
0066e6b301031313,
00d8833300b6fc63,
00b3746300030693,
fff787932d137c63,
03d6d33340b686b3,
0107571301071713,
026e05b303d6f6b3,
00d7673301069693,
00e886b300b77c63,
00b6f46300068713,
fff303132916f463,
0067e6b301079793,
0106179340b70733,
0107d79301031593,
0106d3130105d593,
02f30e3301065613,
02c585b302f588b3,
01c585b30108d793,
02c3033300b787b3,
0001063701c7f663,
0107d61300c30333,
02c7606300660633,
0108d89301089893,
0105153301079793,
1ef57e63011787b3,
fff685131ec71c63,
0000806700000593,
0001073714060a63,
1006389318e67c63,
003898930018b893,
00012717011656b3,
00d7073375870713,
0200069300074703,
14d70a6301170733,
00f6183340e687b3,
0108589300e5d333,
0108161303135e33,
0106561300f595b3,
00b7673300e55733,
00f517b301075693,
03c605b303137333,
0066e6b301031313,
00d8053300b6fc63,
00b5746300050693,
fffe0e1317057663,
0316d53340b686b3,
0107571301071713,
02a603330316f6b3,
00d7673301069693,
00e806b300677c63,
0066f46300068713,
fff505131506f663,
00a5e5b3010e1593,
0317553340670733,
031777330107d693,
0107171302c50333,
00677c6300e6e733,
0006871300e806b3,
0d06f6630066f463,
40670733fff50513,
01079793031756b3,
031777330107d793,
0107171302c68633,
00c7fa6300e7e7b3,
00c7f46300f807b3,
fff686930907f863,
00d5653301051513,
1006331300008067,
0033131300133313,
00000693c99ff06f,
ec1ff06f00000893,
0017b7931006b793,
d5dff06f00379793,
00b6b6b300c53633,
00c6e53300163613,
0000806700000593,
0106589340c58733,
0106561301061613,
f39ff06f00100593,
00e6786301000737,
0100089301065693,
01865693e6dff06f,
e61ff06f01800893,
f75ff06fffe68693,
01068733ffe50513,
ffe58593f35ff06f,
ffe50513cb9ff06f,
c79ff06f01088733,
0000059300068513,
ffee0e1300008067,
e95ff06f010506b3,
01168733ffe30313,
ffe50513d79ff06f,
eb5ff06f01068733,
011306b3ffe78793,
0145d713d29ff06f,
00c59793fc010113,
7ff7771302112e23,
00c7d79300050813,
1e070a6301f5d593,
7ff0051300050e93,
0037979308a70a63,
00fe6e3301d85e13,
00381e93008007b7,
c017089300fe6e33,
00000f1300000813,
00c697930146d713,
00c7d7937ff77713,
0807046301f6d693,
20a70c637ff00513,
01d6551300379793,
00f56533c0170713,
40e888b3008007b7,
0036171300f567b3,
00f0061300000f93,
2d06666300d5c533,
46c3031300012317,
0068083300281813,
0066063300082603,
0107ee3300060067,
00070893260e1063,
00c697930146d713,
00000e937ff77713,
00200f1300800813,
01f6d69300c7d793,
00c7e733f80710e3,
50078a6324070263,
02c1262300078513,
0301222303112423,
01e12e2302d12023,
01d12a2301c12c23,
00f1262300b12823,
00c1278330d000ef,
01412e8301012583,
01c12f0301812e03,
0241280302012683,
02c1260302812883,
ff55071300050313,
40e5053301d00513,
00e797b3ff830713,
00f567b300a65533,
0113033300e61733,
00000f933f330893,
5a038c63f1dff06f,
60d3dc63fc900693,
0000079300000713,
03c1208300000693,
00f7673301471713,
00f765b301f51793,
0401011300068513,
03c1208300008067,
000007937ff00713,
00f7673301471713,
01f5179300000693,
0006851300f765b3,
0000806704010113,
7ff0071303c12083,
000807b700000513,
00f7673301471713,
01f5179300000693,
0006851300f765b3,
0000806704010113,
140e006300a7ee33,
00c12c2300d12e23,
00a12a2344078c63,
00b1282300078513,
1f9000ef00f12623,
0101258300c12783,
0181260301412803,
0005031301c12683,
01d00e13ff550713,
40ee0e33ff830e93,
01c85e3301d797b3,
01d81eb300fe6e33,
406708b3c0d00713,
00000f1300000813,
00c7e733dd1ff06f,
0a071c6380188893,
0000079300286813,
df9ff06f00200f93,
000e8713000e0793,
40df086300200693,
f2df06e300300693,
0005851300100693,
3ff88393ecdf04e3,
ea7058e300038693,
4406106300777613,
0077971300375593,
ff00073700075a63,
40088693fff70713,
7fe0071300e7f7b3,
01d79613ead74ee3,
00b666b37ff6f713,
00c6579300979613,
00068593e85ff06f,
f8dff06f000f8f13,
0007089300078e13,
00300f1300c00813,
00186813d21ff06f,
00100f9300000793,
00386813d55ff06f,
00300f9300060713,
00000e93d45ff06f,
0000089300400813,
cedff06f00100f13,
02912a2302812c23,
4efe106301c7e663,
01fe16134ceeee63,
00d66633001ed693,
01fe9693001e5e13,
0107df1300879793,
0187581303ee52b3,
01081e9300f86833,
00871313010ede93,
03ee7e3301065793,
010e1e13025e8733,
00e7fa6301c7e7b3,
0107e46300f807b3,
fff282934ae7e063,
03e7d5b340e787b3,
0107571301061713,
02be863303e7f7b3,
00f7673301079793,
00e8073300c77a63,
46c7606301076463,
01029293fff58593,
0102979300b2e2b3,
0107d79301031e13,
01035f93010e5e13,
0102d61340c70733,
03c6043303c783b3,
02ff87b30103d593,
00f585b3008787b3,
0085f66303f607b3,
00c787b300010637,
0103939301059613,
0103d3930105d593,
0076063300f585b3,
40b704b300b76863,
3cc6f8633cb71a63,
00d3b7b3006683b3,
0007891303212823,
00f70733010787b3,
fff2879300038693,
40b7043300e86a63,
02e81e6300040493,
00b76a6302091c63,
0004049340b70433,
02c3f26302e59463,
0066b7b3007306b3,
00f70733010787b3,
ffe2879303012903,
0080006f40b704b3,
40c6863303012903,
40d482b300c6b6b3,
000386933ff88393,
03e2d7331c580863,
03e2f2b301065593,
0055e5b301029293,
0055fa6302ee82b3,
0105e46300b805b3,
fff707133655e063,
03e5f2b3405585b3,
0106561301061613,
01029f1303e5d5b3,
02be8eb301e66633,
00c8063301d67a63,
33d6606301066463,
01071713fff58593,
0107159300b76733,
010752930105d593,
41d6063303c28f33,
02bf8eb302be0e33,
01ee8eb3010e5593,
025f8fb301d585b3,
00010eb701e5f663,
0105de9301df8fb3,
010e5e13010e1e13,
01fe8eb301059593,
01d66a6301c585b3,
41d60e3300b03f33,
020f046303d61663,
0106686300c80633,
01d614631bd66063,
40b305b318b36c63,
fff7071300b03f33,
0e0e1c6341d60e33,
038124030e0f1a63,
cc5ff06f03412483,
0311262300060513,
02f1222303012423,
01e12e2302d12023,
01d12a2301c12c23,
00c1262300b12823,
015507135fc000ef,
00c1260301c00f93,
01412e8301012583,
01c12f0301812e03,
0281280302012683,
0205031302c12883,
aeefd6e300000793,
00a617b3ff850513,
af9ff06f00000713,
00b1282300f12a23,
5a8000ef00a12623,
01c0089301550713,
0101258300c12803,
01c1268301812603,
0000079302050313,
ff850513bae8d6e3,
00000e9300a81e33,
00058513bb9ff06f,
000007937ff00713,
ac9ff06f00000693,
0010071300000593,
0381240312705663,
00e787b303412483,
c0200613bf5ff06f,
14c8c26300176713,
00e5b73300470593,
0341248303812403,
00e787b30035d593,
00f77613bcdff06f,
bab60ee300400593,
00e5b73300470593,
0035d59300e787b3,
00777693badff06f,
01f0089300175593,
18069c6300100613,
00d5e5b3011798b3,
0077769300b8e733,
14069a6300c7d7b3,
1806d06300879693,
0000079300100713,
a21ff06f00000693,
006e333300131e13,
41c585b301030333,
ffe7071300660633,
00b03f3341d60e33,
fe200693e5dff06f,
fe10061312d3d063,
00d7d6b3407606b3,
43e8889300c38863,
00f76733011797b3,
00d7673300e03733,
0000079300777693,
00f7761302068263,
0000069300400593,
00b7063300b60a63,
01d7169300e63733,
0037571300060713,
0000071300d766b3,
08039863995ff06f,
fff68693800006b7,
0341248303812403,
00d7673301f79713,
004706930017d793,
00e787b300e6b733,
f2dff06f00068713,
06d89463c0100693,
0016e69300175693,
00028793fc9ff06f,
fff88893c9dff06f,
00000693000e8613,
ffe58593b31ff06f,
ba1ff06f01070733,
010787b3ffe28293,
ffe58593b61ff06f,
ce1ff06f01060633,
010585b3ffe70713,
03812403ca1ff06f,
fff0071303412483,
038124038e1ff06f,
8d5ff06f03412483,
0040061300f77693,
f69ff06feac684e3,
0010061341e88893,
40760633011716b3,
00c755b300d036b3,
00c776b3e71ff06f,
00979613e69ff06f,
00c6579301d79693,
0145d813f05ff06f,
0146d713001007b7,
7ff00893fff78793,
00b7f3337ff87813,
00d7f7b301177733,
01f6d69301f5d593,
0317066305180a63,
00a3683306081a63,
00c7e8b306071063,
0c08106308088e63,
fff7071300169713,
0000806700070513,
0a07906300c7e7b3,
00a3633300081663,
00d59e63fe0300e3,
fff7071300159713,
00a368b30180006f,
0707026306089e63,
0015e71340b005b3,
0000806700070513,
fed596e3fa0808e3,
fe0702e3fd1ff06f,
fd074ee3fed590e3,
fc67eae3fce840e3,
0017371340f30733,
fc0712e300a67463,
00c57463faf364e3,
00000713fa0710e3,
fa0816e3fb9ff06f,
0000806700070513,
0007186300c7e733,
f8d59ae300100713,
ffe00713fd1ff06f,
f8d592e3f91ff06f,
0145d813fadff06f,
0146d713001007b7,
7ff00893fff78793,
00b7f3337ff87813,
00d7f7b301177733,
01f6d69301f5d593,
0317066305180e63,
00a3683308081663,
00c7e8b30a071663,
0c0814630a088e63,
fff7071300169713,
0000806700070513,
0020071300c7e7b3,
00081663fe0798e3,
fc030ee300a36333,
40b005b304d58063,
000705130015e713,
00a368b300008067,
ff0714e306089463,
0020071300c7e833,
00100713fa081ce3,
00f36663fcd59ae3,
04070c6304c57e63,
fff7071300159713,
fa070ce3f99ff06f,
fb0748e3fad59ae3,
fa67e4e3fee844e3,
0017371340f30733,
f8071ce3fca676e3,
f60802e3fc5ff06f,
fc5ff06ff8d596e3,
0007051300200713,
f4080ae300008067,
00000713f75ff06f,
f6d594e3f49ff06f,
0145d793fbdff06f,
001006377ff7f793,
3ff7a693fff60713,
01f5d59300b77733,
0005886300069463,
0006851300000693,
41e0059300008067,
fef5c8e3fff00693,
00c7673341300693,
4330069302f6d063,
bed7879340f686b3,
00f7173300d55533,
fc9ff06f00a766b3,
00d756b340f686b3,
04050c63fbdff06f,
00112e23fe010113,
090000ef00a12623,
40a7073341e00713,
00c1278300a00693,
04a6d2637ff77713,
00a796b3ff550513,
00c6969301c12083,
0000079300c6d693,
0007851301471713,
0201011300d765b3,
0000071300008067,
0147171300000693,
0000806700d765b3,
40a686b300b00693,
00d7d6b301c12083,
00c6969301550613,
00c797b300c6d693,
0007851301471713,
0201011300d765b3,
000107b700008067,
1005379302f57a63,
003797930017b793,
40f7073302000713,
0001279700f55533,
00a787b390078793,
40a705330007c503,
010007b700008067,
0100071302f57463,
00f5553300070793,
8d47879300012797,
0007c50300a787b3,
0000806740a70533,
00f5553301800793,
8b47879300012797,
0007c50300a787b3,
40a7053300800713,
0005059300008067,
0000061300000693,
58d0006f00000513,
2ec6061300012617,
3285859300005597,
2e85051300012517,
0045258346c0006f,
00812423ff010113,
3501879300112623,
00f5846300050413,
008425832f8050ef,
00f586633b818793,
2e4050ef00040513,
4201879300c42583,
0004051300f58c63,
00c1208300812403,
2c40506f01010113,
0081240300c12083,
0000806701010113,
0017f7930645a783,
00c5d78300079863,
000786632007f793,
0000806700000513,
ff0101130585a503,
359000ef00112623,
0000051300c12083,
0000806701010113,
0017f7930645a783,
00c5d78300079863,
000786632007f793,
0000806700000513,
ff0101130585a503,
331000ef00112623,
0000051300c12083,
0000806701010113,
00000797fe010113,
00112e23efc78793,
00912a2300812c23,
0121282335018413,
0141242301312623,
0000059300800613,
3ac18513b4f1a023,
00f4262300400793,
0004222300042023,
0604222300042423,
00042a2300042823,
2c5000ef00042c23,
5fca0a1300000a17,
6589899300000997,
6d89091300000917,
7344849300000497,
034420233a818513,
0324242303342223,
00842e2302942623,
000107b725d000ef,
0080061300978793,
4141851300000593,
0604242306f42a23,
0604282306042623,
06042c230c042623,
0804202306042e23,
3b818793251000ef,
08f4222341018513,
0934262309442423,
08942a2309242823,
000207b7205000ef,
0080061301278793,
47c1851300000593,
0c0428230cf42e23,
0c042c230c042a23,
0e04202312042a23,
0e0424230e042223,
420187931f9000ef,
0f342a230f442823,
0e942e230f242c23,
018124030ef42623,
0141248301c12083,
00c1298301012903,
4781851300812a03,
1910006f02010113,
00912a23fe010113,
b641851300050493,
00812c2300112e23,
b401a783185000ef,
0001281710078663,
fff0069306080813,
fff7879300482783,
008824030807c863,
0684041300c0006f,
00c4170308d78063,
fe0718e3fff78793,
00178793ffff07b7,
0584051300f42623,
121000ef06042223,
141000efb6418513,
0004202305c40513,
0004222300042423,
00042a2300042823,
0080061300042c23,
11d000ef00000593,
02042a2302042823,
0404242304042223,
0004051301c12083,
0141248301812403,
0000806702010113,
0004066300082403,
f5dff06f00040813,
000485131ac00593,
090010ef01012623,
0005041300c12803,
0040079304050263,
00c5051300f52223,
00a4242300042023,
000005931a000613,
0a5000ef01012623,
fff0069300c12803,
0004081300882023,
d6dff0eff09ff06f,
00082023ef5ff06f,
079000efb6418513,
00f4a02300c00793,
ff010113f69ff06f,
0005041300812423,
00112623b6418513,
0344278303d000ef,
b401a78300079c63,
c447071300000717,
00078c6302e42a23,
00c1208300812403,
01010113b6418513,
d05ff0ef0250006f,
00c1208300812403,
01010113b6418513,
b641851300d0006f,
b64185137ec0006f,
ff0101137fc0006f,
00112623b6418513,
00c120837d4000ef,
eb46061300012617,
c405859300000597,
0101011300000513,
ff0101130340006f,
e946061300012617,
c605859300000597,
0011262300000513,
00c12083014000ef,
01010113b6418513,
fd01011379c0006f,
01312e2303212023,
01512a2301412c23,
0171262301612823,
0281242302112623,
00060a9302912223,
00058b9300050b13,
0010099300000a13,
004aa483fff00913,
0204ca63fff48493,
00c45783008aa403,
00e4178300f9fe63,
000b051300040593,
000b80e701278663,
fff4849300aa6a33,
fd249ce306840413,
fc0a90e3000aaa83,
0281240302c12083,
0201290302412483,
01412a8301c12983,
00c12b8301012b03,
01812a03000a0513,
0000806703010113,
00058e13fc010113,
0281031300852583,
02d1262302c12423,
00030693000e0613,
02e1282300112e23,
03012c2302f12a23,
0061262303112e23,
01c120836fc010ef,
0000806704010113,
fc010113b141a303,
02d1262302c12423,
02e1282302b12223,
03012c2302f12a23,
0083258303112e23,
0005061302410693,
00112e2300030513,
6b0010ef00d12623,
0401011301c12083,
0085260300008067,
b141a7837a00506f,
0087a60300050593,
78c0506f00078513,
02912223fd010113,
0005851300050493,
0211262302812423,
6f8000ef00058413,
001508130344a783,
afc5859300011597,
0101069300100613,
0081282300200713,
0101262300a12a23,
00c12e2300b12c23,
00e1242300d12223,
0e078c630084a403,
00c4170306442783,
06068e630017f693,
0806ca6301271693,
fff68693ffffe6b7,
00d7f7b300002637,
06f4222300c76733,
0127971300e41623,
000485130c074463,
0004059300410613,
00a03733220050ef,
40e0073306442783,
0017f79300a76493,
00c4578300079863,
040786632007f793,
0281240302c12083,
0241248300048513,
0000806703010113,
0406866320077693,
f806d2e301271693,
fa0750e301279713,
fc1ff06ffff00493,
f80758e301279713,
fbdff06ffff00493,
518000ef05842503,
0281240302c12083,
0241248300048513,
0000806703010113,
4e0000ef05842503,
0644278300c41703,
f406c4e301271693,
00048513f29ff06f,
f05ff06fc75ff0ef,
f59ff06ffff00493,
b141a50300050593,
ff010113e91ff06f,
0005841300812423,
0011262300e59583,
020540632d4000ef,
00c1208305042783,
04f4282300a787b3,
0101011300812403,
00c4578300008067,
fff70713fffff737,
00c1208300e7f7b3,
0081240300f41623,
0000806701010113,
0000806700000513,
fe01011300c59783,
00112e2300068313,
000587131007f693,
0005081300060893,
fffff6b702069863,
01c12083fff68693,
00e7158300d7f7b3,
0003069300f71623,
0008051300088613,
2940006f02010113,
00c1242300e59583,
0000061300200693,
00e1202300612623,
1bc000ef00a12223,
00c1230300012703,
00c7178300812883,
fa1ff06f00412803,
00812423ff010113,
00e5958300058413,
18c000ef00112623,
00c41783fff00713,
0000173702e50263,
00c1208300e7e7b3,
00f4162304a42823,
0101011300812403,
8005071300008067,
00e7f7b380070713,
00f4162300c12083,
0101011300812403,
00e5958300008067,
ff0101130040006f,
0005041300812423,
b401a22300058513,
9acf80ef00112623,
00f50a63fff00793,
0081240300c12083,
0000806701010113,
fe0786e3b441a783,
00f4202300c12083,
0101011300812403,
b141a78300008067,
044525830ca78e63,
00912a23fe010113,
00812c2300112e23,
0405886300050493,
0131262301212823,
0800099300000913,
0007a403012587b3,
0004059300040e63,
0004851300042403,
fe0418e37a4000ef,
004909130444a583,
00048513fd391ce3,
0101290378c000ef,
0384a58300c12983,
0004851300058663,
0404a403774000ef,
0004059300040c63,
0004851300042403,
fe0418e375c000ef,
0005866304c4a583,
748000ef00048513,
00078e630344a783,
01c1208301812403,
0141248300048513,
0007806702010113,
0181240301c12083,
0201011301412483,
0000806700008067,
ff01011300058793,
0006059300812423,
0006861300050413,
0011262300078513,
94cf80efb401a223,
00f50a63fff00793,
0081240300c12083,
0000806701010113,
fe0786e3b441a783,
00f4202300c12083,
0101011300812403,
0005879300008067,
00812423ff010113,
0005041300060593,
0007851300068613,
b401a22300112623,
fff00793930f80ef,
00c1208300f50a63,
0101011300812403,
b441a78300008067,
00c12083fe0786e3,
0081240300f42023,
0000806701010113,
ff01011300058793,
0006059300812423,
0006861300050413,
0011262300078513,
944f80efb401a223,
00f50a63fff00793,
0081240300c12083,
0000806701010113,
fe0786e3b441a783,
00f4202300c12083,
0101011300812403,
ff01011300008067,
0121202300812423,
0091222300112623,
7a09091300011917,
7984041300011417,
4089093302890263,
0000049340295913,
0014849300042783,
000780e700440413,
00011917ff24e8e3,
0001141777090913,
0289026376440413,
4029591340890933,
0004278300000493,
0044041300148493,
ff24e8e3000780e7,
0081240300c12083,
0001290300412483,
0000806701010113,
7247879300011797,
71c7071300011717,
40e787b3ff010113,
0011262300912223,
020486634027d493,
0001141700812423,
00f404336f440413,
fff4849300042783,
000780e7ffc40413,
00812403fe0498e3,
0041248300c12083,
0000806701010113,
0000806700008067,
0000806700008067,
0000806700008067,
0000806700100513,
0000806700100513,
0000806700008067,
0005071300f00313,
00f7779302c37e63,
080592630a079063,
00f67613ff067693,
00b7202300e686b3,
00b7242300b72223,
0107071300b72623,
00061463fed766e3,
40c306b300008067,
0000029700269693,
00c68067005686b3,
00b706a300b70723,
00b705a300b70623,
00b704a300b70523,
00b703a300b70423,
00b702a300b70323,
00b701a300b70223,
00b700a300b70123,
0000806700b70023,
008596930ff5f593,
0105969300d5e5b3,
f6dff06f00d5e5b3,
0000029700279693,
00008293005686b3,
00028093fa0680e7,
40f70733ff078793,
f6c378e300f60633,
00357793f3dff06f,
04079c6300050713,
f7f686937f7f86b7,
00072603fff00593,
00d677b300470713,
00c7e7b300d787b3,
feb784e300d7e7b3,
40a707b3ffc74683,
ffd7468304068463,
ffe7450302068c63,
00f5053300a03533,
00008067ffe50513,
00074783fa0688e3,
0037769300170713,
40a70733fe0798e3,
00008067fff70513,
00008067ffd78513,
00008067ffc78513,
02812423fd010113,
02912223b1818413,
0004250300050493,
01312e2303212023,
0211262300b12623,
0006899300060913,
b681a783e4dff0ef,
0807846300c12583,
01f006930047a703,
08e6c26300042503,
02049c6300271693,
00e7a22300170713,
00b7a42300d787b3,
00000513e2dff0ef,
0281240302c12083,
0201290302412483,
0301011301c12983,
00d788b300008067,
1887a8030928a423,
00e6163300100613,
1907a42300c86833,
002008131138a423,
18c7a803fb0494e3,
18c7a62300c86633,
48818793f99ff06f,
f75ff06fb6f1a423,
fff00513dc5ff0ef,
fd010113f99ff06f,
b1818b9301712623,
00050b1301612823,
01412c23000ba503,
03212023b6818a13,
0211262301812423,
d71ff0ef00058c13,
08090c63000a2903,
01512a2301312e23,
0291222302812423,
fff0099301912223,
0049248300100a93,
04044e63fff48413,
009904b300249493,
00492783080c1463,
fff787930044a683,
0004a2230c878863,
1889278302068663,
00492c83008a9733,
0807926300f777b3,
00492703000680e7,
09971c63000a2783,
fff4041309279a63,
fb341ae3ffc48493,
0241248302812403,
01412a8301c12983,
000ba50300412c83,
0201290302c12083,
01012b0301812a03,
00812c0300c12b83,
cc9ff06f03010113,
fff407131044a783,
ffe40413f6fc0ae3,
1004a783fb370ce3,
ff84849305878463,
fa5ff06fff3410e3,
0844a58318c92783,
02071c6300f77733,
000680e7000b0513,
000a278300492703,
f6078ee3f79708e3,
f11ff06f00078913,
f35ff06f00892223,
ffc4849300070413,
00058513f15ff06f,
f39ff06f000680e7,
00812c23fe010113,
0121282300912a23,
0005841301312623,
0005091300112e23,
4489899300011997,
0089a783465000ef,
0047a48300001737,
7ff48793ffc4f493,
408784337f078793,
fff4041300c45413,
00e44e6300c41413,
0009051300000593,
0089a783128060ef,
02f50663009787b3,
421000ef00090513,
0181240301c12083,
0101290301412483,
0000051300c12983,
0000806702010113,
00090513408005b3,
fff007930e8060ef,
0089a70304f50463,
408484b36181a783,
009722230014e493,
408787b300090513,
3c9000ef60f1ac23,
0181240301c12083,
0101290301412483,
0010051300c12983,
0000806702010113,
0009051300000593,
0089a703090060ef,
40e507b300f00693,
b1c1a683f6f6d4e3,
00f722230017e793,
60a1ac2340d50533,
12058463f51ff06f,
00812c23fe010113,
0005041300b12623,
351000ef00112e23,
0001189700c12583,
0088a80332488893,
ff858713ffc5a503,
00f70633ffe57793,
0015731300462683,
18c80863ffc6f693,
00d6083300d62223,
0018781300482803,
ff85a30308031a63,
2e85051300011517,
0087258340670733,
12a58a63006787b3,
0065a62300c72303,
18080c6300b32423,
00d722230017e693,
1ff0069300f62023,
ff87f6930af6e263,
0048a58300868693,
0006a60300d886b3,
001007930057d513,
00b7e7b300a797b3,
00c72423ff868593,
00f8a22300b72623,
00e6262300e6a023,
0181240300040513,
0201011301c12083,
02081e632850006f,
0001151700d787b3,
0086268325450513,
00f705b30017e813,
00c6260316a68063,
00d6242300c6a623,
00f5a02301072223,
00008067f75ff06f,
fea5ae2300156513,
1ff0069300f62023,
0097d693f6f6f2e3,
0ed6606300400613,
039685930067d693,
0386861300359593,
0005a68300b885b3,
00d59863ff858593,
0086a68311c0006f,
0046a60300d58863,
fec7e8e3ffc67613,
00b7262300c6a583,
0004051300d72423,
01c1208301812403,
00e6a62300e5a423,
1c90006f02010113,
00c625830a081063,
00f686b300862603,
00b626230016e793,
00f7222300c5a423,
00d7202300d70733,
00d786b3f09ff06f,
ff85a78302031063,
0087260340f70733,
00c7278300f686b3,
00c7a42300f62623,
b201a7830016e613,
00e8a42300c72223,
b741a583ecf6e8e3,
cc5ff0ef00040513,
00d787b3ec1ff06f,
01400613eddff06f,
0540061302d67863,
00c7d69306d66863,
0035959306f68593,
f15ff06f06e68613,
00d722230017e693,
e85ff06f00f62023,
0035959305c68593,
ef5ff06f05b68613,
00e8a82300e8aa23,
00a7242300a72623,
00f5a02301072223,
0048a503e59ff06f,
0010079340265613,
00a7e7b300c797b3,
ee9ff06f00f8a223,
00d66c6315400613,
0786859300f7d693,
0776861300359593,
55400613ea1ff06f,
0127d69300d66c63,
0035959307d68593,
e85ff06f07c68613,
07e006133f800593,
fc010113e79ff06f,
02112e2302812c23,
0160071300b58793,
08f76e6300050413,
06b6ec6301000693,
0100069305d000ef,
0020089301800713,
0288081300011817,
0047278300e80733,
44c78e63ff870613,
00c7a6030047a703,
ffc777130087a583,
0047268300e78733,
00f1262300c5a623,
0016e69300b62423,
00d7222300040513,
00c1278300d000ef,
0381240303c12083,
0401011300878513,
00c0079300008067,
0000051300f42023,
0381240303c12083,
0000806704010113,
fe07c0e3ff87f693,
00d12623fcb6eee3,
00c126837bc000ef,
4cd7f8631f700793,
16078e630096d793,
42f76a6300400713,
039788930066d793,
0038951303878e13,
f688081300011817,
0045278300a80533,
02f50863ff850513,
0140006f00f00313,
3406566300c7a583,
0005879300b50e63,
ffc777130047a703,
fec352e340d70633,
01082783000e0893,
f28e8e9300011e97,
0047a7032dd78e63,
ffc7771300f00593,
46c5ce6340d70633,
01d8282301d82a23,
1ff0061344065463,
34e6626300482303,
00860613ff877613,
0006258300c80633,
0010071300575513,
00e3633300a71733,
00b7a423ff860713,
0068222300e7a623,
00f5a62300f62023,
001005134028d793,
0aa3666300f51533,
02079463006577b3,
ffc8f89300151513,
00488893006577b3,
0015151300079a63,
00488893006577b3,
00f00e13fe078ae3,
01e80f3300389f13,
00c32703000f0313,
32e30c6300088f93,
0007079300472603,
ffc6761300c72703,
32be4c6340d605b3,
00c78633fe05c2e3,
0087a58300462683,
0016e69300040513,
00e5a62300d62223,
00f1262300b72423,
00c12783644000ef,
e55ff06f00878513,
0400089320000513,
e95ff06f03f00e13,
0047a70300882783,
40d30633ffc77313,
0106271300d36663,
b741a5831a070663,
fff00713b1c1a603,
42e6066300b685b3,
00f7071300001737,
fffff73700e585b3,
0004051300e5f5b3,
00f12c2301012e23,
0061282300d12a23,
2bd050ef00b12623,
00c12583fff00713,
0141268301012303,
01c1280301812783,
b1c18f1300050e13,
0067873334e50663,
61818e9334e56063,
00c58633000ea603,
48a70a6300cea023,
fff00513000f2883,
40ee07334aa88263,
00eea02300c70733,
3a0f0e63007e7f13,
000018b7ff8e7e13,
00888893008e0e13,
41e885b300be0633,
0145959340c585b3,
000405130145d593,
0301242303d12623,
02d1202302f12223,
01c12c2300612e23,
00c1282301e12a23,
20d050ef00b12623,
fff0051300050713,
0101260300c12583,
01812e0301412f03,
0201268301c12303,
0281280302412783,
44a70e6302c12e83,
41c70733000ea603,
0017671300b70733,
00c5863301c82423,
00cea02300ee2223,
00f0051303078e63,
0047a5833e657663,
ff877713ff430713,
00e5e5b30015f593,
0050089300b7a223,
0115a22300e785b3,
40e56a630115a423,
b701a783004e2703,
b6c1a82300c7f463,
00c7f463b6c1a783,
000e0793b6c1a623,
0048230321c0006f,
0016e713d89ff06f,
00d786b300e7a223,
00d8242300166613,
00c6a22300040513,
440000ef00f12623,
03c1208300c12783,
0087851303812403,
0000806704010113,
00e787330087a603,
00b6262300472683,
0016e69300f12623,
0004051300c5a423,
400000ef00d72223,
03c1208300c12783,
0087851303812403,
0000806704010113,
0028889300c72783,
b9dff06fc8f706e3,
0040059300975613,
0140059314c5fe63,
05c6051328c5e263,
05b6059300351513,
0005260300a80533,
00c51863ff850513,
008626031e00006f,
0046258300c50863,
feb768e3ffc5f593,
00a7a62300c62503,
00f5242300c7a423,
c9dff06f00f62623,
14f7706301400713,
24f7626305400713,
06f7889300c6d793,
0038951306e78e13,
001f8f93bc1ff06f,
00830313003ff793,
00c3270312078863,
0087a503cb5ff06f,
0117a2230016e893,
00a7242300e52623,
00d82a2300d786b3,
0015e71300d82823,
01d6a62300c78633,
00e6a22301d6a423,
00b6202300040513,
2f8000ef00f12623,
0087851300c12783,
0036d893b09ff06f,
a8dff06f00868713,
0047268300e78733,
0004051300f12623,
00d722230016e693,
00c127832c4000ef,
ad5ff06f00878513,
00b7a2230016e593,
00d82a2300d786b3,
0016659300d82823,
01d6a62300e78733,
00b6a22301d6a423,
00c7202300040513,
280000ef00f12623,
0087851300c12783,
00675613a91ff06f,
0035151303960513,
eadff06f03860593,
0088278315078a63,
ffc777130047a703,
00d7666340d70633,
de0700e301062713,
238000ef00040513,
05c78893a4dff06f,
0038951305b78e13,
008f2783a91ff06f,
21e79463fff88893,
ff8f0f130038f793,
00482703fe0796e3,
00e7f7b3fff54793,
0015151300f82223,
bcf776e3fff50713,
00071a6300f57733,
00f5773300151513,
fe070ae3004f8f93,
b35ff06f000f8893,
be9ff06f01058593,
001007134025d593,
00e3633300b71733,
e29ff06f00682223,
40c005b300be0633,
0145d59301459593,
03d1242300040513,
02f1202303012223,
00612c2300d12e23,
00b1262301c12a23,
66c050ef00c12823,
fff0051300050713,
01412e0300c12583,
01c1268301812303,
0241280302012783,
c6a716e302812e83,
0000059301012703,
05400593c61ff06f,
00c7561306c5ec63,
0035151306f60513,
d75ff06f06e60593,
06f76c6315400713,
0787889300f6d793,
0038951307778e13,
61818e93979ff06f,
00c58633000ea603,
b75ff06f00cea023,
b60516e301451513,
00b305b300882e03,
00ee22230015e713,
01cf2023c55ff06f,
00100793b69ff06f,
e8dff06f00fe2223,
06c5ec6315400593,
0786051300f75613,
0776059300351513,
55400713cf9ff06f,
0126d79306f76c63,
07c78e1307d78893,
8fdff06f00389513,
01e60733ff8f0f13,
b9dff06f00000593,
0004051300878593,
0101282301d12a23,
cf8ff0ef00d12623,
01412e8301012803,
00882e0300c12683,
004e2703000ea603,
55400593bc5ff06f,
0127561302c5e463,
0035151307d60513,
c7dff06f07c60593,
07f008933f800513,
88dff06f07e00e13,
07e005933f800513,
00482783c61ff06f,
b5818513e15ff06f,
b5818513fa5fe06f,
e6010113fb5fe06f,
18912a2318112e23,
17a1282319512223,
00058d1300060a93,
0005049300d12a23,
000527834b8050ef,
02f12a2300078513,
02a1282385cff0ef,
0a01051300800613,
f6dfe0ef00000593,
0344a78300048863,
0540206f00079463,
00cd1783064d2703,
3e06886300177693,
0006d46301279693,
ffffe6b75f00106f,
00002637fff68693,
00c7e7b300d77733,
00fd162306ed2223,
0007d46301271793,
00cd17832700306f,
280708630087f713,
28070463010d2703,
00a0069301a7f713,
0bc107932ad70063,
1921282318812c23,
17b1262319312623,
1961202319412423,
17812c2317712e23,
0a012c2317912a23,
0af128230a012a23,
00012c2300078413,
0201262302012c23,
0401202302012e23,
0401222304012a23,
0001191700012823,
02500d93ba490913,
0151242301000993,
00812a8301a12623,
380050ef0e492a03,
0a01071300050693,
08810593000a8613,
000a00e700048513,
24054c6326050c63,
01b7866308812783,
fcdff06f00aa8ab3,
00050a1300812783,
26fa926340fa8b33,
001ac303001a8793,
00f1242306010fa3,
00000d13fff00b13,
00010a1705a00a93,
00000c13b80a0a13,
001b8b9300078b93,
04fae663fe030793,
014787b300279793,
014787b30007a783,
fd03071300078067,
0090069300000c13,
000bc303002c1793,
00179793018787b3,
fd03071300f70c33,
fee6f2e3001b8b93,
fafafee3fe030793,
000c0e9301712423,
00100a9320030c63,
06010fa30e610e23,
02012023000a8c13,
0201242300000b13,
00000e1302012223,
0b812a030fc10793,
000a0593084d7c93,
07f147036c0c8463,
0b41250306070663,
07f1061300000713,
00150513001a0a13,
00c4202300100693,
0b412c2300d42223,
007006130aa12a23,
2ea64a6300840413,
0b41250302070a63,
00e4202308010713,
00200713002a0a13,
00e4222300150513,
0aa12a230b412c23,
0084041300700713,
0800071378a746e3,
415b0b335aec82e3,
100d771367604063,
00f4202376071e63,
015a0a330b412783,
001787930b412c23,
0070071301542223,
3cf744630af12a23,
004d7f1300840413,
418e8ab3000f0663,
018ed4633d504e63,
01012783000c0e93,
00f1282301d787b3,
02012783660a18e3,
000788630a012a23,
0004851302012583,
0bc1041395cff0ef,
000d0593dfdff06f,
154040ef00048513,
1440306f00050463,
00a0069300cd1783,
d6d714e301a7f713,
d60740e300ed1703,
00177713064d2703,
2007f79300071863,
5280206f00079463,
000a861301412683,
00048513000d0593,
19c12083218030ef,
0101250300a12823,
18412a8319412483,
1a01011317012d03,
0080061300008067,
0a01051300000593,
00100513bf9fe0ef,
d6dff06f00aa8ab3,
00050a1300812783,
04fa826340fa8b33,
0b41260300812783,
00f4202301642223,
001606130b812783,
016787b30ac12a23,
007007930af12c23,
02c7c86300840413,
016787b301012783,
d60a12e300f12823,
00c12d030b812783,
3000206f00078463,
0a012a2300cd1783,
00c125835810006f,
000485130b010613,
00050463244030ef,
0bc104134b10206f,
2007f693fb9ff06f,
0127969334068063,
01271693c006dae3,
6a50206fc206dce3,
008d779301712423,
00078463000c0e93,
014127833200106f,
ff87f79300778793,
008787930007a703,
ffc7a70302e12c23,
02e1262300f12a23,
9b07879300011797,
0007aa0302c12703,
03812b830047aa83,
001c559300171c13,
000a0613000b8513,
02612223000a8693,
4dc0e0ef03d12023,
0241230302012e83,
0050106f00050463,
001c5593000b8513,
000a8693000a0613,
02012e83bcdfd0ef,
00a0446302412303,
02c125837e00106f,
00000613000b8513,
ba9fd0ef00000693,
0241230302012e83,
00055463f7fd7d13,
047006937a00206f,
0000f79707f14703,
0066d463f5c78793,
000704630d00206f,
00300a933a90206f,
3780006f000a8c13,
0b01061300c12583,
05c12e2300048513,
0461282304f12c23,
05d1242304e12623,
400514e30fc030ef,
05c12e030b812a03,
0501230305812783,
04812e8304c12703,
ccdff06f0bc10413,
018126830b412a83,
00ea0a3300100713,
00840b1300ea8ab3,
7b50006f00d74463,
00e4222300100713,
0b412c2300f42023,
007007130b512a23,
5f00106f01575463,
001a8a9303012703,
00ea0a330b512a23,
0b412c2303412703,
feeb2c23008b0b13,
feeb2e2303012703,
0157546300700713,
02f124235880106f,
0181278303812503,
0000061302c12583,
03d1222300000693,
7f50c0effff78413,
780506e302412e83,
001a8a9302812783,
00178793008a0a33,
0b412c230b512a23,
008b222300fb2023,
7357c8e300700793,
03c12783008b0b13,
0901071303c12683,
001a879301478a33,
0b412c2300eb2023,
00db22230af12a23,
008b041300700713,
00c12583c4f752e3,
000485130b010613,
7c9020ef03d12223,
0b812a032c051ae3,
0bc1041302412e83,
01000b13c1dff06f,
0000f8970b412783,
075b58637b488893,
000e8d1300700c93,
7a0b8b930000fb97,
ff0a8a9300c0006f,
010a0a13055b5663,
0174202300178793,
0b412c2301642223,
008404130af12a23,
00c12583fcfcdee3,
000485130b010613,
260510e3755020ef,
0b812a03ff0a8a93,
0bc104130b412783,
000d0e93fb5b4ee3,
015a0a33000b8893,
0b412c2300178793,
011420230af12a23,
0070071301542223,
00c12583b8f756e3,
000485130b010613,
701020ef03d12223,
0b812a03200516e3,
b69ff06f02412e83,
ff8fe0ef058d2503,
064d270300cd1783,
8e06c2e301279693,
000bc3038c5ff06f,
000bc3039edff06f,
9e1ff06f020d6d13,
020d779301712423,
78079463000c0e93,
0141268301412783,
00478793010d7713,
000704630006aa03,
040d77135190206f,
3b10106f00071463,
410a5a13010a1a13,
00f12a2341fa5a93,
72074263000a8713,
015a67b34e0b4463,
4c079e63f7fd7d13,
07f148834c0b1c63,
53d0106f00089463,
00000e1300000c13,
00000a9302012023,
1601079300000b13,
000e1463001c0c13,
0b812a034f10206f,
084d7c930b412503,
000a0593002c0c13,
180c8ee300050613,
0201222302012423,
9e088ee300000e13,
9c1ff06f00200713,
0430079301712423,
00f31463000c0e93,
010d77932840106f,
2780106f00078463,
00100c1301412783,
0007a783000c0a93,
0ef10e230fc10a13,
06010fa301412783,
00f12a2300478793,
0b812a03000a0793,
0201242302012023,
084d7c9302012223,
00000e1300000b13,
940c90e3000a0593,
38e046e3418e8733,
92071ce307f14703,
9b6054e3415b0b33,
0000fc970b412603,
0b69d863564c8c93,
000a0713000b0b93,
00700893000a8c93,
05d1242300078a93,
000e0b1300040793,
0000f41700030a13,
00c0006f53440413,
0579d863ff0b8b93,
0016061301070713,
0137a2230087a023,
0ac12a230ae12c23,
fcc8dee300878793,
0b01061300c12583,
4f9020ef00048513,
ff0b8b93000512e3,
0b4126030b812703,
007008930bc10793,
04812e83fb79cce3,
00070a13000a0313,
000b0e1300040713,
000b8b1300078413,
000c8a93000a8793,
016a0a3300070c93,
0194202300160613,
0b412c2301642223,
007007130ac12a23,
8cc754e300840413,
0b01061300c12583,
05c12c2300048513,
0461262304f12823,
471020ef05d12423,
100d771376051e63,
05812e030b812a03,
04c1230305012783,
0bc1041304812e83,
06500713880706e3,
03812503b66758e3,
0000061302c12583,
04f1262300000693,
05c1282305d12423,
04812e833d90c0ef,
05012e0304c12783,
0b412783060514e3,
848707130000f717,
001a0a1300e42023,
0017879300100713,
0b412c2300e42223,
007007130af12a23,
00f7546300840413,
084127836140106f,
3ae7dee301812703,
0b41278303012703,
00ea0a3300840413,
0017879303412703,
fee42c230b412c23,
0af12a2303012703,
00700713fee42e23,
018127836af742e3,
ff505c63fff78a93,
0b41278301000b13,
0890206f015b4463,
000a8c93000a0713,
0000fa1700700b93,
000e8a9336ca0a13,
ff0c8c930100006f,
7400106f019b4463,
0017879301070713,
0164222301442023,
0af12a230ae12c23,
fcfbdce300840413,
0b01061300c12583,
329020ef00048513,
0b81270362051a63,
0bc104130b412783,
01412783fb5ff06f,
0171242301412703,
06010fa30007a783,
00470b93000c0e93,
05300713640782e3,
5480106f00e31463,
000e0463010d7e13,
000b546353c0106f,
000785133910106f,
00000593000b0613,
00f12a2303c12423,
229030ef03812223,
07f1470302a12023,
02412e8301412783,
0005146302812e03,
0201268366c0206f,
fffac81340f68ab3,
010afc3341f85813,
001c0c1300070463,
00000b1301712a23,
0201222302012423,
0730031302012023,
01412783e0cff06f,
240c5ae30007ac03,
41800c3301412783,
00f12a2300478793,
004d6d13000bc303,
01712423d5cff06f,
000c0e93020d7793,
06079863010d6f13,
0047879301412783,
06010fa301412703,
00072a0300000a93,
60d0106f000b5463,
f7ff7d1300f12a23,
060b1c63060a1e63,
07f1488300000e13,
00000c1300000b13,
1601079300000a93,
ba0884e302012023,
ba1ff06f001c0c13,
020d779301712423,
32078ee3000c0e93,
01412783000d0f13,
0077879306010fa3,
00878713ff87f793,
0007aa0300e12a23,
3a0b48e30047aa83,
000b1663f7ff7d13,
f8078ae3015a67b3,
00900793500a94e3,
030a0a135147e0e3,
000b0c1315410fa3,
07f14883376056e3,
00100a9300000e13,
0201202315f10793,
01712423f7dff06f,
000c0e93020d7793,
240780e3010d6813,
0077879301412783,
00878713ff87f793,
0047a60300e12a23,
06010fa30007a703,
500b4463bff87d13,
500b1063b7f87d13,
4e079c6300c767b3,
6e0c066300187c13,
14f10fa303000793,
02012023000c0a93,
0201242300000b13,
00000e1302012223,
c80ff06f15f10793,
000bc30302b00793,
be8ff06f06f10fa3,
06800793000bc303,
040d6d133ef306e3,
01712423bd4ff06f,
000c0e93020d7793,
0141278320079ce3,
010d769301412703,
0007270300478793,
7440206f00068463,
00069463040d7693,
010717135c40106f,
00f12a2301075713,
00000613000d0813,
01412703f45ff06f,
020d779301712423,
120796e300470713,
00078463010d7793,
040d77934780106f,
0c10106f00078463,
000f1463200d7f13,
014127834600106f,
00e12a2301012683,
00d780230007a783,
000087b7abcff06f,
08f1102383078793,
0171242301412783,
0007a70306010fa3,
00478693000c0e93,
200b44e300000613,
002f6d13f7fd7f13,
3f80106f00070463,
3f00106f000b0463,
00200e1300d12a23,
07f1488307800313,
00000c1300000b13,
1601079300000a93,
dd1ff06f02012023,
06c00793000bc303,
010d6d132cf30ee3,
000bc303ab4ff06f,
aa8ff06f008d6d13,
020d779301712423,
010d6f13000c0e93,
0141278304079863,
0141270300478793,
000f0d1300f12a23,
41fa5a9300072a03,
8e0752e3000a8713,
41500ab3014037b3,
02d0079340fa8ab3,
41400a3306f10fa3,
f7fd7d13da0b48e3,
000d0f13da9ff06f,
000f0d1301412783,
ff87f79300778793,
008786930047a703,
00d12a230007aa03,
891ff06f00070a93,
54c040ef00048513,
0007851300452783,
8f0fe0ef04f12223,
0004851300050c93,
52c040ef05912a23,
000bc30300852703,
9e0c846304e12023,
000747839e070263,
400d6d139c078e63,
000bc3039d4ff06f,
9c8ff06f001d6d13,
000bc30307f14783,
020007939a079e63,
9b0ff06f06f10fa3,
080d6d13000bc303,
000bc3039a4ff06f,
001b869302a00793,
4500206f00f31463,
00900613fd030713,
02e6646300000b13,
0006c303002b1793,
00179793016787b3,
fd03071300e78b33,
fee672e300168693,
00068b930c0b42e3,
418e88b3958ff06f,
01000293a5105e63,
0000fc970b412603,
0b12d863e1cc8c93,
000a071304f12623,
000a8c9300040793,
000e8b9300700393,
0008841304612423,
df0a0a130000fa17,
00c0006f000e0a93,
0482da63ff040413,
0016061301070713,
0057a2230147a023,
0ac12a230ae12c23,
fcc3dee300878793,
0b01061300c12583,
5b0020ef00048513,
010002930a051e63,
0b812703ff040413,
0bc107930b412603,
fa82cae300700393,
0481230300040893,
04c1278300078413,
000b8e93000a8e13,
000a0c93000c8a93,
011a0a3300070a13,
0194202300160613,
0b412c2301142223,
007007130ac12a23,
96c75c6300840413,
0b01061300c12583,
05c12c2300048513,
0461262304f12823,
528020ef05d12423,
0b812a0302051a63,
04c1230304812e83,
05812e0305012783,
938ff06f0bc10413,
0b01061300c12583,
4f8020ef00048513,
0201228398050263,
0002886300c12d03,
0004851300028593,
00cd1783adcfe0ef,
00177713064d2703,
2007f71300071663,
0407f7932a0700e3,
6510106f00078463,
1901290319812403,
18812a0318c12983,
17c12b8318012b03,
17412c8317812c03,
19c1208316c12d83,
1941248301012503,
17012d0318412a83,
000080671a010113,
02012423418e8733,
00000e1302012223,
000894633ae04863,
00200713858ff06f,
00c1258381cff06f,
000485130b010613,
04f1282305c12c23,
05d1242304612623,
f40510e3434020ef,
05812e030b812a03,
04c1230305012783,
0bc1041304812e83,
1601079383cff06f,
0077769301d61593,
0007851300375713,
0306869300e58733,
00c765b300365613,
fff78793fed78fa3,
fd068693fc059ce3,
001d771300068663,
1601071358071e63,
000b0c1340f70ab3,
02012023495b4463,
0201222302012423,
f59fe06f00000e13,
3ac05a6308412603,
000e0b1301812703,
00070b1301c75463,
0b41270303605863,
00f42023016a0a33,
0164222300170713,
0ae12a230b412c23,
0084041300700693,
2510106f00e6d463,
41f75713fffb4713,
416e0b3300eb7b33,
7d50006f01605463,
01c78cb3400d7713,
7500106f00070463,
0181270308412a83,
001d771300eac863,
3480106f00071463,
0b41270303012683,
00da0a3300840413,
0017071303412683,
fed42c230b412c23,
0ae12a2303012683,
00700693fed42e23,
2550106f00e6d463,
00e787b301812703,
41570ab341978b33,
000a8b13016ad463,
0b41278303605863,
01942023016a0a33,
0164222300178793,
0af12a230b412c23,
0084041300700713,
2750106f00f75463,
41f7d793fffb4793,
416a8ab300fb7b33,
ef9fe06f01504463,
0b41278301000b13,
7890106f015b4463,
000a8c93000a0713,
0000fa1700700b93,
000e8a93a6ca0a13,
ff0c8c9300c0006f,
01070713659b52e3,
0144202300178793,
0ae12c2301642223,
008404130af12a23,
00c12583fcfbdee3,
000485130b010613,
d2051ce322c020ef,
0b4127830b812703,
fb9ff06f0bc10413,
00000b1300000a93,
0201222302012423,
0201202300000e13,
da1fe06f16010793,
01000a130b412603,
9f8888930000f897,
00078b930aea5263,
0004079305512c23,
05d1242300700393,
0007041304612623,
0000fa9705c12823,
00c0006f9cca8a93,
048a5863ff040413,
0016061301058593,
0147a2230157a023,
0ac12a230ab12c23,
fcc3dee300878793,
0b01061300c12583,
180020ef00048513,
ff040413c80516e3,
0b4126030b812583,
007003930bc10793,
000a8893fa8a4ce3,
04c1230304812e83,
05812a8305012e03,
0007841300040713,
00b70a33000b8793,
00e4222300160513,
0aa12a230b412c23,
0070071301142023,
07f1470370a74863,
1c07186300840413,
d41fe06f000c9463,
d05fe06f00000c93,
0006846300ed76b3,
00f42023848ff06f,
0b412c2300e42223,
007007930b512a23,
00c125838d57de63,
000485130b010613,
0d0020ef03d12223,
0b812a03bc051ee3,
02412e830b412a83,
8b0ff06f0bc10b13,
ec1ff06f00200c93,
0010079301812703,
0110079388e7de63,
898c8c930000fc97,
000c0c934ee7d8e3,
0070079301000b93,
0000fc1703d12223,
00c0006f87cc0c13,
4a8bdee3ff040413,
001a8a93010a0a13,
017b2223018b2023,
0b512a230b412c23,
fd57dee3008b0b13,
0b01061300c12583,
040020ef00048513,
0b812a03b40516e3,
0bc10b130b412a83,
fb5ff06f00700793,
0006c46301271693,
1d50106fa39fe06f,
00079463001d7793,
c3cff06fc75fe06f,
000bc30300478793,
b19fe06f00f12a23,
0000e6970b412703,
00d42023c2c68693,
00100693001a0a13,
00d4222300170713,
0ae12a230b412c23,
0084041300700693,
64c0106f00e6d463,
00c7673301812703,
0301270374070ee3,
008404130b412683,
0341270301470a33,
0b412c2300168693,
03012703fee42c23,
fee42e230ad12a23,
76d742e300700713,
7cc0106f00065463,
0016869301812703,
01470a3300f42023,
0ad12a230b412c23,
0070079300e42223,
bb5fe06f00d7c463,
000c8713f75fe06f,
b09fe06f00000c93,
02012023000a8c13,
0201222302012423,
ad1fe06f00000e13,
0101268301412783,
0007a78301012603,
00e12a2341f6d693,
00d7a22300c7a023,
014127839adfe06f,
0141270300478793,
00f12a2300000613,
dc8ff06f00072703,
0601051301412783,
0007a78302612223,
0007a70303812023,
0047a70306e12023,
0087a70306e12223,
00c7a78306e12423,
3980d0ef06f12623,
0241230301412783,
0047879302b12623,
02a12c2300f12a23,
cb5fe06f000c0e93,
d4cff06f000d0813,
0141268301412783,
00478793010d7713,
000704630006a683,
040d77135110106f,
01069a133c0704e3,
010a5a1306010fa3,
6a0b4ae300000a93,
00f12a23014b6e33,
ca0e1e63f7fd7d13,
ffe50513e7cff06f,
1601069303000713,
fee78fa340a68ab3,
015b5463000b0c13,
00050793000a8c13,
0201242302012023,
00000e1302012223,
07f148839adfe06f,
00000e1300100c13,
15f1079300100a93,
000f0d13c94ff06f,
002d6d13c60ff06f,
00200e1300d12a23,
0000e59700000893,
07800313bfc58593,
00f7769316010793,
0006c68300d586b3,
fff7879300475713,
01c6169300d78023,
0046561300e68733,
fc069ce300c766b3,
40f70ab316010713,
bb5b5663000b0c13,
02012023000a8c13,
fff00b13ba4ff06f,
895fe06f00068b93,
01712423000c0e93,
ba4585930000e597,
24078863020d7793,
0077879301412783,
0007a703ff87f793,
008786930047a603,
00c76533001d7793,
3605186300078463,
2c0b426306010fa3,
740b1863b7fd7d13,
00d12a2374051663,
b20ff06f00000e13,
01712423000c0e93,
b30585930000e597,
00c12583fa1ff06f,
000485130b010613,
4e9010ef03d12223,
0b812a03fe051a63,
0bc1041302412e83,
001bc30393cff06f,
001b8b93200d6d13,
001bc303fe4fe06f,
001b8b93020d6d13,
00600793fd4fe06f,
4367eee3000b0c13,
0201202301712a23,
00000b13000c0a93,
0201222302012423,
0000e79700000e13,
829fe06fadc78793,
ccccdcb7ccccdc37,
cccc8c93ccdc0c13,
00000593400d7813,
000e8b9316010613,
040127030800006f,
f017069300074703,
7eb70e6300068463,
000a8513000a0893,
015a073300078613,
00d70733014736b3,
0026de13038736b3,
01c686b3ffc6f693,
40ea073340d70733,
40da86b300ea36b3,
038686b303970f33,
01e686b303873e33,
01c686b303870733,
0016da9301f69e13,
00ee0a3300175713,
37c0106f00051463,
014736b3015a0733,
0386b53300d706b3,
fff6079300158593,
ffc5751300255893,
40a686b301150533,
00da353340da06b3,
0386b8b340aa8533,
038686b303850533,
01f5151301150533,
00d506b30016d693,
00d506b300269513,
40da06b300169693,
fed60fa303068693,
000a0893f0081ee3,
00078613000a8513,
00800613f31ff06f,
0a81051300000593,
03d1202302612223,
01412783c78fd0ef,
0a8106930fc10a13,
000a05930007a603,
3a0080ef00048513,
02012e83fff00793,
00050a9302412303,
fff548130cf50663,
01057c3341f85813,
01412703d51fe06f,
00470693010d7793,
0807966300072703,
06078e63040d7793,
0107571301071713,
da5ff06f00000613,
0b01061300c12583,
02f1242300048513,
2c9010ef03d12223,
0b812a03dc051a63,
028127830b412a83,
0bc10b1302412e83,
00c12583a4dfe06f,
000485130b010613,
03d1222302f12423,
da051063295010ef,
0b412a830b812a03,
02412e8302812783,
9e5fe06f0bc10b13,
2c079ee3200d7793,
d2dff06f00000613,
00d12a23bffd7d13,
0000089300000e13,
00c12d03c91ff06f,
064d270300cd1783,
00dd16230407e693,
0007046300177713,
2007f7933cc0106f,
3c00106f00078463,
b48fd0ef058d2503,
d58ff06f00cd1783,
0b01061300c12583,
05c12c2300048513,
0461262304f12823,
1f9010ef05d12423,
07f14703d0051263,
04812e830b812a03,
0501278304c12303,
6e07066305812e03,
0b412503000c8713,
0bc1041300000c93,
03000793d8cfe06f,
06010fa3086100a3,
540b4ce308f10023,
002f6d13b7fd7f13,
07f1488300200e13,
bd5ff06f00d12a23,
02c1278303812703,
0007061302612223,
0007051300078693,
03d1202300078593,
02012e834a90c0ef,
0005046302412303,
fdf37a934940106f,
6efa986304100793,
08f1002303000793,
0580079306100713,
08f100a33ae30ee3,
3767cae306300793,
0007d46302c12783,
02c1270332c0106f,
0201202300000a13,
038125030fc10793,
0007059302f12e23,
08410613002d6793,
01d12c2302612423,
41d030ef02f12223,
0d0707130000f717,
0047268300072603,
000006131290b0ef,
00050a9300000693,
0850b0ef00058c93,
0281230301812e83,
0005166303c12783,
08e1222300100713,
6f4686930000d697,
02d1242306100713,
0000d71700e31863,
02e124236cc70713,
078707130000f717,
0047270300072683,
00048d1304812423,
000c8493000a8413,
000a0c9300d12c23,
02812a0300e12e23,
03d12e2300078c13,
00078a9304612623,
0000061301c0006f,
7fc0b0ef00000693,
3240106f00051463,
01812603fffb0b13,
0004051301c12683,
06d0b0ef00048593,
0005041300058493,
00050b933a50c0ef,
0005061341d0c0ef,
0004051300058693,
7e90b0ef00048593,
0006c683017a06b3,
00050413000a8613,
001a8a9300da8023,
f80b18e300058493,
fc8686930000f697,
0046a8830006a803,
04c1230303c12e83,
00088693000d0493,
00060b93000b8d13,
05d1282300080613,
01812c2302612e23,
000a8c13000c8a13,
00050a9300058c93,
048124038ccfc0ef,
03c1230301812783,
04a0446305012e83,
0000f79704f12423,
0007a803f6478793,
000a85130047a883,
00080613000c8593,
01d12c2300088693,
01812e837080b0ef,
0481278303c12303,
001d769304051a63,
0281270304068663,
fffc46830b712423,
000c071300f74603,
0300059302d61063,
0a812703feb70fa3,
0ad12423fff70693,
fec686e3fff74683,
0390059300168613,
1ab688e30ff67613,
08412683fec70fa3,
08e1082300f30713,
fff6871340fc0633,
00c12c2308e12223,
02b0069314074ae3,
0090069308d108a3,
09f1081314e6dee3,
00080593ccccd8b7,
06300f13ccd88893,
00070e13031736b3,
fff5859300058613,
002695130036d693,
0015151300d50533,
0307071340a70733,
00068713fee60fa3,
03068713fdcf48e3,
ffe60713fee58fa3,
3e80106f01076463,
0005069309210513,
0017071300074583,
feb68fa300168693,
00a70733ff0718e3,
40c7073300270713,
40d7073309010693,
0181268302e12e23,
0010071303c12603,
00d7446300c68ab3,
030127037fd0006f,
0241270300ea8ab3,
41f85813fffac813,
010afc33bff77f13,
00277e13100f6d13,
02d00893760a0ce3,
00000b1307110fa3,
fb0fe06f001c0c13,
e98fc0ef00048513,
00000e13fa9fd06f,
00c12583c2dff06f,
000485130b010613,
5b8010ef03d12223,
0b812a038c051263,
0bc1041302412e83,
0a8105139cdfe06f,
0000059300800613,
03d1202302612223,
00f12a2308f12623,
01412783eb1fc0ef,
0241230302012e83,
00812a23120b4ae3,
000b041300000c13,
fff00a1300000a93,
02612023000e8c93,
0300006f00078b13,
0fc105930a810693,
5b1070ef00048513,
00aa87b3714502e3,
004c0c1302f44263,
7c50006f00879463,
08c1278300078a93,
0007a603018787b3,
01412403fc0614e3,
000c8e9302012303,
3c0a82e3000b0793,
5d57dae306300793,
00048513001a8593,
01d12a2302612023,
01412e83dccfd0ef,
0005079302012303,
02a1202368050ee3,
0000059300800613,
00f12a230a810513,
03d1222302612423,
01412583de1fc0ef,
000a86930a810713,
0004851308c10613,
01412783629070ef,
0281230302412e83,
3740106f00aa8463,
0007002301578733,
fffac81307f14703,
010afc3341f85813,
001c0c1300070463,
00000b1301712a23,
0201222302012423,
ff9fd06f00000e13,
00900713540a9663,
1601071355476263,
40f70ab300b12c23,
000b0c13000b8e93,
07f148833b5b4c63,
0201202300000e13,
000a8e93a45fe06f,
000a0c93000c8a93,
015a0a3300070a13,
0b412c2300178793,
019420230af12a23,
0070071301542223,
84cfe06f00f74463,
0000d597c0cfe06f,
00200e1320c58593,
a31ff06f07800313,
0101268301412783,
00d7a0230007a783,
e61fd06f00e12a23,
000c079302412e83,
00078c93000c8c13,
001a8a93008a0a33,
0b512a230b412c23,
008b2223019b2023,
0157c46300700793,
aa0ff06fb78fe06f,
0b41260301000693,
b70c8c930000ec97,
000a07132966da63,
00078a13000b0c93,
0004079300c12b83,
05d1242300700a93,
b48404130000e417,
00c0006f000e0b13,
2596d263ff0c8c93,
0016061301070713,
00d7a2230087a023,
0ac12a230ae12c23,
fccadee300878793,
000b85930b010613,
308010ef00048513,
0b8127034e051ce3,
0bc107930b412603,
fb5ff06f01000693,
0b412503320c8663,
0bc1041300000c93,
200d7713ed9fd06f,
018a1a1330070e63,
41fa5a93418a5a13,
000a871300f12a23,
200d7693c4cfe06f,
0ff7771332068663,
000d081300f12a23,
981fe06f00000613,
06010fa3200d7e13,
00068a132e0e1663,
4e0b42e300000a93,
f7fd7d1300f12a23,
8f9fe06f000b0463,
ab1fe06f00069463,
fff007938edfe06f,
48fb0263100d6b93,
fb9a8793000b1663,
02c127836e078ce3,
00078c9300000a13,
80000cb70007d863,
02d00a130197ccb3,
4efa9a6304600793,
0841079303812703,
0007059300300693,
000b0713000c8613,
08c108130a810893,
00612c2300048513,
7cc030ef03d12023,
0300071300054683,
0181230302012e83,
01650c3300050793,
084127033ee68ee3,
000c859303812503,
0000069300000613,
00612c2302f12223,
00ec0c3303d12023,
02012e831700b0ef,
0241278301812303,
0a812703400508e3,
0340106f01876463,
0017069303000613,
00c700230ad12423,
ff8768e30a812703,
0470069340f70733,
08412e0300e12c23,
046007134ada8263,
001d77134aea9663,
71c056e301676733,
000e0a9358071ce3,
400d7f1306600313,
fffac8134c0f16e3,
010afc3341f85813,
02d007130e0a04e3,
001c0c1306e10fa3,
02012023000b8d13,
0201242300000b13,
cc1fd06f02012223,
00000a9302012023,
0201222302012423,
1601079300000e13,
ca1fd06f00000c13,
000b0e1304812e83,
00040c93000c8b13,
000a079300078413,
016a0a3300070a13,
0194202300160613,
0b412c2301642223,
007007130ac12a23,
00c7446300840413,
00c12583d69fe06f,
000485130b010613,
04f1262305c12823,
098010ef05d12423,
ba1fe06f00050463,
05012e030b812a03,
04812e8304c12783,
d2dfe06f0bc10413,
c49ff06f000a8c13,
bc4ff06f00078c13,
e84787930000d797,
001d7713f2dfd06f,
cb9fd06f00071463,
0b41268303012703,
0341270301470a33,
0b412c2300168693,
0301270300e42023,
00e422230ad12a23,
76d75e6300700713,
0b01061300c12583,
02f1242300048513,
008010ef03d12223,
b11fe06f00050463,
0b812a0308412603,
028127830b412683,
0bc1041302412e83,
01812703868ff06f,
41978b3300e787b3,
016ac46341570ab3,
000a8b13d29fe06f,
0bc10413d21fe06f,
41fa5a93bedfd06f,
000a871300f12a23,
0ff6fa1393cfe06f,
940b5a6300000a93,
e14fe06f00f12a23,
000006130ff77713,
00f12a23a50ff06f,
00000613000d0813,
01412783e5cfe06f,
00e12a2301012683,
00d790230007a783,
00048513a0dfd06f,
000d05930b010613,
00051463755000ef,
a71fe06fcf1fd06f,
03c1222300078513,
00f12a2303812023,
07f1470393dfc0ef,
41f85813fff54813,
02012e8301412783,
00050a9302412e03,
0007146301057c33,
001c0c13c90fe06f,
05412703c88fe06f,
0301222304412583,
0007061340e786b3,
00612c2300068513,
6f5010ef02d12023,
014737b3015a0733,
ccd60613ccccd637,
02c735b300f70733,
ccc50513ccccd537,
0401268304012783,
0017c78301812303,
00f037b302412803,
ffc5f5930025d893,
40b70733011585b3,
00ea35b340ea0733,
02a7053340ba85b3,
0201268300f687b3,
fff6879304f12023,
00a585b302c585b3,
02c7073302c73533,
01f5951300a585b3,
001005930015da93,
00e50a3300175713,
01473533015a0733,
02c7353300a70733,
ffc5751300255893,
40a7073301150533,
00ea353340ea0733,
02c738b340aa8533,
02c7073302c50533,
01f6161301150633,
00e6073300175713,
00e6073300271613,
40ea073300171713,
fee68fa303070713,
058d2503994ff06f,
ad5fd06ff0cfc0ef,
2e07c6e302c12783,
00000a1302c12c83,
b95ff06f00600b13,
00048513001b0593,
03d1202300612c23,
02012e83e9dfc0ef,
0005079301812303,
02c12703b4050a63,
02c12703200744e3,
00000a1302a12023,
07800793c74ff06f,
02d00713c44ff06f,
ff80061308e108a3,
40d7073300100713,
09210693eac6c663,
00e6802303070713,
40e686b316010713,
02e12e230d168713,
02812683f1cff06f,
e4cff06f00a6c603,
fbba879303812603,
016787b30017b793,
0006059300078713,
000c861300f12c23,
0a81089308410793,
0020069308c10813,
0261222300048513,
2cc030ef03d12023,
02012e8304700713,
0005079302412303,
001d771330ea98e3,
0a8127034e071463,
40f7073308412e03,
ffde271300e12c23,
03cb5a6300071463,
fffe0713ffe30313,
08e1222308610823,
02b0069376074463,
0090069308d108a3,
03a1222376e6d863,
dd8ff06f02012023,
56ee4c6301812703,
000e0a93001d7713,
0301270300070663,
400d7f1300ee0ab3,
7fc04663000f0463,
41f85813fffac813,
06700313010afc33,
bffd7f13b21ff06f,
00d12a23002f6d13,
0000089300200e13,
0a810713e81fe06f,
08c1061300000693,
0004851300000593,
0261202302f12223,
5ac070ef01d12a23,
01412e83fff00713,
0241278302012303,
5ce5086300050a93,
f00ff06f08f12623,
000f0d1300f12a23,
02412703a74fe06f,
00d7673302812683,
0181270324070ee3,
05812c2305a12823,
02412b83000a0593,
02812d03000c8a13,
04012c8305412c03,
0004061300e78333,
0100071300700693,
3a8a8a930000da97,
04f1262305d12423,
09a04a6300030413,
fffb8b93fffc8c93,
044125030b412783,
00178793018585b3,
0186222300a62023,
0af12a230ab12c23,
10f6ce6300860613,
41440b33000cc503,
0165546300040813,
0360566300050b13,
016585b30b412503,
001505130ab12c23,
0166222301462023,
14a6c6630aa12a23,
00860613000cc503,
41ffdf93fffb4f93,
40f50b3301fb77b3,
00aa0a3305604463,
01a05663f7704ae3,
f75ff06ffffd0d13,
04c1278304812e83,
05812c0305012d03,
0006041305912023,
00058a13000a0c93,
f9cfe06f01986463,
f94fe06f00080c93,
0000df970b412503,
0b675a632c4f8f93,
0301222300040793,
03f12423000b0413,
00c0006f00078b13,
08875063ff040413,
0015051301058593,
00e6222301562023,
0aa12a230ab12c23,
fca6dee300860613,
0b01061300c12583,
271000ef00048513,
d78fe06f00050463,
0b4125030b812583,
010007130bc10613,
fadff06f00700693,
0b01061300c12583,
241000ef00048513,
d48fe06f00050463,
0bc106130b812583,
0070069301000713,
02412803ec1ff06f,
000b079302812f83,
0007841300040b13,
00150513016585b3,
0aa12a230ab12c23,
0166222301f62023,
000cc50310a6cc63,
ed9ff06f00860613,
0b01061300c12583,
0301222300048513,
000504631d5000ef,
000cc503cdcfe06f,
024128030b812583,
010007130bc10613,
e8dff06f00700693,
06f10fa302d00793,
0470079302012023,
0201222302012423,
00000b1300300a93,
1467d26300000e13,
7a4787930000c797,
d20fd06f00400c13,
0b01061300c12583,
02f1242300048513,
161000ef03d12223,
c68fe06f00050463,
0b812a0308412603,
02412e8302812783,
985fe06f0bc10413,
01712a2307f14803,
01003c3300000b13,
0201222302012423,
0201202300000e13,
00c12583cc4fd06f,
000485130b010613,
04f1262305c12823,
101000ef05d12423,
c08fe06f00050463,
05012e030b812a03,
04812e8304c12783,
d7cfe06f0bc10413,
0b01061300c12583,
0301222300048513,
000504630cd000ef,
000cc503bd4fe06f,
024128030b812583,
010007130bc10613,
d99ff06f00700693,
92dfe06f00840413,
0b01061300c12583,
02f1242300048513,
089000ef03d12223,
b90fe06f00050463,
0b812a0308412a83,
02412e8302812783,
d7cfe06f0bc10413,
0117746300900713,
c18ff06fc81fe06f,
f207026307f14703,
f1cff06f001c0c13,
660787930000c797,
be0fd06f00400c13,
0b01061300c12583,
03d1222300048513,
00050463025000ef,
08412a83b2cfe06f,
0b812a0301812783,
0bc1041302412e83,
d5cfe06f41578ab3,
000c859303812503,
0000069300000613,
0261222302f12423,
7940a0ef03d12023,
0241230302012e83,
00050e6302812783,
0a81270301812683,
e387626300d78c33,
00e12c2340f70733,
ae1ff06f08412e03,
40c00bb3ff000713,
fa0c8c930000dc97,
000b8c930ce65463,
00078b9301000a93,
000a079300700b13,
0000da1703d12223,
00c0006ff7ca0a13,
099ad263ff0c8c93,
0016869301078793,
0154222301442023,
0ad12a230af12c23,
fcdb5ee300840413,
0b01061300c12583,
740000ef00048513,
a48fe06f00050463,
0b4126830b812783,
fb5ff06f0bc10413,
0fc1079302012023,
01812703a50ff06f,
0670031303012683,
dbc04c6300d70ab3,
00168a9341ca86b3,
41f85813fffac813,
db4ff06f010afc33,
000a071302412e83,
000b879300078a13,
00070c93000c8b93,
00168693017a0a33,
0ad12a230b412c23,
0174222301942023,
e0d75ae300700713,
0b01061300c12583,
02f1242300048513,
6a0000ef03d12223,
9a8fe06f00050463,
0b4126830b812a03,
02412e8302812783,
f0cfe06f0bc10413,
00000b1307f14883,
c9dfd06f00088463,
1981240383dfd06f,
18c1298319012903,
18012b0318812a03,
17812c0317c12b83,
16c12d8317412c83,
00f12823fff00793,
00c12d039acfe06f,
00cd578300000293,
00fd16230407e793,
0241270393cfe06f,
0007146300177713,
ff9fe06f804ff06f,
000b8d1302012283,
8000073791cfe06f,
02d00a1300e7c733,
0fc1079302012023,
03812503cd5fe06f,
00000613000c8593,
02f1222300000693,
03d1202300612c23,
02012e835800a0ef,
0241278301812303,
08412e0334051463,
40f8073301cc0833,
c38ff06f00e12c23,
c21fd06f00f12a23,
08412e0340fc0733,
c28ff06f00e12c23,
8b0fe06f00c12d03,
00300a9302012023,
0201242300000b13,
00000e1302012223,
910fd06f00400c13,
0201230300040a93,
000c8e9301412403,
850ff06f000b0793,
08e108a302d00713,
00100713ff800693,
88de4ce341c70733,
08d1092303000693,
0201202303a12223,
fbcff06f09310693,
fffb0d13000d0493,
03c12e83000c0793,
04c1230304812403,
000c8a13000a8c13,
000a8693016a8b33,
000d546303000613,
00168693dfdfe06f,
fedb1ce3fec68fa3,
00170c1301ac0733,
02c12783de5fe06f,
f7fd7d1380000fb7,
1e0e046301f7fe33,
06f10fa302d00793,
0470079302012023,
0201222302012423,
00000b1300300a93,
2267da6300000e13,
2bc787930000c797,
830fd06f00400c13,
0401270306700313,
f017061300074703,
31c75e6332060063,
0000051304012683,
0180006f00000593,
0016869300158593,
04060263f0170613,
40ee0e3305c75063,
fe0712e30016c703,
001505130006c703,
01712a23fe1ff06f,
001b0c1306070e63,
02012423000b0a93,
0201222300000b13,
fb9fc06f07300313,
0541268304d12023,
02b1222300a58733,
02a1242302d70733,
fffac81300ea8ab3,
010afc3341f85813,
02d00713140a0463,
001c0c1306e10fa3,
02012023000b8d13,
f71fc06f00000b13,
01cb06b303012703,
00e68ab306600313,
000b0a93a64ff06f,
02012423000b0c13,
00000b1302012223,
f41fc06f07300313,
8000073702c12683,
00e6c73302a12023,
a69fe06f02d00a13,
d2071ae300177713,
2007f79300cd5783,
058d2503d20794e3,
d1dff06fc8dfb0ef,
00000a1302c12783,
0007d86300078c93,
0197ccb380000cb7,
0381270302d00a13,
000c861308410793,
0a81089300070593,
0010071308c10813,
0004851300200693,
03d1202302612223,
0dd020ef00100b13,
0241230302012e83,
01612c2300050793,
0000dc97e14ff06f,
ee9fe06faf4c8c93,
0197ccb380000cb7,
00600b1302d00a13,
047006938a8ff06f,
0000c79707f14703,
0066d6630f478793,
0ec787930000c797,
00300a9318071663,
00000b13000a8c13,
0201222302012423,
e49fc06f02012023,
0a07066307f14703,
000b8d13001c0c13,
00000b1302012023,
00200713e2dfc06f,
c49fe06f02e12e23,
4167073300100713,
88cff06f08e12223,
088787930000c797,
e01fc06f00400c13,
00100c1300071a63,
06600313000c0a93,
03012703908ff06f,
0017069306600313,
fffac81301668ab3,
010afc3341f85813,
014127838e8ff06f,
004787930007ab03,
fff00b13000b5463,
00f12a23001bc303,
d21fc06f00068b93,
0017f793064d2783,
e7dff06fba0798e3,
02012023000b8d13,
d89fc06f00000b13,
0381250302a12423,
00000613000c8593,
0261222300000693,
1740a0ef03d12023,
0241230302012e83,
02050e6302812783,
0a81270301812683,
0187746300d78c33,
40f70733800ff06f,
00e12c2308412e03,
01812703cccff06f,
ea4ff06f00e78833,
a11fd06f000d0f13,
cb0ff06f08412e03,
08412e0340f70733,
ff1fe06f00e12c23,
f3cfd06f000d0f13,
0201242300000713,
d55ff06f02012223,
a48fe06f000d0813,
0201222302012423,
00000b13cddfc06f,
0201222302012423,
00300a9302012023,
cc1fc06f00400c13,
0201228300c12d03,
0407e79300cd5783,
c19fd06f00fd1623,
b141a50300050713,
0005861300060693,
a61fc06f00070593,
0645ae0300c5d783,
01c5a88300e5d303,
b70101130245a803,
ffd7f79340000713,
4921202348812423,
0005091300058413,
0701051308010593,
4891222348112623,
0006049300d12623,
07c12e2302f11223,
03112a2302611323,
00b12c2303012e23,
02e1202302b12423,
0201282302e12623,
00c12683975fb0ef,
0181059300048613,
9d9fc0ef00090513,
0405506300050493,
0407f79302415783,
00c4578300078863,
00f416230407e793,
941fb0ef07012503,
4881240348c12083,
0004851348012903,
4901011348412483,
0181059300008067,
420000ef00090513,
fff00493fa050ce3,
00862703fb1ff06f,
0000051300071863,
0000806700062223,
00112e23fe010113,
59c000ef00c12623,
01c1208300c12783,
0007a2230007a423,
0000806702010113,
00112623ff010113,
0e05826301212023,
0091222300812423,
0005049300058413,
0345278300050663,
0644278310078063,
0017f79300c41703,
200777130a079663,
000405930e070863,
12c000ef00048513,
0005091302c42783,
01c4258300078a63,
000780e700048513,
00c457830a054063,
0a0792630807f793,
00058c6303042583,
00f5866304040793,
d39fb0ef00048513,
0444258302042823,
0004851300058863,
04042223d25fb0ef,
0644278383cfb0ef,
0017f79300041623,
058425030a078463,
828fb0ef80dfb0ef,
0081240300c12083,
0009051300412483,
0101011300012903,
f60710e300008067,
0041248300812403,
0000091300c12083,
0001290300090513,
0000806701010113,
fff0091300c45783,
f60782e30807f793,
0004851301042583,
f55ff06fca5fb0ef,
f01ff06ff5dfa0ef,
fa0fb0ef05842503,
f00794e300c41783,
0017f79306442783,
05842503fa0790e3,
00812403f9cfb0ef,
f95ff06f00412483,
f88fb0ef05842503,
00050593f55ff06f,
e8dff06fb141a503,
fe01011300c59703,
0131262300812c23,
0087779300112e23,
0005099300058413,
000017b712079263,
0045a68380078793,
00f5962300f767b3,
0284280318d05c63,
00912a230e080663,
0009a48301371693,
1806ca630009a023,
0000061301c42583,
0009851300100693,
fff00793000800e7,
1af50c6300050613,
0284280300c41783,
00078e630047f793,
0304278300442703,
0007866340e60633,
40f6063303c42783,
0000069301c42583,
000800e700098513,
00c41783fff00713,
0009a68312e51c63,
18d7626301d00713,
0017071320400737,
0017771300d75733,
0104268316070863,
7ff70713fffff737,
00e4162300e7f733,
00d4202300042223,
0007566301379713,
100788630009a783,
0099a02303042583,
0404079310058a63,
0009851300f58663,
01412483b2dfb0ef,
01c1208302042823,
00c1298301812403,
0201011300000513,
0121282300008067,
08090a630105a903,
0005a48300912a23,
0125a02300377713,
00000793412484b3,
0145a78300071463,
0090486300f42423,
00a909330640006f,
0244278304905e63,
0004869301c42583,
0009851300090613,
40a484b3000780e7,
00c45783fca04ee3,
0407e79301012903,
00f4162301c12083,
0141248301812403,
fff0051300c12983,
0000806702010113,
e6d044e303c5a683,
01412483f55ff06f,
f49ff06f01012903,
e95ff06f05042603,
fffff73701042683,
00e7f7337ff70713,
0004222300e41623,
0137971300d42023,
03042583ee075ce3,
0099a02304a42823,
01412483ee059ae3,
0009a783f05ff06f,
fe378713e40784e3,
fea7879300070c63,
00c4578300078863,
f65ff06f0407e793,
014124830099a023,
fe010113ed5ff06f,
0005071300112e23,
0345278300050663,
00c5968308078e63,
0406826300000793,
0017f7930645a783,
2006f69300079663,
0007051304068063,
d65ff0ef00b12423,
0005079300812583,
001777130645a703,
00c5d70300071863,
0207086320077713,
0007851301c12083,
0000806702010113,
00e126230585a503,
c80fb0ef00b12423,
0081258300c12703,
00a12423fadff06f,
c80fb0ef0585a503,
01c1208300812783,
0201011300078513,
00b1262300008067,
bf9fa0ef00a12423,
0081270300c12583,
0c050463f55ff06f,
fe010113b141a703,
0005059300112e23,
0347278300070663,
00c5968306078063,
0406826300000793,
0017f7930645a783,
2006f69300079663,
0007051304068e63,
c95ff0ef00b12423,
0005079300812583,
001777130645a703,
00c5d70300071863,
0407066320077713,
0007851301c12083,
0000806702010113,
0007051300a12623,
b61fa0ef00e12423,
0081270300c12583,
0585a503f8dff06f,
00b1242300e12623,
00c12703b94fb0ef,
f91ff06f00812583,
0585a50300a12423,
00812783b94fb0ef,
0000d617fa9ff06f,
00000597a5860613,
0000d517e6858593,
bd9fa06fa5450513,
22078c6300862783,
fc01011300c59683,
0341242302812c23,
02112e2303512223,
000584130086f793,
00060a1300050a93,
0105a7830a078463,
02912a230a078063,
0331262303212823,
0026f79303612023,
0a078a63000a2483,
c00b0b1380000b37,
0000091300000993,
000a851300098613,
000906931a090e63,
800006b7012b7663,
02442783c0068693,
000780e701c42583,
008a278340a05863,
40a9093300a989b3,
00fa242340a787b3,
03412483fc0790e3,
02c1298303012903,
0000051302012b03,
0381240303c12083,
02412a8302812a03,
0000806704010113,
000a851300040593,
26051663770000ef,
02912a2300c41683,
0331262303212823,
0026f79303612023,
f4079ae3000a2483,
01812c2301712e23,
120798630016f793,
8000073700042783,
00000b13fff70c13,
0e09886300000993,
008429032006f713,
20070e6300078513,
2d29e06300090b93,
08070c634806f713,
0104258301442603,
00c7073300161713,
40b78bb301f75913,
001b879300e90933,
013787b340195913,
00f9766300090613,
0007861300078913,
2c0682634006f693,
000a851300060593,
30050663995fb0ef,
000b861301042583,
075010ef00a12623,
00c1270300c45783,
0807e793b7f7f793,
417907b300f41623,
01242a2301770533,
00a4202300e42823,
0009891300f42423,
000b059300098b93,
70c010ef000b8613,
0004278300842703,
00e4242341270733,
017787b3008a2703,
4137073300f42023,
2807006300ea2423,
0004ab0300c41683,
008484930044a983,
0004a983f05ff06f,
008484930044a903,
00000513e31ff06f,
00000b1300008067,
0000051300000b93,
060b0e6300000c13,
000b879308050663,
0167f463000b0993,
0144268300078993,
0004250300842903,
0126893301042783,
0939406300a7f463,
0244278318d9ce63,
000c061301c42583,
000780e7000a8513,
08a0546300050913,
00100513412b8bb3,
008a2783160b8063,
00fa2423412787b3,
412b0b331c078a63,
f80b16e3012c0c33,
000487930044ab03,
fe0b0ae300848493,
000b06130007ac03,
000c051300a00593,
18050a636c4000ef,
41850bb300150513,
000c0593f5dff06f,
5ec010ef00090613,
0004059300042783,
012787b3000a8513,
b31ff0ef00f42023,
00c41783f80500e3,
01812c0301c12b83,
0301290303412483,
02012b0302c12983,
00f416230407e793,
d6dff06ffff00513,
06f7606301042703,
04e9ec6301442703,
013c746300098693,
02e6e733000c0693,
01c4258302442783,
000a8513000b0613,
000780e740e686b3,
00050913f8a05ee3,
412989b3008a2783,
00fa2423412787b3,
00c416830e078663,
012b0b3300042783,
0129f463d75ff06f,
0007851300098913,
000b059300090613,
00042783528010ef,
012787b300842703,
00f4202341270733,
fa0716e300e42423,
000a851300040593,
f8050ee3a5dff0ef,
00098913f2dff06f,
dd9ff06f00098b93,
000a851300040593,
e8050ce3a3dff0ef,
00098613f0dff06f,
4cc010ef000c0593,
0004278300842703,
4137073300098913,
00e42423013787b3,
e5dff06f00f42023,
1b0050ef000a8513,
d60514e300050713,
000a851301042583,
00c45783bdcfb0ef,
01c12b8300c00713,
00eaa02301812c03,
eb5ff06ff7f7f793,
00078b93001b0793,
01c12b83dd1ff06f,
c11ff06f01812c03,
e95ff06f00c41783,
00faa02300c00793,
00c4178301c12b83,
e7dff06f01812c03,
00112e23fe010113,
0005066300050713,
0c078c6303452783,
0017f79306462783,
00c6578300079863,
06078e632007f793,
0ff5f69300862783,
00f62423fff78793,
018625030007da63,
ff66879304a7c463,
0006278304078063,
001787130ff5f593,
00d7802300e62023,
0017f79306462783,
00c6578300079863,
040788632007f793,
0005851301c12083,
0000806702010113,
00c1222300070513,
00412603190000ef,
fc5ff06f00050593,
00b1262305862503,
00c1222300e12423,
00c12583dddfa0ef,
0041260300812703,
05862503f69ff06f,
dd9fa0ef00b12223,
01c1208300412583,
0201011300058513,
00c1262300008067,
00a1222300b12423,
00c12603d4cfa0ef,
0041270300812583,
b141a683f11ff06f,
00112e23fe010113,
0005861300050713,
0346a78300068663,
064627830c078e63,
000798630017f793,
2007f79300c65783,
0086278308078063,
fff787930ff77593,
0007da6300f62423,
04a7c46301862503,
04078063ff658793,
0ff7771300062783,
00d6202300178693,
0646278300b78023,
000798630017f793,
2007f79300c65783,
01c1208304078a63,
0201011300070513,
0007059300008067,
00c1222300068513,
00412603078000ef,
fc1ff06f00050713,
00e1262305862503,
00c1222300d12423,
00c12703cc5fa0ef,
0041260300812683,
05862503f65ff06f,
cc1fa0ef00e12223,
01c1208300412703,
0201011300070513,
00a1242300008067,
00d1222300068513,
c30fa0ef00b12623,
0081270300c12603,
f09ff06f00412683,
00812c23fe010113,
00112e2300912a23,
0005841300050493,
0345278300050663,
0186270312078263,
00e6242300c61783,
080706630087f713,
0807026301062703,
0646270301279693,
0a06d063000025b7,
0c07c26301271793,
0106278300062703,
40f707b301462683,
001787930ad7dc63,
0017059300862683,
fff6869300b62023,
0087002300d62423,
0ff4741301462703,
ff64079306f70c63,
00c6578300079863,
060792630017f793,
0004051301c12083,
0141248301812403,
0000806702010113,
0004851300060593,
09c000ef00c12623,
00c1260304051463,
00c61783000025b7,
0127969306462703,
ffffe6b7f606c4e3,
00b7e7b3fff68693,
00f6162300d77733,
f4dff06f06e62223,
0004851300060593,
f8050ae3e5cff0ef,
f8dff06ffff00413,
0004851300060593,
e40ff0ef00c12623,
00c12603fe0514e3,
0006270300100793,
00c12623f31ff06f,
00c12603ad4fa0ef,
00050793ed5ff06f,
00058613b141a503,
e9dff06f00078593,
fe010113b141a703,
0005061300112e23,
0007066300058793,
10068a6303472683,
0087769300c79703,
0107a68302068e63,
00c7970304068a63,
06060e6300177613,
0007a4230147a603,
40c0063300000513,
0806806300c7ac23,
0201011301c12083,
0107769300008067,
004776930e068263,
0107a68306069e63,
00e7962300876713,
00c7a703fa069ae3,
2807771320000593,
00060513fab702e3,
00f1242300078593,
00812783321050ef,
0107a68300c79703,
f80616e300177613,
0000059300277613,
0147a58300061463,
0000051300b7a423,
08077693f80694e3,
04076713f80680e3,
fff0051300e79623,
0307a583f71ff06f,
0407869302058663,
0006051302d58063,
00c1242300f12623,
00c12783eedfa0ef,
00c7970300812603,
0107a6830207a823,
0007a223fdb77713,
f4dff06f00d7a023,
0007051300a12423,
978fa0ef00b12623,
0081260300c12783,
00900693ed9ff06f,
00d6202304076713,
fff0051300e79623,
00357793ef9ff06f,
020780630ff5f713,
0005478308060863,
08e78063fff60613,
0035779300150513,
00300813fe0794e3,
0ff5f59304c87863,
00b785b300859793,
feff033701059793,
00f585b3808088b7,
08088893eff30313,
00f5c7b300052783,
fff7c793006786b3,
0117f7b300f6f7b3,
ffc6061300079a63,
fcc86ee300450513,
00c5063302060063,
0015051300c0006f,
0005478300c50863,
00008067fee79ae3,
0000806700000513,
0037f79300a5e7b3,
0046379300079663,
0005071304078663,
fff5c68301c0006f,
fed78fa3fff60813,
0007871300068e63,
0015859300080613,
fe0610e300170793,
00c7073300008067,
0017879304080e63,
fee79ce3fe078fa3,
feff033700008067,
eff30313808088b7,
0005071308088893,
0005a68300300e13,
fff6c813006687b3,
0117f7b30107f7b3,
ffc60613fa0796e3,
0047071300d72023,
fcce6ce300458593,
00008067f95ff06f,
00912223ff010113,
590585930000c597,
480505130000c517,
0081242394418493,
0011262301212023,
01c010ef00048413,
000405939e418913,
560505130000c517,
020404130ac010ef,
ff2414e302051463,
0081240300c12083,
0001290300412483,
430505130000c517,
0000806701010113,
d30585930000b597,
418505130000c517,
00048593369050ef,
408505130000c517,
355050ef02048493,
fb5ff06ffd249ce3,
06812423f9010113,
0085043300559413,
05312e2307212023,
0005899300050913,
0004059300060513,
0611262306912223,
018010ef00060493,
06c1208302051263,
0681240300040513,
0601290306412483,
0701011305c12983,
0000b59700008067,
00048513ca858593,
05512a2305412c23,
1a0502637dd000ef,
c94585930000b597,
7c9000ef00048513,
0004c78316050863,
18e78c6304300713,
0ff7f793f9f78793,
12f7646301900713,
f9f787930014c783,
10f76c630ff7f793,
f9f786930024c783,
1ad77e630ff6f693,
05f0069300248713,
02e006931ad78e63,
0bf7f79364d78c63,
02010a130e079663,
0000b597000a0513,
00e12223c2c58593,
0571262305612823,
004127036a9000ef,
0400079300074683,
00000a9366f68663,
00000b1300000b93,
0340071302014783,
0ff7f793fbf78793,
0000b71708f76a63,
0027979358c70713,
0007a78300e787b3,
0007806700e787b3,
0500071302114783,
06e794630df7f793,
0000b59700200613,
000a0513c2458593,
01c10593d49ff0ef,
00a0061302210513,
01c12783244050ef,
02079c630007c783,
26f500633a400793,
36a0079366a7ce63,
3510079302a7c263,
010117b768a7d263,
1a578793cae50513,
0017f79300a7d7b3,
05012b031e079c63,
0000041304c12b83,
0004051306c12083,
05812a0306812403,
0641248305412a83,
05c1298306012903,
0000806707010113,
000a051302010a13,
b10585930000b597,
0571262305612823,
f01ff06f599000ef,
af4585930000b597,
585000ef00048513,
0014c783e51ff06f,
fd37879300100713,
f8f768e30ff7f793,
0024859302010a13,
05612823000a0513,
555000ef05712623,
04000593000a0513,
00050463189050ef,
000a051300050023,
00248793e3cfa0ef,
e8dff06f00a78733,
003487130034c783,
00174783e45ff06f,
fbf7879301900693,
f2f6e8e30ff7f793,
fbf7879300274783,
f2f6e0e30ff7f793,
0037071300374783,
0000b597e1dff06f,
000a0513a8858593,
00050c63015050ef,
a7c585930000b597,
001050ef000a0513,
0000b597ee0512e3,
000a0513a6058593,
000036974b9000ef,
00005617c7c68693,
0060071314c60613,
3af98a6300200793,
00f9986300600793,
14a90513000a0593,
00048593489000ef,
47d000ef00040513,
06c1208300050413,
0681240300040513,
05412a8305812a03,
04c12b8305012b03,
0601290306412483,
0701011305c12983,
0030061300008067,
a6c585930000b597,
1f9050ef000a0513,
02314503e40516e3,
0000b59701010713,
fd350513a5458593,
0305079300153513,
fe35051300e78533,
e20510e34ad000ef,
a34585930000b597,
3f5000ef000a0513,
b506869300003697,
0586061300005617,
f3dff06f00100713,
998585930000b597,
700050ef000a0513,
0000b597de0512e3,
000a051398458593,
000036973b9000ef,
00005617e7468693,
0020071313860613,
0000b597f01ff06f,
000a05139b858593,
da0514e36c4050ef,
9ac585930000b597,
37d000ef000a0513,
00400613f89ff06f,
954585930000b597,
129050ef000a0513,
02414783d6051ee3,
0241071302d00693,
0251478300d79663,
0df7f79302510713,
38d7806305200693,
0550071300074783,
38e782630df7f793,
d4e790e305400713,
91c585930000b597,
315000ef000a0513,
0000b597f21ff06f,
000a05138b858593,
d0051ce3634050ef,
8a4585930000b597,
2ed000ef000a0513,
1386869300003697,
1906061300005617,
e35ff06f00800713,
0000b59700300613,
000a051389458593,
cc051ce3085050ef,
0101071302314783,
fd37879300400613,
030787930017b793,
fe37879300e787b3,
864585930000b597,
00f1222300078513,
ca0510e304d050ef,
00a0061300412783,
0047c50301c10593,
00153513fd350513,
0045051300a78533,
fff5071367d040ef,
c60708e301073713,
c60704e3ff450713,
0007470301c12703,
00a12223c4071ee3,
80c585930000b597,
22d000ef000a0513,
00a0071300412783,
00f7586302910613,
02e104a303100713,
6666673702a10613,
02e7973366770713,
000600a341f7d693,
40d7073340275713,
00e6873300271693,
40e787b300171713,
00f6002303078793,
0000a597de9ff06f,
000a051373c58593,
be0510e34fc050ef,
728585930000a597,
1b5000ef000a0513,
00800613dc1ff06f,
7ac585930000a597,
760050ef000a0513,
02814503ba051ae3,
0000a59701010713,
fd35051379c58593,
0305079300153513,
fe85051300e78533,
b80514e34a4050ef,
77c585930000a597,
15d000ef000a0513,
00300613d69ff06f,
700585930000a597,
708050ef000a0513,
02314503b4051ee3,
0000a59701010713,
fd3505136e858593,
0305079300153513,
fe35051300e78533,
b20518e344c050ef,
6c8585930000a597,
105000ef000a0513,
d386869300003697,
f086061300005617,
c4dff06f00300713,
12a90513000a0593,
00c1242300d12623,
0d5000ef00e12223,
0081260300412703,
12e9042300c12683,
0ed922230ec92023,
00090513000a0593,
020a9463168050ef,
01f6d79301fb9693,
0041270300079e63,
00070863fff70713,
fab7879302014783,
040b166300f03ab3,
bf9ff06f0f592423,
02010a1300170a93,
000a0513000a8593,
0571262305612823,
000a0513061000ef,
494050ef04000593,
0005002300050463,
948fa0ef000a0513,
99dff06f00aa8733,
0ef92423fff00793,
05812423badff06f,
000c051300170c13,
59c585930000a597,
00050b930bd000ef,
00100b1300000a93,
04812c0300051663,
0000a597979ff06f,
000c051358458593,
00050a93095000ef,
00100b9300000b13,
000c0513fc050ee3,
56c585930000a597,
00153a93075000ef,
00000b9304812c03,
0000a597939ff06f,
000a05135a858593,
bbdff06f7b0000ef,
59c585930000a597,
79c000ef000a0513,
46500793ba9ff06f,
b1e50513baf500e3,
b8a7fae300800793,
2e10079399dff06f,
00a7cc63b8f504e3,
b6f50ee31b500793,
98f510e32d000793,
30700793b71ff06f,
b65ff06f96f51ae3,
00912223ff010113,
0000a59700058493,
0081242358058593,
0005041300112623,
0005066366c020ef,
0407966300054783,
0000b71700249793,
00f707b307470713,
000405130007a583,
00050663644020ef,
0207926300054783,
0000a59700040513,
628020ef53858593,
0005478300050663,
a701851300079463,
0081240300c12083,
0101011300412483,
fc01011300008067,
02112e2301712e23,
0321282302812c23,
00050b9300600793,
035122231ab7e263,
00060a9303612023,
2606066300058b13,
0000c91703412423,
0000da17bdc90913,
02912a239f0a0a13,
000a041303312623,
0000d99700090493,
00048593a9898993,
0204041300040513,
02048493658000ef,
000ac783ff3416e3,
240b12630c079663,
9ac484930000d497,
01f00a9300100413,
0004059300700b13,
ed5ff0ef000b8513,
f21f90ef00050993,
0009859300050793,
0efaea6300048513,
604000ef00140413,
fd6418e302048493,
000b099366018b13,
95c484930000d497,
00700a9300100413,
0009851300090593,
000486135d8000ef,
0000c51700040593,
e1cff0efafc50513,
001404131e050e63,
0209091302098993,
fd5416e302048493,
0341248303812403,
02812a0302c12983,
02012b0302412a83,
0301290303c12083,
0401011301c12b83,
0a0b0063d38ff06f,
e79f90ef000a8513,
04a7ea6301f00793,
0000d717005b1793,
00f704338b070713,
00040513000a8593,
00040613550000ef,
0000c517000b0593,
d94ff0efa7450513,
cecff0ef00050413,
02c1298303412483,
02412a8302812a03,
0240006f02012b03,
02c1298303412483,
02412a8302812a03,
0160091302012b03,
00000413012ba023,
0004051303c12083,
0301290303812403,
0401011301c12b83,
02f0059300008067,
114050ef000a8513,
18050c6300050793,
02f0061300154703,
00c7186300070693,
001787930027c703,
f8070ae3fed70ce3,
814404130000d417,
02f0049300100b13,
01f0071341578633,
00160613f6c74ce3,
00040513000a8593,
1fc050ef00f12623,
001b0b1300c12783,
009718630007c703,
001787930017c703,
14070c63fe970ce3,
0017468300078713,
fd16861300170713,
fe0618e300068463,
0204041300700693,
00078a93e4db00e3,
f95ff06f00070793,
870404130000c417,
005594130e058063,
948787930000c797,
02012b0302412a83,
f0dff06f00f40433,
000b8513000b0593,
00050493ca9ff0ef,
01f00793cf5f90ef,
005b1793eca7e8e3,
72c707130000c717,
0004859300f70433,
3cc000ef00040513,
00100493e7dff06f,
00941c63000ba903,
001484930600006f,
020b0b13020a0a13,
000b059304848863,
39c000ef000a0513,
00048593000a0613,
8c0505130000c517,
fc0518e3be0ff0ef,
0e4585930000a597,
374000ef000a0513,
00048593000a0613,
898505130000c517,
fa9ff06fbb8ff0ef,
02c1298303412483,
02412a8302812a03,
e45ff06f02012b03,
02012b0302412a83,
000a8513e41ff06f,
01f00793c35f90ef,
0000c417e0a7e8e3,
0004051369040413,
02040413000a8593,
ff3418e3310000ef,
005b1413d11ff06f,
64c707130000c717,
0087043300700793,
fe040593cefb0ce3,
0204041300040513,
ff3418e32e0000ef,
a2c1c503ce1ff06f,
0005079300008067,
00058613b141a503,
bf9ff06f00078593,
000080670f050513,
000080679f418513,
000080679f418513,
00812423ff010113,
0005851300050413,
00112623b401a223,
fff00793b19f10ef,
00c1208300f50a63,
0101011300812403,
b441a78300008067,
00c12083fe0786e3,
0081240300f42023,
0000806701010113,
00c587b302a5f663,
0406086302f57263,
fff7c70300c50633,
fff78793fff60613,
fec518e300e60023,
00f0079300008067,
0005079302c7e863,
0e060063fff60693,
00d786b300168693,
001787930005c703,
fee78fa300158593,
00008067fed798e3,
0037f79300b567b3,
0a07926300058893,
0047981300465793,
fff7879301050833,
0005a68300050713,
0107071301058593,
ff45a683fed72823,
ff85a683fed72a23,
ffc5a683fed72c23,
fd071ce3fed72e23,
0117873300479793,
00f507b301070593,
0107879300c67813,
00f6769300058e13,
ffc6869304080863,
00d70733ffc6f693,
4115083301470713,
010588b30005a303,
0068a02300458593,
00468713fee598e3,
00f707b301c705b3,
f2dff06f00367613,
00050793fff60693,
00008067f29ff06f,
f15ff06f00068613,
0037f79300a5c7b3,
0607966300c508b3,
0606126300463613,
0005071300357793,
ffc8f6130c079a63,
0200079340e606b3,
0005869306d7c463,
02c77a6300070793,
004787930006a803,
ff07ae2300468693,
fff60613fec7e8e3,
ffc6761340e60633,
0047071300458593,
00c7073300c585b3,
0000806701176863,
ff157ce300050713,
001707130005c783,
fef70fa300158593,
00008067fee898e3,
0045a2830005a683,
00c5af030085af83,
0145ae030105ae83,
01c5a8030185a303,
0205a68300d72023,
fe57202302470713,
fff72223fed72e23,
ffe7242340e606b3,
ffc72823ffd72623,
ff072c23fe672a23,
fad7c6e302458593,
0005c683f45ff06f,
0037779300170713,
00158593fed70fa3,
0005c683f0078ee3,
0037779300170713,
00158593fed70fa3,
f01ff06ffc079ae3,
0037f79300b567b3,
0005a70308079063,
f7f686937f7f86b7,
00d8083300d77833,
00d8683300e86833,
00050613fff00793,
0045859302f81463,
0005a70300e62023,
00d777b300460613,
00e7e7b300d787b3,
ff0780e300d7e7b3,
0015c7030005c783,
00f600230025c683,
00e600a300078a63,
00d6012300070663,
0000806700069463,
00008067000601a3,
0005c70300050793,
0015859300178793,
fe0718e3fee78fa3,
00b5673300008067,
00377713fff00393,
7f7f87b710071063,
00052603f7f78793,
00f672b30005a683,
00f282b300f66333,
107292630062e2b3,
0045260308d61663,
00f672b30045a683,
00f282b300f66333,
0c729e630062e2b3,
0085260306d61663,
00f672b30085a683,
00f282b300f66333,
0c7298630062e2b3,
00c5260304d61663,
00f672b300c5a683,
00f282b300f66333,
0c7292630062e2b3,
0105260302d61663,
00f672b30105a683,
00f282b300f66333,
0a729c630062e2b3,
0145859301450513,
01061713f4d60ee3,
00f71e6301069793,
0106d79301065713,
0ff5759340f70533,
0000806702059063,
0107d79301075713,
0ff5759340f70533,
0000806700059463,
0ff7f7930ff77713,
0000806740f70533,
0005c68300054603,
0015859300150513,
fe0616e300d61463,
0000806740d60533,
0045859300450513,
00000513fcd61ce3,
0085051300008067,
fcd612e300858593,
0000806700000513,
00c5859300c50513,
00000513fad618e3,
0105051300008067,
f8d61ee301058593,
0000806700000513,
fff8081380000837,
00b876b300062023,
000587937ff008b7,
0916fc6300050713,
0808886300a6e8b3,
0145de13fe010113,
7ffe7e1300112e23,
0005831300060893,
020e1c6300000613,
488787930000b797,
0047a6830007a603,
4c5070ef01112623,
00c1288380000737,
00b876b3fff70813,
0005071300058313,
4146d693fca00613,
01c12083801007b7,
c0268693fff78793,
00c686b300f37333,
00f367b33fe007b7,
0007051300d8a023,
0201011300078593,
0007051300008067,
0000806700078593,
010527830105a803,
fff808131d07cc63,
0145861300281293,
01450e1300560333,
005e02b300032783,
fd0101130002a703,
0211262300178793,
02f758b302812423,
00060f930cf76063,
00000413000e0f13,
000fa78300000713,
004f0f13000f2383,
010ede9301079e93,
010396930107d793,
0103d3930106d693,
031e8eb3004f8f93,
008e8eb3031787b3,
01045413010e9413,
408686b3010ede93,
4106d71300e686b3,
0106d69301069693,
01079e9301d787b3,
0107d413010ede93,
007787b341d707b3,
00d7673301079713,
4107d713feef2e23,
0002a783f9f372e3,
ffc2829302079463,
0180006f005e6863,
005e7863fff80813,
ffc282930002a783,
01052823fe0788e3,
01c12e2301112623,
00c12a2300612c23,
0005041301012823,
00c12883759020ef,
01c12e030a054663,
0141260301812303,
0018889301012803,
00000793000e0513,
0006258300052683,
0106971300450513,
010ede9301059e93,
41d7073301075713,
4107579300f70733,
0106d6930105d593,
00d787b340b787b3,
0107969301071713,
00e6e73301075713,
fee52e2300460613,
fac376e34107d793,
00fe07b300281793,
020714630007a703,
00fe6863ffc78793,
fff808130180006f,
0007a70300fe7863,
fe0708e3ffc78793,
02c1208301042823,
0008851302812403,
0000806703010113,
0000806700000513,
f401011303852303,
0a912a230a812c23,
0b6120230b212823,
09812c2309712e23,
0a112e2309a12823,
00e128230b312623,
02b1222300f12623,
00058b1300050413,
00068b9300060493,
00088d1300080913,
0203026300060c13,
0010079303c52703,
00e797b300030593,
00f3242300e32223,
02042c233a8020ef,
0000071300048993,
001494930004da63,
000c09930014dc13,
7ff007b700100713,
00f9f73300e92023,
000b051338f70c63,
00000613000c0593,
0b41242300000693,
000b0a1303612023,
125070ef01812e23,
00c1270304051e63,
00f7202300100793,
00009797000d0863,
00fd202359578793,
000099170a812a03,
0bc1208358490913,
0b4124830b812403,
0a012b030ac12983,
09812c0309c12b83,
0009051309012d03,
0c0101130b012903,
000b059300008067,
07810713000c0613,
0004051307c10693,
0b51222309b12623,
0149d91309912a23,
00050493150030ef,
3209106307812d83,
0200079307c12903,
43290713012d8933,
0400079362e7da63,
4129051340e787b3,
00ab553300f999b3,
c80f80ef00a9e533,
fff90913fe1007b7,
00b787b300050a13,
0007859300100c93,
090787930000b797,
0047a6830007a603,
068080ef000a0513,
080787930000b797,
0047a6830007a603,
0000b7970b1070ef,
0007a60307478793,
4b9060ef0047a683,
0009051300050a13,
451080ef00058a93,
058787930000b797,
0047a6830007a603,
00050613079070ef,
000a051300058693,
481060ef000a8593,
00058a9300050a13,
0005099339d080ef,
0000069300000613,
000a8593000a0513,
02055063a44f80ef,
3f9080ef00098513,
000a8693000a0613,
00a03533798070ef,
412d893340a989b3,
fff90a1301600793,
0000a8172537e463,
0039979340480813,
0201250300f807b3,
0007a60301c12583,
9f0f80ef0047a683,
0120446350054c63,
013a0a332380106f,
02012c2303312623,
0201242300012c23,
2377e86300900793,
4b77da6300500793,
00400713ffcb8b93,
40c0106f00eb9463,
002007937afb8463,
00fb946300000a93,
00300b931b40106f,
0101278304012023,
00178c93013787b3,
000c861304f12423,
0010061301904463,
0010071301700693,
00c6c46300400793,
001797935cc0106f,
0007059301478693,
fed678e300170713,
0004051302b42e23,
00050913034020ef,
48c0106f00051463,
00fcb79302a42c23,
2c0a82e32c0784e3,
00f9f793353052e3,
310808130000a817,
4049da9300379793,
010af69300f807b3,
0047a7030007a803,
0000a797460688e3,
0207a6032c478793,
020125030247a683,
04e1262301c12583,
ed0f70ef03012823,
02e12e2300300713,
04c1270303012803,
0005031300fafa93,
720a806300058793,
0481262302912823,
278484930000a497,
04612823000a8413,
00078d9303c12a83,
00c0006f00070593,
0084849340145413,
00071a6300147713,
0084849340145413,
fe0702e300147713,
0044a6830004a603,
4014541300080513,
001a8a93658070ef,
6a04006300050813,
fd5ff06f00848493,
00c9979300c12683,
00c7d79300002737,
0167e7b370f70713,
0407806300e6a023,
57c9091300009917,
00009797c80d0ae3,
00fd202357378793,
01c12783c85ff06f,
c01909133ff00737,
00c7d79300c79793,
00000c9300e7e7b3,
00009917d0dff06f,
0000979753490913,
c40d08e353478793,
c49ff06f00fd2023,
02f12c2300100793,
280a4a6300012c23,
018127832a09d263,
413787b302012623,
413007b300f12c23,
0090079302f12423,
00000b93dd77fce3,
0000059302042e23,
679010ef00040513,
0005146300050913,
03242c232d00106f,
07c1270300f9a793,
2a07506300078463,
07812783520c9463,
fff00c9303600713,
0181278340f70733,
0591242300ea0a33,
0281278300e78733,
00f12e2300012823,
0004051300100593,
324020ef02e12023,
0201270301812783,
0007946300050a93,
014044630380106f,
018126830300106f,
00da546300068793,
01812683000a0793,
40fa0a3340f70733,
0281278340f686b3,
0607846300d12c23,
0007946301c12783,
000786131540106f,
00040513000a8593,
5d8020ef02e12023,
0005059300048613,
0004051300050a93,
00048593378020ef,
0004051300050493,
02812703639010ef,
01c1268301c12783,
0007079340f70633,
00d7846302012703,
001005930740106f,
02e1202300040513,
02c12783268020ef,
0201270300a12e23,
78d0006f00078463,
1d77cce300100793,
1c0698e302412683,
1c0694e300cc1693,
7ff6f693014c5693,
02f126231a068ee3,
001a0a1300170713,
014787b302f12423,
020788e301f7f793,
34f6cce301b00693,
40f687b301c00693,
00f7073301812683,
00f686b300fa0a33,
26e0486300d12c23,
01c1258301405c63,
00040513000a0613,
00a12e23660020ef,
0017ca13003ba793,
2607906303812783,
3a0a06633b904863,
01c12583080c92e3,
0050061300000693,
569010ef00040513,
00a12e2300050593,
7a4020ef00048513,
0310079304a05ee3,
00f9002300198a13,
01c1258300190b93,
001a0a1300040513,
000a8863511010ef,
00040513000a8593,
00048593501010ef,
4f5010ef00040513,
000b802300c12783,
380d02630147a023,
0a412a830a812a03,
08c12d8309412c83,
9a9ff06f017d2023,
412787b300100793,
00000a1300f12c23,
013a0a33d609c2e3,
b41ff06f03312623,
00eb946300400713,
30fb86637550006f,
50fb86e300200793,
0401202300300793,
b4fb8ce300100a93,
40e787b3d51ff06f,
9e1ff06f00fb1533,
02012c23fff98993,
0000a797d09ff06f,
00399713ebc78793,
0007ab0300e787b3,
fff00c930047ab83,
02012d8300190a93,
000b061301c12a03,
000d8513000b8693,
a88f70ef000a0593,
00050c135cc080ef,
000b0613644080ef,
274070ef000b8693,
0005061300058693,
000d8513000a0593,
030c0793205070ef,
00100a1300f90023,
00050713000a8d93,
a20686930000b697,
72d0006f014c9463,
0046a8030006a783,
00f12823415a0a33,
000c8a9301012a23,
0005879300812c23,
000b06130600006f,
000c0513000b8693,
a00f70ef000c8593,
00050413544080ef,
000b06135bc080ef,
1ec070ef000b8693,
0005061300058693,
000c0513000c8593,
001d8d9317d070ef,
fefd8fa303040793,
00050713014d86b3,
6b5682e300058793,
0141268301012603,
0007859300070513,
000006131a8070ef,
00050c1300000693,
104070ef00058c93,
01812403f6051ee3,
000d8b9300198a13,
00048593e25ff06f,
0004051300070613,
000504933f8020ef,
01c12583d81ff06f,
56c020ef00048513,
00048593d8055ce3,
00a0061300000693,
309010ef00040513,
fff98c1304812783,
0017a79300050493,
0281278300fa7a33,
000a0463080794e3,
04812c837650006f,
000c099300098a13,
00100b1301c12b83,
000485930200006f,
00a0061300000693,
2b9010ef00040513,
00050493001b0b13,
00048513000b8593,
03050c13c80ff0ef,
ff878fa3016907b3,
00000b13fd9b46e3,
fffc8b1301905463,
00fb0b3300190793,
0004859300000693,
0004051300100613,
32c020ef00d12823,
0005049301c12583,
010126834a8020ef,
039007130aa05663,
4d6904e30080006f,
000b0b93fffb4783,
fee788e3fffb0b13,
00fb002300178793,
0004051301c12583,
1fd010ef00d12823,
01012683ce0a8ee3,
cf5682e3ce0684e3,
0004051300068593,
cd5ff06f1e1010ef,
4337071301812783,
00e7873300ea0a33,
fff00c9302812783,
00f12e2305912423,
ae5ff06f00012823,
7807986302812783,
ef5ff06f00198a13,
00000a9300100793,
869ff06f04f12023,
0551202300100a93,
0005166385dff06f,
f40c18e3001c7c13,
000b0b9303000713,
fffb0b13fffb4783,
f5dff06ffee78ae3,
0a412a830a812a03,
08c12d8309412c83,
03012483e2cff06f,
0501230304c12403,
000d879303512e23,
0008061300058713,
0007069300030513,
f81f60ef00078593,
00058a9302a12823,
0207826303812783,
6f8686930000a697,
030125030006a603,
000a85930046a683,
1c0544e395df70ef,
310080ef03c12503,
000a869303012603,
0000a797741060ef,
0007a60371c78793,
348060ef0047a683,
00050713fcc008b7,
240c886300b888b3,
03912e2305312623,
0000a81703c12783,
07012223b0480813,
00f807b300379793,
03012503ffc7a803,
000a8593ff87a783,
04f1282307112023,
04e12e2305012a23,
04a12c2321c080ef,
00050613294080ef,
0005869303012503,
660070ef000a8593,
00190d9305812783,
0307889300050a93,
0000a81704012783,
44078863a9c80813,
0000a59704b12c23,
0501260363c58593,
0005a50305412683,
050120230045a583,
e71f60ef03112823,
0601268305c12603,
0581270360c070ef,
000a861303012883,
0119002300070693,
04a1282302e12823,
f38f70ef04b12c23,
0000a81703012703,
2ca040e3a3480813,
5b8686930000a697,
0046a6830006a603,
0741202305312e23,
0771222305012983,
0561282307812423,
000a8b1305812a03,
03c12a8302c12823,
0591202302d12a23,
0701262300000b93,
0900006f00070c13,
2b5bdc63001b8b93,
5b0c8c930000ac97,
004ca683000ca603,
000a059300098513,
000ca6035c1060ef,
00050993004ca683,
000b051300058a13,
5a5060ef000c0593,
00058c9300050c13,
00050b130dc080ef,
00050613154080ef,
000c051300058693,
520070ef000c8593,
00098613030b0793,
00fd8023000a0693,
00050b13001d8d93,
f60f70ef00058c13,
030125031e0542e3,
000b061303412583,
4e8070ef000c0693,
000a069300098613,
f4055ae3f3cf70ef,
0080006f03900693,
000d8b93192d8ce3,
fffd8d93fffdc703,
00170713fed708e3,
04c1278300ed8023,
9a9ff06f00178a13,
0c0080ef03c12503,
000a869303012603,
0000a7974f1060ef,
0007a6034cc78793,
0f8060ef0047a683,
00050713fcc008b7,
0000a79700b888b3,
030125034b478793,
0047a6830007a603,
05112623000a8593,
450070ef02e12e23,
04c1288303c12703,
0007061302a12823,
02b12a2300088693,
03112e2304e12823,
20a04c63d7cf70ef,
0501260303c12883,
0341258303012503,
00f8c6b3800007b7,
1c054063e6cf70ef,
0007ca6307c12783,
0000a81700f9a793,
14079a6384c80813,
7c07966304012783,
5c078a6301812783,
018127035c0a0863,
00ea546300070793,
01812703000a0793,
40f7073340fa0a33,
74079c6302812783,
0004051300100593,
205010ef00e12c23,
00a12e2302c12783,
140790e301812703,
0010079300000a93,
01c00793fccff06f,
6c098863fe0ff06f,
00faf79341300ab3,
7c88081300009817,
00f807b300379793,
0047a6830007a603,
01c1258302012503,
404ad7933b1060ef,
00058a9302a12823,
00200713200780e3,
000b0a9302912823,
00040b1302e12e23,
7584849300009497,
0007041300078d93,
401ddd9300c0006f,
001df71300848493,
401ddd9300071a63,
001df71300848493,
0004a603fe0702e3,
401ddd930044a683,
345060ef00140413,
00848493640d8663,
01012783fddff06f,
fff7ca1300090b93,
07c12783facff06f,
05c1298304012c83,
06412b8306012a03,
06c1280306812c03,
6807c66305012b03,
6807826300f9a793,
00f807b300399793,
0047ab830007ab03,
8207dee301012783,
020c9c6383904ce3,
2c0787930000a797,
0047a6830007a603,
000b8593000b0513,
000506132c1060ef,
0201250300058693,
cb0f70ef01c12583,
0000059302a04e63,
43c010ef00040513,
00090b9301012783,
f30ff06f40f00a33,
0201230300200693,
02d12e2301c12783,
02f12423bc4ff06f,
03100793e54ff06f,
0000059300f90023,
00190b9300040513,
00298a133f8010ef,
05012603ef4ff06f,
06b1222305412683,
0601258305c12503,
0311282305012c23,
03012883231060ef,
04a1202303c12783,
04b1222301190023,
0581280300100613,
000d889306412703,
1e0686930000a697,
0006a6030ac78c63,
059128230046a683,
00f90cb305b12c23,
000a851307212023,
000b0a9302c12823,
05312e2302d12a23,
0008891300048d93,
0007059307012223,
0301260300040b13,
0019091303412683,
000584931b1060ef,
4e9070ef00050413,
561070ef03050993,
0005869300050613,
0004859300040513,
ff390fa312c070ef,
000d8493fd2c92e3,
03c1278305812d83,
05c1298305012c83,
0641280306012903,
000b0413fffd8893,
000a8b1300058713,
00050a9300f888b3,
0f0303130000a317,
0043268300032603,
0441258304012503,
0501282302e12e23,
541050ef03112823,
000a861303c12683,
5a054863b1cf70ef,
0b8303130000a317,
0441268304012603,
0043258300032503,
03c1268309c070ef,
9e0f70ef000a8613,
0501280303012883,
07c1270366a04c63,
00f9a713c8074ce3,
00399713c80708e3,
00082b0300e80833,
000d8a9300482b83,
01c00693e14ff06f,
03c00693ccd78263,
ca4ff06f40f687b3,
00000693000a8593,
0004051300a00613,
00050a93254010ef,
000c099304812c83,
01812783cc0a1463,
000a859300f05c63,
0004051300078613,
00050a932f1010ef,
000a8d9302c12783,
024127034e079e63,
fff9079301c12a03,
0331202300177713,
0009099303212223,
0197893300e12c23,
0361262303a12423,
00048513000a0593,
00050c13bc1fe0ef,
00048513000a8593,
000a0593421010ef,
000d861300050c93,
465010ef00040513,
030c0b1300c52703,
08071a6300050593,
0004851300a12823,
010125833f1010ef,
0004051300050d13,
017d66b3170010ef,
0181278310069863,
5a0cce635c078c63,
00198c9301698023,
0004859353390263,
00a0061300000693,
160010ef00040513,
000a859300050493,
00a0061300000693,
0bba8c6300040513,
000d8593144010ef,
0000069300050a93,
00a0061300040513,
00050d9312c010ef,
f35ff06f000c8993,
01812c2300040513,
02812d0302412903,
000b0c1300098a13,
02c12b0302012983,
0d4010ef01912823,
0007cc6301012783,
001b771301012783,
00f767b30177e7b3,
0004859308079663,
0004051300100613,
01c12583191010ef,
30d010ef00050493,
0390079354a05463,
018127834afc0863,
000a869303178c13,
001a0b93018a0023,
00198a13000d8a93,
090010efe68ff06f,
00050d9300050a93,
e95ff06f000c8993,
01812783480cca63,
0197ecb3017cecb3,
efa056e3480c8263,
0241290300098a13,
02812d0302012983,
03900793000b0c13,
001c0c1344fc0463,
000a8693018a0023,
000d8a93001a0b93,
e04ff06f00198a13,
1a07966302812783,
0004051300100593,
02c12783458010ef,
0181270300a12e23,
a4078ce300000a93,
01c1258302c12603,
02e1202300040513,
0010079374c010ef,
0201262300a12e23,
2377da6302012703,
02e1202301c12783,
0107a78301c12703,
00f707b300279793,
258010ef0107a503,
0201270302000793,
9d0ff06f40a787b3,
0401202300100a93,
00f05c6301012783,
04f1242301012783,
00078c9300078613,
00100793e59fe06f,
02042e2304f12423,
00f1282300078c93,
e69fe06f00000593,
412787b300100793,
00098a1300f12c23,
02012c2303312623,
880c86e3dc5fe06f,
92f052e304812783,
d58686930000a697,
030125030006a603,
fff987930046a683,
04f12623000a8593,
03c12703560060ef,
00058a9300050d93,
03b1282300170513,
000d861310d070ef,
53c060ef000a8693,
d18787930000a797,
0047a6830007a603,
04812783145050ef,
00050713fcc008b7,
02f12e2300b888b3,
02012783e00ff06f,
02f1282301c12a83,
02f12e2300200793,
03012483d80ff06f,
02a1282302812e23,
000a8b13000b0413,
d64ff06f00058a93,
0007946302812783,
ff5fe06f85cff06f,
02f1242300100793,
00e12c23e81ff06f,
0004859302812603,
5c8010ef00040513,
0010059300050493,
29c010ef00040513,
00a12e2302c12783,
0181270324079063,
00000a9302012423,
860ff06f00100793,
fffc861302812783,
0281278330c7d263,
0010059302c12703,
00f707b340f607b3,
00c12e2300040513,
24c010ef02f12623,
01c1260301812783,
00050a93019a0a33,
02078863000c8713,
0181268301812783,
000a079301978733,
000687930146d463,
40f7073301812683,
40f686b340fa0a33,
0004859300d12c23,
00e12e2300040513,
01c12703514010ef,
f79fe06f00050493,
dc0696e302412683,
dc0692e300cc1693,
7ff6f693014c5693,
00170713da068ce3,
02f12623001a0a13,
03100793da9ff06f,
00f9002300298a13,
00100a93b48ff06f,
dc5ff06f05512023,
00000a9300100793,
db5ff06f04f12023,
0310071304c12783,
04f1262300178793,
02812603e70ff06f,
04c12783f75ff06f,
00178a13000d8b93,
03012d8380cff06f,
004aa583e30ff06f,
449000ef00040513,
1c05026300050a13,
00ca8593010aa603,
0026061300c50513,
accfe0ef00261613,
00040513000a0593,
5ac010ef00100613,
ac9ff06f00050d93,
0181240300040c13,
0005869300070613,
720050ef00070513,
000b8693000b0613,
00b12a2300a12823,
be1f60ef00198a13,
0101250302a04263,
000b061301412583,
244060ef000b8693,
001c771300051a63,
0531262300070663,
000d8b93d90ff06f,
00e12c23f5dfe06f,
c6dff06f00000a93,
2086869300008697,
1af0059300000613,
20c5051300008517,
020129832e4030ef,
000a8693000b0c13,
02812d0302412903,
000d8a93000c8b13,
9b8ff06f00198a13,
fff8c78303000713,
fff8889300088b93,
d48ff06ffee78ae3,
0201242301812703,
c05ff06f00000a93,
000a869303900793,
001a0b1300fa0023,
00198a13000d8a93,
01812c2399cff06f,
00098a13000d0713,
0201298302412903,
000b0c1302812d03,
b21ff06faee04ae3,
0241290300098a13,
02812d0302012983,
b09ff06f000b0c13,
00098a1303900793,
02012983000c0713,
02812d0302412903,
f8fb06e3000b0c13,
03170c13af9052e3,
04812c83addff06f,
dfdfe06f000c0993,
001c7793ac0516e3,
ac1ff06faa079ae3,
02f12e2300200793,
02042e23a20ff06f,
a49fe06f00000593,
0e86869300008697,
2ef0059300000613,
0ec5051300008517,
40c787b31c4030ef,
000cdc6300f12e23,
0007871301812783,
00f12c23419787b3,
01812783c21fe06f,
01978733019a0a33,
fd010113c11fe06f,
b2418a1301412c23,
0321202302912223,
0161282301512a23,
0005891302112623,
00050a9300060b13,
000a24832a8030ef,
01312e2306048e63,
0e07886300094783,
00090613fc378713,
001647830e070263,
fc37871300160613,
fe0718e300078463,
0d37806303d00993,
0a050c630004a503,
4126043302812423,
0009059300040613,
00051a637b9020ef,
008787b30004a783,
053702630007c703,
004484930044a503,
02812403fc051ce3,
000a851301c12983,
02c12083228030ef,
0201290302412483,
01412a8301812a03,
0000051301012b03,
0000806703010113,
000a8513000a2703,
40e484b300f12623,
009b20234024d493,
00c127831e8030ef,
02c1208302812403,
0241248301c12983,
01812a0302012903,
01012b0301412a83,
0301011300178513,
01c1298300008067,
00090613f85ff06f,
fe010113f31ff06f,
00112e2300c10613,
01c12083ebdff0ef,
0000806702010113,
000780679e81a783,
0406026302058063,
0006478304068863,
0006450300f5a023,
0000806700a03533,
00c10593ff010113,
02068a6302060463,
00f5a02300064783,
00a0353300064503,
0000806701010113,
0000806700000513,
fedff06f00000513,
00008067ffe00513,
fddff06fffe00513,
0a058463ff010113,
2c068c6308060c63,
06081c6300072803,
00100e1300064783,
07f0089306078c63,
f40788930ef8d263,
0913606301f00313,
0008186300f70223,
0107202300100813,
01c6063329068e63,
03f0061300064683,
23066263f8068813,
20f65e630c100613,
7c07f79300679793,
0007202303f6f693,
00f5a02300d7e7b3,
01010113001e0513,
0047478300008067,
f80798e300000e13,
000720230005a023,
0101011300000513,
00c1059300008067,
f2078893f59ff06f,
0713626300f00313,
1208146300f70223,
0107202300100813,
01c6083321068a63,
0e00031300084883,
2067846300088813,
03f00e93f8088313,
00200313186ee863,
00672023011702a3,
001e0e131e668263,
000720231100006f,
0010051300f5a023,
0000806701010113,
00400313f1078893,
00f7022315136c63,
0016889312080463,
00100313011038b3,
12680063011686b3,
0f00031300574883,
0908a31312678463,
f0c7831300031663,
f808831312030063,
106eea6303f00e93,
00100313011702a3,
00072f0310680c63,
0100383300168813,
010686b300200313,
00674803106f0663,
0edee263f8080693,
0006460301c60633,
f806031303f00693,
00d8f8b30c66e863,
012797930077f793,
00d876b300c89893,
006696930117e7b3,
03f6761300d7e7b3,
00f5a02300c7e7b3,
00072023001e0513,
00168893ebdff06f,
00100313011038b3,
ec680ce3011686b3,
005748030e000693,
f80806930cd78063,
06d8e66303f00893,
0006460301c60633,
f806089303f00693,
00f7f7930516ec63,
00c7979300d876b3,
00d7e7b300669693,
00c7e7b303f67613,
00f5a02300072023,
e51ff06f001e0513,
0107202300100813,
01c6083309068263,
001e0e1300084883,
ed9ff06f00100813,
ef1344e308f00313,
00f5202308a00793,
e19ff06ffff00513,
0107202300200813,
01c6083305068663,
03f0031300084803,
fdd36ae3f8080e93,
0107032300300313,
0266846300672023,
eddff06f001e0e13,
fb06dae309f00693,
03f00893f8080693,
010702a3fad8e4e3,
ffe00513f39ff06f,
09f00313dbdff06f,
f8dff06fdf134ce3,
1406006308058c63,
0007278314068863,
0207806300064803,
04d7846300100693,
000647830105a023,
0007851300f037b3,
f7f8079300008067,
0007986301f7b793,
0107b793f2080793,
00100793fc078ce3,
00f7202301070223,
0016480310f68063,
fc08069300200793,
0006986303f6b693,
07d6b693f8080693,
004746830e068463,
0086969300078513,
00d5a023010686b3,
0000806700072023,
00c10593ff010113,
0c0686630a060863,
0006480300072783,
0010069302078263,
0105a02304d78663,
00f037b300064783,
0101011300078513,
f7f8079300008067,
0007986301f7b793,
0107b793f2080793,
00100793fc078ae3,
00f7202301070223,
0016480306f68c63,
fc08069300200793,
0206906303f6b693,
07d6b693f8080693,
08a0079300069a63,
fff0079300f52023,
00474683fa1ff06f,
010686b300869693,
0007202300d5a023,
00000793f89ff06f,
0000806700078513,
f75ff06f00000793,
ed1ff06fffe00793,
00f5202308a00793,
ec1ff06ffff00793,
f55ff06fffe00793,
18060c630c058663,
000727831e068063,
0207846300064803,
0517886300100893,
1ad78a6300200693,
000647830105a023,
0007851300f037b3,
f728079300008067,
000798630027b793,
05e7b793f5f80793,
00100793fc078ce3,
00f7202301070223,
0016480318f68463,
f5f8089300200793,
17136e6305d00313,
08f0031300474883,
0020089312689463,
01172023010702a3,
00f6063314d7fc63,
0017879300064803,
05d00613f5f80693,
0057468314d66463,
0007851307f87813,
010686b300869693,
0007202300d5a023,
ff01011300008067,
0e06046300c10593,
0007278312068463,
0207866300064803,
05178a6300100893,
0ed7866300200693,
000647830105a023,
0007851300f037b3,
0000806701010113,
0027b793f7280793,
f5f8079300079863,
fc078ae305e7b793,
0107022300100793,
0cf6866300f72023,
0020079300164803,
05d00313f5f80893,
004748830d136063,
0668986308f00313,
010702a300200893,
08d7fe6301172023,
0006480300f60633,
f5f8069300178793,
08d6666305d00613,
07f8781300574683,
010686b300869693,
0007202300d5a023,
00000793f6dff06f,
0000806700078513,
010888b300889893,
000720230115a023,
00000793e7dff06f,
00889893f45ff06f,
0115a023010888b3,
f31ff06f00072023,
ec5ff06f00088793,
f91ff06f00088793,
e49ff06fffe00793,
00f5202308a00793,
e39ff06ffff00793,
f01ff06fffe00793,
00f5202308a00793,
ef1ff06ffff00793,
06058e63fe010113,
1c06886308060063,
00912c2300812e23,
01212a2301312823,
000ec30300060e93,
0006099300074483,
0000839700100893,
0000829741038393,
02f004133c028293,
2dcf0f1300008f17,
00008e1700500f93,
08030e63390e0e13,
0ff7f793fe530793,
0027979302f46863,
0007a78301e787b3,
0007806701e787b3,
f80614e300c10593,
0010051300072023,
0000806702010113,
05d00793fdf30913,
007909130127b933,
009787b300349793,
0128083300f28833,
00f387b300084803,
0007c483012787b3,
002818130d0fe663,
0008278301c80833,
0007806701c787b3,
001e8e9300670223,
000ec3030ed8f063,
f60316e300188893,
fadff06f00600913,
fe1ff06f01198633,
00f7202300100793,
000ec70300474783,
0087979300088513,
01c1240300e787b3,
0141290301812483,
00f5a02301012983,
0000806702010113,
0006478300072023,
fd9ff06f00088513,
0007202301c12403,
018124830005a023,
0101298301412903,
0201011300000513,
0020091300008067,
00300913f31ff06f,
00400913f29ff06f,
00500913f21ff06f,
01c12403f19ff06f,
00f5202308a00793,
0141290301812483,
fff0051301012983,
0000806702010113,
eedff06f00100913,
ee5ff06f00000913,
01c1240300972023,
0141290301812483,
ffe0051301012983,
04452783f59ff06f,
00112e23fe010113,
0005869300050713,
0026961302078863,
0007a50300c787b3,
0005270304050863,
0005282300e7a023,
01c1208300052623,
0000806702010113,
0210061300b12623,
00a1242300400593,
00812703770020ef,
0005079300c12683,
fa0518e304a72223,
fc9ff06f00000513,
00d597b300100593,
0007051300578613,
00d1262300261613,
734020ef00f12423,
00c12683fc050ce3,
00d5222300812783,
f89ff06f00f52423,
0045a70302058063,
0027171304452783,
0007a70300e787b3,
00b7a02300e5a023,
0105ae0300008067,
0006831300058e93,
0000089301458813,
0048081300082783,
0107971300188893,
0107d69301075713,
02c686b302c707b3,
0107d713006787b3,
0107d79301079793,
0106971300e686b3,
fef82e2300f707b3,
fbc8cee30106d313,
008ea78302030063,
002e171302fe5063,
00672a2300ee8733,
00fea823001e0793,
00008067000e8513,
fe010113004ea583,
0015859300812c23,
01c1222300612423,
00112e2301d12023,
e89ff0ef00050413,
00412e0300012e83,
0005071300812303,
010ea60308050063,
00c5051300ce8593,
0026161300260613,
01c1242300612623,
00e1202301d12223,
00412e83cf0fd0ef,
00812e0304442783,
00c12303004ea683,
00269693002e1713,
0007a68300d787b3,
0181240301c12083,
01d7a02300dea023,
001e079300012e83,
00672a2300ee8733,
000e851300fea823,
0000806702010113,
4606869300007697,
0ba0059300000613,
5205051300007517,
fe01011353c020ef,
0121282300812c23,
0141242301312623,
00112e2301512223,
0090079300912a23,
00060a1300068993,
00058a9300050913,
0ed7d26300070413,
e397879338e397b7,
02f6b6b300868693,
0010079300000593,
001797930016d693,
fed7cce300158593,
d71ff0ef00090513,
0a050a6300050593,
00f5282300100793,
0090079300852a23,
009a84130947d663,
014a8ab300040493,
00a006130004c683,
fd06869300090513,
e01ff0ef00148493,
ff5492e300050593,
ff84041301440433,
414984b3033a5663,
00044683009404b3,
0009051300a00613,
00140413fd068693,
00050593dcdff0ef,
01c12083fe9412e3,
0141248301812403,
00c1298301012903,
00412a8300812a03,
0201011300058513,
00aa841300008067,
fa5ff06f00078a13,
f45ff06f00000593,
3206869300007697,
0d30059300000613,
3e05051300007517,
000507933fc020ef,
0000051300010737,
0107979300e7f663,
0100073701000513,
0085051300e7f663,
1000073700879793,
4000073700e7ee63,
0027971302e7fe63,
0035051304074463,
0047971300008067,
00450513400006b7,
0067979302d77063,
001797130207c463,
02000513fc074ee3,
0007871300008067,
01f75713fff74713,
0000806700e50533,
0000806700250513,
0077f71300052783,
0017f69302070663,
00069c6300000713,
0a070e630027f713,
00f520230017d793,
0007051300100713,
0107971300008067,
0407146301075713,
0ff7f6930107d793,
0006966301000713,
0087d79301800713,
0606826300f7f693,
040680630037f693,
000696630017f693,
0017d79300170713,
0007051300f52023,
0ff7f71300008067,
00f7f71304070263,
0040071306071663,
0037f6930047d793,
0027d693fc0694e3,
040600630016f613,
0027071300068793,
fc1ff06f00f52023,
0047d79300470713,
00800713fd5ff06f,
f85ff06f0087d793,
002007130027d793,
0007051300f52023,
0037d79300008067,
0200071300079e63,
0037d793f35ff06f,
00f5202300300713,
00370713f75ff06f,
f69ff06f00f52023,
fe01011304452783,
0005071300112e23,
0207886300058693,
060506630047a503,
01c1208300052703,
0010079300e7a223,
00d52a2300052623,
0201011300f52823,
00b1262300008067,
0040059302100613,
264020ef00a12423,
00c1268300812703,
04a7222300050793,
00007697fa0518e3,
000006130f468693,
0000751714500593,
1d0020ef1b450513,
01c0061300070513,
00d1242300100593,
fc0508e3220020ef,
01c1208300812683,
00f5242300200793,
0010079300100713,
0005262300e52223,
00f5282300d52a23,
0000806702010113,
01212823fe010113,
0105a90301312623,
00912a2301062983,
00112e2301412423,
00058a1300812c23,
01394c6300060493,
0005849300098713,
00060a1300090993,
0084a78300070913,
012984330044a583,
00f585b30087a7b3,
1c050a639cdff0ef,
0024181301450893,
0008879301088833,
0007a0230108f863,
ff07ece300478793,
00291313014a0593,
1665f26300658333,
01448e9300299693,
01548e1300de86b3,
4096863301c6be33,
feb60613001e4e13,
010fdf930180006f,
004585930a0f9663,
1265f66300488893,
010f93930005af83,
fe0380e30103d393,
000e8f9300088293,
000fa78300000493,
004282930002af03,
0107571301079713,
0107d79302770733,
01095913010f1913,
004f8f93010f5f13,
01270733027787b3,
01e787b300970733,
01e787b301075f13,
0107571301071713,
00ef673301079f13,
0107d493fee2ae23,
00000793fadfe2e3,
ffc67793000e0463,
0097a22300f887b3,
010fdf930005af83,
0008a783f40f8ee3,
000e8f1300088293,
0000039300078493,
0104d993000f5703,
03f7073301079793,
004f0f130107d793,
004282930042a483,
0109591301049913,
0137073300770733,
00f3e7b301071393,
ffef5783fef2ae23,
03f787b301075713,
00e787b3012787b3,
fadf66e30107d393,
000e046300000713,
00e88733ffc67713,
0045859300f72223,
ec65eee300488893,
0180006f00804863,
00040863fff40413,
ffc80813ffc82783,
01c12083fe0788e3,
0181240300852823,
0101290301412483,
00812a0300c12983,
0000806702010113,
e606869300007697,
1620059300000613,
f205051300007517,
fe01011373d010ef,
0121282300812c23,
00112e2301312623,
0006041300367793,
0005891300050993,
402454130c079a63,
00912a230a040863,
0e0484630409a483,
4014541300147793,
0004a50300079e63,
0005049304050a63,
4014541300147793,
00048613fe0786e3,
0009851300090593,
02090063d49ff0ef,
0449a78300492703,
00e787b300271713,
00e920230007a703,
020408630127a023,
0004a50300050913,
00048613fa051ae3,
0009851300048593,
00a4a023d09ff0ef,
0005049300052023,
01c12083f99ff06f,
0141248301812403,
00c1298301012903,
0000806702010113,
0181240301c12083,
0009051300c12983,
0201011301012903,
fff7879300008067,
9847071300008717,
00f707b300279793,
000006930007a603,
00050913f94ff0ef,
00100593f0dff06f,
eb0ff0ef00098513,
0205006300050493,
0010079327100713,
00f5282300e52a23,
0005202304a9a023,
00007697ef1ff06f,
00000613cf468693,
0000751714500593,
5d1010efdb450513,
03212023fd010113,
0085a7830105a903,
40565a1301412c23,
02812423012a0933,
01312e2302912223,
0019041302112623,
0005099300058493,
0087d8630045a583,
0015859300179793,
00098513fe87cce3,
e18ff0ef00c12623,
1005086300c12603,
0340546301450593,
00271713005a0713,
0005879300e50733,
fe07ae2300478793,
002a1a13fee79ce3,
0104a803014585b3,
01f6761301448793,
0107883300281813,
020003130a060063,
0005889340c30333,
0007a70300000693,
0047879300488893,
00d7673300c71733,
ffc7a683fee8ae23,
ff07e0e30066d6b3,
0000071301548793,
4098083300f86863,
ffc87713feb80813,
00d5a22300e585b3,
0009041300069463,
0449a7830044a703,
0027171302c12083,
0007a70300e787b3,
0281240300852823,
0097a02300e4a023,
0241248302012903,
01812a0301c12983,
0000806703010113,
004787930007a703,
fee5ae2300458593,
0007a703fb07f6e3,
0045859300478793,
fd07eee3fee5ae23,
00007697f95ff06f,
00000613b6c68693,
000075171de00593,
449010efc2c50513,
0105a78301052703,
40f7053300050613,
0027979304f71263,
0145859301460613,
00f607b300f585b3,
02f674630080006f,
ffc5a703ffc7a683,
ffc58593ffc78793,
00100513fee686e3,
fff0051300e6f663,
0000806700008067,
010627830105a703,
00112e23fe010113,
40f708b300058f13,
0027969304f71063,
0146071301458593,
00d7073300d587b3,
18f5fc630080006f,
ffc72683ffc7a803,
ffc70713ffc78793,
1ad87263fed806e3,
0180006f00100893,
00060793fe08cce3,
0005861300000893,
0046258300078f13,
0111242301e12623,
c10ff0ef00c12223,
0081288300412603,
1805086300c12f03,
010f2f8301062803,
0028171301460293,
014f0613002f9f93,
0115262301450393,
01f60fb300e28333,
00038e1300028e93,
000ea70300000893,
004e0e1300062683,
0106959301071793,
0105d5930107d793,
011787b340b787b3,
010757130106d693,
4107d69340d70733,
0107979300d70733,
010716930107d793,
0046061300d7e7b3,
004e8e93fefe2e23,
fbf664e341075893,
00000713015f0693,
41ef8fb300dfe863,
ffcff713febf8f93,
004e8e9300e28eb3,
40538e3300770733,
00470f13000e8613,
00062683046efc63,
0046061301c605b3,
0107571301069713,
011687b301170733,
0106d69341075713,
0107979300d70733,
010716930107d793,
00f5a02300d7e7b3,
fc6660e341075893,
41d70733fff30713,
01e70733ffc77713,
ffc7278300079a63,
fff80813ffc70713,
01c12083fe078ae3,
0201011301052823,
0000059300008067,
02050663abcff0ef,
0010079301c12083,
00f5282300052a23,
0000806702010113,
000f061300060793,
e71ff06f00078f13,
8f86869300007697,
2370059300000613,
9b85051300007517,
000076971d5010ef,
000006138dc68693,
0000751724500593,
1b9010ef99c50513,
00b7f5b37ff007b7,
00f585b3fcc007b7,
00b0566300000793,
0000806700078513,
4145d59340b005b3,
00b7cc6301300793,
40b7d5b3000807b7,
0007851300000793,
fec5859300008067,
0010079301e00713,
800007b700b74663,
0000059300b7d7b3,
0000806700078513,
02812423fd010113,
0291222301052403,
0024141301450493,
0321202300848433,
01312e23ffc42903,
0009051300b12623,
d20ff0ef02112623,
0200071300c12583,
00f5a02340a707b3,
ffc4099300a00793,
ff55061308a7da63,
ff8427830534f063,
40c706b304060c63,
00c9193300d7d733,
00c797b300e96933,
ff8406133ff00737,
02c4fe6300e96733,
00d656b3ff442603,
02c0006f00d7e7b3,
00f50c6300b00793,
3ff0073700c91933,
0000079300e96733,
000007930100006f,
00e967333ff00737,
0281240302c12083,
0201290302412483,
0007851301c12983,
0301011300070593,
00b0069300008067,
3ff007b740a686b3,
00f7673300d95733,
0134f66300000793,
00d7d7b3ff842783,
00a9193301550513,
fadff06f00f967b3,
03212823fc010113,
0010059300058913,
0341242303312623,
02112e2300c12623,
02912a2302812c23,
0007099300068a13,
00c126038a4ff0ef,
014654130e050a63,
fff7079300100737,
000504937ff47413,
0004046300c7f633,
00c12e2300e66633,
01c1051306091063,
01c12683c60ff0ef,
0124a82300100913,
0205071300d4aa23,
bcd4041308040463,
0350079300e40433,
40e78533008a2023,
0381240303c12083,
0301290300a9a023,
02812a0302c12983,
0341248300048513,
0000806704010113,
01212c2301810513,
01c12683c00ff0ef,
0005071301812603,
0200079300050c63,
00f697b340a787b3,
00a6d6b300f66633,
0019091300d03933,
00d4ac2300c4aa23,
f80410e30124a823,
00d486b300291693,
bce707130106a503,
b20ff0ef00ea2023,
40a7853300591793,
00006697f71ff06f,
0000061361468693,
0000651730f00593,
6f0010ef6d450513,
03212023fd010113,
0081059300058913,
0281242302112623,
01312e2302912223,
d7dff0ef00050993,
0005841300050493,
00c1059300090513,
0109a783d69ff0ef,
0081270301092603,
40c787b300c12683,
40d7073300579793,
02f05e6300e787b3,
0087843301479793,
0005869300050613,
0004059300048513,
02c12083e1cf40ef,
0241248302812403,
01c1298302012903,
0000806703010113,
40f585b301479793,
ff010113fc9ff06f,
0011262301212023,
0005091301700793,
0000871706a7d263,
00008697d6470713,
00812423dac68693,
0007278300912223,
0006a40300472583,
000785130046a483,
0004869300040613,
fff909135a8040ef,
fe0914e300050793,
00c1208300812403,
0001290300412483,
0101011300078513,
0035191300008067,
1707071300007717,
0007278301270733,
0047258300c12083,
0007851300012903,
0000806701010113,
fff5859301062683,
001585934055d593,
0146079300269693,
00d786b300259593,
02d7f86300b505b3,
0007a80300050713,
0047071300478793,
fed7e8e3ff072e23,
feb6869340c686b3,
00450513ffc6f693,
00b5786300a68533,
fe052e2300450513,
00008067feb56ce3,
4055d61301052703,
02c7526301450693,
00e687b300271713,
ffc7a70304f6f263,
fe070ae3ffc78793,
0000806700100513,
00f687b300261793,
01f5f593fee650e3,
0007a603fc058ce3,
00b6573300100513,
fce602e300b71733,
0000051300008067,
1e05866300008067,
00812c23fe010113,
0005841300912a23,
0005049300112e23,
d89f60ef00c12023,
0160071300012583,
12f7766300b58793,
00078693ff87f793,
1eb7e26301f7d713,
ffc426031e071063,
ffc67713ff840813,
0000789712d75663,
00e803335348a883,
1e68806300432503,
011308b3ffe57893,
0018f8930048a883,
ffc5751314089a63,
0ed8d26300a708b3,
0206146300167613,
41c80e33ff842e03,
ffc67613004e2603,
00e508b300c50533,
00c708b332d8d663,
0004851328d8de63,
0101222300e12423,
c60f60ef00f12023,
0041280300012783,
0005069300812703,
ffc4260344050c63,
ffe67613ff850593,
22b6066300c80633,
02400793ffc70613,
013007132cc7e463,
0005079322c76463,
0007260300040713,
0047260300c7a023,
0087270300c7a223,
0004059300e7a423,
00d1202300048513,
0004851390cf60ef,
00012683c75f60ef,
0181240301c12083,
0006851301412483,
0000806702010113,
0006879301000693,
ed9ff06f00000713,
0083260300c32683,
00d6262300088713,
0048268300c6a423,
00f0059340f70533,
00e806330016f693,
00d766b306a5e063,
0046278300d82223,
00f622230017e793,
c01f60ef00048513,
01c1208300040693,
0141248301812403,
0201011300068513,
0016761300008067,
ff842e03ee0612e3,
004e260341c80e33,
ec9ff06fffc67613,
b38f606f00060593,
00d8222300d7e6b3,
0015651300f805b3,
0046278300a5a223,
0004851300858593,
00f622230017e793,
f8dff06f824f60ef,
00f4a02300c00793,
01c1208300000693,
0141248301812403,
0201011300068513,
ffc5751300008067,
0107831300e508b3,
001676132468dc63,
ff842e03e4061ee3,
004e260341c80e33,
00c50533ffc67613,
e268cce300e508b3,
008e258300ce2683,
02400713ffc70613,
00b6a42300d5a623,
2ec76663008e0693,
0006871301300593,
0004258302c5f263,
00be242301b00713,
00be262300442583,
0084041330c76a63,
00042603010e0713,
0044260300c72023,
0084260300c72223,
00fe063300c72423,
0000759740f88733,
001767132ac5a223,
004e270300e62223,
00d1202300048513,
00f767b300177713,
aa1f60ef00fe2223,
ea1ff06f00012683,
ffc6f693ffc52683,
e59ff06f00d70733,
01b0071300042583,
0044258300b52023,
10c76e6300b52223,
0085079300840713,
00ce2683dc5ff06f,
ffc70613008e2583,
00d5a62302400513,
008e069300b6a423,
0130059310c56863,
02c5f26300068713,
01b0071300042583,
0044258300be2423,
18c7626300be2623,
010e071300840413,
00c7202300042603,
00c7222300442603,
00c7242300842603,
0008871300068413,
dc1ff06f000e0813,
00a1202300040593,
00012683f29fb0ef,
00c32683d55ff06f,
ffc7061300832583,
00d5a62302400513,
00ce270300b6a423,
008e0813008e2683,
00d7242300e6a623,
013006930ec56063,
02c6f26300080713,
01b0071300042683,
0044268300de2423,
12c76c6300de2623,
010e071300840413,
00d7202300042683,
00d7222300442683,
00d7242300842683,
0008871300080413,
d29ff06f000e0813,
00e5242300842703,
00e5262300c42703,
010407130cf60c63,
c99ff06f01050793,
0004059300068513,
00f1242301c12623,
00d1202301112223,
00c12e03e61fb0ef,
0041288300812783,
f0dff06f00012683,
40f8873300f80833,
0d06ac2300007697,
00e8222300176713,
00048513ffc42703,
00f767b300177713,
8d9f60effef42e23,
cd9ff06f00040693,
0004059300080513,
00f1242301c12623,
0101202301112223,
00012803df9fb0ef,
0081278300412883,
f3dff06f00c12e03,
00ee282300842703,
00ee2a2300c42703,
0104041308a60863,
e6dff06f018e0713,
879f60ef00048513,
cf1ff06f00000693,
0184071301042603,
00c5282301850793,
00c52a2301442603,
00842683bb5ff06f,
00de282302400713,
00de2a2300c42683,
0104041308e60063,
eb5ff06f018e0713,
0004059300068513,
00f1242301c12623,
00d1202301112223,
00c12e03d59fb0ef,
0041288300812783,
d31ff06f00012683,
020e071301042603,
00ce2c2301840413,
00ce2e23ffc42603,
00842583dd1ff06f,
00be282302400713,
00be2a2300c42583,
0104041302e60663,
cd9ff06f018e0713,
020e071301042683,
00de2c2301840413,
00de2e23ffc42683,
01042603e29ff06f,
01840413020e0713,
ffc4260300ce2c23,
ca1ff06f00ce2e23,
00812623ff010113,
0005041300058793,
b095051300007517,
0007c88300078813,
0115073300178793,
0087771300074703,
02d00713fe0714e3,
12e88063fef6ff93,
02e88c6302b00713,
03000713040f9063,
1a0680631ae88e63,
0100069308000337,
00068293fff30313,
800003b700f00f93,
00000e13fff38393,
0007c88302c0006f,
120f8a6300280793,
fff3031380000337,
0003039302d37fb3,
00000e1300068293,
0000081302d35333,
00900e9300000513,
fd08871301900f13,
fbf8871300eef863,
fc98871302ef6c63,
0018081304d75063,
00a36e6302080063,
fff0081304651c63,
0017879304efd863,
fc9ff06ffff7c883,
ff1ff06ffff00813,
00ef6663f9f88713,
fcd744e3fa988713,
02e80a63fff00713,
40a00533000e0463,
08081a6300060663,
00c1240300b62023,
0000806701010113,
00100813025508b3,
fa9ff06f01170533,
00e4202302200713,
fc060ce300038513,
00038513fff78593,
0007c883fc9ff06f,
020f986300280793,
0ce88a6303000713,
00a006930e069e63,
ccc303130cccd337,
00800f9300068293,
800003b700100e13,
80000337f15ff06f,
0003039302d37fb3,
00100e1300068293,
ef9ff06f02d35333,
f9dff06f00050393,
e8e89ce303000713,
0580051300284703,
06a712630df77713,
0100069300384883,
0048079300068293,
fff3031380000337,
0253533302537fb3,
00a00693e7dff06f,
ccc303130cccd337,
00700f9300068293,
0007c703e65ff06f,
0df7771305800513,
0100069300a71c63,
000682930017c883,
fb5ff06f00380793,
0080069306069463,
fa5ff06f00068293,
0580051300284703,
02a70c630df77713,
0100069304068a63,
800003b700068293,
00100e130253d333,
01000693e3dff06f,
0800033700068293,
800003b700100e13,
01000693e25ff06f,
0006829300384883,
fc9ff06f00480793,
0006829301000693,
00800693f41ff06f,
fb1ff06f00068293,
000708630256b713,
00078463fff68793,
ff010113d41ff06f,
3d9000ef00112623,
0160079300c12083,
0000051300f52023,
0000806701010113,
0207826302563793,
00078e63fff60793,
b141a50300050713,
0005861300060693,
cf5ff06f00070593,
00112623ff010113,
00c1208338d000ef,
00f5202301600793,
0101011300000513,
0256379300008067,
fff6079302078263,
0005071300078e63,
00060693b141a503,
0007059300058613,
ff010113ca9ff06f,
341000ef00112623,
0160079300c12083,
0000051300f52023,
0000806701010113,
000780679e41a783,
0ff0079302058463,
00c5802300c7e863,
0000806700100513,
00f5202308a00793,
00008067fff00513,
0000806700000513,
07f007930a058263,
f806079306c7f863,
06f7786377f00713,
7ff787930000f7b7,
08e7f46380060713,
00f607b3ffff07b7,
0ae7f46300100737,
0066579300c65713,
03f7771301265693,
03f6761303f7f793,
f807e793f8076713,
f8066613ff06e693,
00f5812300e580a3,
00c581a300d58023,
0000806700400513,
0010051300c58023,
0066579300008067,
fc07e79303f67613,
00f58023f8066613,
0020051300c580a3,
0000051300008067,
0066579300008067,
03f7f79300c65713,
f807e79303f67613,
f8066613fe076713,
00e5802300f580a3,
0030051300c58123,
08a0079300008067,
fff0051300f52023,
0605866300008067,
0ff7f79300865793,
07f7871304078a63,
01f737130ff77713,
0207871300071a63,
010737130ff77713,
fc06071304070463,
03f737130ff77713,
f806071300071a63,
07d737130ff77713,
00f5802302070463,
0020051300c580a3,
00c5802300008067,
0000806700100513,
0000806700000513,
00f5202308a00793,
00008067fff00513,
0086579306058c63,
060780630ff7f793,
0ff7771307278713,
0027371305f78693,
000716630ff6f693,
0607026305e6b713,
0ff7771305f60713,
04e8726305d00813,
f806661304d86863,
0ff7771305f60713,
f8f0071304e86063,
00c5812300f580a3,
0030051300e58023,
00c5802300008067,
0000806700100513,
0000806700000513,
00c580a300f58023,
0000806700200513,
00f5202308a00793,
00008067fff00513,
008657930a058263,
060780630ff7f793,
0ff77713fdf78713,
08e8686305d00813,
0ff77713fdf60713,
0006a70308e86263,
0207166300200513,
00e6a02300100713,
0240069301b00513,
00a5802304200713,
00e5812300d580a3,
0035859300500513,
00c580a300f58023,
0006a78300008067,
0207846300100513,
028007130006a023,
0420079301b00693,
00e580a300d58023,
0040051300f58123,
00c5802300358593,
0010051300008067,
08a0079300008067,
fff0051300f52023,
fd01011300008067,
0211262302812423,
02068a6300050413,
9e41a78300d12623,
0004051302058c63,
fff00793000780e7,
04f5006300c12683,
0281240302c12083,
0000806703010113,
00d1262310450693,
fc0598e39e41a783,
0141059300000613,
000780e700040513,
00c12683fff00793,
0006a023fcf514e3,
02c1208308a00793,
0281240300f42023,
0000806703010113,
02812423fd010113,
02112623b141a403,
0006046310440693,
9e41a78300060693,
0005861302050a63,
0004051300050593,
000780e700d12623,
00c12683fff00793,
02c1208302f50a63,
0301011302812403,
0000061300008067,
0004051301410593,
000780e700d12623,
00c12683fff00793,
0006a023fcf51ae3,
02c1208308a00793,
0281240300f42023,
0000806703010113,
0006871300070793,
1d50006ffff00693,
b141a50300050893,
0006879300060713,
fff0069300058613,
1b50006f00088593,
3487879300006797,
000080670ef52623,
0027f71300c59783,
0435879300070e63,
00f5a02300100713,
00e5aa2300f5a823,
0005871300008067,
f801011300e59583,
06112e2306812c23,
0805ce6300050413,
00e1242301810613,
008127035d4000ef,
4000059308054263,
06912a2300040513,
01c1248300e12423,
00812703eb4f50ef,
0c05026300c71783,
0807e79340000693,
40c4d69300d72a23,
00a7202300f71623,
00f6f69300a72823,
0cc6966300200613,
0004051300e71583,
5c8000ef00e12423,
00c7178300812703,
ffc7f7930a050863,
07412483000016b7,
800686930017e793,
00c717830500006f,
0017b7930807f793,
3c07f59340f007b3,
0004051304058593,
00b1242300e12623,
00c12703e24f50ef,
00c7178300812583,
0807e79302050a63,
00a7282300a72023,
0000069300b72a23,
00f7162300d7e7b3,
0781240307c12083,
0000806708010113,
2007f69307412483,
ffc7f793fe0694e3,
0027e79304370693,
00f7162300100613,
00d7282300d72023,
fc5ff06f00c72a23,
07412483000016b7,
fadff06f80068693,
00e5958300058793,
0805ca6300060713,
00c12423f8010113,
00d1262301810613,
06112e2300f12223,
0041278347c000ef,
00c1268300812703,
01c1278302054e63,
ffffe6370000f5b7,
00c787b300b7f7b3,
0017b79307c12083,
4000061300f6a023,
00c7202300001537,
0801011380050513,
00c7d78300008067,
040782630807f793,
0000079307c12083,
0400061300f6a023,
0000051300c72023,
0000806708010113,
0807f79300c7d783,
4000061302079a63,
0000051300f6a023,
0000806700c72023,
00f6a02307c12083,
00c7202340000613,
0801011300000513,
0000079300008067,
00f6a02304000613,
00c7202300000513,
0005069300008067,
0c98081300006817,
0140006f00100613,
0405046304a79863,
0015859300168693,
00f807330006c783,
0037771300074703,
0207879300c71463,
00a807330005c503,
40a788b300074703,
fcc712e300377713,
40e7853302050713,
00008067fce780e3,
0000806700088513,
00812423ff010113,
0035779300112623,
0607966300050413,
feff063700052703,
00c707b3eff60613,
fff74713808086b7,
0806869300e7f7b3,
0407926300d7f7b3,
0045051300452703,
fff7471300c707b3,
00d7f7b300e7f7b3,
0045270302079463,
00c707b300450513,
00e7f7b3fff74713,
fc0786e300d7f7b3,
001505130080006f,
fe079ce300054783,
00c12083bd8fb0ef,
0081240300040513,
0000806701010113,
003577930ff5f693,
00078e630c068063,
0a07866300054783,
001505130ad78663,
fe0796e300357793,
008598930ff5f593,
00b888b300052703,
00f888b301089793,
00e8c7b3feff0837,
010785b3eff80813,
010707b3fff7c613,
00c5f633fff74713,
8080833700e7f7b3,
0803031300c7e7b3,
040792630067f7b3,
0045051300452703,
fff7c593011747b3,
010707b301078633,
00c5f633fff74713,
00c7e7b300e7f7b3,
fc078ae30067f7b3,
00078a6300054783,
0015051308f68663,
fe079ae300054783,
0000806700000513,
0005478300078c63,
00150513fe078ae3,
fe0798e300357793,
feff063700052703,
00c707b3eff60613,
fff74713808086b7,
0806869300e7f7b3,
0207906300d7f7b3,
0045051300452703,
fff7471300c707b3,
00d7f7b300e7f7b3,
00054783fe0784e3,
00154783f8078ee3,
fe079ce300150513,
0000806700008067,
00061e6300058793,
0007c7030240006f,
0015051300178793,
00070e63fee50fa3,
fe0614e3fff60613,
0007c70300050023,
fe071ce300178793,
fff5051340b78533,
0005071300008067,
00c5063304060c63,
e318889300006897,
0007478300100813,
00f886b300170713,
0036f6930006c683,
0207879301069463,
001585930005c503,
0006c68300a886b3,
0036f69340a78333,
00a79a6303068063,
fcc710e300050a63,
0000806700000513,
0000806700030513,
40d7853302050693,
00008067fed782e3,
00b567b308060a63,
04079a630037f793,
808088b7feff0337,
eff3031300300e13,
02ce606308088893,
ffc606130380006f,
0607906306060263,
0045859300450513,
0005270302ce7063,
006707b30005a683,
0107f7b3fff74813,
fcd708e30117f7b3,
0005c70300054783,
00c50633fff60613,
0280006f00e78e63,
00078c6300150513,
0005c70300054783,
0015859300e79a63,
00000513fec514e3,
40e7853300008067,
0005879300008067,
00812423ff010113,
0005041300060593,
0011262300078513,
fccec0efb401a223,
00f50a63fff00793,
0081240300c12083,
0000806701010113,
fe0786e3b441a783,
00f4202300c12083,
0101011300812403,
ff01011300008067,
0005041300812423,
b401a22300058513,
fdcec0ef00112623,
00f50a63fff00793,
0081240300c12083,
0000806701010113,
fe0786e3b441a783,
00f4202300c12083,
0101011300812403,
b141a50300008067,
b141a78300008067,
00060813ff010113,
0005089300112623,
00c7a50300058713,
0000579700068613,
00080c6307878793,
0000559700088693,
30c000ef07858593,
00005797631010ef,
00078813ab078793,
ff010113fe1ff06f,
0000061300060693,
fa1ff0ef00112623,
fe01011302c5b7b3,
02c585b300112e23,
fd9f40ef0a079063,
0a05006300050793,
02400693ffc52603,
ffc60613ffc67613,
0130059304c6e663,
02c5f26300050713,
0005222300052023,
04c7786301b00713,
0005262300052423,
06d60a6301050713,
0007222300072023,
01c1208300072423,
0201011300078513,
0000059300008067,
facf40ef00a12623,
01c1208300c12783,
0201011300078513,
0085071300008067,
0007222300072023,
fc1ff06f00072423,
00c00793ee5ff0ef,
01c1208300f52023,
0007851300000793,
0000806702010113,
00052a2300052823,
f85ff06f01850713,
f30f406fb5418513,
f40f406fb5418513,
05212823fa010113,
0541242305312623,
03712e2305612023,
04112e2303b12623,
04912a2304812c23,
03812c2305512223,
03a1282303912a23,
00068b9300a12623,
0005899300070d93,
00080a1300060b13,
0007846310c50913,
0e098c6300078913,
000b248300000c13,
fff00a9300098413,
040b866305bc7863,
0004a6030e0a2783,
0009069300c12503,
00092d0301410593,
000780e700492c83,
018507b30d550263,
fffb8b930cfdea63,
0004a70304099c63,
0807066300448493,
fbbc6ce300078c13,
0581240305c12083,
0501290305412483,
04812a0304c12983,
04012b0304412a83,
03412c8303c12b83,
02c12d8303012d03,
03812c03000c0513,
0000806706010113,
00a4053302a05463,
0141059300040613,
001606130005c883,
ff160fa300158593,
00060413fea618e3,
00448493000b2703,
00eb202300470713,
f6071ee3ffc4a703,
000b202300098463,
fff78c1300092023,
fff00d93f71ff06f,
00c12703f09ff06f,
000a8c1308a00793,
0009202300f72023,
01a92023f51ff06f,
f45ff06f01992223,
00006817b141a503,
e75ff06f2c480813,
b141a50300050e13,
0000681700070793,
000687132ac80813,
0005861300060693,
e4dff06f000e0593,
02c10313fc010113,
0003069302d12623,
02e1282300112e23,
03012c2302f12a23,
0061262303112e23,
01c12083060000ef,
0000806704010113,
00050e93fc010113,
02810313b141a503,
02c1242300058e13,
000e859302d12623,
00030693000e0613,
02e1282300112e23,
03012c2302f12a23,
0061262303112e23,
01c12083010000ef,
0000806704010113,
15212023eb010113,
1391222313612823,
00058b1300050913,
0501051300060c93,
0000059300800613,
1411262313712623,
cccf40ef00068b93,
0349270300090863,
56c0106f00071463,
00cb1703064b2683,
440608630016f613,
0006546301271613,
ffffe6370740106f,
000025b7fff60613,
00b7673300c6f6b3,
00eb162306db2223,
0007546301269713,
00cb17030f50106f,
24068e6300877693,
24068a63010b2683,
00a0061301a77693,
1381242326c68663,
1481242306c10c13,
13412c2313312e23,
13a1202313512a23,
1491222311b12e23,
0601222306012423,
000c041307812023,
0201242300012a23,
0001262302012623,
1189899300006997,
00006d1702500a93,
01000a138e0d0d13,
000d8c93000c8d93,
8f1fa0ef0e49a483,
0501071300050693,
04810593000c8613,
000480e700090513,
2405466326050663,
0157866304812783,
fcdff06f00ac8cb3,
41bc87b300050493,
001cc70325bc9c63,
040101a3001c8d93,
00000313fff00693,
00000c9305a00493,
fe070793001d8d93,
0027979304f4e663,
0007a78301a787b3,
0007806701a787b3,
00000c93fd070793,
002c971300900613,
019708b3001d8d93,
00189893fffdc703,
fd07079301178cb3,
fe070793fef672e3,
000c8893faf4fee3,
00100f1320070e63,
040101a30ae10623,
00012823000f0e93,
0ac10e1300000693,
0641260306812583,
0005871308437293,
06029c6300060793,
5b9048e341d88cb3,
0606086304314603,
00000f9300000293,
0017071304310613,
0010059300178793,
00b4222300c42023,
06f1222306e12423,
0084041300700613,
020f886328f64c63,
00c4202304410613,
0020061300270713,
00c4222300178793,
06f1222306e12423,
0084041300700613,
0800061348f648e3,
41e68cb320c280e3,
00ef0733339048e3,
01c4202300178793,
06e1242301e42223,
0070069306f12223,
42f6c2e300840413,
0003066300437313,
2990446341d88cb3,
000e889301d8d463,
011787b300c12783,
14071a6300f12623,
0601222301012783,
0101258300078863,
ef0f40ef00090513,
e21ff06f000c0413,
00090513000b0593,
00050463ee8f90ef,
00cb17036980106f,
01a7769300a00613,
00eb1683d8c69ee3,
064b2683d806cae3,
000698630016f693,
0007146320077713,
000b86934300106f,
000b0593000c8613,
6b0010ef00090513,
00a1262314c12083,
1401290300c12503,
12c12b8313012b03,
1501011312412c83,
000dc70300008067,
000dc703e01ff06f,
df5ff06f02036313,
0000059300800613,
974f40ef05010513,
00ac8cb300100513,
00050493d79ff06f,
05bc806341bc87b3,
0641270306812683,
00f686b301b42023,
00f4222300170713,
06e1222306d12423,
0084041300700693,
00c1270302e6c663,
00f1262300f707b3,
06812783d6049ae3,
4e40106f00078463,
0601222300cb1783,
060106130540006f,
00090513000b0593,
fc8f80ef00f12823,
0101278302051c63,
fb9ff06f000c0413,
000b059306010613,
fa8f80ef00090513,
01012783ea0500e3,
0101258300078863,
d90f40ef00090513,
064b270300cb1783,
1c07066300177713,
000784630407f793,
148124034b40106f,
13c1298314412483,
13412a8313812a03,
12012d0312812c03,
14c1208311c12d83,
1401290300c12503,
12c12b8313012b03,
1501011312412c83,
2007761300008067,
0127161332060a63,
01269613ba065ae3,
00cb5783bc065ce3,
000784632007f793,
058b250346c0106f,
4600106f82cf40ef,
000b059306010613,
03e12e2300090513,
02612a2302d12c23,
0251222303c12823,
01d12e2303f12023,
ed0f80ef01112c23,
06812703f20516e3,
03c12f0306412783,
0341230303812683,
0241228303012e03,
01c12e8302012f83,
000c041301812883,
01000693d0dff06f,
0000549706412783,
0996d46361448493,
0070031300040613,
0000541701112c23,
000e84935fc40413,
ff0c8c9300c0006f,
010707130596da63,
0086202300178793,
06e1242300d62223,
0086061306f12223,
06010613fcf35ee3,
00090513000b0593,
e80518e3e34f80ef,
ff0c8c9301000693,
0641278306812703,
00700313000c0613,
01812883fb96cae3,
0004049300048e93,
0197073300060413,
06e1242300178793,
0094202306f12223,
0070069301942223,
06010613ccf6d4e3,
00090513000b0593,
01112c2301d12e23,
e20514e3dccf80ef,
01c12e8306812703,
c9dff06f01812883,
e2071ae32007f713,
ed1f30ef058b2503,
e25ff06f00cb1783,
000c889302037793,
010377931c079663,
004b8713000bac83,
0403779332079ce3,
7b10006f00079463,
410cdc93010c9c93,
00070b9341fcd493,
1a074a6300048713,
f7f373131c06c863,
009ce7b31c069463,
043147831c079063,
00000f1300012823,
11010e1300000693,
00100e9324078663,
0641278306812703,
0007059308437293,
b40282e300078613,
b55ff06f00000f93,
040101a3000ba783,
00f12823000c8893,
6e078ae3004b8b93,
46f708e305300793,
460794e301037793,
7f10006f0006d463,
0006861301012503,
0261202300000593,
01912e2300d12c23,
04314783c34f90ef,
01c1288301812683,
0005146302012303,
010127032300106f,
ffff4e9340e50f33,
01df7eb341fede93,
17c0106f00079463,
001e8e9300070e13,
0001282300000693,
04300793f51ff06f,
00f70663000c8893,
300786e301037793,
0000059300800613,
00612c2305810513,
d7df30ef01112823,
0ac10493000ba603,
0004859305810693,
ca9fe0ef00090513,
01012883fff00793,
00050f1301812303,
13c0106f00f51463,
41fede93fff54e93,
004b8b9301d57eb3,
00048e13040101a3,
0000069300012823,
058b2503a11ff06f,
00cb1703d05f30ef,
01271613064b2683,
871ff06f880648e3,
000c889302037793,
004b871301036313,
007b8793180780e3,
0047a703ff87f793,
00878b930007ac83,
e4075ae300070493,
409004b3019037b3,
02d0079340f484b3,
41900cb304f101a3,
f7f373130006c463,
009007930c049c63,
030c8c930d97e863,
00068e93119107a3,
0431478316d05ce3,
0001282306079ee3,
10f10e1300100f13,
000bac83971ff06f,
41900cb3020cdae3,
000dc703004b8b93,
8ddff06f00436313,
000dc70302b00793,
8cdff06f04f101a3,
000c889302037793,
004b871301036313,
040101a304079463,
00000493000bac83,
f806c0e300070b93,
f6069ae3f7f37313,
f60796e3009ce7b3,
00000f1300012823,
00000e9311010e13,
020377938f9ff06f,
02078ee3000c8893,
ff87f793007b8793,
0007ac83040101a3,
00878b930047a483,
f20488e3fa06dce3,
ccccdeb7ccccd737,
ccce8e93ccd70713,
0000059340037f13,
07c0006f11010613,
0007c78301412783,
f017879300b79663,
000c8f93420798e3,
000e061300048813,
019537b3009c8533,
02e537b300f50533,
ffc7f7930027d293,
40f50533005787b3,
00acb7b340ac8533,
03d503b340f487b3,
02e532b302e787b3,
02e50533007787b3,
01f79293005787b3,
001555130017d493,
6e0806e300a28cb3,
019537b3009c8533,
02e7b83300f507b3,
fff60e1300158593,
ffc8781300285f93,
410787b301f80833,
00fcb83340fc87b3,
02e7bfb341048833,
02e787b302e80833,
01f8181301f80833,
00f807b30017d793,
00f807b300279813,
40fc87b300179793,
fef60fa303078793,
000c8f93f20f10e3,
000e061300048813,
000087b7f35ff06f,
04f1122383078793,
000ba783040101a3,
004b8713000c8893,
7806ca6300000613,
00236313f7f37313,
720792e300070b93,
06812703720690e3,
00000e9306412783,
11010e1308437293,
002e8e9300000f13,
0007861300070593,
000128237c028863,
02037793fb0ff06f,
72079663000c8893,
000ba78301037613,
70061463004b8713,
32060ae304037613,
0107d79301079793,
00030e9300070b93,
08c0006f00000613,
004b871302037793,
010377936a079e63,
040377932c079ae3,
200373133a0794e3,
000ba7832c0302e3,
00070b9300c12683,
e00ff06f00d78023,
06c00793000dc703,
0103631378f70a63,
000dc703e50ff06f,
76f7086306800793,
e3cff06f04036313,
000c889302037793,
004b871301036e93,
007b871366078c63,
00072783ff877713,
00870b9300472603,
bffef313040101a3,
00c7e7333e06ca63,
3e071463b7fef313,
001efe933e069263,
03000793540e8063,
000e8f1310f107a3,
10f10e1300012823,
00090513e50ff06f,
0061282300d12c23,
00452783e81f90ef,
02f1262300078513,
02a12423a25f30ef,
e65f90ef00090513,
0281278300852703,
00e12a2301012303,
000dc70301812683,
01412783d8078863,
0007c783d8078463,
40036313d8078063,
000dc703d78ff06f,
d6cff06f08036313,
02a00793000dc703,
58f70ae3001d8613,
00900593fd070793,
02f5e46300000693,
0016061300269713,
fff6470300d706b3,
00f686b300169693,
fef5f2e3fd070793,
00060d936406c463,
000dc703d24ff06f,
d14ff06f00136313,
000dc70304314783,
02000793d0079463,
cfcff06f04f101a3,
e190506341d88cb3,
0000549701000293,
0b92d663ec448493,
0070039302d12823,
01112c2300040693,
01d12e23000c8413,
03c12023000b8c93,
000f0b9302612223,
ff04041300c0006f,
010707130482da63,
0096a02300178793,
06e124230056a223,
0086869306f12223,
06010613fcf3dee3,
00090513000b0593,
f4051063ee5f70ef,
ff04041301000293,
0641278306812703,
00700393000c0693,
000b8f13fa82cae3,
000c8b9301812883,
00040c9301c12e83,
0006841302012e03,
0301268302412303,
0017879301970733,
0194222300942023,
06f1222306e12423,
0084041300700613,
06010613d2f65263,
00090513000b0593,
02d1282303e12a23,
03c1202302612223,
01112c2301d12e23,
ea051863e55f70ef,
0641278306812703,
0301268303412f03,
02012e0302412303,
0181288301c12e83,
cd0ff06f000c0413,
d984849300005497,
000406130b9a5063,
000c841300700693,
000b8c9301112c23,
03c1202301d12e23,
000f0b9302612223,
ff04041300c0006f,
01070713048a5863,
0096202300178793,
06e1242301462223,
0086061306f12223,
06010613fcf6dee3,
00090513000b0593,
e0051c63dbdf70ef,
06812703ff040413,
000c061306412783,
fa8a4ce300700693,
01c12e8301812883,
0241230302012e03,
000c8b93000b8f13,
0006041300040c93,
0017879301970733,
0194222300942023,
06f1222306e12423,
0084041300700693,
06010613c0f6d663,
00090513000b0593,
0261222303e12823,
01d12e2303c12023,
d39f70ef01112c23,
06812703d8051a63,
03012f0306412783,
02012e0302412303,
0181288301c12e83,
bc0ff06f000c0413,
000b059306010613,
0261202300090513,
01112c2301d12e23,
d4051863cf5f70ef,
0201230306812703,
0181288301c12e83,
bacff06f000c0413,
000b059306010613,
03e12c2300090513,
0261282302d12a23,
0251202303c12223,
01112c2301d12e23,
d0051463cadf70ef,
0641278306812703,
0341268303812f03,
02412e0303012303,
01c12e8302012283,
000c041301812883,
11010e13b1cff06f,
0077f71301d61593,
000e05130037d793,
0307071300f587b3,
00c7e5b300365613,
fffe0e13feee0fa3,
fd070713fc059ce3,
0013779300070663,
1101079316079a63,
00068e9341c78f33,
0001282315e6cc63,
00000f93a38ff06f,
0006079301000713,
b984849300005497,
02d12a230b975a63,
0004069300700393,
000c841301112c23,
000b8c9301d12e23,
03c1222303f12023,
000f0b9302612823,
ff04041300c0006f,
0105859304875a63,
0096a02300178793,
06b1242300e6a223,
0086869306f12223,
06010613fcf3dee3,
00090513000b0593,
c0051063ba5f70ef,
ff04041301000713,
0641278306812583,
00700393000c0693,
000b8f13fa874ae3,
000c8b9301812883,
00040c9301c12e83,
0006841302012f83,
0301230302412e03,
00bc873303412683,
06e1242300178793,
0094202306f12223,
0070061301942223,
0431460344f64663,
04061a6300840413,
000002939c0f8a63,
000dc703998ff06f,
8b4ff06f004b8b93,
0000069300000f13,
11010e1300012823,
01269613918ff06f,
fb5fe06f00064463,
001e8e930550006f,
00100f1300012823,
db4ff06f10f10e13,
91cff06f00000293,
00012823000f0e93,
ffe505138e0ff06f,
1101071303000793,
fefe0fa340a70f33,
01e6d46300068e93,
00050e13000f0e93,
8b4ff06f00012823,
000bac8301037e93,
f60e9c63004b8713,
32078a6304037793,
040101a3010c9c93,
00000493010cdc93,
f7f373133206cc63,
009ce7b332069863,
00070b9332079463,
0001282300000f13,
864ff06f11010e13,
00070b93000bac83,
0004871341fcd493,
00c12683cdcff06f,
00c12603000ba783,
00d7a22341f6d693,
00070b9300c7a023,
00030e93f55fe06f,
00000613000ba783,
995ff06f00070b93,
979ff06f00030e93,
00100e9304314783,
f01ff06fe8078663,
00070b9300236313,
0000459700200513,
11010e1380c58593,
00e5873300f7f713,
0047d79300074703,
00ee0023fffe0e13,
00f707b301c61713,
00c7e73300465613,
11010793fc071ce3,
000f0e9341c78f33,
00068e9300df5463,
068127030c050a63,
0843729306412783,
00070593002e8e93,
82029ce300078613,
0001282341d88cb3,
fddfe06f01904463,
d45ff06f00200f93,
00100e93000ba783,
0af10623000e8f13,
d38ff06f0ac10493,
00060d93fff00693,
001dc703eddfe06f,
001d8d9320036313,
001dc703ec9fe06f,
001d8d9302036313,
000c8893eb9fe06f,
7545859300003597,
1c078a6302037793,
ff867613007b8613,
00860b9300062783,
0013751300462603,
0005046300c7ee33,
040101a3260e1663,
b7f373131e06c063,
660e186366069a63,
11010e1300000f13,
0681270300000e93,
0843729306412783,
0007861300070593,
043146036a028663,
00000f9300012823,
eddfe06f00060463,
000c8893f35fe06f,
6b85859300003597,
01012783f79ff06f,
0080061305810513,
02d1202300000593,
01112c2300612e23,
98cf30ef04f12623,
0181288302012683,
2a06cc6301c12303,
00812e2300000493,
00048413000b0c93,
00068b1302612023,
058106930300006f,
000905130ac10593,
fff00793894fe0ef,
00a407b352f50a63,
0044849302fb4063,
0007841357678c63,
009787b304c12783,
fc0614e30007a603,
0181288300040693,
0201230301c12403,
28068463000c8b13,
32d7c86306300793,
0ac10e1300012823,
0000059300800613,
0261222305810513,
0311202301c12c23,
8dcf30ef00d12e23,
0181258301c12683,
04c1061305810713,
924fe0ef00090513,
01812e0301c12683,
0241230302012883,
00de07b356a69a63,
0431478300078023,
41fede93fff6ce93,
00068f1301d6feb3,
001e8e9344078463,
a2cff06f00000693,
040101a320037793,
0ffcfc9322078263,
cc06d8e300000493,
bacff06f00070b93,
000ba78301037613,
02061263004b8b93,
00060a6304037613,
0107d79301079793,
e21ff06f00000613,
2006166320037613,
e11ff06f00000613,
00000513bff37313,
06010613d1dff06f,
00090513000b0593,
02d12a2303e12c23,
03c1222302612823,
01d12e2303f12023,
ec8f70ef01112c23,
0005046300050293,
04314603f1dfe06f,
0641278306812703,
01c12e8301812883,
02412e0302012f83,
0341268303012303,
000c041303812f03,
ccdfe06f00060463,
cf5fe06f000f8463,
04e102a3d25fe06f,
040101a303000713,
0c06c06304e10223,
00236313b7f37313,
c81ff06f00200513,
009007931e049663,
110107931f97e263,
00068e9341c78f33,
01e6d46304314783,
00f037b3000f0e93,
d69ff06f00fe8eb3,
ee0f20ef00090513,
000ba783a91fe06f,
00070b9300c12683,
b41fe06f00d7a023,
00068e9300600793,
000e8f130ad7ec63,
00003e1700000693,
bfdfe06f444e0e13,
0c060c6320037613,
00070b930ff7f793,
0000061300030e93,
20037793d58ff06f,
018c9c930a078663,
41fcd493418cdc93,
0004871300070b93,
bff3731384cff06f,
0020051300236313,
00000693bc5ff06f,
04c1061305810713,
0009051300000593,
01112c2300612e23,
fff00793f09fd0ef,
01c1230301812883,
28f5026300050693,
04f1262301012783,
04314e83d7dff06f,
00000f1301012e03,
c89ff06f01d03eb3,
f49ff06f00078e93,
00c12683000ba783,
00d7902300070b93,
00000493a65fe06f,
aa06d8e300070b93,
41fcd493994ff06f,
0004871300070b93,
00070b93fadfe06f,
c8cff06f00030e93,
000006130ff7f793,
01012483c05ff06f,
01912c2300612e23,
ee9f20ef00048513,
fff54e9304314783,
0181288341fede93,
00050f1301c12303,
1a07866301d57eb3,
001e8e9300048e13,
0001282300000693,
00168593f81fe06f,
00612e2300090513,
00d1282301112c23,
01012683d7cf30ef,
01c1230301812883,
18050e6300050e13,
cadff06f00a12823,
d99f20ef058b2503,
02812783bcdfe06f,
02d1222302c12583,
0007861340fe0833,
0261202300080513,
01e12c2301112e23,
c54f80ef01012823,
0197b633009c87b3,
ccccd63700c787b3,
02c7b5b3ccd60613,
ccc50513ccccd537,
0101280301412703,
00174e03ccccdeb7,
01c1288301812f03,
0025df9301c03e33,
01f585b3ffc5f593,
40fc87b340b787b3,
40b485b300fcb5b3,
01c7073302a78533,
ccccd73700e12a23,
0241268302012303,
ccd70713fff80e13,
02c585b3ccce8e93,
02c7b53300a585b3,
00a585b302c787b3,
0015d49301f59513,
0017d79300100593,
009c87b300f50cb3,
00a787b30197b533,
00255f9302c7b533,
01f50533ffc57513,
40fc87b340a787b3,
40a4853300fcb533,
02c5053302c7bfb3,
01f5063302c787b3,
0017d79301f61613,
0027961300f607b3,
0017979300f607b3,
0307879340fc87b3,
8a4ff06ffef80fa3,
91f7ea6300900793,
00068f13ce5ff06f,
0001282300068e93,
92dfe06f00000693,
0000069301012e03,
91dfe06f00012823,
0601061300090513,
af8f70ef000b0593,
b0dfe06f00051463,
000c8b13b61fe06f,
064b270300cb1783,
00db16230407e693,
0007186300177713,
000794632007f793,
14812403d19fe06f,
13c1298314412483,
13412a8313812a03,
12012d0312812c03,
fff0079311c12d83,
b49fe06f00f12623,
01812883000b0693,
0201230301c12403,
aa1ff06f000c8b13,
f40788e301012e03,
00068f1300168e93,
0000069300012823,
00000513d39fe06f,
0016f693885ff06f,
b39fe06ffa069ae3,
0000359700200513,
869ff06f07458593,
0017f793064b2783,
b19fe06ff8079ae3,
004b8b93000ba683,
fff006930006d463,
00060d93001dc703,
00cb5783fb0fe06f,
00fb16230407e793,
00012823a65fe06f,
00050713829fe06f,
00060693b141a503,
0007059300058613,
00c5d783e10fe06f,
00e5d3030645ae03,
0245a80301c5a883,
40000713b7010113,
48812423ffd7f793,
0005841349212023,
0801059300050913,
4811262307010513,
00d1262348912223,
02f1122300060493,
0261132307c12e23,
03012e2303112a23,
02b1242300b12c23,
02e1262302e12023,
a71f20ef02012823,
0004861300c12683,
0009051301810593,
00050493d88fe0ef,
0241578304055063,
000788630407f793,
0407e79300c45783,
0701250300f41623,
48c12083a3df20ef,
4801290348812403,
4841248300048513,
0000806749010113,
0009051301810593,
fa050ce3d1cf70ef,
fb1ff06ffff00493,
00600513ff010113,
274000ef00112623,
88dea0ef00100513,
0007066313852703,
0000806700000513,
08000593fe010113,
00a1262300112e23,
00c127839acf30ef,
0205026312a7ac23,
0005202308050793,
fef51ce300450513,
01c1208300000513,
0000806702010113,
ff1ff06ffff00513,
02b7606301f00713,
0207046313852703,
00b7073300259593,
00c7202300072503,
0160071300008067,
fff0051300e52023,
fe01011300008067,
0800059300b12223,
00112e2300c12423,
928f30ef00a12623,
0005071300c12683,
12a6ac2308050593,
0005069300412783,
fff0051300812603,
0006a02302070063,
feb69ce300468693,
00b7073300279593,
00c7202300072503,
0201011301c12083,
01f0079300008067,
1385278308b7ea63,
00112e23fe010113,
0005861300050713,
0025969304078063,
0007a68300d787b3,
0010051302068863,
fff0059300a68c63,
0007a02304b68463,
000680e700060513,
0000051301c12083,
0000806702010113,
00c1262300070513,
3e4000ef00e12423,
01c1208300c12603,
0081250300050593,
3740006f02010113,
0160079301c12083,
0201011300f72023,
0160079300008067,
fff0051300f52023,
01f0079300008067,
138527830cb7e063,
00112e23fe010113,
0607846300058713,
00d787b300271693,
020688630007a683,
04c68463fff00613,
02c6886300100613,
0007a02300070513,
00000513000680e7,
0201011301c12083,
01c1208300008067,
0201011300100513,
01c1208300008067,
0201011300300513,
0020051300008067,
00b12623fd1ff06f,
00a1242308000593,
00812683fa5f20ef,
12a6ac2300050793,
00c1270302050063,
0805061300050693,
004686930006a023,
f65ff06ffec69ce3,
f8dff06ffff00513,
00008067fff00513,
b141a80301f00793,
1388278308a7e863,
00112e23fe010113,
02078e6300050613,
00e787b300251713,
020706630007a703,
00d70a6300100693,
04c70263fff00613,
000700e70007a023,
0000051301c12083,
0000806702010113,
00c1262300080513,
274000ef01012423,
01c1208300c12603,
0081250300050593,
2040006f02010113,
0160079301c12083,
0006851300f82023,
0000806702010113,
00f8202301600793,
00008067fff00513,
b141a60301f00793,
1386270302a7e063,
0025151302070463,
0007250300a70733,
0000806700b72023,
00f6202301600793,
00008067fff00513,
00b12623fe010113,
0800059300a12423,
00c1222300060513,
e69f20ef00112e23,
0005071300412603,
12a62c2308050593,
0005061300812783,
fff0051300c12683,
0006202302070063,
fec59ce300460613,
00a7073300279513,
00d7202300072503,
0201011301c12083,
b141a78300008067,
000706631387a703,
0000806700000513,
00078513fe010113,
00f1262308000593,
df1f20ef00112e23,
12a7ac2300c12783,
0805079302050263,
0045051300052023,
00000513fef51ce3,
0201011301c12083,
fff0051300008067,
01f00793ff1ff06f,
b141a6830ca7e463,
00112e23fe010113,
000507131386a783,
0027169306078463,
0007a68300d787b3,
fff0061302068863,
0010061304c68463,
0007051302c68863,
000680e70007a023,
01c1208300000513,
0000806702010113,
0010051301c12083,
0000806702010113,
0030051301c12083,
0000806702010113,
fd1ff06f00200513,
0800059300a12623,
00d1242300068513,
00812683d25f20ef,
12a6ac2300050793,
00c1270302050063,
0805061300050693,
004686930006a023,
f61ff06ffed61ce3,
f89ff06ffff00513,
00008067fff00513,
ff01011300058793,
0006059300812423,
0007851300050413,
b401a22300112623,
fff00793c20ea0ef,
00c1208300f50a63,
0101011300812403,
b441a78300008067,
00c12083fe0786e3,
0081240300f42023,
0000806701010113,
00100337bb8ea06f,
00b377b3fff30313,
0145d81300d37e33,
003797930146d893,
01d55713fe010113,
003e1e1300f76733,
7ff8781301d65793,
00112e237ff8f893,
01f6d69301f5d593,
41180eb301c7e7b3,
00361f9300351f13,
0005031318d58e63,
240886630fd05c63,
4ed804637ff00693,
25d6ce6303800693,
00d7e7b3008006b7,
5fd6cc6301f00693,
41d686b302000693,
00df96b300d79633,
00d036b301dfdfb3,
01d7deb301f66633,
41d7073300d66633,
00cf37b340cf0633,
0087179340f70733,
009717134207d063,
2207126300975713,
00e1262300060513,
00b1222301012423,
f30f10ef00c12023,
01f0089301850693,
0041258300012603,
0000071300812803,
ff85079320d8de63,
5b06c26300f617b3,
0016069341068633,
fe16061318d8dae3,
00c7d63302000513,
0400051300a68c63,
00d797b340d506b3,
00f6663300f037b3,
007677932e060263,
00060f1322079463,
25c0006f00000713,
41088333220e8c63,
01e765b346081063,
fff3059362058263,
7ff005137a058a63,
0380061370a30263,
ffff86130eb65ce3,
41f7873300cfbfb3,
008007b700871593,
000685931805c4e3,
0046079300030813,
00c7073300c7b633,
0087179300078613,
001806933207de63,
0015fe137ff00793,
014697132cf69a63,
0000079301c12083,
01fe171300f767b3,
0000051300e7e6b3,
0201011300068593,
00058e1300008067,
1e089c6325d05e63,
6606866301f7e6b3,
5a0e8863fff80e93,
64d802637ff00693,
1fd6ca6303800693,
69d6c86301f00693,
41d6063302000613,
00cf963300c796b3,
00c0363301dfdfb3,
01d7deb301f6e6b3,
01d7073300c6e6b3,
00d7b6b301e687b3,
0007861300d70733,
2607de6300871793,
7ff0079300180813,
ff8007b762f80463,
fff7879300165693,
00c6e6b300167613,
01f7961300f777b3,
0017d7130076f513,
f0050ce300d66633,
0040069300f67793,
ef9ff06ff0d786e3,
3a068e6301f7e6b3,
540e8e63fff80e93,
28d808637ff00693,
dbd6dae303800693,
00cf37b3ffff0613,
0087169340f70733,
ec06d0e3008007b7,
fff00613fff78713,
00c1262300070513,
00b1222301012423,
d10f10ef00e12023,
0041258300012703,
00c1260300812803,
02000513ff850693,
00f657b340d507b3,
00e7e7b300d71733,
3306c06300d61633,
00168693410686b3,
00a6173340d50533,
00d6573300e03833,
00e8673300a79533,
00d7d73300e56633,
0c07806300e667b3,
7c078c6300767793,
0040069300f67793,
0087179332d79863,
0015fe137607dc63,
1140006f00100693,
7fe5751300180513,
01e768b328051463,
4008106301f7e533,
5c0512635a088a63,
01d71513003f5793,
0000081300f56533,
7ff8769300375793,
0146971300c79793,
0015fe1301c12083,
00f767b300c7d793,
00e7e6b301fe1713,
0201011300068593,
7ff0069300008067,
0380069346d80063,
008006b701d6c863,
e15ff06f00d7e7b3,
001f061300871793,
00800737d807d6e3,
0015fe13e49ff06f,
0000079300000693,
0146971300000513,
00f767b301c12083,
00e7e6b301fe1713,
0201011300068593,
100e8c6300008067,
26081863410886b3,
5c050a6301e76533,
34050863fff68513,
470686637ff00813,
68a65e6303800613,
0087969300068813,
00800737001f8613,
00078713dc06cce3,
00f6f6b3d0dff06f,
fff78793ff8007b7,
0097971300f777b3,
01d7951301c12083,
0146971300c75793,
01fe171300f767b3,
00e7e6b300365613,
0006859300c56533,
0000806702010113,
0007886300767793,
0040069300f67793,
00365513cad79ae3,
7ff0069301d71793,
0037579300a7e533,
00f56533ead81ee3,
7ff0069302050a63,
01c1208301469713,
000807b700000e13,
01fe171300f767b3,
0000051300e7e6b3,
0201011300068593,
0015fe1300008067,
000007937ff00693,
00331313ee5ff06f,
01d7151300335313,
0037579300656533,
00180693fa5ff06f,
1a0894637fe6f893,
2c08186301e766b3,
4e06826301f7e633,
01ff0fb3e20604e3,
01efbf3300f707b3,
0087971301e787b3,
00ffe73352074863,
01d79513e6070ee3,
00afe533003fdf93,
e09ff06f0037d793,
2ab88c637ff00593,
1266466303800613,
00c7673300800637,
30664e6301f00613,
406585b302000593,
00bf15b300b71633,
00b035b3006f5f33,
0067533301e66633,
406787b300b66633,
00cfbfb340cf8633,
0008881341f78733,
aa1ff06f00068593,
00cf353341ff0633,
40a888b340f708b3,
12054e6300889513,
0008871301166533,
00000e13a80516e3,
0000079300000693,
ff800737de5ff06f,
00e7f733fff70713,
40d8083300767793,
e89ff06fe80790e3,
0033551300351313,
fe0e8693e81ff06f,
00d7d6b302000613,
0400061300ce8a63,
00c797b341d60633,
01f0363300ffefb3,
a0dff06f00d66633,
af9ff06f00000813,
fff70713ff800737,
01d7951300e7f7b3,
0037d79340d80833,
7ff00513cfdff06f,
0380061320a88863,
008796932ed65263,
00088813001f8613,
b606cee300800737,
ab1ff06f00078713,
00cfbfb3ffff8613,
0087159341f78733,
3005c063008007b7,
0008881300068593,
7ff00613a8dff06f,
01ff0fb3aac686e3,
01efbf3300f707b3,
01e787b3001fd713,
0077751301f79613,
0017d71300e66633,
000688133e050263,
00f6769300400893,
00365513a51696e3,
00e5653301d71713,
c59ff06f0047d793,
01efbfb341ef8f33,
000f061340e787b3,
0006859341f78733,
00361613945ff06f,
0006859300365513,
0007871300030813,
2a089463d59ff06f,
00000e130c051a63,
000807b77ff00693,
01ff0fb3c7dff06f,
00f707b301efbf33,
0087969301e787b3,
ff8006b72406d863,
001fd713fff68693,
01f7969300d7f7b3,
00e6e6b300777613,
300606630017d713,
0040051300f6f613,
00a6863330a60063,
00e6873300d636b3,
ce1ff06f00200813,
40f707b341ff0fb3,
41e7873301ff3f33,
000f861300871793,
003fdf930607ce63,
01f5653301d71513,
0010081300375793,
08068a63b7dff06f,
cc0f90e301f7efb3,
01d7179300351513,
00a7e53300355513,
ca1ff06f00375793,
0035551300351513,
00361613c81ff06f,
0036571301d79513,
00e5653300068593,
c79ff06f0037d793,
0000079300080693,
b91ff06f00000513,
0010081300068593,
fe0e8613815ff06f,
00c7d63302000693,
0400069300de8a63,
00d797b341d686b3,
01f036b300ffefb3,
975ff06f00c6e6b3,
01d7951300361713,
00e5653300375713,
c19ff06f0037d793,
02000613fe030593,
00c30a6300b755b3,
4066063304000613,
00ef6f3300c71733,
00b6663301e03633,
41ef8f33ce9ff06f,
01efbfb340e787b3,
0087179341f78733,
f607c6e3000f0613,
01d71513003f5f13,
00af653300068593,
0010081300375793,
ce0504e3a6dff06f,
000f8f1300078713,
a45ff06f00068593,
010f353341ff0833,
40a6063340f70633,
12055c6300861513,
40e787b341ef8f33,
41f7873301efbfb3,
000f061300ef67b3,
a80780e300068593,
1a07d06300871793,
001006930016fe13,
00800637ae9ff06f,
01f0061300c76733,
020005130ad64c63,
00a7163340d50533,
00df5f3300af1533,
00d756b300a03533,
00a6673301e66633,
01f70fb300d787b3,
00f7073300efb733,
00088813000f8613,
00088813859ff06f,
fff7871300068593,
8d5ff06ffff00613,
003fdf9301d79513,
0037d79301f56533,
991ff06f00100813,
0035551300361513,
0007871300068813,
ac0514e3ab1ff06f,
0037d79300331793,
00a7e53301d71513,
aa9ff06f00375793,
000787139a060ee3,
93dff06f000f8f13,
b5dff06f00058313,
02000513fe068613,
00a68a6300c75633,
40d506b304000513,
00ef6f3300d71733,
00c7673301e03733,
02000513f4dff06f,
0000081340d50533,
00c86533899ff06f,
00060713b80502e3,
8e5ff06f00080f13,
fff70713ff800737,
01d7951300e7f7b3,
0037d793003fdf93,
0067f7b301f56533,
941ff06f00100693,
9f9ff06f00000813,
01d717130036d693,
0047d79300d76533,
8b1ff06f00200813,
ea9ff06f00050693,
0006859300030813,
00365513fc0ff06f,
00e5653301d71713,
000688130047d793,
00058693885ff06f,
00068593e61ff06f,
85dff06f00060f13,
001007b70145d713,
fff787930146d813,
7ff777137ff00893,
0118783300b7fe33,
01f5d59300d7f7b3,
0010031301f6d693,
0318046303170a63,
05c7946303071263,
0000031304a61263,
0010031300d58a63,
00ae6e3300071663,
0003051301c03333,
fee81ce300008067,
00ce6e3300fe6e33,
fe0e14e300ae6e33,
00b0333340d585b3,
00100313fddff06f,
0000806700030513,
fc0101130145d793,
02112e2300c59713,
000508137ff7f793,
01f5d59300c75713,
7ff0051346078063,
003717132aa78663,
00e5653301d85513,
00e5673300800737,
00381893c0178313,
00000f9300000e13,
00c698130146d793,
00c858137ff7f793,
2a07806301f6d693,
3ca78e637ff00513,
00a00513c0178793,
35c5406300f30333,
01d6579300381813,
008008370107e7b3,
0107e83300d5c533,
00361e9300200793,
00000f1300050593,
0010079303c7d263,
5307f61301c797b3,
2407f59330061263,
0887f79356059463,
010897932e079263,
0108d613010e9f93,
010fdf930107d793,
03f785b3010ede93,
03f60e3302812c23,
02fe88b30105d693,
011686b301c888b3,
49c6e66303d602b3,
0105959301081393,
0103d39301069e13,
0105d59301085813,
0106d69300be0433,
02760e3302778f33,
02f807b3010f5593,
00f585b301c787b3,
01c5f663030608b3,
00f888b3000107b7,
0106561301071613,
0105979301075713,
011585b30105d593,
010f1f1302ce8e33,
01e787b3010f5f13,
03f608b300f686b3,
0108df1303f70fb3,
01cf0f3301fe0e33,
01ff766302ee8eb3,
01fe8eb300010fb7,
010f1f9301089893,
010f5f130108d893,
01df0f33011f8e33,
02760eb3027708b3,
010edf9302c80633,
00cf8fb301160633,
011ff66302e80833,
00e8083300010737,
0108d893010e9893,
005686b3010f9713,
00b705b301170733,
01c68eb300f6b7b3,
01e7863300f587b3,
00d606b300deb6b3,
00b7b5b300e5b733,
00f637b300b76733,
00c6b633010fd593,
00b7073300c7e7b3,
00e787b3009e9893,
010787b30088e8b3,
017ed613011038b3,
0176d71300979793,
0096969300c8e8b3,
0077969300d8e8b3,
1a06c26300e7e733,
34f052633ff30793,
500686630078f693,
0040061300f8f693,
02c6866303812403,
0116b8b300488693,
0006889301170733,
0006da6300771693,
fff68693ff0006b7,
00d7773340030793,
38f6cc637fe00693,
0038d89301d71613,
7ff7f79300971693,
00c6d71301166633,
010768b31140006f,
000783132a089263,
00c698130146d793,
000007137ff7f793,
00200f9300800e13,
01f6d69300c85813,
00c86eb3d60794e3,
38080a63200e8063,
02c1262300080513,
0261222303c12423,
01112e2302e12023,
00d12a2301f12c23,
0101262300b12823,
00c128038f5f00ef,
0141268301012583,
01c1288301812f83,
0241230302012703,
02c1260302812e03,
ff550e9300050793,
41d5053301d00513,
01d81833ff878e93,
0105683300a65533,
40f307b301d61eb3,
c0d7831300a00613,
0020079303c64663,
d3c7d8e300d5c533,
00000f1300050593,
00068593d05ff06f,
000e889300080713,
00200793000f0f93,
0030079326ff8c63,
001007931cff8a63,
04ff986300058513,
0000071300000793,
03c1208300000613,
01f5159301479793,
00b7e7b300e7e7b3,
0007859300060513,
0000806704010113,
038124030018d793,
0117e7b30018f893,
0117e8b301f71893,
4003079300175713,
18f0546300130313,
e60682e30078f693,
0040061300f8f693,
e55ff06fe4c694e3,
7ff3031300c86eb3,
002e6793100e9063,
f6f640e300a00613,
0005851300d5c5b3,
0c0e006300200f13,
0000081300078e13,
c31ff06f00200f13,
0608886300a768b3,
00c12c2300d12e23,
00a12a231c070663,
00b1282300070513,
f88f00ef00e12623,
0101258300c12703,
0181260301412803,
00050e1301c12683,
01d00793ff550893,
ff8e0893411787b3,
00f857b301171733,
011818b300e7e733,
41c78333c0d00793,
00000e1300000f93,
00000713b61ff06f,
0000031300400e13,
b4dff06f00100f93,
00a00793001e6e13,
00d5c5b3ebc7c6e3,
0005851300200793,
00100f1300000813,
00200793b9c7c2e3,
00100f9310ff0463,
0000071300100793,
0005851300000893,
e8dff06fecff9ee3,
00a00513003e6e13,
0010079321c54c63,
0887f79301c797b3,
00060e9300d5c533,
b4078ce300300f13,
00080893e35ff06f,
00c00e1300078313,
ac5ff06f00300f93,
011282b3000108b7,
00000513b71ff06f,
000807377ff00793,
e39ff06f00000613,
14078e6303812403,
e0d7cee3fc900693,
1cd7d263fe200693,
40f606b3fe100613,
00c7886300d756b3,
0067133343e30313,
011036330068e8b3,
0076779300d66633,
0207826300000713,
0040059300f67693,
00b68a6300000793,
00c6b63300b606b3,
0006861301d61793,
00f6663300365613,
dc1ff06f00000793,
7ff0079300000513,
db1ff06f00080737,
7ff0079300058513,
0000061300000713,
7ff00793d9dff06f,
0000061300000713,
00e12a23d8dff06f,
00a1262300b12823,
01550893dc4f00ef,
00c1280301c00793,
0181260301012583,
02050e1301c12683,
e317dce300000713,
00a81733ff850513,
e45ff06f00000893,
03c1262300060513,
0301222302612423,
01112e2302e12023,
00d12a2301f12c23,
00c1262300b12823,
01550e93d64f00ef,
00c1260301c00f13,
0141268301012583,
01c1288301812f83,
0281230302012703,
0205079302c12e03,
c7df56e300000813,
00a61833ff850513,
c79ff06f00000e93,
41e3031300100693,
00c0363300689633,
00d8d8b300671333,
0116663300666633,
00d756b300767793,
00f6779302078063,
00e78a6300400713,
00c7b63300e607b3,
0007861300c686b3,
0207dc6300869793,
0000071300100793,
c79ff06f00000613,
0008073700000513,
c69ff06f00000613,
b2dff06f03812403,
40f686b300100693,
00969593f85ff06f,
00c5d71301d69793,
001007b7e79ff06f,
00b7f333fff78793,
0037981300d7f7b3,
003313130146d893,
01d55713fe010113,
0067673301d65793,
7ff003130107e7b3,
00112e230145d813,
7ff8f89301f5d593,
0068783301f6d693,
00351e9300058f93,
1868846300361e13,
41180f330016c693,
73e05a630cd58463,
50680c631c088e63,
1fe6ca6303800693,
00d7e7b3008006b7,
61e6c46301f00693,
41e686b302000693,
00de16b300d79333,
00d036b301ee5e33,
01e7df3301c36333,
41e7073300d36333,
006eb7b3406e8333,
0087179340f70733,
007377934207c063,
00f3779338078263,
36d78c6300400693,
0067b33300430793,
0007831300670733,
3607d06300871793,
7ff0079300180693,
38f69c630015ff93,
0000089300000793,
0146971301c12083,
01ff969300f767b3,
00d7e5b300088513,
0000806702010113,
2808946379e05863,
6c06886301c7e6b3,
2a0f0c63fff80f13,
0380069376680063,
01f0069329e6c263,
020006136de6c863,
00c796b341e60633,
01ee5e3300ce1633,
01c6e6b300c03633,
00c6e6b301e7df33,
01d687b301e70733,
00d7073300d7b6b3,
0087179300078313,
00180813f207dae3,
66f80a637ff00793,
00135693ff8007b7,
00137313fff78793,
00f777b30066e6b3,
0076f61301f79313,
00d363330017d713,
00f37793f20600e3,
f0d792e300400693,
01c7e333f11ff06f,
1403046380180f13,
180f086314d58663,
0036171344080a63,
01d7971300375513,
00e568b300068593,
00f8e8b30037d793,
01c1208336088263,
014697137ff00693,
000807b700000f93,
00f767b300000893,
0008851301ff9693,
0201011300d7e5b3,
0035161300008067,
0036561301c7e6b3,
fff80f1320068063,
32680463560f0c63,
e1e6dee303800693,
006eb7b3fffe8313,
0087169340f70733,
e406dee3008007b7,
fff00313fff78713,
00b1262300070513,
0101222300612423,
9e8f00ef00e12023,
0041280300012703,
00c1258300812303,
02000613ff850693,
00f357b340d607b3,
00e7e7b300d71733,
3506cc6300d31333,
00168693410686b3,
00c3173340d60633,
00d3573300e03533,
00e5673300c79633,
00d7d73300e66333,
0e07826300e367b3,
00078ce300737793,
0040069300f37793,
dcd792e300000813,
1207d86300871793,
001006930015ff93,
0016c6931700006f,
260f0463ead59ee3,
0008869338081e63,
6c050e6301d76533,
0a050463fff68513,
390680637ff00813,
7aa6566303800613,
0087969300068813,
00800737001e0313,
00078713e206c2e3,
00180893d61ff06f,
260896637fe8f893,
01d7633301c7e8b3,
5c0304633e081263,
003ed7935c089c63,
00f668b301d71613,
0037579300000813,
1c6808630b40006f,
01e6c86303800693,
00d7e7b3008006b7,
00871793d85ff06f,
d007d2e3001e8313,
db9ff06f00800737,
000006930015ff93,
0000089300000793,
01ce8e33d19ff06f,
00f707b301de3eb3,
0087969301d787b3,
ff8006b76206d663,
001e5713fff68693,
01f7969300d7f7b3,
00e6e6b300777613,
6a060a630017d713,
0040051300f6f613,
00a683336aa60463,
00e6873300d336b3,
0033561300200813,
7ff0069301d71793,
0037579300c7e8b3,
01c12083dad806e3,
00c797937ff87693,
014697130015ff93,
00f767b300c7d793,
0008851301ff9693,
0201011300d7e5b3,
00f6f6b300008067,
fff78793ff8007b7,
01d7971300f777b3,
01c1208300335313,
00979713006768b3,
0146971300c75793,
01ff969300f767b3,
00d7e5b300088513,
0000806702010113,
0010081300068593,
0097571300971713,
00030513da0710e3,
00e1242300b12623,
0061202301012223,
01850693f85ef0ef,
0001230301f00613,
00c1258300412803,
d8d65ce300000713,
00f317b3ff850793,
410683331906c863,
56d6506300130693,
02000613fe130313,
00c68c630067d333,
40d606b304000613,
00f037b300d797b3,
e80302e300f36333,
da0792e300737793,
0000071300030e93,
0015ff93e2dff06f,
000007937ff00693,
00351513b89ff06f,
01d7161300355513,
0037579300a668b3,
00180693c75ff06f,
140894637fe6f893,
3608146301d766b3,
48068c6301c7e633,
01ce8e33de0602e3,
01de3eb300f707b3,
0087971301d787b3,
00fe67334e074463,
01d79713e00704e3,
00ee68b3003e5e13,
e79ff06f0037d793,
006eb53341ce8333,
40a6063340f70633,
12054e6300861513,
0006071300c368b3,
00000f93ec089ce3,
0000079300000693,
ff800737ae9ff06f,
00e7f733fff70713,
40d8083300737793,
00335613a8079ae3,
00088513e11ff06f,
1005886301d765b3,
2c080863fff50813,
b8b50ce37ff00593,
3f065c6303800613,
006e3e33fffe0313,
0087161341c78733,
48064a63008007b7,
0005081300068593,
fe0f0693a51ff06f,
00d7d6b302000613,
0400061300cf0a63,
00c797b341e60633,
01c0333300fe6e33,
9fdff06f00d36333,
fff70713ff800737,
01d7989300e7f7b3,
0037d79340d80833,
00361713d95ff06f,
01d7971300375693,
0037d79300d768b3,
7ff00613b25ff06f,
01ce8e33a0c688e3,
01de3eb300f707b3,
01d787b3001e5713,
0077761301f79313,
0017d71300e36333,
0006881340060663,
00f3769300400513,
003353139aa698e3,
00e368b301d71713,
d29ff06f0047d793,
01de3e3341de0eb3,
000e831340e787b3,
0006859341c78733,
00361613d91ff06f,
0006859300365613,
0007871300050813,
12031463ce1ff06f,
0036171338088063,
01d7961300375713,
00c768b300068593,
a79ff06f0037d793,
41088533be0f02e3,
03800613ea0804e3,
fffe03130aa65263,
41c78733006e3e33,
008007b700871613,
0006859324064663,
90dff06f00088813,
40f707b341ce8e33,
41d7873301cebeb3,
000e031300871793,
003e5e13ce07cae3,
00ce68b301d71613,
0010081300375793,
00351513c65ff06f,
c45ff06f00355613,
0000079300080693,
8edff06f00000893,
02000693fe0f0613,
00df0a6300c7d633,
41e686b304000693,
00fe6e3300d797b3,
00c6e6b301c036b3,
00800637935ff06f,
00c7673300068593,
08a6c66301f00693,
40a686b302000693,
00de96b300d71333,
00d036b300aedeb3,
00a7553301d36333,
40a787b300d36333,
006e3e33406e0333,
0008881341c78733,
96089ce3825ff06f,
0035579300351513,
00c7e8b301d71613,
959ff06f00375793,
410886b3ce0f02e3,
03800613a80800e3,
008796930ed65a63,
00088813001e0313,
8a06cce300800737,
ff4ff06f00078713,
02000613fe050693,
00c50a6300d756b3,
40a6063304000613,
00eeeeb300c71733,
00d3633301d03333,
dc0680e3f79ff06f,
8e0e1ce301c7ee33,
41de0eb3f81ff06f,
01de3e3340e787b3,
0087179341c78733,
b807cee3000e8313,
01d71613003ede93,
01d668b300068593,
0010081300375793,
ca088ce3b0dff06f,
000e0e9300078713,
a31ff06f00068593,
00aeb83341ce8533,
4106063340f70633,
1208506300861813,
40e787b341de0eb3,
41c7873301de3e33,
000e831300eee7b3,
a2078ee300068593,
1807d86300871793,
001006930016ff93,
00800637ae1ff06f,
01f0061300c76733,
020005130ad64063,
00a7163340d50533,
00dedeb300ae9533,
00d756b300a03533,
00a6673301d66633,
01c70e3300d787b3,
00f7073300ee3733,
00088813000e0313,
00088813f84ff06f,
fff7871300068593,
86dff06ffff00313,
0036561300361613,
0007871300068813,
01d79713a21ff06f,
01c768b3003e5e13,
001008130037d793,
98060ae3a1dff06f,
000e0e9300078713,
00068593945ff06f,
df5ff06f00080513,
02000513fe068613,
00a68a6300c75633,
40d506b304000513,
00eeeeb300d71733,
00c7673301d03733,
02000613f65ff06f,
0000051340d60633,
00c568b3849ff06f,
00060713b60886e3,
8e9ff06f00050e93,
fff70713ff800737,
01d7971300e7f7b3,
01c768b3003e5e13,
00c7579300979713,
e2cff06f00100693,
01d717130036d693,
0047d79300d768b3,
971ff06f00200813,
7ff0069300000f93,
e04ff06f000807b7,
eb9ff06f00050693,
0006859300050813,
00058693f68ff06f,
00335313e89ff06f,
00e368b301d71713,
000688130047d793,
0006859392dff06f,
859ff06f00030e93,
001007b70145d713,
fff74713fff78793,
00b7f5b30146d813,
0157169300d7f7b3,
020680637ff87813,
000005137ff00713,
0000806700e80463,
00f0353300c7e7b3,
00a5e5b300008067,
fc058ee300100513,
0145d79300008067,
fff68713001006b7,
3fe006137ff7f793,
01f5d59300b77733,
41d0061300f65e63,
8000053700f65e63,
00a58533fff50513,
0000051300008067,
4130061300008067,
00f64e6300d76733,
00c7573340f60633,
fe0592e340e00533,
0000806700070513,
40f686b343300693,
00d55533bed78793,
00a7673300f71733,
06050e63fd9ff06f,
00a7c6b341f55793,
fe01011340f686b3,
0006851301f55713,
00e1242300d12623,
841ef0ef00112e23,
40a787b341e00793,
0081270300a00613,
7ff7f79300c12683,
ff55051306a65063,
01c1208300a69633,
00c6561300c61613,
0000069301479793,
01f7171300c7e7b3,
00e7e5b300068513,
0000806702010113,
0000061300000793,
0147979300000713,
00c7e7b300000693,
0006851301f71713,
0000806700e7e5b3,
40a6063300b00613,
01c1208300c6d633,
0155051300c61613,
0147979300c65613,
00c7e7b300a696b3,
0006851301f71713,
0201011300e7e5b3,
00c5278300008067,
0005258300452883,
0107961300852683,
00179513fe010113,
00f1262301065613,
0111222301f7d813,
00c12e2301112a23,
00b1202301155713,
00d1242300b12823,
0101089300d12c23,
0036151301c10793,
ffc78793ffc7a603,
00a6e6b301d65693,
fef894e300d7a223,
0035959300170693,
00b1282301169613,
0406006301265613,
40068693ffffc6b7,
7fe0069300d70733,
7ff007930ae6dc63,
0000069300000713,
00e7e7b301479793,
0006851301f81813,
020101130107e5b3,
0141278300008067,
01c1260301812503,
00c6e6b300a7e6b3,
0207166300b6e6b3,
0050061310068463,
0036561300000593,
00c6e6b301d59693,
7ff7779300959613,
fa5ff06f00c65713,
00461613f8068ae3,
00c7673301c55713,
00d776b3008006b7,
01c7d61328068263,
fff78793ff8007b7,
00f7773300451513,
004007b700a66633,
ff86761300f76733,
06c0006f00000793,
014127830ae05e63,
01c1250301812683,
00b6663300479613,
0046959301c7d793,
00c0363300b7e7b3,
01c6d69300f66633,
0076779300451593,
1807906300d5e5b3,
00f5f7b3008007b7,
00170713f4078ae3,
eef70ce37ff00793,
fff68693ff8006b7,
00d5f7337ff77793,
01d7169300365613,
0097161300c6e6b3,
0147979300c65713,
01f8181300e7e7b3,
0107e5b300068513,
0000806702010113,
0000071300000793,
00e7e7b301479793,
0006851301f81813,
020101130107e5b3,
fcc0069300008067,
03d0051312d74263,
01c12e8340e50533,
0008073740555693,
00eeeeb300269f13,
01f5751301e885b3,
01d12e2300058e13,
0000061300088713,
0047071300072303,
fee59ae300666633,
40d3073300300313,
0005a5830c051e63,
0047879300150513,
00a74e63feb7ae23,
0005a58301e785b3,
0047879300150513,
fea756e3feb7ae23,
40d786b300400793,
40d7073300400713,
0026969300271713,
00d887b300800593,
0007a02300b76a63,
ff8707130007a223,
0040069300b787b3,
0007a02300d76463,
0141258301012783,
00f6663300c03633,
0000079300b666b3,
da068ee300000713,
0c07966300767793,
0010071300859793,
00000713ea07c4e3,
00f67793de5ff06f,
e6d78ee300400693,
00c6b63300460693,
008007b700c585b3,
00f5f7b300068613,
00000713e69ff06f,
01e88f33dadff06f,
02000f13000f2583,
01e595b340af0f33,
0666806300b66633,
000e258300000f93,
001f8293004e2303,
01e3133300a5d5b3,
00b7a0230065e5b3,
00478793004e0e13,
fce2cce300100f93,
40d786b300400793,
00f887b300271793,
01d7a02300aedeb3,
00000813ef9ff06f,
000807377ff00793,
00100693cf9ff06f,
fd5ff06f00000713,
0040071300f67793,
00000713f2e788e3,
00000000f49ff06f,
206c6167656c6c69,
7463757274736e69,
65637865206e6f69,
6168206e6f697470,
6e652072656c646e,
65000a6465726574,
637865206c6c6163,
68206e6f69747065,
652072656c646e61,
000a64657265746e,
65206b6165726265,
6e6f697470656378,
72656c646e616820,
64657265746e6520,
776f6e6b6e75000a,
747065637865206e,
646e6168206e6f69,
65746e652072656c,
206f6e000a646572,
6f69747065637865,
656c646e6168206e,
6c6174736e692072,
000000000a64656c,
6d656c706d696e55,
7973206465746e65,
6c6163206d657473,
64656c6c6163206c,
332e305400000a21,
0000000046312d65,
71542b2b542e542d,
2e33543100000000,
000000007a346534,
5e542d65302e3433,
30352e3500000000,
00000000332b6530,
322d653332312e2d,
6537382d00000000,
000000003233382b,
32312d65362e302b,
352e353300000000,
0000000030303434,
303035343332312e,
3031312d00000000,
000000003030372e,
30303434362e302b,
3231303500000000,
3433323100000000,
3437382d00000000,
3232312b00000000,
70206b3600000000,
6e616d726f667265,
70206e7572206563,
726574656d617261,
6f6320726f662073,
002e6b72616d6572,
64696c6176206b36,
7572206e6f697461,
656d61726170206e,
726f662073726574,
72616d65726f6320,
666f725000002e6b,
656e656720656c69,
72206e6f69746172,
6d61726170206e75,
6f66207372657465,
616d65726f632072,
70204b32002e6b72,
6e616d726f667265,
70206e7572206563,
726574656d617261,
6f6320726f662073,
002e6b72616d6572,
64696c6176204b32,
7572206e6f697461,
656d61726170206e,
726f662073726574,
72616d65726f6320,
5d75255b00002e6b,
6c2021524f525245,
2063726320747369,
2d20783430257830,
20646c756f687320,
3430257830206562,
5d75255b00000a78,
6d2021524f525245,
7263207869727461,
7834302578302063,
6c756f6873202d20,
2578302065622064,
000000000a783430,
4f5252455d75255b,
6574617473202152,
2578302063726320,
6873202d20783430,
20656220646c756f,
000a783430257830,
6b72614d65726f43,
202020657a695320,
000a756c25203a20,
6974206c61746f54,
2020202020736b63,
000a756c25203a20,
6974206c61746f54,
736365732820656d,
00000a6625203a29,
6f69746172657449,
20206365532f736e,
00000a6625203a20,
6f69746172657449,
202020202020736e,
000a756c25203a20,
2e322e3531434347,
706d6f4300000030,
7265762072656c69,
25203a206e6f6973,
0020202000000a73,
72656c69706d6f43,
20207367616c6620,
00000a7325203a20,
000000004d415242,
6c2079726f6d654d,
206e6f697461636f,
00000a7325203a20,
2063726364656573,
2020202020202020,
3430257830203a20,
5d64255b00000a78,
207473696c637263,
203a202020202020,
000a783430257830,
6d6372635d64255b,
2020207869727461,
30257830203a2020,
5d64255b000a7834,
6574617473637263,
203a202020202020,
000a783430257830,
666372635d64255b,
202020206c616e69,
30257830203a2020,
72726f43000a7834,
7265706f20746365,
6176206e6f697461,
2e6465746164696c,
4145522065655320,
6620646d2e454d44,
61206e757220726f,
726f70657220646e,
6c757220676e6974,
65726f43002e7365,
302e31206b72614d,
202f206625203a20,
0000007325207325,
0000007325202f20,
7620746f6e6e6143,
2065746164696c61,
6f6974617265706f,
687420726f66206e,
6465657320657365,
2c7365756c617620,
20657361656c7020,
20657261706d6f63,
7365722068746977,
206e6f2073746c75,
206e776f6e6b2061,
6d726f6674616c70,
6f7272450000002e,
6365746564207372,
7461745300646574,
7061654800006369,
6361745300000000,
0000000a0000006b,
00666e6900464e49,
006e616e004e414e,
3736353433323130,
6665646362613938,
3332313000000000,
4241393837363534,
0000000046454443,
0000296c6c756e28,
49534f500000002f,
0000004300000058,
0000004949435341,
393538382d4f5349,
736b6a630000312d,
000000656c676e69,
6f7272616e6b6a63,
776b6a6300000077,
2d46545500656469,
3846545500000038,
0053494a00000000,
0000504a00435545,
000000504a435545,
0000000053494a53,
39353838004f5349,
2d4f534900000000,
0000002d39353838,
38494f4b00005043,
3032504300000000,
3132504300363638,
3031504300363638,
524f454700000033,
000000004e414947,
3031504300005350,
3531545000000031,
3031504300000034,
0053495400000032,
3738504300303236,
415f434c00000034,
474e414c00004c4c,
435f434c00000000,
00004554414c4c4f,
45505954435f434c,
4d5f434c00000000,
0059524154454e4f,
52454d554e5f434c,
545f434c00004349,
4d5f434c00454d49,
0053454741535345,
7974696e69666e49,
004e614e00000000,
7320636f6c6c6142,
6465646565636375,
6d6f682f00000000,
63612f676c692f65,
75722d736e6f6974,
70782f7372656e6e,
2d7665642d6b6361,
2f312f736c6f6f74,
69722f6b726f775f,
656e6f6e2d766373,
6363672d666c652d,
722f6b636170782d,
6e6f6e2d76637369,
63672d666c652d65,
2f6b636170782d63,
73612d646c697562,
6975622f73746573,
78756e696c2f646c,
756f732f3436782d,
77656e2f73656372,
2e352e342d62696c,
3231343230322e30,
696c77656e2f3133,
732f6362696c2f62,
74642f62696c6474,
00000000632e616f,
6c692f656d6f682f,
6e6f697463612f67,
72656e6e75722d73,
2d6b636170782f73,
6c6f6f742d766564,
726f775f2f312f73,
2d76637369722f6b,
666c652d656e6f6e,
6170782d6363672d,
76637369722f6b63,
6c652d656e6f6e2d,
70782d6363672d66,
6c6975622f6b6361,
7374657373612d64,
6c2f646c6975622f,
3436782d78756e69,
73656372756f732f,
2d62696c77656e2f,
30322e302e352e34,
6e2f313332313432,
696c2f62696c7765,
696c6474732f6362,
2e636572706d2f62,
7566202c00000063,
203a6e6f6974636e,
6573736100000000,
2522206e6f697472,
656c696166202273,
20656c6966203a64,
696c202c22732522,
257325642520656e,
fffe79a400000a73,
fffe78a8fffe79a4,
fffe78a8fffe78a8,
fffe78a8fffe78a8,
fffe79a4fffe78a8,
fffe78a8fffe79a0,
fffe78a8fffe78a8,
fffe79a0fffe78a8,
fffe7a3cfffe79a0,
fffe78a8fffe78a8,
fffe78a8fffe78a8,
fffe78a8fffe78a8,
fffe78a8fffe78a8,
fffe78a8fffe78a8,
fffe78a8fffe78a8,
fffe78a8fffe78a8,
fffe79fcfffe79a4,
fffe78a8fffe78a8,
fffe78a8fffe78a8,
fffe78a8fffe78a8,
fffe78a8fffe78a8,
fffe78a8fffe78a8,
fffe78a8fffe78a8,
fffe78a8fffe7a2c,
fffe78a8fffe78a8,
fffe78a8fffe78a8,
fffe78a8fffe78a8,
fffe78a8fffe78a8,
fffe78a8fffe78a8,
fffe78a8fffe78a8,
fffe78a8fffe78a8,
fffe78a8fffe78a8,
fffe78a8fffe78a8,
fffe78a8fffe78a8,
fffe78a8fffe78a8,
fffe78a8fffe78a8,
fffe78a8fffe78a8,
fffe78a8fffe78a8,
fffe78a8fffe78a8,
fffe78a8fffe78a8,
fffe78a8fffe78a8,
fffe7858fffe7a20,
fffe78c0fffe78cc,
fffe7760fffe7760,
fffe7760fffe7760,
fffe7760fffe7760,
fffe7760fffe785c,
fffe7760fffe7760,
fffe78b4fffe7760,
fffe8628fffe785c,
fffe8610fffe8608,
fffe8620fffe8618,
80050000fffe8600,
001e801b000a800f,
0036803380110014,
802d00288039003c,
0066806300228027,
807d00788069006c,
8055005000728077,
004e804b005a805f,
00c680c380410044,
80dd00d880c900cc,
80f500f000d280d7,
00ee80eb00fa80ff,
80a500a080e100e4,
00be80bb00aa80af,
0096809380b100b4,
808d00888099009c,
0186818300828087,
819d01988189018c,
81b501b001928197,
01ae81ab01ba81bf,
81e501e081a101a4,
01fe81fb01ea81ef,
01d681d381f101f4,
81cd01c881d901dc,
8145014001c281c7,
015e815b014a814f,
0176817381510154,
816d01688179017c,
0126812301628167,
813d01388129012c,
8115011001328137,
010e810b011a811f,
0306830381010104,
831d03188309030c,
8335033003128317,
032e832b033a833f,
8365036083210324,
037e837b036a836f,
0356835383710374,
834d03488359035c,
83c503c003428347,
03de83db03ca83cf,
03f683f383d103d4,
83ed03e883f903fc,
03a683a303e283e7,
83bd03b883a903ac,
8395039003b283b7,
038e838b039a839f,
8285028083810384,
029e829b028a828f,
02b682b382910294,
82ad02a882b902bc,
02e682e302a282a7,
82fd02f882e902ec,
82d502d002f282f7,
02ce82cb02da82df,
0246824382c102c4,
825d02588249024c,
8275027002528257,
026e826b027a827f,
8225022082610264,
023e823b022a822f,
0216821382310234,
820d02088219021c,
8001933402028207,
8001934c80019340,
8001930480019358,
8001931c80019310,
800192d480019328,
800192ec800192e0,
80019364800192f8,
800193748001936c,
fffede5c8001937c,
fffedc7cfffedca8,
fffedc7cfffede08,
fffedc7cfffedcd4,
fffedca8fffede08,
fffedcd4fffedca8,
fffedd94fffede08,
fffedd94fffedd94,
02020100fffedcd4,
0404040403030303,
0505050504040404,
0505050505050505,
0606060605050505,
0606060606060606,
0606060606060606,
0606060606060606,
0707070706060606,
0707070707070707,
0707070707070707,
0707070707070707,
0707070707070707,
0707070707070707,
0707070707070707,
0707070707070707,
0808080807070707,
0808080808080808,
0808080808080808,
0808080808080808,
0808080808080808,
0808080808080808,
0808080808080808,
0808080808080808,
0808080808080808,
0808080808080808,
0808080808080808,
0808080808080808,
0808080808080808,
0808080808080808,
0808080808080808,
0808080808080808,
ffff12cc08080808,
ffff04e4ffff04e4,
ffff04e4ffff12c0,
ffff04e4ffff04e4,
ffff04e4ffff1274,
ffff0f10ffff04e4,
ffff04e4ffff109c,
ffff12f0ffff0f2c,
ffff12e4ffff04e4,
ffff04b0ffff04b0,
ffff04b0ffff04b0,
ffff04b0ffff04b0,
ffff04b0ffff04b0,
ffff04e4ffff04b0,
ffff04e4ffff04e4,
ffff04e4ffff04e4,
ffff04e4ffff04e4,
ffff04e4ffff075c,
ffff11ecffff0b7c,
ffff075cffff075c,
ffff04e4ffff075c,
ffff04e4ffff04e4,
ffff11e0ffff04e4,
ffff04e4ffff04e4,
ffff04e4ffff1020,
ffff04e4ffff04e4,
ffff04e4ffff0e60,
ffff04e4ffff0f38,
ffff1c04ffff04e4,
ffff04e4ffff04e4,
ffff04e4ffff04e4,
ffff04e4ffff04e4,
ffff04e4ffff04e4,
ffff04e4ffff075c,
ffff0ab4ffff0b7c,
ffff075cffff075c,
ffff10acffff075c,
ffff0aa8ffff0ab4,
ffff11ccffff04e4,
ffff1110ffff04e4,
ffff1160ffff10c0,
ffff04e4ffff0aa8,
ffff0aa0ffff0e60,
ffff04e4ffff0fa4,
ffff1c64ffff04e4,
ffff0aa0ffff04e4,
3030303030303030,
3030303030303030,
2020202020202020,
2020202020202020,
ffff4b04ffff4f14,
ffff4b04ffff4a90,
ffff4b04ffff4f94,
ffff4b04ffff4f3c,
ffff4ddcffff4e18,
ffff4b04ffff4d74,
ffff4b04ffff4b04,
ffff4d4cffff4b04,
ffff4b04ffff4b04,
ffff4ca4ffff4d10,
ffff4b04ffff4bfc,
ffff4b04ffff4b04,
ffff4b04ffff4b04,
ffff4b04ffff4b04,
ffff4b04ffff4b04,
ffff4b04ffff4b04,
ffff4b04ffff4f14,
ffff4b04ffff4a90,
ffff4b04ffff4f94,
ffff4b04ffff4f3c,
ffff4ddcffff4e18,
ffff4b04ffff4d74,
ffff4b04ffff4b04,
ffff4d4cffff4b04,
ffff4b04ffff4b04,
ffff4ca4ffff4d10,
00000043ffff4bfc,
0000000000000000,
0000000000000000,
0000000000000000,
0000004300000000,
0000000000000000,
0000000000000000,
0000000000000000,
0000004300000000,
0000000000000000,
0000000000000000,
0000000000000000,
0000004300000000,
0000000000000000,
0000000000000000,
0000000000000000,
0000004300000000,
0000000000000000,
0000000000000000,
0000000000000000,
0000004300000000,
0000000000000000,
0000000000000000,
0000000000000000,
0000004300000000,
0000000000000000,
0000000000000000,
0000000000000000,
80013eb000000000,
00000000800119a0,
800197288001a640,
800194c4800194c4,
800194c4800194c4,
800194c4800194c4,
800194c4800194c4,
ffffffff800194c4,
ffffffffffffffff,
534100010000ffff,
0000000000494943,
0000000000000000,
0000000000000000,
5341000000000000,
0000000000494943,
0000000000000000,
0000000000000000,
0000000000000000,
8001988c8001987c,
800198a480019898,
800198bc800198b0,
ffff7e9c800198c4,
ffff7d74ffff7d74,
ffff7d74ffff7d74,
ffff7d74ffff7d74,
ffff7d74ffff7d74,
ffff7d74ffff7e94,
ffff7d74ffff7d74,
ffff7d74ffff7e50,
ffff7d74ffff7d74,
ffff7d74ffff7d74,
ffff7d74ffff7d74,
ffff7d74ffff7d74,
ffff7d74ffff7d74,
ffff7d74ffff7d74,
ffff7d74ffff7d74,
ffff7d74ffff7d74,
ffff7d74ffff7d74,
ffff7d74ffff7d74,
ffff7d74ffff7d74,
ffff7d74ffff7e58,
ffff7d74ffff7e60,
ffff7d74ffff7d74,
ffff7d74ffff7d74,
ffff7d74ffff7d74,
ffff7d5cffff7e68,
ffff7d24ffff7cfc,
ffff7d00ffff7d1c,
00000004ffff7d6c,
0101040000050000,
0400060106010101,
0000000000000000,
0000000004040000,
0206020202020206,
0606060604060606,
0303060606060606,
0000000000060606,
0000000200000000,
0404050000000000,
0300070407040404,
0000000000000000,
0000000001010000,
0107010101010107,
0707070706070707,
0000070707070707,
0000000000070707,
0000000500000000,
0000007d00000019,
3c9cd2b297d889bc,
3949f623d5a8a733,
32a50ffd44f4a73d,
255bba08cf8c979d,
0ac8062864ac6f43,
4341c37937e08000,
4693b8b5b5056e17,
4d384f03e93ff9f5,
5a827748f9301d32,
75154fdd7f73bf3c,
3ff0000000000000,
4024000000000000,
4059000000000000,
408f400000000000,
40c3880000000000,
40f86a0000000000,
412e848000000000,
416312d000000000,
4197d78400000000,
41cdcd6500000000,
4202a05f20000000,
42374876e8000000,
426d1a94a2000000,
42a2309ce5400000,
42d6bcc41e900000,
430c6bf526340000,
4341c37937e08000,
4376345785d8a000,
43abc16d674ec800,
43e158e460913d00,
4415af1d78b58c40,
444b1ae4d6e2ef50,
4480f0cf064dd592,
44b52d02c7e14af6,
44ea784379d99db4,
2020202020202000,
2028282828282020,
2020202020202020,
2020202020202020,
1010101010108820,
1010101010101010,
0404040404040410,
1010101010040404,
4141414141411010,
0101010101010101,
0101010101010101,
1010101001010101,
4242424242421010,
0202020202020202,
0202020202020202,
1010101002020202,
0000000000000020,
0000000000000000,
0000000000000000,
0000000000000000,
0000000000000000,
0000000000000000,
0000000000000000,
0000000000000000,
0000000000000000,
0000000000000000,
0000000000000000,
0000000000000000,
0000000000000000,
0000000000000000,
0000000000000000,
0000000000000000,
ffffb28400000000,
ffffa7e8ffffa7e8,
ffffa7e8ffffb278,
ffffa7e8ffffa7e8,
ffffa7e8ffffb1c0,
ffffaea0ffffa7e8,
ffffa7e8ffffaebc,
ffffb22cffffaeb0,
ffffb220ffffa7e8,
ffffa7b4ffffa7b4,
ffffa7b4ffffa7b4,
ffffa7b4ffffa7b4,
ffffa7b4ffffa7b4,
ffffa7e8ffffa7b4,
ffffa7e8ffffa7e8,
ffffa7e8ffffa7e8,
ffffa7e8ffffa7e8,
ffffa7e8ffffa7e8,
ffffae1cffffad80,
ffffa7e8ffffa7e8,
ffffa7e8ffffa7e8,
ffffa7e8ffffa7e8,
ffffa7e8ffffa7e8,
ffffa7e8ffffa7e8,
ffffa7e8ffffb15c,
ffffa7e8ffffa7e8,
ffffa7e8ffffacec,
ffffa7e8ffffaecc,
ffffb8e0ffffa7e8,
ffffa7e8ffffa7e8,
ffffa7e8ffffa7e8,
ffffa7e8ffffa7e8,
ffffa7e8ffffa7e8,
ffffa7e8ffffa7e8,
ffffac5cffffad80,
ffffa7e8ffffa7e8,
ffffb148ffffa7e8,
ffffa998ffffac5c,
ffffb134ffffa7e8,
ffffb0fcffffa7e8,
ffffb058ffffb0c0,
ffffa7e8ffffa998,
ffffa990ffffacec,
ffffa7e8ffffaf18,
ffffb968ffffa7e8,
ffffa990ffffa7e8,
3030303030303030,
3030303030303030,
2020202020202020,
2020202020202020,
0000000000000010,
01017c0100527a03,
0000001000020c1b,
fffecc2800000018,
0000000000000468,
0000000080000ea4,
0000000010000000,
0000000000000000,
0000000000000000,
0000000000000000,
0000000000000000,
800197448001973c,
000000008001974c,
8001b9bc00000003,
8001b9bc00000000,
8001ba8c8001ba24,
0000000000000000,
0000000000000000,
0000000000000000,
0000000000000000,
0000000000000000,
0000000000000000,
0000000000000000,
0000000000000000,
0000000000000000,
0000000000000000,
0000000000000000,
0000000000000000,
0000000000000000,
0000000000000000,
0000000000000000,
0000000000000000,
0000000000000000,
0000000000000001,
e66d1234abcd330e,
0000000b0005deec,
0000000000000000,
0000000000000000,
0000000000000000,
0000000000000000,
0000000000000000,
0000000000000000,
0000000000000000,
0000000000000000,
0000000000000000,
0000000000000000,
0000000000000000,
0000000000000000,
0000000000000000,
0000000000000000,
0000000000000000,
0000000000000000,
0000000000000000,
0000000000000000,
0000000000000000,
8001aa808001aa80,
8001aa888001aa88,
8001aa908001aa90,
8001aa988001aa98,
8001aaa08001aaa0,
8001aaa88001aaa8,
8001aab08001aab0,
8001aab88001aab8,
8001aac08001aac0,
8001aac88001aac8,
8001aad08001aad0,
8001aad88001aad8,
8001aae08001aae0,
8001aae88001aae8,
8001aaf08001aaf0,
8001aaf88001aaf8,
8001ab008001ab00,
8001ab088001ab08,
8001ab108001ab10,
8001ab188001ab18,
8001ab208001ab20,
8001ab288001ab28,
8001ab308001ab30,
8001ab388001ab38,
8001ab408001ab40,
8001ab488001ab48,
8001ab508001ab50,
8001ab588001ab58,
8001ab608001ab60,
8001ab688001ab68,
8001ab708001ab70,
8001ab788001ab78,
8001ab808001ab80,
8001ab888001ab88,
8001ab908001ab90,
8001ab988001ab98,
8001aba08001aba0,
8001aba88001aba8,
8001abb08001abb0,
8001abb88001abb8,
8001abc08001abc0,
8001abc88001abc8,
8001abd08001abd0,
8001abd88001abd8,
8001abe08001abe0,
8001abe88001abe8,
8001abf08001abf0,
8001abf88001abf8,
8001ac008001ac00,
8001ac088001ac08,
8001ac108001ac10,
8001ac188001ac18,
8001ac208001ac20,
8001ac288001ac28,
8001ac308001ac30,
8001ac388001ac38,
8001ac408001ac40,
8001ac488001ac48,
8001ac508001ac50,
8001ac588001ac58,
8001ac608001ac60,
8001ac688001ac68,
8001ac708001ac70,
8001ac788001ac78,
8001ac808001ac80,
8001ac888001ac88,
8001ac908001ac90,
8001ac988001ac98,
8001aca08001aca0,
8001aca88001aca8,
8001acb08001acb0,
8001acb88001acb8,
8001acc08001acc0,
8001acc88001acc8,
8001acd08001acd0,
8001acd88001acd8,
8001ace08001ace0,
8001ace88001ace8,
8001acf08001acf0,
8001acf88001acf8,
8001ad008001ad00,
8001ad088001ad08,
8001ad108001ad10,
8001ad188001ad18,
8001ad208001ad20,
8001ad288001ad28,
8001ad308001ad30,
8001ad388001ad38,
8001ad408001ad40,
8001ad488001ad48,
8001ad508001ad50,
8001ad588001ad58,
8001ad608001ad60,
8001ad688001ad68,
8001ad708001ad70,
8001ad788001ad78,
8001ad808001ad80,
8001ad888001ad88,
8001ad908001ad90,
8001ad988001ad98,
8001ada08001ada0,
8001ada88001ada8,
8001adb08001adb0,
8001adb88001adb8,
8001adc08001adc0,
8001adc88001adc8,
8001add08001add0,
8001add88001add8,
8001ade08001ade0,
8001ade88001ade8,
8001adf08001adf0,
8001adf88001adf8,
8001ae008001ae00,
8001ae088001ae08,
8001ae108001ae10,
8001ae188001ae18,
8001ae208001ae20,
8001ae288001ae28,
8001ae308001ae30,
8001ae388001ae38,
8001ae408001ae40,
8001ae488001ae48,
8001ae508001ae50,
8001ae588001ae58,
8001ae608001ae60,
8001ae688001ae68,
8001ae708001ae70,
8001ae788001ae78,
0000000000000043,
0000000000000000,
0000000000000000,
0000000000000000,
0000000000000000,
0000000000000000,
0000000000000000,
0000000000000000,
0000000000000000,
0000000000000000,
0000000000000000,
0000000000000000,
0000000000000000,
0000000000000000,
0000000000000000,
0000000000000000,
0000000000000000,
0000000000000000,
0000000000000000,
0000000000000000,
0000000000000000,
0000000000000000,
0000000000000000,
0000000000000000,
0000000000000000,
0000000000000000,
0000000000000000,
0000000000000000,
0000000000000000,
0000000000000043,
0000000000000000,
0000000000000000,
0000000000000000,
0000000000000043,
0000000000000000,
0000000000000000,
0000000000000000,
0000000000000043,
0000000000000000,
0000000000000000,
0000000000000000,
0000000000000043,
0000000000000000,
0000000000000000,
0000000000000000,
0000000000000043,
0000000000000000,
0000000000000000,
0000000000000000,
0000000000000043,
0000000000000000,
0000000000000000,
0000000000000000,
0000000000000043,
0000000000000000,
0000000000000000,
0000000000000000,
800119a080013eb0,
8001a64000000000,
800194c480019728,
800194c4800194c4,
800194c4800194c4,
800194c4800194c4,
800194c4800194c4,
ffffffffffffffff,
0000ffffffffffff,
0049494353410001,
0000000000000000,
0000000000000000,
0000000000000000,
0049494353410000,
0000000000000000,
0000000000000000,
0000000000000000,
0000004300000000,
0000000000000000,
0000000000000000,
0000000000000000,
0000000000000000,
412e848000000000,
3ff0000000000000,
7fefffffffffffff,
3fc0000000000000,
4030000000000000,
3fe0000000000000,
4350000000000000,
3ff8000000000000,
3fd287a7636f4361,
3fc68a288b60c8b3,
3fd34413509f79fb,
4024000000000000,
401c000000000000,
4014000000000000,
000000018001be70,
0000006600000003,
8001b1cc8001a940,
00020000ffffffff,
8001b1e8;
