:0200000480007A
:100000006F00C02A6F00D0156F0040296F000029D3
:100010006F00C0286F0080286F0040286F00002804
:100020006F00C0276F0080276F0040276F000027F8
:100030006F00C0266F0080266F0040266F000026EC
:100040006F00C0256F0080256F0040256F000025E0
:100050006F00C0246F0080246F0040246F000024D4
:100060006F00C0236F0080236F0040236F000023C8
:100070006F00C0226F0080226F0040226F0040336B
:10008000973101009381013017010300130181F7BB
:1000900017050000130505F713651500731055309B
:1000A000138581F4138681253306A640930500004D
:1000B000EF5010071765000013050581EF30906CB5
:1000C000EF50807613050000930500001306000032
:0C00D000EF0000016F30506C67800000F2
:1000E000130101812326117E2324817E2322917E08
:1000F0002320217F232E317D93060000130101FD73
:10010000130600009305000013050020EF30404D5A
:10011000630A0516130405001715010013058592DF
:10012000EF40D077732920B0F32900B09715010074
:100130009385059D1306010013050400EF30406A06
:10014000F32420B0B3842441F32200B0171501003A
:100150001305459033893241EF405074130709006D
:100160009386040013060900938504001715010007
:100170001305458FEF40904D37160000130606809B
:10018000971501009385C51713050100EF50C03680
:1001900093090500631E0502171501001305059458
:1001A000EF40D06F13050400EF309062130101039C
:1001B0008320C17E138509000324817E8324417E30
:1001C0000329017E8329C17D1301017F678000001F
:1001D000171501001305058CEF40506CB717000090
:1001E00013830780130401003309230097140100CF
:1001F0009384448E031624008315040013850400A1
:1002000013040402EF409044031664FE831544FE79
:1002100013850400EF4090430316A4FE831584FE6B
:1002200013850400EF4090420316E4FE8315C4FEDC
:1002300013850400EF409041031624FF831504FF4B
:1002400013850400EF409040031664FF831544FFBC
:1002500013850400EF40903F0316A4FF831584FF2D
:1002600013850400EF40903E0316E4FF8315C4FF9E
:1002700013850400EF40903DE31E24F7930910001E
:100280006FF0DFF2170501001305857AEF4010616A
:10029000930910006FF09FF10000000017050100A6
:1002A0001305155CEF40905F6FF05FFF130101FCD9
:1002B000232011002322A1002324B1002326C10002
:1002C0002328D100232AE100232CF100232E010151
:1002D00023201103232251022324610223267102C9
:1002E0002328C103232AD103232CE103232EF10366
:1002F000F322203413032000638862021303B0004A
:100300006388620013033000638862006F00C002DC
:10031000EF00003D6F004003170501001305055075
:10032000EF40D0576F004002170501001305054A42
:10033000EF40D0566F00400117050100130525500E
:10034000EF40D0556F004002F322103403830200C7
:10035000130530003373A3006314A30093822200BB
:100360009382220073901234832001000325410000
:10037000832581000326C100832601010327410153
:10038000832781010328C1018328010283224102BE
:10039000032381028323C102032E0103832E410321
:1003A000032F8103832FC103130101047300203045
:1003B000730020300000000000000000000000007A
:1003C0003305A04023AEA1F41305F0FF67800000C1
:1003D00037070010930750052320F7009706010008
:1003E00083C6564A170601001306E64B170E010096
:1003F000130E6E492320D700970E010083CEAE481E
:100400002320D70183421E00130E8E0023205700A5
:100410000343AEFF232067008343BEFF2320770002
:100420000345CEFF2320A7008345DEFF2320B7002E
:100430000348EEFF232007018348FEFF2320170116
:10044000834E0E00E31ECEFA67800000130000000A
:100450009307800523AEF1F41305F0FF67800000D9
:100460009307800523AEF1F41305F0FF67800000C9
:100470009307800523AEF1F41305F0FF67800000B9
:100480009307800523AEF1F41305F0FF67800000A9
:100490009307800523AEF1F41305F0FF6780000099
:1004A0001305F0FF67800000130000001300000038
:1004B0009307C00023AEF1F41305F0FF678000003E
:1004C000B707048023A0A700730050106F0000003E
:1004D0009307800523AEF1F41305F0FF6780000059
:1004E0009307B00023AEF1F41305F0FF678000001E
:1004F000B727000023A2F500130500006780000065
:100500009307800523AEF1F41305F0FF6780000028
:100510009307800523AEF1F41305F0FF6780000018
:10052000930780FA23AEF1F4130500006780000002
:100530001305100067800000130000001300000086
:10054000930780FA23AEF1F41305F0FF67800000F3
:100550001305F5FF13351500678000001300000038
:100560009307600123AEF1F41305F0FF67800000EC
:100570009307F00123AEF1F41305F0FF678000004C
:100580001305000067800000130000001300000046
:100590009307800523AEF1F41305F0FF6780000098
:1005A0001305F0FF67800000130000001300000037
:1005B0009307800523AEF1F41305F0FF6780000078
:1005C0001305000067800000130000001300000006
:1005D000B727000023A2F500130500006780000084
:1005E0001305F0FF678000001300000013000000F7
:1005F0001305F0FF678000001300000013000000E7
:100600009307200023AEF1F41305F0FF678000008C
:100610009307800523AEF1F41305F0FF6780000017
:100620009307A00023AEF1F41305F0FF67800000EC
:1006300003A781F4130101FE232C8100232E110056
:1006400093870500130406006306070213060400DF
:10065000172501001305055393850700EF00407F20
:100660008320C10113050400032481011301010249
:10067000678000002326B100B7C5010093850520DF
:1006800013063000172501001305C54FEF00406F1A
:10069000930210008327C10023A451F46FF01FFBC5
:1006A00023ACA1F2130500006780000013000000D6
:1006B00083A281F3170703001307C7943385A200B1
:1006C00023ACA1F26374E500636825009307C000C2
:1006D00023AEF1F49302F0FF13850200678000005F
:1006E0009307100863CC17159302F00263D4121914
:1006F000138308FD9308100563EE680217070100D5
:100700001307871A93132300B386E30003A8060098
:10071000330EE80067000E00930EC00A6388D811FC
:1007200063CE1E1B930F90096382F8119307900A02
:100730006386F814970701009387C7149703010095
:1007400093836316B386F34013F8760013075005BE
:10075000370E00106308080813051000630CA80684
:10076000930E20006302D807130F30006308E805DA
:10077000930F4000630EF803130650006304C80291
:1007800093056000630AB8002320EE00970701007C
:100790009387570F03C707002320EE0003C71700F6
:1007A000938717002320EE0003C7170093871700D5
:1007B0002320EE0003C71700938717002320EE00C5
:1007C00003C71700938717002320EE0003C7170005
:1007D00093871700938717002320EE0003C70700B5
:1007E000638C77142320EE0083C217009387870061
:1007F00023205E0003C3A7FF23206E0083C8B7FF3A
:1008000023201E0183C6C7FF2320DE0003C8D7FFB5
:1008100023200E0103C5E7FF2320AE0083CEF7FFA0
:100820002320DE0103C70700E39E77FA67800000FC
:100830009302800523AE51F4678000009302F040DC
:10084000E3CA12EF1303F03FE35813ED938808C097
:100850009303F000E3E013EF1707010013074719B4
:10086000139528003306E500832606003388E6004A
:100870006700080013031001E39E68EA930880FAFA
:1008800023AE11F5678000003726000023A2C500C3
:10089000678000009305200023AEB1F4678000005C
:1008A000130EF00123AEC1F567800000130560014F
:1008B00023AEA1F467800000370404802320A40045
:1008C000730050106F00000003AF81F463000F024B
:1008D000172501001305052B6F008057130F600DBE
:1008E000E39AE8E523ACA1F267800000130101FE62
:1008F000B7CF01002326C1002324B1001306300026
:1009000093850F20172501001305C527232E1100FD
:10091000EF0000479307100023A4F1F40326C10061
:10092000832581008320C10117250100130585253A
:10093000130101026F00C051678000001300000026
:100940001300000013000000000000000000000081
:100950001305000067800000130000001300000072
:100960001305000067800000130000001300000062
:100970001305000067800000130000001300000052
:100980001305000067800000130000001300000042
:100990001305000067800000130000001300000032
:1009A0001305000067800000130000001300000022
:1009B0001305000067800000130000001300000012
:1009C0001305000067800000130000001300000002
:1009D00013050000678000001300000013000000F2
:1009E00013050000678000001300000013000000E2
:1009F00013050000678000001300000013000000D2
:100A000013050000678000001300000013000000C1
:100A100013050000678000001300000013000000B1
:100A200013050000678000001300000013000000A1
:100A30001305000067800000130000001300000091
:100A40001305000067800000130000001300000081
:100A50001305000067800000130000001300000071
:100A60001305000067800000130000001300000061
:100A70001305000067800000130000001300000051
:100A80001305000067800000130000001300000041
:100A90001305000067800000130000001300000031
:100AA0001305000067800000130000001300000021
:100AB0001305000067800000130000001300000011
:100AC0001305000067800000130000001300000001
:100AD00013050000678000001300000013000000F1
:100AE00013050000678000001300000013000000E1
:100AF00013050000678000001300000013000000D1
:100B000013050000678000001300000013000000C0
:100B100013050000678000001300000013000000B0
:100B200013050000678000001300000013000000A0
:100B30001305000067800000130000001300000090
:100B400013050000678000000000000000000000A6
:100B50008327C50063840720032605016300062060
:100B600083260500034895000327450183C54601F8
:100B7000B3E20501A304550013F30502630E031C41
:100B80006300E61EB303E64093080001138F0300E1
:100B900063F47800138F0800338EE700834E0E0055
:100BA000930F1700130810002380D601232AF501A4
:100BB0006380031BB385F70183C20500130327007D
:100BC0009308200023805600232A650063821319AE
:100BD000338E6700834E0E001308370093053000F4
:100BE0002380D601232A05016384B316B38207014B
:100BF00003C3020093084700130E400023806600E1
:100C0000232A15016386C315B38E170103C80E008E
:100C1000930557009302500023800601232AB50054
:100C2000638853123383B700834E03009308670031
:100C3000130E60002380D601232A1501638AC31195
:100C4000338817018345080093027700130370006F
:100C50002380B600232A5500638C630EB38E5700A1
:100C600003C80E0093088700130E8000238006013E
:100C7000232A1501638EC30DB385170183C20500B6
:100C800013039700930E900023805600232A6500DB
:100C90006380D30D33886700834508009308A7005D
:100CA000130EA0002380B600232A15016382C30B14
:100CB000B382170103C30200930EB7001308B000FC
:100CC00023806600232AD50163840309B385D701F5
:100CD00083C205009308C700130EC000238056008E
:100CE000232A15016386C30733831701834E03004C
:100CF0001308D7009305D0002380D601232A0501CD
:100D00006388B304B382070103C302009308E700BA
:100D1000130EE00023806600232A1501638AC303B3
:100D2000B38E170103C80E009305F7009302F0007D
:100D300023800601232AB500638C5300B387B700D4
:100D400083C307001307070123807600232AE500E9
:100D5000330FFF011307FFFF6304E6006780000005
:100D600003C64600232805001375D60F2382A6006C
:100D70006780000013000000130000001300000053
:100D8000130101FE232A910083240500232C8100F6
:100D90002328210123263101232E11002382040060
:100DA00023840400930770FC2384F40013040500DB
:100DB00093890500130906002388040013860500A3
:100DC0009306000037D5121393050000EF209052D0
:100DD000935275003707010063FEE200130300F829
:100DE000238664001355F5002382A4002380540059
:100DF000238604002386240123042401A304040081
:100E000097030000938303D5232234018320C1017B
:100E10002328040023260400232A0400232E040090
:100E2000232C0400232204022320740203248101C2
:100E300083244101032901018329C1001301010217
:100E40006780000013000000130000001300000082
:100E5000130101FF23260100638C0522630A062289
:100E6000032505001308000093071003834645017E
:100E7000232601000327C10063E2E70A8322C100A1
:100E800013831200232661008323C10063E87708DF
:100E90008328C100138E18002326C101832EC100B0
:100EA00063EED707032FC100930F1F002326F10124
:100EB0000327C10063E4E7068322C1001383120005
:100EC000232661008323C10063EA77048328C100DD
:100ED000138E18002326C101832EC10063E0D705BD
:100EE000032FC100930F1F002326F1010327C10028
:100EF00063E6E7028322C100138312002326610008
:100F00008323C10063EC77008328C100138E18008F
:100F10002326C101832EC100E3F2D7F793F6060220
:100F2000E38606F423260100032FC10063E2E70BEA
:100F3000832FC10013871F002326E1008322C100F5
:100F400063E857080323C1009303130023267100AD
:100F50008328C10063EE1707032EC100930E1E0005
:100F60002326D1018326C10063E4D706032FC100E5
:100F7000930F1F002326F1010327C10063EAE70452
:100F80008322C10013831200232661008323C10042
:100F900063E077048328C100138E18002326C10163
:100FA000832EC10063E6D7038326C100138F16008A
:100FB0002326E101832FC10063ECF7010327C10061
:100FC00093021700232651000323C100E3F267F6C2
:100FD000B383050183C8030013081800230015011B
:100FE00023260100032EC10063E2C70B832EC1003C
:100FF00093861E002326D100032FC10063E8E70972
:10100000832FC10013871F002326E1008322C10024
:1010100063EE57060323C1009303130023267100D8
:101020008328C10063E41707032EC100930E1E003E
:101030002326D1018326C10063EAD704032FC10010
:10104000930F1F002326F1010327C10063E0E7048B
:101050008322C10013831200232661008323C10071
:1010600063E677028328C100138E18002326C1018E
:10107000832EC10063ECD7018326C100138F1600B5
:101080002326E101832FC100E3F2F7F7E360C8DE16
:10109000130101016780000013000000130000002D
:1010A0006388050C03C605006304060C832705004E
:1010B000130101FF9386150003C74701A307E10051
:1010C0008342F10013F302026318030883C347014C
:1010D000A30771000345F10093750502639E0506A1
:1010E00003C84701A30701018348F10013FE08026A
:1010F00063140E0683CE4701A307D101034FF1000D
:10110000937F0F02639A0F0403C74701A307E1000F
:101110008342F10013F302026310030483C3470107
:10112000A30771000345F10093750502639605025C
:1011300003C84701A30701018348F10013FE080219
:10114000631C0E0083CE4701A307D101034FF100BA
:10115000937F0F02E3820FF6938616002380C70069
:1011600003C6F6FFE31A06F41301010167800000CD
:10117000678000001300000013000000130000004F
:10118000630C0602638A0502032705009706000028
:101190009386469C2326B500834747002328C50035
:1011A000232A05002320D50293E2270023025700BB
:1011B000732340F16304030067800000B725000C2F
:1011C000972301009383039C03A605003305754014
:1011D0001338150093081000339E0801B36ECE003B
:1011E00023A0D50167800000130000001300000059
:1011F00083270500034795008326050183C2470125
:1012000033E3E200A304650093F3F20F6398060052
:1012100013D56300137515006780000013050000E7
:10122000678000001300000013000000130000009E
:101230006382050663000606032805000347950040
:1012400083474801B3E2E700A304550013F31700F6
:1012500063020304130E00006F008000638E0F0210
:1012600083460800B383C501130E1E002380D300FC
:101270000328050083489500834E480133EF1E0183
:10128000A304E50193FF1E00E36ACEFC13050E00E4
:1012900067800000130E000013050E006780000039
:1012A000F32740F163960702B726000C17270100C9
:1012B0001307478D03A60600B302E54013B31200DF
:1012C0009303100033986300B368C80023A016018D
:1012D000370E0100930EFEFF638CD5010325050038
:1012E00093F5F500034F4500B36FBF002302F501EE
:1012F00067800000130000001300000013000000CE
:10130000638C05029337160C6388070203270500D8
:10131000232EB5008342870013F3F203B363C300A7
:10132000230477008345470013E615002302C70016
:10133000F32640F16384060067800000B728000CA4
:10134000172801001308088403AE0800330505417F
:10135000933E1500130F1000B31FDF01B3E7CF0159
:1013600023A0F800678000001300000013000000B5
:1013700063840502032705002320B5022326050008
:10138000834747002328050093E2270023025700E4
:10139000732340F16304030067800000B725000C4D
:1013A000971301009383037E83A6050033057540E0
:1013B0001336150013081000B318C80033EED80018
:1013C00023A0C50167800000130000001300000087
:1013D00063800502032705002322B50283474700E7
:1013E00093E2870023025700732340F16304030054
:1013F00067800000B725000C971301009383837862
:1014000083A6050033057540133615001308100038
:10141000B318C80033EED80023A0C50167800000D0
:101420006386051263040612832705008346950030
:1014300003C74701B362D700A30455001373070223
:1014400063060310930300011305060063E4C31051
:1014500003C805009308100023800701630A160FD4
:1014600003CE1500930E20002380C7016302D60F20
:1014700003CF2500930F30002380E701630AF60DA8
:1014800083C63500130740002380D7006302E60CB3
:1014900083C245001303500023805700630A660A85
:1014A00083C3550013086000238077006302060B96
:1014B00083C86500130E700023801701630AC609F4
:1014C00083CE7500130F80002380D7016302E609E5
:1014D00083CF8500930690002380F701630AD60628
:1014E00083C295001307A000238057006302E6061D
:1014F00003C3A5009303B00023806700630A76044A
:1015000003C8B5009308C0002380070163021605D5
:1015100003CEC500930ED0002380C701630AD60313
:1015200003CFD500930FE0002380E7016302F603A9
:1015300083C6E5009302F0002380D700630A5600BB
:1015400083C5F5002380B700678000001305000005
:1015500067800000138503006FF09FEF1300000009
:10156000832705000347950083C24701A3040500B4
:1015700033E5E2001375E509678000001300000001
:101580008327050003C58701678000001300000062
:1015900003270500834795008342470133E3F200A8
:1015A000A304650013F50206678000001300000025
:1015B000032705008347C70093E20704230657006B
:1015C00067800000130000001300000013000000FB
:1015D000032705008347C70093F2F70B2306570044
:1015E0006780000013000000000000000000000001
:1015F000130101F8232441072328A105032A07002A
:10160000032D47002326B105938D06003308AA0356
:10161000232A9105232E1106232C8106232A9106C5
:101620002328210723263107232C81052322510754
:1016300023206107B38CCD0293102800232E71055F
:101640009306100093090600130405009384050017
:10165000138C070033091500939C2C006306DD4CA6
:10166000330BCA02930787002320F100931B2D0040
:10167000930A0500032701009385040013850A00DF
:1016800093070C0093860D0013060B00EFF05FF636
:10169000B38A7A01B38494010327010093070C00F5
:1016A00093860D0013060B0013850A009385040032
:1016B00063025911EFF0DFF3B38A7A01B384940126
:1016C0000327010093070C0093860D0013060B00FF
:1016D00013850A0093850400630E590DEFF05FF146
:1016E000B38A7A01B38494010327010093070C00A5
:1016F00093860D0013060B0013850A0093850400E2
:10170000630A590BEFF0DFEEB38A7A01B3849401D8
:101710000327010093070C0093860D0013060B00AE
:1017200013850A009385040063065909EFF05FEC06
:10173000B38A7A01B38494010327010093070C0054
:1017400093860D0013060B0013850A009385040091
:1017500063025907EFF0DFE9B38A7A01B384940199
:101760000327010093070C0093860D0013060B005E
:1017700013850A0093850400630E5903EFF05FE7B9
:10178000B38A7A01B38494010327010093070C0004
:1017900093860D0013060B0013850A009385040041
:1017A000630A5901B38A7A01EFF09FE4B38494018C
:1017B000E31259ED930C40000329CC00E30E9A513B
:1017C00063C84C4F9300200063001A26930E30002C
:1017D000E31ADA2393080D00139D2900B38FA803A1
:1017E000130F1000139528003306F901831C2600FF
:1017F0006384E9016F104029B306A400373D00005F
:10180000B380A600130E0900930DADAA3743000064
:10181000831904000318240013044400B385B9039A
:10182000938646009380400013094900130E8E00F2
:101830009388F8FF330FB80333876500135AF740D6
:10184000231E44FF330B6F00935FFB40231FF4FF05
:101850000396C6FF839EE6FFB30BB603B387BE03B2
:10186000B38A6B0093D2FA40239E56FEB38367007F
:1018700013D5F340239FA6FE039CC0FF8394E0FF93
:10188000330DBC03B389B40333086D009355F8409E
:10189000239EB0FE338F6900935BFF40239F70FF50
:1018A000831FC9FF83128EFF8313AEFF8317E9FFE7
:1018B0000397C6FF039AE6FFB38E55020355C4FF94
:1018C0003306F703330BFA02B38A7B02330C66410B
:1018D000B3046C0013DDF44093190D0113D8090112
:1018E000B307F702338F5E4133076F00935EF74013
:1018F00013960E01135B0601330C6801931A0C0159
:1019000093D40A4113DD1440338A4F033305A541B4
:10191000B3096841239EA6FE13980901935E08410E
:10192000835FE4FFB3857502B3834701B387630028
:1019300013DFF74013170F01135B0701B38B5B0233
:10194000B382750133866200935AF64093940A017C
:1019500013DD04013305AB41131A050193590A4104
:101960003308AB01B38599039313080193D703415F
:1019700013DF1740B38FEF41239FF6FF0357E4FFB8
:10198000035BC4FFB30BE800B3829E03330C6C010E
:10199000231E84FF231F74FF3386650083DEC6FF8A
:1019A000935AF64093940A0113DD04013305DD01D7
:1019B000239EA0FEB389620003DAE6FF13D8F94044
:1019C0009315080193D30501B3077A40239FF0FED6
:1019D00003DFC6FFB30FAF41239EF6FF03DBE6FF35
:1019E00033876301239FE6FEE39408E28320C10767
:1019F0000324810783244107032901078329C106A2
:101A0000032A8106832A4106032B0106832BC10585
:101A1000032C8105832C4105032D0105832DC10471
:101A20001301010867800000131E2D0093071000AA
:101A30003306C401B74E00006384F9006F108024A0
:101A4000031F04000315240013094900131AEF00B3
:101A5000931CE500B30BEA41B38DAC40B389DB01C5
:101A6000338CDD0193DAF9409358FC402310540184
:101A700023111401831406000313260013064600E5
:101A80001397E4001318E300B3029740B3066840CD
:101A9000338BD201B383D6019355FB4093D0F340EF
:101AA000231F16FE231EB6FE031EC9FF831FE9FF78
:101AB000035F04003305BE0213044400130DFDFF51
:101AC000338AF003B3041E02B30C4541B38BDC012F
:101AD00093DDFB4093990D0113DC0901B30A8F419B
:101AE000231E56FF8358E4FFB387F5033383970023
:101AF0003307D3011358F7409312080113DB020197
:101B0000B3866841231FD6FE8353C4FF8355E4FF89
:101B1000B3007C00330EBB00231E14FE231FC4FF42
:101B2000E3100DF26FF09FECB302A9401383C2FFE4
:101B30009353230013851300937575001307040056
:101B40006382050C6382A50B130620006382C5081F
:101B50009308300063821507130E40006382C505A9
:101B6000930E50006382D503130F6000E390E5717C
:101B700083DD040013074700231EB7FF83D624002C
:101B8000B3849401231FD7FE83D0040013074700BA
:101B9000231E17FE03DB2400B3849401231F67FF79
:101BA00083D7040013074700231EF7FE83DB2400BE
:101BB000B3849401231F77FF83DA040013074700DF
:101BC000231E57FF83D22400B3849401231F57FEA2
:101BD00003D3040013074700231E67FE83D32400AA
:101BE000B3849401231F77FE03D504001307470035
:101BF000231EA7FE83D52400B3849401231FB7FEC0
:101C0000E30AE9BA03D60400338E940113070702EE
:101C10002310C7FE83D42400B30E9E01338F9E0190
:101C2000231197FE83580E00B30F9F01B38D9F01C0
:101C3000231217FF03582E00B3869D01B38096012F
:101C4000231307FF03DB0E00B3849001231467FF07
:101C500083D72E002315F7FE835B0F00231677FF33
:101C6000835A2F00231757FF83D20F00231857FEE4
:101C700003D32F00231967FE83D30D00231A77FEA9
:101C800003D52D00231BA7FE83D50600231CB7FE1A
:101C900003D62600231DC7FE03DE0000231EC7FF58
:101CA00083DE2000231FD7FFE31EE9F46FF09FB00F
:101CB000130750006318EA54B380A903131E2D00C4
:101CC000B30EC401338FCE01B30FCF01338ACF01DE
:101CD00013932000B308690033856800039B080054
:101CE000039C28008314050023286101232281011D
:101CF0002324910283102500E35AA0CF9392190068
:101D0000930C090033893201939B2900939D39007C
:101D1000B7260000931529009399490023267103E3
:101D20002328B103232CB102232A3103938B0C0007
:101D300023240100138E9699B7470000232EA10398
:101D4000232A910123209101031D04008313240001
:101D5000130444003303CD03938E4E00130F4F0042
:101D600003268100938F4F00130A4A0013071600C1
:101D70002324E100B388C3033305F300135BF5406C
:101D8000231E64FF338CF8009354FC40231F94FE01
:101D90008392CEFF0399EEFFB386C203B30DC9034E
:101DA000B385F60093D9F540239E3EFFB38AFD002C
:101DB00013D8FA40239F0EFF031DCFFF8313EFFFBD
:101DC0003306CD033387C3033303F6009358F34040
:101DD000231E1FFF832841013305F700135BF540E5
:101DE000231F6FFF039CCFFF8394EFFF138B08002B
:101DF000B302CC033389C403B386F20093DDF6400B
:101E0000239EBFFF83240100B305F90093D9F54059
:101E1000239F3FFF831ACAFF0318EAFF338DCA03CB
:101E2000B303C8033306FD001353F640231E6AFEB6
:101E30003387F300135CF740231F8AFF8392EFFF81
:101E400003950800839628000398040083952400D6
:101E5000031DCFFF8313EFFF8398CFFF2320510291
:101E6000839D0B008324C10283920C002322B103C3
:101E7000832D010303972C00B38C9C00330BBB0113
:101E800083248103832D0100232CA100232A6101D7
:101E90003305AD02338B9D00832441032320610170
:101EA00003962B00B38B9B00232E11010399CEFFC9
:101EB000839AEEFF8359C4FFB38DD30223262101F9
:101EC0000359E4FF3305B541330BF5009354FB4050
:101ED000032B0102939D0401B388080313D50D0160
:101EE000B30DBB02B306DD02338DB841B308FD006C
:101EF00093D4F840939D040193D80D01330D15013F
:101F000033051541931805010325810193140D0133
:101F100013DD040193D408418328C101B303750282
:101F200023209102232C5101931D0D01330D3D01FE
:101F300093DD0D4133086803B3867600B384F60061
:101F400013D5F4409313050193D40301B385B8026C
:101F50008328C100B38505013385F5009353F5400F
:101F6000139B030113580B01B3865802B388040175
:101F7000B384044193950801139B040193D3050195
:101F800093550B41032B41021395030193580541CF
:101F90003388EA02B3832301B3860641B384F60093
:101FA0003305630393DAF44013980A01832AC100CE
:101FB00093560801B304CC02330595403308F5006D
:101FC0009354F8403387EA02939A040113D80A0124
:101FD000338506019314050113D50401931A0501F5
:101FE00093D40A41832A8101330DA5013303C3022F
:101FF000B3860641231EA4FF139806019356084199
:10200000B3825203330C6C03330657003307F600D8
:102010001355F74013180501935A0801B3028301C1
:10202000338DF2001353FD4013160301032D81027B
:10203000135706013385EA00131805013385AD03F4
:10204000135B0801131C0B0113530C41032C0101FA
:10205000B38AEA4093920A0113D70241B3037B008B
:10206000231F74FE3308F50033858403135BF840A7
:10207000B38A69013386A8033308F5001355F84085
:10208000B38AAA00B3028303B303F60013D6F34066
:1020900093930A01832A410013D80301330BC9002B
:1020A000B382F20093D3F24033055703330B7B0026
:1020B00013160B01135B0601B38315023305F500FC
:1020C0001356F540B383F30013D5F3403306A6004F
:1020D000B3825603931A060113D50A01832A01021B
:1020E000B303A8403305A800239E7EFE33881A025E
:1020F000B382F20013D6F240B38888033308F800A5
:102100009352F840330656009313060113D8030187
:10211000B3026801239F5EFE231EAAFE330B0B4110
:10212000B38D8D033386F800832841009353F64026
:1021300033097900231F6AFFB384A4033385FD00AC
:10214000935DF540B389B9013303A303338DF400E4
:102150001358FD40B3820901139B0201135C0B016C
:10216000B38515033305F300935DF540B309B90159
:102170009394090193D30401330717023386F500C2
:102180001359F64013130901135D0301B3861602B8
:102190003308F7009352F840139B020193550B014B
:1021A0003305BD40B389A541B30DAC008325C10300
:1021B00003258100B38A1A03B388F60093D4F8404C
:1021C0001397040113560701231EBFFF330C3C0174
:1021D0003389FA001353F940131D030193560D017F
:1021E0003308D640B3820301338BC640231F5FFE02
:1021F000B3836301239E8FFF239F7FFEE396A5B4E5
:102200006FF0CFFE931C2A0013850C0083240C0072
:10221000EF10505B631405006F104033E35AA001C8
:10222000930D1000E316BD35E35440019380CCFFBD
:1022300093D32000378800009306F8FFB70A010007
:1022400093FD13003383AC00B3CF4603130E040099
:102250001306050093080400B74C0000138BFAFF27
:1022600063940D04031F0400831224001306450029
:1022700093084400B305FF033387F203B387950146
:1022800093DBF740939E0B0113DC0E01337D6C0151
:10229000B300970193D3F040939D03013368BD01D0
:1022A000232005016300C30883960800839A480031
:1022B000039F280083926800B385F6031306860007
:1022C00093888800B387FA0333879501935BF740BF
:1022D000939E0B0113DC0E01337D6C01B300FF03F1
:1022E000B383970193DDF34013980D0193560801D2
:1022F000B3FA6601B382F203338F90019355FF4026
:10230000939705013367FD00232CE6FEB38B920102
:1023100093DEFB40139C0E0133ED8A01232EA6FFB2
:10232000E314C3F8835F050083522500930C10006B
:102330002310F40123115400630C9A6F130F000053
:1023400093080000930E450037480000330BD3413B
:102350001306CBFF9350260093F31000831604005E
:102360008317240093850E00130600006394030670
:102370001386080063C4980033869840931D260096
:10238000B30AB901839C2A00039D0A0003970E003B
:10239000839B2E0093854E00330BA703338C9B0346
:1023A000B3009703B3038B41B38D030193DAFD4070
:1023B000B386DA00939C060193D60C412310D40017
:1023C000330D7D033387A001B30B070193D0FB408E
:1023D0006F00400D330616016344960033069640A5
:1023E000131C2600B3008901839A2000839D0000FE
:1023F000839C0500039D250033061601B383BC03AF
:1024000093854500B30B5D0333875C03338B7341C6
:10241000330C0B019350FC40B386D000939A060115
:1024200093DC0A4123109401B38DAD03330DB70142
:10243000B3030D0193DBF340B387FB001397070150
:1024400093500741231114006344960033069640CD
:10245000131B2600330C6901831D2C00831A0C000A
:10246000039D05008393250093854500B3065D0316
:10247000B38BB303B307BD0333877641330B070137
:10248000135CFB40B30C9C01939D0C0193D60D4152
:102490002310D400B38A7A02338D5701B3030D01A0
:1024A00093D7F340B3871700139B070193570B4152
:1024B0002311F400E39065F2130F1F00130E4E007A
:1024C000B38838016306EA5713040E002310FE0197
:1024D00023115E006FF09FE7032A4C00139F290031
:1024E000139C1900939F390013070D002320E1016D
:1024F000330D3C012322F1019314270093102D008A
:1025000063160A2833039400130E1000B3089300D7
:10251000E39EC93333859800930E0900130E09001A
:10252000B74000008313040083122400130E8E00B2
:102530009394D3009397D200B38B7440338F57405A
:10254000B3891B00B3051F0093DDF94013DBF54091
:102550002310B40123116401831A0300031623001E
:1025600013094900939CDA001318D600B3865C4126
:10257000330CC840B38F1600330D1C0013DAFF4034
:102580009353FD40231043012311730083920800ED
:1025900083942800938ECE00939BD2009397D4000F
:1025A000338F5B40B3899740B3051F00B38D19008B
:1025B00013DBF54093DAFD40239068012391580125
:1025C00003160500831C2500130444001318D600CD
:1025D000139CDC00B306C840B30F9C41338D16003A
:1025E000338A1F009355FD409352FA402310B500E3
:1025F00023115500039F0800031C8EFF831BAEFFB1
:10260000839C280033088F0383130300831D23005A
:10261000031BC9FF8317E9FF8354C4FF8356E4FFFC
:1026200083994EFF839A6EFF93884800B38F7C0393
:1026300013034300130545001307F7FF330D7F0312
:10264000330AF841B30B1A0013DFFB4013180F01D4
:10265000935F0801338AF401931B0A01B384F441A8
:1026600013DA0B01B30C9C03139F040193540F0165
:10267000231E44FF338CFD02330D9D0133081D00E2
:10268000935FF840939B0F0113DF0B01B38CE601BE
:10269000139D0C01B386E64113580D013386630385
:1026A000939F060193DB0F01231F04FF330686412E
:1026B000330C1600135FFC40131D0F0193560D01E0
:1026C000B38C3503338FDB00B38FDB40B38B520306
:1026D000B387F302B3837C41B38C130013D6FC4061
:1026E000131C0601135D0C01B386A601939B060122
:1026F000B30FFD0193DC0B01B30DBB03330BAF41F3
:10270000330A9A41239E48FFB3855503B38AB70124
:10271000338F1A009357FF409393070113D6030199
:10272000338CC400B384C440B3823203B3895500F0
:10273000338D19009356FD40939B060113DA0B016C
:10274000B30D460193950D0193DA05013308584105
:10275000239F08FF035FC4FF8357E4FFB3034C418B
:10276000B38CEC013386FA00231E94FF231FC4FEB2
:10277000231FF3FF231E73FEB30F9A00231EF5FFE2
:10278000231F65FFE31007DA6FF04FA633039400B1
:10279000930D1000B3089300E39AB9333386980081
:1027A000930E0900130E0900B740000083130400C4
:1027B00083142400130E8E009399D3009397D400B2
:1027C000B38B7940B38D9740B38F1B00B3821D004C
:1027D00013DFFF4013DCF2402310E40123118401D6
:1027E000831A03008315230013094900139BDA00A1
:1027F000939CD50033085B41338DBC40B306180071
:1028000033051D0013DAF6409353F54023104301BE
:10281000231173008394080083992800938ECE00BF
:10282000939BD4009397D900B38D9B40B38F3741CE
:10283000B3821D00338F1F0013DCF240935AFF4018
:10284000239088012391580183150600031B26005D
:1028500013044400939CD5001318DB00338DBC4057
:1028600033056841B3061D00330A150093DDF640B9
:102870009353FA402310B60123117600039F0800FA
:10288000031C8EFF031BAEFF839C280033088F03BD
:10289000831B0300831A23008319C9FF8317E9FFF1
:1028A0008352C4FF835FE4FF83944EFF03956EFF62
:1028B00093884800338D6C031303430013064600CE
:1028C0001307F7FFB3066F03330AA841330B1A004F
:1028D000135FFB4013180F01135D0801338AA20137
:1028E000131B0A01135A0B01B382A241B30C9C03C0
:1028F000139F0201135D0F01231E44FF338CFA0264
:10290000B386960133881600135BF84093120B01CF
:1029100013DF0201B38CEF01B38FEF4193960C01EB
:1029200013D80601B3853B03139B0F0193520B0190
:10293000231F04FFB3858541338F9D02338C15001F
:10294000935CFC4093960C0113DB0601B38F62018C
:10295000B3826241B385A302B38BFB02B307BF40CE
:10296000338F1700135CFF40931C0C0193D60C01AE
:10297000330BDB0093150B01B38FDF40338F560011
:10298000B38DAD0213DC0501330A8A41239E48FF53
:10299000B38A5903B3839302B3895B01338519006A
:1029A0009352F540939B020193D70B01B30CFD406A
:1029B000330DFD00B3847D00B386140013DBF640B5
:1029C00093150B0113DA0501B38A4701939D0A01A0
:1029D00013D50D013308A840239F08FF8352C4FF7D
:1029E000835BE4FFB3099A01330C5C00B307750104
:1029F000231E84FF231FF4FE231FF3FF231E33FF38
:102A0000B30F4D41231EF6FF231FE6FFE31007DA45
:102A10006FE0DFFD032D81000325C100032C0101C0
:102A20009386160013044400330C9C01631EDD36AC
:102A3000032481078320C107832441070329010759
:102A40008329C106032A8106832A4106032B010636
:102A5000832BC105032C8105832C4105032D010522
:102A6000832DC104130101086F10805683DF040019
:102A7000130744002310F40103D82400B384940105
:102A8000231104016FF0CF8E3308A400373A000001
:102A9000939D3900B305A800130E09009309AAAA53
:102AA00037430000831B04008317240013044400F1
:102AB000338C3B0313084800938545009388F8FF47
:102AC000B38A3703B3046C0013D7F440231EE4FE2B
:102AD000B3826A0013DBF240231F64FF8316C8FF32
:102AE0008313E8FFB3803603B38E3303B38F6000E4
:102AF00013DFFF40231EE8FF33856E001356F540B9
:102B0000231FC8FE039AC5FF839BE5FFB3073A0363
:102B1000338C3B03B38A670093D0FA40239E15FEA3
:102B2000B3046C0093D3F440239F75FE8312090015
:102B300003150E0003162E00831E29000317C8FF7D
:102B4000031BE8FFB38FA002035AC4FF3309A90196
:102B5000330EBE01B3065702330FDB03B38BC30240
:102B6000B387E641338C6700935AFC4093940A0183
:102B700093D60401B30ED70333877F41B30F6700A9
:102B800013DFFF40931B0F0193D70B01338CF6002B
:102B9000931A0C0193D40A4113D71440338B620368
:102BA000330AEA40231E48FFB386F640939F06018E
:102BB00013DF0F418352E4FFB380C00233866E01FE
:102BC000B30E660093DBFE4093970B0193DA070187
:102BD000B383A30233857000B304650013D7F440B8
:102BE000131A0701135B0A01B3866A41939F06011A
:102BF00093D00F4133866A01B38E9003931B060175
:102C000093D70B4193DA1740B3825241231F58FEEA
:102C10008353C4FF0355E4FF330C7C0033079F0349
:102C2000B304A600231F94FE231E84FF338A6E0084
:102C3000035FC8FF135BFA4093160B0193DF060195
:102C4000B380EF01239E15FEB30E67000356E8FF25
:102C500093DBFE4093970B0193DA0701B3025641D1
:102C6000239F55FE8353C8FF3385F341231EA8FEDF
:102C7000035CE8FFB3848A01231F98FEE39408E213
:102C80006FE0DFD6139F2900831F0400031A24007E
:102C900013044400939CEF00931BEA00B38DFC41A6
:102CA000B3894B41338CDD01B38AD9019358FC4081
:102CB00093D4FA40231E14FF231F94FE031306002F
:102CC00003172600130646001318E3009316E700C7
:102CD000B3026840338BE640B383D201B305DB0116
:102CE00093D0F34013DEF540231E16FE231FC6FFCC
:102CF000831F0900831729000355C4FF338AF0039B
:102D0000130DFDFF3309E901B30CFE02B38BF00292
:102D1000B30D9A41B389DD0113DCF940931A0C011C
:102D200093D80A01B3041541231E96FE0353E4FF12
:102D30003307FE033388EB00B306D80193D2F64085
:102D4000139B020193530B01B3057340231FB6FE7F
:102D50008350C4FF035EE4FFB38F1800B387C30141
:102D6000231EF4FF231FF4FEE3100DF26FE01FC8D3
:102D7000B380A90337830000370E01009308F3FFE7
:102D8000930BFEFF3388AC0093132D00130C00004F
:102D90009306000023221101B74D0000232071018A
:102DA000930F4500938C0900E35C40C7B302A84031
:102DB00083294100938EC2FF13D62E00937A16000A
:102DC000B3C54903130B05009308040063960A0476
:102DD00083170400031F240003260100130B450082
:102DE000B30874003383B7023307BF02330EB30155
:102DF000935BFE4093920B0193DE0201B3FACE0087
:102E0000B309B70193D7F940139F070133E3EA01F0
:102E100023206500630C0B07B38B78000397080031
:102E20008392280003960B00039E2B00B30AB7027F
:102E3000B3887B00032F0100130B8B00B38EB2020B
:102E4000B389BA0193D7F94033F3E701B30BB60264
:102E50003387BE019352F74013960201B36AC30051
:102E6000232C5BFF330EBE02B38EBB0193D9FE4011
:102E7000B3F7E901330FBE011353FF40931B030166
:102E800033E77701232EEBFEE3180BF9835A050095
:102E9000035B2500930510002310540123116401E6
:102EA000130E0400E30EBAB6130F040093020C00D5
:102EB000930900002324A1012326A10023288101D6
:102EC000330DF8411305CDFF135C250093781C00EA
:102ED000831B0E0083172E0093850F00130600003E
:102EE000639408061386020063C4920033869240FE
:102EF000931E26003303D90183180300031C23000B
:102F000003970F00839E2F0093854F00330517030F
:102F1000338D8E0333038703330CA5413307BC0184
:102F20001355F740B30B7501139D0B01935B0D41D6
:102F300023107E01B388D803B30E13013383BE017F
:102F40001357F3406F00400D33065600634496005C
:102F500033069640131726003305E90003132500B6
:102F600083180500039C0500839E25003306560048
:102F700033051C039385450033076C02338D6E02C5
:102F8000B388D8033303A541330CB3011355FC4078
:102F9000B30B7501139D0B0113530D4123106E00EC
:102FA000B30E17013387BE01135CF740B307FC0073
:102FB00013950701135705412311EE006344960052
:102FC00033069640931B2600330D7901831E0D00B6
:102FD00083172D0003950500039C2500938545006C
:102FE000B308D503B30BFC02330DF502B387784168
:102FF0003385B7019358F54033836800931B030171
:1030000093DB0B4123107E01B38E8E03330CDD0165
:10301000330DBC019357FD40B387E700139C0701B4
:1030200093570C412311FE00E310B8F29389190065
:10303000330F7F00B3821200E30E3A9D130E0F0090
:1030400023105F0123116F016FF09FE7B387980092
:103050009302090093040900B7430000831E040093
:10306000031F2400938848001396DE00931CDF00A2
:10307000330DD641B386EC41330B7D00B38576002A
:10308000135AFB4093DAF5402310440123115401F5
:10309000831D030003152300130343001398DD0071
:1030A000931BD500B309B841338CAB40B38F790083
:1030B000330E7C0093DEFF40135FFE40231ED3FFE0
:1030C000231FE3FF839CC8FF039DE8FF1304440014
:1030D0001396DC009316DD00330B9641B385A641B1
:1030E000330A7B00B38A7500935DFA4013D5FA402A
:1030F000239EB8FF239FA8FE03980700839B270009
:10310000832D01009319D800139CDB00B38F094174
:10311000330E7C41B38E7F00330F7E0013D5FE400B
:10312000935AFF402390A70023915701039C02006C
:10313000839C2200039DC8FF039EE8FF83160900BD
:10314000031B2900330FAC033309B901831BC3FFF1
:10315000831FE3FF03284100835EC4FF035AE4FF9B
:10316000B38202010396040083992400B38DCC033B
:10317000938747001307F7FFB3841400B38CAC03A5
:10318000330E8E03330CBF4133087C00135FF840CD
:10319000931D0F0113D80D01330CD801131F0C011F
:1031A000B38E0E4113980E01330DFB03330E9E01B7
:1031B000330C7E00935EFC40935D0F01135F0801AA
:1031C00013980E01935C0801338E4C01131C0E0101
:1031D000B385760313580C01330A9A41931E0A01F2
:1031E00093DC0E01231EB4FF231F04FFB385A5410A
:1031F000330CA602338D7500135EFD40131A0E01C9
:10320000935E0A01338EDC41B38C9E01B385590372
:10321000B386DF02B30FBC40338C7F00135DFC40EC
:10322000131A0D01935F0A01B38EDF0193950E010E
:1032300013DD0501B38DAD41330B7B03B38BFC4133
:10324000239EB8FF338ECF01B30A5603338666013F
:10325000B30C760093D6FC40139C0601935F0C01DF
:10326000338AEF01330FFF413385A902B389AA00E6
:10327000B38E790093D5FE40939D050113DB0D01BC
:10328000B30AFB0113960A01935C060133089841C7
:10329000239F08FF8356C4FF035CE4FFB30F6A411A
:1032A000330DDD00338A8C01231EA4FF231F44FF4E
:1032B000231FC3FF231EF3FF330EEB01239EC7FF23
:1032C000239F77FFE31C07D86FE04FF2B387980086
:1032D0009309090093040900B74300000318040090
:1032E000031B240093884800931BD8009316DB002F
:1032F000B38A0B41B382664133857A00B38572008D
:103300001356F54013DEF5402310C4002311C40109
:10331000831E0300831C230013034300139ADE0063
:10332000139CDC00330DDA41330F9C41B30F7D0059
:10333000B30D7F0013D8FF4013DBFD40231E03FFB6
:10334000231F63FF839BC8FF839AE8FF1304440095
:103350009392DB009396DA0033857241B385564130
:1033600033067500338E7500935EF640935CFE4025
:10337000239ED8FF239F98FF039A0700039C2700F2
:1033800093874700131DDA00131FDC00B30D4D4176
:10339000B30F8F4133887D00338B7F009355F84006
:1033A000935FFB40239EB7FE239FF7FF839C24007F
:1033B00003960400039DE8FF039EC8FF032C010051
:1033C000831A0900831629003308CE0233098901C4
:1033D000831EC3FF831BE3FF832D4100035FC4FFF4
:1033E00083920900B384B401039B2900035AE4FFCC
:1033F000330C9D031307F7FFB38919003306A603A7
:10340000330E9E03B30C8841B38D7C0013D8FD406E
:10341000131C0801935C0C01B30D9F0113980D015F
:10342000135C0801330F9F41338DDB02330ECE0056
:1034300033087E00931C0F01135FF84093DD0C01ED
:10344000931C0F0113D60C01330ECA00330ACA4075
:1034500033855E0313180E01131F0A01935C0F01DD
:1034600013580801231E84FF231F04FF3305A541C1
:1034700033865502330D7500135EFD40131A0E019D
:10348000135F0A01338EEC01B38CEC4133856F037B
:10349000B386DE02B30EA64033867E00135DF6408F
:1034A000131A0D0113560A01330FCF0013150F0124
:1034B000935E0501330ECE40B38A7A03B30B9601B7
:1034C000330CDC41239E88FFB3856503338B5601A3
:1034D000B30C7B0093D6FC40139D060113550D01E0
:1034E000338AAD40B38DAD00B38F5F02B382F50177
:1034F00033867200135FF640131C0F01935A0C01C0
:10350000B3055501139B0501935C0B0133089841EA
:10351000239F08FF8356C4FF035DE4FF33854A0100
:10352000B38EDE00338AAC01231ED4FF231F44FF79
:10353000231FC3FF231EA3FE338E5D41239EC7FFBF
:10354000239F77FFE31C07D86FE04FCA17040100E1
:10355000032404D10329040013067001930510000D
:103560008326C90017F50000130505DCEF10007D68
:10357000032A040093051000130690018326CA0055
:1035800017F500001305C5DBEF10407B8324040012
:10359000032481078320C10783A5C40003290107F1
:1035A000832441078329C106032A8106832A410611
:1035B000032B0106832BC105032C8105832C4105B8
:1035C000032D0105832DC1041305A000130101087B
:1035D0006F10C0571300000013000000130000001C
:1035E000130101FE232C810093073500232E1100C7
:1035F0001304050013952700638006066302060482
:1036000083A0060063EEA00223A0A6001305060017
:103610008320C1012320850003248101970201003A
:1036200083A2C2C3170301000323C3C32322B5002F
:103630002326550023246500130101026780000042
:1036400023A0A600130500008320C10103248101EB
:1036500013010102678000002326B100EF009016DD
:103660008325C100E31605FA130500006FF0DFFDA6
:10367000130101FE232C8100232E110013040500E9
:103680006382C50203278400930704000324810199
:103690008320C10113050600130610001301010267
:1036A0006FD01FF5232A91009384050063880506D7
:1036B00003250500232821012326310113152500A8
:1036C00013890600EF001010930905006308050A2E
:1036D00003278400930704009306090093850400E0
:1036E00013061000EFD0DFF00326040093850900D5
:1036F0001385040013162600EF20403003248101B7
:1037000083244101032901018320C101138509009C
:103710008329C100130101026F00900B970401007F
:1037200083A404B483A00400130670019305100061
:1037300083A6C00017F50000130545C2EF10006016
:1037400083A30400930510001306100183A6C30091
:1037500017F50000130505C2EF10405E83A50400B5
:10376000832441011305A00083A5C5000324810122
:103770008320C101130101026F10403D17040100B5
:10378000032404AE83270400130670019305100080
:1037900083A6C70017F50000130505BFEF10005AF8
:1037A00083220400930510001306800183A6C20043
:1037B00017F500001305C5BEEF10405803230400A1
:1037C00083244101032901018325C3008329C1000A
:1037D0001305A0006FF09FF9130000001300000014
:1037E000130101FF23248100232611001304050087
:1037F0006384C50203278400930704000324810027
:103800008320C10013050600930610001306100064
:10381000130101016FD0DFDD2322910093840500A5
:1038200063820506032505002320210113152500C9
:10383000EF004079130905006306050A0327840099
:1038400093070400938504009306100013061000EC
:10385000EFD01FDA03260400930509001385040046
:1038600013162600EF2080190324810083244100D1
:103870008320C10013050900032901001301010180
:103880006F0000759704010083A4849D83A0040049
:10389000130670019305100083A6C00017F5000001
:1038A0001305C5ABEF10804983A3040093051000F6
:1038B0001306100183A6C30017F50000130585AB9E
:1038C000EF10C04783A50400832441001305A00026
:1038D00083A5C500032481008320C10013010101D9
:1038E0006F10C02617040100032484978327040067
:1038F000130670019305100083A6C70017F500009A
:10390000130585A8EF10804383220400930510005F
:103910001306800183A6C20017F50000130545A811
:10392000EF10C04103230400832441000329010058
:103930008325C3001305A0006FF0DFF9130000001A
:103940006780000013000000130000001300000057
:1039500093771500930630001307500013081000EA
:10396000639407189307050013D6F701B302F60016
:1039700093D7124013D3F70193F51700B303F30065
:103980006394050893D7134093D8F70193FE17006B
:10399000338EF800639A0E0693571E4013DFF7012B
:1039A00013F61700B30FFF006310060693D71F40EE
:1039B00093D2F70193F317003383F2006396030465
:1039C0009357134093D5F70113FE1700B388F50002
:1039D000631C0E0293D7184093DEF70193FF170084
:1039E000338FFE0063920F0293571F4013D6F701E7
:1039F00013F31700B302F6006318030093D71240C5
:103A000093F31700E38203F6B3E5D702639205064A
:103A1000B3C7D702B3E8D702639C0804B3C7D70281
:103A200033EED70263160E04B3C7D702B3EED70244
:103A300063900E04B3C7D70233EFD702631A0F02A5
:103A4000B3C7D702B3EFD70263940F02B3C7D7024D
:103A500033E6D702631E0600B3C7D702B3E2D7022C
:103A600063980200B3C7D70233E3D702E30203FA35
:103A7000B3E3E70263920306B3C7E702B3E5E702E5
:103A8000639C0504B3C7E702B3E8E7026396080442
:103A9000B3C7E70233EEE70263100E04B3C7E702D1
:103AA000B3EEE702639A0E02B3C7E70233EFE70211
:103AB00063140F02B3C7E702B3EFE702639E0F0080
:103AC000B3C7E70233E6E70263180600B3C7E702AD
:103AD000B3E2E702E38202FA635CF8001305150023
:103AE00093771500E38007E8930705006FF0DFF197
:103AF000678000001308060093080500138705007F
:103B00006390060E63FEC512B7070100636EF61ED2
:103B1000B7070001930680016374F6009306000165
:103B2000B72701803353D6009387873BB38767005D
:103B300083C7070013030002B387D700B306F3401F
:103B4000630CF3003397D500B357F5003318D60054
:103B500033E7E700B318D500135608013355C70201
:103B60009316080193D6060193D708013377C7024D
:103B7000B385A60213170701B3E7E70063FCB7009C
:103B8000B307F8001307F5FF63E4070163E0B73EEE
:103B900013050700B387B74033D7C70293980801CE
:103BA00093D80801B3F7C702B386E60293970701DB
:103BB000B3E8F80063FED800B30818019307F7FFD5
:103BC00063E608011307E7FF63E4D80013870700E3
:103BD000131505013365E5009305000067800000BB
:103BE00063F8D5009305000013050000678000000E
:103BF000B707010063E8F61EB7070001130880014C
:103C000063F4F60013080001B727018033D70601DB
:103C10009387873BB387E70003C70700930700023A
:103C2000330707013388E7406396E71C63E4B63047
:103C30003335C5001335150093050000678000007B
:103C4000630C060CB7070100637CF62C13370610D3
:103C50001337170013173700B356E600B727018054
:103C60009387873BB387D70083C70700930600027B
:103C7000B387E700B38EF6406394F60CB387C54074
:103C800093560601131606011356060193051000FC
:103C900033D5D70213D70801B3F7D7023303C502D0
:103CA00093970701B367F70063FC6700B307F80059
:103CB0001307F5FF63E4070163E4672A13050700B0
:103CC000B387674033D7D7029398080193D8080188
:103CD000B3F7D7023306C70293970701B3E8F8009A
:103CE00063FEC800B30818019307F7FF63E60801F5
:103CF0001307E7FF63E4C8001387070013150501E6
:103D00003365E500678000009336061093B6160011
:103D1000939636006FF0DFE0B7270180930600002E
:103D20009387873BB387D70083C70700130700003B
:103D300093060002B387E700B38EF640E380F6F403
:103D40003318D60133D3F50093560801335ED302FE
:103D500013160801B395D50113560601B357F500A4
:103D6000B3E7B70013D70701B318D5013373D302F4
:103D7000B305C6031313030133676700637EB700FF
:103D80003307E8001305FEFF6364071D6372B71C69
:103D9000130EEEFF330707013307B7403355D70241
:103DA0009397070193D707013377D7023303A6020E
:103DB00013170701B3E7E70063FE6700B307F800D6
:103DC0001307F5FF63EE071763FC67161305E5FF9E
:103DD000B387070193150E01B3876740B3E5A500CC
:103DE0006FF01FEB13B806101338180013183800C3
:103DF0006FF09FE1335EE600B3960601336EDE009E
:103E0000B3D8E500935E0E01B3D7D80313130E01A8
:103E1000B3950501135303013357E5003367B7002A
:103E20009356070133160601B3F8D803B305F3021E
:103E300093980801B3E6160163FEB600B306DE00F0
:103E40009388F7FF63EAC61163F8B6109387E7FF1C
:103E5000B386C601B386B640B3D5D60313170701A0
:103E600013570701B3F6D603B308B30293960601BE
:103E70003367D700637E17013307EE009386F5FFA3
:103E80006364C70D6372170D9385E5FF3307C701A0
:103E900093970701B70E0100B3E7B7009386FEFFC3
:103EA000B3F5D70013D30701B376D6001356060136
:103EB000338ED50233071741B306D30293580E0150
:103EC000B385C502B385D500B385B8003303C302FB
:103ED00063F4D5003303D30193D60501B38666009E
:103EE000636AD7026308D7001385070093050000B3
:103EF00067800000B70601009386F6FF33F7D50010
:103F000013170701337EDE00331505013307C701A0
:103F1000E37CE5FC1385F7FF930500006780000054
:103F2000B7070001637AF6049356060113070001F0
:103F30006FF0DFD2930500001305100067800000CA
:103F4000130507006FF01FE9938506006FF05FF41B
:103F5000130E05006FF05FE4938708006FF09FEF8A
:103F60001305E5FFB38707016FF09FD51305E5FF44
:103F7000B38707016FF01FC29356860113078001B4
:103F80006FF0DFCD930505009306000013060000D7
:103F9000130500006F109049130101FF9305000005
:103FA000232481002326110013040500EF109051F3
:103FB00083A781F563840700E780070013050400E9
:103FC000EFC00FD09305050003A541F46F00000179
:103FD0009305050003A541F46F109075130101FDD1
:103FE000232E310123261102232481022322910250
:103FF000232021039387B50013076001930905006F
:104000006360F7089307000163E0B720EF000078D2
:104010009307800193052000930400011389818296
:10402000B307F90003A44700138787FF6300E43454
:10403000832744008326C4000326840093F7C7FF28
:10404000B307F40003A747002326D60023A4C60025
:10405000136717001385090023A2E700EF004073E0
:10406000130584008320C1020324810283244102BA
:10407000032901028329C1011301010367800000A4
:1040800093F487FF63C2071863E0B418EF00007071
:104090009307701F63F6973E93D79400638E0716BD
:1040A00013074000636CF73293D76400938597033E
:1040B0001388870313963500138981823306C9005C
:1040C00003244600130686FF630886021305F000EA
:1040D0006F0040018326C40063560728630ED60094
:1040E000138406008327440093F7C7FF3387974064
:1040F000E352E5FE930508000324090193088900B3
:10410000630E1425832744009306F00093F7C7FF3E
:104110003387974063CCE636232A190123281901F7
:10412000635007341307F01F032549006368F72421
:1041300013F787FF130787003307E900832607007B
:1041400013D6570093071000B397C7003365F500E7
:10415000930787FF2326F4002324D4002322A900F9
:104160002320870023A6860093D72540130610003E
:104170003316F600636AC50AB377A6006394070294
:104180001316160093F5C5FFB377A6009385450077
:10419000639A070013161600B377A60093854500AF
:1041A000E38A07FE1308F000139335003303690018
:1041B000130503008327C500138E05006302F52451
:1041C00003A747001384070083A7C7001377C7FF1F
:1041D000B30697406342D824E3C206FE3307E400E7
:1041E00083264700032684001385090093E6160002
:1041F0002322D7002326F60023A4C700EF0040594E
:10420000130584006FF01FE69307C00023A0F90098
:10421000130500006FF01FE513060020930500044E
:104220001308F0036FF05FE903248900232861017C
:104230008327440013FBC7FF63689B0033079B4041
:104240009307F00063CAE70C23229101232A51014E
:1042500003A7C1F383AA41F5232C41012326710151
:104260009307F0FF330A6401B38A54016306F73CF5
:10427000B71700009387F700B38AFA00B7F7FFFF7C
:10428000B3FAFA0093850A0013850900EF10804DF8
:104290009307F0FF930B0500630AF5442324810183
:1042A000636E4523138C81F683250C00B385BA0019
:1042B0002320BC00138705006316AA2A9317450123
:1042C0006392072A832B8900B3075B0193E71700EA
:1042D00023A2FB0083A601F563F4B60023A8B1F482
:1042E00083A6C1F463F4B60023A6B1F4032C8100C5
:1042F00013840B0093F7C7FF3387974063EA97381F
:104300009307F00063D6E738032A8101832A41012D
:10431000832BC100832C410093E714002322F40077
:10432000B304940023249900136717001385090030
:1043300023A2E400EF00C0458320C10213058400DE
:1043400003248102032B010183244102032901027A
:104350008329C1011301010367800000032549007F
:104360006FF09FE0032684006FF09FCD03A4C70089
:1043700093852500E38287D86FF09FCB13D79700F2
:104380009306400063F2E6149306400163E4E632CC
:104390001306C7059306B705131636003306C90082
:1043A00003270600130686FF6318E6006F00402906
:1043B000032787006308E6008326470093F6C6FFBD
:1043C000E3E8D7FE0326C7002326C4002324E40025
:1043D00023248600232687006FF01FD9130740018E
:1043E0006378F710130740056364F72E93D7C40072
:1043F0009385F7061388E706139635006FF0DFCB39
:10440000130E1E0093773E0013058500638007108E
:104410008327C5006FF09FDA0326840093E514001C
:104420002322B4002326F60023A4C700B30494007B
:10443000232A99002328990093E7160023A6140144
:1044400023A4140123A2F4003307E4001385090018
:104450002320D700EF00C033130584006FF09FC006
:10446000B307F40003A7470013850900136717007B
:1044700023A2E700EF00C031130584006FF09FBE58
:1044800093D53400938784006FF05FB993E61400EE
:104490002322D400B3049400232A990023289900EE
:1044A0009366170023A6140123A4140123A2D400A9
:1044B000B307F4001385090023A0E700EF00402DA7
:1044C000130584006FF01FBA13D767001306970314
:1044D00093068703131636006FF05FEC630C240716
:1044E00003248900032C8100832744006FF09FE0A0
:1044F0009385C7051388B705139635006FF0DFBBAA
:10450000832783009385F5FF639E672693F7350025
:10451000130383FFE39607FE032749009347F6FF43
:10452000B3F7E7002322F90013161600E3EEC7CE17
:10453000E30C06CE3377F600631A07001316160055
:104540003377F600130E4E00E30A07FE93050E00C4
:104550006FF09FC5138C81F603270C003387EA00A8
:104560002320EC0083A6C1F39307F0FF6386F618BF
:10457000B3874B41B387E7002320FC0093FC7B000B
:10458000638C0C0CB38B9B41B7170000938787009B
:10459000938B8B00B3859741B38A5B01B3855541FB
:1045A0009395450113DA450193050A001385090027
:1045B000EF10401B9307F0FF6300F51833057541BA
:1045C000B30A450103270C002324790193E71A005D
:1045D000B305EA002320BC0023A2FB00E30C24CF98
:1045E0009306F00063F0660B0327440093074BFF2C
:1045F00093F787FF137717003367F7002322E40050
:10460000130650003307F4002322C7002324C700F9
:1046100063E6F60083A74B006FF0DFCB93058400C1
:1046200013850900EF10D010832B890083250C001F
:1046300083A74B006FF01FCA938A0A016FF09FC4D3
:1046400093D6264093071000B397D7003365F50043
:104650002322A9006FF05FD7B3855B01B305B0409B
:104660009395450113DA450193050A001385090066
:10467000EF10400F9307F0FFE312F5F4130A000068
:104680006FF05FF4032C81009307100023A2FB005E
:1046900013850900EF00C00F13050000032A8101F4
:1046A000832A4101032B0101832BC100832C41008C
:1046B0006FF05F9B9306400563E4E60413D7C700E1
:1046C0001306F7069306E706131636006FF01FCDA4
:1046D000130740156364F70493D7F40093858707A5
:1046E00013887707139635006FF01F9D0324890008
:1046F000832744006FF01FC023AE71F36FF01FE8F3
:104700009306401563E4E60413D7F7001306870702
:1047100093067707131636006FF05FC813074055EE
:104720006364F70493D724019385D7071388C707D9
:10473000139635006FF05F98938C8CFFB38A9A01C3
:10474000B38A7A41130A00006FF0DFE79306405501
:1047500063E4E60213D727011306D7079306C707BA
:10476000131636006FF09FC31306803F9305F007C2
:104770001308E0076FF05F941306803F9306E0078D
:104780006FF0DFC1832749006FF01FDA67800000F8
:10479000678000001305000067800000B795008067
:1047A000138601C393850531138501C46F00004151
:1047B000130101FF8325450023248100232291005A
:1047C00023261100138401F99304050063848500F6
:1047D000EF40103483A58400930784066386F500B8
:1047E00013850400EF40D03283A5C4001304040DE8
:1047F000638E8500032481008320C100138504009B
:1048000083244100130101016F4090308320C100D7
:10481000032481008324410013010101678000000B
:104820001305000067800000130101FE232C8100A6
:10483000B7470080138401F99387C779232E1100AD
:10484000232A910023282101232631012324410119
:1048500023ACF1F413068000930740009305000099
:104860001305C4052326F40023200400232204009A
:10487000232404002322040623280400232A0400FE
:10488000232C0400EF10C009B7070100375A00803D
:10489000B759008037590080B7540080130A8A0A3C
:1048A0009389C910130949199384C42093879700E9
:1048B00013068000930500001305440C23204403D5
:1048C000232234032324240323269402232AF406D8
:1048D000232E84002324040623260406232804060A
:1048E0002326040C232C0406232E0406232004086C
:1048F000EF100003B7070200130784069387270110
:104900001305C412130680009305000023244409F4
:104910002326340923282409232A9408232EF40C5F
:104920002322E4082328040C232A040C232C040C3F
:10493000232A04122320040E2322040E2324040E0F
:10494000EF00107E9307040D2328440F232A340F11
:10495000232C240F232E940E8320C1012326F40E32
:104960000324810183244101032901018329C1001A
:10497000032A8100130101026780000083A781F5EB
:10498000130101FE23263101232E1100232C810067
:10499000232A910023282101930905006386070E2D
:1049A000138901C39304F0FF83274900032489007E
:1049B0009387F7FF63D807006F000008130484068D
:1049C000638C97060317C4009387F7FFE31807FE6D
:1049D000B707FFFF938717002326F400232204065E
:1049E000232004002324040023220400232804009D
:1049F000232A0400232C04001306800093050000E2
:104A00001305C405EF00D07123280402232A0402F1
:104A100023220404232404048320C1011305040079
:104A20000324810183244101032901018329C10059
:104A300013010102678000000324090063060400DB
:104A4000130904006FF05FF69305C01A138509007F
:104A5000EFF0CFD813040500630C05021305C50061
:104A600093074000232004002322F4002324A40001
:104A70001306001A93050000EF00906A23208900B6
:104A8000130904006FF05FF2EFF01FDA6FF05FF1CF
:104A9000232009009307C00023A0F9006FF0DFF77F
:104AA00083274503638407006780000003A781F51F
:104AB000B74700809387077B232AF502E31607FE9A
:104AC0006FF09FD66780000067800000B7450080C8
:104AD000138601C393854579130500006F00000E0E
:104AE000B7550080138601C3938505821305000026
:104AF0006F00C00C130101FE232C8100232E110036
:104B0000130405006306050083274503638C070033
:104B100013050400032481018320C1011301010254
:104B20006F0080372326C1002324B100EFF05FF728
:104B300013050400032481010326C100832581009D
:104B40008320C101130101026F000035130101FE32
:104B5000232A910083A441F4232C8100232E1100E9
:104B600013040500138605006386040083A744032D
:104B70006380070293050400032481018320C1019F
:104B80001385040083244101130101026F00C0302A
:104B9000138504002326B100EFF09FF09305040075
:104BA000032481010326C1008320C1011385040071
:104BB00083244101130101026F00002E130101FD46
:104BC00023202103232E3101232C4101232A5101CB
:104BD0002328610123267101232611022324810247
:104BE00023229102130B0500938B0500930A060004
:104BF000130A0000930910001309F0FF83A44A0070
:104C000003A48A009384F4FF63C804028357C4009A
:104C100063FEF9008317E4009305040013050B00FD
:104C200063862701E7800B00336AAA009384F4FFB0
:104C300013048406E39C24FD83AA0A00E3900AFC83
:104C40008320C1020324810283244102032901023B
:104C50008329C101832A4101032B0101832BC10058
:104C600013050A00032A8101130101036780000074
:104C7000130101FB232021053389C6029307C101DB
:104C80002322F1029307100023248104232291049C
:104C9000232E3103232EB100232611042324F102F5
:104CA00023202103232621039309060013840600F1
:104CB0009304050093050700630605008327450359
:104CC000638607068397C50013972701634207028F
:104CD00003A74506B7E6FFFF9386F6FF37260000D9
:104CE000B3E7C7003377D7002396F50023A2E50684
:104CF0001306410213850400EF40502563080500A8
:104D00008327C1023309F940335439038320C10496
:104D100013050400032481048324410403290104AE
:104D20008329C10313010105678000002326E100E8
:104D3000EFF01FD78325C1006FF0DFF8130101FBEF
:104D400023229104B384C502232E310383A941F4A5
:104D50009307C1012322F102930710002324810449
:104D60002320210523261104232EA1002324F10250
:104D700023209102232691021389050013040600C3
:104D8000938506006386090083A7490363860706A7
:104D90008397C500139727016342070203A74506BF
:104DA000B7E6FFFF9386F6FF37260000B3E7C7009C
:104DB0003377D7002396F50023A2E50613064102B8
:104DC00013850900EF409018630805008327C1028E
:104DD000B384F44033D424038320C10413050400B6
:104DE0000324810483244104032901048329C1038A
:104DF0001301010567800000138509002326D100F7
:104E0000EFF01FCA8325C1006FF09FF8130101FC6A
:104E10002324C1022326D1022328E102232AF102FE
:104E2000232C0103232E11031386050083258500FF
:104E300093068102232E11002326D100EF10803F1C
:104E40008320C101130101046780000003A341F422
:104E5000130101FC2324C1022326D1022322B10223
:104E60002328E102232AF102232C0103232E11031C
:104E700083258300930641021306050013050300F2
:104E8000232E11002326D100EF10C03A8320C10148
:104E90001301010467800000130101FE232C81002F
:104EA000232E110013040500630605008327450324
:104EB00063800706832786009387F7FF2324F60085
:104EC00063DC07000327860163CAE70293F7F50F47
:104ED0001307A0006384E7028327060013F5F50F8C
:104EE000138717002320E6002380B7008320C10129
:104EF00003248101130101026780000013050400EF
:104F0000032481018320C101130101026F0080305D
:104F10002326C1002324B100EFF09FB80326C1006F
:104F2000832581006FF01FF9130101FE232A21015F
:104F300003A941F4232C9100232E110093040500B2
:104F400063060900832749036388070683A7850052
:104F50009387F7FF23A4F50063DC070003A785010F
:104F600063CCE70293F7F40F1307A0006386E70210
:104F700083A7050013F5F40F1387170023A0E5009E
:104F8000238097008320C1018324810103294101EB
:104F900013010102678000008320C1011386050010
:104FA000130509009385040003294101832481012D
:104FB000130101026F000026130509002326B1002A
:104FC000EFF01FAE8325C1006FF05FF8130101FC05
:104FD000232C81021304050013850500232A910266
:104FE000232E110293840500EF00903BB727018028
:104FF0009387874B2324F102930710002326F102A5
:10500000032744039307010293061500232AF100A6
:1050100093072000232091022322A102232ED100F6
:10502000232CF10083258400630007068397C500C5
:10503000139727016342070203A74506B7E6FFFF60
:105040009386F6FF37260000B3E7C7003377D70013
:105050002396F50023A2E50613064101130504007B
:10506000EF40C06E8320C103032481031335150074
:105070003305A0401375B500832441031305F5FFE4
:105080001301010467800000130504002326B1000A
:10509000EFF01FA18325C1006FF05FF993050500B4
:1050A00003A541F46FF09FF2130101FF2324810057
:1050B000138405008395E50023261100EF000064AA
:1050C00063400502832704058320C100B387A7003E
:1050D0002328F404032481001301010167800000E8
:1050E0008357C40037F7FFFF1307F7FFB3F7E70055
:1050F0008320C1002316F400032481001301010161
:105100006780000013050000678000008397C500DA
:10511000130101FE232C8100232A91002328210161
:1051200023263101232E110013F7071013840500E5
:105130009304050013090600938906006310070411
:1051400037F7FFFF1307F7FFB3F7E7008315E40016
:105150002316F400032481018320C10193860900F2
:10516000130609008329C1000329010113850400E6
:1051700083244101130101026F0080648395E500DF
:105180009306200013060000EF00C0508317C400F0
:105190006FF01FFB130101FF23248100138405001E
:1051A0008395E50023261100EF00C04E9307F0FF22
:1051B0006308F5028357C400371700008320C1003D
:1051C000B3E7E7009397070193D707412328A40487
:1051D0002316F400032481001301010167800000FD
:1051E0008357C40037F7FFFF1307F7FFB3F7E70054
:1051F0009397070193D707418320C1002316F4003A
:105200000324810013010101678000008395E500FC
:105210006F004036130101FE232C8100232A9100E8
:1052200023282101232E1100130905009384050072
:1052300013040600630605008327450363800716F1
:10524000832784010317C4002324F4009377870085
:105250006380070883270401638C07062326310136
:105260009316270193F9F40F93F4F40F63D806080B
:105270000327040083264401B307F74063D8D70A05
:1052800083268400130617002320C4009386F6FFAC
:105290002324D400230037010327440193871700F8
:1052A0006302F70C8357C40093F71700639A070C47
:1052B0008329C1008320C101032481010329010145
:1052C000138504008324410113010102678000005B
:1052D0009305040013050900EF00000E631E050886
:1052E0000317C400232631018327040193162701E5
:1052F00093F9F40F93F4F40FE3CC06F683264406F7
:1053000037E6FFFFB72500003367B7001306F6FF47
:10531000B3F6C6002316E400032704002322D406B4
:1053200083264401B307F740E3CCD7F49305040088
:1053300013050900EF40C033631E05020327040074
:105340008326840093071000130617009386F6FF48
:105350002320C4002324D400230037010327440161
:10536000E312F7F49305040013050900EF40403001
:10537000E30005F48329C1009304F0FF6FF09FF36D
:105380009307A000E396F4F29305040013050900C7
:10539000EF40002EE30E05F06FF0DFFDEFF04FF071
:1053A0006FF01FEA9307050003A541F4138605007B
:1053B000938507006FF01FE683A741F4130101FFF7
:1053C0002324810023229100232611009304050049
:1053D000138405006386070003A74703630C070EC9
:1053E0008317C40013F78700630A07060327040125
:1053F0006306070893F617006388060283264401B4
:105400002324040013050000B306D040232CD4004D
:10541000630A07028320C100032481008324410022
:10542000130101016780000093F6270013060000B6
:1054300063940600032644012324C40013050000DE
:10544000E31A07FC13F70708E30607FC93E70704D2
:105450002316F4001305F0FF6FF0DFFB13F70701CD
:105460006300070813F74700631C070203270401C2
:1054700093E787002316F400E31E07F693F6072848
:1054800013060020E388C6F6930504001385040084
:10549000EF40C07C8317C400032704016FF09FF521
:1054A00083250403638E0500130704046388E50065
:1054B00013850400EF00D0278317C40023280402BB
:1054C0000327040193F7B7FD232204002320E400FF
:1054D0006FF01FFA13850700EFF08FDC6FF05FF0BD
:1054E0001307900023A0E40093E707042316F400B9
:1054F0001305F0FF6FF01FF29307300063FEC70241
:10550000B3E7A50093F737006394070293063000D2
:105510006F0040011306C6FF130545009385450043
:1055200063FCC6000327050083A70500E304F7FE1C
:105530009306F6FF6F00C0009306F6FF63080602AD
:1055400093861600B306D5006F0080006380A60224
:105550008347050003C70500130515009385150053
:10556000E386E7FE3385E74067800000130500000F
:1055700067800000130101FF232481002322910092
:1055800013040500138505002326110023AE01F442
:10559000EFA01FF19307F0FF630CF5008320C1001B
:1055A000032481008324410013010101678000006E
:1055B00083A7C1F5E38407FE8320C1002320F40004
:1055C000032481008324410013010101678000004E
:1055D00083A741F4638EA70A83254504130101FEC6
:1055E000232A9100232E110093040500638C0504E7
:1055F0002328210123263101232C810013090000D7
:1056000093090008B387250103A40700630E040073
:10561000930504000324040013850400EF005011D7
:10562000E31804FE83A5440413094900E31C39FD73
:1056300013850400EF00D00F032481010329010129
:105640008329C10083A584036386050013850400B4
:10565000EF00100E83A5C4046386050013850400C3
:10566000EF00100D83A74403638C07008320C10162
:1056700013850400832441011301010267800700A0
:105680008320C101832441011301010267800000CE
:1056900067800000130101FF1387050023248100A8
:1056A00023229100930506001304050013860600CB
:1056B000130507002326110023AE01F4EFA05FECD1
:1056C0009307F0FF630CF5008320C10003248100E1
:1056D00083244100130101016780000083A7C1F505
:1056E000E38407FE8320C1002320F400032481000B
:1056F000832441001301010167800000130101FFB1
:1057000013870500232481002322910093050600BE
:105710001304050013860600130507002326110055
:1057200023AE01F4EFA0DFE99307F0FF630CF5006F
:105730008320C1000324810083244100130101015F
:105740006780000083A7C1F5E38407FE8320C100C2
:105750002320F4000324810083244100130101016C
:1057600067800000130101FF2324810023229100A0
:1057700013040500138505002326110023AE01F450
:10578000EFA01FF39307F0FF630CF5008320C10027
:10579000032481008324410013010101678000007C
:1057A00083A7C1F5E38407FE8320C1002320F40012
:1057B000032481008324410013010101678000005C
:1057C000130101FF13870500232481002322910088
:1057D0009305060013040500138606001305070051
:1057E0002326110023AE01F4EFA09FE49307F0FFFE
:1057F000630CF5008320C100032481008324410051
:10580000130101016780000083A7C1F5E38407FE4F
:105810008320C1002320F40003248100832441005D
:105820001301010167800000130101FF232481009F
:10583000B737018037340180232021019387C7B710
:105840001307C4B723261100232291003389E740B0
:105850006382E702135929401304C4B7930400007C
:10586000832704009384140013044400E780070096
:10587000E3E824FF37340180B73701809387C7B747
:105880001307C4B73389E740135929406380E702FF
:105890001304C4B793040000832704009384140006
:1058A00013044400E7800700E3E824FF8320C100DD
:1058B0000324810083244100032901001301010115
:1058C00067800000130101FF23248100B7370180A6
:1058D000373401809387C7B71304C4B73304F44047
:1058E0002322910023261100935424406380040254
:1058F0001304C4FF3304F400832704009384F4FFEB
:105900001304C4FFE7800700E39804FE8320C1006E
:1059100003248100832441001301010167800000FA
:105920001303F00013070500637EC3029377F700AB
:105930006390070A63920508937606FF1376F600D4
:10594000B386E6002320B7002322B7002324B70044
:105950002326B70013070701E366D7FE631406008A
:1059600067800000B306C3409396260097020000AC
:10597000B38656006780C6002307B700A306B700AA
:105980002306B700A305B7002305B700A304B7009B
:105990002304B700A303B7002303B700A302B70093
:1059A0002302B700A301B7002301B700A300B7008B
:1059B0002300B7006780000093F5F50F93968500EC
:1059C000B3E5D50093960501B3E5D5006FF0DFF69A
:1059D0009396270097020000B3865600938200003A
:1059E000E78006FA93800200938707FF3307F740AA
:1059F0003306F600E378C3F66FF0DFF3B3C7A50014
:105A000093F73700B308C500639407069307300087
:105A100063F0C7069377350013070500639A0706FE
:105A200013F6C8FFB306E6409307000263CED7081B
:105A300093860500930707006378C70203A8060052
:105A4000938747009386460023AE07FFE3E8C7FE2F
:105A50009307F6FFB387E74093F7C7FF93874700A5
:105A60003307F700B385F50063681701678000000E
:105A7000130705006378150583C705001307170092
:105A800093851500A30FF7FEE398E8FE67800000FA
:105A900083C605001307170093773700A30FD7FEBF
:105AA00093851500E38E07F683C6050013071700DC
:105AB00093773700A30FD7FE93851500E39A07FC71
:105AC0006FF01FF667800000130101FF232681009D
:105AD0001304000283A3050083A2450083AF850061
:105AE00003AFC50083AE050103AE450103A38501E5
:105AF00003A8C50183A6050213074702B307E640C2
:105B0000232E77FC232057FE2322F7FF2324E7FFD1
:105B10002326D7FF2328C7FF232A67FE232C07FF4E
:105B2000232ED7FE93854502E346F4FA93860500BB
:105B3000930707006378C70203A80600938747000E
:105B40009386460023AE07FFE3E8C7FE9307F6FF00
:105B5000B387E74093F7C7FF938747003307F70002
:105B6000B385F500636817010324C1001301010127
:105B70006780000083C70500130717009385150091
:105B8000A30FF7FEE382E8FE83C7050013071700A3
:105B900093851500A30FF7FEE39EE8FC6FF0DFFC92
:105BA0009377350013070500639C0704B7867F7F52
:105BB0009386F6F79305F0FF0326070013074700C7
:105BC000B377D600B387D700B3E7C700B3E7D700F2
:105BD000E384B7FE8346C7FFB307A7406384060488
:105BE0008346D7FF638C06020345E7FF3335A000E9
:105BF0003305F5001305E5FF67800000E38806FA2A
:105C0000834707001307170093763700E39807FED2
:105C10003307A7401305F7FF678000001385D7FF00
:105C2000678000001385C7FF6780000083A701F627
:105C3000638C070403A747001308F0016340E808DA
:105C40001318270063060502338307012324C308C2
:105C500083A88718130610003316E600B3E8C800BF
:105C600023A417192324D310930620006306D5021A
:105C70001307170023A2E700B387070123A4B70087
:105C800013050000678000001388810C23A001F732
:105C90009387810C6FF01FFA83A6C71813071700AC
:105CA00023A2E700B3E6C60023A6D718B3870701EF
:105CB00023A4B70013050000678000001305F0FF60
:105CC00067800000130101FD232C410123202103E3
:105CD00003A901F6232611026308090A232E3101C4
:105CE000232A5101232861012326710123248102E3
:105CF0002322910223248101130B0500938B0500BD
:105D00009309F0FF930A1000832449001384F4FFE1
:105D1000634E040493942400B304990063900B0829
:105D20008327490083A644009387F7FF638C870A83
:105D300023A20400638606028327891833978A000A
:105D4000032C4900B377F70063960706E780060047
:105D50000327490083A701F663108709639E27077D
:105D60001304F4FF9384C4FFE31A34FB0324810279
:105D7000832441028329C101832A4101032B0101AC
:105D8000832BC100032C81008320C102032901025F
:105D9000032A8101130101036780000083A74410D7
:105DA000E38077F91304F4FF9384C4FFE31834FF0E
:105DB0006FF0DFFB8327C91883A544083377F7000A
:105DC0006316070213050B00E7800600032749004E
:105DD00083A701F6E30487F9E38A07F8138907002C
:105DE0006FF09FF2232289006FF0DFF41385050026
:105DF000E78006006FF0DFF5130101FE2326310175
:105E0000B7390180232C8100232A91002328210106
:105E100023244101232E1100138A050013090500D4
:105E2000938989BAEFE09F9603A78900B71700000E
:105E30009387F7FE832447003717000093F4C4FFCD
:105E40003384F400330444411354C4001304F4FFB6
:105E50001314C400634EE400930500001305090009
:105E6000EFF05F9083A78900B38797006308F5027E
:105E700013050900EFE0DF918320C10103248101B4
:105E800083244101032901018329C100032A8100E0
:105E9000130500001301010267800000B305804074
:105EA00013050900EFF01F8C9307F0FF6308F5045A
:105EB000938781F603A7070083A68900B3848440F3
:105EC00093E41400330787401305090023A29600CA
:105ED00023A0E700EFE0DF8B8320C10103248101D1
:105EE00083244101032901018329C100032A810080
:105EF00013051000130101026780000093050000E4
:105F000013050900EFF01F8603A789009306F00030
:105F1000B307E540E3DEF6F483A6C1F393E7170089
:105F20002322F7003305D54023A4A1F66FF05FF4D8
:105F300063820518130101FF2324810023229100AD
:105F4000138405009304050023261100EFE01F844D
:105F50000325C4FF130784FFB73501809377E5FF5E
:105F60003306F700938585BA8326460003A885008B
:105F700093F6C6FF6302C81A2322D60013751500D4
:105F80003308D6006310050A032384FF0328480062
:105F9000373501803307674083288700130505BB29
:105FA000B3876700137818006382A8140323C7001F
:105FB00023A66800232413016306081A93E617003A
:105FC0002322D7002320F6009306F01F63ECF60689
:105FD00093F687FF9386860003A54500B386D50018
:105FE00003A6060013D8570093071000B3970701C4
:105FF000B3E7A700138586FF2326A7002324C70045
:1060000023A2F50023A0E6002326E6000324810056
:106010008320C10013850400832441001301010182
:106020006FE00FF703254800137515006306050898
:1060300093E61700232ED4FE2320F6009306F01FCC
:10604000E3F8F6F893D69700130640006360D61283
:1060500093D66700138596031386860313153500C0
:106060003385A50083260500130585FF6318D50039
:106070006F00401583A686006308D50003A646007E
:106080001376C6FFE3E8C7FE03A5C6002326A700D4
:106090002324D700032481002324E5008320C100AA
:1060A000138504008324410023A6E60013010101A7
:1060B0006FE00FEE6780000037350180B387D700AF
:1060C000130505BB83268600638CA60C0328C60037
:1060D00013E517003306F70023A606012324D80092
:1060E0002322A7002320F6006FF01FEE631C081286
:1060F000832586000326C600B386F60093E71600C4
:1061000023A6C5002324B6002322F7003307D700B7
:106110002320D7006FF09FEF13751500B386D700CB
:1061200063100502032584FF3307A7408327C700B8
:1061300003268700B386A6002326F60023A4C70003
:1061400013E6160083A701F42322C70023A4E50069
:10615000E3EEF6EA83A541F513850400EFF0DFC90D
:106160006FF0DFEAB387D7006FF0DFF51306400169
:106170006370D602130640056364D60693D6C70043
:106180001385F6061386E606131535006FF05FEDEE
:106190001385C6051386B605131535006FF05FEC41
:1061A00023AAE50023A8E50093E617002326A7000D
:1061B0002324A7002322D7003307F7002320F7006A
:1061C0006FF0DFE403A84500135626409307100044
:1061D000B397C700B3E7070123A2F5006FF01FEBE9
:1061E00013064015636CD60093D6F7001385860717
:1061F00013867607131535006FF09FE6130640559A
:10620000636CD60093D627011385D6071386C6077D
:10621000131535006FF0DFE41305803F1306E00728
:106220006FF01FE493E617002322D7002320F60027
:106230006FF0DFDD130101ED2326111223229112ED
:10624000232A511123267111938A05009304060015
:106250002324D100930B0500EF30507E83270500E7
:10626000138507002322F102EFF09F932320A10260
:1062700063880B0083A74B03639407006F10407380
:106280008397CA00139727016346070203A74A06AC
:1062900037260000B7E6FFFFB3E7C7009386F6FF97
:1062A0009397070193D707413377D7002396FA00D6
:1062B00023A2EA0613F787006302072E03A70A0149
:1062C000630E072C93F7A7011307A000638AE72E3C
:1062D000B72701802328611123248111130B010B9F
:1062E00093870750372C018023248112232C4111DE
:1062F000232EB10F23202113232E3111232291119C
:106300002320A111232E6107232201082320010845
:10631000232A0100232C0100232E010013040B006B
:106320002324010223280102232201002326F10055
:10633000130A0001130C4C6723207101938D040094
:1063400083C70D00638C071E93840D001307500252
:106350006386E72A83C7140093841400E39A07FE38
:106360003389B441638CB41D032741088327010896
:106370002320B40133072701938717002322240128
:106380002322E1082320F10813077000130484007E
:10639000634EF7260327410083C704003307270114
:1063A0002322E100638C071893841400A30F0104D7
:1063B0009309F0FF930B000013090000930680057A
:1063C00003CD0400938D140093070DFE63E6F604DD
:1063D0000327C10093972700B387E70083A707002F
:1063E00067800700930B000093070DFD13069000D4
:1063F00003CD0D0013972B00B30B7701939B1B006C
:10640000B38B770193070DFD938D1D00E372F6FEAC
:1064100093070DFEE3FEF6FA63020D122304A109B1
:10642000A30F01041307100093041000930C8108BC
:10643000130F09009309000023280100930F0000A7
:1064400093724F080329410863960200B387EB401B
:10645000E342F0448347F105638A0702832701087A
:106460009306F1052320D4001309190093061000A8
:10647000938717002322D400232221092320F10827
:10648000930670001304840063C0F61A638A0F0237
:1064900083270108930601062320D400130929004D
:1064A00093062000938717002322D400232221097A
:1064B0002320F1089306700013048400E3CEF64E07
:1064C00093070008E38AF208B3899940E34E301934
:1064D00093770F1063940774832701083309990099
:1064E000232094019387170023229400232221095B
:1064F0002320F1089306700063CCF6201304840077
:10650000137F4F0063060F00B384EB40E342904ECD
:1065100013830B0063D4EB001303070083274100B0
:10652000B38767002322F100E31A092283C70D0015
:106530002320010813040B00E39807E08327410898
:10654000832B0100638407006F10407583D7CA0056
:10655000032481120329011293F707048329C1112F
:10656000032A8111032B0111032C8110832C41106C
:10657000032D0110832DC10F638407006F10901D40
:106580008320C1120325410083244112832A411133
:10659000832BC110130101136780000093850A004B
:1065A00013850B00EFE05FE1630405006F10901AA4
:1065B0008397CA001307A00093F7A701E39AE7D0D7
:1065C0008397EA00E3C607D0832681008320C112A7
:1065D0001386040093850A0083244112832A411103
:1065E00013850B00832BC110130101136F1010389A
:1065F0001369090193840D006FF09FDC3389B44166
:10660000E394B4D783C704006FF0DFD903250100FA
:106610001306C10793850A00EF105054E31805F2E2
:1066200013040B006FF01FD7032501001306C107E9
:1066300093850A00232EE102232CE103232A510231
:106640002326F103EF109051E31205F003294108CE
:106650000327C103032F810383224103832FC10238
:1066600013040B006FF09FE283270108B726018017
:106670009386C64F2320D4001309190093061000F7
:10668000938717002322D400232221092320F10815
:10669000930670001304840063D4F6006F1080101A
:1066A000630406006F1080458326410193771F0025
:1066B000B3E7D700E38607E483274102832601027C
:1066C0002320F40083270108B38526012322D40068
:1066D000938717002322B1082320F1089306700046
:1066E00063D4F6006F108064130484008326410194
:1066F00093871700232094013389B6002322D40006
:10670000232221092320F10893067000E3D8F6DE46
:10671000032501001306C10793850A002326E10221
:106720002328E101EF109043E31205E20329410819
:10673000032F01010327C10213040B006FF05FDC7C
:1067400093778900E39C0760832781009387770014
:1067500093F787FF03A7070093878700232CE100A7
:1067600003A7C7FF2324F100232EE100832CC101DE
:1067700003A781EE8326810183A7C1EE93941C00B9
:1067800093D41400138506009385040013060700B4
:1067900093860700EF90D017630405006F10000484
:1067A0008326810103A781EE83A7C1EE138506002E
:1067B000938504001306070093860700EF80D00638
:1067C0006344A0006F1080010327810193850C00B2
:1067D000130600001305070093060000EF80D004A5
:1067E000635405006F1040438346F105930770041E
:1067F00063D4A7016F108041B72C0180938CCC4BE0
:1068000023280100137FF9F71307300093043000A9
:10681000930900006384060013071700937F2F007D
:10682000E3800FC213072700930F20006FF05FC1B2
:10683000832681009377090103A70600938646000B
:106840002324D1006392071293760904930707006B
:10685000E390064E634E07108346F10563C40904B6
:10686000137FF9F7631E070213071000639E0920C8
:10687000E314073C93741900930C0B006382040427
:1068800093070003A307F10A930CF10A138704008E
:1068900063CC340323280100E39006F86FF01FF85F
:1068A00013090F0013079000E364F76C9387070345
:1068B000A307F10A130F090093041000930CF10AC7
:1068C00013870400E3D834FD13870900232801004F
:1068D0006FF09FFC8327810083AB070093874700FD
:1068E0002324F100E3D80BD0B30B704113694900A6
:1068F00093840D006FF0DFAC03CD0D009307A00271
:10690000938D1D006314FD006F10807D93070DFDB6
:1069100093059000130700001306900093090000F0
:10692000E3E4F5AA03CD0D0093192700B389E9002C
:10693000939919003387F90093070DFD938D1D007E
:10694000E372F6FE93090700E35007A89309F0FFEE
:106950006FF09FA7832781001369090103A7070030
:10696000938747002324F10093070700E35607EEBF
:10697000B307E0409306D002130710006F00000A2F
:106980001369090893840D006FF09FA3136909042C
:1069900093840D006FF0DFA203278100A30F010491
:1069A0009304100083270700130747002324E10006
:1069B0002304F10813071000930C81086FF05FA700
:1069C0009307B002A30FF10493840D006FF05F9F53
:1069D0001369190093840D006FF09F9E8347F105A2
:1069E000E39A07C093070002A30FF10493840D00FC
:1069F0006FF01F9D1369890093840D006FF05F9CF9
:106A00000327810013690901832707001307470043
:106A10002324E1001307100093060000A30FD10404
:106A200063C80900137FF9F7E38207E413090F0035
:106A300013061000E308C7E6130620006306C70626
:106A4000930C0B0013F7770013070703A38FECFEDB
:106A500093D7370013860C00938CFCFFE39407FE5A
:106A60009377190063840706930700036300F70612
:106A70001306E6FFA38FFCFEB304CB40130F0900FF
:106A8000930C06006FF0DFE3930710006314F70028
:106A90006F10C03F9307200013090F006304F70035
:106AA0006F1000219307000003268102930C0B0056
:106AB00013F7F7003307E6000347070093D74700B3
:106AC000938CFCFF2380EC00E39407FEB3049B410E
:106AD000130F09006FF0DFDE03278100136909013E
:106AE00083270700130747002324E1001307000052
:106AF0006FF09FF2832681001377090183A70600B8
:106B0000938646002324D100E31607F01377090487
:106B1000E30207F09397070193D7070113071000CB
:106B20006FF09FEF83278100A30F010483AC070060
:106B300013884700E3800C322324010163D4090049
:106B40006F104007138609009305000013850C00A1
:106B5000EF30805103288100631405006F10803AE4
:106B6000B30495418346F10513C7F4FF1357F7416A
:106B7000232401012328010033F7E400130F090047
:106B800093090000E39A06C86FF05FC9832681006D
:106B900037870000130707832310E1061387460099
:106BA0002324E100372701801307074E2324E10245
:106BB00083A706001369290013072000130D80071F
:106BC0006FF09FE5832681001377090183A70600F4
:106BD000938646002324D100E31A07F013770904B3
:106BE000E30607F09397070193D707011307000007
:106BF0006FF09FE293770901E384071483278100F4
:106C00000327410083A7070023A0E7008327810013
:106C1000938747002324F1006FF08FF2930750060B
:106C200063DAA735832681018327C101130600009B
:106C3000138506009385070093060000232AE102CE
:106C40002326E103EF808025032FC10203274103A0
:106C50006316056683270108B72601809386C64F11
:106C60002320D400130919009306100093871700FE
:106C70002322D400232221092320F1089306700047
:106C800013048400E3C0F64C8327410683264101A8
:106C9000E3D8D70883274102832601021304840026
:106CA000232CF4FE832701083309D900232ED4FEB8
:106CB00093871700232221092320F10893067000EF
:106CC000E3CCF60E832741019384F7FFE35A9082C9
:106CD000930600018327010863C496006F10003DEE
:106CE000B7260180938646672326E102032D010023
:106CF000130704009309000113840400930C70002F
:106D00002328E101938406006F00C000130404FFF0
:106D1000E3D6894A130909019387170023209700B6
:106D200023223701232221092320F108130787009A
:106D3000E3DEFCFC1306C10793850A0013050D0072
:106D4000EF10C061E314058003294108832701087F
:106D500013070B006FF09FFBB387EB406356F0F611
:106D6000930600010326010863C4F6006F10C01DDE
:106D7000B726018093864667232A9102930509006E
:106D80009308000113090700930F70001307040014
:106D90002326E10313840700938406006F00C000DC
:106DA000130404FF63DA88049385050113061600B3
:106DB00023209700232217012322B1082320C10892
:106DC00013078700E3DECFFC032501001306C1078C
:106DD00093850A00EF108058631A05F693080001A6
:106DE000130404FF832541080326010813070B0041
:106DF000930F7000E3CA88FA93860400032FC10240
:106E000083244103930704001304070013070900B8
:106E1000138905003309F900130616002322F40034
:106E20002320D400232221092320C10893077000C6
:106E30001304840063DAC7E8032501001306C107C1
:106E400093850A00232AE1022326E103EF10005173
:106E5000631E05EE0329410803274103032FC102E6
:106E600013040B006FF04FE6B7260180832701085B
:106E700093864667635A3A0993060900930870009F
:106E8000130907002326E1031307040013840900F4
:106E900093090C006F00C000130404FF63588A04B8
:106EA0009386060193871700232087012322470139
:106EB0002322D1082320F10813078700E3DEF8FC22
:106EC000032501001306C10793850A00EF1000494E
:106ED000631E05E6130404FF832641088327010887
:106EE00013070B0093087000E34C8AFA032FC102CA
:106EF000138609009309040013040700130709000F
:106F00001389060093060600330939019387170099
:106F10002320D40023223401232221092320F10835
:106F2000930670001304840063D4F6DA032501008D
:106F30001306C10793850A00232AE1022326E103F1
:106F4000EF10C041631405E0032941080327410302
:106F5000032FC10213040B006FF08FD7032501002C
:106F60001306C10793850A00EF10403F630005DC5C
:106F70006FF0CFDD832401088326410193071000C1
:106F800023209401130919009384140093098400A9
:106F900063DAD74A930710002322F4002322210941
:106FA000232091089307700063CC97748327010214
:106FB00083264102938414003309F90023A2F900C7
:106FC00023A0D900232221092320910893077000D0
:106FD0009389890063C297768327C1018326810143
:106FE00013060000938507008327410113850600DF
:106FF000930600002326E1022328E1011384F7FF12
:10700000EF70D069032F01010327C1026304054813
:10701000938C1C00938414003309890023A09901E8
:1070200023A28900232221092320910893077000BD
:1070300093898900E3C29714832601039307C1064D
:10704000938414003389260123A0F90023A2D900D8
:1070500023222109232091089307700013848900BB
:1070600063D097CA032501001306C10793850A0060
:107070002326E1022328E101EF10402E631805CCFE
:10708000032941080327C102032F010113040B0048
:107090006FF00FC79306000103260108E3D6F668D8
:1070A000B726018093864666232E91029305090038
:1070B00093080001130907009303700013070400ED
:1070C0002326F103232A5102232CE1031384070012
:1070D000938406006F00C000130404FF63DA880481
:1070E000938505011306160023209700232217011C
:1070F0002322B1082320C10813078700E3DEC3FC65
:10710000032501001306C10793850A00EF1000252F
:10711000631E05C293080001130404FF8325410880
:107120000326010813070B0093037000E3CA88FAD3
:1071300093860400832FC10283224103032F81031E
:107140008324C103930704001304070013070900F5
:10715000138905003309F900130616002322F400F1
:107160002320D400232221092320C1089307700083
:107170001304840063D0C7AE032501001306C107C2
:1071800093850A00232EE102232CE103232A5102D6
:107190002326F103EF10801C631A05BA0329410866
:1071A0000327C103032F810383224103832FC102DD
:1071B00013040B006FF00FAA032501001306C1078B
:1071C00093850A00232CE102232AE103232651029E
:1071D000EF10C018631C05B603294108032781037B
:1071E000032F41038322C10213040B006FF04FAD44
:1071F0009306000183270108E3D29654B726018045
:1072000093864666138D040093090001930C700069
:107210002328E100938406006F00C000130D0DFFCA
:1072200063D6A90513090901938717002320940049
:1072300023223401232221092320F108130484008E
:10724000E3DEFCFC032501001306C10793850A0059
:10725000EF10C010631C05AE130D0DFF032941088C
:107260008327010813040B00E3CEA9FB03270101C8
:107270009386040093040D00330999009387170047
:107280002320D40023229400232221092320F10863
:107290009306700063DEF6A6032501001306C107FE
:1072A00093850A002328E100EF10400B631005AA24
:1072B00003294108032701016FF08FA5032641062A
:1072C0006354C0BA832741018326010193890700D3
:1072D00063C8F62C6356300383270108330939014C
:1072E00023209401938717002322340123222109AC
:1072F0002320F1089306700013048400E3CEF61AED
:1073000093C7F9FF93D7F741B3F9F9008327010138
:10731000B3893741634030378326410683274101D3
:1073200063D6F62883274102032601021304840052
:10733000232CF4FE832701083309C900232EC4FE41
:1073400093871700232221092320F10813067000D8
:10735000E342F6308327410103260101B386D7407B
:10736000B389C74063D4360193890600635A30035A
:10737000832701010326010833093901B38CFC007E
:10738000130616002320940123223401232221090D
:107390002320C1089307700013048400E3C0C732A0
:1073A00013C6F9FF1356F641B3F7C900B384F6408C
:1073B000635890949306000183270108E3D8964E02
:1073C000B7260180938646672326E102032D01003C
:1073D000130704009309000113840400930C700048
:1073E0002328E101938406006F00C000130404FF0A
:1073F00063D6895C1309090193871700232097003E
:1074000023223701232221092320F10813078700B3
:10741000E3DEFCFC1306C10793850A0013050D008B
:10742000EF00D073631405920329410883270108F4
:1074300013070B006FF09FFB93040000930C0B00ED
:107440006FF00FC893761F00E39606B42322F40072
:10745000232221092320910893077000E3DE97BCC3
:10746000032501001306C10793850A002326E102C4
:107470002328E101EF00906E631A058C032941086F
:10748000832401080327C102032F010193090B0084
:107490006FF09FBA8326410193071000E3DED7B84F
:1074A00093071001E3DED73EB72601809386466737
:1074B00093870900930C000193090700130D7000D6
:1074C000130709002328E101138906006F00C0009B
:1074D000130404FF63DA8C7013070701938414000C
:1074E00023A0270123A297012322E108232091084A
:1074F00093878700E35E9DFC032501001306C10707
:1075000093850A00EF009065630405006FF00F8417
:10751000032741088324010893070B006FF05FFBEA
:1075200093771F00639407006FE09FFD6FF08FF665
:107530001317070113570741930707006FF00FC395
:10754000937F0904638C0FEA83278100032741009E
:1075500083A707002390E7006FF04FEB032781001C
:1075600013050104832707009304470003A70700BE
:107570002320E10403A747002322E10403A7870097
:107580002324E10483A7C7002326F104EF80905D44
:10759000232CA100232EB100232491006FF00F9D16
:1075A00093890600E34A30D36FF09FD593771F008D
:1075B000E38207DA6FF01FD7032501001306C10726
:1075C00093850A002326E1022328E101EF001059E8
:1075D000630405006FE09FF7032941080327C102F8
:1075E000032F010113040B006FF0CFEDB7270180CB
:1075F0009387C74C2324F102832681001377090166
:1076000083A70600938646002324D100631A07004F
:1076100013770904630607009397070193D70701BF
:107620009376190013072000638806BE638607BEA1
:10763000930600032300D106A300A10713692900C4
:107640006FF08FBDB72701809387074E2324F10287
:107650006FF09FFA930760009384090063E837692D
:10766000B72C01801387040023240101938C4C4F15
:107670006FE01FDC9306000183270108E3DC362559
:10768000B726018093050700938646671307040019
:107690001306090013840900130D00019304700000
:1076A0002326E10313890600938905006F00C000BB
:1076B000130404FF635A8D561306060193871700BF
:1076C000232027012322A7012322C1082320F10818
:1076D00013078700E3DEF4FC032501001306C1074E
:1076E00093850A00EF009047630405006FE01FE6F2
:1076F000032641088327010813070B006FF05FFB87
:10770000032501001306C10793850A002326E10221
:107710002328E101EF009044630405006FE01FE3BC
:1077200003294108832401080327C102032F010113
:1077300093090B006FF09F87032501001306C10713
:1077400093850A002326E1022328E101EF0010417E
:10775000630405006FE09FDF0329410883240108CB
:107760000327C102032F010193090B006FF0DF868D
:10777000930C0B001306A0001305900033F7C7020B
:10778000938CFCFF93850700130707032380EC000D
:10779000B3D7C702E364B5FEB3049B41130F0900DE
:1077A0006FF00F92032501001306C10793850A00AD
:1077B0002326E1022328E101EF00503A630405008B
:1077C0006FE0DFD803264106032941080327C102E1
:1077D000032F010113040B006FE09FEC03288101CC
:1077E0008327C101130608001305080093860700CC
:1077F00093850700EF80D011E31205021377FDFD9A
:107800009307F0FF2326E102136F09106388F96ED6
:10781000930770046302F7688327C1019302000095
:107820009384070063C0074E93076006138709001F
:10783000930630006310FD4E032681011308810674
:107840009307410613050600930505000325010073
:107850009308410713860400232A5102232AE101D9
:107860002328E100EF2090710327010193076006B0
:10787000032F410183224103930C05003308E500E7
:10788000631CFD0083C60C00930700036380F6565B
:10789000832741063308F80083278101938504007C
:1078A000130600001385070093060000232A5102E7
:1078B000232A01012328E101EF70405E032F01011B
:1078C00003284101832241036306054283274107C0
:1078D00063FE07019306000313871700232AE106BE
:1078E0002380D70083274107E3E807FF03274106EA
:1078F0002328E100B3879741232AF1008327C1029F
:10790000130770046384E714930760066312FD187D
:107910000327010193771900B3E737016356E07E2F
:10792000639C077283240101130D60061387040012
:10793000638802509307D002A30FF104930900005B
:107940006FE09FED032501001306C10793850A0030
:107950002326E1022328E101EF0050206304050003
:107960006FE0DFBE032941080327C102032F010195
:1079700013040B006FF04FB1032501001306C1077C
:1079800093850A002326E1022328E101EF00101D60
:10799000630405006FE09FBB0329410883240108AD
:1079A000032F01010327C10293090B006FF0CFE8F9
:1079B00013850B00EFD0CF8E6FE09F8C9386040071
:1079C000032F010193040400130407000327C102DD
:1079D00033099900938717002320D4006FE0DFB0AC
:1079E00063CC07688324C10193020000930910004F
:1079F00003278101930741069308410713050700F8
:107A0000930505000325010013088106138709006B
:107A10009306200013860400232A51002328E10145
:107A2000EF20D05593771900032F010183224101E4
:107A3000930C050063900750832741062328F1002B
:107A400083274107B387A740232AF10003270101B9
:107A50009307D0FF634CF70263CAE9028327410111
:107A600003270101634CF750937F1900832701011D
:107A700063960F5C13C7F7FF1357F74133F7E7001F
:107A800093840700130D70066FF09FEA130DEDFF4E
:107A9000032701012306A1079307B0029308F7FF0C
:107AA0002322110763CC0832A306F1069307900046
:107AB00063C0172D9387080313070003A307F1067C
:107AC000930740002307E1062328F1020327410121
:107AD0008326010393071000B304D70063D2E7485D
:107AE0008327010223280100B384F40013C7F4FFA5
:107AF0001357F74133F7E4006FF09FE38327410208
:107B00008326010213048400232CF4FE832701083A
:107B1000B3852601232ED4FE938717002322B108B4
:107B20002320F1089306700063C2F6206344060028
:107B30006FE0DFBB930600FFB304C0406356D6601E
:107B4000B7260180938646672328E1009309000148
:107B50001307040013097000130D0F0013840600AF
:107B60006F00C000938404FF63D49944938505019A
:107B70009387170023208700232237012322B1088F
:107B80002320F10813078700E35EF9FC03250100B9
:107B90001306C10793850A00EF00407C63040500CB
:107BA0006FE0DF9A832541088327010813070B0044
:107BB0006FF05FFB13850C00EFD09FFE8346F1054D
:107BC0001347F5FF1357F7412328010093040500DD
:107BD0003377E500130F0900930900006384060062
:107BE0006FE09FC36FE09FC3032F0101930609005D
:107BF00013090700138709009389070033098900D7
:107C00009384140023A0D9006FF08FC1B72C01809A
:107C1000938C0C4C6FE0DFBE9307D002A30FF104EE
:107C20009306D0026FE09FBC032FC1029385090029
:107C300093060900930904001309060013040700C2
:107C40001387050033093901938717002320D400D7
:107C500023223401232221092320F10893067000F6
:107C60001304840063DAF6EA032501001306C10752
:107C700093850A00232AE1022326E103EF00006E28
:107C8000630405006FE09F8C03294108032741032B
:107C9000032FC10213040B006FF00FE81306C10796
:107CA00093850A0013850B00EF00406B6FE01F8A7D
:107CB000930700006FE0DFD8032501001306C1071A
:107CC00093850A00232AE1022326E103EF000069DD
:107CD000630405006FE09F870329410803274103E0
:107CE000032FC10213040B006FF08FE193046000B7
:107CF0006FF01F97832741062328F10093070800A0
:107D00006FF05FBFB7040080B3C4F4009302D002E9
:107D10006FF09FB10327C10293075004E31AF7CC19
:107D200013871900930620006FF01FB1032501008F
:107D30001306C10793850A002326E1022328E101E7
:107D4000EF00C061630405006FE05F800326410619
:107D500083254108832701080327C102032F01015E
:107D600013040B00634406006FE05F986FF09FDC24
:107D70001305B107930605001306A000130830068B
:107D800033E7C80293870600938508009386F6FFC1
:107D900013070703A38FE7FEB3C8C802E342B8FE88
:107DA000938808031387E7FFA38F16FF6378A7382C
:107DB0009306E10603460700130717009386160093
:107DC000A38FC6FEE318A7FE1307010FB307F74002
:107DD0009387F7F82328F1026FF05FCF9307100025
:107DE000B388E7409307D0026FF01FCC8326810150
:107DF0009385040013060000138506009306000017
:107E0000232C5102232A0103232AE1002328E10124
:107E1000EF70C008032F010103274101032841032C
:107E20008322810363140526832741063308F80063
:107E30002328F100B3079841232AF1006FF05FADCA
:107E40008346F10593090000638406006FE0DF9C20
:107E50006FE0DF9C032501001306C10793850A002C
:107E6000232AE1022326E103EF00404F63040500CB
:107E70006FE0CFED83264106032941080327410324
:107E8000032FC10213040B006FF0CFCC13090F00B6
:107E9000930700006FE09FA18327C101E38209B42B
:107EA0009384070093020000E3D407B4B704008072
:107EB000B3C4F4009302D0026FF09FB30325010016
:107EC0001306C10793850A002326E1022328E10156
:107ED000EF00C048630405006FE04FE783264106CA
:107EE00083274101032941080327C102032F010110
:107EF00013040B00B386D7406FF08FCA930960005C
:107F00006FF09F918346F105232801001387090034
:107F100093840900130F090093090000638406008D
:107F20006FE09F8F6FE09F8FB72601809386466634
:107F30006FF04FA2330835016FF01F96B72601800E
:107F4000938646666FF04FB3B726018093864667E7
:107F50006FE05FEC9307F0FF2322F1006FE04FE248
:107F6000937719002328F100E39C07B613C7F4FFA9
:107F70001357F74133F7E4006FF09F9B83274101CC
:107F800003270102B384E700832701016348F0005F
:107F9000832701013388F4409304180013C7F4FFCA
:107FA0001357F74133F7E400130D70066FF05F9835
:107FB000930604001304070003270101130F0D00AB
:107FC000B3859500938717002320D40023229400C3
:107FD0002322B1082320F1089306700063C4F60041
:107FE0006FE08FF0032501001306C10793850A0097
:107FF0002326E1022328E101EF0040366304050057
:108000006FE0CFD483254108832701080327C102ED
:10801000032F010113040B006FE04FED8327C10113
:1080200063C2070A8346F1059307700463C6A70974
:10803000B72C0180938C4C4C6FE08FFC032701021E
:10804000130D7006B384E70013C7F4FF1357F7410D
:1080500033F7E4006FF0DF8D832701023388E900F6
:10806000130D6006B304F80013C7F4FF1357F7416C
:1080700033F7E4006FF0DF8BB7040080B3C4F40083
:108080009302D002930910006FF09F96930710009F
:10809000B387E7402322F1063308F8006FF0CFFFE3
:1080A000B7260180938646676FF05FB5B7260180DB
:1080B000938646676FF0DF91B72C0180938C8C4CD0
:1080C0006FE00FF49307D002A30FF1049306D002E0
:1080D0006FF09FF5B7260180938646676FF09FB6D5
:1080E0008327810083A907009387470063C809009D
:1080F0002324F10093840D006FE08FAC9309F0FF0F
:108100002324F1006FF01FFF639A0700130710008C
:10811000130D6006930410006FF09F818327010206
:10812000130D600613881700B304380113C7F4FF5A
:108130001357F74133F7E4006FF08FFF93072000E8
:108140002328F1026FF09F98B72601809386466737
:108150006FF01FE79307050003A541F4930606009F
:1081600013860500938507006FE0CF8C130101B8DB
:108170008397C50003D7E500232C814613840500AF
:10818000B70501009385D5FF032E44060323C401E0
:108190008328440213170701B3F7B700B3E7E700DA
:1081A00013080040232AF10093058100930701077B
:1081B000232A914623282147232E1146130905001F
:1081C0002326C10723226102232611032324F10061
:1081D000232CF10023280101232E01012320010279
:1081E000EFE04F8593040500635C0502835741016E
:1081F00093F70704638807008357C40093E70704D5
:108200002316F4008320C147032481470329014733
:10821000138504008324414713010148678000004F
:108220009305810013050900EF108044E30005FC6D
:108230009304F0FF6FF09FFB83A74506130101FD38
:10824000232861012326110213972701130B06002F
:108250006358070E8327860023202103232E310134
:10826000232A51012326710113890500832B06005F
:1082700093090500930AF0FF6388070A232481020B
:1082800023229102232C41012324810103AC4B00C2
:1082900003A40B00135A2C0063060A069304000083
:1082A0006F00C00013044400630C9A04832504008B
:1082B0001306090013850900EF10905093841400F1
:1082C000E31255FF032481028324410203290102A2
:1082D0008329C101032A8101832A4101832BC10023
:1082E000032C81001305F0FF8320C10223240B001F
:1082F00023220B00032B01011301010367800000FF
:1083000083278B00137CCCFFB38787412324FB009A
:10831000938B8B00E39C07F60324810283244102A4
:10832000032A8101032C8100032901028329C10151
:10833000832A4101832BC100130500006FF0DFFA8F
:10834000EF10C0408320C10223240B0023220B0026
:10835000032B01011301010367800000032786003E
:10836000630407006FF05FED232206001305000091
:1083700067800000130101F22326310D232C810BAD
:108380002326B10B232E110C2320A1009389050075
:10839000930D0600138C0600630605008327450332
:1083A000E38E07588397C900139727016346070296
:1083B00003A7490637260000B7E6FFFFB3E7C7006B
:1083C0009386F6FF9397070193D707413377D7003A
:1083D0002396F90023A2E90613F787006308071222
:1083E00003A709016304071293F7A7011307A0006D
:1083F000638EE712B72701802328210D232E710BEE
:108400001309010693874768B72B0180232C810C41
:10841000232A910C2324410D2322510D2320610D89
:10842000232A910B2328A10B23262103232A0102AF
:10843000232801021307090023260100232201003B
:108440002328F10013040001938B8B7F83C70D0059
:108450006386071093840D00930650026386D72E1F
:1084600083C7140093841400E39A07FE338AB4414F
:108470006386B40F83264103832701032320B701BA
:10848000B306DA009387170023224701232AD1027B
:108490002328F10213067000130787006350F602C9
:1084A000E382062E032501001306C102938509000D
:1084B000EFF09FD86318050A1307090083264100CF
:1084C00083C70400B38646012322D10063880708CE
:1084D00093871400A30301029306F0FF93040000A6
:1084E000930C00001305800503C60700938D170049
:1084F000930706FE6368F50E832501019397270015
:10850000B387B70083A70700678007000325010032
:1085100093850900EFC05FEAE31E054C8397C9000D
:108520001307A00093F7A701E396E7EC8397E90010
:10853000E3C207EC032501008320C10D93060C0064
:1085400013860D00032C810B832DC10A938509002E
:108550008329C10C1301010E6F00D04E8327410304
:10856000E39C074283D7C9000324810D8324410D76
:1085700093F707040329010D032A810C832A410C78
:10858000032B010C832BC10B832C410B032D010BFF
:10859000E39207468320C10D032541008329C10CC6
:1085A000032C810B832DC10A1301010E678000008B
:1085B00093040000930706FD1308900003C60D0006
:1085C00093952400B385950093951500B384B70067
:1085D000930706FD938D1D00E372F8FE930706FED8
:1085E000E37CF5F0E30C06F6230CC102A3030102C1
:1085F000130A1000130B1000930A81039306000066
:10860000130F00000326010393FF4C088327410347
:1086100093051600138E050063960F00338D4441B9
:10862000E340A00383457102638A050213067102C9
:10863000938717002320C700130610002322C700CA
:10864000232AF1022328C103130670006342C6796E
:1086500013060E0013078700130E1E0063000F069B
:1086600013068102938727002320C70013062000EA
:108670002322C700232AF1022328C1031306700016
:108680006358C67BE3860710032501001306C10269
:1086900093850900232AD1002324F101EFF0DFB9EB
:1086A000E31205EC032601038327410383264101DE
:1086B000832F810013070900130E1600930500088D
:1086C0006382BF54338D66416348A063B307FB00E8
:1086D0002320570123226701232AF1022328C10303
:1086E0009306700063D4C651638807060325010012
:1086F0001306C10293850900EFF01FB4E31405E6E9
:10870000832741031307090013F34C00630603009A
:10871000338B4441634E600563D4440193040A00E3
:1087200003274100330797002322E100639E076679
:1087300023280102130709006FF05FD193EC0C01AD
:1087400093870D006FF05FDA338AB441E394B4D3BA
:1087500083C704006FF09FD72328010213F34C0056
:108760006300037C338B4441635C607B1307090027
:108770009306000103260103E3D86625372E018006
:10878000130E8E7E130D0001930A70006F0080019E
:10879000930526001307870013860600130B0BFFB3
:1087A000635C6D0593870701930616002320C701BC
:1087B0002322A701232AF1022328D102E3DADAFCDB
:1087C000638A0742032501001306C102938509004D
:1087D0002324C101EFF05FA6E31605D803260103A9
:1087E000130B0BFF83274103032E8100130709009E
:1087F00093051600E3486DFBB38767012320C7018B
:1088000023226701232AF1022328B10213077000F3
:10881000E354B7F063860770032501001306C10215
:1088200093850900EFF05FA1E31E05D28327410382
:108830006FF09FEE93F70C0103260C00130C4C0015
:10884000639A071093F50C0493070600E392050062
:10885000634006040345710263C8060493FCFCF7F9
:1088600063140604E39A0616130A0000130B0000B3
:10887000930A090063040500130A1A0013FF2C0071
:10888000E3020FD8130A2A00130F20006FF09FD7BE
:108890009307D002A303F102B307C04063C40600EC
:1088A00093FCFCF71305D002130690006364F67482
:1088B0009387070393F7F70FA30FF104138A0600BA
:1088C0006344D000130A1000130B1000930AF10543
:1088D000E31405FA6FF09FFA83240C00130C4C008C
:1088E000E3D004E6B304904093EC4C0093870D0072
:1088F0006FF09FBF03C60D009307A00293881D0071
:10890000E300F610930706FD930690009305000020
:1089100013089000E3E4F60A03C6080093962500C6
:10892000B386B60093961600B385D700930706FD6D
:1089300093881800E372F8FE9386050063C00574FF
:10894000938D08006FF0DFBA03260C0093EC0C0146
:10895000130C4C00930706006FF09FEF93EC0C088C
:1089600093870D006FF05FB89307B002A303F10285
:1089700093870D006FF05FB793EC1C0093870D0099
:108980006FF09FB683477102E39C07DA93070002FA
:10899000A303F10293870D006FF01FB583270C002E
:1089A000A3030102130C4C00230CF102130A100064
:1089B000130B1000930A81036FF05FC483270C0030
:1089C00013EB0C01130C4C00A3030102130610005F
:1089D000930C0B0013050000E3C806EC937CFBF737
:1089E0006392075663920674631E065E137B1B0038
:1089F00063020B6493070003A30FF104130A0B0037
:108A0000930AF1056FF09FE783270C0013EB0C012D
:108A1000130C4C00A303010213060000930C0B007F
:108A2000E3DE06FA930A090013F67700130606033D
:108A3000A38FCAFE93D7370093850A00938AFAFF63
:108A4000E39407FE93F71C00638A0716930700035D
:108A50006306F6169385E5FFA38FFAFE330BB94044
:108A6000138A060063C66661938A05006FF01FE1F2
:108A700013F60C0183270C00130C4C00631A06003C
:108A800013F60C04630606009397070193D70701BA
:108A9000138B0C006FF01FF893F70C016390070223
:108AA00013F30C04630C030083270C00832641009E
:108AB000130C4C002390D7006FF05F9983270C00B4
:108AC00083264100130C4C0023A0D7006FF01F98A1
:108AD00093EC0C0493870D006FF01FA113F60C01AB
:108AE00083270C00130C4C00631A060013F60C04C9
:108AF000630606009397070193D70701138B0C00B9
:108B00006FF09FEC832A0C00A3030102130C4C00AE
:108B1000638A0A6263CA065613860600930500003C
:108B200013850A00232AE1002324D100EF10C0534B
:108B30008326810003274101138B0600630405008F
:108B4000330B554183477102134AFBFF135AFA4115
:108B5000337A4B0193060000130F0000E39E07D009
:108B60006FF05FAA37860000130606832314C10244
:108B7000372601801306064E83270C0093EC2C0049
:108B8000130C4C002326C100A3030102138B0C001D
:108B900013062000E3D406E4930A09008325C100EC
:108BA00013F6F700938AFAFF3386C50003460600E2
:108BB00093D747002380CA00E39207FE330B594145
:108BC000138A0600E3DC66CB130A0B006FF01FCBA1
:108BD000130710002328E10293070B0023205107FD
:108BE00023226107232A6103130709001307870063
:108BF0006FF09FB1930510001306000013070900E2
:108C00006FF0DFB9338D4441E35EA0AB9305000103
:108C100063D8A55DB72501809385857F2324B100A6
:108C2000130E0001130F70006F0080011305260062
:108C30001307870013860500130D0DFF6352AE075F
:108C40000325810093870701930516002320A700C1
:108C50002322C701232AF1022328B102E358BFFCD3
:108C600063800716032501001306C10293850900DE
:108C7000232AD100EFF04FDCE316058E0326010313
:108C8000130E0001130D0DFF8327410383264101BD
:108C90001307090013051600130F7000E342AEFB23
:108CA00003268100B387A7012322A7012320C70041
:108CB000232AF1022328A102130670006352A6386A
:108CC0006388074A032501001306C1029385090042
:108CD0002324D100EFF04FD6E316058883268100C8
:108CE0000326010383274103338D664113070900DF
:108CF000130E1600E35CA09D6354A4472324710166
:108D0000930E70006F008001130E2600130787007A
:108D100013860500130D0DFF635AA4059387070101
:108D2000930516002320770123228700232AF102CE
:108D30002328B102E3DABEFC6380070603250100A5
:108D40001306C10293850900EFF00FCFE31C0580E5
:108D500003260103130D0DFF8327410313070900A9
:108D6000130E1600930E7000E34AA4FB83268100C5
:108D7000B387A7012322A7012320D700232AF102CA
:108D80002328C1039306700063C8C61D130787001C
:108D9000130E1E006FF09F93130E100013060000B9
:108DA000130709006FF01FF7032501001306C10226
:108DB00093850900EFF04FC8E30C05966FF08FFA2A
:108DC0001305100013060000130709006FF0DFE61B
:108DD00063820704032501001306C102938509007D
:108DE000232CD100232AF1012324E101EFF0CFC489
:108DF000631A05F6032601038327410383268101B5
:108E0000832F4101032F810013070900130E160061
:108E10006FF0DF8463060F24930781022320F1069D
:108E2000930720002322F106130E100013070900F8
:108E300013060E0013078700130E1E006FF01F8825
:108E4000130500016354A537372E0180130E8E7E63
:108E5000930E0001930270006F00C00113052600FD
:108E60001307870013860500130D0DFF63DCAE07A3
:108E700093051600938707012320C7012322D701FA
:108E8000232AF1022328B102E3DAB2FC6382070845
:108E9000032501001306C10293850900232EC10199
:108EA000232CD100232AF1012324E101EFF0CFB8D4
:108EB000631A05EA03260103930E0001130D0DFF4B
:108EC00083274103032EC10183268101832F4101A2
:108ED000032F810013070900130516009302700089
:108EE000E3C8AEF9B387A7012320C7012322A70156
:108EF000232AF1022328A102130670006342A60A66
:108F000013078700130E1500130605006FF08FF18D
:108F10001306000013051000130709006FF0DFF4BB
:108F200063D4440193040A0083274100B387970068
:108F30002322F1006FF0CFFF13F3FCF7936C2300B3
:108F40001306200093051000630EB62C9305200035
:108F5000E31AB6AC6FF05FC4E38C07C603250100CB
:108F60001306C10293850900EFF00FAD631C05DE07
:108F7000032E01038327410313070900130E1E006C
:108F80006FF0CFF423280102130709006FF00FD30D
:108F9000130E100013060000130709006FF00FF204
:108FA00063820716032501001306C1029385090099
:108FB000232CD100232AF1012324E101EFF0CFA7D4
:108FC000631205DA03260103832741038326810107
:108FD000832F4101032F810013070900130E160090
:108FE0006FF04FE4130A0000130B0000930A09000E
:108FF0006FF0DF88930A09009305A000930E90009C
:1090000033F6B702938AFAFF138E0700130606039E
:109010002380CA00B3D7B702E3E4CEFF330B594134
:10902000138A0600E3D86685130A0B00E31605844D
:109030006FF0DF84130A0000930A09006FF01F84A9
:1090400013078700130E1500130605006FF08FE756
:109050001316060113560641930706006FF04FFFE3
:1090600013060000130E1000130709006FF00FE540
:10907000130A0B00938A05006FF05F809306F0FFE0
:10908000938D08006FF0CFC613850A002324E100FA
:10909000EFC01FB103278100130B05006FF09FAADB
:1090A000B72701809387C74C2326F10093F50C0165
:1090B00083270C00130C4C00639A050093F50C04F5
:1090C000638605009397070193D7070193F51C006A
:1090D000E38C05AAE38A07AA930500032304B102DF
:1090E000A304C102A3030102E3D806E493EC2C001D
:1090F0006FF09FAAB72701809387074E2326F100C0
:109100006FF0DFFA034771026300070893077102EB
:109110002320F106930710002322F106130E1000FE
:10912000130709006FF0CFD293051000E310B6E2E9
:1091300013050000930700036FF00FF8EFB05F9680
:109140006FF04FA693076000138B060063EAD70207
:1091500037280180130A0B00930A484F6FF00FCA9B
:10916000B72601809386867F2324D1006FF01FC02D
:10917000130E100013060000130709006FF08FD4C0
:10918000130B60006FF0DFFC13060000130E1000DD
:10919000130709006FF08FCC032501001306C102ED
:1091A00093850900EFF04F896FF0CFBB372E018018
:1091B00013850500130E8E7E6FF0DFD2938D0800AD
:1091C000930600006FF0CFB2372E01809305160092
:1091D000130E8E7E6FF04FE2930700036FF0CFED1A
:1091E000372601801306867F13050E002324C10055
:1091F0006FF01FAB9307F0FF2322F1006FF08FB9E0
:1092000083260C00130C4C0063C80600938D0800E5
:1092100093870D006FF04FAD9306F0FF938D08001C
:109220006FF01FFF130500006FF00FE893070500B4
:1092300003A541F4930606001386050093850700F5
:109240006FF04F93130101B88397C50003D7E50072
:10925000232C814613840500B70501009385D5FFB3
:10926000032E44060323C401832844021317070175
:10927000B3F7B700B3E7E70013080040232AF10073
:109280009305810093070107232A9146232821474C
:10929000232E1146130905002326C107232261024C
:1092A000232611032324F100232CF100232801019C
:1092B000232E010123200102EFF0CF8B9304050040
:1092C000635C05028357410193F707046388070035
:1092D0008357C40093E707042316F4008320C14793
:1092E0000324814703290147138504008324414750
:1092F00013010148678000009305810013050900F0
:10930000EF000037E30005FC9304F0FF6FF09FFBD4
:10931000130101FF23261100232021016388050288
:109320002324810023229100138405009304050067
:109330006306050083274503638C070C8317C4006D
:109340006392070203248100832441008320C1002B
:10935000130900001305090003290100130101018D
:10936000678000009305040013850400EF00800B64
:109370008327C40213090500638A07008325C401FB
:1093800013850400E7800700634405068357C40083
:1093900093F707086396070683250403638C05008B
:1093A000930704046386F50013850400EFC05FB8DB
:1093B00023280402832544046388050013850400E0
:1093C000EFC01FB723220404EFB0CFEF2316040031
:1093D000EFB08FEF8320C10003248100832441007C
:1093E0001305090003290100130101016780000032
:1093F0008357C4001309F0FF93F70708E38E07F8BB
:109400008325040113850400EFC09FB26FF0DFF8DD
:10941000EFB00FE96FF09FF29305050003A541F44B
:109420006FF01FEF0397C500130101FE232C81008D
:1094300023263101232E1100937787001384050022
:109440009309050063900712B71700009387078000
:1094500083A64500B367F7002396F5006352D01842
:10946000032884026304080E232A9100931637010F
:1094700083A4090023A009008325C40163CE061636
:10948000130600009306100013850900E70008008A
:109490009307F0FF130605006304F51A8317C40051
:1094A000032884028325C40193F74700638E0700D5
:1094B00003274400832704033306E640638607003E
:1094C0008327C4033306F640930600001385090082
:1094D000E70008009307F0FF6314F51283A6090064
:1094E0009307D0010317C40063EAD716B7074020DB
:1094F00093871700B3D7D70093F717006380071639
:1095000003260401B7F7FFFF9387F77FB377F700D0
:109510002316F400232204002320C40093173701EC
:1095200063D40700638206108325040323A09900F7
:1095300063840510930704046386F500138509000E
:10954000EFC01F9F8324410123280402130500005C
:109550008320C101032481018329C1001301010279
:10956000678000002328210103A90501630209087F
:10957000232A910083A405001377370023A0250137
:10958000B3842441930700006314070083A74501B7
:109590002324F400634890006F0040053309A900BC
:1095A00063569004832744028325C40193860400F4
:1095B0001306090013850900E7800700B384A4405F
:1095C000E34EA0FC0317C40003290101136707043D
:1095D000832441012316E4001305F0FF6FF05FF7C9
:1095E00083A6C503E34ED0E66FF05FF68324410106
:1095F000032901016FF09FF5032604056FF0DFEAF0
:109600000317C40083260401B7F7FFFF9387F77F92
:10961000B377F7002316F400232204002320D4009C
:1096200093173701E3D207F0832504032328A4040A
:1096300023A09900E39005F0832441016FF01FF10E
:1096400083A70900E38C07E41307D001638CE700CC
:10965000130760016388E7000317C400136707045A
:109660006FF01FF723A09900832441016FF01FEED4
:10967000130101FE232C8100232E11001304050089
:109680006306050083274503638A07028397C500A5
:10969000639C07008320C10103248101130500009E
:1096A00013010102678000001305040003248101F7
:1096B0008320C101130101026FF0DFD62326B10020
:1096C000EFB00FBE8325C1006FF05FFC630005069D
:1096D0009305050003A541F46306050083274503B0
:1096E000638C07008397C50063960700130500008D
:1096F000678000006FF01FD3130101FE2326B10025
:109700002324A100232E1100EFB08FB98325C100BF
:10971000032581008397C500639407028320C1015C
:10972000130500001301010267800000B795008057
:10973000138601C393850567138501C46FB00FC8F5
:109740008320C101130101026FF0DFCD8327860062
:109750006384072C8396C500130101FD2324810235
:10976000232C4101232861012326110293F786004F
:10977000130B0600130A050013840500638E070807
:1097800083A70501638A070823229102232021036E
:10979000232E3101232A510193F7260083240B0045
:1097A0006384070A832744028325C401B70A008023
:1097B0009309000013090000938A0AC01386090068
:1097C00013050A00630209049306090063F42A01E1
:1097D00093860A00E78007006350A04683278B002A
:1097E000B389A9003309A940B387A7402324FB000C
:1097F0006386071A832744028325C4011386090060
:1098000013050A00E31209FC83A9040003A944001C
:10981000938484006FF09FFA9305040013050A00F7
:10982000EFB09FB9631C051C8316C400232291026C
:1098300023202103232E3101232A510193F72600EF
:1098400083240B00E39007F6232671012324810172
:1098500093F716006396071C8327040003278400F0
:10986000B70A008023229101930B000093090000A6
:10987000938AFAFF13850700130C0700638209100F
:1098800013F6062063080628930C070063E6E93206
:1098900013F70648630A07080326440183250401D9
:1098A000131716003307C7003389B740135CF7015D
:1098B000330CEC0093071900135C1C40B38737018D
:1098C00013060C006376FC00138C07001386070058
:1098D00093F60640638E06309305060013050A00D2
:1098E000EFA0CFEF930C0500630C05348325040132
:1098F00013060900EFC08F908357C40093F7F7B7A2
:1099000093E707082316F40033852C01B3072C4195
:1099100023289401232A84012320A400138C090006
:109920002324F400938C090013860C0093850B000C
:10993000EF00D01D0327840083270400138909004A
:1099400033078741B38797012324E4002320F400E1
:109950009309000083278B00B38B2B01B38727412A
:109960002324FB0063860702832704000327840067
:109970008316C40013850700130C0700E39209F057
:1099800083AB040083A94400938484006FF09FEEAE
:10999000832BC100032C8100832C41008320C10252
:1099A0000324810283244102032901028329C10186
:1099B000832A4101032A8101032B010113050000C1
:1099C00013010103678000009305040013050A00DA
:1099D000EFF01FCA630E050A8317C400832BC10072
:1099E000032C810083244102032901028329C10140
:1099F000832A410193E707042316F4008320C10260
:109A000003248102032A8101032B01011305F0FFC6
:109A10001301010367800000130500006780000048
:109A2000930A000013050000130C000093090000C6
:109A300063820908630A050893870A00938B09006B
:109A400063F43701938B0700032504008327040187
:109A5000032984008326440163F6A7003309D90053
:109A60006344790963C0DB16832744028325C4015C
:109A700013060C0013050A00E78007001309050010
:109A8000E35CA0F4B38A2A4113051000E38E0AF2C6
:109A900083278B00330C2C01B3892941B3872741DD
:109AA0002324FB00E39607F8832BC100032C8100DD
:109AB0006FF0DFEE83A94400938704009384840051
:109AC000E38A09FE03AC0700138609009305A00092
:109AD00013050C00EF004059630A05141305150027
:109AE000B30A85416FF05FF593050C00130609007A
:109AF000EF00D001832704009305040013050A003A
:109B0000B38727012320F400EFF09FB6E30C05F69E
:109B10006FF09FEC8326040163E2F6040326440100
:109B200063EEC9029387090063F43A0193870A0040
:109B3000B3E6C702032744028325C40113860B0042
:109B400013050A00B386D740E70007001309050094
:109B5000635AA004B38929416FF0DFDF13090700BE
:109B600063F4E9001389090013850700130609004F
:109B700093850B00EF00807903278400832704007E
:109B800033072741B38727012324E4002320F4006F
:109B9000E31207FC9305040013050A00EFF05FAD24
:109BA000E30A05FA8317C400832BC100032C81004C
:109BB000832C41006FF01FE3138C0900938C090084
:109BC0006FF09FD613860B0093050C00EF00007416
:109BD000032784008327040013890B003307774190
:109BE000B38777012324E4002320F4006FF09FE97A
:109BF00013050A00EF300041930C0500E31605D071
:109C00008325040113050A00EFC08FB28317C40037
:109C10001307C000832BC100032C8100832C41005B
:109C20002320EA0093F7F7F76FF0DFDB9387190043
:109C3000938A07006FF09FE08317C4006FF09FDAEC
:109C40001307C0008317C400832BC100032C8100BD
:109C5000832C41002320EA006FF0DFD88397C500F2
:109C6000130101F8232C8106232E110613F7270078
:109C700013840500630407029387350423A0F500CD
:109C800023A8F5009307100023AAF5008320C1073D
:109C90000324810713010108678000008395E50014
:109CA000232A91062328210723263107232441074D
:109CB0009304050063C6050813068100EF000059F0
:109CC000634E05068327C10037F90000B71900006D
:109CD0003379F900B7E7FFFF3309F90013391900A9
:109CE000130A00409389098093050A001385040034
:109CF000EFA0CFAE8317C4006308050693E70708FB
:109D00002320A4002328A4002316F400232A4401BE
:109D10006310090AB3E737018320C1072316F40053
:109D20000324810783244107032901078329C106EE
:109D3000032A810613010108678000008317C4000D
:109D400093F7070813090000638E0704130A000441
:109D500093050A0013850400EFA04FA88317C400E1
:109D600093090000E31C05F813F70720631E07049E
:109D700093F7C7FF93E72700130734042316F40073
:109D80009307100083244107032901078329C10693
:109D9000032A81062320E4002328E400232AF40078
:109DA0006FF0DFEE130A0040930900006FF0DFF35D
:109DB0008315E40013850400EF00804F6310050253
:109DC0008317C4006FF01FF583244107032901079F
:109DD0008329C106032A81066FF05FEB8357C40015
:109DE00093F7C7FF93E717009397070193D70741AE
:109DF0006FF05FF2130101F923248106138405003B
:109E00008395E500232291062320210723261106AE
:109E1000930406001389060063CA05041306810033
:109E2000EF00C042634405040327C100B7F70000F8
:109E30008320C106B3F7E70037E7FFFFB387E700EA
:109E40000324810693B717002320F900130700406D
:109E500023A0E400371500008324410603290106EE
:109E60001305058013010107678000008357C400B4
:109E700093F70708638807028320C106032481063D
:109E8000930700002320F9001307000423A0E40037
:109E9000032901068324410613050000130101076D
:109EA000678000008320C106032481062320F90077
:109EB0001307004023A0E400032901068324410680
:109EC000130500001301010767800000130101FE64
:109ED000232C8100232A910023282101232E110005
:109EE000130905009384050013040600EF00002CFD
:109EF00093071000631CF5009387F4FF1307E00F2E
:109F00006366F700230691006F0040029306C405C4
:109F1000138604009305C10013050900EF300069A2
:109F20009307F0FF6304F508630C050283278400A0
:109F30008345C1009387F7FF2324F40063DA070009
:109F40000327840163CCE7029307A0006388F5022E
:109F500083270400138717002320E4002380B70021
:109F60008320C10103248101032901011385040019
:109F700083244101130101026780000013060400DD
:109F800013050900EFB00FA99307F0FFE31AF5FCE2
:109F90001305F0FF8320C1010324810183244101C3
:109FA0000329010113010102678000008357C400E7
:109FB0001305F0FF93E707042316F4006FF09FFDED
:109FC0008317C6001397270163400702032746063D
:109FD000B7260000B3E7D700B72600003367D700E5
:109FE0002316F6002322E6066FF05FEE130101FE52
:109FF000232C810003A441F4232E110013860500B5
:10A000009305050063060400832744036380070467
:10A010008317C600139727016340070203274606EC
:10A02000B7260000B3E7D700B72600003367D70094
:10A030002316F6002322E6061305040003248101FB
:10A040008320C101130101026FF05FE82324A10006
:10A05000130504002326C100EFA09FA40326C1001E
:10A06000832581006FF0DFFA9377350093F6F50FC3
:10A07000638A07029307F6FF630E06021306F0FFDA
:10A080006F0080011305150013773500630E07007C
:10A090009387F7FF6380C70203470500E314D7FEE9
:10A0A0006780000093070600130730006368F7001D
:10A0B00063900706130500006780000093F5F50F15
:10A0C00013978500B305B70013970501B708FFFE86
:10A0D00037888080B385E5009388F8EF1308080877
:10A0E000130330006F0000019387C7FF130545007D
:10A0F000E370F3FC0327050033C7E50033061701BF
:10A100001347F7FF3377E60033770701E30E07FCC9
:10A11000B307F5006F00C00013051500E38CA7F826
:10A1200003470500E31AD7FE67800000130101FF13
:10A130002326110023229100630E0602B735018009
:10A140009385C580130506002324810013040600AF
:10A15000EF00802CB73401806312050203248100D4
:10A16000138584808320C1008324410013010101F1
:10A1700067800000B73401806FF09FFE9385848074
:10A1800013050400EF004029E30A05FCB715018020
:10A190009385C5A813050400EF000028E30005FC23
:10A1A00003248100130500006FF0DFFB03C581E885
:10A1B00067800000130101FF232611002322910074
:10A1C000638E05022324810013840500B7350180C6
:10A1D0009385C58013050400EF000024B734018087
:10A1E0006312050203248100138584808320C1004B
:10A1F000832441001301010167800000B73401800E
:10A200006FF09FFE9385848013050400EF00C0204B
:10A21000E30A05FCB71501809385C5A81305040062
:10A22000EF00801FE30005FC0324810013050000FC
:10A230006FF0DFFB1305050F67800000138501E554
:10A2400067800000138501E567800000130101FFAE
:10A2500013870500232481002322910013040500A5
:10A2600093050600130507002326110023AE01F411
:10A27000EF600FA89307F0FF630CF5008320C10087
:10A280000324810083244100130101016780000041
:10A2900083A7C1F5E38407FE8320C1002320F400D7
:10A2A0000324810083244100130101016780000021
:10A2B000130101FF232481002322910013040500D0
:10A2C000138505002326110023AE01F4EF604FA88B
:10A2D0009307F0FF630CF5008320C1000324810085
:10A2E00083244100130101016780000083A7C1F5A9
:10A2F000E38407FE8320C1002320F40003248100AF
:10A3000083244100130101016780000063F6A50268
:10A310003387C5006372E502B307C5006306060410
:10A320008346F7FF9387F7FF1307F7FF2380D700D4
:10A33000E318F5FE678000009307F00063E8C702AA
:10A34000930705009306F6FF6302060C938616003A
:10A35000B386D70003C705009387170093851500C0
:10A36000A38FE7FEE398D7FE67800000B367B500D0
:10A3700093F7370063960708930806FF93F808FFE2
:10A3800093880801B306150113870500930705009C
:10A3900003280700130707019387070123A807FF76
:10A3A000032847FF23AA07FF032887FF23AC07FFE3
:10A3B0000328C7FF23AE07FFE39CD7FC1378C60032
:10A3C000B38515011377F600630408041308C7FF6B
:10A3D0001378C8FF13084800B387060113870500E8
:10A3E00083280700938646001307470023AE16FF15
:10A3F000E398F6FE13763600B38505016FF09FF4FF
:10A400009306F6FF930705006FF05FF46780000086
:10A41000130607006FF01FF33367B5009303F0FFD7
:10A420001377370063100710B7877F7F9387F7F79D
:10A430000326050083A60500B372F6003363F60019
:10A44000B382F200B3E26200639272106316D60820
:10A450000326450083A64500B372F6003363F60079
:10A46000B382F200B3E26200639E720C6316D606FA
:10A470000326850083A68500B372F6003363F600D9
:10A48000B382F200B3E262006398720C6316D604E2
:10A490000326C50083A6C500B372F6003363F60039
:10A4A000B382F200B3E262006392720C6316D602CA
:10A4B0000326050183A60501B372F6003363F60097
:10A4C000B382F200B3E26200639C720A1305450195
:10A4D00093854501E30ED6F4131706019397060101
:10A4E000631EF7001357060193D706013305F740A3
:10A4F0009375F50F639005026780000013570701FD
:10A5000093D707013305F7409375F50F6394050062
:10A51000678000001377F70F93F7F70F3305F740C5
:10A52000678000000346050083C60500130515007B
:10A53000938515006314D600E31606FE3305D64056
:10A54000678000001305450093854500E31CD6FC99
:10A5500013050000678000001305850093858500C2
:10A56000E312D6FC13050000678000001305C50048
:10A570009385C500E318D6FA130500006780000034
:10A580001305050193850501E31ED6F813050000A8
:10A5900067800000130101FE232A91008327050133
:10A5A00083A40501232E110063C0971C9384F4FF3C
:10A5B00013932400232C81001384450123263101A9
:10A5C00023244101B3096400130A450183A709004C
:10A5D00033036A00032703002328210123225101AA
:10A5E000938717003359F702930A0500636AF70A45
:10A5F000370501009308040013080A00930E0000B9
:10A60000930600001305F5FF03A70800032E0800BA
:10A61000130848003376A70013570701B377AE003D
:10A62000135E0E0193884800330626033307270381
:10A630003306D601B37EA600B387D7411356060171
:10A64000B387D70093D60741B3F7A7003307C700F6
:10A650003376A700B386C640B386C60113960601BB
:10A66000B3E7C700232EF8FE935E070193D6064199
:10A67000E3FC19F983270300639407021303C3FF64
:10A6800063686A006F0080019384F4FF63786A0056
:10A69000832703001303C3FFE38807FE23A89A0060
:10A6A00013850A00EF20401C634C050837050100A4
:10A6B00093050A00130700001305F5FF83A60500A4
:10A6C0000326040093854500B3F7A6003378A6005F
:10A6D000B3870741B387E70013D707411356060135
:10A6E00093D606013307C7403307D70093160701F7
:10A6F000B3F7A700B3E7D7001304440023AEF5FE79
:10A7000013570741E3FC89FA93972400B307FA0033
:10A7100003A70700631407029387C7FF6368FA0063
:10A720006F0080019384F4FF6378FA0003A70700A9
:10A730009387C7FFE30807FE23A89A0013091900AF
:10A74000032481018320C1018329C100032A8100E0
:10A75000832A4100832441011305090003290101D3
:10A7600013010102678000008320C101832441019D
:10A770001305000013010102678000000323850315
:10A78000130101F4232C810A232A910A2328210B87
:10A790002322510B2326B109232E110A2326310B24
:10A7A000232EE100232AF100232811012326B102E0
:10A7B0002324C10013040500938D050093040600B3
:10A7C000938A060013090800630203020327C503E6
:10A7D0009307100093050300B397E7002322E300DB
:10A7E0002324F300EF10006C232C0402938904004F
:10A7F0009306000063DC04009394140093D71400C4
:10A800002324F10093890700930610003707F07F97
:10A810002320D900B3F6E9006388E6608324810031
:10A8200013850D00130600009385040093060000B5
:10A830002320B10323229102EF404066631A0504EE
:10A8400003274101930710002320F700032701018C
:10A8500063080700B72701809387D74F2320F700AD
:10A86000B72901809389C94F8320C10B0324810B31
:10A870008324410B0329010B832A410A832DC1083C
:10A88000138509008329C10A1301010C67800000A8
:10A8900013860400130781079306C10793850D00F3
:10A8A000130504002324410B2320610B232E71097F
:10A8B000232C8109232A91092328A10913D94901AD
:10A8C000EF20403E930405006312095A832B810751
:10A8D0000329C1079307000233892B01130729437A
:10A8E000E3D0E73293070004B387E740130529411B
:10A8F000B397F90033D5AD0033E5A700EF50501AF8
:10A90000B70710FE9306100013070500B387B700C2
:10A910001309F9FF2324D10403A601EF83A641EF15
:10A920001305070093850700EF40106E03A681EF23
:10A9300083A6C1EFEF40C07F03A601F083A641F0DC
:10A94000EF308050130A05001305090093890500B4
:10A95000EF50900903A681F083A6C1F0EF40407D3F
:10A96000130605009386050013050A009385090068
:10A97000EF30804D130B050093890500EF50807E6A
:10A98000130A05009385090013050B001306000048
:10A9900093060000EF4040696350050213050A006A
:10A9A000EF50900413060B0093860900EF40004F10
:10A9B0003335A000330AAA4033892B419307600145
:10A9C000130BF9FFE3E8471D3737018093173A006F
:10A9D0001307878BB387E70003A6070083A647000A
:10A9E0000325010283254102EF400064E35A051E5E
:10A9F000130AFAFF232E0102232C0100634C0B489B
:10AA000063540A4A8327810123244103B3874741C2
:10AA1000232CF100B3074041232CF102930790004F
:10AA2000130A000063EC574993075000E3D0571F07
:10AA3000938ACAFF9307300013090000E388FA6283
:10AA4000E3D0575F93074000E390FA52930710005A
:10AA50002328F1020326C101E352C0602326C1046A
:10AA6000130C0600930670011307100093074000B3
:10AA700063C4C6006F10802F939717009386470119
:10AA80009305070013071700E378D6FE232EB402C0
:10AA900013050400EF10C035930905006314050089
:10AAA0006F10002B232CA4029307E00063E6874F6E
:10AAB0006304094E83268102E35AD05E93F7F600C1
:10AAC000373701801307878B9397370093DC464015
:10AAD000B387E70093F60C0103A8070003A747001C
:10AAE000E3880652B737018003A6879C83A6C79CDC
:10AAF00003250102832541022328E10423200105C7
:10AB0000EF301041032801040327010593FCFC00EA
:10AB100013030500138D050013093000638C0C042A
:10AB2000B73B018023208104938B8B9A1304090087
:10AB3000930507001309030093F71C00638E0700B9
:10AB400003A60B0083A64B00130508001304140092
:10AB5000EF40005E1308050093DC1C40938B8B00D4
:10AB6000E39C0CFC130309001309040003240104F3
:10AB7000138705009306070013060800130503005A
:10AB800093050D00EF30D0381307050093870500BB
:10AB90008326C1036388060203A601F183A641F15F
:10ABA00013050700938507002328E1042320F104FF
:10ABB000EF40804783270104032701056354050004
:10ABC0006F100001130509002320F1062320E10482
:10ABD000EF50806103270104832701061306070055
:10ABE000938607002328E1042320F104EF4040541A
:10ABF00003A601F283A641F2EF300025B706C0FCA0
:10AC00008327010403270105930C0500B38BB600CD
:10AC1000630E0C3283268102232081072324D10670
:10AC200013050700938507002328E1042320F1047E
:10AC3000EF50405383270106373601801309050082
:10AC40009386F7FF939636009307868BB386D700DB
:10AC500003A846002326F10683A70600232E01053C
:10AC600023229107232CF104EF50005803270105FC
:10AC700083270104130605009386050013050700CA
:10AC800093850700EF40503803270103138D190007
:10AC9000130309032320A105930C05001373F30F7D
:10ACA000E304075A03A501F3032681058326C105A2
:10ACB0002320B10483A541F323286104EF305025FC
:10ACC0000326410693860B00EF40103483280104CD
:10ACD0000323010513860C00938608002380690076
:10ACE00013090500938B0500EF400024832801041D
:10ACF0006354A0006F00507883A701F103A841F1CD
:10AD0000232C41052328F104232A010503A8C1F1BE
:10AD100083A781F123226107232681072320F104E1
:10AD200093070000032C010623220105138B070063
:10AD300023205107138A08006F000009130B1B0022
:10AD400063448B016F00507803260104832641047D
:10AD50001305090093850B00EF40803D0326010495
:10AD60008326410413090500938B050013850C000D
:10AD700093050A00EF40C03B938C0500930A050041
:10AD8000EF50403E130A0500EF5000461306050041
:10AD90009386050013850A0093850C00EF40D026AA
:10ADA00093070A031306090093860B002300FD0096
:10ADB000130D1D00930C0500138A0500EF40C026FB
:10ADC000635405006F00506B032501058325410581
:10ADD00013860C0093060A00EF40102313060900A7
:10ADE00093860B00EF404024E35A05F48327810645
:10ADF000930B0D00138C1700130690036F00800057
:10AE0000E386796583C6FBFF138D0B00938BFBFFF5
:10AE1000E388C6FE9386160093F6F60F2380DB00C8
:10AE2000930D0C006F00004D832641013727000071
:10AE30009397C9001307F77093D7C70023A0E600C4
:10AE4000B3E7B7016380070A83270101B73901809F
:10AE500093890982E38A07A0B737018093873782F5
:10AE6000032701012320F7006FF01FA08327410271
:10AE7000B706F03F832B81079397C70093D7C7008E
:10AE800003270102B3E7D700130919C023240104E3
:10AE90006FF09FA893071000B3872741232CF10080
:10AEA000130B0000E3400AB623244103232C0102C4
:10AEB00093079000330B4B01E3F857B7930710004B
:10AEC00013091000930A00002328F102130CF0FF6D
:10AED000232E0100232E0402232681059305000062
:10AEE0006FF01FBB83270101B73901809389498126
:10AEF000E38C0796B73701809387C7816FF05FF6C1
:10AF0000130509002320F1062320E104EF50C02D92
:10AF10000327010483270106130607009386070011
:10AF20002328E1042320F104EF40802003A601F24E
:10AF300083A641F2EF205071832701040327010506
:10AF4000B706C0FC930C0500B38BB60003A681F2D4
:10AF500083A6C1F21305070093850700EF40D00ACE
:10AF600013860C0093860B00130D05001389050052
:10AF7000EF30907BE342A04EB7070080B3C7770164
:10AF800013860C0013050D00938607009305090036
:10AF9000EF408009634805068327C10763CE071881
:10AFA000832681021307E0006348D71883278102B4
:10AFB000373701801307878B93973700B387E700F4
:10AFC00003AA070083AA47008327C10163D80704A7
:10AFD0006346800563180C0203A681F283A6C1F2C2
:10AFE00013050A0093850A00EF408014130605003C
:10AFF000938605000325010283254102EF40C0022C
:10B00000E34CA044138D0900232001021309000022
:10B010008327C10193CDF7FF6F0040699387190023
:10B020002320F104032B01020329410213060A0025
:10B0300093860A0013050B0093050900EF30406D5D
:10B04000EF504012130D0500EF50001A13060A00CE
:10B0500093860A00EF40C00D130605009386050095
:10B0600013050B0093050900EF40007A93070D03C9
:10B070002380F90013061000832B01041307050039
:10B0800093860500E30CCC0C83A781F103A8C1F1E2
:10B09000930D10002324F100232601016F00000608
:10B0A00013060A0093860A0013050B009305090096
:10B0B000EF300066EF50000B130D0500EF50C0128B
:10B0C00013060A0093860A00EF4080069386050067
:10B0D000130605009305090013050B00EF40C0722D
:10B0E000938B1B0093070D03938D1D00A38FFBFE15
:10B0F0001307050093860500E302BC0703268100C1
:10B10000938506008326C10013050700EF40400227
:10B110001306000093060000130B050013890500B9
:10B12000EF30D057E31E05F683278102138D0B0005
:10B13000938D17006F00001C032701036316072679
:10B14000832B8103832C8101232801021309000032
:10B1500063820C026350600393870C0063449B6717
:10B1600003278101B38CFC40330BFB403307F740CE
:10B17000232CE100832781036382070283270103D5
:10B1800063840700E39C0B06032681039385040078
:10B1900013050400EF10403F9304050093051000D1
:10B1A00013050400EF1000102320A102631C0A50B5
:10B1B0009307100063DC5755B387670193F7F701D6
:10B1C0006380071E130700023307F7409306400011
:10B1D00063D4E6581307C001B307F7400327810182
:10B1E000B38CFC00330BFB003307F700232CE1008A
:10B1F000832781016340F014635C600183250102B1
:10B2000013060B0013050400EF10004D2320A102CC
:10B210008327C103639C071263548045832701037E
:10B220006390072683278102938D1700832A0102EA
:10B23000130A10006F0000029385040093060000BB
:10B240001306A00013050400EF0010489304050046
:10B25000130A1A0093850A0013850400EFF08FB3D8
:10B26000930B0503B3874901A38F77FFE3468AFD5C
:10B27000130A100063448055338A4901930A000081
:10B28000938504001306100013050400EF10C0445A
:10B290008325010293040500EF10005D635EA04E5C
:10B2A000930690036F008000638A495F8347FAFF2B
:10B2B000130D0A00130AFAFFE388D7FE93871700DD
:10B2C0002300FA008325010213050400EF00903DDE
:10B2D00063020902638A0A0063882A0193850A00CF
:10B2E00013050400EF00103C93050900130504004A
:10B2F000EF00503B9385040013050400EF00903AE3
:10B300008327410123000D0023A0B70183270101FA
:10B310006384070023A0A701032A810A032B010AE3
:10B32000832BC109032C8109832C4109032D0109B9
:10B330006FF08FD393850400138607001305040074
:10B34000EF108039930405006FF01FEB8325010295
:10B3500013850400EF104051E35005EC8327810270
:10B3600093850400930600001306A0001305040053
:10B37000138BF7FFEF00503583270103930405007B
:10B38000639E070C032CC104E35A8015832D8102B0
:10B390006FF0DFE993071000232EF1026FF0CFE585
:10B3A0009307C0016FF09FE3130710006354574DDC
:10B3B00083278103930BFCFF63CA7741B38B7741EB
:10B3C00083278101B38C8741E3500C0E9305100055
:10B3D00013050400EF00106D130905006FF05FD72F
:10B3E000232E0102232C0100E34020AD930710001F
:10B3F000B3872741232CF100130B00006FF0DFAA65
:10B40000B387E7403395FD006FF04FCF93073000CF
:10B4100013091000638CFA4463C657E393072000B6
:10B42000E38CFA14232E0402930500001305040094
:10B43000EF00101C93090500E30C051093071000A2
:10B440002328F1029307F0FF232CA4022326F10402
:10B45000130CF0FF232E01006FF01FB493050900B9
:10B46000930600001306A00013050400EF00D0258A
:10B47000032CC10413090500E3568009232461034A
:10B48000635C90019305090013860C00130504000A
:10B49000EF10802413090500130B0900631E0A50E6
:10B4A0008327C102138DF9FF938C0900232C3101EE
:10B4B0008329010293F71700330D8D012324F10036
:10B4C000232EB1019385090013850400EFF08F8CC2
:10B4D000130C05009305090013850400EF10C03814
:10B4E000130A050013060B009385090013050400D9
:10B4F000EF10003D0327C500930B0C03930D0500CF
:10B50000631C07089305050013850400EF10C03580
:10B510001307050093850D0013050400930D070024
:10B52000EF005018B3E65D01639A060E8327810091
:10B53000638A077463420A7623807C01138A1C00A5
:10B5400063049D6793850400930600001306A00022
:10B5500013050400EF005017930405009306000044
:10B560001306A0009305090013050400630E690982
:10B57000EF00901593050B001309050093060000DA
:10B580001306A00013050400EF001014130B0500B0
:10B59000930C0A006FF01FF39305050013050400D8
:10B5A00083298101832DC101EF00D00F634A0A0076
:10B5B00013F71D00336A5A0133674701631E0706FC
:10B5C000938504001306100013050400EF10C0104B
:10B5D0008325010293040500EF1000296358A0247D
:10B5E00013079003638CEB24930B1C0383278102C6
:10B5F000930A0900138D1C0023807C01938D170092
:10B6000013090B006FF01FCCEF00100C130905009D
:10B61000130B0500930C0A006FF0DFEA63440A7213
:10B6200083278100336A5A0133EA4701630C0A70A9
:10B63000E354B0F183298101130790036380EB2069
:10B640000327810293871B00930A0900138D1C00B6
:10B65000930D17002380FC0013090B006FF09FC6A9
:10B6600093072000E3DC57BB138D0900E3120C9A0B
:10B670008325010293060000130650001305040001
:10B68000EF009004930505002320A1021385040018
:10B69000EF10801DE35EA096930710032380F9004E
:10B6A00083278102138D1900938D170083250102D2
:10B6B00013050400938D1D00EF00C07EE31609C240
:10B6C0006FF05FC39305050013060A00130504001D
:10B6D000EF00906B930710002320A10263DE571147
:10B6E000130A00000327010283270701938737000D
:10B6F00093972700B307F70003A54700EF00102535
:10B7000093070002B387A7406FF01FAB8327C102E6
:10B7100063900704832781009397C700639A070209
:10B72000832681009307000013D746011377F77F24
:10B73000630C070083278101130B1B0093871700FD
:10B74000232CF10093071000631C0A54138A07008E
:10B75000930710006FF05FA6E30CD7A81307C00390
:10B76000B307F7406FF09FA793071000930A5000AC
:10B770002328F1028327C10103278102B387E70051
:10B78000138C17002326F10413060C00634C80ADC4
:10B79000130610006FF00FAD6316050093F71B0042
:10B7A000E39007B0930600038347FAFF130D0A00E6
:10B7B000130AFAFFE38AD7FE6FF0DFB0130A0C001A
:10B7C0006FF09FAB93070B006FF09F998327810366
:10B7D00003278101232C7103B387FB40330AFA004E
:10B7E000B3078701930C0700330B8B01232CF10067
:10B7F000930B00006FF09FBD8327C102E39207EE19
:10B80000832781009397C700E39C07EC6FF05FF1FB
:10B8100003230102032D4102130920006FF00FB032
:10B82000930A2000232801026FF0CFA2E31005DC69
:10B8300013F71B00E31607DA6FF05FDB9307900343
:10B840002380FC0083278102930A0900138A1C00CD
:10B85000938D170013090B006FF09FA4930710003E
:10B86000130C1000232EF1006FF0CFE62328010205
:10B870006FF05FF003278104630407300327810121
:10B8800093873743330BFB00B307F700832B810308
:10B89000930C0700232CF1006FF05FB393071003A4
:10B8A0002380F900938D1D006FF0DFA183278102B3
:10B8B00063880730B30BF04093F7FB003737018004
:10B8C0001307878B93973700B387E70003A607001A
:10B8D00083A64700032501028325410293DB4B40E9
:10B8E000EF301005138D050063880B42130920000B
:10B8F000B73C018023208104938C8C9A13040900A7
:10B9000013070500130600001309050093F61B003A
:10B910006380060203A60C0083A64C0013050700F3
:10B9200013041400EF30D0001307050013061000B5
:10B9300093DB1B40938C8C00E39A0BFC13050900EE
:10B94000938705001309040003240104631206A46D
:10B950001307050093070D006FF08FA39385060072
:10B960001306070013050700EF20004E832781020E
:10B9700013060A0093860A00938D1700130B050027
:10B9800013890500138C0D00EF30005A6346A0C6E2
:10B9900013050B009305090013060A0093860A009D
:10B9A000EF30C04F63160500137D1D0063160DC4F4
:10B9B000138D0B006FF01F948325490013050400BD
:10B9C000EF000043130A0500630005360326090152
:10B9D0009305C9001305C50013062600131626009B
:10B9E000EFA0CF811306100093050A001305040091
:10B9F000EF00904E130B05006FF09FAA930509000E
:10BA000013860B0013050400EF00103813860400A2
:10BA1000930505001309050013050400EF009013BA
:10BA20009307050093850400130504009384070021
:10BA3000EF00404783278103B3877741232CF1022E
:10BA4000638E07F46FF04FF4032681058326C1054A
:10BA5000032541062328B10493850B0023286102A6
:10BA6000EF30006D032301038327010693061000C6
:10BA7000238069002324A10483280105138905007C
:10BA8000B38BF900638CD72683A781F103A8C1F19A
:10BA9000232891042328F102232A0103232081066D
:10BAA00013850C00938508000326010383264103B8
:10BAB000130D1D00EF30C0671384050093040500CB
:10BAC000EF40406A930C0500EF400072130605003A
:10BAD000938605001385040093050400938C0C03E2
:10BAE000EF309052A30F9DFFE390ABFD832401053F
:10BAF00003240106930C05009388050003A601F3B7
:10BB000083A641F30325810493050900232811032B
:10BB1000EF2080338328010313860C0093860800EE
:10BB2000EF308050634C05180326810403A501F310
:10BB300083A541F393060900EF30104D83280103DC
:10BB400013860C0093860800EF30003E634CA01073
:10BB50008327C10763C607DE032781029307E0003E
:10BB600063C0E7DE832781020327C106939737006E
:10BB7000B307F70003AA070083AA47006FF08FCA34
:10BB8000032781078326810193076003B387E7407A
:10BB9000330BFB00B387F600832B8103938C0600E5
:10BBA000232CF1006FF09F8283278102930A090002
:10BBB00083298101938D170013090B006FF04FEC5F
:10BBC0000327010283274102130920006FE05FFC75
:10BBD00063080CB2032DC1046350A0BD9385070018
:10BBE0008327810283A6C1F103A681F19387F7FF22
:10BBF000130507002324F106EF30805313070500D7
:10BC0000130519002328E1042320B104EF40C05D8F
:10BC10000327010583270104130607009386070005
:10BC2000EF30005103A601F283A641F2EF20C021BC
:10BC3000B706C0FC8327010403270105930C050008
:10BC4000B38BB6002320A1076FE09FFD930610037E
:10BC5000130C1C006FF08F9C2320010213090000BD
:10BC60006FF09FA31306000383C7FBFF138D0B0028
:10BC7000938BFBFFE38AC7FE83278106938D170012
:10BC80006FF04FE71307900383298101E388EBBA34
:10BC9000E34C40956FF09F95832981016FF01F95CC
:10BCA000138A07006FF01FA4938C0700B3878701E6
:10BCB000330B8B01232CF1006FF04FF183278106AA
:10BCC000138C17006FF04F93032A8105032B410655
:10BCD000032CC106832A01066FF00FAC93072000E6
:10BCE00063C85701832D8102032CC1046FF00FD468
:10BCF000032CC104232461036FF01F97832B0104DD
:10BD00006FF0DFDF93072000E3C457FF032CC1046B
:10BD1000232461036FF0CFF6130705009387050016
:10BD2000130920006FE0DFE6B73601803735018068
:10BD300093864682130600009305F02E1305858333
:10BD4000EF10D01683298101E34CB0876FF01F8A72
:10BD5000B73601803735018093864682130600008E
:10BD60009305F01A13058583EF105014232E040257
:10BD7000930500006FE0DFD1232801026FE09FCD23
:10BD800083A741E46780070063800502630206041D
:10BD9000638806048347060023A0F50003450600D8
:10BDA0003335A00067800000130101FF9305C10037
:10BDB00063040602638A06028347060023A0F50097
:10BDC000034506003335A000130101016780000020
:10BDD0001305000067800000130500006FF0DFFE10
:10BDE0001305E0FF678000001305E0FF6FF0DFFD43
:10BDF00083274504130101FF23248100232291009E
:10BE0000232611001304050093840500638C0702A8
:10BE100013972400B387E70003A507006304050414
:10BE20000327050023A0E70023280500232605009B
:10BE30008320C100032481008324410013010101F8
:10BE4000678000001306100293054000EF10900C6D
:10BE50002322A40493070500E31C05FA1305000040
:10BE60006FF01FFD232021011309100033199900E1
:10BE7000130659001316260093051000130504003D
:10BE8000EF105009630A05002324250123229500A1
:10BE9000032901006FF05FF9032901001305000079
:10BEA0006FF01FF96380050203A74500832745044F
:10BEB00013172700B387E70003A7070023A0E500B7
:10BEC00023A0B70067800000130101FE232A910020
:10BED00083A4050137030100232C810023282101BD
:10BEE00023263101232E1100138905009309050033
:10BEF0001384060013884501930800001303F3FF21
:10BF000083270800130848009388180033F7670058
:10BF10003307C70293D60701B386C602B30787006B
:10BF200013D70701B3F76700B386E600139706013E
:10BF3000B307F700232EF8FE13D40601E3C298FCE2
:10BF4000630204028327890063DEF40293874400BE
:10BF500093972700B307F90023A287009384140066
:10BF6000232899008320C1010324810183244101F6
:10BF70008329C100130509000329010113010102EE
:10BF800067800000832549001385090023244101AF
:10BF900093851500EFF0DFE5130A0500630E050435
:10BFA000032609019305C9001305C50013062600E1
:10BFB00013162600EF909FA40327490083A7490486
:10BFC00013172700B387E70003A707002320E90022
:10BFD00023A027019387440013090A0093972700A1
:10BFE000B307F900032A81009384140023A2870079
:10BFF000232899006FF01FF7B7360180373501808D
:10C0000093864682130600009305A00B130505874F
:10C01000EF10C069130101FE232C8100232A910037
:10C02000232821012326310123244101938906007D
:10C030009307900093868600232E1100B3C6F60264
:10C040001309050013840500130A06009304070072
:10C0500063DA370D930710009305000093971700DC
:10C0600093851500E3CCD7FE13050900EFF05FD8E8
:10C0700093050500630C050A930710002328F500BB
:10C08000232A95009307900063D847092322510182
:10C09000930A940093840A003304440183C6040085
:10C0A0001306A00013050900938606FDEFF0DFE1FB
:10C0B0009384140093050500E39284FE13048AFF21
:10C0C00033848A00832A410063563A03B389494185
:10C0D000B3093401834604001306A00013050900C8
:10C0E000938606FDEFF05FDE130414009305050050
:10C0F000E31234FF8320C101032481018324410121
:10C10000032901018329C100032A81001385050049
:10C1100013010102678000001304A400130A9000B9
:10C120006FF09FFA930500006FF01FF4B73601809F
:10C130003735018093864682130600009305300D43
:10C140001305058723225101EF1040569307050080
:10C15000370701001305000063F6E7009397070116
:10C16000130500013707000163F6E700130585009A
:10C17000939787003707001063F6E7001305450023
:10C18000939747003707004063EAE70093C7F7FF3C
:10C1900093D7F7013305F5006780000093972700D8
:10C1A00063CA070013971700634A070013050002CC
:10C1B0006780000013052500678000001305350027
:10C1C00067800000832705001307050093F67700BA
:10C1D0006384060293F6170013050000639E0604AD
:10C1E00093F627006388060A93D717002320F700E9
:10C1F00013051000678000009396070193D606018F
:10C2000013050000638E060693F6F70F638006069B
:10C2100093F6F7006382060493F637006384060200
:10C2200093F61700639C060093D7170013051500BB
:10C230006396070013050002678000002320F700C3
:10C240006780000093D7270093F617001305250099
:10C25000E39606FE6FF05FFD93D7470093F6370035
:10C2600013054500E39E06FA6FF0DFFD93D78700C4
:10C2700093F6F70013058500E39006FA6FF0DFFDF3
:10C2800093D7070193F6F70F13050001E39206F821
:10C290006FF0DFFD93D727002320F7001305200060
:10C2A0006780000083274504130101FF23248100D8
:10C2B0002322910023261100130405009384050016
:10C2C000638C070203A547006302050603270500E8
:10C2D00023A2E7008320C1000324810093071000FC
:10C2E000232A9500232605002328F50083244100F6
:10C2F000130101016780000013061002930540003E
:10C30000EF1040412322A40493070500E31C05FA23
:10C31000B7360180373501809386468213060000C8
:10C320009305501413050587EF1040381306C0011C
:10C330009305100013050400EF10C03DE30A05FC4F
:10C34000930710002322F500930720002324F50013
:10C350006FF05FF8130101FE23282101232631012C
:10C3600003A9050183290601232A91002324410101
:10C37000232E1100232C8100138A0500930406004C
:10C38000634C390113870900938405009309090060
:10C39000130A06001309070083A7840083A544003D
:10C3A00033842901B3A78700B385F500EFF05FA4BC
:10C3B000630E051A1303450193182400B3081301F3
:10C3C000930703006378130123A0070093874700B6
:10C3D000E3EC17FF13084A01131E2900938E440152
:10C3E00093952900330EC801B385BE006376C81348
:10C3F00093875401130F400063F0F516B706010050
:10C400009386F6FF6F00800193DF0F0163980F089A
:10C4100013084800130343006370C811832F0800FA
:10C42000B3F3DF00E38203FE93020300938F0E0059
:10C430009304000083A70F0003A60200938242002A
:10C4400033F7D7003307770293D707013379D60044
:10C4500013560601938F4F00B387770233072701E6
:10C4600033079700935407013377D700B387C7008A
:10C47000B3879700139607013367E60023AEE2FE09
:10C4800093D40701E3E8BFFAB307E30123A09700C1
:10C49000832F080093DF0F01E38C0FF603270300BF
:10C4A0009302030013860E00930407009303000019
:10C4B0008327060093D904013377D700B3F7D70059
:10C4C000B387F70383A44200938242001306460019
:10C4D00033F9D400B3877700B3873701939307010B
:10C4E00033E7E30023AEE2FE0357E6FF93D70701ED
:10C4F0003307F703330727013307F7009353070187
:10C50000E368B6FAB307E30123A0E7001308480085
:10C5100013034300E364C8F1634880006F008001A7
:10C520001304F4FF6308040083A7C8FF9388C8FFBF
:10C53000E38807FE8320C1012328850003248101AD
:10C5400083244101032901018329C100032A8100B9
:10C550001301010267800000B38795409387B7FEFF
:10C5600093F7C7FF138F47006FF05FE9B73601807D
:10C570003735018093864682130600009305201606
:10C5800013050587EF108012130101FE232C810093
:10C590002328210123263101232E11009377360011
:10C5A000130406009309050013890500639C070A1C
:10C5B00013542440630A0406232A910083A4090427
:10C5C0006386040C9377140063900702135414409D
:10C5D000630A040403A5040063060506930405002A
:10C5E00093771400E38407FE138604009305090083
:10C5F00013850900EFF01FD66300090203274900E5
:10C6000083A7490413172700B387E70003A7070090
:10C610002320E90023A02701135414401309050027
:10C62000E31A04FA832441018320C1010324810118
:10C630008329C10013050900032901011301010227
:10C6400067800000138604009385040013850900A9
:10C65000EFF05FD023A0A400232005009304050081
:10C660006FF01FF89387F7FF373701801307878A2A
:10C6700093972700B307F70003A60700930600006F
:10C68000EFF09F84130905006FF09FF293051000EF
:10C6900013850900EFF0CFF5930405006300050250
:10C6A00093071027232AF500930710002328F5008D
:10C6B00023A0A904232005006FF0DFF0B736018026
:10C6C0003735018093864682130600009305501487
:10C6D00013050587EF00907D130101FE2322510110
:10C6E00083AA050183A7850023263101935956406B
:10C6F000B38A5901232C8100232A91002328210188
:10C7000023244101232E110013891A00938405006C
:10C710001304060083A54500130A050063D827010A
:10C720009397170093851500E3CC27FF13050A00A4
:10C73000EFF00FEC630C0510130845016354300350
:10C74000938959009399290033073501930708000D
:10C750009387470023AE07FEE39CE7FE9389C9FE5B
:10C760003308380183A80401938744011376F40148
:10C7700093982800B38817016304060A9305000202
:10C78000B385C540130308009306000003A7070004
:10C7900013034300938747003317C7003367D7005D
:10C7A000232EE3FE83A6C7FFB3D6B600E3E017FF50
:10C7B000938754011307400063EAF800B387984059
:10C7C0009387B7FE93F7C7FF138747003308E80046
:10C7D0002320D8006394060013890A0003A74400AD
:10C7E00083274A048320C10113172700B387E7007A
:10C7F00003A70700232825010324810123A0E400C7
:10C8000023A0970003290101832441018329C1004A
:10C81000032A8100832A410013010102678000007E
:10C8200003A707009387470013084800232EE8FE5C
:10C83000E3F417FB03A7070093874700130848009A
:10C84000232EE8FEE3EE17FD6FF01FF9B7360180E7
:10C850003735018093864682130600009305E01D5C
:10C8600013050587EF0090640327050183A70501E1
:10C87000130805003305F7406312F7049397270068
:10C8800013084801938545013307F800B387F50085
:10C890006F0080006374E8020326C7FF83A6C7FF0A
:10C8A0001307C7FF9387C7FFE306D6FE13051000E3
:10C8B0006376D6001305F0FF6780000067800000F4
:10C8C00003A7050183270601130101FF232481002B
:10C8D0002322910023261100232021011384050027
:10C8E00093040600B306F740631EF71893962700DB
:10C8F0001386450113874401B307D6003307D700D9
:10C900006F008000637CF61883A5C7FF8326C7FFEE
:10C910009387C7FF1307C7FFE386D5FE13091000EF
:10C9200063EAD50093870400130900009304040010
:10C930001384070083A54400EFF08FCB6306051A2C
:10C9400083A8040183220401938F440113932800D8
:10C95000130844019392220093054501370E01000C
:10C960002326250133836F00B3025800138F05007F
:10C97000938E0F0093060000130EFEFF03A70E0018
:10C9800003260800130F4F00B377C701B373C60126
:10C99000B3877740B387D7001357070113560601B3
:10C9A00093D607413307C7403307D70093160701D3
:10C9B000B3F7C701B3E7D70013084800232EFFFEE3
:10C9C000938E4E0093560741E36A58FA13075401B9
:10C9D000338482401304B4FEB3B2E20013CF1200DA
:10C9E00013542400130740006384020AB38FEF003E
:10C9F0003388E500B70E0100130E080013860F0000
:10CA0000938EFEFF63F46F0C83270600130E4E0017
:10CA10001306460033F7D7013307D70093D5070134
:10CA2000135707413307B700B387D700B3F7D701D0
:10CA300093160701B3E7D700232EFEFE9356074156
:10CA4000E36466FC1303F3FF3303F3411373C3FF83
:10CA500033076800639A07008327C7FF9388F8FFAE
:10CA60001307C7FFE38A07FE8320C1000324810068
:10CA7000232815018324410003290100130101012A
:10CA80006780000013091000E3DE06E86FF09FEAFC
:10CA900013071400131727006FF05FF593050000CC
:10CAA000EFF00FB5630005068320C1000324810069
:10CAB000930710002328F500232A05008324410052
:10CAC0000329010013010101678000001307000022
:10CAD00063160F003387E5006FF0DFF713172400AC
:10CAE0003387E5006FF01FF7B736018037350180D7
:10CAF000938646821306000093055024130505878C
:10CB0000EF00D03AB73601803735018093864682F0
:10CB1000130600009305702313050587EF001039F5
:10CB2000B707F07FB3F5B700B707C0FCB385F500D2
:10CB3000930700006356B00013850700678000006C
:10CB4000B305B04093D545419307300163CCB7009E
:10CB5000B7070800B3D5B740930700001385070057
:10CB6000678000009385C5FE1307E001930710005E
:10CB70006346B700B7070080B3D7B700930500003E
:10CB80001385070067800000130101FE232A91002E
:10CB900083240501232C8100130445019394240070
:10CBA000B30494002328210103A9C4FF23263101E3
:10CBB000232441011305090093890500232E110048
:10CBC000EFF0CFD813070002B307A74023A0F90066
:10CBD0009307A000138AC4FF63DCA708130655FF60
:10CBE0006370440583A784FF630C0604B306C74043
:10CBF00033D7D7003319C9003369E900938584FF1F
:10CC00003707F03F3367E900B397C700637EB4028C
:10CC100003A644FFB356D600B3E7D7006F00C002A7
:10CC20009307B000630CF5003319C9003707F03FD4
:10CC30003367E900930700006F00000193070000CD
:10CC40003707F03F3367E9008320C10103248101E6
:10CC500083244101032901018329C100032A8100A2
:10CC60001385070093050700130101026780000088
:10CC70009306B000B386A640B707F03F3357D900FC
:10CC80003367F700930700006376440183A784FFAE
:10CC9000B3D7D700130555013319A900B367F900BD
:10CCA0006FF09FFA130101FD232A5101938A0500B9
:10CCB0009305100023229102232E3101232C4101E0
:10CCC000232611022324810223202103930406003A
:10CCD000138A060093090700EFF08F916302051095
:10CCE0003707100013D944019307F7FF1379F97F31
:10CCF00013040500B3F7970063040900B3E7E700E6
:10CD00002326F10063920A061305C100EFF08FCBD2
:10CD10000327C1009304100023289400232AE40071
:10CD200093070502630809081309D9BC3309F90000
:10CD30009304500323202A013385F44023A0A90043
:10CD40008320C102130504000324810283244102CD
:10CD5000032901028329C101032A8101832A410198
:10CD60001301010367800000130581002324510192
:10CD7000EFF04FC50327C10093070500630E0504BC
:10CD80000326810093060002B386A640B316D7009F
:10CD90003357A700B3E6C6002326E100B334E00012
:10CDA00093841400232AD400232CE4002328940025
:10CDB000E31C09F6139724003307E4000325070159
:10CDC0009387E7BC2320FA00EFF04FB89394540008
:10CDD0003385A4406FF09FF6832681006FF01FFC1F
:10CDE000B7360180373501809386468213060000EE
:10CDF0009305F03013050587EF00500B130101FD7B
:10CE000023202103138905009305810023261102A5
:10CE10002324810223229102232E3101930905004C
:10CE2000EFF09FD693040500138405001305090055
:10CE30009305C100EFF05FD50327090183A709011E
:10CE40008326C100B387E7400327810093975700EB
:10CE50003307D740B387E70013070500635EF0028E
:10CE60009397470133848700938605001385040058
:10CE70009305040013060700EF1090098320C102F8
:10CE80000324810283244102032901028329C10171
:10CE9000130101036780000093974701B385F540B4
:10CEA0006FF09FFC130101FF2320210123261100B5
:10CEB000930770011309050063DAA70483A701F142
:10CEC00083A541F1232481002322910003A481F151
:10CED00083A4C1F1138507001306040093860400A0
:10CEE000EF2000251309F9FF93070500E31409FE5D
:10CEF000032481008320C100832441000329010011
:10CF00001385070013010101678000003737018096
:10CF1000131935001307878A330727018327070171
:10CF20008320C100832547010329010013850700E1
:10CF30001301010167800000832606019385F5FF38
:10CF400093D5554093851500930746019396260087
:10CF500093952500B386D700B305B50063F8D702D3
:10CF60001307050003A8070093874700130747002E
:10CF7000232E07FFE3E8D7FEB387C6409387B7FEAB
:10CF800093F7C7FF938747003305F5006378B50033
:10CF900013054500232E05FEE36CB5FE67800000F7
:10CFA0000327050113D65540930645016352C70276
:10CFB00013172700B387E60063F2F60403A7C7FF41
:10CFC0009387C7FFE30A07FE130510006780000080
:10CFD00093172600B387F600E350E6FE93F5F501BC
:10CFE000E38C05FC03A60700130510003357B600B9
:10CFF0003317B700E302E6FC67800000130500006A
:10D0000067800000130101FD2322910223261102F3
:10D01000930406006388051E232481022320210334
:10D0200013840500232E3101232A5101232C4101B1
:10D0300013090500EF708FF50327C4FF9387B40031
:10D0400093066001930A84FF9379C7FF63F2F61099
:10D0500013FA87FF63C2071063609A1063D2491303
:10D06000B737018023248101138C87BA03268C00F3
:10D07000B3863A0183A746006308D61C13F6E7FF80
:10D080003386C6000326460013761600631A06147C
:10D0900093F7C7FF3386F9006358460D13771700DF
:10D0A000631C070223267101832B84FF232861015F
:10D0B000B38B7A4103A74B001377C7FFB387E70011
:10D0C000338B3701635C4B33338BE90063584B2957
:10D0D000032B0101832BC100938504001305090074
:10D0E000EF60DFEF93040500630805408327C4FF6A
:10D0F000130785FF93F7E7FFB387FA006386E724FA
:10D100001386C9FF9307400263E4C72E130730015B
:10D11000636AC720930705001307040083260700EE
:10D1200023A0D7008326470023A2D7000327870028
:10D1300023A4E7009305040013050900EF805FDFD7
:10D1400013050900EF70CFE4032C81006F00C006C7
:10D15000130A0001E3749AF09307C0002320F9003A
:10D16000930400006F00400583A7C60003A7860054
:10D17000032C8100930906002326F70023A4E7006F
:10D1800083A74A00B38649411306F00093F71700BE
:10D1900033873A016362D608B3E7370123A2FA0066
:10D1A0008327470093E717002322F70013050900A0
:10D1B000EF700FDE93040400032481028320C10278
:10D1C000032901028329C101032A8101832A410124
:10D1D00013850400832441021301010367800000CA
:10D1E00013771700E31A07EE23267101832B84FFC0
:10D1F00023286101B38B7A4103A74B001377C7FF44
:10D200006FF09FEC8320C102832441029305060046
:10D21000130101036F609FDCB3E7470123A2FA000B
:10D22000B3854A0193E6160023A2D5008327470061
:10D23000938585001305090093E717002322F70063
:10D24000EF801FCF6FF09FF693F7C7FFB3863701CC
:10D2500013060A0163D0C62613771700E31E07E6FC
:10D2600023267101832B84FF23286101B38B7A412C
:10D2700003A74B001377C7FFB387E700338B370152
:10D28000E344CBE483A7CB0003A78B001386C9FF3D
:10D29000930640022326F70023A4E70093848B0023
:10D2A00063E4C62813073001938704006372C70242
:10D2B000032704009307B00123A4EB0003274400D5
:10D2C00023A6EB0063EAC7261304840093870B01AF
:10D2D0000327040023A0E7000327440023A2E7005C
:10D2E0000327840023A4E70033874B01330B4B4112
:10D2F0002324EC0093671B002322F70083A74B0035
:10D300001305090093F71700B3E7470123A2FB00B9
:10D31000EF700FC8032B0101832BC100032C810088
:10D320006FF09FE9832604001307B0012320D50086
:10D33000832644002322D500636EC714130784009C
:10D34000930785006FF09FDD8327C5FF032C8100C5
:10D3500093F7C7FFB389F9006FF09FE283A7CB0073
:10D3600003A78B001386C9FF930640022326F7000C
:10D3700023A4E70093848B0063E6C61013073001F3
:10D3800093870400637CC702032704009307B0015E
:10D3900023A4EB000327440023A6EB0063F8C71483
:10D3A0008327840023A8FB008327C40023AAFB0053
:10D3B000630CD60A1304040193878B01032704002E
:10D3C00023A0E7000327440023A2E70003278400EB
:10D3D00023A4E70093090B00938A0B00032B0101A0
:10D3E000832BC100032C8100138404006FF05FD9EC
:10D3F00093050400EFC09FF16FF0DFD383A7C60051
:10D4000003A786001386C9FF930640022326F70070
:10D4100023A4E70003A78B0083A7CB0093848B0092
:10D420002326F70023A4E70063EEC60413073001A8
:10D4300093870400E374C7F8032704009307B0013F
:10D4400023A4EB000327440023A6EB0063F0C70AE4
:10D45000032784009307400223A8EB000327C4009E
:10D4600023AAEB00E318F6F40327040193870B02C9
:10D470001304840123ACEB000327C4FF23AEEB00AD
:10D480006FF0DFF39305040013850400EFC01FE87D
:10D490006FF05FF4032784002324E5000327C40012
:10D4A0002326E5006304F60613070401930705012C
:10D4B0006FF0DFC6B38A4A01B386464123245C017C
:10D4C00093E7160023A2FA008327C4FF130509007F
:10D4D0009304040093F71700B3E74701232EF4FEEB
:10D4E000EF700FAB032C81006FF01FCD130484008D
:10D4F00093870B016FF09FEC13050900EF704FA9A4
:10D5000093040000032C81006FF01FCB83260401DD
:10D5100013078401930785012328D500832644013E
:10D52000232AD5006FF09FBF9305040013850400E4
:10D53000EFC0DFDD6FF05FDB8327840023A8FB00F3
:10D540008327C40023AAFB006308D6001304040148
:10D5500093878B016FF0DFD70327040193870B02BA
:10D560001304840123ACEB000327C4FF23AEEB00BC
:10D570006FF01FD683A701E467800700638405026C
:10D580009307F00F63E8C7002380C5001305100060
:10D59000678000009307A0082320F5001305F0FF23
:10D5A000678000001305000067800000130101FE82
:10D5B000232C8100232A9100232E110083A701E44C
:10D5C000130405009384060063820502E7800700C8
:10D5D0009307F0FF6306F5028320C1010324810154
:10D5E000832441011301010267800000130600003B
:10D5F00093054100E78007009307F0FFE31EF5FC69
:10D6000023A004009307A0088320C1012320F40075
:10D61000032481018324410113010102678000007A
:10D62000130101FE232C8100232A9100232E1100D7
:10D6300083A441F483A701E413040600630A0502EE
:10D640001386050093060400930505001385040066
:10D65000E78007009307F0FF630AF5028320C1010A
:10D66000032481018324410113010102678000002A
:10D67000930606009305410013060000138504007D
:10D68000E78007009307F0FFE31AF5FC232004006E
:10D690008320C101032481019307A00823A0F40083
:10D6A00083244101130101026780000003A741F4B4
:10D6B000130101FF938706001308060023261100BB
:10D6C0008328C7009306050013870500138607000B
:10D6D00063000802B7370180938747ADB7350180F3
:10D6E000938545AE13850800EF00C014EF00C01904
:10D6F000371801809307C8A81308C8A86FF01FFE49
:10D70000130101FF930606001306000023261100F3
:10D71000EFF0DFF9B3B7C502130101FF23261100B3
:10D7200023248100B385C5026390070AEF601F8B35
:10D73000130405006300050A0326C5FF1307400212
:10D740001376C6FF1306C6FF6368C704930630014D
:10D750009307050063F2C60223200500232205007B
:10D760009307B00163F8C7042324050023260500AE
:10D7700093070501630CE60623A0070023A2070018
:10D7800023A407008320C1001305040003248100A3
:10D79000130101016780000093050000EF804F989E
:10D7A0008320C1001305040003248100130101013B
:10D7B000678000009307850023A0070023A20700CD
:10D7C00023A407006FF01FFCEF00800B9307C0003D
:10D7D0002320F500130400008320C100130504007A
:10D7E0000324810013010101678000002328050044
:10D7F00093078501232A05006FF01FF8130101FC30
:10D800001303C1022326D10293060300232E110025
:10D810002328E102232AF102232C0103232E1103E2
:10D8200023266100EFA01FB58320C101130101046D
:10D8300067800000130E0500130101FC03A541F4ED
:10D84000130381022324C1022326D102138605007B
:10D850009306030093050E00232E11002328E102F6
:10D86000232AF102232C0103232E11032326610016
:10D87000EFA05FB08320C1011301010467800000A5
:10D8800003A541F467800000130101FF1305600048
:10D8900023261100EF00802A13051000EF205FC23D
:10D8A0008327851163860700130500006780000049
:10D8B000130101FF93050008232481002326110092
:10D8C00013040500EF608FF1232CA41063040502FC
:10D8D000930705082320050013054500E31CF5FE0A
:10D8E000130500008320C1000324810013010101FE
:10D8F000678000001305F0FF6FF0DFFE130101FEEB
:10D90000232A9100232E11009307F00193040500B0
:10D9100063ECB70283278511232C81001384050053
:10D92000638C070213142400B3878700032481014A
:10D9300003A5070023A0C7008320C1018324410160
:10D940001301010267800000930760012320F500A6
:10D950001305F0FF6FF05FFE930500082326C1005A
:10D96000EF60CFE723ACA4100326C10093070500A6
:10D970001307050093060508630A05002320070026
:10D9800013074700E31CD7FE6FF0DFF90324810182
:10D990001305F0FF6FF05FFA130101FF23229100DE
:10D9A000232611009307F0019304050063E0B70AF2
:10D9B00083278511232481001384050063840704D1
:10D9C00013972500B387E70003A70700630C07023E
:10D9D00093061000630CD7009306F0FF6308D7048A
:10D9E00023A0070013850500E7000700032481003A
:10D9F000130500008320C1008324410013010101AD
:10DA00006780000013850400EF00C0431306040084
:10DA1000032481008320C1009305050013850400C1
:10DA200083244100130101016F00803B0324810026
:10DA30008320C100930760012320F5008324410067
:10DA400013051000130101016780000093076001B6
:10DA50002320F5001305F0FF6FF0DFF99307F001C5
:10DA600063EAB70C83278511130101FF232481008A
:10DA7000232291002326110013840500930405003E
:10DA80006380070813172400B387E70003A7070084
:10DA9000630C07029306F0FF6300D706930610009D
:10DAA0006300D7041305040023A00700E700070064
:10DAB000130500008320C10003248100832441005A
:10DAC00013010101678000008320C100032481004D
:10DAD0008324410013051000130101016780000039
:10DAE0008320C100032481008324410013053000FA
:10DAF0001301010167800000130520006FF09FFBF8
:10DB000093050008EF608FCD23ACA41093070500A8
:10DB1000630E050013070500930605082320070080
:10DB200013074700E31CD7FE6FF0DFF51305F0FF86
:10DB30006FF05FF81305F0FF67800000130101FF2D
:10DB400023229100232611009307F00183A441F4BE
:10DB500063EEA70883A78411232481001304050022
:10DB60006382070413172500B387E70003A70700A4
:10DB7000630A070293061000630AD7009306F0FFBA
:10DB80006306D70423A00700E700070003248100F1
:10DB9000130500008320C10083244100130101010B
:10DBA0006780000013850400EF00C02913060400FD
:10DBB000032481008320C100930505001385040020
:10DBC00083244100130101016F008021032481009F
:10DBD0008320C1009307600123A0F4001305100007
:10DBE0008324410013010101678000009307600155
:10DBF00023A0F4001305F0FF6FF0DFF9130101FF1C
:10DC000023202101232611009307F00103A941F4E9
:10DC100063E2A7042324810013040500032589116E
:10DC20002322910093840500630E0502131424003F
:10DC3000B307850003A507000324810023A09700F4
:10DC4000832441008320C100032901001301010145
:10DC500067800000930760012320F9001305F0FF9F
:10DC60006FF05FFE9305000813050900EF600FB722
:10DC7000232CA9109307050013070508630A050064
:10DC800023A0070093874700E31CF7FE6FF01FFAFD
:10DC900003248100832441001305F0FF6FF09FFAF5
:10DCA000130101FF2324810003A441F42326110062
:10DCB00083278411638C0700130500008320C100B3
:10DCC000032481001301010167800000930500080F
:10DCD00013050400EF608FB0232CA410630C050023
:10DCE000930705082320050013054500E31CF5FEF6
:10DCF0006FF09FFC1305F0FF6FF05FFC130101FF55
:10DD000023229100232611009307F00183A441F4FC
:10DD100063E4A70C83A78411232481001304050066
:10DD20006382070813172400B387E70003A70700DF
:10DD3000630C07029306F0FF6300D70693061000FA
:10DD40006300D7041305040023A00700E7000700C1
:10DD500003248100130500008320C10083244100B7
:10DD60001301010167800000032481008320C100AA
:10DD70008324410013051000130101016780000096
:10DD8000032481008320C100832441001305300057
:10DD900013010101678000000324810013052000A6
:10DDA0006FF09FFB9305000813850400EF600FA33D
:10DDB00023ACA41093070500630E050013070500AC
:10DDC000930605082320070013074700E39CE6FE9F
:10DDD0006FF05FF5032481001305F0FF6FF0DFF7AC
:10DDE000130101FF138705002324810023229100E2
:10DDF00013040500930506001305070023261100F0
:10DE000023AE01F4EF20CFF59307F0FF630CF5008C
:10DE10008320C100032481008324410013010101F8
:10DE20006780000083A7C1F5E38407FE8320C1005B
:10DE30002320F40003248100832441001301010105
:10DE4000678000006F20CFEEB7071000130101FEBE
:10DE5000938EF7FF33F8BE00B3F7DE0013D346010D
:10DE60002328210113D9450193973700232C8100E2
:10DE70001318380013D4F5011357D5019358D60160
:10DE80001379F97F1373F37F232E1100232A910056
:10DE90002326310193D6F601B3E8F8003367070172
:10DEA00093153500131F3600B30769406304D41E71
:10DEB0006352F016630603289306F07F6306D94287
:10DEC000930680031306100063CEF602B7068000A7
:10DED000B3E8D8009306F00163CEF6529306000231
:10DEE000B386F6403396D8003355FF00B316DF00F3
:10DEF0003366A600B336D000B3D8F8003366D60038
:10DF0000330717413386C540B3B5C50093040600F7
:10DF1000B309B7409397890063DA0732B7078000E7
:10DF20009387F7FFB3F9F9006388092C138509007B
:10DF3000EF201001930785FF930600023387F64018
:10DF400033D7E400B399F90033673701B394F40091
:10DF500063C8274BB387274193871700B386F640E2
:10DF60003396D400B3D9F4003336C000336636019B
:10DF7000B316D700B3E4C600B359F7001309000085
:10DF800093F774006380070293F7F40013074000CF
:10DF9000638AE7009387440033B69700B389C900CA
:10DFA000938407009397890063DA076E930719003B
:10DFB0001307F07F130E04006386E72A370780FFFC
:10DFC0001307F7FF33F7E90093F7F77F1318D7012B
:10DFD00013D63400131797003368C8001357C700CF
:10DFE0008320C1010324810193974701B3E7E70030
:10DFF0001317FE01B3E7E700832441010329010160
:10E000008329C1001305080093850700130101024D
:10E0100067800000638C0714B30723416312093C37
:10E020003365B7006304054C1385F7FF6302056091
:10E030001308F07F638607579307800313061000C9
:10E0400063CCA702930705001306F001634CF65654
:10E05000130500023305F5403316A70033D8F50049
:10E060003395A500336606013335A0003357F7001A
:10E070003366A600B388E8403306CF403337CF007D
:10E0800093040600B389E8401309030013840600D3
:10E090006FF05FE86350F01E63100314B3E6E8010D
:10E0A000638C06269386F7FF638006481306F07F8D
:10E0B000638CC722930780039309100063CCD702B7
:10E0C000938706009306F00163C0F64A93060002A8
:10E0D000B386F640B399D8003356FF00B316DF007D
:10E0E000B3E9C900B336D000B3D8F800B3E9D9001A
:10E0F00033071701B385B900B3B93501938405001F
:10E10000B389E9009397890063D2071413091900B2
:10E110009307F07F630CF936B70780FF9387F7FF0B
:10E1200013F61400B3F7F90013D714003367C700D0
:10E130001396F701B364E60093D917006FF05FE41C
:10E14000B3E6E801638A061C9386F7FF6380064006
:10E150001306F07F638AC718930780031306100025
:10E16000E3C2D7DA938706006FF0DFD613081900F1
:10E170001378E87F631C08223363B70033E8E801B3
:10E1800063100938630E034663060840B389E5410E
:10E1900033B53501330617413306A6401315860003
:10E1A000635E0550B305BF403387E840333FBF008F
:10E1B0003307E7411316870093840500635E065218
:10E1C000B70780FF9387F7FF3377F700138E0600BA
:10E1D000930710006FF09FDF9306F07F6306D9105E
:10E1E0009306800393091000E3C6F6F0B70680009B
:10E1F000B3E8D8006FF01FED13850400EF20405402
:10E20000930785019306F001E3D8F6D2130785FF43
:10E210003397E40063C62723338927419307190006
:10E2200063D6F648130919FE93060002B35427017A
:10E23000638CD70093060004B387F6403317F700CA
:10E240003337E000B3E4E4001309000093F77400EF
:10E25000E39C07D29307090013D634001387090003
:10E260006F00000C9307F07F1307000013080000F5
:10E270006FF01FD7638A070CB30723416302091E9F
:10E280009306F07F6308D33293068003930910004E
:10E2900063CEF602B70680003367D7009306F0011D
:10E2A00063C8F63C93060002B386F640B319D70064
:10E2B00033D6F500B396D500B3E9C900B336D00024
:10E2C0003357F700B3E9D900B388E8003387E90191
:10E2D000B339370193040700B38919011309030007
:10E2E0006FF05FE263100802131635001356360014
:10E2F0001318D7013368C800135737003367070175
:10E3000063060718130E00009307F07F3707080015
:10E31000130800006FF0DFCC1316350013563600DB
:10E320001318D7019306F07F3368C80013573700DE
:10E33000E386D7FC1317C7001357C70093F7F77F7F
:10E34000130E04006FF0DFC99306190013F8E67F7F
:10E3500063180814B366B700631C0928638206308B
:10E36000B3E6E80163880622B387E501B3B5B700D9
:10E37000330717013307B70013D837009317870007
:10E38000130E040063DE0734B70780FF9387F7FF9F
:10E390003377F7009317D7011357370033E8070196
:10E3A0003377D701930710006FF09FC33388E5419F
:10E3B000B3B70501B3091741B389F94093978900B1
:10E3C0009304080063C6071033683801E31E08B4DD
:10E3D000130E000093070000130700006FF05FC0EA
:10E3E0001305F07F630EA31A1305800313061000B4
:10E3F000E344F5C8370680003367C7006FF0DFC419
:10E40000B70980FF9389F9FF3309F940B3793701E0
:10E410006FF01FB7938607FE13060002B3D6D8002D
:10E42000638AC70013060004B307F640B397F800E9
:10E43000336FFF003336E0013366D6006FF09FACD8
:10E44000B70680FF9386F6FFB307F9403377D7000E
:10E450001318D70133683801135737006FF09FED59
:10E46000B366B7006386061E9386F7FF638E060ABF
:10E470001305F07F6380A7149307800393091000AE
:10E48000E3C6D7E4938706006FF05FE1130E040044
:10E490009307F07F13070000130800006FF05FB4CC
:10E4A0009307F07FE384F6FE338FE501B335BF00B9
:10E4B000B3071701B387B7001396F701135F1F0067
:10E4C000B364E60193D91700138906006FF05FABC0
:10E4D0003306BF40B387E8403337CF0093040600CC
:10E4E000B389E740138406006FF01FA413163600AB
:10E4F0001356360013840600138708006FF05FE29E
:10E50000E31203DE6306081C13D738001316360027
:10E510009398D80133671701135636003367C70045
:10E52000138406006FF0DFDD338FE501B3081701B8
:10E53000B335BF00B389B8009397890093040F00E7
:10E5400063D4070E130920006FF01FBD338FE54120
:10E55000B3081741B3B5E50193040F00B389B84080
:10E56000130910006FF01F9B938607FE130600022D
:10E57000B3D6D800638AC70013060004B307F64079
:10E58000B397F800336FFF00B339E001B3E9D90066
:10E590006FF05FB613163500935936006FF05FEBDE
:10E5A000131636001356360013840600138708002E
:10E5B0006FF01FD413163600135636001387080069
:10E5C0006FF01FD3138507FE130600023355A70013
:10E5D000638AC70013060004B307F640B317F700B9
:10E5E000B3E5F5003336B0003366A6006FF0DFA860
:10E5F000E38206FC33EFE801E3160FD06FF0DFCEC5
:10E60000E30808DC131836009397D8011358380034
:10E6100013D738003368F8003377D701138E06001C
:10E62000930700006FF0DF9B930710006FF0DFC2CD
:10E63000B305BF40B388E8403337BF00938405007B
:10E64000B389E84013840600130910006FF09F8C13
:10E650001316360013563600138708006FF05FCC90
:10E660001316360093593600138708006FF05FDEEB
:10E67000938607FE13060002B356D700638AC700CD
:10E6800013060004B307F640B317F700B3E5F5002F
:10E69000B339B000B3E9D9006FF05FC313D63400CB
:10E6A00093070900138709006FF09FC793060002C4
:10E6B000B386F640130600006FF05F8B33E8C900A5
:10E6C000E30808D093D93900130706006FF05FD82C
:10E6D000130E00009307F07F370708006FF05F907C
:10E6E0009317D7011357370033E807013377D70162
:10E6F000930700006FF0DF8E1318D70193D5350014
:10E700003368B80013573700138406006FF09FC2B8
:10E71000130101FD232E310193D9450123248102E8
:10E720002322910223202103232C4101232671015E
:10E730009394C50023261102232A51012328610145
:10E740002324810193F9F97F13040500930B06003C
:10E750001389060093D4C40013DAF501638A0918FB
:10E760009307F07F6388F908939434009357D50199
:10E77000B3E7970037078000B3EAE700131B3500C3
:10E78000938919C093040000130C000093574901AA
:10E790001314C90093F7F77F1354C4001359F901F8
:10E7A000638207081307F07F638AE71813143400A5
:10E7B00013D7DB0133678700938717C037048000C6
:10E7C0003364870093983B00B389F9401306000037
:10E7D0001307F000B3462A0163649724B73701801A
:10E7E00093942400938747B1B384F40003A70400F3
:10E7F00067000700B3EAA400639E0A1C935749010F
:10E800001314C90093F7F77F130B000093048000E3
:10E810009309F07F130C20001354C4001359F9011D
:10E82000E39207F8B36874016382081C630A044A20
:10E8300013050400EF10D07093070500930655FFF1
:10E840001307D001938887FF3307D740331414018F
:10E8500033D7EB0033648700B3981B01B3873701CC
:10E860009389373F130600006FF09FF63307F74098
:10E8700013068003635AE64E930700001306000058
:10E88000130700008320C1020324810293974701EC
:10E89000B3E7C7009396F601B3E7D700832441029C
:10E8A000032901028329C101032A8101832A41012D
:10E8B000032B0101832BC100032C810013050700EA
:10E8C0009385070013010103678000009307F07F21
:10E8D00013060000130700006FF0DFFA9306000034
:10E8E0009307F07F37060800130700006FF09FF9C9
:10E8F000B3EAA400638C0A10638804401385040003
:10E90000EF10106413070500930655FF9307D0011D
:10E91000130B87FFB387D740B3946401B357F40058
:10E92000B3EA9700331B64019309D0C0B389E9406F
:10E9300093040000130C00006FF05FE5B3687401EE
:10E9400093891980639C080A93E42400130400004F
:10E95000130620006FF0DFE713090A0013840A0092
:10E9600093080B00930720006308FC4E93073000C8
:10E97000E306FCF69307100093060900E30EFCEE95
:10E980009387F93F6356F02A13F778006316074A16
:10E9900013177400635A0700B70700FF9387F7FF48
:10E9A0003374F400938709401307E07FE340F7F2E4
:10E9B00093D838001317D401131694003367170146
:10E9C0001356C60093F7F77F6FF0DFEB130C0600CA
:10E9D0006FF05FF9938A0400130B05009304C000E5
:10E9E0009309F07F130C30006FF05FDA93E41400AA
:10E9F00013040000130610006FF09FDD93E4340051
:10EA000093880B00130630006FF09FDC130B00009F
:10EA10009304400093090000130C10006FF01FD7FF
:10EA20006364542B63808A2A13030B009389F9FFD4
:10EA300093870A00130B0000131784001355070176
:10EA400033D4A70213D688013366E60013180601F3
:10EA5000135808019395880013570301B3F7A702D1
:10EA6000B308880293970701B367F70063FA1701A9
:10EA7000B307F6001307F4FF63F0C72E1304070073
:10EA8000B3871741B3D8A702131703011357070120
:10EA9000B3F7A702B30F1803939707013367F70083
:10EAA000637AF7013307E6009387F8FF637EC72890
:10EAB0009388070013140401B702010033641401A2
:10EAC0001383F2FFB3786400935E040113DE050143
:10EAD00033F36500330F13033307F741B3081E0305
:10EAE00093570F01B38F6E02B388F801B3871701F4
:10EAF000B38ECE0363F4F701B38E5E00B70F01004F
:10EB0000938FFFFF93D80701B3F7F701939707019E
:10EB1000337FFF01B388D801B387E701636E17170E
:10EB2000630A1717B307FB4033071741333BFB005A
:10EB3000330767416300E62EB358A70293DE07014F
:10EB40003377A702330F18031317070133E7EE00DB
:10EB5000637EE7013307E600938EF8FF636AC72EF2
:10EB60006378E72F9388E8FF3307C7003307E7414F
:10EB7000B35EA7029397070193D707013377A702E4
:10EB80003308D80313170701B3E7E70063FE070153
:10EB9000B307F6001387FEFF63E8C72A63F6072B67
:10EBA000938EEEFFB387C70093980801B3E8D801AE
:10EBB0001395080113DF080113550501B30E650213
:10EBC000B38707413305AE0213D70E0133036F023B
:10EBD000330565003307A700330EEE036376670045
:10EBE00037050100330EAE00370801001308F8FFA7
:10EBF000135507013377070113170701B3FE0E0101
:10EC00003305C5013307D70163F2A712B307F60036
:10EC10001383F8FF1388070063E4C71C63E8A72485
:10EC20006386A7269308030093E818006FF05FD56A
:10EC300013071000E39C07C29389E941B397380199
:10EC4000B337F000B3193401B3E73701B3D8E800A4
:10EC5000B3E8F80093F778003354E40063800702C8
:10EC600093F7F80013074000638AE7009387480092
:10EC7000B3B8170133041401938807009315840077
:10EC8000930710001306000013070000E3CC05BE35
:10EC90006F004013E378FBE8B30EBB0033BF6E0197
:10ECA000B30FCF003307F701138B0E00930FF4FF60
:10ECB0006374E60863621715638EE81213840F000D
:10ECC0006FF05FE6E3621BD713571B001393FA0143
:10ECD00093D71A003363E300131BFB016FF0DFD5FA
:10ECE00013850B00EF10D025930655011307C001C3
:10ECF00093070502E356D7B4130585FF9308000078
:10ED00003394AB006FF09FB5EF109023930655013D
:10ED10009307C00113070502E3DAD7BE930785FF07
:10ED2000B31AF400130B00006FF01FC0E39EA7EEB0
:10ED3000E30807C46FF09FEDE312E6F8E30C0FF66B
:10ED400013840F006FF01FDEE374F7D79388E8FF9A
:10ED50003307C7006FF01FD6E3F217D31304E4FFA5
:10ED6000B387C7006FF0DFD11306F001E356E6EC7E
:10ED7000130610FEB307F64013060002B357F40063
:10ED80006308C7009389E943B3193401B3E8380134
:10ED9000B3381001B3E8F80013F778001306000049
:10EDA0006308070293F7F8001307400013040000FC
:10EDB000638AE70093874800B3B817013334100122
:10EDC00093880700131694001317D4011356C60036
:10EDD00093D8380033E7E800930700006FF09FAA4C
:10EDE00093080300E312A8E4E30CB7B893E8180013
:10EDF0006FF01FB9E3F4FEECB38ED50133BFBE0054
:10EE0000330FCF001304E4FF138B0E003307E70129
:10EE10006FF05FD1130720C09387F93F9308F0FF8D
:10EE2000E3C8E9E013874800B3381701330414013D
:10EE3000930807006FF0DFB513F7F80013064000E2
:10EE4000E308C7B46FF01FFE930E07006FF0DFD525
:10EE500093880E006FF09FD1930609009307F07F0F
:10EE600013060000130700006FF0DFA113931500D5
:10EE70003338B3003308C800338807019388E8FFAC
:10EE800093050300E302A8F66FF01FDAE3E0E5FE66
:10EE900093080300E31CB7F46FF09FAE13D745014E
:10EEA000B70710009387F7FF13D846011377F77F52
:10EEB0001303F07F33FEB70093080500B3F7D700C4
:10EEC00093D5F5011378F87F93D6F601130510005A
:10EED000630C670063086800631407016306FE02A1
:10EEE0006780000067800000E31CE8FEB367FE0057
:10EEF000B3E7C700B3E71701E39407FEB385D54036
:10EF00003335B00067800000E39CC8FC638AD500FD
:10EF1000E31807FC336E1E013335C0016780000023
:10EF2000130500006780000093D84501B707100063
:10EF30009387F7FF13D7460193F8F87F130EF07FFE
:10EF400033F3B70013080500930E0500B3F7D7009D
:10EF500093D5F501130F06001375F77F93D6F601CD
:10EF60006388C8056304C503639A08063368030110
:10EF70006310050633E6C700630C06086312080A2F
:10EF800013051000638206086780000033E6C7009F
:10EF9000631406086396080033630301E30203FE6B
:10EFA0006380D50663920506130510006780000094
:10EFB0003363030163120306E31615FFB3E7C700CB
:10EFC000639C0704E390D5FE1305000067800000F2
:10EFD000E30808FAE398D5FC6F008002E30405FC1F
:10EFE000E392D5FCE34015FD63CCA800E3EC67FA9F
:10EFF0006318F300E368DFFB13050000E3F6EEF9A6
:10F0000013051000E39205F81305F0FF6780000078
:10F01000E31A08F8678000001305E0FF678000002E
:10F02000E386D5FC6FF01FF893D84501B7071000B1
:10F030009387F7FF13D7460193F8F87F1303F07F08
:10F0400033FEB70013080500930E0500B3F7D70091
:10F0500093D5F501130F06001375F77F93D6F601CC
:10F06000638A6804630465026398080633680E01C6
:10F07000631E050833E6C7006304060A6316080A20
:10F0800013051000638006086780000033E6C700A0
:10F0900013052000E31A06FE63960800336E0E0186
:10F0A000E3000EFE638CD504639E05041305100077
:10F0B00067800000336E0E0163100E06E31615FF25
:10F0C000B3E7C70013052000E39007FCE39ED5FCDF
:10F0D0001305000067800000E30805FCE396D5FCFB
:10F0E000E34415FD63CCA800E3E0C7FD6318FE0010
:10F0F000E36CDFFB13050000E3F8EEF913051000E5
:10F10000E39405F81305F0FF67800000E30A08F6B2
:10F11000E39CD5F86FF09FFE130520006780000088
:10F12000E31408F867800000E380D5FC6FF0DFF798
:10F13000130101FD93D7450123248102232291026B
:10F1400023202103232E3101232A51019394C5004A
:10F1500023261102232C410123286101232671015A
:10F160002324810193F7F77F13040500930A060017
:10F170009389060093D4C40013D9F5016384074230
:10F180001307F07F6386E70A939634001357D5017F
:10F190003367D700B7068000B364D700131A350071
:10F1A000138C17C0130B0000930B000093D7490179
:10F1B0001397C90093F7F77F138F0A001354C70002
:10F1C00093D9F9016380070A1307F07F638EE71470
:10F1D0001317340093D5DA01B3E5E500938717C020
:10F1E0003707800033E4E500139F3A00B3888701B6
:10F1F000130300001307A00013851800634C670B6E
:10F20000B3453901930720001388050063C66715CD
:10F21000130BFBFF1307100063606717630AF33CCF
:10F2200093040400130A0F00930B03006F00C0093E
:10F2300033EAA40063180A3C93D749011397C90025
:10F2400093F7F77F93040000130B8000130CF07FFB
:10F25000930B2000138F0A001354C70093D9F901B0
:10F26000E39407F6B36754016382073C6300044AE2
:10F2700013050400EF10C04C93080500130755FF59
:10F280009307D001138F88FFB387E740B3D7FA0005
:10F290003317E40133E4E700339FEA01B3081C416C
:10F2A0009388D8C01307A00013030000138518002B
:10F2B000E35867F59305090093072000638AFB3242
:10F2C00093073000638CFB489307100013880500F8
:10F2D000639AFB46930700009306000013070000A3
:10F2E0008320C1020324810293974701B3E7D7002B
:10F2F0009316F801B3E7D7008324410203290102E2
:10F300008329C101032A8101832A4101032B0101C1
:10F31000832BC100032C8100130507009385070090
:10F320001301010367800000336754019308FC7FD9
:10F33000630A073037170000334839011307078085
:10F34000136B3B009306A000930508003305EC0007
:10F3500063C06639130330001306100033166601CC
:10F3600013770653E31A07F4937706246394073C54
:10F37000137686086312062EB70F0100938EFFFFE7
:10F38000B377DA0193560A01B37EDF01135E0F01F2
:10F390003387D7033383D603935507013306FE0221
:10F3A00033066600B385C500338FC60363F465007A
:10F3B000330FFF01B70301001386F3FF33F3C500DA
:10F3C000935F04013377C7003374C4001313030140
:10F3D000B38287023303E30093D5050133878602A6
:10F3E00013D60201B387FF02B387E7003306F600A6
:10F3F000B387F6036374E600B3877700370901002B
:10F400009309F9FF3377360193D30401B3F634013E
:10F41000B3F2320113170701B384DE02330757003A
:10F42000135606013306F600B385E500B302DE028B
:10F4300093D70401B38ED303B382D201B3875700AD
:10F44000330E7E0263F4D701330E2E01B70901009B
:10F45000938EF9FFB3F2D70193D70701B387C701A2
:10F46000B3FED401939202013309D402B382D201D4
:10F4700033848302135E0901B386DF02B3868600FC
:10F48000330EDE00B38E7F0263748E00B38E3E01B6
:10F49000B70F0100938FFFFFB376FE01939606012D
:10F4A0003379F901B385E501B38626013386C600B9
:10F4B00033B7E5003307E600338F5500B307F70095
:10F4C000B335BF00B385B700B336D6003336C700B7
:10F4D000B3E6C60033B7E700135E0E01B3B7F5001D
:10F4E000B386C6013367F70093179F003307D70031
:10F4F000B3E767003307D701B337F00013567F0136
:10F500001317970093D67501B3E7C700939595003D
:10F5100033EAB70093177700B364D70063D00702CC
:10F5200013571A0093771A009396F401B367F70004
:10F5300033EAD70093D41400930805001386F83FEC
:10F540006356C01293777A00638007029377FA00BC
:10F5500013074000638AE70013074A00B3374701E7
:10F56000B384F400130A07009397740063DA07006A
:10F57000B70700FF9387F7FFB3F4F4001386084042
:10F580009307E07F63C4C71C93573A001397D401D5
:10F59000939694003367F70093D6C6009377F67F6F
:10F5A0006FF01FD433EAA40063080A06638E0412C6
:10F5B00013850400EF10C01813060500930655FFCD
:10F5C0001307D001930786FF3307D7403357E40072
:10F5D000B396F400B364D700331AF4009307D0C095
:10F5E000338CC740130B0000930B00006FF01FBC5F
:10F5F000138805009307F07F9306000013070000AF
:10F600006FF01FCE130A0500130BC000130CF07F20
:10F61000930B30006FF09FB993040000130B400070
:10F62000130C0000930B10006FF05FB8136B1B00FE
:10F6300093080C0013040000130F000013031000C4
:10F640006FF05FBB136B2B0013040000130F00005F
:10F65000130320006FF01FBA93040400130A0F0075
:10F66000930B0300938509006FF01FC5130710006B
:10F67000631006109388E84133161A013336C00030
:10F68000B3981401B357EA00336616013366F600E7
:10F6900093777600B3D5E400638007029377F60092
:10F6A00013074000638AE7009307460033B6C7009C
:10F6B000B385C500138607001395850093071000D6
:10F6C0009306000013070000E34C05C06F00C01054
:10F6D0001307F0006310EB1213080000B7060800D0
:10F6E000130700006FF0DFBFEF1080059306550190
:10F6F0009307C00113060502E3D4D7EC130585FF79
:10F70000130A0000B314A4006FF05FED13850A0024
:10F71000EF100003130755019307C001930805027A
:10F72000E3D0E7B6130585FF130F00003394AA005A
:10F730006FF0DFB6130800009307F07FB7060800EC
:10F740006FF01FBA930805006FF05FDF9307F07F3B
:10F7500093060000130700006FF09FB81308000025
:10F760009307F07FB7060800130700006FF05FB73C
:10F770003307C74093078003E3CEE7B49307F00154
:10F78000E3DAE7EE930710FEB387C7409306000263
:10F79000B3D7F4006308D7009388E843B398140103
:10F7A000336A1A01333640013366F6001377760068
:10F7B00093060000630807029377F60013074000E2
:10F7C00093050000638AE7009307460033B6C7003D
:10F7D000B335C00013860700939695001397D501A3
:10F7E00093D6C600135636003367E6009307000031
:10F7F0006FF01FAF93040400138A0A00930B3000CC
:10F80000938509006FF05FABB70710009387F7FF90
:10F81000130101FEB3F8B70033F8D70093D74601C0
:10F8200093983800232C81002326310113D4F5014D
:10F8300093D945011357D501131838009355D601B4
:10F84000232E1100232A91002328210113FFF77F83
:10F850001303F07F3367170193F9F97F130E040048
:10F860009318350093D6F601B3E50501931E3600D3
:10F87000630C6F2093C61600B387E9416302D41668
:10F88000E35AF000630A0F246384693C9306800303
:10F890001305100063CEF602B7068000B3E5D5006D
:10F8A0009306F00163C4F64E93060002B386F64059
:10F8B0003395D50033D6FE00B396DE003365C50020
:10F8C000B336D000B3D7F5003365D5003307F74022
:10F8D0003385A84033B6A800930405003309C74018
:10F8E0009317890063D80734B70780009387F7FF21
:10F8F0003379F9006306092E13050900EF005064FF
:10F90000930785FF930600023387F64033D7E40060
:10F910003319F90033672701B394F40063C4373F08
:10F92000B387374193871700B386F6403396D400E8
:10F9300033D9F4003336C0003366C900B316D7009C
:10F94000B3E4C6003359F7009309000093F774003D
:10F950006380070293F7F40013074000638AE7000F
:10F960009387440033B597003309A90093840700B7
:10F970009317890063D0076C938719001307F07FF2
:10F980006386E724370780FF1307F7FF3377E90023
:10F9900093F7F77F1318D70113D534001317970087
:10F9A0003368A8001357C700137E14008320C101D9
:10F9B0000324810193974701B3E7E7001317FE0182
:10F9C000B3E7E70083244101032901018329C10032
:10F9D00013050800938507001301010267800000EA
:10F9E0006352F07063160F1CB3E6D501638E0626D2
:10F9F0009386F7FF63880646638C6724930780032A
:10FA00001309100063CCD702938706009306F00118
:10FA100063CAF64893060002B386F6403399D500D0
:10FA200033D6FE00B396DE003369C900B336D0008A
:10FA3000B3D7F5003369D9003307F700330619014E
:10FA400033392601930406003309E900931789002E
:10FA500063D2071E938919009307F07F6388F91614
:10FA6000B70780FF9387F7FF13F51400B377F9000A
:10FA700013D714003367A7001395F701B364E500AB
:10FA800013D917006FF09FEC33E8D5011383198069
:10FA900063080806630AD4066304030E638E09260E
:10FAA000131536001355350013840600138705001F
:10FAB0001318D7013368A8001357370033670701BD
:10FAC00063060710130E00009307F07F3707080046
:10FAD000130800006FF09FEDB3E6D50163860618AA
:10FAE0009386F7FF6382063A638467169307800361
:10FAF00013051000E3CED7DC938706006FF05FDAC2
:10FB000093C61600E31AD4F8630803186390092C0F
:10FB10009307F07FB3661701638806489386F7FF63
:10FB2000638206341305F07F6382A72A930780035C
:10FB30001309100063CAD7029307F00163C6D74CBC
:10FB400093070002B387D7403319F70033D6D800A4
:10FB5000B397F8003369C900B337F000B356D70044
:10FB60003369F900B385D5003307D901333927014B
:10FB7000930407003309B90093090F006FF01FEDDC
:10FB80009387190093F7E77F6394071433E8D5014F
:10FB9000B36717016394092A638E07386310083C22
:10FBA0001315350013593500930700006F004011FD
:10FBB0006380690A9306800313091000E3C0F6E826
:10FBC000B7068000B3E5D5006FF05FE4137E140044
:10FBD0009307F07F13070000130800006FF01FDD8C
:10FBE00013850400EF00D035930785019306F001DB
:10FBF000E3DAF6D0130785FF3397E40063CE371BB3
:10FC0000B38937419387190063DEF642938919FE61
:10FC100093060002B3543701638CD70093060004A7
:10FC2000B387F6403317F7003337E000B3E4E4005E
:10FC30009309000093F77400E39E07D093870900AF
:10FC400013D53400130709006F008002E31C08E697
:10FC5000131535001318D701135535003368A80064
:10FC6000135737006FF09FE5131535001355350016
:10FC70001318D7019306F07F3368A8001357370095
:10FC8000E38ED7E21317C7001357C70093F7F77F28
:10FC9000137E14006FF09FD19386190093F7E67FCF
:10FCA000639E0712B3671701639A092463860730BE
:10FCB000B3E7D501639A07301315350013593500A2
:10FCC0001318D70133682801135737006FF09FFBD3
:10FCD0003388D841B3B708013309B7403309F94035
:10FCE000931789009304080063C207123368280140
:10FCF000E31208C0130E0000930700001307000072
:10FD00006FF0DFCA370980FF1309F9FFB389F940A3
:10FD1000337927016FF09FC39307F07F3365170195
:10FD2000630405101388F7FF6302081E1305F07FB4
:10FD3000E388A7D6930780031384060013051000F9
:10FD400063CA07039307F00163C40719930700020E
:10FD5000B38707413315F700B3D60801B397F8000E
:10FD60003365D500B337F000335807013365F5002C
:10FD7000B38505413385AE4033B7AE00930405002B
:10FD80003389E54093090F006FF09FB5938607FE16
:10FD900013060002B3D6D500638AC7001306000419
:10FDA000B307F640B397F500B3EEFE003335D0014C
:10FDB0003365D5006FF0DFB1B70680FF9386F6FF9D
:10FDC000B387F9403377D7006FF09FEF13153600F4
:10FDD00013553500138705006FF09FCD9307F07F13
:10FDE000E386F6DEB38ED80133B61E01B307B70043
:10FDF000B387C7001395F70193DE1E00B364D501E6
:10FE000013D91700938906006FF05FB433861E4143
:10FE1000B387E54033B7CE00930406003389E7404B
:10FE2000138406006FF01FAD13163600135536000D
:10FE300013840600138705006FF09FE3E39807E043
:10FE40006306082213D73500131636009395D501A3
:10FE50003367B700135636003367C70013840600B4
:10FE60006FF01FC6B38ED801B305B70033B61E01BD
:10FE70003389C5009317890093840E0063D8070A5D
:10FE8000930920006FF0DFBDB38ED841B305B740B2
:10FE900033B6D80193840E003389C540930910000E
:10FEA0006FF01FA4938607FE13060002B3D6D50099
:10FEB000638AC70013060004B307F640B397F50042
:10FEC000B3EEFE003339D0013369D9006FF01FB7AC
:10FED000930708FE93060002B357F700630AD800A1
:10FEE00093060004B38606413317D700B3E8E80051
:10FEF000333510013365F5006FF0DFE7E38807EC79
:10FF0000B3EED501E3900EBC6FF09FD433861E4153
:10FF1000B385E54033B7CE00930406003389E5404E
:10FF200013840600930910006FF09F9B9307100045
:10FF30006FF01FD1E30008DC13163600935736002C
:10FF40001398D501139795003368F8001357C7002D
:10FF5000138E0600930700006FF05FA53389D84128
:10FF6000B3B728013306B7403306F640931786002F
:10FF700063D2070E33861E413387E540B3BECE0001
:10FF80003307D741931787009304060063DE0712F7
:10FF9000B70780FF9387F7FF3377F70013840600D6
:10FFA000930710006FF01F9F13163600135536008D
:10FFB000138705006FF0DFCB131636001359360098
:10FFC000138705006FF0DFCFB386D801B307B70002
:10FFD00033B61601B387C7001397870013D83600CE
:10FFE000635E0708370780FF1307F7FFB3F7E700E3
:10FFF0001397D701939797003368070113D7C7006A
:02000004800179
:10000000930710006FF09F9A938706FE1306000275
:10001000B357F700638AC60013060004B306D64040
:100020003317D700B3E8E800333910013369F9001A
:100030006FF09FB313D534009387090013070900AD
:100040006FF01FC393060002B386F640130600004C
:100050006FF09F8E3368C900E30E08C8135939004A
:1000600093070000130706006FF09FC5130E0000F2
:100070009307F07F370708006FF05F931397D7015E
:10008000939797003368070113D7C70093070000C1
:100090006FF0DF91E38607AE33083F419307080016
:1000A000E38E09C69307800363CA0701B707800080
:1000B0003367F700138406006FF0DFC8138406006F
:1000C000130510006FF01FCB1318D701135636001D
:1000D0003368C800135737009307000013840600E5
:1000E0006FF05FBAE38A07BAB3063F41639609002F
:1000F000938706006FF01FA2930780031309100077
:10010000E3C4D7A6B70780003367F7006FF0DFA21C
:1001100013D74501B70710009387F7FF1347F7FF81
:1001200013D84601B3F5B700B3F7D70093165701BC
:100130001378F87F638006021307F07F1305000031
:100140006304E80067800000B3E7C7003335F000C0
:1001500067800000B3E5A50013051000E38E05FCE1
:100160006780000093D74501B70610001387F6FF9C
:1001700093F7F77F1306E03F3377B70093D5F50188
:10018000635EF6001306D041635EF600370500801B
:100190001305F5FF3385A5006780000013050000F7
:1001A00067800000130630433306F6401308F00161
:1001B0003367D7006350C80293063041B387F640D7
:1001C0003357F7003305E040E39C05FC13050700B7
:1001D000678000009387D7BE3317F7003355C500FB
:1001E0003367A7006FF01FFE130101FF23261100E4
:1001F0002324810023229100630A05041357F5414B
:10020000B344A700B384E4409307050013850400BA
:1002100013D4F701EF00C0529307E041B387A74022
:100220001307A00093F7F77F6340A7061307B000FA
:100230003307A74033D7E400130555011317C70050
:10024000B394A4001357C7006F00400113040000CB
:1002500093070000130700009304000093974701E1
:100260001314F401B3E7E7008320C100B3E787006C
:100270000324810013850400938507008324410033
:100280001301010167800000130555FF3397A40097
:100290001317C7001357C700930400006FF01FFC2B
:1002A000130101FF232481002326110013040500FC
:1002B000630C0504EF00C0489307E041B387A740F3
:1002C0001307A00093F7F77F6344A7061307B00056
:1002D0003307A740130555013357E4003314A40036
:1002E0008320C100130504001317C70003248100F5
:1002F0001357C70093974701B3E7E70093850700BB
:1003000013010101678000008320C1001305040070
:10031000930700000324810013070000939747010F
:10032000B3E7E70093850700130101016780000030
:10033000130555FF3317A400130400008320C100E8
:10034000130504001317C700032481001357C700C7
:1003500093974701B3E7E700938507001301010175
:10036000678000008325C5008327850003280500DA
:100370008326450013960501130101FE139715000E
:10038000135606012324F1002326B100232CF1008B
:10039000232001012322D10023280101232AD10097
:1003A000232EC1001357170193D5F50193080101BE
:1003B0009307C1011315360003A6C7FF9387C7FF34
:1003C0009356D601B3E6A60023A2D700E394F8FE25
:1003D00093061700131838001396160123280101FD
:1003E0001356260163020604B7C6FFFF9386064034
:1003F0003307D7009306E07F63D4E6109307F07FBE
:100400001306000093060000939747019395F501AA
:10041000B3E7C700B3E7B70013850600938507006D
:100420001301010267800000032641018328810136
:100430000325C101B3661601B3E6A600B3E60601C3
:100440006314070463820614930650001306000029
:1004500093D736009316D601B3E6F600131696002E
:100460009377F77F1356C600939747019395F5014D
:10047000B3E7C700B3E7B70013850600938507000D
:1004800013010102678000006384061293D7C8013C
:1004900013154500B3E7A700B7068000B3F6D700F1
:1004A0006382061C370780FF9356C6019398480065
:1004B0001307F7FF33F6E700B3E61601B70740006E
:1004C0003366F60093F686FF9307000013D73600D5
:1004D0009316D601131696001356C600939747013C
:1004E0009395F501B3E7C700B3E6E600B3E7B700BD
:1004F0001385060093850700130101026780000041
:10050000635CE00C83274101032581010326C101BF
:1005100093964700B3E6060193D7C7011318450029
:10052000131646001355C501B336D000B3E70701D3
:100530003366A600B3E6F60093F776006380070201
:1005400093F7F60013054000638AA70093874600DF
:10055000B3B6D7003306D60093860700B7078000EE
:10056000B377F600E38607EE130717009307F07FD3
:10057000E306F7E8B70780FF9387F7FF3376F600C7
:100580009377F77F6FF09FF4930700001306000046
:10059000939747019395F501B3E7C700B3E7B70019
:1005A0001385060093850700130101026780000090
:1005B0009307F07F13060000939747019395F50189
:1005C000B3E7C700B3E7B7001385060093850700BC
:1005D00013010102678000009306C0FC634CD7083A
:1005E0009306D003B386E6400327C10113DE5640CD
:1005F000B70E0800B3EEEE0013152E00232ED10126
:1006000093F6F6013388A80013860800130700004C
:10061000032306001306460033676700E31AC8FE8B
:10062000130630003306C641639A06040328080007
:10063000938616009387470023AE07FF634ED600CC
:100640003388A70003280800938616009387470085
:1006500023AE07FFE356D6FE93074000B387C7419A
:100660006F004008930500009307F07F37060800ED
:100670006FF09FD9130700006FF01FDD130805020C
:1006800033082800032808FF130F0002330FDF4050
:100690003318E80133670701630E060813182600B4
:1006A000B30FF8003386A800032506000323460095
:1006B000938747003355D5003313E3013365650055
:1006C00023AEA7FE13064600E390FFFE930740000B
:1006D000B387C7411306080233062600B3DEDE00E7
:1006E0002328D6FF93064000B386F6409396260053
:1006F0009397270013068000B388F80063EAC600CA
:1007000023A0080023A20800938686FF9388880010
:100710009307400063E4F60023A00800832701014B
:100720003337E00003264101B366F70013070000EA
:100730006FF09FE093071000130800006FF09FF91F
:10074000B7070100637AF502133705101337170056
:1007500013173700B72701803355E5009387873B90
:10076000B387A70003C5070093060002B386E640DF
:100770003385A64067800000B70700016374F50267
:1007800013070001B72701803355E5009387873BA6
:10079000B387A70003C50700930600013385A64071
:1007A0006780000013078001B72701803355E500FB
:1007B0009387873BB387A70003C507009306800094
:0807C0003385A64067800000AC
:1007C800696C6C6567616C20696E737472756374AB
:1007D800696F6E20657863657074696F6E206861F3
:1007E8006E646C657220656E74657265640A006576
:1007F80063616C6C20657863657074696F6E2068DE
:10080800616E646C657220656E74657265640A0059
:1008180065627265616B20657863657074696F6E77
:100828002068616E646C657220656E7465726564BB
:100838000A00756E6B6E6F776E20657863657074ED
:10084800696F6E2068616E646C657220656E746590
:100858007265640A006E6F20657863657074696FED
:100868006E2068616E646C657220696E7374616C69
:100878006C65640A00000000556E696D706C656DEA
:10088800656E7465642073797374656D2063616C3B
:100898006C2063616C6C6564210A00008CFFFEFFAC
:1008A8008CFFFEFF90FEFEFF90FEFEFF90FEFEFF17
:1008B80090FEFEFF90FEFEFF90FEFEFF8CFFFEFF07
:1008C80088FFFEFF90FEFEFF90FEFEFF90FEFEFFFB
:1008D80090FEFEFF88FFFEFF88FFFEFF2400FFFF5B
:1008E80090FEFEFF90FEFEFF90FEFEFF90FEFEFFD4
:1008F80090FEFEFF90FEFEFF90FEFEFF90FEFEFFC4
:1009080090FEFEFF90FEFEFF90FEFEFF90FEFEFFB3
:1009180090FEFEFF90FEFEFF8CFFFEFFE4FFFEFF51
:1009280090FEFEFF90FEFEFF90FEFEFF90FEFEFF93
:1009380090FEFEFF90FEFEFF90FEFEFF90FEFEFF83
:1009480090FEFEFF90FEFEFF90FEFEFF90FEFEFF73
:100958001400FFFF90FEFEFF90FEFEFF90FEFEFFDC
:1009680090FEFEFF90FEFEFF90FEFEFF90FEFEFF53
:1009780090FEFEFF90FEFEFF90FEFEFF90FEFEFF43
:1009880090FEFEFF90FEFEFF90FEFEFF90FEFEFF33
:1009980090FEFEFF90FEFEFF90FEFEFF90FEFEFF23
:1009A80090FEFEFF90FEFEFF90FEFEFF90FEFEFF13
:1009B80090FEFEFF90FEFEFF90FEFEFF90FEFEFF03
:1009C80090FEFEFF90FEFEFF90FEFEFF90FEFEFFF3
:1009D80090FEFEFF90FEFEFF90FEFEFF90FEFEFFE3
:1009E8000800FFFF40FEFEFFB4FEFEFFA8FEFEFF6C
:1009F80048FDFEFF48FDFEFF48FDFEFF48FDFEFFE7
:100A080048FDFEFF48FDFEFF44FEFEFF48FDFEFFD9
:100A180048FDFEFF48FDFEFF48FDFEFF9CFEFEFF71
:100A280044FEFEFF46465420616C6C6F632066618D
:100A3800696C6564000000004646542072756E6E4D
:100A4800696E672E2E2E00004646542066696E6930
:100A580073686564000000006B6973735F66667491
:100A680020746F6F6B20257520696E7374727563BF
:100A780074696F6E7320616E6420257520637963D5
:100A88006C65730A000000004641494C203A206614
:100A9800667420726573756C742076616C75657305
:100AA80020696E636F72726563740A596F7572207C
:100AB8006F75742076616C7565733A0A5265616C5E
:100AC80009496D616700000025640925640A000072
:100AD80053554343455353203A2066667420726544
:100AE80073756C742076616C75657320636F7272B0
:100AF80065637400FF7F0000C679A22A94651B4FC6
:100B080093466468DF201B7331FF206EC9DFCF5A1C
:100B1800EEC7AC3CC6B95B1877B6ECF243BDF4D26D
:100B28006BCC77B933E128A904FA02A41C13CFAA25
:100B380047293BBD023A79D901434CF85E43B819BD
:100B4800253B58384A2BB6507015AC60EEFC9166C0
:100B580090E3AE6134CE5B52D4BF053A8EB91D1B0B
:100B6800E6BB50FF37C634E50DD700D16CECBCC3EB
:100B78008104F4BD211CB9BF0B31A2C8EC40E8D7F1
:100B8800AB4911ECC04AEB025D44ED18FE36BC29B6
:100B9800ED2329358B0C4D3AB3F3FD38E5DB643191
:100BA80050C74B2472B80312F9B084FFACB1BBEC48
:100BB8002DBA76DD44C95CD348DD89CEF6F2C8CEBD
:100BC8006508E8D3C61BB3DD222B07EC4D3539FD8C
:100BD800F439830F59395120E333472D652A5936A3
:100BE800DD1DA23ACB0FB139F7006C3369F25B28EF
:100BF80014E59E1984D9310853D075F6ABCAF3E5CC
:100C080084C826D8FF7F0000C679A22A94651B4FA6
:100C180093466468DF201B7331FF206EC9DFCF5A0B
:100C2800EEC7AC3CC6B95B1877B6ECF243BDF4D25C
:100C38006BCC77B933E128A904FA02A41C13CFAA14
:100C480047293BBD023A79D901434CF85E43B819AC
:100C5800253B58384A2BB6507015AC60EEFC9166AF
:100C680090E3AE6134CE5B52D4BF053A8EB91D1BFA
:100C7800E6BB50FF37C634E50DD700D16CECBCC3DA
:100C88008104F4BD211CB9BF0B31A2C8EC40E8D7E0
:100C9800AB4911ECC04AEB025D44ED18FE36BC29A5
:100CA800ED2329358B0C4D3AB3F3FD38E5DB643180
:100CB80050C74B2472B80312F9B084FFACB1BBEC37
:100CC8002DBA76DD44C95CD348DD89CEF6F2C8CEAC
:100CD8006508E8D3C61BB3DD222B07EC4D3539FD7B
:100CE800F439830F59395120E333472D652A593692
:100CF800DD1DA23ACB0FB139F7006C3369F25B28DE
:100D080014E59E1984D9310853D075F6ABCAF3E5BA
:100D180084C826D8FF7F0000C679A22A94651B4F95
:100D280093466468DF201B7331FF206EC9DFCF5AFA
:100D3800EEC7AC3CC6B95B1877B6ECF243BDF4D24B
:100D48006BCC77B933E128A904FA02A41C13CFAA03
:100D580047293BBD023A79D901434CF85E43B8199B
:100D6800253B58384A2BB6507015AC60EEFC91669E
:100D780090E3AE6134CE5B52D4BF053A8EB91D1BE9
:100D8800E6BB50FF37C634E50DD700D16CECBCC3C9
:100D98008104F4BD211CB9BF0B31A2C8EC40E8D7CF
:100DA800AB4911ECC04AEB025D44ED18FE36BC2994
:100DB800ED2329358B0C4D3AB3F3FD38E5DB64316F
:100DC80050C74B2472B80312F9B084FFACB1BBEC26
:100DD8002DBA76DD44C95CD348DD89CEF6F2C8CE9B
:100DE8006508E8D3C61BB3DD222B07EC4D3539FD6A
:100DF800F439830F59395120E333472D652A593681
:100E0800DD1DA23ACB0FB139F7006C3369F25B28CC
:100E180014E59E1984D9310853D075F6ABCAF3E5A9
:100E280084C826D8FF7F0000C679A22A94651B4F84
:100E380093466468DF201B7331FF206EC9DFCF5AE9
:100E4800EEC7AC3CC6B95B1877B6ECF243BDF4D23A
:100E58006BCC77B933E128A904FA02A41C13CFAAF2
:100E680047293BBD023A79D901434CF85E43B8198A
:100E7800253B58384A2BB6507015AC60EEFC91668D
:100E880090E3AE6134CE5B52D4BF053A8EB91D1BD8
:100E9800E6BB50FF37C634E50DD700D16CECBCC3B8
:100EA8008104F4BD211CB9BF0B31A2C8EC40E8D7BE
:100EB800AB4911ECC04AEB025D44ED18FE36BC2983
:100EC800ED2329358B0C4D3AB3F3FD38E5DB64315E
:100ED80050C74B2472B80312F9B084FFACB1BBEC15
:100EE8002DBA76DD44C95CD348DD89CEF6F2C8CE8A
:100EF8006508E8D3C61BB3DD222B07EC4D3539FD59
:100F0800F439830F59395120E333472D652A59366F
:100F1800DD1DA23ACB0FB139F7006C3369F25B28BB
:100F280014E59E1984D9310853D075F6ABCAF3E598
:100F380084C826D8FF7F0000C679A22A94651B4F73
:100F480093466468DF201B7331FF206EC9DFCF5AD8
:100F5800EEC7AC3CC6B95B1877B6ECF243BDF4D229
:100F68006BCC77B933E128A904FA02A41C13CFAAE1
:100F780047293BBD023A79D901434CF85E43B81979
:100F8800253B58384A2BB6507015AC60EEFC91667C
:100F980090E3AE6134CE5B52D4BF053A8EB91D1BC7
:100FA800E6BB50FF37C634E50DD700D16CECBCC3A7
:100FB8008104F4BD211CB9BF0B31A2C8EC40E8D7AD
:100FC800AB4911ECC04AEB025D44ED18FE36BC2972
:100FD800ED2329358B0C4D3AB3F3FD38E5DB64314D
:100FE80050C74B2472B80312F9B084FFACB1BBEC04
:100FF8002DBA76DD44C95CD348DD89CEF6F2C8CE79
:101008006508E8D3C61BB3DD222B07EC4D3539FD47
:10101800F439830F59395120E333472D652A59365E
:10102800DD1DA23ACB0FB139F7006C3369F25B28AA
:1010380014E59E1984D9310853D075F6ABCAF3E587
:1010480084C826D8FF7F0000C679A22A94651B4F62
:1010580093466468DF201B7331FF206EC9DFCF5AC7
:10106800EEC7AC3CC6B95B1877B6ECF243BDF4D218
:101078006BCC77B933E128A904FA02A41C13CFAAD0
:1010880047293BBD023A79D901434CF85E43B81968
:10109800253B58384A2BB6507015AC60EEFC91666B
:1010A80090E3AE6134CE5B52D4BF053A8EB91D1BB6
:1010B800E6BB50FF37C634E50DD700D16CECBCC396
:1010C8008104F4BD211CB9BF0B31A2C8EC40E8D79C
:1010D800AB4911ECC04AEB025D44ED18FE36BC2961
:1010E800ED2329358B0C4D3AB3F3FD38E5DB64313C
:1010F80050C74B2472B80312F9B084FFACB1BBECF3
:101108002DBA76DD44C95CD348DD89CEF6F2C8CE67
:101118006508E8D3C61BB3DD222B07EC4D3539FD36
:10112800F439830F59395120E333472D652A59364D
:10113800DD1DA23ACB0FB139F7006C3369F25B2899
:1011480014E59E1984D9310853D075F6ABCAF3E576
:1011580084C826D8FF7F0000C679A22A94651B4F51
:1011680093466468DF201B7331FF206EC9DFCF5AB6
:10117800EEC7AC3CC6B95B1877B6ECF243BDF4D207
:101188006BCC77B933E128A904FA02A41C13CFAABF
:1011980047293BBD023A79D901434CF85E43B81957
:1011A800253B58384A2BB6507015AC60EEFC91665A
:1011B80090E3AE6134CE5B52D4BF053A8EB91D1BA5
:1011C800E6BB50FF37C634E50DD700D16CECBCC385
:1011D8008104F4BD211CB9BF0B31A2C8EC40E8D78B
:1011E800AB4911ECC04AEB025D44ED18FE36BC2950
:1011F800ED2329358B0C4D3AB3F3FD38E5DB64312B
:1012080050C74B2472B80312F9B084FFACB1BBECE1
:101218002DBA76DD44C95CD348DD89CEF6F2C8CE56
:101228006508E8D3C61BB3DD222B07EC4D3539FD25
:10123800F439830F59395120E333472D652A59363C
:10124800DD1DA23ACB0FB139F7006C3369F25B2888
:1012580014E59E1984D9310853D075F6ABCAF3E565
:1012680084C826D8FF7F0000C679A22A94651B4F40
:1012780093466468DF201B7331FF206EC9DFCF5AA5
:10128800EEC7AC3CC6B95B1877B6ECF243BDF4D2F6
:101298006BCC77B933E128A904FA02A41C13CFAAAE
:1012A80047293BBD023A79D901434CF85E43B81946
:1012B800253B58384A2BB6507015AC60EEFC916649
:1012C80090E3AE6134CE5B52D4BF053A8EB91D1B94
:1012D800E6BB50FF37C634E50DD700D16CECBCC374
:1012E8008104F4BD211CB9BF0B31A2C8EC40E8D77A
:1012F800AB4911ECA002A00A4400FDFF2F00040036
:1013080011000C00E6FF1C00A2FF39000AFF7E0056
:1013180042FCCA01340582FDF40109FF4F014FFF69
:1013280007016DFFD7007FFFB20093FF8300D0FF56
:10133800FCFD95099B0067FE620094FE2B0073FE7E
:10134800D6FF1FFE45FF79FDEFFDF2FBDCF71DF52B
:10135800C90F830F0906830492049E023A04CE0142
:1013680067044B013F05D2000E080100B83C64F346
:10137800E8F943031AFE510279FF1C0241002A02D0
:10138800F5007B02FC01610369055E074EF657F420
:10139800B5FD5BFDEBFEA7FE7CFF20FFE0FF56FFDF
:1013A8004A005AFF05010BFF6A08D2F91FFE8701A0
:1013B80039FFE4009CFFC700DBFFD3001600FA00EA
:1013C8006800680154011D038BFC1EF945FF8CFE63
:1013D800AFFF3BFFEAFF7AFF1C0097FF5D009BFF12
:1013E800E70076FF7C0571FD36FEDA003BFF7500ED
:1013F8008AFF6500B7FF6B00D8FF8100FBFFBA00CA
:1014080042008A01B8FE6AFBC5FF34FFF0FF9AFF6D
:101418000D00C2FF2F00D5FF6100DEFFD200DCFF08
:10142800160478FF2EFE470037FF2D0082FF2D009F
:10143800A6FF3500BCFF4600CCFF6400DAFFCD00F4
:10144800F3FFA3FCF6FF91FF0300D3FF1000EDFFAD
:101458002600FDFF49000A00990020009E02810035
:1014680071FEC8FF59FFF6FF94FF0800B1FF120094
:10147800C0FF2100C7FF3400C1FF7000DD0016FD6A
:101488000E00C2FF0C00EDFF1500FFFF25000E0047
:101498003E001F007C004100DC01EC0095FE62FF6D
:1014A80072FFCDFFA4FFE9FFBCFFF7FFC8FF0200F2
:1014B800D0FF0E00CCFF26006501D5FD0800EDFF2A
:1014C800050002000C000F0016001C0028002D006B
:1014D800550051002C010301D8FE21FF92FFB9FFEE
:1014E800BAFFD9FFCCFFE9FFD7FFF3FFE0FFFAFF10
:1014F800E7FF01009701A1FEEFFF0C00F6FF1300C4
:10150800FCFF1B00030027001000390028006000C2
:101518009700170137FFCDFEB8FFA3FFD4FFCCFF1C
:10152800E0FFDEFFE9FFE9FFF4FFEFFF0400F1FF52
:10153800B60139FFD2FF1400E5FF1700EEFF1A00CD
:10154800F5FF2600FBFF350007005A003100F400C4
:1015580096FFAAFEDCFFA0FFE9FFCBFFF1FFDDFF4E
:10156800FBFFE9FF0300F0FF1C00F3FFB701CBFF0F
:10157800B4FF0D00D5FF0E00E1FF1400E6FF1D00CB
:10158800E8FF2C00ECFF4B00EBFFC20004009DFEBF
:10159800FCFFA6FFFEFFD0FF0200E2FF0600EEFF01
:1015A8001200F6FF3000020091013F0099FFF3FF9F
:1015B800C9FF0200D7FF0C00DDFF1100DDFF1F008F
:1015C800DBFF3700C6FF8D005D00AEFE1000B7FFE1
:1015D8000700DDFF0800ECFF0C00F9FF170003000F
:1015E800310016003E019B008BFFCFFFC6FFF0FFC6
:1015F800D3FFFCFFD9FF0500DAFF1100D2FF23005B
:10160800B1FF5D00C500C7FE1E00C9FF1000E8FF5E
:101618000D00F6FF0F000100170010002F00290031
:10162800EE00D8008DFFA2FFC8FFDAFFD7FFECFF5E
:10163800DCFFF9FFDCFF0200D5FF0F00B8FF2F0029
:1016480006010AFF2000DDFF1000F4FF0C00FFFF79
:101658000C00090012001700240035009E00EB0062
:101668009BFF78FFD1FFCAFFDBFFDFFFE0FFEDFF45
:10167800E0FFF3FFDCFFFDFFC8FF0B0037016EFF43
:101688001600F2FF0900FEFF050009000500100022
:1016980008002100110042005200F800B6FF4BFF7D
:1016A800DEFFBDFFE7FFD8FFE9FFE4FFEAFFECFF3D
:1016B800E8FFF2FFDCFFFAFF4101BBFF0700FCFF78
:1016C800FCFF0300FAFF0B00F8FF1200F8FF2100EF
:1016D800F7FF4100F3FFDE00FAFF2FFFF7FFB6FF29
:1016E800F7FFD4FFF7FFE2FFF6FFEAFFF5FFF1FF90
:1016F800F5FFF7FF46012000F4FFFFFFF3FF0200AC
:10170800F1FF0A00EEFF1200ECFF1F00E4FF3C00AF
:10171800BAFFC0003E001EFF0E00B7FF0700D5FF4E
:101728000100E1FF0100E9FF0200F3FF0700FAFFF3
:101738002E018300E3FFF5FFEAFFFEFFE9FF030048
:10174800E8FF0B00E3FF1700D7FF2E009CFF8F0078
:101758007D0025FF1F00BFFF1000DAFF0A00E8FF29
:101768000900F1FF0B00FAFF14000B00F800DA0083
:10177800D2FFDDFFE2FFEFFFE3FFFAFFE3FF020026
:10178800DBFF0B00CCFF1D0087FF6000CA003BFF9A
:101798002F00CBFF1900E3FF1000F0FF0C00FAFF49
:1017A8000E00060017001B00B0000A01CDFFBDFFA8
:1017B800E1FFE0FFE2FFEBFFE1FFF5FFDAFF0000EA
:1017C800C8FF0A0084FF2D00110174FF3900DEFFF5
:1017D8001F00EFFF1200FAFF0E0001000D000F00BE
:1017E80011002C005C002501DAFF98FFE9FFD1FF0A
:1017F800E8FFE1FFE5FFE9FFDEFFF3FFCDFFFAFFBA
:1018080092FF08004A01BAFF3900F2FF1C00FAFFF4
:10181800110002000B0009000700180006003A003A
:101828001A003401F0FF6FFFF3FFBFFFF0FFD5FF91
:10183800ECFFDFFFE8FFE6FFDCFFEAFFB2FFEDFFAA
:101848003F0111002800FFFF0F0001000400050000
:1018580000000F00F7FF1E00EBFF4000B0FF1B0168
:10186800230052FF0900B6FF0000CEFFF7FFDAFFA2
:10187800F2FFDFFFE7FFE2FFCFFFDCFF4D017A0059
:101888001A00060006000500FDFF0700F5FF0E0020
:10189800EAFF1B00D6FF39006AFFE600610048FF37
:1018A8001E00B5FF0E00CDFF0400D9FFFEFFE0FFCC
:1018B800F8FFE2FFEAFFE0FF3501E100080003005E
:1018C800FBFF0200F2FF0500EAFF0C00DCFF150039
:1018D800C1FF2D0032FFAB00B2004FFF3A00BBFF43
:1018E8001E00D3FF1400DFFF0B00E5FF0400E8FF34
:1018F800FFFFEDFFE7005F01F5FFF4FFF0FFF7FFE3
:10190800EAFFFBFFE1FF0300D2FF0B00AEFF1E0062
:1019180011FF73000B0163FF5200C5FF2E00DCFFAF
:101928001C00E4FF1300EBFF0C00F3FF0A000100AA
:1019380078009F01F0FFD4FFEFFFE3FFE6FFECFF25
:10194800DDFFF0FFC9FFF7FFA3FFFEFF03FF18004D
:101958006C01B6FF6800E2FF3900EDFF2700F5FFD4
:101968001900FBFF0F0008000A0021000900F3011D
:10197800FAFFA7FFF3FFCEFFEBFFDAFFDEFFDFFF83
:10198800CCFFE2FFA4FFE3FF0DFFD8FFC40119005D
:10199800740000003E00FEFF2600020016000A0048
:1019A8000A001A00F8FF44006DFF4902230065FF92
:1019B8000900AAFFFBFFBEFFEFFFC7FFDBFFC7FF62
:1019C800B9FFC3FF46FF99FFCF01A40066001700C7
:1019D800330009001C0008000A000F00F7FF1B0075
:1019E800D3FF4400BEFEDB016D0047FF2A009AFFCB
:1019F8001300B2FFFFFFB7FFECFFB7FFCEFFA9FF51
:101A08006FFF6DFF0102550160002D002C001000D2
:101A180011000A00FBFF0D00DDFF16009DFF3D00D1
:101A2800DAFD740105012CFF76008EFF4B00A2FF42
:101A38003600A7FF2400A2FF13008FFFF8FF3FFF27
:101A4800C0006A0226003300120004000400F3FFFD
:101A5800F2FFE7FFDAFFDDFFA4FFD3FF54FEADFF7F
:101A68000901EAFF7100D6FF4900C7FF3800BBFF34
:101A78003200A5FF36007DFF640001FF7FFC82066F
:101A880076FF8A008DFF2C0081FF05005DFFE4FFD3
:101A980018FFB9FF6DFE60FF8CFA82FDD003F301D9
:101AA8006201C900CF008600870068005400560014
:101AB80020004E00C2FF4C000509C7FFA5003800F2
:101AC80054003D0024004100F8FF4A00B8FF5D00C3
:101AD80033FF8D009FFC9001A803BDFE75019AFF9E
:101AE800F900C8FFC100DAFF9C00E6FF8300EDFFA4
:101AF8006D00F3FFFF7F0000FD7F6EFEF57FDCFCCD
:101B0800E97F4AFBD87FB8F9C17F27F8A67F96F608
:101B1800867F05F5617F74F3377FE4F1097F55F01F
:101B2800D57EC6EE9C7E38ED5F7EABEB1D7E1EEA51
:101B3800D57D92E8897D07E7397D7EE5E37CF5E38D
:101B4800887C6DE2297CE6E0C57B61DF5C7BDDDDBE
:101B5800EE7A5ADC7C7AD8DA057A58D98979DAD7D4
:101B680009795DD68478E1D4FA7767D36B77EFD1BA
:101B7800D87679D0417605CFA57592CD047521CC5C
:101B88005F74B3CAB57346C90773DCC7547274C6A9
:101B98009D710EC5E270AAC3227048C25E6FE9C08B
:101BA800966E8DBFC96D32BEF86CDBBC236C86BBEC
:101BB8004A6B33BA6D6AE4B88B6997B7A6684CB6B6
:101BC800BC6705B5CF66C1B3DD657FB2E86441B1D6
:101BD800EE6305B0F162CDAEF06198ADEB6065AC37
:101BE800E35F37ABD75E0BAAC75DE3A8B35CBEA7BC
:101BF8009C5B9CA6825A7EA5645964A442584DA356
:101C08001D5739A2F55529A1C9541DA09B53159FED
:101C18006852109E33510F9DFB4F129CBF4E189B6C
:101C2800814D239A3F4C3199FB4A4498B4495A97BD
:101C3800694875961C479395CD45B6947A44DD93CB
:101C480025430893CE41379273406A91173FA2907B
:101C5800B83DDE8F563C1E8FF23A638E8C39AC8DC0
:101C68002438F98CBA364B8C4D35A18BDF33FC8A7E
:101C78006E325B8AFB30BF89872F2889112E9588A1
:101C8800992C06881F2B7C87A329F7862628778618
:101C9800A826FB8528258485A62312852322A484CB
:101CA8009F203B841A1FD783931D78830B1C1D83A9
:101CB800821AC782F91877826E172B82E215E381A0
:101CC8005514A181C81264813A112B81AB0FF7809A
:101CD8001C0EC9808C0C9F80FB0A7A806A095A8086
:101CE800D9073F8048062880B604178024030B8054
:101CF80092010380000001806EFE0380DCFC0B80F3
:101D08004AFB1780B8F9288027F83F8096F65A8052
:101D180005F57A8074F39F80E4F1C98055F0F78067
:101D2800C6EE2B8138ED6481ABEBA1811EEAE3811D
:101D380092E82B8207E777827EE5C782F5E31D8369
:101D48006DE27883E6E0D78361DF3B84DDDDA48440
:101D58005ADC1285D8DA848558D9FB85DAD7778694
:101D68005DD6F786E1D47C8767D30688EFD195885E
:101D780079D0288905CFBF8992CD5B8A21CCFC8A8E
:101D8800B3CAA18B46C94B8CDCC7F98C74C6AC8D21
:101D98000EC5638EAAC31E8F48C2DE8FE9C0A2900B
:101DA8008DBF6A9132BE3792DBBC089386BBDD9348
:101DB80033BAB694E4B8939597B775964CB65A97D4
:101DC80005B54498C1B331997FB2239A41B1189BA4
:101DD80005B0129CCDAE0F9D98AD109E65AC159FB9
:101DE80037AB1DA00BAA29A1E3A839A2BEA74DA312
:101DF8009CA664A47EA57EA564A49CA64DA3BEA7AC
:101E080039A2E3A829A10BAA1DA037AB159F65AC81
:101E1800109E98AD0F9DCDAE129C05B0189B41B198
:101E2800239A7FB23199C1B3449805B55A974CB6F5
:101E3800759697B79395E4B8B69433BADD9386BB95
:101E48000893DBBC379232BE6A918DBFA290E9C07D
:101E5800DE8F48C21E8FAAC3638E0EC5AC8D74C6B2
:101E6800F98CDCC74B8C46C9A18BB3CAFC8A21CC40
:101E78005B8A92CDBF8905CF288979D09588EFD123
:101E8800068867D37C87E1D4F7865DD67786DAD76C
:101E9800FB8558D98485D8DA12855ADCA484DDDD1F
:101EA8003B8461DFD783E6E078836DE21D83F5E349
:101EB800C7827EE5778207E72B8292E8E3811EEAF4
:101EC800A181ABEB648138ED2B81C6EEF78055F02C
:101ED800C980E4F19F8074F37A8005F55A8096F6FC
:101EE8003F8027F82880B8F917804AFB0B80DCFC74
:101EF80003806EFE01800000038092010B802403A2
:101F08001780B604288048063F80D9075A806A0996
:101F18007A80FB0A9F808C0CC9801C0EF780AB0F5F
:101F28002B813A116481C812A1815514E381E2150D
:101F38002B826E177782F918C782821A1D830B1CB1
:101F48007883931DD7831A1F3B849F20A484232260
:101F58001285A62384852825FB85A826778626282A
:101F6800F786A3297C871F2B0688992C9588112E24
:101F78002889872FBF89FB305B8A6E32FC8ADF3362
:101F8800A18B4D354B8CBA36F98C2438AC8D8C39F5
:101F9800638EF23A1E8F563CDE8FB83DA290173FF3
:101FA8006A9173403792CE4108932543DD937A4472
:101FB800B694CD4593951C47759669485A97B44988
:101FC8004498FB4A31993F4C239A814D189BBF4E48
:101FD800129CFB4F0F9D3351109E6852159F9B53C7
:101FE8001DA0C95429A1F55539A21D574DA3425822
:101FF80064A464597EA5825A9CA69C5BBEA7B35C68
:10200800E3A8C75D0BAAD75E37ABE35F65ACEB60AF
:1020180098ADF061CDAEF16205B0EE6341B1E86410
:102028007FB2DD65C1B3CF6605B5BC674CB6A6689F
:1020380097B78B69E4B86D6A33BA4A6B86BB236C71
:10204800DBBCF86C32BEC96D8DBF966EE9C05E6FA1
:1020580048C22270AAC3E2700EC59D7174C654723C
:10206800DCC7077346C9B573B3CA5F7421CC04755E
:1020780092CDA57505CF417679D0D876EFD16B771B
:1020880067D3FA77E1D484785DD60979DAD7897984
:1020980058D9057AD8DA7C7A5ADCEE7ADDDD5C7BB1
:1020A80061DFC57BE6E0297C6DE2887CF5E3E37CB3
:1020B8007EE5397D07E7897D92E8D57D1EEA1D7E9C
:1020C800ABEB5F7E38ED9C7EC6EED57E55F0097F82
:1020D800E4F1377F74F3617F05F5867F96F6A67F76
:1020E80027F8C17FB8F9D87F4AFBE97FDCFCF57F88
:1020F8006EFEFD7F0000FF7F9201FD7F2403F57FC8
:10210800B604E97F4806D87FD907C17F6A09A67F48
:10211800FB0A867F8C0C617F1C0E377FAB0F097F13
:102128003A11D57EC8129C7E55145F7EE2151D7E3D
:102138006E17D57DF918897D821A397D0B1CE37CD1
:10214800931D887C1A1F297C9F20C57B23225C7BDA
:10215800A623EE7A28257C7AA826057A2628897966
:10216800A32909791F2B8478992CFA77112E6B777C
:10217800872FD876FB3041766E32A575DF3304752C
:102188004D355F74BA36B573243807738C39547279
:10219800F23A9D71563CE270B83D2270173F5E6F6F
:1021A8007340966ECE41C96D2543F86C7A44236C12
:1021B800CD454A6B1C476D6A69488B69B449A66866
:1021C800FB4ABC673F4CCF66814DDD65BF4EE86476
:1021D800FB4FEE633351F1626852F0619B53EB6041
:1021E800C954E35FF555D75E1D57C75D4258B35CC8
:1021F80064599C5B825A825A9C5B6459B35C42580E
:10220800C75D1D57D75EF555E35FC954EB609B5317
:10221800F0616852F1623351EE63FB4FE864BF4EE0
:10222800DD65814DCF663F4CBC67FB4AA668B44963
:102238008B6969486D6A1C474A6BCD45236C7A44A3
:10224800F86C2543C96DCE41966E73405E6F173F9B
:102258002270B83DE270563C9D71F23A54728C3946
:1022680007732438B573BA365F744D350475DF3398
:10227800A5756E324176FB30D876872F6B77112E95
:10228800FA77992C84781F2B0979A329897926282C
:10229800057AA8267C7A2825EE7AA6235C7B232259
:1022A800C57B9F20297C1A1F887C931DE37C0B1C0F
:1022B800397D821A897DF918D57D6E171D7EE21544
:1022C8005F7E55149C7EC812D57E3A11097FAB0FEC
:1022D800377F1C0E617F8C0C867FFB0AA67F6A09FC
:1022E800C17FD907D87F4806E97FB604F57F240364
:1022F800FD7F92010400000080000000040000003F
:102308002000000004000000080000000400000095
:102318000200000002000000010000005B4552526C
:102328004F525D206B6973735F6666742E633A3231
:10233800303620004D656D6F727920616C6C6F636B
:102348006174696F6E206661696C65642E000000B7
:102358005B4552524F525D206B6973735F666674BA
:102368002E633A3338352000666F757420627566BF
:10237800666572204E554C4C2E0000005B4552524B
:102388004F525D206B6973735F6666742E633A33D0
:10239800393120004D656D6F727920616C6C6F6307
:1023A8006174696F6E206572726F722E0000000092
:1023B80000010202030303030404040404040404E4
:1023C80005050505050505050505050505050505B5
:1023D8000606060606060606060606060606060695
:1023E8000606060606060606060606060606060685
:1023F8000707070707070707070707070707070765
:102408000707070707070707070707070707070754
:102418000707070707070707070707070707070744
:102428000707070707070707070707070707070734
:102438000808080808080808080808080808080814
:102448000808080808080808080808080808080804
:1024580008080808080808080808080808080808F4
:1024680008080808080808080808080808080808E4
:1024780008080808080808080808080808080808D4
:1024880008080808080808080808080808080808C4
:1024980008080808080808080808080808080808B4
:1024A80008080808080808080808080808080808A4
:1024B8000A000000494E4600696E66004E414E0013
:1024C8006E616E0030313233343536373839414237
:1024D8004344454600000000303132333435363746
:1024E800383961626364656600000000286E756CA7
:1024F8006C29000030000000DC690080186400804E
:1025080018640080D0690080186400801864008016
:1025180018640080186400801864008018640080C3
:10252800D4680080C069008018640080EC6800806E
:10253800F86800801864008080690080E463008087
:10254800E4630080E4630080E4630080E463008067
:10255800E4630080E4630080E4630080E463008057
:102568001864008018640080186400801864008073
:102578001864008018640080186400801864008063
:1025880018640080186400805469008040670080E7
:102598001864008040670080186400801864008018
:1025A8001864008018640080F46900801864008052
:1025B80018640080D86A008018640080186400805D
:1025C800186400801864008018640080006A008025
:1025D8001864008018640080EC750080186400801E
:1025E80018640080186400801864008018640080F3
:1025F80018640080186400801864008018640080E3
:102608001864008098690080306800804067008006
:1026180040670080406700808C69008030680080D7
:102628001864008018640080F065008018640080D9
:10263800F46B0080C46B00808C6B0080F0650080B8
:1026480018640080246B008018640080F46A00809D
:1026580018640080186400804476008020202020C0
:102668002020202020202020202020203030303022
:102678003030303030303030303030308489008085
:10268800E4850080E485008078890080E485008006
:10269800E4850080E4850080E4850080E48500808E
:1026A800E4850080D888008068890080E4850080FF
:1026B800E8880080F4880080E48500805C890080D8
:1026C800B0850080B0850080B0850080B08500802E
:1026D800B0850080B0850080B0850080B08500801E
:1026E800B0850080E4850080E4850080E485008072
:1026F800E4850080E4850080E4850080E48500802E
:10270800E4850080E4850080E485008048890080B5
:10271800E4850080E4850080E4850080E48500800D
:10272800E4850080E4850080E4850080E4850080FD
:10273800E4850080E4850080088A0080E4850080C4
:10274800E4850080E4850080E4850080E4850080DD
:10275800BC890080E4850080E4850080A09000802A
:10276800E4850080E4850080E4850080E4850080BD
:10277800E4850080E4850080E4850080E4850080AD
:10278800E4850080E48500809C890080348800808E
:10279800E4850080E4850080E4850080D08A00809C
:1027A80034880080E4850080E48500803C870080D0
:1027B800E4850080988A0080708A0080648B00809D
:1027C8003C870080E4850080048B0080E4850080DD
:1027D800DC8A0080E4850080E4850080F490008035
:1027E80020202020202020202020202020202020E1
:1027F80030303030303030303030303030303030D1
:1028080043000000504F534958000000496E666964
:102818006E697479000000004E614E0042616C6C74
:102828006F63207375636365656465640000000009
:102838002E2E2F2E2E2F2E2E2F2E2E2F2E2E2F2EAB
:102848002E2F7372632F6E65776C69622F6E6577B2
:102858006C69622F6C6962632F7374646C69622F90
:1028680064746F612E6300002E2E2F2E2E2F2E2EB5
:102878002F2E2E2F2E2E2F2E2E2F7372632F6E6536
:10288800776C69622F6E65776C69622F6C69626319
:102898002F7374646C69622F6D707265632E6300A8
:1028A80005000000190000007D0000000000000085
:1028B800000000000000F03F00000000000024407D
:1028C80000000000000059400000000000408F4058
:1028D800000000000088C34000000000006AF840C3
:1028E8000000000080842E4100000000D0126341E7
:1028F8000000000084D797410000000065CDCD415D
:10290800000000205FA00242000000E8764837423D
:10291800000000A2941A6D42000040E59C30A242DB
:102928000000901EC4BCD64200003426F56B0C4350
:102938000080E03779C3414300A0D88557347643F7
:1029480000C84E676DC1AB43003D9160E458E14358
:10295800408CB5781DAF154450EFE2D6E41A4B44CD
:1029680092D54D06CFF08044F64AE1C7022DB54412
:10297800B49DD9794378EA44BC89D897B2D29C3CB3
:1029880033A7A8D523F649393DA7F444FD0FA5324E
:102998009D978CCF08BA5B25436FAC642806C80A9C
:1029A8000080E03779C34143176E05B5B5B8934643
:1029B800F5F93FE9034F384D321D30F94877825A0F
:1029C8003CBF737FDD4F157500202020202020207C
:1029D80020202828282828202020202020202020C7
:1029E80020202020202020202088101010101010D7
:1029F8001010101010101010100404040404040423
:102A080004040410101010101010414141414141BC
:102A1800010101010101010101010101010101019E
:102A280001010101101010101010424242424242AE
:102A3800020202020202020202020202020202026E
:102A48000202020210101010200000000000000016
:102A5800000000000000000000000000000000006E
:102A6800000000000000000000000000000000005E
:102A7800000000000000000000000000000000004E
:102A8800000000000000000000000000000000003E
:102A9800000000000000000000000000000000002E
:102AA800000000000000000000000000000000001E
:102AB800000000000000000000000000000000000E
:102AC8000000000000000000000000002C206675D7
:102AD8006E6374696F6E3A2000000000617373655D
:102AE8007274696F6E2022257322206661696C6595
:102AF800643A2066696C6520222573222C206C6953
:102B08006E65202564257325730A000020EA00807D
:102B1800CCE8008078E80080CCE9008078E8008084
:102B2800DCE8008078E80080CCE90080CCE8008010
:102B3800CCE80080DCE80080CCE9008058E900801F
:0C2B480058E9008058E90080DCE80080BB
:102B54001000000000000000037A5200017C010113
:102B64001B0D02001000000018000000840FFFFF7E
:082B74009004000000000000C5
:102B80000000001000000000000000000000000035
:102B90000000000000000000000000000000000035
:102BA0000000000000000000000000000000000025
:102BB000A82B0180A82B0180B02B0180B02B0180B5
:102BC000B82B0180B82B0180C02B0180C02B018065
:102BD000C82B0180C82B0180D02B0180D02B018015
:102BE000D82B0180D82B0180E02B0180E02B0180C5
:102BF000E82B0180E82B0180F02B0180F02B018075
:102C0000F82B0180F82B0180002C0180002C018022
:102C1000082C0180082C0180102C0180102C0180D0
:102C2000182C0180182C0180202C0180202C018080
:102C3000282C0180282C0180302C0180302C018030
:102C4000382C0180382C0180402C0180402C0180E0
:102C5000482C0180482C0180502C0180502C018090
:102C6000582C0180582C0180602C0180602C018040
:102C7000682C0180682C0180702C0180702C0180F0
:102C8000782C0180782C0180802C0180802C0180A0
:102C9000882C0180882C0180902C0180902C018050
:102CA000982C0180982C0180A02C0180A02C018000
:102CB000A82C0180A82C0180B02C0180B02C0180B0
:102CC000B82C0180B82C0180C02C0180C02C018060
:102CD000C82C0180C82C0180D02C0180D02C018010
:102CE000D82C0180D82C0180E02C0180E02C0180C0
:102CF000E82C0180E82C0180F02C0180F02C018070
:102D0000F82C0180F82C0180002D0180002D01801D
:102D1000082D0180082D0180102D0180102D0180CB
:102D2000182D0180182D0180202D0180202D01807B
:102D3000282D0180282D0180302D0180302D01802B
:102D4000382D0180382D0180402D0180402D0180DB
:102D5000482D0180482D0180502D0180502D01808B
:102D6000582D0180582D0180602D0180602D01803B
:102D7000682D0180682D0180702D0180702D0180EB
:102D8000782D0180782D0180802D0180802D01809B
:102D9000882D0180882D0180902D0180902D01804B
:102DA000982D0180982D0180A02D0180A02D0180FB
:102DB000A82D0180A82D0180B02D0180B02D0180AB
:102DC000B82D0180B82D0180C02D0180C02D01805B
:102DD000C82D0180C82D0180D02D0180D02D01800B
:102DE000D82D0180D82D0180E02D0180E02D0180BB
:102DF000E82D0180E82D0180F02D0180F02D01806B
:102E0000F82D0180F82D0180002E0180002E018018
:102E1000082E0180082E0180102E0180102E0180C6
:102E2000182E0180182E0180202E0180202E018076
:102E3000282E0180282E0180302E0180302E018026
:102E4000382E0180382E0180402E0180402E0180D6
:102E5000482E0180482E0180502E0180502E018086
:102E6000582E0180582E0180602E0180602E018036
:102E7000682E0180682E0180702E0180702E0180E6
:102E8000782E0180782E0180802E0180802E018096
:102E9000882E0180882E0180902E0180902E018046
:102EA000982E0180982E0180A02E0180A02E0180F6
:102EB000A82E0180A82E0180B02E0180B02E0180A6
:102EC000B82E0180B82E0180C02E0180C02E018056
:102ED000C82E0180C82E0180D02E0180D02E018006
:102EE000D82E0180D82E0180E02E0180E02E0180B6
:102EF000E82E0180E82E0180F02E0180F02E018066
:102F0000F82E0180F82E0180002F0180002F018013
:102F1000082F0180082F0180102F0180102F0180C1
:102F2000182F0180182F0180202F0180202F018071
:102F3000282F0180282F0180302F0180302F018021
:102F4000382F0180382F0180402F0180402F0180D1
:102F5000482F0180482F0180502F0180502F018081
:102F6000582F0180582F0180602F0180602F018031
:102F7000682F0180682F0180702F0180702F0180E1
:102F8000782F0180782F0180802F0180802F018091
:102F9000882F0180882F0180902F0180902F018041
:102FA000982F0180982F0180A02F0180A02F0180F1
:102FB000000000000300000010330180000000004A
:102FC000000000001033018078330180E03301807D
:102FD00000000000000000000000000000000000F1
:102FE00000000000000000000000000000000000E1
:102FF00000000000000000000000000000000000D1
:1030000000000000000000000000000000000000C0
:1030100000000000000000000000000000000000B0
:1030200000000000000000000000000000000000A0
:103030000000000000000000000000000000000090
:103040000000000000000000000000000000000080
:10305000000000000000000001000000000000006F
:103060000E33CDAB34126DE6ECDE05000B00000034
:103070000000000000000000000000000000000050
:103080000000000000000000000000000000000040
:103090000000000000000000000000000000000030
:1030A0000000000000000000000000000000000020
:1030B0000000000000000000000000000000000010
:1030C0000000000000000000000000000000000000
:1030D00000000000000000000000000000000000F0
:1030E000430000000000000000000000000000009D
:1030F00000000000000000000000000000000000D0
:10310000430000000000000000000000000000007C
:1031100000000000000000000000000000000000AF
:10312000430000000000000000000000000000005C
:10313000000000000000000000000000000000008F
:10314000430000000000000000000000000000003C
:10315000000000000000000000000000000000006F
:10316000430000000000000000000000000000001C
:10317000000000000000000000000000000000004F
:1031800043000000000000000000000000000000FC
:10319000000000000000000000000000000000002F
:1031A00043000000000000000000000000000000DC
:1031B000000000000000000000000000000000000F
:1031C0007CD5008088BD008000000000D0290180EF
:1031D000802301808C0A01808C0A01808C0A018086
:1031E0008C0A01808C0A01808C0A01808C0A018083
:1031F0008C0A01808C0A0180FFFFFFFFFFFFFFFFA9
:10320000FFFFFFFFFFFF000001004153434949005A
:1032100000000000000000000000000000000000AE
:103220000000000000000000000041534349490035
:10323000000000000000000000000000000000008E
:0C32400000000000000000000000000082
:10324C00FFFFFFFF0000000000000000FC1A0180DF
:08325C00C4320180FC22018054
:10326800FFFFFFFFFFFFEF7F000000000000F83FB7
:1032780061436F63A787D23FB3C8608B288AC63F74
:10328800FB799F501344D33F000000000000F03F3B
:1032980000000000000024400000000000001C4066
:1032A8000000000000001440000000000000E03FA3
:1032B800E0350180FFFFFFFF00000200C02F018002
:0400000580000080F7
:00000001FF
