:0200000480007A
:100000006F00C0236F00D00E6F0040226F000022EF
:100010006F00C0216F0080216F0040216F00002120
:100020006F00C0206F0080206F0040206F00002014
:100030006F00C01F6F00801F6F00401F6F00001F08
:100040006F00C01E6F00801E6F00401E6F00001EFC
:100050006F00C01D6F00801D6F00401D6F00001DF0
:100060006F00C01C6F00801C6F00401C6F00001CE4
:100070006F00C01B6F00801B6F00401B6F00402C87
:1000800097710200938101A017010300130181F70A
:1000900017050000130505F713651500731055309B
:1000A0001765020013058547177602001306861DA3
:1000B0003306A64093050000EF20D06E17350000F0
:1000C000130585E5EF20802CEF20905B13050000E1
:1000D0009305000013060000EF0080046F0040014C
:0400E0006780000035
:1000F000130101FF93050000232481002326110032
:1001000013040500EF30C02083A701AA6384070011
:10011000E780070013050400EF00803300000000B3
:10012000130101D913068001930781009306010191
:10013000930506001307100013050024232611263B
:10014000232481262322912623202127232E312593
:10015000232C4125EF10D031732920B0732400B037
:100160009305810013050101930671001306C10078
:10017000EF100043130A0500F32920B0F32400B068
:10018000832581001735010013058574EF20407920
:100190008325C1001735010013058574EF204078D1
:1001A00093050A001735010013058574EF20407789
:1001B000834571001735010013058574EF204076E3
:1001C00033862941973501009385857417350100E1
:1001D00013058574EF20C074338684409735010081
:1001E00093850573173501001305C574EF2040731F
:1001F0008320C12603248126832441260329012646
:100200008329C125032A8125130500001301012735
:10021000678000009307000063880700173500001F
:10022000130585CF6F208016678000001735010009
:1002300013059565EF20100A6FF05FFF130101FCB5
:10024000232011002322A1002324B1002326C10072
:100250002328D100232AE100232CF100232E0101C1
:100260002320110323225102232461022326710239
:100270002328C103232AD103232CE103232EF103D6
:10028000F322203413032000638862021303B000BA
:100290006388620013033000638862006F00C0024D
:1002A000EF00003D6F00400317350100130585592D
:1002B000EF2050026F0040021735010013058553EF
:1002C000EF2050016F004001173501001305A559BB
:1002D000EF2050006F004002F3221034038302002D
:1002E000130530003373A3006314A300938222002C
:1002F0009382220073901234832001000325410071
:10030000832581000326C1008326010103274101C3
:10031000832781010328C10183280102832241022E
:10032000032381028323C102032E0103832E410391
:10033000032F8103832FC1031301010473002030B5
:1003400073002030000000000000000000000000EA
:100350003305A04023A2A1AA1305F0FF6780000087
:1003600037070010930750052320F7009736010048
:1003700083C6D6531736010013066655173E010093
:10038000130EEE522320D700973E010083CE2E524B
:100390002320D70183421E00130E8E002320570016
:1003A0000343AEFF232067008343BEFF2320770073
:1003B0000345CEFF2320A7008345DEFF2320B7009F
:1003C0000348EEFF232007018348FEFF2320170187
:1003D000834E0E00E31ECEFA67800000130000007B
:1003E0009307800523A2F1AA1305F0FF67800000A0
:1003F0009307800523A2F1AA1305F0FF6780000090
:100400009307800523A2F1AA1305F0FF678000007F
:100410009307800523A2F1AA1305F0FF678000006F
:100420009307800523A2F1AA1305F0FF678000005F
:100430001305F0FF678000001300000013000000A8
:100440009307C00023A2F1AA1305F0FF6780000004
:10045000B707048023A0A700730050106F000000AE
:100460009307800523A2F1AA1305F0FF678000001F
:100470009307B00023A2F1AA1305F0FF67800000E4
:10048000B727000023A2F5001305000067800000D5
:100490009307800523A2F1AA1305F0FF67800000EF
:1004A0009307800523A2F1AA1305F0FF67800000DF
:1004B000930780FA23A2F1AA1305000067800000C9
:1004C00013051000678000001300000013000000F7
:1004D000930780FA23A2F1AA1305F0FF67800000BA
:1004E0001305F5FF133515006780000013000000A9
:1004F0009307600123A2F1AA1305F0FF67800000B3
:100500009307F00123A2F1AA1305F0FF6780000012
:1005100013050000678000001300000013000000B6
:100520009307800523A2F1AA1305F0FF678000005E
:100530001305F0FF678000001300000013000000A7
:100540009307800523A2F1AA1305F0FF678000003E
:100550001305000067800000130000001300000076
:10056000B727000023A2F5001305000067800000F4
:100570001305F0FF67800000130000001300000067
:100580001305F0FF67800000130000001300000057
:100590009307200023A2F1AA1305F0FF6780000053
:1005A0009307800523A2F1AA1305F0FF67800000DE
:1005B0009307A00023A2F1AA1305F0FF67800000B3
:1005C00003A781A9130101FE232C8100232E110012
:1005D0009387050013040600630607021306040050
:1005E000175502001305054793850700EF00407F6C
:1005F0008320C101130504000324810113010102BA
:10060000678000002326B100B7C50100938505204F
:1006100013063000175502001305C543EF00406F65
:10062000930210008327C10023AC51A86FF01FFB79
:1006300023A0A1A81305000067800000130000009C
:1006400083A201A8170703001307C79B3385A200E5
:1006500023A0A1A86374E500636825009307C00088
:1006600023A2F1AA9302F0FF138502006780000025
:100670009307100863CC17159302F00263D4121984
:10068000138308FD9308100563EE68021737010015
:100690001307877393132300B386E30003A80600B0
:1006A000330EE80067000E00930EC00A6388D8116D
:1006B00063CE1E1B930F90096382F8119307900A73
:1006C0006386F814973701009387471E973301001C
:1006D0009383E31FB386F34013F8760013075005A6
:1006E000370E00106308080813051000630CA806F5
:1006F000930E20006302D807130F30006308E8054B
:10070000930F4000630EF803130650006304C80201
:1007100093056000630AB8002320EE0097370100BC
:100720009387D71803C707002320EE0003C71700DD
:10073000938717002320EE0003C717009387170045
:100740002320EE0003C71700938717002320EE0035
:1007500003C71700938717002320EE0003C7170075
:1007600093871700938717002320EE0003C7070025
:10077000638C77142320EE0083C2170093878700D1
:1007800023205E0003C3A7FF23206E0083C8B7FFAA
:1007900023201E0183C6C7FF2320DE0003C8D7FF26
:1007A00023200E0103C5E7FF2320AE0083CEF7FF11
:1007B0002320DE0103C70700E39E77FA678000006D
:1007C0009302800523A251AA678000009302F040A3
:1007D000E3CA12EF1303F03FE35813ED938808C008
:1007E0009303F000E3E013EF17370100130747729C
:1007F000139528003306E500832606003388E600BB
:100800006700080013031001E39E68EA930880FA6A
:1008100023A211AB678000003726000023A2C50089
:10082000678000009305200023A2B1AA6780000022
:10083000130EF00123A2C1AB678000001305600115
:1008400023A2A1AA67800000370404802320A4000B
:10085000730050106F00000003AF81A963000F0206
:10086000175502001305051F6F008057130F600D09
:10087000E39AE8E523A0A1A867800000130101FE28
:10088000B7CF01002326C1002324B1001306300096
:1008900093850F20175502001305C51B232E110049
:1008A000EF0000479307100023ACF1A80326C10016
:1008B000832581008320C101175502001305851986
:1008C000130101026F00C051678000001300000097
:1008D00013000000130000000000000000000000F2
:1008E00013050000678000001300000013000000E3
:1008F00013050000678000001300000013000000D3
:1009000013050000678000001300000013000000C2
:1009100013050000678000001300000013000000B2
:1009200013050000678000001300000013000000A2
:100930001305000067800000130000001300000092
:100940001305000067800000130000001300000082
:100950001305000067800000130000001300000072
:100960001305000067800000130000001300000062
:100970001305000067800000130000001300000052
:100980001305000067800000130000001300000042
:100990001305000067800000130000001300000032
:1009A0001305000067800000130000001300000022
:1009B0001305000067800000130000001300000012
:1009C0001305000067800000130000001300000002
:1009D00013050000678000001300000013000000F2
:1009E00013050000678000001300000013000000E2
:1009F00013050000678000001300000013000000D2
:100A000013050000678000001300000013000000C1
:100A100013050000678000001300000013000000B1
:100A200013050000678000001300000013000000A1
:100A30001305000067800000130000001300000091
:100A40001305000067800000130000001300000081
:100A50001305000067800000130000001300000071
:100A60001305000067800000130000001300000061
:100A70001305000067800000130000001300000051
:100A80001305000067800000130000001300000041
:100A90001305000067800000130000001300000031
:100AA0001305000067800000130000001300000021
:100AB0001305000067800000130000001300000011
:100AC0001305000067800000130000001300000001
:100AD0001305000067800000000000000000000017
:100AE0008327C500638407200326050163000620D1
:100AF00083260500034895000327450183C5460169
:100B0000B3E20501A304550013F30502630E031CB1
:100B10006300E61EB303E64093080001138F030051
:100B200063F47800138F0800338EE700834E0E00C5
:100B3000930F1700130810002380D601232AF50114
:100B40006380031BB385F70183C2050013032700ED
:100B50009308200023805600232A6500638213191E
:100B6000338E6700834E0E00130837009305300064
:100B70002380D601232A05016384B316B3820701BB
:100B800003C3020093084700130E40002380660051
:100B9000232A15016386C315B38E170103C80E00FF
:100BA000930557009302500023800601232AB500C5
:100BB000638853123383B700834E030093086700A2
:100BC000130E60002380D601232A1501638AC31106
:100BD00033881701834508009302770013037000E0
:100BE0002380B600232A5500638C630EB38E570012
:100BF00003C80E0093088700130E800023800601AF
:100C0000232A1501638EC30DB385170183C2050026
:100C100013039700930E900023805600232A65004B
:100C20006380D30D33886700834508009308A700CD
:100C3000130EA0002380B600232A15016382C30B84
:100C4000B382170103C30200930EB7001308B0006C
:100C500023806600232AD50163840309B385D70165
:100C600083C205009308C700130EC00023805600FE
:100C7000232A15016386C30733831701834E0300BC
:100C80001308D7009305D0002380D601232A05013D
:100C90006388B304B382070103C302009308E7002B
:100CA000130EE00023806600232A1501638AC30324
:100CB000B38E170103C80E009305F7009302F000EE
:100CC00023800601232AB500638C5300B387B70045
:100CD00083C307001307070123807600232AE5005A
:100CE000330FFF011307FFFF6304E6006780000076
:100CF00003C64600232805001375D60F2382A600DD
:100D000067800000130000001300000013000000C3
:100D1000130101FE232A910083240500232C810066
:100D20002328210123263101232E110023820400D0
:100D300023840400930770FC2384F400130405004B
:100D40009389050013090600238804001386050013
:100D50009306000037D5121393050000EF10801C96
:100D6000935275003707010063FEE200130300F899
:100D7000238664001355F5002382A40023805400C9
:100D8000238604002386240123042401A3040400F1
:100D900097030000938303D5232234018320C101EC
:100DA0002328040023260400232A0400232E040001
:100DB000232C040023220402232074020324810133
:100DC00083244101032901018329C1001301010288
:100DD00067800000130000001300000013000000F3
:100DE000130101FF23260100638C0522630A0622FA
:100DF00003250500130800009307100383464501EF
:100E0000232601000327C10063E2E70A8322C10011
:100E100013831200232661008323C10063E877084F
:100E20008328C100138E18002326C101832EC10020
:100E300063EED707032FC100930F1F002326F10194
:100E40000327C10063E4E7068322C1001383120075
:100E5000232661008323C10063EA77048328C1004D
:100E6000138E18002326C101832EC10063E0D7052D
:100E7000032FC100930F1F002326F1010327C10098
:100E800063E6E7028322C100138312002326610078
:100E90008323C10063EC77008328C100138E180000
:100EA0002326C101832EC100E3F2D7F793F6060291
:100EB000E38606F423260100032FC10063E2E70B5B
:100EC000832FC10013871F002326E1008322C10066
:100ED00063E857080323C10093031300232671001E
:100EE0008328C10063EE1707032EC100930E1E0076
:100EF0002326D1018326C10063E4D706032FC10056
:100F0000930F1F002326F1010327C10063EAE704C2
:100F10008322C10013831200232661008323C100B2
:100F200063E077048328C100138E18002326C101D3
:100F3000832EC10063E6D7038326C100138F1600FA
:100F40002326E101832FC10063ECF7010327C100D1
:100F500093021700232651000323C100E3F267F632
:100F6000B383050183C8030013081800230015018B
:100F700023260100032EC10063E2C70B832EC100AC
:100F800093861E002326D100032FC10063E8E709E2
:100F9000832FC10013871F002326E1008322C10095
:100FA00063EE57060323C100930313002326710049
:100FB0008328C10063E41707032EC100930E1E00AF
:100FC0002326D1018326C10063EAD704032FC10081
:100FD000930F1F002326F1010327C10063E0E704FC
:100FE0008322C10013831200232661008323C100E2
:100FF00063E677028328C100138E18002326C101FF
:10100000832EC10063ECD7018326C100138F160025
:101010002326E101832FC100E3F2F7F7E360C8DE86
:10102000130101016780000013000000130000009D
:101030006388050C03C605006304060C83270500BE
:10104000130101FF9386150003C74701A307E100C1
:101050008342F10013F302026318030883C34701BC
:10106000A30771000345F10093750502639E050611
:1010700003C84701A30701018348F10013FE0802DA
:1010800063140E0683CE4701A307D101034FF1007D
:10109000937F0F02639A0F0403C74701A307E10080
:1010A0008342F10013F302026310030483C3470178
:1010B000A30771000345F1009375050263960502CD
:1010C00003C84701A30701018348F10013FE08028A
:1010D000631C0E0083CE4701A307D101034FF1002B
:1010E000937F0F02E3820FF6938616002380C700DA
:1010F00003C6F6FFE31A06F413010101678000003E
:1011000067800000130000001300000013000000BF
:10111000630C0602638A0502032705009706000098
:101120009386469C2326B500834747002328C500A5
:10113000232A05002320D50293E22700230257002B
:10114000732340F16304030067800000B725000C9F
:10115000975302009383039003A60500330575405F
:101160001338150093081000339E0801B36ECE00AB
:1011700023A0D501678000001300000013000000C9
:1011800083270500034795008326050183C2470195
:1011900033E3E200A304650093F3F20F63980600C3
:1011A00013D5630013751500678000001305000058
:1011B000678000001300000013000000130000000F
:1011C00063820506630006060328050003479500B1
:1011D00083474801B3E2E700A304550013F3170067
:1011E00063020304130E00006F008000638E0F0281
:1011F00083460800B383C501130E1E002380D3006D
:101200000328050083489500834E480133EF1E01F3
:10121000A304E50193FF1E00E36ACEFC13050E0054
:1012200067800000130E000013050E0067800000A9
:10123000F32740F163960702B726000C1757020008
:101240001307478103A60600B302E54013B312005B
:101250009303100033986300B368C80023A01601FD
:10126000370E0100930EFEFF638CD50103250500A8
:1012700093F5F500034F4500B36FBF002302F5015E
:10128000678000001300000013000000130000003E
:10129000638C05029337160C638807020327050049
:1012A000232EB5008342870013F3F203B363C30018
:1012B000230477008345470013E615002302C70087
:1012C000F32640F16384060067800000B728000C15
:1012D000174802001308087803AE080033050541DB
:1012E000933E1500130F1000B31FDF01B3E7CF01CA
:1012F00023A0F80067800000130000001300000026
:1013000063840502032705002320B5022326050078
:10131000834747002328050093E227002302570054
:10132000732340F16304030067800000B725000CBD
:10133000974302009383037283A60500330575402B
:101340001336150013081000B318C80033EED80088
:1013500023A0C501678000001300000013000000F7
:1013600063800502032705002322B5028347470057
:1013700093E2870023025700732340F163040300C4
:1013800067800000B725000C974302009383836CAD
:1013900083A60500330575401336150013081000A9
:1013A000B318C80033EED80023A0C5016780000041
:1013B00063860512630406128327050083469500A1
:1013C00003C74701B362D700A30455001373070294
:1013D00063060310930300011305060063E4C310C2
:1013E00003C805009308100023800701630A160F45
:1013F00003CE1500930E20002380C7016302D60F91
:1014000003CF2500930F30002380E701630AF60D18
:1014100083C63500130740002380D7006302E60C23
:1014200083C245001303500023805700630A660AF5
:1014300083C3550013086000238077006302060B06
:1014400083C86500130E700023801701630AC60964
:1014500083CE7500130F80002380D7016302E60955
:1014600083CF8500930690002380F701630AD60698
:1014700083C295001307A000238057006302E6068D
:1014800003C3A5009303B00023806700630A7604BA
:1014900003C8B5009308C000238007016302160546
:1014A00003CEC500930ED0002380C701630AD60384
:1014B00003CFD500930FE0002380E7016302F6031A
:1014C00083C6E5009302F0002380D700630A56002C
:1014D00083C5F5002380B700678000001305000076
:1014E00067800000138503006FF09FEF130000007A
:1014F000832705000347950083C24701A304050025
:1015000033E5E2001375E509678000001300000071
:101510008327050003C587016780000013000000D2
:1015200003270500834795008342470133E3F20018
:10153000A304650013F50206678000001300000095
:10154000032705008347C70093E2070423065700DB
:10155000678000001300000013000000130000006B
:10156000032705008347C70093F2F70B23065700B4
:101570006780000013000000000000000000000071
:1015800013068001930605009387050013071000DA
:1015900093050600130500246F00806D1300000002
:1015A000130101FF2324810013040600232291006C
:1015B000138606009384050093050400232611007A
:1015C000EF00000483A704001305000063C80700B0
:1015D00003250400B302F54013B512008320C100B7
:1015E000032481008324410013010101678000006E
:1015F00013000000000000000000000000000000D8
:10160000130101FC232E8102232A21032328310305
:10161000232641032324510323226103232C910217
:1016200023207103232E8101232C9101232AA10160
:101630002328B1011383050093080600930A65016E
:1016400093090000130A0000973301009383439429
:1016500017540200130404F1975E0200938E8E1457
:101660001309F00F130B0021B306350193144A0040
:101670009389090393A70463973F0100938F4F8DCC
:10168000173701001307C79093850400639607007E
:1016900093820480938502F9B382BE006F0000023A
:1016A000938F4F006354B9009305F00F2380B2006D
:1016B0006382F313938212001307070103080700E4
:1016C00003C6060083CC1600830B170003CC26004C
:1016D00083052700B307C80283CD3600030F370008
:1016E00003CD8601030E47000308570003A60F0031
:1016F000B38B9B0383CC9601B387C70003066700B7
:10170000B3858503B387770103CCA601830B7700EC
:10171000330FBF03B387B70083C5B601830D8700BE
:10172000330EAE03B387E70103CF0603030D970023
:1017300033089803B387C70103CE1603830CA700B1
:1017400033068603B387070103C82603030CB700DB
:10175000B38BBB02B387C70083C536030306C7003C
:10176000338FED03B387770183CD8604830BD700D6
:10177000330ECD03B387E70103CD9604030FE700D3
:1017800033880C03B387C70183CCA604030EF7008C
:10179000330CBC02B385070103C8B6043306B60395
:1017A000B38D8501B38BAB03338DCD00330F9F0316
:1017B000B3077D01B30C0E03338EE701330C9E019A
:1017C00093558C40E34E80ED23800200938F4F00B1
:1017D000E3927FEE9386260093840401E39C56E90E
:1017E000938A0603130ABA00E39069E9930B030096
:1017F000130800009306000097120200938202254E
:10180000975F0200938F0FFF173601001306468E75
:10181000130A0016130FF0629305F00F930A80006D
:10182000130B400013830800B38946032326D1001D
:1018300093070800130C000093860B0013174C004D
:10184000B30B3701973D0100938D8D843309F4006C
:1018500093040019938C070093030C0083A70D00D9
:10186000938804E713850B002324B101130E0500B0
:101870006376AF00130D0580130E0DF9338CCF0185
:101880003387CE0123228101338E1201834D07005D
:10189000030C0E00034D170013078700338C8D03D4
:1018A000830D1E00130E8E00B30DBD03B387870199
:1018B000034DA7FF030CAEFFB387B701330C8D03B5
:1018C000830DBEFF034DB7FFB30DBD03B387870183
:1018D000034DC7FF030CCEFFB387B701330C8D0355
:1018E000830DDEFF034DD7FFB30DBD03B387870123
:1018F000034DE7FF030CEEFF330C8D03338DB7016F
:101900008347F7FF830DFEFFB387B703330C8D01C9
:10191000032D4100B307FC00E31AEDF69388080598
:101920001305050BE39414F5032781006354F002BB
:1019300093DD874063D4B501930DF00F2300B917F1
:10194000930D4700630EB60113091900938404191F
:101950006FF0DFF023000916930D4700E396CDFEEC
:10196000138C230093878C01E31A5CED8329C1005B
:10197000938B06001308080693861900E39666EB1E
:1019800093080300972501009385857613830B0048
:1019900017380100130888FB173901001309C99A89
:1019A000138501DC130A00189309F00F83A70500C3
:1019B000975E0200938E0ED7130E000013870EFA67
:1019C0003306C8010344070083020600030B160018
:1019D000834A1700330F540283042600834D2700E7
:1019E000030D360003443700830C46008343470051
:1019F000030C560083425700830B6600B38A6A03C8
:101A0000834F6700B387E701030B7600034F77002E
:101A10001307870013068600B38D9D02B384570118
:101A20003304A403338DB401B3839303B30C8D004B
:101A3000B3828203338C7C00B38F7F03B30B5C00D3
:101A4000B30A6F03B387FB01B3875701E31CD7F7D2
:101A5000130E0E06930E0706E3124EF76354F002C0
:101A600013DF874063D4E901130FF00F2300E50172
:101A700093854500630EB900130515001308081877
:101A80006FF0DFF22300050093854500E39625FF04
:101A9000938461E5173501001305858D13880400D3
:101AA00093090500973501009385058A1309F00F06
:101AB00083A7050013060500138701DC834D07008B
:101AC00003040600834B1700030B1600B38E8D0230
:101AD000830A2600034A270003043600834D37009B
:101AE000030D460083434700830C56008342570092
:101AF000030C6600338E6B03834F6700830B760005
:101B0000034F7700030B8600B387D701834E87000E
:101B10001307A7001306A600330A5A03B387C701A9
:101B2000830AF6FF034EF7FFB38D8D02338447011E
:101B3000B383A303330DB401B3829203B30C7D00CE
:101B4000B38F8F03338C5C00330F7F03B30BFC0127
:101B5000B38E6E03338BEB01330A5E03B307DB01F5
:101B6000B3874701E39CE4F413DEB740635AC90F1F
:101B70001306F00F2300C8009385450013081800D2
:101B800013056509E39635F3838C61E5838471E57C
:101B9000930F000063D69C00938C0400930F1000F9
:101BA000838981E563D63C01938C0900930F200063
:101BB000038991E563D62C01930C0900930F300043
:101BC000838DA1E563D6BC01938C0D00938F060035
:101BD0008386B1E563D6DC00938C0600930F50003A
:101BE0000384C1E563D68C00930C0400930F60005E
:101BF0008383D1E563D67C00938C0300930F700040
:101C0000038DE1E563D6AC01930C0D00930F8000CA
:101C10008382F1E563D65C00938C0200930F900001
:101C2000238098010324C1032320F301832481032B
:101C30000329410383290103032AC102832A810264
:101C4000032B4102832B0102032CC101832C810150
:101C5000032D4101832D0101130101046780000060
:101C60001347FEFF935AF74133765E016FF09FF002
:101C70009388C1A903AE0800130101FD930205007A
:101C800023261102930E102513052E00938F0500B5
:101C9000130F06009383060063ECAE1C9746020008
:101CA0009386C6DDB385C60103C3050003C81500CE
:101CB00023A0A80013060005631AC300130EB8FC86
:101CC000937EFE0F13051000637CD5018320C102B3
:101CD00017250100130545C9130101036F00905F2B
:101CE00003A80800930610251306B80063E4C61E77
:101CF00023A0C80013038FFE631A030A93868FFE86
:101D00006396060A83A5080093061025338EB20059
:101D100063E0C611638C03022322E100174702002F
:101D20001307C7D5B305B700138602001385030058
:101D30002324F1002320C101EF1080348327810088
:101D400003274100032E01009388C1A923A0C801E5
:101D500083AE080013162700930610253305D6011D
:101D600063E6A6066382070217480200130808D13B
:101D70002320A100B305D80113850700EF104030E0
:101D8000032501009388C1A923A0A80083A308000C
:101D9000130F10256386E3038320C102172501007A
:101DA0001305C5CA130101036F00D0528320C1027D
:101DB000172501001305C5BC130101036F009051E5
:101DC0008320C10213010103678000001306050090
:101DD000973502009385851F17250100130505B768
:101DE0002320E100EF00D033832701009305F0FFAB
:101DF0009388C1A9E38CB7F8138607001725010063
:101E0000130585BFEF00D0319388C1A96FF01FF88B
:101E100013060E00973502009385451B1725010018
:101E20001305C5B22324F1002322E1002320510031
:101E3000EF00102F032601009305F0FF0327410058
:101E4000832781009388C1A9E304B6F01725010018
:101E50001305C5B52322F1002320E100EF00502C2B
:101E600083274100032701009388C1A96FF05FEE2B
:101E7000232AD1002328C1002326B1001306050020
:101E800093860E00973502009385451417250100AF
:101E90001305C5AB232EF100232CE10023245100B0
:101EA0002322010023200100EF0090278327C10196
:101EB0000327810183234101032F0101832FC100E7
:101EC0008322810003284100032301009388C1A9D4
:101ED0006FF05FDE973502009385450F17250100EF
:101EE0001305C5A6232AF1002328E100232671004B
:101EF0002324E1012322F10123205100EF0050228D
:101F000083274101032701018323C100032F81009F
:101F1000832F4100832201009388C1A96FF09FDDC8
:101F200013000000130806009307050093880500BE
:101F3000639C060C63FAC522370701006368E63626
:101F400037070001130380016374E60013030001E7
:101F5000B356660017370200130787083307D70008
:101F6000034707009306000233076700630ED7009C
:101F7000B386E640B398D5003357E5003318D60052
:101F8000B317D500B36817011356080133D5C8023B
:101F90009316080193D6060113D70701B3F8C802B8
:101FA000B385A6029398080133671701637CB700D5
:101FB000B308E8001387080063F4B80063F4083935
:101FC0001305F5FF3307B740B355C70293970701D1
:101FD00093D707013377C702B386B60213170701F9
:101FE000B3E7E70063FAD700B307F80063F4D7005C
:101FF00063F607359385F5FF131505013365B500C5
:10200000930500006780000063F8D5009305000089
:102010001305000067800000B707010063E6F62A99
:10202000370700019307800163F4E600930700017E
:1020300033D8F60017370200130787FA3307070172
:1020400003470700130800023307F7006306072958
:102050003308E840B358E600B3960601B3E8D80069
:1020600033D3E50093DE0801B357D303139E080171
:10207000B3950501135E0E013357E5003367B700D2
:1020800093560701331606013373D303B305FE02DB
:1020900013130301B3E6660063FCB6003383D80074
:1020A000930603006374B300637C132D9387F7FFDB
:1020B000B386B64033D3D60313170701135707016E
:1020C000B3F6D603B3056E02939606013367D700C5
:1020D000637CB700B386E8001387060063F4B6009C
:1020E00063F416291303F3FF93970701B3E6670020
:1020F0003307B740931706019315030193D70701E0
:1021000093D5050113D3060113560601330EF302CE
:10211000B388F502B385C50293D70801B385C5011D
:10212000B387B7003303C30263F6C7013706010064
:102130003303C30013D60701330666006360C7028A
:102140009398080193D80801939707013315050167
:10215000B3871701637EF51E631CC71E1385F6FF48
:102160009305000067800000630A0614370701002A
:10217000637CE6189338061093B8180093983800DB
:10218000B356160117370200130787E53307D70048
:10219000034707009306000233071701630AD714A9
:1021A000B387E6403318F60033D3E50093580801AF
:1021B000335E130313160801B395F5001356060199
:1021C0003357E5003367B70093560701B317F5009F
:1021D00033731303B305C60313130301B3E6660099
:1021E00063FCB6003305D800930605006374B500A0
:1021F00063760517130EFEFFB386B64033D516037C
:102200001317070113570701B3F616033303A6028A
:10221000939606013367D700637C6700B306E80036
:102220001387060063F4660063F606151305F5FFD1
:1022300093150E01B3E5A500330767403355170327
:1022400093D60701337717033303C502131707012A
:1022500033E7E600637C6700B306E80013870600F7
:1022600063F4660063F6060D1305F5FF3307674058
:10227000B35617039397070193D7070133771703D3
:102280003386C60213170701B3E7E70063FAC700F6
:10229000B307F80063F4C70063F807099386F6FFF5
:1022A000131505013365D500678000001333061050
:1022B00013331300131333006FF09FC9930600000C
:1022C000930800006FF01FEC93B7061093B7170048
:1022D000939737006FF0DFD53336C500B3B6B6003D
:1022E0001336160033E5C600930500006780000032
:1022F0003387C5409358060113160601135606018D
:10230000930510006FF09FF3370700016378E60034
:1023100093560601930800016FF0DFE6935686019D
:10232000930880016FF01FE69386E6FF6FF05FF77A
:102330001305E5FF338706016FF05FF39385E5FF33
:102340006FF09FCB1305E5FF338708016FF09FC740
:10235000138506009305000067800000130EEEFF52
:10236000B30605016FF05FE91303E3FF338716013E
:102370006FF09FD71305E5FF338706016FF05FEB22
:102380009387E7FFB30613016FF09FD29305050013
:102390009306000013060000130500006F0090690B
:1023A000174602001306C6929755000093854543D1
:1023B00017450200130585926F00C046832545002E
:1023C000130101FF23248100232611009387013587
:1023D000130405006384F500EF504040832584001A
:1023E0009387813B6386F50013050400EF50003F9F
:1023F0008325C40093870142638CF5001305040014
:10240000032481008320C100130101016F50003DAE
:102410008320C100032481001301010167800000B3
:1024200083A7450693F717006398070083D7C50075
:1024300093F70720638607001305000067800000FC
:1024400003A58505130101FF23261100EF00D033FA
:102450008320C10013050000130101016780000003
:1024600083A7450693F717006398070083D7C50035
:1024700093F70720638607001305000067800000BC
:1024800003A58505130101FF23261100EF0050313C
:102490008320C100130500001301010167800000C3
:1024A000130101FE970700009387C7EF232E110049
:1024B000232C8100232A9100138401352328210134
:1024C00023263101232441011306800093050000D7
:1024D00023A0F1AA1385C13A930740002326F400F4
:1024E00023200400232204002324040023220406C2
:1024F00023280400232A0400232C0400EF00902A40
:10250000170A0000130A0A5E970900009389C9633D
:10251000170900001309C96B9704000093848471A4
:102520001385813A232044032322340323242403E4
:1025300023269402232E8400EF001024B707010005
:10254000938797001306800093050000138541418F
:10255000232AF4062324040623260406232804063B
:102560002326040C232C0406232E0406232004080F
:10257000EF0050239387813B138501412322F40808
:10258000232444092326340923282409232A9408D0
:10259000EF00901EB7070200938727011306800003
:1025A000930500001385C147232EF40C2328040C47
:1025B000232A040C232C040C232A04122320040EA7
:1025C0002322040E2324040EEF00D01D9387014222
:1025D0002328440F232A340F232C240F232E940E58
:1025E0002326F40E032481018320C10183244101A9
:1025F000032901018329C100032A81001385814732
:10260000130101026F005017130101FE232A9100EC
:1026100093040500138541AC232E1100232C810067
:10262000EF00901683A701AA6386071017380200EF
:102630001308086A9306F0FF832748009387F7FF83
:1026400063C80708032488006F00C00013048406D1
:102650006380D7080317C4009387F7FFE31807FECA
:10266000B707FFFF938717002326F400130584059F
:1026700023220406EF005010138541ACEF005012E6
:102680001305C4052320040023240400232204008E
:1026900023280400232A0400232C040013068000AE
:1026A00093050000EF00101023280402232A0402DF
:1026B00023220404232404048320C10113050400FD
:1026C000032481018324410113010102678000007A
:1026D0000324080063060400130804006FF0DFF50C
:1026E0009305C01A1385040023260101EF10C019B9
:1026F0000328C1001304050063020504930740008A
:102700002322F5001305C500232004002324A40080
:102710001306001A9305000023260101EF0090081C
:102720000328C1009306F0FF23208800130804004B
:102730006FF09FF0EFF0DFD66FF05FEF232008001F
:10274000138541ACEF00D0059307C00023A0F4002F
:102750006FF09FF6130101FF23248100130405008D
:10276000138541AC23261100EF0010028327440398
:10277000639C070083A701AA17070000130747C43B
:10278000232AE402638C0700032481008320C10014
:10279000138541AC130101016F009000EFF05FD091
:1027A000032481008320C100138541AC1301010182
:1027B0006F00007F138541AC6F00007D138541AC35
:1027C0006F00007E130101FF138541AC2326110029
:1027D000EF00807B8320C100173602001306464FAE
:1027E00097050000938505C413050000130101013E
:1027F0006F004003130101FF173602001306464D18
:1028000097050000938505C61305000023261100D7
:10281000EF0040018320C100138541AC1301010189
:102820006F000078130101FD23202103232E3101C5
:10283000232C4101232A5101232861012326710100
:10284000232611022324810223229102930A0600E7
:10285000130B0500938B0500130A00009309100069
:102860001309F0FF83A44A009384F4FF63CA0402AF
:1028700003A48A008357C40063FEF9008317E400B1
:102880009305040013050B0063862701E7800B0006
:10289000336AAA009384F4FF13048406E39C24FDA6
:1028A00083AA0A00E3900AFC8320C1020324810268
:1028B00083244102032901028329C101832A4101A2
:1028C000032B0101832BC10013050A00032A810198
:1028D0001301010367800000130101FC138E050042
:1028E00083258500130381022324C1022326D102FC
:1028F00013060E0093060300232E11002328E10285
:10290000232AF102232C0103232E11032326610025
:10291000EF1090008320C1011301010467800000C3
:1029200003A341A8130101FC2324C1022326D102E1
:102930002322B1022328E102232AF102232C0103DE
:10294000232E1103832583009306410213060500FD
:1029500013050300232E11002326D100EF10C07BA6
:102960008320C1011301010467800000130101FDF0
:10297000232291029304050013850500232481027C
:102980002326110213840500EF00100283A74403DD
:1029900013081500971501009385C505130610004F
:1029A000930601011307200023288100232AA10098
:1029B00023260101232CB100232EC1002322D100A4
:1029C0002324E10003A48400638C070E83274406BC
:1029D0000317C40093F61700638E060693162701AB
:1029E00063CA0608B7E6FFFF9386F6FF37260000A6
:1029F000B3F7D7003367C7002322F4062316E40099
:102A0000139727016344070C138504001306410044
:102A100093050400EF5080343337A0008327440629
:102A20003307E0409364A70093F71700639807000B
:102A30008357C40093F70720638607048320C102ED
:102A4000032481021385040083244102130101033E
:102A5000678000009376072063860604931627019B
:102A6000E3D206F813972701E35007FA9304F0FF27
:102A70006FF01FFC13972701E35807F89304F0FF4A
:102A80006FF0DFFB03258405EF0080518320C10236
:102A900003248102138504008324410213010103EE
:102AA0006780000003258405EF00004E0317C40073
:102AB0008327440693162701E3C406F46FF09FF2C0
:102AC00013850400EFF01FC96FF05FF09304F0FF6F
:102AD0006FF09FF59305050003A541A86FF01FE96E
:102AE000130101FF23248100138405008395E50071
:102AF00023261100EF00402D6340050283270405C3
:102B00008320C100B387A7002328F4040324810095
:102B100013010101678000008357C40037F7FFFFEE
:102B20001307F7FFB3F7E7008320C1002316F40073
:102B300003248100130101016780000013050000D8
:102B4000678000008397C500130101FE1383060010
:102B5000232E110093F60710138705009308060033
:102B60001308050063980602B7F6FFFF9386F6FF89
:102B70008320C101B3F7D7008315E7002316F700C0
:102B800093060300138608001305080013010102D1
:102B90006F0040298395E5002324C100930620009F
:102BA00013060000232661002320E1002322A10058
:102BB000EF00C01B032701000323C100832881000D
:102BC0008317C700032841006FF01FFA130101FFAC
:102BD00023248100138405008395E500232611003A
:102BE000EF00C0181307F0FF8317C4006302E5026B
:102BF00037170000B3E7E7008320C1002328A404AF
:102C00002316F400032481001301010167800000F2
:102C10001307058013070780B3F7E7008320C1007F
:102C20002316F400032481001301010167800000D2
:102C30008395E5006F004000130101FF232481000C
:102C4000130405001385050023A201AA2326110001
:102C5000EFD00FFE9307F0FF630AF5008320C10059
:102C600003248100130101016780000083A741AAAA
:102C7000E38607FE8320C1002320F40003248100A3
:102C8000130101016780000083A741A8638EA70C90
:102C900083254504130101FE232A9100232E1100F0
:102CA000232C810093040500638805042328210157
:102CB000232631011309000093090008B387250179
:102CC00003A40700630E040093050400032404001A
:102CD00013850400EF00D00CE31804FE83A5440420
:102CE00013094900E31C39FD13850400EF00500B64
:102CF000032901018329C10083A58403638605009C
:102D000013850400EF00D00903A40404630C04003D
:102D1000930504000324040013850400EF00500809
:102D2000E31804FE83A5C40463860500138504002C
:102D3000EF00100783A74403638E0700032481017B
:102D40008320C10113850400832441011301010282
:102D5000678007008320C10103248101832441018E
:102D6000130101026780000067800000938705005F
:102D7000130101FF232481009305060013040500BD
:102D800013860600138507002326110023A201AA3B
:102D9000EFD00FF89307F0FF630AF5008320C1001E
:102DA00003248100130101016780000083A741AA69
:102DB000E38607FE8320C1002320F4000324810062
:102DC000130101016780000093870500130101FFD3
:102DD00023248100930506001304050013860600D2
:102DE000138507002326110023A201AAEFD04FF676
:102DF0009307F0FF630AF5008320C10003248100DC
:102E0000130101016780000083A741AAE38607FE42
:102E10008320C1002320F400032481001301010159
:102E20006780000093870500130101FF23248100C0
:102E3000930506001304050013860600138507009A
:102E40002326110023A201AAEFD08FF79307F0FFEA
:102E5000630AF5008320C1000324810013010101EE
:102E60006780000083A741AAE38607FE8320C10094
:102E70002320F40003248100130101016780000076
:102E8000130101FF232481002320210123261100A7
:102E90002322910017390200130949BB173402009D
:102EA0001304C4BA630289023309894013592940C3
:102EB0009304000083270400938414001304440047
:102EC000E7800700E3E824FF17390200130949B837
:102ED00017340200130484B763028902330989405E
:102EE000135929409304000083270400938414009D
:102EF00013044400E7800700E3E824FF8320C100B7
:102F000003248100832441000329010013010101EE
:102F10006780000097370200938787B31737020056
:102F2000130707B3130101FFB387E7402322910082
:102F30002326110093D427406386040223248100B2
:102F400017340200130484B03304F4008327040010
:102F50009384F4FF1304C4FFE7800700E39804FEA2
:102F6000032481008320C100832441001301010157
:102F700067800000678000006780000067800000B5
:102F80006780000067800000678000001305100064
:102F90006780000013051000678000006780000054
:102FA000678000001303F00013070500637EC3026F
:102FB0009377F7006390070A63920508937606FFFC
:102FC0001376F600B386E6002320B7002322B7006D
:102FD0002324B7002326B70013070701E366D7FEB3
:102FE0006314060067800000B306C3409396260072
:102FF00097020000B38656006780C6002307B7001B
:10300000A306B7002306B700A305B7002305B70042
:10301000A304B7002304B700A303B7002303B7003A
:10302000A302B7002302B700A301B7002301B70032
:10303000A300B7002300B7006780000093F5F50FE9
:1030400093968500B3E5D50093960501B3E5D500C9
:103050006FF0DFF69396270097020000B3865600C4
:1030600093820000E78006FA93800200938707FFAF
:103070003307F7403306F600E378C3F66FF0DFF36B
:10308000B3C7A50093F73700B308C50063960706DA
:1030900013364600631206069377350013070500C2
:1030A000639A070C13F6C8FFB306E64093070002C5
:1030B00063C4D7069386050093070700637AC702A7
:1030C00003A80600938747009386460023AE07FFB8
:1030D000E3E8C7FE1306F6FF3306E6401376C6FFA5
:1030E0009385450013074700B385C5003307C70024
:1030F000636817016780000013070500E37C15FF74
:1031000083C705001307170093851500A30FF7FE6B
:10311000E398E8FE6780000083A6050083A24500CF
:1031200083AF850003AFC50083AE050103AE450143
:1031300003A3850103A8C5012320D70083A60502A8
:1031400013074702232057FE232ED7FE2322F7FF23
:10315000B306E6402324E7FF2326D7FF2328C7FF33
:10316000232A67FE232C07FF93854502E3C6D7FA7F
:103170006FF05FF483C605001307170093773700DD
:10318000A30FD7FE93851500E38E07F083C60500D5
:103190001307170093773700A30FD7FE9385150009
:1031A000E39A07FC6FF01FF09377350013070500D3
:1031B000639C0704B7867F7F9386F6F79305F0FF3D
:1031C0000326070013074700B377D600B387D7005D
:1031D000B3E7C700B3E7D700E384B7FE8346C7FF72
:1031E000B307A740638406048346D7FF638C0602B7
:1031F0000345E7FF3335A0003305F5001305E5FF70
:1032000067800000E38806FA83470700130717006A
:1032100093763700E39807FE3307A7401305F7FFBF
:10322000678000001385D7FF678000001385C7FF04
:1032300067800000130101FD23248102138481A80B
:103240002322910293040500032504002320210377
:10325000232E31012326B100232611021309060073
:1032600093890600EFF05FD283A781AC8325C1006C
:103270006384070803A747009306F00103250400B1
:1032800063C2E60893162700639C04021307170025
:1032900023A2E700B387D70023A4B700EFF05FD0E5
:1032A000130500008320C10203248102832441020C
:1032B000032901028329C101130101036780000072
:1032C000B388D70023A4280903A887181306100081
:1032D0003316E6003368C80023A4071923A4381165
:1032E00013082000E39404FB03A8C7183366C80042
:1032F00023A6C7186FF09FF99387814823A4F1ACE8
:103300006FF05FF7EFF0DFC91305F0FF6FF09FF983
:10331000130101FD23267101938B81A823286101EC
:10332000130B050003A50B00232C4101138A81AC6C
:10333000232021032324810123261102138C05005D
:10334000EFF09FC403290A00630C0908232E310102
:10335000232A510123248102232291022322910155
:103360009309F0FF930A1000832449001384F4FFAB
:10337000634E040493942400B304990063140C086E
:103380008327490083A644009387F7FF6388870C4F
:1033900023A20400638606028327891833978A00D4
:1033A000832C4900B377F70063920708E780060093
:1033B0000327490083270A00631C9709639A27099A
:1033C0001304F4FF9384C4FFE31A34FB0324810243
:1033D000832441028329C101832A4101832C4100B6
:1033E00003A50B008320C10203290102032A8101E6
:1033F000032B0101832BC100032C81001301010366
:103400006FF01FBA83A744101307F4FFE30AFCF61A
:103410001304E4FFE30C37FB83A7041063848705E0
:10342000938484FFE31034FF6FF05FFA8327C91899
:1034300083A544083377F700631C070213050B00CC
:10344000E78006000327490083270A00E30897F76F
:10345000E38E07F6138907006FF01FF1232289001E
:103460006FF05FF3130407009384C4FF6FF05FF104
:1034700013850500E78006006FF09FF3130101FE3E
:10348000232C8100232A91002328210123263101A6
:1034900013840500232E110013090500973902003B
:1034A0009389C997EF00504683A78900371700001A
:1034B00083A4470093F4C4FF9387F47F9387077F27
:1034C000338487401354C4001304F4FF1314C4005E
:1034D000634EE4009305000013050900EF50D05936
:1034E00083A78900B38797006306F50213050900D7
:1034F000EF0010428320C101032481018324410194
:10350000032901018329C1001305000013010102F1
:1035100067800000B305804013050900EF50D055C7
:103520009307F0FF6304F50403A7890083A7816173
:10353000B384844093E41400232297001305090008
:10354000B387874023ACF160EF00903C8320C1013A
:103550000324810183244101032901018329C1003E
:10356000130510001301010267800000930500009D
:1035700013050900EF50505003A789009306F0008F
:10358000B307E540E3D4F6F683A6C1A893E7170096
:103590002322F7003305D54023ACA1606FF01FF55F
:1035A00063840512130101FE232C81002326B10040
:1035B00013040500232E1100EF0010358325C100F0
:1035C000973802009388888503A8880003A5C5FF63
:1035D000138785FF9377E5FF3306F70083264600C0
:1035E0001373150093F6C6FF6308C8182322D6008C
:1035F0003308D6000328480013781800631A03081C
:1036000003A385FF173502001305C5813307674003
:1036100083258700B3876700638AA5120323C70049
:1036200023A665002324B300630C081893E6170053
:103630002322D7002320F6009306F01F63E2F60A48
:1036400093F687FF9386860083A54800B386D8004B
:1036500003A6060013D5570093071000B397A700E1
:10366000B3E7B700938586FF2324C7002326B7005E
:1036700023A2F80023A0E6002326E6001305040099
:10368000032481018320C101130101026F0050282E
:10369000631E0802B387D70017250200130585783B
:1036A0008326860013E81700B305F7006380A6168B
:1036B0000326C60023A6C6002324D6002322070122
:1036C00023A0F5006FF05FF7678000001365150019
:1036D00023AEA5FE2320F6009306F01FE3F2F6F6D4
:1036E00093D69700130640006360D60E93D667000A
:1036F000938596039395350013868603B385B800AA
:1037000083A60500938585FF6398D5006F00C011DF
:1037100083A686006388D50003A646001376C6FFFD
:10372000E3E8C7FE83A5C6002326B7002324D700FD
:1037300013050400032481018320C10123A4E500B3
:1037400023A6E600130101026F00901C6310080A13
:103750008325C60003268600B386F60093E716008D
:103760002326B60023A4C5002322F7003307D70081
:103770002320D7006FF09FF0B386D70063100302B9
:1037800083A785FF3307F74003268700B386F6003B
:103790008327C7002326F60023A4C70013E61600DC
:1037A00083A701A92322C70023A4E800E3E8F6ECDD
:1037B00083A541AD13050400EFF05FCC6FF01FEC63
:1037C000B387D7006FF0DFED130640016378D602B0
:1037D000130640056368D60693D6C7009385F606A0
:1037E000939535001386E6066FF05FF193E61700B8
:1037F0002322D7002320F6006FF05FE89385C605EB
:10380000939535001386B6056FF05FEF23AAE800A5
:1038100023A8E8002326A7002324A70023220701CA
:1038200023A0F5006FF09FE503A54800135626403E
:1038300093071000B397C700B3E7A70023A2F800CF
:103840006FF09FEE13064015636CD60093D6F70019
:103850009385860793953500138676076FF01FEAE8
:1038600013064055636CD60093D627019385D6077F
:10387000939535001386C6076FF05FE89305803F88
:103880001306E0076FF09FE7130101FC232C810270
:10389000232E11029387B50013076001130405005E
:1038A000636EF7089306000163ECB606EF00D005DF
:1038B00093060001130780019308200017280200D7
:1038C0001308C8553307E80083274700130687FF0E
:1038D000638EC74403A7470003A6C70083A58700DC
:1038E0001377C7FF3387E7008326470023A6C50069
:1038F0002326F1002324B60093E6160013050400E6
:103900002322D700EF00D0008327C1008320C1030A
:1039100003248103138587001301010467800000DD
:103920009307C0002320F400130500008320C10387
:1039300003248103130101046780000093F687FFCD
:10394000E3C007FEE3EEB6FC2326D100EF00C07B08
:103950008326C1009307701F63F8D74C93D7960056
:10396000638E071613074000636AF74293D7660019
:1039700093889703138E8703139538001728020046
:103980001308C8493305A80083274500130585FFA0
:103990006308F5021303F0006F00400183A5C70020
:1039A00063560634630EB5009387050003A74700EE
:1039B0001377C7FF3306D740E352C3FE93080E00C8
:1039C00083270801972E0200938ECE45638ED72D54
:1039D00003A747009305F0001377C7FF3306D740CE
:1039E00063CEC546232AD8012328D8016354064450
:1039F0001306F01F032348006362E634137687FF43
:103A0000130686003306C8008325060013555700A9
:103A1000130710003317A7003363E300130786FF73
:103A200023A4B70023A6E700232268002320F60082
:103A300023A6F50093D72840130510003315F50091
:103A40006366A30AB3776500639407021315150034
:103A500093F8C8FFB377650093884800639A07001E
:103A600013151500B377650093884800E38A07FEB5
:103A7000130EF000139F3800330FE80113030F00FB
:103A80000327C300938F0800630CE332032647002B
:103A9000930707000327C7001376C6FFB305D64078
:103AA000634CBE32E3C205FE3386C7008326460060
:103AB00083A587001305040093E616002322D60091
:103AC00023A6E5002324B7002326F100EF0040647D
:103AD0008327C100138587006FF05FE51305002081
:103AE00093080004130EF0036FF05FE9832788004A
:103AF00003A747001373C7FF3306D3406366D300A1
:103B0000132706016306071A83A541AD03A6C1A8C2
:103B10001307F0FFB385B6006306E64237170000CF
:103B20001307F700B385E50037F7FFFFB3F5E500AE
:103B300013050400232E0101232CF100232AD100B8
:103B4000232861002326B100EF5000731307F0FF14
:103B50008325C100032301018326410183278101BD
:103B60000328C101130E0500138FC1A86306E534B5
:103B7000338767006360E534938E816103A60E008E
:103B80003386C50023A0CE00630AA74883280F0010
:103B90001305F0FF6382A84A3307EE403307C700DE
:103BA00023A0EE00137F7E00630E0F3A137E8EFF7C
:103BB000B7180000130E8E00938888003306BE00ED
:103BC000B385E841B385C5409395450193D545013B
:103BD000130504002326D103232401032322F10229
:103BE0002320D102232E6100232CC101232AE101CD
:103BF0002328C1002326B100EF50006813070500F9
:103C00001305F0FF8325C10003260101032F4101A5
:103C1000032E81010323C101832601028327410270
:103C200003288102832EC102630EA74403A60E005F
:103C30003307C7413307B700136717002324C801B0
:103C40003386C5002322EE0023A0CE00638E070337
:103C50001305F0006376653E83A54700130743FF15
:103C6000137787FF93F51500B3E5E50023A2B700AE
:103C700093085000B385E70023A2150123A4150182
:103C8000636AE54003274E0083A701AD63F4C700D4
:103C900023A8C1AC83A7C1AC63F4C70023A6C1AC01
:103CA00093070E006F00C021032348006FF09FD8D8
:103CB00013E7160023A2E700B386D70013661600A9
:103CC0002324D8001305040023A2C6002326F100F4
:103CD000EF0000448327C1008320C1030324810334
:103CE00013858700130101046780000003A6870085
:103CF0003387E700832647002326B6002326F100FA
:103D000093E6160023A4C500130504002322D70060
:103D1000EF0000408327C1008320C10303248103F7
:103D20001385870013010104678000008327C70003
:103D300093882800E306F7C86FF0DFB913569700A1
:103D40009305400063FEC5149305400163E2C52856
:103D50001305C605131535009305B6053305A800F0
:103D600003260500130585FF6318C5006F00001EBC
:103D7000032686006308C5008325460093F5C5FF2A
:103D8000E368B7FE0325C60023A6A70023A4C70047
:103D90002324F5002326F6006FF0DFC91307400146
:103DA0006370F714130740056362F72493D7C600C6
:103DB0009388F706138EE706139538006FF01FBC43
:103DC000938F1F0093F73F0013038300638807124C
:103DD0000327C3006FF05FCB03A5870093E81600AD
:103DE00023A217012326E5002324A700B386D700CA
:103DF000232AD8002328D80013E715003386C700EC
:103E000023A6D60123A4D60123A2E60013050400AD
:103E10002320B6002326F100EF00802F8327C10066
:103E2000138587006FF09FB093D836001387860004
:103E30006FF0DFA83387E700832647002326F100D1
:103E40001305040093E616002322D700EF00402C50
:103E50008327C100138587006FF05FAD93E51600DF
:103E600023A2B700B386D700232AD8002328D8007E
:103E7000936516003387E70023A6D60123A4D60155
:103E800023A2B600130504002320C7002326F10057
:103E9000EF0000288327C100138587006FF01FA95A
:103EA0001356670013059603131535009305860313
:103EB0006FF0DFEA638A07158327880003A74700AE
:103EC0001377C7FF3306D7406366D7001327060171
:103ED000E30007DE13050400EF0080236FF0DFA48A
:103EE0009388C705138EB705139538006FF01FA987
:103EF00083278F009388F8FF6394E72193F73800B6
:103F0000130F8FFFE39607FE032748009347F5FF43
:103F1000B3F7E7002322F800131515001307F5FF88
:103F2000E376F7BC3377F500631A07001315150025
:103F30003377F500938F4F00E30A07FE93880F0055
:103F40006FF05FB3938505016FF09FBE93D5254059
:103F5000130710003317B7003363E3002322680010
:103F60006FF09FE23306BE00B305C0409395450154
:103F700093D54501130504002324D1032322010313
:103F80002320F102232ED100232C6100232AC1011A
:103F90002326B1002328C100EF50002E130705008F
:103FA0001305F0FF8325C100032E41010323810186
:103FB0008326C1018327010203284102832E810247
:103FC000E316A7C603270101930500006FF01FC683
:103FD0009305400563ECC5061356C7001305F606A6
:103FE000131535009305E6066FF05FD713074015EC
:103FF000636CF70693D7F60093888707138E7707CD
:10400000139538006FF09F97938E816103A60E0081
:104010003386C50023A0CE006FF05FB713154501AE
:10402000E31605B6032E8800B305B30013E71500A9
:104030002322EE006FF05FC52320CF016FF09FB603
:10404000930710002322FE006FF0DFE89305401570
:1040500063ECC5061356F7001305860713153500E4
:10406000930576076FF09FCF13074055636CF706F3
:1040700093D726019388D707138EC7071395380067
:104080006FF0DF8F130F8FFF3307E60193050000FA
:104090006FF0DFB99385870013050400232AD1014F
:1040A000232801012326D100EFF08FCF032801013F
:1040B000832E41018326C100032E880003A60E0033
:1040C00003274E006FF05FBC9305405563E4C502C3
:1040D000135627011305D607131535009305C60798
:1040E0006FF0DFC71305803F9308F007130EE0075A
:1040F0006FF0DF881305803F9305E0076FF01FC660
:10410000832748006FF05FE1138581AB6FE0DFE745
:10411000138581AB6FE0DFE8130101E6232E111850
:10412000232A9118232251192328A117930A060044
:10413000138D0500232AD10093040500EF50C0120F
:104140008327050013850700232AF102EFF0CF85AE
:104150002328A102130680001305010A930500001D
:10416000EFE05FE46388040083A7440363940700DF
:104170006F20400503274D068317CD009376170067
:104180006388063E9396270163D406006F10005F94
:10419000B7E6FFFF9386F6FF372600003377D70098
:1041A000B3E7C7002322ED062316FD00931727016E
:1041B00063D407006F3000278317CD0013F7870003
:1041C0006308072803270D016304072813F7A701D5
:1041D0009306A0006300D72A9307C10B232C8118F4
:1041E00023282119232631192326B1172324411905
:1041F00023206119232E7117232C8117232A91174D
:10420000232C010A232A010A2328F10A1384070018
:10421000232C0100232C010223260102232E01025C
:1042200023200104232A010423220104232801005E
:10423000172902001309890D930D500293090001FB
:10424000232451012326A101832A8100032A490E38
:10425000EF40507F930605001307010A13860A00FA
:104260009305810813850400E7000A00630C052606
:10427000634C0524832781086386B701B38AAA00AB
:104280006FF0DFFC83278100130A0500338BFA40AF
:104290006392FA2693871A0003C31A00A30F01063C
:1042A0002324F100130BF0FF130D0000930AA00567
:1042B000171A0200130ACAE2130C0000938B0700BE
:1042C000938B1B00930703FE63E6FA049397270082
:1042D000B387470183A70700B387470167800700BB
:1042E000130703FD130C00009306900093172C0096
:1042F00003C30B00B387870193971700330CF700B4
:10430000130703FD938B1B00E3F2E6FE930703FE06
:10431000E3FEFAFA23247101930E0C00630C0320D0
:10432000930A1000230E610EA30F0106138C0A00DE
:1043300023200102130B0000232401022322010287
:10434000130E00009307C10F032A810B937C4D08C5
:1043500093050A0063840C6C0347F10763060706A4
:104360000325410B130700001306F107130A1A0077
:1043700013051500930610002320C4002322D40047
:10438000232C410B232AA10A130670001304840076
:10439000634AA62E630A07020325410B130701088F
:1043A0002320E400130A2A00130720001305150038
:1043B0002322E400232C410B232AA10A13077000B7
:1043C00013048400E346A77813070008E382EC5A3D
:1043D000330B5B416340606713770D10631E0776F4
:1043E0002320F4008327410B330A5A01232C410B6D
:1043F000938717002322540113077000232AF10A20
:104400006344F73C13048400137F4D0063060F00E0
:10441000B38A8E41634E503D63D48E01930E0C00DF
:1044200083270101B387D7012328F100E3180A6627
:1044300083270102232A010A6388070083250102DA
:1044400013850400EFF0CF951304C10B6FF0DFDF8D
:1044500093050D0013850400EF30505C63040500E4
:104460006F3040148317CD009306A00013F7A70107
:10447000E314D7D60317ED00E34007D603274D0614
:10448000137717006318070093F70720639407005A
:104490006F2080528326410113860A0093050D0088
:1044A00013850400EF3080218320C1192328A10047
:1044B0000325010183244119832A4118032D011783
:1044C0001301011A678000001306800093050000A5
:1044D0001305010AEFE01FAD13051000B38AAA000F
:1044E0006FF0DFD683278100130A0500338BFA4073
:1044F0006382FA04832781000326410B232264018F
:104500002320F4008327810B13061600232AC10AF7
:10451000B3876701232CF10A93077000130484000A
:1045200063C8C70283270101B38767012328F1000D
:10453000E3120AD68327810B032DC1006384070091
:104540006F2000308317CD00232A010A6F00105816
:104550008325C1001306010B13850400EF304024AE
:10456000630405006F20104B1304C10B6FF09FFB19
:1045700093F607206380063493962701E3DA06C09A
:1045800093162701E3DC06C26F20506A23247101D1
:1045900093778D00930E0C00638407006F10003238
:1045A000832741019387770093F787FF03A70700CD
:1045B00093878700232CE10203A7C7FF232AF1007A
:1045C0002326E10297270200938747ED0327C102C4
:1045D00003AA070083AA4700832B8103131C17003B
:1045E00093551C0013850B0013060A0093860A00DE
:1045F000232261022320D103EFE09034832E0102B5
:1046000003234102630405006F10500013850B0063
:1046100093551C0013060A0093860A00EFD0C07160
:10462000832E0102032341026344A0006F10007E29
:104630008325C10213850B001306000093060000BA
:10464000EFD0806F832E010203234102137DFDF71B
:10465000635405006F20007A930670040347F10746
:1046600097F700009387874063D466006F20000DA2
:10467000630407006F20903A930A3000138C0A00FD
:104680006F0080378325C1001306010B13850400DA
:10469000232EC105232CF104232861042326E104E1
:1046A0002324D105EF30C00FE3140540032A810B0A
:1046B000032EC10583278105032301050327C104B8
:1046C000832E81041304C10B6FF0DFCC832A410BCE
:1046D0008326810113071000330AEA00B38AEA0037
:1046E000130B84006344D7006F00507B1307100046
:1046F0002322E4002320F400232C410B232A510B16
:1047000013077000635457016F10005F0327010304
:10471000938A1A00232A510B330AEA000327410324
:10472000232C410B130B8B00232CEBFE03270103DF
:10473000232EEBFE13077000635457016F1080584F
:104740002324F10203258103832781018325C102EC
:1047500013060000930600002322D1031384F7FF01
:10476000EFD08043832E4102E30605788327810240
:10477000938A1A00330A8A0093871700232A510B61
:10478000232C410B2320FB0023228B009307700076
:10479000E3C85773130B8B008327C1038326C10320
:1047A00013070109338A470193871A002320EB007E
:1047B000232C410B232AF10A2322DB00130770006C
:1047C00013048B00E352F7C48325C1001306010BC9
:1047D000138504002322D103EF20907CE31A052CDB
:1047E000032A810B832E41021304C10B6FF0DFC13A
:1047F000130B00018327410B97180200938808A62A
:1048000063585B07930C7000138D0E00971B02001A
:10481000938BCBA46F00C000938A0AFF63565B059D
:10482000130A0A01938717002320740123226401CD
:10483000232C410B232AF10A13048400E3DEFCFC41
:104840008325C1001306010B13850400EF2050756A
:10485000E3100526938A0AFF032A810B8327410B65
:104860001304C10BE34E5BFB930E0D0093880B000A
:10487000330A5A0193871700232C410B232AF10A8C
:10488000232014012322540113077000E356F7B8C4
:104890008325C1001306010B138504002322D103D5
:1048A000EF201070E3160520032A810B832E4102AE
:1048B0006FF09FB603258D05EFE00FED8317CD0058
:1048C00003274D0693962701E3C2068E6FF05F8C97
:1048D00003C30B006FF0DF9E03C30B00136D0D02CB
:1048E0006FF01F9E2324710193770D02930E0C002D
:1048F00063940778832741018326410113770D01D3
:104900009387470003AA0600630407006F209051B5
:1049100013770D04631407006F10103B131A0A017C
:10492000135A0A41935AFA41232AF10013870A00C5
:104930006342077263440B4EB3675A01137DFDF760
:10494000639E074C631C0B4C8348F107639408007B
:104950006F10D053130C0000130E0000232001022F
:10496000930A0000130B000093070116130C1C00A0
:1049700063140E006F20104F032A810B0325410B97
:10498000937C4D08130C2C0093050A0013060500B8
:10499000E38E0C182324010223220102130E0000CF
:1049A000E38E089E130720006FF01F9C23247101E3
:1049B00093073004930E0C006314F3006F1040282B
:1049C00093770D01638407006F10802783274101CF
:1049D000130C1000930A0C0083A70700130AC10FE1
:1049E000230EF10E83274101A30F01069387470091
:1049F000232AF10093070A00032A810B23200102D6
:104A00002324010223220102937C4D08130B000092
:104A1000130E000093050A00E3900C9433878E4137
:104A2000E346E0380347F107E31C0792330B5B4191
:104A3000E354609B0326410B971C0200938C0C816E
:104A400063D8690B930B0B0013070A00938C0A00C1
:104A500093087000938A07002324D105930704006C
:104A6000130B0E00130A0300170402001304047E44
:104A70006F00C000938B0BFF63D879051307070104
:104A80001306160023A0870023A23701232CE10A76
:104A9000232AC10A93878700E3DEC8FC8325C1006F
:104AA0001306010B13850400EF20904FE31205005D
:104AB000938B0BFF0327810B0326410B9307C10B3D
:104AC00093087000E3CC79FB832E810413030A0062
:104AD000130A070013070400130E0B0013840700CA
:104AE000138B0B0093870A00938A0C00930C07002A
:104AF000330A6A011306160023209401232264015D
:104B0000232C410B232AC10A1307700013048400CD
:104B1000E354C78C8325C1001306010B13850400E1
:104B2000232CC1052328F104232661042324D10565
:104B3000EF201047631E057613770D10032A810BB3
:104B4000032E8105832701050323C104832E8104DD
:104B50001304C10BE306078813075006E35867B632
:104B6000032581038325C10213060000930600007C
:104B70002326F1042324D1052328C105EFD0C00149
:104B8000832E81048327C104032E0105E314050647
:104B90008327410B17F70000130747F12320E40098
:104BA000130A1A0013071000938717002322E4004A
:104BB000232C410B232AF10A1307700013048400ED
:104BC0006354F7006F104061832741080327810178
:104BD000E3DEE73A032701038327410B1304840034
:104BE000330AEA000327410393871700232C410B64
:104BF000232CE4FE03270103232AF10A232EE4FEDB
:104C000013077000E342F76A83278101938AF7FF55
:104C1000635C50FF130B00018327410B63445B016E
:104C20006F20900813070A00938C0A00930B700002
:104C3000170A0200130A8A61938A0E006F000001AE
:104C4000938C0CFF63449B016F10007413070701E2
:104C5000938717002320440123226401232CE10AB7
:104C6000232AF10A13048400E3DCFBFC8325C10042
:104C70001306010B13850400EF209032631A0562BE
:104C80000327810B8327410B1304C10B6FF05FFBDC
:104C900083274101032741012324710183A70700D2
:104CA000A30F0106930E0C00930B4700E3820764E9
:104CB000130730056314E3006F108054137E0D0159
:104CC00063040E006F10C05363540B006F10103953
:104CD0001385070013060B00930500002324C1036E
:104CE000232AF10023228103EF3080692320A102CF
:104CF0000347F10783274101832E4102032E8102DE
:104D0000631405006F20C06683260102B38AF64053
:104D100013C8FAFF1358F84133FC0A016304070073
:104D2000130C1C00232A7101130B00002324010221
:104D30002322010223200102130330076FF0CFE08A
:104D40008327410103AC0700E35A0C248327410168
:104D5000330C804193874700232AF10003C30B00E3
:104D6000136D4D006FF0CFD52324710193770D02A1
:104D7000930E0C00136F0D01639807068327410102
:104D80009387470003274101A30F0106930A000000
:104D9000032A070063540B006F10D060232AF10030
:104DA000137DFFF7631E0A06631C0B06130E00003B
:104DB0008348F107130B0000130C0000930A000056
:104DC0009307011623200102E38408BA130C1C0088
:104DD0006FF01FBA2324710193770D02930E0C001C
:104DE000E38E0732130F0D0083274101A30F010645
:104DF0009387770093F787FF13878700232AE100C3
:104E000003AA070083AA4700E3480B3A137DFFF784
:104E100063160B00B3675A01E38A07F8E3940A505C
:104E200093079000E3E04751130A0A03A30F4115CB
:104E3000130C0B00E35660378348F107130E000094
:104E4000930A10009307F115232001026FF0DFF79A
:104E50002324710193770D02930E0C0013680D014A
:104E6000E3800724832741019387770093F787FF27
:104E700013878700232AE10003A6470003A7070042
:104E8000A30F0106137DF8BF63440B50137DF8B7E1
:104E900063100B50B367C700639C074E137C180068
:104EA00063060C6E93070003A30FF114930A0C0022
:104EB00023200102130B00002324010223220102FC
:104EC000130E00009307F1156FF00FC89307B0029F
:104ED00003C30B00A30FF1066FF08FBE03C30B00DB
:104EE00093078006E306F33E136D0D046FF04FBD8C
:104EF0002324710193770D02930E0C00E39C07208D
:104F0000832741010327410193760D0193874700D1
:104F100003270700638406006F20407493760D0416
:104F2000639406006F10405C1317070113570701C5
:104F3000232AF10013080D00130600006FF05FF440
:104F4000032741012324710193770D0213074700C2
:104F5000E396071293770D01638407006F10804773
:104F600093770D04638407006F10100C137F0D20DE
:104F700063140F006F10004683274101832601014F
:104F8000232AE10083A707002380D7006FF0CFAB6F
:104F9000B7870000938707832310F1088327410117
:104FA00023247101A30F010603A70700930E0C0031
:104FB0009386470013060000E3440B20137FFDF7A0
:104FC000136D2F00630407006F10803F63040B0014
:104FD0006F10003F232AD100130E20001303800717
:104FE0008348F107130B0000130C0000930A000024
:104FF00093070116232001026FF01FDD03C30B008E
:105000009307C006E30EF32C136D0D016FF04FAB49
:1050100003C30B00136D8D006FF08FAA2324710161
:1050200093770D02930E0C00136F0D016398070424
:10503000832741019387470003274101232AF10079
:10504000130D0F00032A0700935AFA4113870A0031
:10505000E352078EB3374001B30A5041B38AFA4096
:105060009307D002A30FF106330A4041E3480BDA5D
:10507000137DFDF76FF09FDA130F0D0083274101B9
:10508000130D0F009387770093F787FF03A747005F
:105090009386870003AA0700232AD100930A0700FA
:1050A0006FF01F8913850400EF40001C8327450023
:1050B000138507002322F104EFE00F8F930C050006
:1050C00013850400232A9105EF40001A0327850069
:1050D00003C30B002320E10463840C9E6302079E3C
:1050E00083470700638E079C136D0D406FF04F9D43
:1050F00003C30B00136D1D006FF08F9C8347F107F6
:1051000003C30B00639E079A93070002A30FF106E7
:105110006FF00F9B03C30B00136D0D086FF04F9AD8
:1051200003C30B009307A00293861B006314F300D4
:105130006F200045130703FD13069000130B0000BA
:105140006364E60293172B0003C30600B38767016D
:1051500093971700338BE700130703FD9386160020
:10516000E372E6FEE3420B0C938B06006FF08F9523
:10517000B3888E41635E10A5930200010326410BA4
:10518000970C0200938C8C0C63D8120B2326F1042D
:1051900013070A0093070400938C0A00930370001E
:1051A000938B0E002324610413840800170A020065
:1051B000130ACA09930A0E006F00C000130404FF0B
:1051C00063DA8204130707011306160023A04701C0
:1051D00023A25700232CE10A232AC10A93878700C0
:1051E000E3DEC3FC8325C1001306010B1385040015
:1051F000EF20005B631E050A93020001130404FF05
:105200000327810B0326410B9307C10B9303700007
:10521000E3CA82FA9308040003238104138407007D
:105220008327C104138E0A00938E0B00938A0C000F
:10523000930C0A00130A0700330A1A01130616001A
:105240002320940123221401232C410B232AC10A79
:105250001307700013048400635CC7968325C100A4
:105260001306010B13850400232CC1052328F10428
:10527000232661042324D105EF208052631A0502FE
:10528000032A810B832E81040323C1048327010594
:10529000032E81051304C10B6FF08F938325C1008A
:1052A0001306010B13850400EF20804F630205985D
:1052B00083220102032DC10063880200938502004E
:1052C00013850400EFE0CFAD8317CD0003274D0613
:1052D000137717006316070013F70720E300072A68
:1052E00093F70704638407006F1010650324811986
:1052F000032901198329C118032A8118032B0118D6
:10530000832BC117032C8117832C4117832DC116C2
:105310008320C1190325010183244119832A4118DF
:10532000032D01171301011A6780000033878E4196
:105330002324010223220102130E00006348E03AF5
:10534000639408006FF08F85130720006FF0CF8102
:105350008325C1001306010B13850400232CC1050E
:105360002328F104232661042324D105EF204043A0
:10537000E31005F4032A810B032E81058327010521
:105380000323C104832E81041304C10B6FF0CF8368
:10539000930701169315D6019376770013573700BC
:1053A000138507003387E5009386060313563600FE
:1053B000B365C700A38FD7FE9387F7FFE39C05FC77
:1053C000938606FD6386060013771D00631E07584B
:1053D00013070116B30AF740130C0B0063445B4933
:1053E000232001022324010223220102130E0000C4
:1053F0006FE09FF503264108635AC03A03278101F5
:10540000130B0E006354C701130B070063586003AE
:105410000327410B330A6A012320F4001307170006
:1054200023226401232C410B232AE10A93067000F6
:105430001304840063D4E6006F1010251347FBFFAC
:105440001357F741337BEB00330B6E41635460011C
:105450006F00507D13770D40B38CC70163040700C4
:105460006F100075832A41080327810163C8EA0091
:1054700013771D00631407006F1080348326010327
:105480000327410B13048400330ADA008326410307
:1054900013071700232C410B232CD4FE8326010372
:1054A000232AE10A232ED4FE9306700063D4E6007B
:1054B0006F10502503278101B387E700338B974195
:1054C000B30A574163D46A01138B0A00635860031F
:1054D0008327410B330A6A01232094019387170025
:1054E00023226401232C410B232AF10A13077000A5
:1054F000130484006354F7006F1050279347FBFF99
:1055000093D7F741337BFB00B38A6A416344500170
:105510006FE09FEF130B00018327410B63445B0196
:105520006F10907813070A00938C0A00930B700099
:10553000170A0200130A8AD1938A0E006F00C00076
:10554000938C0CFFE3529B651307070193871700A9
:105550002320440123226401232CE10A232AF10A97
:1055600013048400E3DEFBFC8325C1001306010B5A
:1055700013850400EF20C022E31C05D20327810B12
:105580008327410B1304C10B6FF09FFB930A0000AC
:10559000130B00002324010223220102130E00003A
:1055A00023200102930701166FE01FDA0326410B47
:1055B000130A000197080200938848CA6352EA0A56
:1055C000938B0700232C510593070400930370006D
:1055D0002324D10523266104130407002328C105D1
:1055E000970A0200938A8AC76F00C000130404FF61
:1055F00063588A04938505011306160023A05701FA
:1056000023A24701232CB10A232AC10A93878700CA
:10561000E3DEC3FC8325C1001306010B13850400E0
:10562000EF200018E31605C8130404FF8325810B3F
:105630000326410B9307C10B93037000E34C8AFAD6
:1056400093880A00832E81040323C104032E0105DD
:10565000832A8105130704001384070093870B0036
:10566000330AB700130516002322E400232C410B54
:10567000232AA10A23201401130770006348A7708E
:105680000347F107130484006318071C63940C009C
:105690006FE01FD4930C00006FE05FD0B376ED0095
:1056A000638406006FF08F842320F4002322E4003B
:1056B000232C410B232A510B9307700063DE578D77
:1056C0008325C1001306010B138504002322D10397
:1056D000EF20000DE31E05BC032A810B832A410B3A
:1056E000832E4102130BC10B6FF00F8B930C200024
:1056F0006FF01FEC032781019307100063DEE7883A
:1057000093071001970C0200938C4CB4E3D8E74E3A
:10571000930C0C00930B0001930770002322D1031C
:10572000170C0200130C8CB26F00C000130404FFAE
:10573000E3DE8B4A130A0A01938A1A0023208B01A5
:1057400023227B01232C410B232A510B130B8B00AB
:10575000E3DE57FD8325C1001306010B138504000A
:10576000EF200004E31605B4032A810B832A410BC2
:10577000130BC10B930770006FF05FFB93162701AB
:1057800063C406006FE09FA36F10501D93771D0048
:10579000639407006FE05FC76FF0CFC39387470044
:1057A00003C30B00232AF1006FE09FB10327410BD5
:1057B00097E600009386862F2320D400130A1A0050
:1057C00093061000130717002322D400232C410B4B
:1057D000232AE10A930670001304840063D4E600D0
:1057E0006F10C064032781013367C700E30E07749D
:1057F000032701038326410B13048400330A470166
:105800000327410393861600232C410B232CE4FE2F
:1058100003270103232AD10A232EE4FE1307700075
:10582000E342D776635406006F10C07C03278101E2
:10583000938616002320F400330A4701232C410BE2
:10584000232AD10A2322E4009307700063C4D700FF
:105850006FE05FBB6FE05FF713870C00930C0000F5
:105860006FE09FB0138C0A00232001022324010261
:1058700023220102130E00006FE01FAD83274101B8
:10588000832601010326010183A7070093D6F64171
:10589000232AE10023A0C70023A2D7006FE0DF9AEC
:1058A0008327410193874700032741011306000026
:1058B000232AF100032707006FF08FDC83274101C3
:1058C000130501062322610283A707002320810319
:1058D00003A707002320E10603A747002322E106D0
:1058E00003A787002324E10683A7C7002326F10628
:1058F000EFD0502A83274101032341022326B1021E
:1059000093874700232AF100232CA102930E0C0059
:105910006FE05FCB13080D006FF0CFD483274101F8
:105920008326410113770D019387470083A6060064
:10593000630407006F10105113770D04E304073C54
:10594000139A0601A30F0106135A0A01930A0000D5
:10595000E34A0B6A336E4B01232AF100137DFDF7F6
:10596000631E0ECA6FF0CFE71305E5FF13070003B0
:1059700093060116B38AA640A38FE7FE130C0B0013
:1059800063545B01138C0A00930705002320010276
:105990002324010223220102130E00006FE0DF9A8C
:1059A0008348F107130C1000130E0000930A100037
:1059B0009307F1156FF04FC9130D0F006FF00FC66D
:1059C000136D2D00232AD100130E20009308000030
:1059D00097E500009385850A130380079307011656
:1059E0009376F700B386D50083C6060013574700A9
:1059F0009387F7FF2380D7009316C6013387E6000D
:105A000013564600B366C700E39C06FC1307011655
:105A1000B30AF740130C0B0063565BBB138C0A00F0
:105A2000232001026FF04FBA130BF0FF938B060097
:105A30006FE05F89930E0C002324710197E500004D
:105A40009385050593770D02638807248327410119
:105A50009387770093F787FF03A7070003A6470004
:105A60009386870093771D003365C7006384070022
:105A700063180536A30F010663420B2C137DFDB797
:105A800063180B7463160574232AD100130E0000EB
:105A90006FF00FB2930E0C002324710197E5000004
:105AA0009385C5FD6FF01FFA8325C1001306010B16
:105AB000138504002322D103EF10904E631A05FED4
:105AC000032A810B832E41021304C10B6FF0CF9385
:105AD00003C31B00136D0D20938B1B006FE04FFE63
:105AE00003C31B00136D0D02938B1B006FE04FFD72
:105AF00093076000130C0B00E3EE6743232A710148
:105B000023200102930A0C00130B0000232401023E
:105B100023220102130E000097E70000938787F805
:105B20006FE09F8237DCCCCCB7DCCCCC130CDCCC68
:105B3000938CCCCC13780D4093050000130601160E
:105B4000938B0E006F000008032701040347070032
:105B5000930617F063840600630EB77E93080A006D
:105B600013850A001386070033075A01B33647012D
:105B70003307D700B336870313DE260093F6C6FF3C
:105B8000B386C6013307D7403307EA40B336EA008D
:105B9000B386DA40330F9703B3868603333E870319
:105BA000B386E60133078703B386C601139EF60169
:105BB00093DA160013571700330AEE00631405003A
:105BC0006F10C03733075A01B3364701B306D70009
:105BD00033B58603938515009307F6FF9358250088
:105BE0001375C5FF33051501B386A640B306DA4029
:105BF0003335DA003385AA40B3B88603330585030D
:105C0000B3868603330515011315F50193D61600E7
:105C1000B306D50013952600B306D500939616005B
:105C2000B306DA4093860603A30FD6FEE31E08F000
:105C300093080A0013850A00138607006FF01FF30C
:105C400013068000930500001305810A23226102D8
:105C50002320D103EFD00FB583274101130AC10FD1
:105C60009306810A03A6070093050A001385040022
:105C7000EF70D06E9307F0FF832E010203234102E1
:105C8000930A05006306F50C1348F5FF1358F84115
:105C9000337C05016FE01FD50327410193770D0188
:105CA00093064700032707006396070893770D04C0
:105CB000638E070613170701135707011306000029
:105CC0006FF05FDA8325C1001306010B1385040012
:105CD0002324F1022322D103EF10902C631A05DC58
:105CE000032A810B832A410B83278102832E4102E1
:105CF000130BC10B6FE0DFA48325C1001306010B5A
:105D0000138504002324F1022322D103EF1050292C
:105D1000631005DA032A810B832A410B8327810252
:105D2000832E4102130BC10B6FE05F9E93770D2012
:105D3000E39E072C130600006FF0DFD2137DFDBF3A
:105D4000232AD100130E0000930800006FF01FC932
:105D5000032DC1008317CD0003274D0693E60704EA
:105D60002316DD0013771700630407006F10C03C93
:105D700093F70720638407006F10003C03258D050F
:105D8000EFD00FA28317CD006FF08FD58325C10010
:105D90001306010B13850400232CC1052328F104ED
:105DA000232661042324D105EF10901F631205D030
:105DB0000347F107032A810B832E81040323C104C7
:105DC00083270105032E81056306076E13870C00E8
:105DD0000325410B930C00001304C10B6FE0CFD8D7
:105DE00093070003A3006108A30F01062300F10835
:105DF000E34C0B54137FFDB7136D2F00130E2000DF
:105E00008348F107232AD1006FF05FBD0327810388
:105E10008327C1022322610213060700938607002D
:105E200013050700938507002320D103EFD04031ED
:105E3000832E010203234102630405006F104049D1
:105E4000937AF3FD930710046398FA6E93070003A7
:105E50002300F1081307100693078005E30EE33AC9
:105E6000A300F10893073006E3CA67378327C1020E
:105E700063D407006F10C0320327C102130A000069
:105E8000232001029307C10F03258103232EF10272
:105E90009305070093672D00130641082324610230
:105EA000232CD1012322F102EF3080761707020064
:105EB0001307475F0326070083264700EFB050799A
:105EC0001306000093060000930A0500938C05005A
:105ED000EFB0904C832E8101032381028327C103FD
:105EE00063160500130710002322E10897E600005F
:105EF000938606BA130710062324D1026318E30021
:105F000017E70000130787B72324E10217070200F1
:105F10001307C7598326070003274700232481045A
:105F2000138D040013840A0093840C00232CD100E9
:105F3000930C0A00232EE100032A8102138C070030
:105F4000232ED10323266104938A07006F00C0012A
:105F50001306000093060000EFB010446314050020
:105F60006F104032130BFBFF032681018326C10112
:105F70001305040093850400EFB0906D9384050031
:105F800013040500EFD00021930B0500EFD080280B
:105F9000130605009386050013050400938504008D
:105FA000EFC04065B3067A0183C6060013860A0077
:105FB000130405002380DA00938A1A0093840500F5
:105FC000E3180BF8970602009386C64E03A8060056
:105FD00083A84600832EC1030323C10493040D004C
:105FE00093860800138D0B00930B06001306080020
:105FF0002328D105232E6102232C8101138A0C0052
:10600000138C0A00938C0500930A0500EFB0D04171
:1060100003248104832781010323C103832E010507
:106020006344A0042324F104970702009387874860
:1060300003A8070083A8470013850A0093850C0076
:106040001306080093860800232CD101EFB0D0344A
:10605000832E81010323C10383278104631A05046E
:1060600093761D0063860604032781022324710BA7
:106070008346FCFF0346F70013070C006310D602AB
:1060800093050003A30FB7FE0327810A9306F7FFCA
:106090002324D10A8346F7FFE386C6FE1386160043
:1060A000930590031376F60FE388B61AA30FC7FE85
:1060B000832641081307F3002308E1083306FC4058
:1060C0001387F6FF2322E108232CC100E34A0714BB
:1060D0009306B002A308D10893069000E3DEE6140D
:1060E0001308F109B7D8CCCC930508009388D8CC15
:1060F000130F3006B3361703130E0700138605007F
:106100009385F5FF93D63600139526003305D50009
:10611000131515003307A74013070703A30FE6FE67
:1061200013870600E348CFFD13870603A38FE5FE20
:106130001307E6FF636407016F10803E1305210912
:106140009306050083450700130717009386160082
:10615000A38FB6FEE31807FF3307A7001307270036
:106160003307C740930601093307D740232EE102C6
:10617000832681010326C10313071000B38AC600DA
:106180006344D7006F00D07F03270103B38AEA007E
:106190000327410213C8FAFF1358F841137FF7BFD2
:1061A00033FC0A01136D0F10137E2700E30C0A76EF
:1061B0009308D002A30F1107130B0000130C1C004F
:1061C0006FE00FFB13850400EFC0CFD86FD09FFAAC
:1061D000130E00006FF0DFC28325C1001306010B10
:1061E000138504002322D103EF10805B6312058C1A
:1061F000032A810B832E41021304C10B6FE0DF9C45
:106200001305810A13068000930500002322610212
:106210002320D1032326F108232AF100EFC09FD8C1
:1062200083274101832E010203234102E34A0B121B
:10623000232A8100130C000013040B00930A0000B2
:10624000130AF0FF938C0E0023206102138B0700CA
:106250006F0000039306810A9305C10F13850400A4
:10626000EF70D00FE3024571B387AA006342F402D6
:10627000130C4C00639487006F00507C938A0700D6
:106280008327C108B387870103A60700E31406FC30
:106290000324410103230102938E0C0093070B009A
:1062A000E3820A3C93073006E3DA575D93851A00D0
:1062B0001385040023206102232AD101EFD0CFDC13
:1062C000832E41010323010293070500E30E0568B5
:1062D0002320A10213068000930500001305810A04
:1062E000232AF100232461022322D103EFC09FCB94
:1062F000832541011307810A93860A001306C1080A
:1063000013850400EF70501783274101832E41024B
:10631000032381026384AA006F104037338757013B
:10632000230007000347F10713C8FAFF1358F84189
:1063300033FC0A0163040700130C1C00232A7101BB
:10634000130B00002324010223220102130E00007C
:106350006FD09FFF63960A541307900063624755FE
:1063600013070116232CB100B30AF740938E0B00DC
:10637000130C0B00634C5B3B8348F107130E0000CA
:10638000232001026FE05FA4938E0A00938A0C0021
:10639000930C0A00130A0700330A5A019387170067
:1063A000232C410B232AF10A232094012322540198
:1063B000130770006344F7006FE0CF846FE0CFC035
:1063C00097D500009385856B130E2000130380077B
:1063D0006FF01FA3832741018326010183A70700D4
:1063E00023A0D700232AE1006FD01FE6832E4102AD
:1063F00093070C00138C0C00938C0700330A8A005F
:10640000938A1A00232C410B232A510B23209B0132
:1064100023228B009307700063C457016FE08FB78E
:106420006FF00FAA930600010326410B97FC0100B1
:10643000938CCCE163DA662913070A00930C0B00F6
:10644000138A0700832BC10093070400930A70008E
:106450002324D10517F40100130444DF130B0E00AD
:106460006F00C000938C0CFF63D2962513070701C1
:106470001306160023A0870023A2D700232CE10ACD
:10648000232AC10A93878700E3DECAFC1306010BA7
:1064900093850B0013850400EF108030E31C054E3C
:1064A0000327810B0326410B9307C10B93060001C1
:1064B0006FF05FFB63860C320325410B930C0000E9
:1064C0001304C10B6FD09FED13770D20630E0730BF
:1064D000131A8A01135A8A41935AFA41232AF10066
:1064E00013870A006FE0CFC493760D2063860632CF
:1064F0001377F70F232AF10013080D00130600008D
:106500006FE01F98137E0D20A30F010663160E2E59
:10651000138A0600930A0000E3420B4E232AF1007F
:10652000137DFDF763040B006FE09F8F63940600FB
:106530006FE01FAB6FE0DF8E9307F0FF936B0D10E2
:106540006302FB4863160B0093879AFBE38C076E8C
:106550008327C102130A0000938C070063D8070049
:10656000B70C0080B3CC9701130AD00293076004E4
:10657000639AFA4E0327810393074108930630007C
:106580009305070013860C0013070B009308810A7C
:106590001308C10813850400232C61002320D103B4
:1065A000EF3080318346050013070003832E01027C
:1065B0000323810193070500330C6501E38EE63E5A
:1065C000032741080325810393850C00130600006F
:1065D000930600002322F102232C61002320D10323
:1065E000330CEC00EFB0405B832E010203238101EA
:1065F00083274102E30805400327810A636487017A
:106600006F10400313060003930617002324D10ADA
:106610002300C7000327810AE36887FF3307F74099
:1066200093067004232CE100032E41086382DA4AAA
:10663000130760046396EA4A13771D003367670106
:10664000E356C071E31C0758930A0E00130360065B
:10665000137F0D40E3160F4C13C8FAFF1358F8418F
:1066600033FC0A01E3040A0E1307D002A30FE1066C
:10667000130C1C00138D0B0023200102130B0000D0
:1066800023240102232201026FD01FCC2320010208
:10669000930A00002324010223220102130E0000AA
:1066A00093070116130C00006FD01FCA832E8104BC
:1066B000130E0B00138B0C00930C040013840700C3
:1066C00093070A00130A0700330A6A01130616002B
:1066D0002320940123226401232C410B232AC10A85
:1066E00013077000130484006344C7006FE09FD653
:1066F0008325C1001306010B138504002328C1055F
:106700002326F1042324D105EF108009630405003A
:106710006FE01FBA032A810B032E01058327C104F2
:10672000832E81041304C10B6FE0DFD2138C0A00A7
:106730006FF09FC4138C07006FF04FBC97D7000019
:10674000938707336FD0DFF213771D0063140700C0
:106750006FD09FCB032701038326410B330A4701E8
:106760000327410393861600232C410B2320E400CA
:1067700003270103232AD10A2322E4001307700010
:10678000635ED7768325C1001306010B13850400D1
:106790002324F1022322D103EF10800063040500BB
:1067A0006FE01FB103264108032A810B8326410BAA
:1067B00083278102832E41021304C10B6FF08F8661
:1067C00003278101B387E700338B9741B30A574111
:1067D00063C46A016FE09FD2138B0A006FE01FD27F
:1067E0001304C10B6FD0DFBE935AFA41232AF10084
:1067F00013870A006FE0CF9313FAF60F930A000095
:10680000635A0B94232AF1006FE04FE11377F70FDF
:10681000130600006FF00FA5232AF10013080D00E6
:10682000130600006FE0CFE58327410183260101B5
:10683000232AE10083A707002390D7006FD0DFA0B1
:10684000138504001306010B93050D00EF0050752E
:10685000631405006FD01FCF6FE01FA713850700DB
:106860002322C10323208103232AF100EFC0DF93F9
:106870000347F1071348F5FF1358F84183274101F7
:10688000832E0102032E4102930A0500337C050189
:10689000631407006FE00FC9130C1C006FE08FC872
:1068A000032741058325410423220103B386E740E2
:1068B0001306070013850600232C61002320D10254
:1068C000EF10503633075A01B337470137D6CCCCD7
:1068D0001306D6CC3307F700B335C70237D5CCCC77
:1068E0001305C5CC832701048326010403238101FA
:1068F00083C7170003284102B337F00093D825005F
:1069000093F5C5FFB38515013307B7403307EA4058
:10691000B335EA00B385BA403305A702B387F60062
:10692000832601022320F1049387F6FFB385C50275
:10693000B385A5003335C7023307C702B385A50069
:106940001395F50193DA15009305100013571700FE
:10695000330AE50033075A01333547013307A700EF
:106960003335C702935825001375C5FF330515014C
:106970003307A7403307EA403335EA003385AA409E
:10698000B338C7023305C5023307C7023306150102
:106990001316F601135717003307E60013162700E6
:1069A0003307E600131717003307EA4013070703FE
:1069B000A38FE6FE6FF04F9903258D05EFC04FDEE4
:1069C0006FD05FAD8327C102E3C6072E832CC102BF
:1069D000130A0000130B60006FF05FB993051B00F2
:1069E00013850400232C61002320D103EFC0DFE9CD
:1069F000832E01020323810193070500630A05B476
:106A00000327C102E34407200327C1022320A10278
:106A1000130A00006FF04FC7930780076FF04FC451
:106A20001307D002A308E108130680FF1307100024
:106A30003307D74063C6C6EA930621091307070345
:106A40002380E60013070116B386E6401387160D70
:106A5000232EE1026FF0CFF18326810203C6A60048
:106A60006FF0CFE4032681039387BAFB93B7170037
:106A7000B38767011387070093050600232CF100F5
:106A800013860C00930741089308810A1308C10874
:106A90009306200013850400232261022320D103E2
:106AA000EF20906113077004832E0102032341023B
:106AB00093070500E398EA3013771D006314074E2F
:106AC0000327810A032E41083307F740232CE100F6
:106AD0001327DEFF63140700635ACB031303E3FF9E
:106AE0001307FEFF230861082322E10863440776A9
:106AF0009306B002A308D1089306900063D8E67607
:106B00002322A103232001026FF08FDD03278101DF
:106B1000634CEE5613771D00930A0E0063060700C0
:106B200003270103B30AEE00137F0D4063040F0037
:106B30006346C07F13C8FAFF1358F84133FC0A01BB
:106B4000130370066FF01FB2137FFDBF136D2F008C
:106B5000232AD100130E2000930800006FE01FE8E5
:106B60001307810A930600001306C108930500006D
:106B7000138504002322F10223206102232AD1017C
:106B8000EF70800F1307F0FF832E410103230102F2
:106B900083274102930A05006308E55C2326F10878
:106BA0006FF00FF0232AF100130D0F006FE04FA7D5
:106BB00003274102832681023367D700E30E0724AF
:106BC000032781012328A105232C810593050A00B1
:106BD000832B4102138A0C00032D8102032C4105F3
:106BE000832C01043383E70013060400930670002E
:106BF0001307000197EA0100938A4A652324D1050F
:106C00002326F10413040300634AA009938CFCFFBC
:106C1000938BFBFF8327410B03254104B38585013B
:106C2000938717002320A60023228601232CB10A74
:106C3000232AF10A1306860063CEF61003C50C0062
:106C4000330B44411308040063546501130B050022
:106C5000635660030325410BB3856501232CB10AFC
:106C6000130515002320460123226601232AA10AC9
:106C700063C6A61403C50C0013068600934FFBFFE2
:106C800093DFFF41B377FB01330BF54063446005AD
:106C9000330AAA00E34A70F76356A001130DFDFF03
:106CA0006FF05FF7832E81048327C104032D010554
:106CB000032C81052320910513040600930C0A0080
:106CC000138A0500636498016FE0CFF9930C080004
:106CD0006FE04FF90325410B97EF0100938F0F579A
:106CE000635A670B930704002322010313040B006C
:106CF0002324F103138B07006F00C000130404FF6B
:106D0000635087089385050113051500232056015C
:106D10002322E600232CB10A232AA10A13068600A7
:106D2000E3DEA6FC8325C1001306010B13850400D6
:106D3000EF001027630405006FE08FD78325810BD8
:106D40000325410B1306C10B1307000193067000C6
:106D50006FF0DFFA8325C1001306010B13850400D1
:106D6000EF001024630405006FE08FD48325810BAE
:106D70001306C10B13070001930670006FF01FECA0
:106D800003284102832F810293070B00130B040099
:106D900013840700B385650113051500232CB10A80
:106DA000232AA10A2320F6012322660163CCA61020
:106DB00003C50C00130686006FF09FED8325C1000C
:106DC0001306010B1385040023220103EF00501D5D
:106DD000630405006FE0CFCD03C50C008325810B54
:106DE000032841021306C10B13070001930670002C
:106DF0006FF0DFE89307D002A30FF1062320010212
:106E0000930770042324010223220102930A300015
:106E1000130B0000130E000063D2671497D7000015
:106E2000938707C5130C40006FD00FD28325C10094
:106E30001306010B138504002324F1022322D1033E
:106E4000EF001016630405006FE08FC603264108AB
:106E5000032A810B83278102832E41021304C10B75
:106E60006FE05F980348F107232A7101130B0000BC
:106E7000333C00012324010223220102130E0000EF
:106E8000232001026FD04FCC8325C1001306010BD4
:106E9000138504002328C1052326F1042324D105EA
:106EA000EF001010630405006FE08FC0032A810B10
:106EB000032E01058327C104832E81041304C10B13
:106EC0006FE0CFD78325C1001306010B13850400A3
:106ED00023220103EF00D00C630405006FE04FBDD7
:106EE00003C50C008325810B032841021306C10B47
:106EF00013070001930670006FF09FD913048400FC
:106F00006FE0DF928325C1001306010B1385040097
:106F10002324F1022322D103EF009008630405002B
:106F20006FE00FB9832A4108032A810B832781026E
:106F3000832E41021304C10B6FE0CFD713079000DB
:106F4000637417016FE01FC86FF08FC10347F1072B
:106F5000630207F2130C1C006FF0CFF197D700000B
:106F60009387C7B0130C40006FD00FBE8325C100BC
:106F70001306010B138504002322D103EF005002F6
:106F8000630405006FE0CFB2832A410883278101A3
:106F9000032A810B832E41021304C10BB38A57418C
:106FA0006FE0CFD50325810393850C001306000005
:106FB000930600002324F102232261022320D1033F
:106FC000EFA0903D832E010203234102832781021B
:106FD000630E0500832681010327810A338CD700C5
:106FE000636287E33307F740232CE100032E410857
:106FF0006FF01FAE130700FFB30BC04097EC01000A
:10700000938CCC246354E60C938C0B00930A000100
:10701000938B0700130B700093070A002322D10300
:1070200017EA0100130A8A226F00C000938C0CFF3C
:1070300063D29A099387070193861600232044019F
:1070400023225401232CF10A232AD10A1304840099
:10705000E35EDBFC8325C1001306010B13850400EE
:10706000EF000074630405006FE08FA48327810B99
:107070008326410B1304C10B6FF05FFB2320010239
:107080009307C10F6FF00FA503278101832601032A
:1070900013037006B30AD700634CC0DBB386CA4142
:1070A000938A160013C8FAFF1358F84133FC0A01FB
:1070B0006FF04FDB832E410213070A00138A07008B
:1070C00093870B00938B0C00930C0700330A7A0113
:1070D00093861600232C410B232AD10A23209401E6
:1070E0002322740113077000E35AD7E08325C100FF
:1070F0001306010B138504002324F1022322D1037C
:10710000EF00006A630405006FE08F9A032A810B89
:107110008326410B83278102832E41021304C10B76
:107120006FE0CFF08348F107130B00006384080081
:107130006FD0DFC96FD0DF830324811903290119C0
:107140008329C118032A8118032B0118832BC11727
:10715000032C8117832C4117832DC1169307F0FF51
:107160002328F1006FE0CF9A032DC10093020000A5
:107170008357CD0093E707042316FD006FE0CF93FC
:107180000327410213771700631407006FF04F8045
:107190006FE09FFF83220102138D0B006FE0CF9100
:1071A0003707008033C7E700130AD002232001020B
:1071B0009307C10F6FE05FCD0325810393850C001A
:1071C00013060000930600002322F102232C610025
:1071D0002320D103EFA0501C832E01020323810141
:1071E0008327410263140534032E41083308CC0180
:1071F0003307F840232CE1006FF08FC3232AF100FE
:107200006FD01FC23307FC40032E4108232CE1003E
:107210006FF08FC2032DC1006FE00F8B232001029E
:10722000930A3000130B00002324010223220102E1
:10723000130E0000130C40006FD00F91930A04004E
:107240000323010203244101938E0C0093070B00DA
:107250006FF00F851307D002A308E108930680FFA3
:10726000130710003307C741E34CDE889306000381
:107270002309D1082322A103232001029306310907
:107280006FF0CFFB93040D00130DFBFF93070C0071
:10729000832EC103032481040323C104138C0A0039
:1072A000138A0C00338B6A0193860A0013060003CD
:1072B00063540D006FE0DFDF93861600A38FC6FED8
:1072C000E31CDBFE3307AC01130C17006FE05FDE3D
:1072D0008327C102B70F0080137DFDF733FEF7014E
:1072E00063040E1E9307D002A30FF10623200102B0
:1072F000930770042324010223220102930A300021
:10730000130B0000130E000063DA672297C700001A
:1073100093878776130C40006FD00F83130370069A
:107320000327010403470700130617F06300063222
:10733000635EC73183260104130500009305000036
:107340006F0080019385150093861600130617F0D1
:10735000630206046350C705330EEE4003C71600F0
:10736000E31207FE03C70600130515006FF01FFEAA
:10737000232A7101630E0706130C1B00930A0B00EE
:1073800023240102130B0000232201021303300700
:107390006FC09FFB2320D104832641053387A500BE
:1073A0002322B1023307D7022324A102B38AEA00C1
:1073B00013C8FAFF1358F84133FC0A0163040A1496
:1073C0001307D002A30FE106130C1C00138D0B0052
:1073D00023200102130B00006FC01FF703270103D6
:1073E000B306CB0113036006B38AE6006FF04FA625
:1073F000930A0B00130C0B00232401022322010229
:10740000130B0000130330076FC01FF48326C10263
:10741000370700802320A10233C7E600130AD002F9
:107420006FE09FA613771700E31A07D28357CD00AA
:1074300093F70720E39407D203258D05EFB05FB6DD
:107440006FF0DFD18327C102130A0000938C07007D
:1074500063D80700B70C0080B3CC9701130AD002A1
:10746000032781039307410813860C009305070047
:107470009308810A1308C10813071000930620001F
:1074800013850400232261022320D103130B100073
:10749000EF208042832E010203234102930705005F
:1074A000232C61016FF04FE197EC0100938C0CDA13
:1074B0006FE09FEEB70C0080B3CC9701130AD002A7
:1074C000130B60006FF08F8A930670040347F10777
:1074D00097C700009387075A63D6660097C70000D6
:1074E0009387875963160718930A3000138C0A0094
:1074F000130B000023240102232201022320010296
:107500006FC09FE40347F1076306070A130C1C00D2
:10751000138D0B0023200102130B00006FC0DFE26C
:1075200013072000232EE1026FE09FC41307100011
:10753000330767412322E1086FF0CF8897C7000027
:1075400093874753130C40006FC01FE0631A070076
:10755000130C1000930A0C00130360066FF08F9059
:10756000032701031303600693061700B38A66011D
:1075700013C8FAFF1358F84133FC0A016FF08F8EDD
:107580008327410103AB07009387470063540B0037
:10759000130BF0FF03C31B00232AF100938B06009B
:1075A0006FC01FD283274D0693F71700E39807BAE1
:1075B0006FF0DFE7138D0B0023200102130B000097
:1075C0006FC09FD82324A1020325810393850C005B
:1075D0001306000093060000232261022320D1033A
:1075E000EFA0805B832E01020323410283278102E7
:1075F000630E0502832681010327810A338CD7009D
:10760000637487016FF00F803307F740032E410842
:10761000232CE1006FF0CFCC032781013388E700F2
:107620006FF04FEA130F0D006FD01FA1032E41081A
:107630006FF00FCB3307F740032E4108232CE100F6
:107640006FE01FFF130F0D006FD0CFF31307000083
:1076500023240102232201026FF05FD513080D00DD
:107660006FE08FA423240102232201026FC0DFCD2B
:10767000130B000023240102232201022320010214
:10768000930A3000130C40006FC01FCC032DC100C3
:10769000832201028357CD0093E707042316FD00E0
:1076A0006FD09FC11307050003A541A893060600EC
:1076B00013860500930507006FC01FA683D7C5007A
:1076C00003AE450603D3E50083A8C50103A8450220
:1076D000130101B71307004093F7D7FF2324814814
:1076E000232021491384050013090500930501088F
:1076F0001305010723261148232291482326D10090
:10770000930406002312F102232EC1072313610202
:10771000232A1103232E0103232CB1002324B102B9
:107720002320E1022326E10223280102EFB0DF84B7
:107730008326C10013860400930581011305090007
:10774000EFC09F9D930405006350050483574102D9
:1077500093F70704638807008357C40093E707047F
:107760002316F40003250107EFB09F818320C14851
:1077700003248148032901481385040083244148D8
:107780001301014967800000930581011305090079
:10779000EF000042E30C05FA9304F0FF6FF01FFBCB
:1077A0000327860063180700130500002322060044
:1077B00067800000130101FE232E11002326C10063
:1077C000EF00C0598327C1008320C10123A4070013
:1077D00023A207001301010267800000130101FFCB
:1077E00023261100232021016382050E232481001A
:1077F000232291001384050093040500630605000D
:107800008327450363800710832744060317C400BA
:1078100093F717006396070A137707206308070E8C
:107820009305040013850400EF00C0128327C402EF
:1078300013090500638A07008325C401138504002A
:10784000E78007006340050A8357C40093F70708E1
:107850006392070A83250403638C050093070404DD
:107860006386F50013850400EFB09FD3232804023C
:10787000832544046388050013850400EFB05FD2BC
:1078800023220404EFA01FF38327440623160400D9
:1078900093F717006384070A03258405EFB04FEEC2
:1078A000EFA0DFF18320C100032481008324410085
:1078B000130509000329010013010101678000007D
:1078C000E31007F603248100832441008320C100D4
:1078D0001309000013050900032901001301010128
:1078E000678000008357C4001309F0FF93F707086F
:1078F000E38207F68325040113850400EFB05FCA15
:107900006FF05FF5EFA01FE56FF01FF00325840512
:10791000EFB08FE78317C400E39407F08327440692
:1079200093F71700E39007FA03258405EFB04FE7BC
:1079300003248100832441006FF05FF9032584054F
:10794000EFB00FE66FF05FF59305050003A541A8C2
:107950006FF0DFE80397C500130101FE232C8100BF
:1079600023263101232E110093778700138405000D
:107970009309050063920712B717000093870780E9
:1079800083A64500B367F7002396F500635CD01823
:10799000032884026306080E232A910093163701F8
:1079A00083A4090023A0090063CA06188325C40123
:1079B000130600009306100013850900E700080075
:1079C0009307F0FF13060500630CF51A8317C40034
:1079D0000328840293F74700638E070003274400BF
:1079E000832704033306E640638607008327C40326
:1079F0003306F6408325C401930600001385090071
:107A0000E70008001307F0FF8317C400631CE512AA
:107A100083A609001307D0016362D71837074020F7
:107A2000130717003357D70013771700630807169B
:107A30008326040137F7FFFF1307F77F33F7E700CB
:107A40002316E400232204002320D40013973701D7
:107A50006356070083A70900638807108325040382
:107A600023A09900638A0510930704046386F50038
:107A700013850900EFB0DFB28324410123280402FB
:107A80008320C101032481018329C1001305000063
:107A900013010102678000002328210103A90501C9
:107AA000630A0908232A910083A40500137737008D
:107AB00023A02501B3842441930700006314070029
:107AC00083A745012324F400634890006F0040061B
:107AD0003309A900635E9004832744028325C4010F
:107AE000938604001306090013850900E780070048
:107AF000B384A440E34EA0FC8357C40003290101D2
:107B000093E707048320C1012316F40003248101B5
:107B1000832441018329C1001305F0FF13010102F1
:107B20006780000083A6C503E344D0E66FF05FF5ED
:107B300083244101032901016FF09FF4032604050A
:107B40006FF05FE98326040137F7FFFF1307F77F24
:107B500033F7E7002316E400232204002320D40097
:107B600013973701E35C07EE832504032328A4045D
:107B700023A09900E39A05EE832441016FF05FF0A2
:107B800083A70900E38407E4138737FE630C07002B
:107B90009387A7FE638807008357C40093E7070411
:107BA0006FF05FF623A09900832441016FF05FED31
:107BB000130101FE232E11001307050063060500C3
:107BC00083274503638E07088396C500930700004B
:107BD0006382060483A7450693F7170063960700A0
:107BE00093F6062063800604130507002324B100E2
:107BF000EFF05FD6832581009307050003A74506B4
:107C0000137717006318070003D7C5001377072001
:107C1000630807028320C1011385070013010102D5
:107C20006780000003A585052326E1002324B10019
:107C3000EFB08FB50327C100832581006FF0DFFA15
:107C40002324A10003A58505EFB08FB5832781000C
:107C50008320C10113850700130101026780000022
:107C60002326B1002324A100EFA0DFAE8325C100AD
:107C7000032781006FF05FF56304050C03A741A89B
:107C8000130101FE232E1100930505006306070072
:107C900083274703638007068396C5009307000088
:107CA0006382060483A7450693F7170063960700CF
:107CB00093F60620638E0604130507002324B10003
:107CC000EFF05FC9832581009307050003A74506F0
:107CD000137717006318070003D7C5001377072031
:107CE000630607048320C101138507001301010205
:107CF000678000002326A100130507002324E1006C
:107D0000EFA05FA58325C100032781006FF0DFF896
:107D100003A585052326E1002324B100EFB0CFA6FB
:107D20000327C100832581006FF01FF92324A100E0
:107D300003A58505EFB0CFA6832781006FF09FFADA
:107D400017E601001306C6F897050000938585E63F
:107D500017E50100130585F86FA0DFAC83278600C7
:107D6000638C07228396C500130101FC232C81023A
:107D70002324410323225103232E110293F786006B
:107D800013840500930A0500130A06006384070A9A
:107D900083A705016380070A232A91022328210370
:107DA000232631032320610393F7260083240A004E
:107DB000638A070A370B0080130B0BC0930900007E
:107DC000130900001386090013850A00630E091ABF
:107DD0009306090063762B01B7060080938606C0E0
:107DE000832744028325C401E78007006358A0402D
:107DF00083278A00B389A9003309A940B387A74024
:107E00002324FA00E39007FC8324410303290103A0
:107E10008329C102032B0102130500008320C10343
:107E200003248103032A8102832A410213010104EE
:107E3000678000009305040013850A00EF00003EF0
:107E4000631605268316C400232A910223282103E2
:107E5000232631032320610393F7260083240A009D
:107E6000E39A07F4232E7101232C810193F7160066
:107E7000639807128327040037070080130CF7FF6D
:107E8000130B0000930900006388090E13F7062006
:107E90000329840013850700630E0720930B090054
:107EA00063E0292D13F70648630C070803264401F5
:107EB00083250401131716003307C7001359F70170
:107EC000B38BB7403309E90093871B00135919405E
:107ED000B3873701130609006376F9001389070099
:107EE0001386070093F606406382062C930506006E
:107EF00013850A00EFB05F996306053083250401FE
:107F000013860B002326A100EFB08F978357C40080
:107F10000327C10093F7F7B793E707082316F40088
:107F2000B307794133057701232A24012328E4008C
:107F30002320A4002324F40013890900938B090053
:107F400093050B0013860B00EF1000380327840005
:107F500083270400330727412324E40003278A00F2
:107F6000B38777012320F400330737412324EA0045
:107F7000630007288316C40003AB040083A94400F0
:107F8000938484006FF05FF083A9040003A9440088
:107F9000938484006FF01FE31305000067800000E6
:107FA000130B0000930B000013050000130C0000DE
:107FB000630E0B066306050893870B0093090B00FD
:107FC00063F4670193890700832644010329840031
:107FD00003250400832704013389260163F4A700E5
:107FE0006340390963CED918832744028325C4012D
:107FF00013060C0013850A00E7800700130905002B
:108000006354A008B38B2B411305100063800B163B
:1080100083278A00B38727412324FA00638A071C39
:10802000330B2B41330C2C01E3160BF803AB44004C
:108030009387040093848400E30A0BFE03AC0700DB
:1080400013060B009305A00013050C00EF0040334E
:10805000630A051813051500B30B85416FF0DFF5B2
:1080600093050C0013060900EF1000268327040077
:108070009305040013850A00B38727012320F40029
:10808000EFF01FB3E30005F88317C400832BC10191
:10809000032C810183244103032901038329C102A5
:1080A000032B010293E707042316F4001305F0FFE6
:1080B0006FF0DFD6032704016360F706032744014E
:1080C00063ECE9049386090063743C0193060C0099
:1080D00033E7E602832744028325C40113060B001D
:1080E00013850A00B386E640E7800700E35EA0F848
:1080F0001309050083278A00B3892941B3872741E3
:108100002324FA006386070E8316C4008327040025
:10811000330B2B016FF05FD763F42901138909003A
:10812000138507001306090093050B00EF10C01913
:108130008327040003278400B387270133072741DF
:108140002320F4002324E400E31607FA9305040037
:1081500013850A00EFF0DFA5E30E05F86FF0DFF2FC
:1081600013890900938B09006FF09FDD93050400CC
:1081700013850A00EFF0DFA3E30C05E86FF0DFF0F2
:108180001386090093050C00EF10001403278400E8
:10819000832704001389090033073741B387370168
:1081A0002324E4002320F4006FF0DFE513850A00A8
:1081B000EF40D04F13070500E31405D683250401D3
:1081C00013850A00EFB0CFBD8357C4001307C0006A
:1081D000832BC101032C810123A0EA0093F7F7F759
:1081E0006FF05FEB93071B00938B07006FF01FDDB1
:1081F000832BC101032C81016FF01FC18317C400C1
:108200006FF05FE99307C00023A0FA00832BC10140
:108210008317C400032C81016FF0DFE703A741A897
:10822000130101FE232E110013060500938705009C
:108230006306070083264703638A06100397C70077
:1082400093768700638E060283A60701638A06047D
:108250000397C70013761700630E060603A64701AF
:1082600023A40700130500003306C04023ACC70059
:10827000638006088320C1011301010267800000AA
:10828000937607016382060E93764700639E060687
:1082900083A60701136787002396E700E39A06FA8F
:1082A00003A7C7009305002013770728E302B7FA56
:1082B00013050600938507002324F100EF50D01F1B
:1082C000832781000397C70083A607011376170051
:1082D000E31606F8137627009305000063140600E2
:1082E00083A5470123A4B70013050000E39406F813
:1082F00093760708E38006F8136707042396E700E0
:108300001305F0FF6FF01FF783A5070363860502CF
:10831000938607046380D502130506002326F10027
:108320002324C100EFB0CFA78327C100032681001B
:108330000397C70023A8070283A607011377B7FD99
:1083400023A2070023A0D7006FF0DFF42324A100AD
:10835000130507002326B100EFA0CFBF8327C1007C
:10836000032681006FF09FED9306900013670704CA
:108370002320D6002396E7001305F0FF6FF09FEF50
:108380009377350013F7F50F63800702630806083B
:10839000834705001306F6FF6380E7081305150001
:1083A00093773500E39407FE130830006378C80420
:1083B00093F5F50F93978500B385B7009397050163
:1083C0003703FFFEB7888080B385F5001303F3EF12
:1083D0009388080883270500B3C7F500B3866700B4
:1083E00093C7F7FFB3F7F600B3F71701639A0700D7
:1083F0001306C6FF13054500E36EC8FC63000602C2
:108400003306C5006F00C000130515006308C500E2
:1084100083470500E39AE7FE67800000130500002C
:1084200067800000B3E7A50093F737006396070065
:108430009337460063860704130705006F00C001E9
:1084400083C6F5FF1308F6FFA38FD7FE638E0600E1
:10845000138707001306080093851500930717007C
:10846000E31006FE678000003307C700630E0804B0
:1084700093871700A38F07FEE39CE7FE6780000049
:108480003703FFFEB78880801303F3EF9388080853
:1084900013070500130E300083A60500B38766009E
:1084A00013C8F6FFB3F70701B3F71701E39607FA0E
:1084B0001306C6FF2320D700130747009385450006
:1084C000E36CCEFC6FF05FF967800000130101FFE1
:1084D0002322910097E50100938545E517E501000A
:1084E000130545D497E40100938444E623248100D6
:1084F000232021012326110013840400EF00506F74
:10850000138981969305040017E50100130505E220
:10851000EF0050781304040263140502E31424FFEF
:108520008320C1000324810083244100032901002A
:1085300017E50100130505CF130101016780000055
:1085400097B500009385C55617E50100130585CD45
:10855000EF5010249385040017E50100130585CC26
:1085600093840402EF50D022E39C24FD6FF05FFB64
:10857000130101F923248106139455003304850067
:1085800023202107232E31051309050093890500B7
:1085900013050600930504002322910623261106E5
:1085A00093040600EF00106F631205028320C106DA
:1085B00013050400032481068324410603290106D0
:1085C0008329C105130101076780000097B50000EA
:1085D0009385454E13850400232C4105232A51051C
:1085E000EF00506B6302051A97B500009385054DA7
:1085F00013850400EF00106A6308051683C70400A2
:1086000013073004638CE7189387F7F993F7F70F94
:10861000130790016364F71283C714009387F7F977
:1086200093F7F70F636CF71083C724009386F7F96D
:1086300093F6F60F637ED71A138724009306F0058E
:10864000638ED71A9306E002638CD76493F7F70B17
:108650006396070E130A010213050A0097B500007E
:10866000938585462322E100232861052326710591
:10867000EF001058032741008346070093070004CA
:108680006386F666930A0000930B0000130B00004C
:1086900083470102130740039387F7FB93F7F70F14
:1086A000636AF70817D70100130747BC93972700A1
:1086B000B387E70083A70700B387E7006780070059
:1086C000834711021307000593F7F70D6394E7063C
:1086D0001306200097B500009385054613050A0090
:1086E000EFF05FD49305C101130521021306A0002A
:1086F000EF50C0118327C10183C70700639C0702A5
:108700009307403A6300F52663CEA7669307A03629
:1087100063C2A7029307103563D2A768B717010198
:108720001305E5CA9387571AB3D7A70093F7170025
:10873000639C071E032B0105832BC1041304000057
:108740008320C1061305040003248106032A810542
:10875000832A410583244106032901068329C10593
:108760001301010767800000130A010213050A00C4
:1087700097B500009385C53423286105232671052C
:10878000EF0010476FF01FF097B500009385053399
:1087900013850400EF00D0456FF01FE583C7140078
:1087A00013071000938737FD93F7F70FE368F7F887
:1087B000130A01029385240013050A00232861058A
:1087C00023267105EF00D04213050A00930500042B
:1087D000EF501006630405002300050013050A008E
:1087E000EFA09F9C938724003387A7006FF0DFE8FA
:1087F00083C73400138734006FF05FE483471700AA
:10880000930690019387F7FB93F7F70FE3E8F6F2EF
:10881000834727009387F7FB93F7F70FE3E0F6F220
:1088200083473700130737006FF0DFE197B500008B
:108830009385452C13050A00EF50C06E630C0500AC
:1088400097B500009385852B13050A00EF50806DC6
:10885000E31205EE97B500009385C52913050A00BC
:10886000EF00103997360000938646B51756000082
:10887000130646021307600093072000638AF93A43
:10888000930760006398F90093050A001305A91483
:10889000EF0010369385040013050400EF005035F7
:1088A000130405008320C106130504000324810678
:1088B000032A8105832A4105032B0105832BC1046B
:1088C00083244106032901068329C10513010107F9
:1088D000678000001306300097B500009385852A55
:1088E00013050A00EF50100DE31605E403453102AD
:1088F0001307010197B5000093850529130535FD80
:1089000013351500930705033385E700130535FE7E
:10891000EF005038E31005E297B500009385052776
:1089200013050A00EF00D02C97360000938686A22C
:1089300017560000130606F3130710006FF0DFF35D
:1089400097B500009385451D13050A00EF50805D23
:10895000E31205DE97B500009385051C13050A0098
:10896000EF001029973600009386C6D417560000F2
:1089700013060601130720006FF01FF097B50000E3
:108980009385451F13050A00EF50C059E31405DA1B
:1089900097B500009385851E13050A00EF0050254A
:1089A0006FF09FF81306400097B5000093850519F6
:1089B00013050A00EF501000E31E05D6834741025D
:1089C0009306D002130741026396D70083475102F2
:1089D0001307510293F7F70D930620056380D738EC
:1089E000834707001307500593F7F70D6382E738B5
:1089F00013074005E390E7D497B5000093858515EC
:108A000013050A00EF00D01E6FF01FF297B50000AB
:108A10009385450F13050A00EF50C050E31C05D0A5
:108A200097B500009385050E13050A00EF00501C52
:108A30009736000093860601175600001306860637
:108A4000130780006FF05FE31306300097B5000056
:108A50009385050D13050A00EF50C075E31C05CC86
:108A6000834731021307010113064000938737FD46
:108A700093B7170093870703B387E700938737FE01
:108A800097B500009385050A138507002322F1009E
:108A9000EF504072E31005CA832741001306A0007F
:108AA0009305C10103C54700130535FD13351500B6
:108AB0003385A70013054500EF4050551307F5FF18
:108AC00013370701E30807C6130745FFE30407C68A
:108AD0000327C10103470700E31E07C42322A100A7
:108AE00097B500009385850413050A00EF00501028
:108AF000832741001307A000130691026358F70073
:108B000013071003A304E1021306A1023767666688
:108B1000130777663397E70293D6F741A300060061
:108B2000135727403307D740931627003387E600B3
:108B300013171700B387E740938707032300F60056
:108B40006FF09FDE97B50000938585F713050A0047
:108B5000EF50403DE31005BE97B50000938545F604
:108B600013050A00EF00D0086FF01FDC1306800029
:108B700097B50000938585FE13050A00EF508063CA
:108B8000E31A05BA034581021307010197B50000F6
:108B9000938585FD130535FD1335150093070503F2
:108BA0003385E700130585FEEF50C037E31405B8A1
:108BB00097B50000938585FB13050A00EF0050036D
:108BC0006FF09FD61306300097B500009385C5F36C
:108BD00013050A00EF50005EE31E05B403453102A1
:108BE0001307010197B50000938545F2130535FD84
:108BF00013351500930705033385E700130535FE8C
:108C0000EF504032E31805B297B50000938545F068
:108C100013050A00EF00C07D97360000938606C159
:108C200017560000130606DE130730006FF0DFC48E
:108C300093050A001305A9122326D1002324C1009D
:108C40002322E100EF00C07A0327410003268100C0
:108C50008326C1002304E9122320C90E2322D90E42
:108C600093050A0013050900EF50000463940A02FB
:108C70009396FB0193D7F601639E070003274100FB
:108C80001307F7FF63080700834701029387B7FACA
:108C9000B33AF00063160B042324590F6FF09FBF03
:108CA000930A1700130A010293850A0013050A00AC
:108CB0002328610523267105EF00807313050A0040
:108CC00093050004EF50C03663040500230005003F
:108CD00013050A00EFA04FCD3387AA006FF0DF998C
:108CE0009307F0FF2324F90E6FF0DFBA23248105E8
:108CF000130C170013050C0097B50000938585DD54
:108D0000EF004079930B0500930A0000130B10004D
:108D100063160500032C81046FF09F9797B5000040
:108D2000938505DC13050C00EF00C076930A05005F
:108D3000130B0000930B1000E30E05FC13050C0051
:108D400097B50000938585DAEF00C074933A15005B
:108D5000032C8104930B00006FF09F9397B50000E4
:108D6000938545DE13050A00EF0080686FF0DFBBD6
:108D700097B50000938585DD13050A00EF00406775
:108D80006FF09FBA93075046E300F5BA1305E5B1BB
:108D900093078000E3FAA7B86FF0DF999307102ECE
:108DA000E304F5B863CCA7009307501BE30EF5B6B8
:108DB0009307002DE310F5986FF01FB793077030FD
:108DC000E31AF5966FF05FB6130101FF23229100BD
:108DD0009384050097B500009385C5DB23248100AB
:108DE0002326110013040500EF20405463060500FC
:108DF00083470500639607049397240017C7010073
:108E00001307C76AB307F70083A50700130504001B
:108E1000EF20C051630605008347050063920702F7
:108E20001305040097B50000938545D7EF20005047
:108E30006306050083470500639407001385419F7F
:108E40008320C10003248100832441001301010118
:108E500067800000130101FC232E7101232E1102F3
:108E6000232C81022328210393076000930B050024
:108E700063E2B71A2322510323206103930A0600F9
:108E8000138B0500630606262324410317D901002E
:108E90001309C94917EA0100130ACA32232A9102A9
:108EA0002326310313040A009304090097E9010003
:108EB0009389493D938504001305040013040402BB
:108EC000EF00005393840402E31634FF83C70A00C3
:108ED0006396070C63120B2497E401009384842E9D
:108EE00013041000930AF001130B700093050400A3
:108EF00013850B00EFF05FED93090500EFA0CFAAFB
:108F000093070500938509001385040063EAFA0EB0
:108F100013041400EF00C04D93840402E31864FDB1
:108F2000138B016693090B0097E401009384842955
:108F300013041000930A70009305090013850900BB
:108F4000EF00004B138604009305040017D50100C1
:108F50001305C53BEFF0CFE1630E051E13041400AB
:108F6000938909021309090293840402E31654FD4C
:108F700003248103832441038329C102032A81023C
:108F8000832A4102032B01028320C1030329010329
:108F9000832BC101130101046FF04FD363000B0A4F
:108FA00013850A00EFA04FA09307F00163EAA7041E
:108FB00093175B0017E701001307C71E3304F70080
:108FC00093850A0013050400EF0080421306040095
:108FD00093050B0017D5010013054533EFF04FD96A
:108FE00013040500EFF08FCE832441038329C102CF
:108FF000032A8102832A4102032B01026F004002EF
:10900000832441038329C102032A8102832A410266
:10901000032B01021309600123A02B01130400009C
:109020008320C103130504000324810303290103E2
:10903000832BC10113010104678000009305F00236
:1090400013850A00EF40D07E93070500630C0518D6
:10905000034715001306F002930607006318C700C4
:1090600003C7270093871700E30CD7FEE30A07F82E
:1090700017E4010013040415130B10009304F0020D
:10908000338657411307F001E34CC7F61306160069
:1090900093850A00130504002326F100EF50400DCC
:1090A0008327C100130B1B0003C707006318970039
:1090B00003C7170093871700E30C97FE630C071490
:1090C000138707008346170013071700138616FD42
:1090D00063840600E31806FE93067000130404027E
:1090E000E300DBE4938A0700930707006FF05FF962
:1090F00017D40100130404136380050E1394550064
:1091000097D7010093878720832A4102032B01020E
:109110003304F4006FF0DFF093050B0013850B00B0
:10912000EFF09FCA93040500EFA00F889307F001AA
:10913000E3E8A7EC93175B0017E701001307870626
:109140003304F7009385040013050400EF00402A60
:109150006FF0DFE79304100003A90B00631C940079
:109160006F00000693841400130A0A02130B0B020B
:109170006388840493050B0013050A00EF00402761
:1091800013060A009385040017D50100130505187E
:10919000EFF00FBEE31805FC97B50000938505922C
:1091A00013050A00EF00C02413060A00938504008B
:1091B00017D5010013058515EFF08FBB6FF09FFAEF
:1091C000832441038329C102032A8102832A4102A5
:1091D000032B01026FF05FE4832A4102032B01029B
:1091E0006FF01FE413850A00EF901FFC9307F00156
:1091F000E3E8A7E017E401001304C4FC130504002E
:1092000093850A0013040402EF00801EE31834FF64
:109210006FF01FD113145B0017E70100130787F8E5
:109220009307700033048700E30CFBCE930504FE24
:109230001305040013040402EF00801BE31834FF3D
:109240006FF01FCE03C5019B6780000093070500E8
:1092500003A541A813860500938507006FF09FBF03
:109260001305050F67800000138581976780000054
:109270001385819767800000130101FF232481007B
:10928000130405001385050023A201AA232611005B
:10929000EF700FBB9307F0FF630AF5008320C10056
:1092A00003248100130101016780000083A741AA04
:1092B000E38607FE8320C1002320F40003248100FD
:1092C000130101016780000063F6A502B387C500A2
:1092D0006372F502630806043306C50003C7F7FF8F
:1092E0001306F6FF9387F7FF2300E600E318C5FE99
:1092F000678000009307F00063E8C702930705004A
:109300009306F6FF6300060E93861600B386D70019
:1093100003C705009387170093851500A38FE7FE09
:10932000E398D7FE67800000B367B50093F7370076
:10933000938805006392070A9357460013984700E5
:10934000330805019387F7FF1307050083A605007F
:1093500093850501130707012328D7FE83A645FF40
:10936000232AD7FE83A685FF232CD7FE83A6C5FF1D
:10937000232ED7FEE31C07FD939747003387170181
:1093800093050701B307F5001378C600938707011B
:10939000138E05009376F600630808049386C6FFD3
:1093A00093F6C6FF3307D70013074701330815416B
:1093B00003A30500B38805019385450023A0680039
:1093C000E398E5FE13874600B305C701B307F7002E
:1093D000137636006FF0DFF29306F6FF9307050071
:1093E0006FF09FF267800000138606006FF05FF158
:1093F000B367B50093F737006390070803A705002C
:10940000B7867F7F9386F6F73378D7003308D80086
:109410003368E8003368D8009307F0FF13060500AF
:109420006314F802938545002320E60003A7050096
:1094300013064600B377D700B387D700B3E7E7003A
:10944000B3E7D700E38007FF83C7050003C7150014
:1094500083C625002300F600638A0700A300E60008
:10946000630607002301D6006394060067800000AE
:10947000A3010600678000009307050003C70500ED
:109480009387170093851500A38FE7FEE31807FE67
:10949000678000003367B5009303F0FF1377370050
:1094A00063100710B7877F7F9387F7F703260500C0
:1094B00083A60500B372F6003363F600B382F200B0
:1094C000B3E26200639272106316D6080326450069
:1094D00083A64500B372F6003363F600B382F20050
:1094E000B3E26200639E720C6316D6060326850003
:1094F00083A68500B372F6003363F600B382F200F0
:10950000B3E262006398720C6316D6040326C500AA
:1095100083A6C500B372F6003363F600B382F2008F
:10952000B3E262006392720C6316D6020326050151
:1095300083A60501B372F6003363F600B382F2002E
:10954000B3E26200639C720A1305450193854501ED
:10955000E30ED6F41317060193970601631EF70076
:109560001357060193D706013305F7409375F50F9E
:1095700063900502678000001357070193D7070126
:109580003305F7409375F50F63940500678000007D
:109590001377F70F93F7F70F3305F7406780000055
:1095A0000346050083C605001305150093851500C5
:1095B0006314D600E31606FE3305D640678000002C
:1095C0001305450093854500E31CD6FC13050000F8
:1095D000678000001305850093858500E312D6FCA3
:1095E00013050000678000001305C5009385C500C2
:1095F000E318D6FA13050000678000001305050183
:1096000093850501E31ED6F813050000678000006E
:10961000370800801308F8FF23200600B376B8004F
:10962000B708F07F938705001307050063FC160950
:10963000B3E8A60063880808130101FE13DE4501A4
:10964000232E1100137EFE7F93080600138305006E
:1096500013060000631C0E0297D70100938707E6EC
:1096600003A6070083A6470023261101EF80407E52
:10967000370700808328C1001308F7FFB376B800CE
:1096800013830500130705001306A0FC93D646417B
:10969000B70710808320C1019387F7FF938626C008
:1096A0003373F300B386C600B707E03FB367F30038
:1096B00023A0D800130507009385070013010102BA
:1096C000678000001305070093850700678000008E
:1096D00003A805018327050163CC071D1308F8FFC4
:1096E000931228001386450133035600130E4501DB
:1096F00083270300B3025E0003A70200130101FDEC
:10970000938717002326110223248102B358F702FE
:109710006360F70C930F0600130F0E001304000094
:109720001307000083A70F0083230F00130F4F00C0
:10973000939E070193DE0E0193D7070193960301D1
:1097400093D6060193D30301938F4F00B38E1E036C
:10975000B3871703B38E8E0013940E0113540401C4
:1097600093DE0E01B3868640B386E60013D706412A
:109770009396060193D60601B387D701939E0701FE
:1097800093DE0E0113D40701B307D741B3877700E7
:10979000139707013367D700232EEFFE13D7074136
:1097A000E372F3F983A70200639407029382C2FF76
:1097B00063685E006F0080011308F8FF63785E0045
:1097C00083A702009382C2FFE38807FE23280501D6
:1097D00023261101232EC101232C6100232AC1005D
:1097E0002328010113040500EF2090758328C10090
:1097F0006346050A032EC1010323810103264101AB
:10980000032801019388180013050E009307000038
:1098100083260500832506001305450013970601DE
:10982000939E050193DE0E01135707013307D741BD
:109830003307F7009357074193D5050193D60601E7
:10984000B387B740B387D700131707019396070173
:109850001357070133E7E60013064600232EE5FE03
:1098600093D70741E376C3FA93172800B307FE00A6
:1098700003A70700631407029387C7FF6368FE000E
:109880006F0080011308F8FF6378FE0003A707004C
:109890009387C7FFE30807FE232804018320C10242
:1098A000032481021385080013010103678000006F
:1098B000130500006780000003238503130101F4F2
:1098C000232C810A232A910A2328210B2320610BB0
:1098D000232E7109232C81092328A109232E110A83
:1098E0002326310B2328E1002326F1002322B10295
:1098F00013040500138B050093040600938B0600E8
:1099000013090800138D0800130C060063020302FC
:109910000327C5039307100093050300B397E700DF
:109920002322E3002324F300EF20803A232C0402B7
:10993000938904001307000063DA04009394140071
:1099400013DC140093090C0013071000B707F07F15
:109950002320E90033F7F900630CF73813050B00F7
:1099600093050C0013060000930600002324410B0E
:1099700023206103130A0B00232E8101EF80C021F5
:10998000631E05040327C100930710002320F7007E
:1099900063080D0097A70000938757112320FD004F
:1099A000032A810A17A90000130949108320C10B5B
:1099B0000324810B8324410B8329C10A032B010A51
:1099C000832BC109032C8109032D0109130509000B
:1099D0000329010B1301010C6780000093050B00A4
:1099E00013060C00130781079306C1071305040033
:1099F0002326B1092322510B232A910913D94901A6
:109A0000EF30001593040500832D810763100932A0
:109A10000329C1079307000233892D011307294346
:109A200063DAE76293070004B387E740130529412F
:109A3000B399F9003355AB0033E5A900EF90900BD3
:109A4000B70710FE1309F9FF130A0500B387B70023
:109A5000930C10009385070097D70100938787A682
:109A600003A6070083A6470013050A00EF8090387D
:109A700097D70100938787A503A6070083A6470011
:109A8000EF80003D97D701009387C7A403A6070086
:109A900083A64700EF60904B130A050013050900E9
:109AA000938A0500EF90007797D70100938707A36B
:109AB00003A6070083A64700EF8080391306050040
:109AC0009386050013050A0093850A00EF6010488D
:109AD000130A0500938A0500EF90C06B93090500F7
:109AE000130600009306000013050A0093850A0080
:109AF000EF8080246350050213850900EF90807188
:109B000013060A0093860A00EF8000093335A0008F
:109B1000B389A94033892D4193076001130AF9FFE6
:109B200063E4372517C80100130848B69397390036
:109B3000B307F800032501028325C10103A607002E
:109B400083A64700EF80401F634C0550634420010B
:109B50006F108023330A3A0123263103232C01029C
:109B6000232C0100232401029307900063E877234C
:109B70009307500063DA774B938BCBFF13074000BA
:109B80006394EB006F10C0406384FB7A930720005E
:109B9000930A00006394FB006F10401B930B30008E
:109BA0002320010483270101B3873701938C170019
:109BB0002324F10413860C00634490011306100063
:109BC00093067001130710009307400063C4C6009A
:109BD0006F10C05C939717009386470193050700A9
:109BE00013071700E378D6FE232EB40213050400F2
:109BF000EF20400313090500631405006F10C048EF
:109C0000232CA40293B7FC00E384072CE3820A2CE4
:109C1000E352303593F7F90017C80100130808A77D
:109C20009397370093DA4940B307F80093F60A0197
:109C300003A8070003A74700E388064697C701006B
:109C4000938747A203A6070283A6470203250102C2
:109C50008325C1012326E10423280103EF7040641A
:109C600013073000232EE102032801030327C10458
:109C700093FAFA00130305009387050063800A72C4
:109C8000232891022326810497C401009384849D94
:109C900013840A0023286104832AC103938D0700DB
:109CA000930507006F00C000135414409384840090
:109CB00013771400631A070013541440938484002C
:109CC00013771400E30207FE03A6040083A64400F2
:109CD0001305080013541440EF808017938A1A006C
:109CE000130805006300046A938484006FF05FFD2D
:109CF0008326C1009397C9003727000093D7C70078
:109D00001307F770B3E7670123A0E6006380070439
:109D100017A90000130949EEE30A0DC897A7000030
:109D20009387B7ED2320FD006FF05FC88327C10143
:109D30003707F03F130919C09397C70093D7C7009F
:109D4000B3E7E700930C00006FF0DFD017A9000025
:109D50001309C9E997A700009387C7E9E3080DC471
:109D60002320FD006FF09FC493071000232CF10205
:109D7000232C0100634A0A2863D2092A8327810120
:109D800023260102B3873741232CF100B30730416A
:109D90002324F10293079000E3FC77DD930B00008E
:109DA000232E04029305000013050400EF109067B2
:109DB00013090500631405006F10002D232C2403E4
:109DC00093A7F9000327C107638407006350072A9C
:109DD00063940C528327810713076003930CF0FFF1
:109DE0003307F74083278101330AEA0023249105D2
:109DF0003387E7008327810223280100232EF10007
:109E000093051000130504002320E102EF204032E7
:109E10008327810103270102930A05006394070049
:109E20006F108003634440016F100003832681019B
:109E3000938706006354DA0093070A0083268101A2
:109E40003307F740330AFA40B386F640832781028E
:109E5000232CD100638407068327C1016394070084
:109E60006F1040151386070093850A001305040040
:109E70002320E102EF20805D138604009305050096
:109E8000930A050013050400EF2080379385040032
:109E90009304050013050400EF109063032781026B
:109EA0008327C1018326C1013306F74093070700CA
:109EB000032701026384D7006F1040079305100049
:109EC000130504002320E102EF2080268327C1022E
:109ED000232EA10003270102638407006F00D078BE
:109EE00093071000E3CC771D83264102E398061CFC
:109EF0009316CC00E394061C93564C0193F6F67F20
:109F0000E38E061A2326F10213071700130A1A001C
:109F10002324F102B387470193F7F701E38807028F
:109F20009306B001E3CCF6349306C001B387F64044
:109F3000832681013307F700330AFA00B386F6005F
:109F4000232CD1006348E026635C40018325C101D6
:109F500013060A0013050400EF200066232EA1005B
:109F600093A73B0013CA170083278103639007263A
:109F70006348903B63060A3AE3920C088325C101CB
:109F8000930600001306500013050400EF109056CE
:109F900093050500232EA10013850400EF20407ACD
:109FA000E35EA00493071003138A19002300F9004D
:109FB000930B19008325C10113050400130A1A002D
:109FC000EF10105163880A0093850A0013050400FE
:109FD000EF1010509385040013050400EF10504F4C
:109FE0008327C10023800B0023A0470163020D38A3
:109FF000032A810A832A410A832C4109832DC1083F
:10A0000023207D016FF09F9A93071000B3872741AB
:10A01000232CF100130A0000E3C209D6330A3A01E7
:10A02000232631036FF01FB4130740006394EB0045
:10A030006F0050756386FB3093072000E386FB506A
:10A040009307300023200104930A1000E38CFBB433
:10A050006FF01FD5B387E7403315FB006FF01F9EED
:10A060009389F9FF232C01026FF09FD097B701006D
:10A070009387C76113973900B387E70003AB0700E5
:10A0800083AB4700930CF0FF930A1900832D010264
:10A09000032AC10113060B0093860B0013850D00E4
:10A0A00093050A00EF70C01FEF90C00E130C05005F
:10A0B000EF90401613060B0093860B00EF7050597B
:10A0C000938605001306050093050A0013850D000D
:10A0D000EF80405293070C032300F900130A10008D
:10A0E000938D0A001307050097C60100938606406A
:10A0F00063944C016F00D07283A7060003A846004A
:10A10000330A5A412328F100232A0101938A0C00C3
:10A11000232C8100938705006F00000613060B00B7
:10A1200093860B0013050C0093850C00EF7040170D
:10A13000EF90400613040500EF90C00D13060B00CE
:10A1400093860B00EF70D050938605001306050030
:10A1500093850C0013050C00EF80C049938D1D0002
:10A1600093070403A38FFDFEB3864D01130705007B
:10A1700093870500E382566B032601018326410184
:10A180001305070093850700EF70904C130600003D
:10A1900093060000130C0500938C0500EF70D01F90
:10A1A000E31E05F603248101138A1900938B0D0029
:10A1B0006FF05FE2938504001306070013050400A7
:10A1C000EF20803F930405006FF01FD88325C10165
:10A1D00013850400EF20C056E35C05D89385040086
:10A1E000930600001306A00013050400EF10903042
:10A1F00083278104138CF9FF9304050093A71700AC
:10A20000337AFA0083278102E394070863040A0083
:10A210006F005076832C8104138A090093090C0087
:10A22000832BC101130B10006F0000029385040003
:10A23000930600001306A00013050400EF10902BF6
:10A24000130B1B009304050093850B00138504007A
:10A25000EFF00FC8130C0503B3076901A38F87FF45
:10A26000E3469BFD130B000063549001138BFCFF2E
:10A2700093071900330BFB0093060000938504003D
:10A2800013061000130504002328D100EF20C0326C
:10A290008325C10193040500EF20804A8326010134
:10A2A0006356A00A130790036F008000E304694D12
:10A2B0008347FBFF930B0B00130BFBFFE388E7FEC9
:10A2C000938717002300FB008325C10113050400B9
:10A2D0002328D100EF10D01FE38E0ACE8326010180
:10A2E000E38406CEE38256CF93850600130504006F
:10A2F000EF10101E6FF05FCD8327810113073743E6
:10A30000330AEA003387E70083278102930CF0FFCA
:10A3100023249105232EF100232801006FF05FAE66
:10A320008327810263980778138A19006FF05FEF23
:10A3300093071000930A00002320F1046FF09F861A
:10A34000930A1000232051056FF0DF856316050086
:10A35000137C1C00E3180CF413070003930B0B0091
:10A360008347FBFF130BFBFFE38AE7FE6FF0DFF58C
:10A37000032A810A832A410A832C4109832DC108BB
:10A380006FF0CFE2832401030324C10403230105FA
:10A39000232E510393870D00138705001306080031
:10A3A000130503009306070093850700EF60506FC5
:10A3B0002328A102938A0500832781036382070271
:10A3C00097C601009386061203A606000325010323
:10A3D00083A6460093850A00EF701016E344051C1F
:10A3E0000325C103EF8010630326010393860A004F
:10A3F000EF70102697C701009387C70F03A60700C9
:10A4000083A64700EF608034B708C0FC130705003F
:10A41000B388B80063880C2423263105232E9103CA
:10A420008327C10317B80100130848262322010718
:10A4300093973700B307F80003A8C7FF032501036C
:10A4400083A787FF93850A00232011072328F1049F
:10A45000232A0105232EE104EF80D053232CA104ED
:10A46000EF80505B1306050003250103938605006A
:10A4700093850A00EF80001883278105930D19004A
:10A48000930A0500938807038327010417B8010086
:10A490001308C81F63880744232CB10497C5010023
:10A4A00093854501032601058326410503A5050083
:10A4B00083A545002320010523281103EF60505E8A
:10A4C0000326C10583260106EF80C01203278105FC
:10A4D0008328010313860A0093060700230019014D
:10A4E0002328E1022328A104232CB104EF70C073B8
:10A4F0000327010317B8010013084819E340A02CF3
:10A5000097C60100938606FE03A6060083A64600B2
:10A51000232E3105232041078329010523227107BA
:10A520002324810723286105032A8105138B0A0050
:10A530002328C102832AC103232AD10223209105A3
:10A54000930B000023260107130C07006F0000097E
:10A55000938B1B0063DC5B2B97CC0100938C0CF975
:10A5600003A60C0083A64C001385090093050A007E
:10A57000EF70100E03A60C0083A64C009309050093
:10A58000138A050013050B0093050C00EF70500CA7
:10A59000130C0500938C0500EF80D03F130B0500D2
:10A5A000EF805047130605009386050013050C0045
:10A5B00093850C00EF80000493070B0313860900BA
:10A5C00093060A002380FD00938D1D00130B0500E8
:10A5D000138C0500EF704076E342051E032501034E
:10A5E0008325410313060B0093060C00EF808000C7
:10A5F0001386090093060A00EF700074E35A05F40D
:10A60000930690036F008000E38C2D19938B0D004F
:10A6100003C7FDFF938DFDFFE308D7FE1307170067
:10A620002380ED008327C104138A17006FF09F9ADF
:10A630000325C103EF80103E0326010393860A0021
:10A64000EF70100197C701009387C7EA03A60700C0
:10A6500083A64700EF60800FB708C0FC1307050012
:10A66000B388B80097C70100938747E90325010322
:10A6700003A6070083A6470093850A002326110539
:10A68000232EE102EF7010770327C1038328C10452
:10A690002328A1021306070093860800232AB1028B
:10A6A0002328E104232E1103EF700058634CA020EF
:10A6B0008328C103032601050325010383254103E4
:10A6C000B7070080B3C6F800EF7000676340051C51
:10A6D0008327C10763CA070093A7F90017B80100D1
:10A6E0001308C8FA639A0714832701046396077C4A
:10A6F00083278101638A075C63080A5C0327810161
:10A70000930707006354EA0093070A0003278101B7
:10A71000330AFA403307F74083278102639C0774AA
:10A720009305100013050400232CE100EF105020C6
:10A730008327C102232EA10003278101E390071480
:10A74000930A0000930710006FF0CFFC9307C0013D
:10A750006FF00FFE6388096CB30A304193F7FA007B
:10A7600017B80100130888F293973700B307F80071
:10A7700003A6070083A64700032501028325C10124
:10A78000EF70006D93D74A402328A102938A0500F9
:10A79000E38007201307200023289102930A0B006F
:10A7A000232EE102130B040097B40100938484EB81
:10A7B000938D0700130407006F00C00093DD1D4058
:10A7C0009384840013F71D00631A070093DD1D4076
:10A7D0009384840013F71D00E30207FE03A6040020
:10A7E00083A6440093DD1D4013041400EF704066FF
:10A7F00063860D64938484006FF0DFFD832701017D
:10A80000930B090013CAF7FF6FF0CFFA8327C10734
:10A81000832C01048329C105032A0106832B4106E9
:10A82000032C81060328C106032B010563C60768B4
:10A8300093A7F9006382076893973900B307F8007C
:10A8400003AB070083AB470083270101E3DE0782E8
:10A85000E34C9083639C0C0297C70100938707CA5F
:10A8600003A6070083A6470013050B0093850B0082
:10A87000EF70005E130605009386050003250102B4
:10A880008325C101EF70404B634EA0029305000089
:10A8900013050400EF10C04383270101930B090047
:10A8A000330AF0406FF00FF39306200003230102F8
:10A8B0008327C101232ED1026FF04FBC2324F10264
:10A8C0006FF04FE5930710032300F9009305000094
:10A8D00013050400930B1900EF10803F138A290021
:10A8E0006FF04FEF03260105832641052322B106B1
:10A8F0000325C10583250106232C01052328110307
:10A90000EF700055832801038327C1032320A1048E
:10A91000230019012322B104130610000328810526
:10A920000327410693880D0097C60100938606BC55
:10A93000638CC70A03A6060083A646002328910558
:10A94000232CB105B30CF9002320210713850A003D
:10A950002328C102930A0B00232AD102232E31059A
:10A96000938D040013890800232201079305070033
:10A97000130B040003260103832641031309190066
:10A98000EF70004D9384050013040500EF809000E4
:10A9900093090503EF801008130605009386050050
:10A9A0001305040093850400EF70D044A30F39FF12
:10A9B000E3922CFD93840D00832D81058327C10331
:10A9C000832C01058329C1050329010603284106BB
:10A9D0009388FDFF13040B0013870500138B0A00F7
:10A9E000B388F800930A050017C30100130383AC72
:10A9F0000326030083264300032501048325410425
:10AA0000232EE1022328010523281103EF501054BF
:10AA10008326C10313860A00EF7000326348055A8B
:10AA200017C30100130303A903260104832641046D
:10AA30000325030083254300EF70D03B8326C10329
:10AA400013860A00EF70401E8328010303280105C6
:10AA5000634CA0660327C107E34C07C813A7F9009E
:10AA6000E30807C8139739003308E800032B0800F0
:10AA7000832B4800938A0D006FF04FE19306C001CD
:10AA80006382D7CC9306C003B387F6406FF04FCAFA
:10AA900093850A00930600001306A0001305040026
:10AAA000EF104025930A0500832C810493090C00C4
:10AAB00063140ACC83278101635CF00093850A004C
:10AAC0001386070013050400EF10102F930A0500EA
:10AAD0008327C102938D0A00639E074E032741021C
:10AAE000032AC1019307F9FF1377170023203103CD
:10AAF0002322210393090900232CE10033899701C4
:10AB00002324A1032326610393050A00138504006F
:10AB1000EFE01FBC130C050093850A0013850400A9
:10AB2000EF10104293050A00930C050013860D00E8
:10AB300013050400EF1050460327C500130B0C0348
:10AB400093050500631A07082328A1001385040054
:10AB5000EF10103F83250101130D050013050400BC
:10AB6000EF100017B3667D016398061083278101FB
:10AB7000638C075C63CE0C5A23806901938C1900A7
:10AB80006302395393850400930600001306A00066
:10AB900013050400EF1000169304050093850A00C6
:10ABA000930600001306A00013050400638CBA0B83
:10ABB000EF10401493850D00930A050093060000E2
:10ABC000130504001306A000EF10C012930D05003A
:10ABD00093890C006FF05FF313050400232C8101AF
:10ABE00003294102032D8102138A0900130C0B0073
:10ABF00083290102032BC10223289101EF10400D8C
:10AC00008327010163CC07008327010113771B0011
:10AC1000B3E77701B367F7006396070893850400ED
:10AC20001306100013050400EF1010198325C1014D
:10AC300093040500EF10D0306354A05493079003A1
:10AC40006308FC4A83278101138C170393860A004B
:10AC500023008A01930B1A00938A0D00138A1900AE
:10AC60006FF08FE6EF100009930A0500930D0500C1
:10AC700093890C006FF05FE963CA0C488327810158
:10AC8000B3EC7C01B3EC970163820C48E356A0EF70
:10AC9000138A09000329410283290102032D81023D
:10ACA000130C0B00930790036304FC44130C1C006B
:10ACB00023008A0193860A00930B1A00938A0D00E1
:10ACC000138A19006FF04FE0832781026396071AF9
:10ACD0009305100013050400EF1080458327C1027F
:10ACE000232EA10003278101930A0000E38C07A40F
:10ACF0000326C1028325C101130504002320E102BC
:10AD0000EF10C07493071000232EA1002326010228
:10AD10000327010263DA77238327C1012320E1029D
:10AD20000327C10183A7070193972700B307F70003
:10AD300003A50701EF1080259307000203270102F6
:10AD4000B387A7406FF00F9D930A100023200104E2
:10AD500083270101635CF000832701012324F104B0
:10AD600013860700938C07006FE09FE593071000A0
:10AD70002324F104232E0402938C07002328F100DE
:10AD8000930500006FE09FE693071000B38727410B
:10AD9000232CF100138A090023263103232C0102FE
:10ADA0006FE05FDCE3860C8883278104E352F09236
:10ADB00097B601009386867303A606000325010358
:10ADC00083A646009387F9FF93850A002326F104A2
:10ADD000EF7000080327C103930D0500938A050057
:10ADE000130517002328B103EF80C04213860D001E
:10ADF00093860A00EF70C00597B701009387876FAD
:10AE000003A6070083A64700EF5050148327810450
:10AE1000B708C0FC13070500B388B800232EF10261
:10AE20006FF00FE083270102832AC1012328F1027A
:10AE300093072000232EF1026FF00FD88324010323
:10AE4000232E81022328A10213040B00138B0A0076
:10AE5000938A05006FF04FD6832781026394070021
:10AE60006FF0CF856FE05FFF930710002324F1029E
:10AE70006FF01FE8232CE100032681029385040074
:10AE800013050400EF10805C930405009305100087
:10AE900013050400EF10C0298327C102232EA1004F
:10AEA000639007240327810123240102930A0000F1
:10AEB000930710006FF00F86832781021386FCFF33
:10AEC00063D2C730832781020327C1029305100094
:10AED000B307F640B307F70013050400232EC100A3
:10AEE0002326F102EF10C024832781010326C1012C
:10AEF000330A9A01930A050013870C00638807023E
:10AF000083278101832681013387970193070A00F4
:10AF100063D4460193870600832681013307F740F7
:10AF2000330AFA40B386F640232CD10093850400FF
:10AF300013050400232EE100EF1040510327C10147
:10AF4000930405006FE09FF783264102E39606DC39
:10AF50009316CC00E39206DC93564C0193F6F67FF1
:10AF6000E38C06DA13071700130A1A002326F102EE
:10AF70006FF09FDA93071003138A29002300F9006A
:10AF80006FF08FB4930A1000232051056FF05FDC3F
:10AF900093071000930A00002320F1046FF05FDB99
:10AFA0008327C10413071003938717002326F10496
:10AFB0006FF00FE7032681026FF05FF78327C1046C
:10AFC000938B0D00138A17006FF0CF80832D010340
:10AFD0006FF00FE383A54A0013050400EF009044CF
:10AFE000130A05006302051C03A60A019385CA0023
:10AFF0001305C5001306260013162600EF804F88A0
:10B0000093050A001305040013061000EF10C05A40
:10B01000930D05006FF09FAC130C04000324810115
:10B02000130607009386050013050700EF50007212
:10B0300013060B0093860B002328A100232AB100DE
:10B04000138A1900EF60503E6342A00203250101FC
:10B050008325410113060B0093860B00EF60D0336C
:10B06000631A050013771C006306070023263105C9
:10B070006FF00FD9938B0D006FE0DFF5232CE1000B
:10B08000930A00006FF0DFC697960000938606B71C
:10B09000130600009305F01A17950000130545B735
:10B0A000EF30402E83290102130C0B0093860A0017
:10B0B00003294102032D8102138B0C00938A0D009A
:10B0C000138A19006FF08F9B1307000383C7F8FFE3
:10B0D000938B08009388F8FFE38AE7FE6FF08FD424
:10B0E0000327810123240102930A00006FF05FC04F
:10B0F0009307900393860A002300FA00130B1A00AB
:10B10000938A0D00138A19006FF0CF99232C8101C7
:10B1100013070D00138A0900032941028329010244
:10B12000032D8102130C0B00E34AE0AE6FF01FB257
:10B13000138A09000329410283290102032D810298
:10B14000130C0B006FF09FB093079003138A090054
:10B1500013070C008329010203294102032D8102F8
:10B16000130C0B00E306FBF8E35290AF130C17032C
:10B170006FF0DFAD832C810493090C006FE0DFDFFB
:10B18000E31605AC93771C00E39A07AA6FF01FAC97
:10B1900093072000232EF1026FF00FA2232E04024A
:10B1A000930500006FE09FA497960000938606A584
:10B1B000130600009305F02E17950000130545A512
:10B1C000EF30401CB387C740232EF10063DC0C0036
:10B1D0008327810113870700B3879741232CF10050
:10B1E0006FE01FC283278101330A9A0133879701D9
:10B1F0006FE01FC1130101FD232C4101138A41A9F6
:10B200002322910223202103232A510123286101B3
:10B210002326110213890500130B0600930A05006B
:10B22000EF30802A83240A00638E0406232E310126
:10B23000834709006388070E138737FC130609004C
:10B240006302070E8347160013061600138737FCA8
:10B2500063840700E31807FE9309D0036380370D6A
:10B2600003A50400630C050A23248102330426414C
:10B270001306040093050900EF20907B631A050074
:10B2800083A70400B387870003C70700630237055D
:10B2900003A5440093844400E31C05FC03248102BD
:10B2A0008329C10113850A00EF3080228320C10267
:10B2B0008324410203290102032A8101832A4101D7
:10B2C000032B010113050000130101036780000037
:10B2D00003270A0013850A002326F100B384E44003
:10B2E00093D4244023209B00EF30801E8327C1008D
:10B2F000032481028320C1028329C10183244102E6
:10B3000003290102032A8101832A4101032B010140
:10B310001385170013010103678000008329C10111
:10B320006FF05FF8130609006FF01FF3130101FEC1
:10B330001306C100232E1100EFF0DFEB8320C101C3
:10B34000130101026780000083A7C1966780070090
:10B3500063800502630206046388060483470600CF
:10B3600023A0F500034506003335A00067800000E8
:10B37000130101FF9305C10063040602638A0602FC
:10B380008347060023A0F500034506003335A000DF
:10B3900013010101678000001305000067800000B1
:10B3A000130500006FF0DFFE1305E0FF678000006B
:10B3B0001305E0FF6FF0DFFD130101FF6384050A51
:10B3C000630C0608638C062C03280700631C080620
:10B3D00083470600130E1000638C07069308F007DE
:10B3E00063D2F80E938807F41303F0016360130926
:10B3F0002302F70063180800130810002320070138
:10B40000638E06293306C601834606001306F00341
:10B41000138806F8636206231306100C635EF62099
:10B420009397670093F7077C93F6F60323200700B2
:10B43000B3E7D70023A0F50013051E001301010197
:10B440006780000083474700130E0000E39807F869
:10B4500023A00500232007001305000013010101AC
:10B46000678000009305C1006FF09FF5938807F295
:10B470001303F000636213072302F700631408123A
:10B480001308100023200701638A06213308C60130
:10B49000834808001303000E1388080063846720A4
:10B4A000138308F8930EF00363E86E18130320006B
:10B4B000A3021701232067006382661E130E1E007D
:10B4C0006F0000112320070023A0F50013051000D2
:10B4D0001301010167800000938807F11303400006
:10B4E000636C13152302F700630408129388160097
:10B4F000B338100113031000B386160163006812FD
:10B50000834857001303000F6384671213A30809CD
:10B51000631603001383C7F063000312138308F854
:10B52000930EF00363EA6E10A302170113031000D9
:10B53000630C6810032F07001388160033380001CE
:10B5400013032000B386060163066F1003486700EB
:10B55000930608F863E2DE0E3306C60103460600D2
:10B560009306F003130306F863E8660CB3F8D800FB
:10B5700093F77700939727019398C800B376D80084
:10B58000B3E7170193966600B3E7D7001376F60387
:10B59000B3E7C70023A0F50013051E002320070012
:10B5A0006FF0DFEB93881600B3381001130310001F
:10B5B000B3861601E30C68EC9306000E03485700AF
:10B5C0006380D70C930608F89308F00363E6D80667
:10B5D0003306C601034606009306F003930806F8F7
:10B5E00063EC160593F7F700B376D8009397C7007E
:10B5F00093966600B3E7D7001376F603B3E7C70068
:10B600002320070023A0F50013051E006FF01FE59F
:10B610001308100023200701638206093308C601BE
:10B6200083480800130E1E00130810006FF09FEDF2
:10B630001303F008E34413EF9307A0082320F50059
:10B640001305F0FF6FF09FE113082000232007018E
:10B65000638606053308C601034808001303F00398
:10B66000930E08F8E36AD3FD1303300023030701A8
:10B670002320670063846602130E1E006FF0DFED67
:10B680009306F009E3DA06FB930608F89308F00343
:10B69000E3E4D8FAA30207016FF09FF31305E0FF7C
:10B6A0006FF0DFDB1303F009E34C13DF6FF0DFF81B
:10B6B000638C05086300061463880614832707005B
:10B6C0000348060063800702930610006384D704D2
:10B6D00023A0050183470600B337F0001385070058
:10B6E000678000009307F8F793B7F70163980700A6
:10B6F000930708F293B70701E38C07FC9307100048
:10B70000230207012320F7006380F6100348160088
:10B7100093072000930608FC93B6F603639806008F
:10B72000930608F893B6D6076384060E834647004F
:10B730001385070093968600B386060123A0D500E3
:10B740002320070067800000130101FF9305C1005B
:10B750006308060A6386060C832707000348060071
:10B7600063820702930610006386D70423A00501B5
:10B7700083470600B337F00013850700130101016A
:10B78000678000009307F8F793B7F7016398070005
:10B79000930708F293B70701E38A07FC93071000A9
:10B7A000230207012320F700638CF60603481600E6
:10B7B00093072000930608FC93B6F60363900602F5
:10B7C000930608F893B6D607639A06009307A00875
:10B7D0002320F5009307F0FF6FF01FFA8346470020
:10B7E00093968600B386060123A0D5002320070088
:10B7F0006FF09FF893070000138507006780000033
:10B80000930700006FF05FF79307E0FF6FF01FED05
:10B810009307A0082320F5009307F0FF6FF01FECBB
:10B820009307E0FF6FF05FF56386050C630C061865
:10B830006380061E8327070003480600638407020F
:10B84000930810006388170593062000638AD71AAF
:10B8500023A0050183470600B337F00013850700D6
:10B8600067800000930728F793B7270063980700C5
:10B870009307F8F593B7E705E38C07FC93071000EF
:10B88000230207012320F7006384F61803481600FB
:10B89000930720009308F8F51303D005636E131780
:10B8A000834847001303F00863946812930820004C
:10B8B000A30207012320170163FCD7143306F60007
:10B8C00003480600938717009306F8F51306D00582
:10B8D0006364D614834657001378F807138507006E
:10B8E00093968600B386060123A0D5002320070087
:10B8F00067800000130101FF9305C1006304060E79
:10B900006384061283270700034806006386070244
:10B9100093081000638A1705930620006386D70EEC
:10B9200023A0050183470600B337F0001385070005
:10B930001301010167800000930728F793B72700E0
:10B94000639807009307F8F593B7E705E38A07FCC8
:10B9500093071000230207012320F7006386F60CEB
:10B9600003481600930720009308F8F51303D00549
:10B970006360130D834847001303F008639868065B
:10B9800093082000A30207012320170163FED708B4
:10B990003306F60003480600938717009306F8F570
:10B9A0001306D0056366D608834657001378F80758
:10B9B00093968600B386060123A0D50023200700B6
:10B9C0006FF0DFF693070000138507006780000023
:10B9D00093988800B388080123A01501232007004D
:10B9E0006FF0DFE7930700006FF05FF49398880033
:10B9F000B388080123A01501232007006FF01FF36F
:10BA0000938708006FF05FEC938708006FF01FF9D1
:10BA10009307E0FF6FF09FE49307A0082320F50051
:10BA20009307F0FF6FF09FE39307E0FF6FF01FF0C5
:10BA30009307A0082320F5009307F0FF6FF01FEF96
:10BA4000130101FE638E0506630006086388061C69
:10BA5000232E8100232C910023283101232A210148
:10BA6000930E060003C30E008344070093090600EB
:10BA70009308100097A30100938303B797A20100D6
:10BA8000938202B21304F00217AF0100130FCFA389
:10BA9000930F500017AE0100130E0EAF630E030894
:10BAA000930753FE93F7F70F6368F4029397270009
:10BAB000B387E70183A70700B387E7016780070023
:10BAC0009305C100E31406F82320070013051000B6
:10BAD00013010102678000001309F3FD9307D005ED
:10BAE00033B927011309790093973400B38797007E
:10BAF0003388F2003308280103480800B387F300B5
:10BB0000B387270183C4070063E60F0D13182800CD
:10BB10003308C80183270800B387C701678007007F
:10BB200023026700938E1E0063F0D80E03C30E003D
:10BB300093881800E31603F6130960006FF0DFFA2C
:10BB4000338619016FF01FFE930710002320F700C2
:10BB50008347470003C70E001385080093978700AB
:10BB6000B387E7000324C101832481010329410134
:10BB70008329010123A0F500130101026780000061
:10BB80002320070083470600138508006FF09FFD00
:10BB90000324C1012320070023A005008324810181
:10BBA000032941018329010113050000130101024A
:10BBB00067800000130920006FF01FF313093000A5
:10BBC0006FF09FF2130940006FF01FF2130950004D
:10BBD0006FF09FF10324C1019307A0082320F50013
:10BBE0008324810103294101832901011305F0FF09
:10BBF0001301010267800000130910006FF0DFEEEF
:10BC0000130900006FF05FEE232097000324C101A9
:10BC10008324810103294101832901011305E0FFE8
:10BC20006FF09FF583274504130101FE232E1100B9
:10BC30001307050093860500638807021396260004
:10BC4000B387C70003A507006308050403270500A1
:10BC500023A0E70023280500232605008320C10137
:10BC600013010102678000002326B10013061002B1
:10BC7000930540002324A100EF20007703278100D3
:10BC80008326C100930705002322A704E31805FAC1
:10BC9000130500006FF09FFC93051000B397D500CB
:10BCA0001386570013050700131626002326D1001C
:10BCB0002324F100EF204073E30C05FC8326C10030
:10BCC000832781002322D5002324F5006FF09FF8FD
:10BCD0006380050203A74500832745041317270047
:10BCE000B387E70003A7070023A0E50023A0B70060
:10BCF0006780000003AE0501938E050013830600E4
:10BD000013884501930800008327080013084800A2
:10BD100093881800139707011357070193D607015B
:10BD2000B307C702B386C602B387670013D70701FC
:10BD30009397070193D70701B386E600139706018F
:10BD4000B307F700232EF8FE13D30601E3CEC8FB9A
:10BD50006300030283A78E006350FE0213172E00B8
:10BD60003387EE00232A670093071E0023A8FE00F6
:10BD700013850E006780000083A54E00130101FEAD
:10BD8000232C810093851500232461002322C10107
:10BD90002320D101232E110013040500EFF09FE8AA
:10BDA000832E0100032E41000323810013070500A9
:10BDB0006300050803A60E019385CE001305C50098
:10BDC0001306260013162600232661002324C10132
:10BDD0002322D1012320E100EF708FAA832E41009E
:10BDE00083274404032E810083A64E000323C10051
:10BDF00013172E0093962600B387D70083A607005B
:10BE00008320C1010324810123A0DE0023A0D701E8
:10BE1000832E010093071E003387EE00232A67005C
:10BE200023A8FE0013850E001301010267800000A5
:10BE300097860000938686DC130600009305A00B0E
:10BE400017850000130585E8EF20C053130101FE9C
:10BE5000232C8100232821012326310123244101A1
:10BE600023225101232E1100232A910093079000D1
:10BE700093890600130A060013090500938A05003A
:10BE80001304070063D2D70EB797E338938797E37D
:10BE900093868600B3B6F602930500009307100060
:10BEA00093D616009397170093851500E3CCD7FE21
:10BEB00013050900EFF01FD793050500630A050A73
:10BEC000930710002328F500232A8500930790008C
:10BED00063D6470913849A0093040400B38A4A0185
:10BEE00083C604001306A00013050900938606FD0F
:10BEF00093841400EFF01FE093050500E39254FFD4
:10BF000033044401130484FF63563A03B384494164
:10BF1000B3049400834604001306A000130509002F
:10BF2000938606FD13041400EFF0DFDC9305050093
:10BF3000E31294FE8320C101032481018324410183
:10BF4000032901018329C100032A8100832A4100BA
:10BF50001385050013010102678000001384AA0005
:10BF6000138A07006FF05FFA930500006FF05FF42B
:10BF700097860000938686C8130600009305300D4F
:10BF800017850000130585D4EF20C03F93070500F7
:10BF9000370701001305000063F6E70093970701D8
:10BFA000130500013707000163F6E700130585005C
:10BFB000939787003707001063EEE70037070040CC
:10BFC00063FEE70213972700634407041305350057
:10BFD0006780000013974700B7060040130545002F
:10BFE0006370D7029397670063C407021397170023
:10BFF000E34E07FC1305000267800000138707006B
:10C000001347F7FF1357F7013305E500678000007A
:10C0100013052500678000008327050013F77700CC
:10C020006306070293F6170013070000639C0600DF
:10C0300013F72700630E070A93D717002320F50094
:10C04000130710001305070067800000139707010E
:10C05000135707016314070493D7070193F6F70FEB
:10C0600013070001639606001307800193D787002A
:10C0700093F6F7006382060693F6370063800604A2
:10C0800093F61700639606001307170093D717005F
:10C090002320F500130507006780000013F7F70F52
:10C0A0006302070413F7F70063160706130740003F
:10C0B00093D7470093F63700E39406FC93D6270006
:10C0C00013F6160063000604938706001307270083
:10C0D0002320F5006FF01FFC1307470093D747009C
:10C0E0006FF05FFD1307800093D787006FF05FF854
:10C0F00093D72700130720002320F500130507001E
:10C100006780000093D73700639E07001307000283
:10C110006FF05FF393D73700130730002320F5004B
:10C120006FF05FF7130737002320F5006FF09FF6DD
:10C1300083274504130101FE232E11001307050078
:10C14000938605006388070203A54700630605067A
:10C15000032705008320C10123A2E70093071000F5
:10C1600023260500232AD5002328F5001301010208
:10C17000678000002326B1001306100293054000DB
:10C180002324A100EF204026032781008326C1003D
:10C19000930705002322A704E31805FA97860000F9
:10C1A0009386C6A51306000093055014178500005A
:10C1B0001305C5B1EF20001D130507001306C001CC
:10C1C000930510002324D100EF200022E30805FC92
:10C1D000832681008320C101930720002324F500DA
:10C1E00013071000930710002322E5002326050003
:10C1F000232AD5002328F5001301010267800000DF
:10C20000130101FE232821012326310103A9050181
:10C2100083290601232A910023244101232E1100A2
:10C22000232C8100138A050093040600634C390116
:10C23000138709009384050093090900130A060077
:10C240001309070083A7840083A5440033842901D0
:10C25000B3A78700B385F500EFF0DF9C630A051CE8
:10C2600093084501131824003388080193870800B8
:10C2700063F8080123A0070093874700E3EC07FF5A
:10C2800093054A01131329003383650063F2651691
:10C2900093962900938E4401B386DE00138E5401D9
:10C2A00033BEC60133869640134E1E001306B6FEFB
:10C2B0006F00800193DF0F0163960F0A938545009D
:10C2C0009388480063F6651283AF050093930F01CE
:10C2D00093D30301E38003FE93820800938F0E0043
:10C2E0009304000083A70F0003AF02009382420073
:10C2F00013970701135707013307770293D70701F5
:10C3000013190F0113590901135F0F01938F4F0088
:10C31000B38777023307270133079700B387E70115
:10C32000135F0701B387E7011317070113570701CD
:10C33000139F07013367EF0023AEE2FE93D407019A
:10C34000E3E2DFFA9307000063040E009377C6FF71
:10C35000B387F80023A2970083AF050093DF0F0196
:10C36000E38E0FF483A7080093820800138F0E005A
:10C37000938407009303000003570F0093D904012F
:10C38000939707013307F70393D70701130F4F0064
:10C3900083A44200938242001399040113590901B6
:10C3A000330777003307370193130701B3E7F3002F
:10C3B00023AEF2FE8357EFFF13570701B387F7034E
:10C3C000B3872701B387E70093D30701E366DFFA5A
:10C3D0001307000063040E001377C6FF3387E800DD
:10C3E0002322F7009385450093884800E3EE65EC2F
:10C3F000634880006F0080011304F4FF63080400A9
:10C400008327C8FF1308C8FFE38807FE8320C10104
:10C41000232885000324810183244101032901018C
:10C420008329C100032A81001301010267800000F3
:10C43000977600009386867C1306000093052016ED
:10C440001785000013058588EF10D073130101FED6
:10C45000232C81002328210123263101232E1100C2
:10C46000937736001304060093090500138905002D
:10C47000639A070C135424406308040A232A91008A
:10C4800083A409046384040E9377140013541440A6
:10C49000639E070003A50400630A050493040500D6
:10C4A0009377140013541440E38607FE13860400A8
:10C4B0009305090013850900EFF09FD4630009027A
:10C4C0000327490083A7490413172700B387E70010
:10C4D00003A707002320E90023A027016308040223
:10C4E0001309050003A50400E31A05FA13860400E6
:10C4F0009385040013850900EFF09FD023A0A400CA
:10C5000023200500930405006FF09FF98320C101EB
:10C510000324810183244101032901018329C100EE
:10C5200013010102678000008320C10103248101FF
:10C530008329C10013050900032901011301010228
:10C54000678000009387F7FF179701001307470ED6
:10C5500093972700B307F70003A607009306000090
:10C56000EFF04FF9130905006FF0DFF093051000AD
:10C5700013850900EFF00FEB93040500630005023B
:10C580001307102793071000232AE5002328F5003E
:10C5900023A0A904232005006FF01FEF9776000069
:10C5A0009386C665130600009305501417750000A6
:10C5B0001305C571EF10105D130101FD2320210348
:10C5C00003A9050183A78500232C4101135A564076
:10C5D00033092A012324810223229102232E3101CF
:10C5E0002326110213041900938405009309050002
:10C5F00083A5450063D8870093971700938515009E
:10C60000E3CC87FE138509002326C100EFF08FE1FC
:10C610000326C100630805109305450163544003D8
:10C6200013075A00131727003307E5009387050007
:10C630009387470023AE07FEE39CE7FE131A2A0008
:10C64000B385450103A80401938744011376F601DD
:10C6500013182800338807016300060A1303000239
:10C660003303C340938805009306000003A7070027
:10C6700093884800938747003317C7003367D70074
:10C6800023AEE8FE83A6C7FFB3D66600E3E007FF4C
:10C6900093875401130700006368F800330898403B
:10C6A0001308B8FE1377C8FFB385E50023A2D500B1
:10C6B000639406001304090003A7440083A74904F8
:10C6C0008320C10213172700B387E70003A70700E1
:10C6D000232885000324810223A0E40023A09700DF
:10C6E00003290102832441028329C101032A810114
:10C6F000130101036780000003A707009387470029
:10C700009385450023AEE5FEE3F607FB03A707008C
:10C71000938747009385450023AEE5FEE3EE07FDD2
:10C720006FF05FF9977600009386464D1306000080
:10C730009305E01D1775000013054559EF1090444F
:10C740000327050183A70501130605003305F740FC
:10C750006312F7049397270013064601938545015A
:10C76000B385F500B307F6006F0080006374F6022E
:10C7700083A6C7FF03A7C5FF9387C7FF9385C5FFA0
:10C78000E386E6FE1305100063F6E6001305F0FFEE
:10C79000678000006780000003A70501832706016A
:10C7A000130101FE232E1100138F0500B308F7407B
:10C7B0006310F704939627009385450113074601FC
:10C7C000B387D5003307D7006F00800063FCF518EE
:10C7D00003A8C7FF8326C7FF9387C7FF1307C7FFB9
:10C7E000E306D8FE6372D81A930810006F00800128
:10C7F000E3CC08FE930706009308000013860500AB
:10C80000138F0700832546002326E101232411010D
:10C810002322C100EFF00FC10326410083288100CD
:10C82000032FC1006308051803280601832F0F0199
:10C830009302460113172800939F2F0013064F0100
:10C8400093034501232615013383E200B30FF6015C
:10C85000938E0200138E03009308000003A70E00BE
:10C8600083260600130E4E009317070193950601C9
:10C8700093D7070193D50501B387B740B387170155
:10C8800093D60601135707013307D74093D60741C4
:10C890003307D7009397070193D707019316070132
:10C8A000B3E7D70013064600232EFEFE938E4E00FC
:10C8B00093580741E364F6FB93065F0113070000FA
:10C8C00063E8DF00B38FEF41938FBFFE13F7CFFF15
:10C8D000B38EE200938E4E0033077700338E5340C1
:10C8E00013860E00130F470063FC6E0483260600B8
:10C8F000B305C60113064600139706011357070137
:10C9000033071701B38716011357074193D6060162
:10C910003307D7009397070193D7070193160701B1
:10C92000B3E7D70023A0F50093580741E36066FC06
:10C930001307F3FF3307D7411377C7FF3307E70127
:10C94000639A07008327C7FF1307C7FF1308F8FF81
:10C95000E38A07FE8320C101232805011301010298
:10C960006780000093050000EFF0CFAB630605027F
:10C970008320C10193071000232A05002328F50016
:10C9800013010102678000009307060013060F00E1
:10C99000138F07006FF01FE7977600009386062637
:10C9A0001306000093057023177500001305053268
:10C9B000EF10501D97760000938646241306000062
:10C9C000930550241775000013054530EF10901B98
:10C9D000B707F07FB3F5B700B707C0FCB385F50024
:10C9E000930700006356B0001385070067800000BE
:10C9F000B305B04093D545419307300163CCB700F0
:10CA0000B7070800B3D5B7409307000013850700A8
:10CA1000678000009385C5FE1307E00193071000AF
:10CA20006346B700B7070080B3D7B700930500008F
:10CA30001385070067800000130101FD2324810294
:10CA400003240501232291029304450113142400B9
:10CA500033848400232021030329C4FF232E3101C2
:10CA60002326B1001305090023261102EFF00FD28F
:10CA70008325C10013070002B307A74023A0F500D8
:10CA80009307A0009309C4FF63DAA708130655FFB4
:10CA900063F03405832784FF630C0604B306C740A4
:10CAA00033D7D7003319C9003369E900B397C700FA
:10CAB0003707F03F130684FF3367E90063FEC402C3
:10CAC000032644FFB356D600B3E7D7006F00C00279
:10CAD0009307B000630CF5003319C9003707F03F26
:10CAE0003367E900930700006F000001930700001F
:10CAF0003707F03F3367E9008320C1020324810236
:10CB000083244102032901028329C10113850700FF
:10CB10009305070013010103678000009306B0002E
:10CB2000B386A640B707F03F3357D9003367F70005
:10CB30009307000063F63401832784FFB3D7D7003F
:10CB4000130555013319A900B367F9006FF0DFFA37
:10CB5000130101FC2328210313890500930510000C
:10CB600023263103232441032326C100232E11024F
:10CB7000232C8102232A9102138A060093090700BD
:10CB8000EFF04F8A0326C100630A050E13544601D5
:10CB9000370710009307F7FF1374F47F9304050021
:10CBA00033F6C700630404003366E600232EC10099
:10CBB000631009061305C101EFF00FC68326C101FA
:10CBC0001309100023A8240123AAD4001307050287
:10CBD000630404081304D4BC3304E4009307500333
:10CBE00023208A003385E7408320C1030324810387
:10CBF00023A0A900032901038329C102032A81027A
:10CC0000138504008324410313010104678000009D
:10CC100013058101232C2101EFF00FC08326C101F0
:10CC20000326810113070500630C0500930700022A
:10CC3000B387A740B397F6003366F600B3D6A600D5
:10CC40003339D0001309190023AAC40023ACD4003F
:10CC500023A82401E31004F893162900B386D40016
:10CC600003A506011307E7BC2320EA00EFF00FB28B
:10CC7000931759003385A7406FF01FF79776000090
:10CC80009386C6F7130600009305F0301775000071
:10CC90001305C503EF10006F130101FD23202103CD
:10CCA00013890500930581002326110223248102A4
:10CCB00023229102232E310193090500EFF0DFD7E3
:10CCC0009304050013840500130509009305C100B2
:10CCD000EFF09FD683A709010326090103278100EE
:10CCE0008326C100B387C740939757003307D740C7
:10CCF000B387E700635EF0029397470133848700B0
:10CD000013060500938605001385040093050400AF
:10CD1000EF4000598320C102032481028324410291
:10CD2000032901028329C101130101036780000067
:10CD300093974701B385F5406FF09FFC130101FF06
:10CD400023202101232611009307700113090500F8
:10CD500063D2A706179701001307C77897960100BB
:10CD60009386C6782324810023229100832707001D
:10CD70008325470003A4060083A44600138507000B
:10CD80001306040093860400EF50800C1309F9FF8A
:10CD900093070500E31409FE032481008320C100EA
:10CDA00083244100032901001385070013010101B9
:10CDB0006780000013193500179701001307078DCE
:10CDC00033072701832707008320C10083254700FD
:10CDD000032901001385070013010101678000008A
:10CDE000832606019385F5FF93D55540938515005D
:10CDF000939626009307460193952500B386D700A6
:10CE0000B305B50063F8D7021307050003A80700B0
:10CE10009387470013074700232E07FFE3E8D7FE59
:10CE2000B386C6409386B6FE93F6C6FF130545004B
:10CE30003385A6006378B50013054500232E05FE53
:10CE4000E36CB5FE678000000327050113D655404B
:10CE5000930645016352C70213172700B387E60004
:10CE600063F2F60403A7C7FF9387C7FFE30A07FE31
:10CE7000130510006780000093172600B387F600A3
:10CE8000E350E6FE93F5F501E38C05FC03A60700ED
:10CE9000130510003357B6003317B700E302E6FC62
:10CEA0006780000013050000678000006386051E90
:10CEB000130101FE232C8100232A91001384050015
:10CEC000232E1100930405002320C100EF70CFA38F
:10CED00083250100130760019387B5006376F7127D
:10CEE00093F787FF9386070013D7F70163E2B71E16
:10CEF0006310071E0326C4FF130884FF1377C6FFC1
:10CF00006356D7129798010083A8C8F13303E8004D
:10CF1000032543006380681E9378E5FFB30813017F
:10CF200083A8480093F81800639A08141375C5FF86
:10CF3000B308A70063D2D80E137616006314060256
:10CF4000032E84FF330EC84103264E001376C6FF1E
:10CF50003305C500B308E50063D6D832B308C7006F
:10CF600063DED828138504002324E1002322010175
:10CF70002320F100EF605F91832701000328410027
:10CF80000327810093060500630C05440326C4FFB4
:10CF9000930585FF1376E6FF3306C8006306B622C5
:10CFA0001306C7FF9307400263E4C72C1307300141
:10CFB0006364C722930705001307040003260700D4
:10CFC00023A0C7000326470023A2C700032787002A
:10CFD00023A4E70093050400138504002320D10057
:10CFE000EF600FDC13850400EF708F928326010041
:10CFF0008320C1010324810183244101138506009C
:10D000001301010267800000930600019387060068
:10D01000130700006FF09FED8326C30003268300F3
:10D02000138708002326D60023A4C60083264800C1
:10D030003305F7409305F00093F616003306E80039
:10D0400063E0A506B366D7002322D80083274600F5
:10D0500093E717002322F60013850400EF704F8B2F
:10D06000930604008320C10103248101832441012C
:10D070001385060013010102678000001376160075
:10D08000E31206EE032E84FF330EC84103264E0042
:10D090001376C6FF6FF09FEC930506006F60CFFE1E
:10D0A000B3E6D7002322D800B305F80013651500B6
:10D0B00023A2A500832746009385850013850400DD
:10D0C00093E717002322F600EF608FCD6FF0DFF8B3
:10D0D0009307C00023A0F400930600008320C10141
:10D0E00003248101832441011385060013010102F9
:10D0F000678000001375C5FFB308E50013830701BF
:10D1000063DC682413761600E31E06E4032E84FF16
:10D11000330EC84103264E001376C6FF3305C50003
:10D12000B308E500E3CC68E28326CE0083258E00B9
:10D130001306C7FF1307400223A6D50023A4B60099
:10D1400093068E006366C72E930530011387060091
:10D1500063F2C502832504001307B0012324BE0037
:10D16000832544002326BE00636AC730130484006D
:10D1700013070E01032604002320C70003264400E2
:10D180002322C700032684002324C7003306FE00A1
:10D190003387F8409795010023A6C5C81367170089
:10D1A0002322E60003274E00138504002320D1002C
:10D1B00013771700B367F7002322FE00EF605FF5D7
:10D1C000832601006FF01FEA8326C5FF93F6C6FF92
:10D1D0003307D7006FF09FE5832504001307B001E4
:10D1E0002320B500832544002322B500636EC710B9
:10D1F00013078400930785006FF05FDC8326CE0061
:10D2000083258E001306C7FF1305400223A6D50011
:10D2100023A4B60093068E006368C5109305300101
:10D220001387060063F2C502832504001307B001CB
:10D230002324BE00832544002326BE006362C71852
:10D240001304840013070E01032604002320C700E3
:10D25000032644002322C700032684002324C7009A
:10D26000138406001387080013080E006FF01FDCFC
:10D27000930504002320A100EFC00F858326010041
:10D280006FF05FD58326C300832583001306C7FF95
:10D290001305400223A6D50023A4B6000327CE0021
:10D2A00083268E0013088E0023A6E6002324D700D1
:10D2B0006360C50E930630011307080063F2C602CF
:10D2C000832604001307B0012324DE0083264400D4
:10D2D0002326DE00636CC7121304840013070E01BB
:10D2E000832604002320D700832644002322D7006E
:10D2F000832684002324D700130408001387080022
:10D3000013080E006FF09FD2032784002324E5004A
:10D310000327C4002326E500630CF60C1307040161
:10D32000930705016FF09FC913850600930504005C
:10D330002326C1012324F100232211012320D1003F
:10D34000EFB09FF8032EC10083278100832841009E
:10D35000832601006FF0DFF03308F8003387F840D0
:10D360009796010023A006AD136717002322E8005B
:10D370000327C4FF1385040013771700B367F70072
:10D38000232EF4FEEF60DFD8930604006FF09FCDEC
:10D3900013050800930504002326C1012324F1008E
:10D3A0002322110123200101EFB01FF20328010005
:10D3B0008328410083278100032EC1006FF0DFF333
:10D3C000032784002328EE000327C400232AEE004D
:10D3D0006308A6081304040113078E016FF0DFE64B
:10D3E00013850400EF60DFD2930600006FF01FCFBB
:10D3F0000326040113078401930785012328C50030
:10D4000003264401232AC5006FF05FBB83268400F6
:10D41000130740022328DE008326C400232ADE00EF
:10D420006300E6081304040113078E016FF05FEB3D
:10D4300013850600930504002326C1012324F1006F
:10D44000232211012320D100EFB01FE8032EC100D9
:10D450008327810083284100832601006FF01FD3BA
:10D460000326040113070E0213048401232CCE00AB
:10D470000326C4FF232ECE006FF01FDD832584001A
:10D48000130740022328BE008325C400232ABE00C0
:10D490006306E6021304040113078E016FF09FCDAB
:10D4A0008326040113070E0213048401232CDE00DB
:10D4B0008326C4FF232EDE006FF09FE203260401C3
:10D4C00013070E0213048401232CCE000326C4FF8D
:10D4D000232ECE006FF01FCA130101FF2326810007
:10D4E0009387050013040500178501001305952691
:10D4F0001388070083C807009387170033071501B7
:10D500000347070013778700E31407FE1307D002D1
:10D5100093FFF6FE6380E8121307B002638CE80203
:10D5200063900F0413070003638EE81A6380061AE2
:10D5300037030008930600011303F3FF93820600EC
:10D54000930FF000B70300809383F3FF130E0000E6
:10D550006F00C00283C8070093072800638A0F1278
:10D56000370300801303F3FFB37FD3029303030059
:10D5700093820600130E00003353D30213080000F9
:10D5800013050000930E9000130F9001138708FD00
:10D5900063F8EE001387F8FB636CEF02138798FCC7
:10D5A0006350D7041308180063000802636EA300D9
:10D5B000631C65041308F0FF63D8EF04938717001A
:10D5C00083C8F7FF6FF09FFC1308F0FF6FF01FFF99
:10D5D0001387F8F96366EF00138798FAE344D7FCE2
:10D5E0001307F0FF630AE80263040E003305A0404E
:10D5F00063060600631A08082320B6000324C1004E
:10D600001301010167800000B308550213081000E0
:10D61000330517016FF09FFA130720022320E4005F
:10D6200013850300E30C06FC9385F7FF13850300C5
:10D630006FF09FFC83C807009307280063980F02D0
:10D6400013070003638AE80C639E060E9306A0008E
:10D6500037D3CC0C1303C3CC93820600930F800006
:10D66000130E1000B70300806FF05FF137030080E6
:10D67000B37FD3029303030093820600130E1000BE
:10D680003353D3026FF09FEF930305006FF0DFF980
:10D6900013070003E39CE8E803472800130580050F
:10D6A0001377F70D6312A70683483800930600012D
:10D6B0009382060093074800370300801303F3FFAB
:10D6C000B37F5302335353026FF0DFE79306A0009A
:10D6D00037D3CC0C1303C3CC93820600930F700096
:10D6E0006FF05FE603C70700130580051377F70D9A
:10D6F000631CA7009306000183C8170093820600ED
:10D70000930738006FF05FFB639406069306800072
:10D71000938206006FF05FFA034728001305800527
:10D720001377F70D630CA702638A060493060001C2
:10D7300093820600B703008033D35302130E100008
:10D740006FF0DFE3930600019382060037030008C1
:10D75000130E1000B70300806FF05FE29306000124
:10D760008348380093820600930748006FF09FFCBF
:10D7700093060001938206006FF01FF49306800069
:10D78000938206006FF01FFB13B756026308070071
:10D790009387F6FF638407006FF01FD4130101FF26
:10D7A00023261100EF00903D8320C1009307600104
:10D7B0002320F5001305000013010101678000001C
:10D7C00093375602638207029307F6FF638E0700C2
:10D7D0001307050003A541A893060600138605005C
:10D7E000930507006FF05FCF130101FF232611009F
:10D7F000EF00D0388320C100930760012320F5009B
:10D8000013050000130101016780000093375602E1
:10D81000638207029307F6FF638E07001307050074
:10D8200003A541A89306060013860500930507008B
:10D830006FF09FCA130101FF23261100EF0010347F
:10D840008320C100930760012320F5001305000029
:10D85000130101016780000083A78196678007009C
:10D86000638405029307F00F63E8C7002380C500B7
:10D8700013051000678000009307A0082320F5001F
:10D880001305F0FF678000001305000067800000AB
:10D890006382050A9307F00763F8C706930706F843
:10D8A0001307F0776378F706B7F700009387F77FE1
:10D8B0001307068063F4E708B707FFFFB307F60016
:10D8C0003707100063F4E70A1357C6009357660042
:10D8D000935626011377F70393F7F7031376F603AE
:10D8E000136707F893E707F893E606FF136606F851
:10D8F000A380E5002381F5002380D500A381C50026
:10D9000013054000678000002380C5001305100048
:10D9100067800000935766001376F60393E707FCD1
:10D92000136606F82380F500A380C50013052000C8
:10D9300067800000130500006780000093576600B1
:10D940001357C60093F7F7031376F60393E707F828
:10D95000136707FE136606F8A380F5002380E50031
:10D960002381C50013053000678000009307A008DD
:10D970002320F5001305F0FF67800000638605068D
:10D980009357860093F7F70F638A07041387F70707
:10D990001377F70F1337F701631A0700138707028E
:10D9A0001377F70F1337070163040704130706FC07
:10D9B0001377F70F1337F703631A0700130706F8F7
:10D9C0001377F70F1337D707630407022380F50097
:10D9D000A380C50013052000678000002380C500D8
:10D9E0001305100067800000130500006780000029
:10D9F0009307A0082320F5001305F0FF67800000BF
:10DA0000638C05069357860093F7F70F638007062C
:10DA1000138727071377F70F9386F7051337270028
:10DA200093F6F60F6316070013B7E60563020706C1
:10DA30001307F6051377F70F1308D0056372E80490
:10DA40006368D804136606F81307F6051377F70F13
:10DA50006360E8041307F0F8A380F5002381C50094
:10DA60002380E50013053000678000002380C50097
:10DA70001305100067800000130500006780000098
:10DA80002380F500A380C5001305200067800000F7
:10DA90009307A0082320F5001305F0FF678000001E
:10DAA0006382050A9357860093F7F70F6380070692
:10DAB0001387F7FD1377F70F1308D0056368E8089D
:10DAC0001307F6FD1377F70F6362E80803A7060054
:10DAD00013052000631607021307100023A0E600B9
:10DAE0001305B00193064002130720042380A5000C
:10DAF000A380D5002381E5001305500093853500F0
:10DB00002380F500A380C5006780000083A706007E
:10DB1000130510006384070223A006001307800288
:10DB20009306B001930720042380D500A380E5006D
:10DB30002381F50013054000938535002380C5003F
:10DB40006780000013051000678000009307A0089D
:10DB50002320F5001305F0FF67800000130101FD8D
:10DB6000232481022326110213040500638A06027E
:10DB70002326D10083A78196638C05021305040038
:10DB8000E78007009307F0FF8326C1006300F504D8
:10DB90008320C10203248102130101036780000076
:10DBA000930645102326D10083A78196E39805FCB0
:10DBB000130600009305410113050400E7800700E8
:10DBC0009307F0FF8326C100E314F5FC23A00600B1
:10DBD0009307A0088320C1022320F40003248102BC
:10DBE0001301010367800000130101FD232481025A
:10DBF00003A441A8232611029306441063040600DF
:10DC00009306060083A78196630A05021386050022
:10DC100093050500130504002326D100E7800700C3
:10DC20009307F0FF8326C100630AF5028320C10237
:10DC30000324810213010103678000001306000022
:10DC400093054101130504002326D100E780070056
:10DC50009307F0FF8326C100E31AF5FC23A006001A
:10DC60009307A0088320C1022320F400032481022B
:10DC70001301010367800000930707001387060064
:10DC80009306F0FF6F00501D9308050003A541A8FF
:10DC90001307060093870600138605009306F0FF1E
:10DCA000938508006F00501B97870100938787AA10
:10DCB0002326F50E678000008397C50013F7270021
:10DCC000630E0700938735041307100023A0F500A7
:10DCD00023A8F50023AAE50067800000138705004C
:10DCE0008395E500130101F8232C8106232E1106EC
:10DCF0001304050063CE0508130681012324E10007
:10DD0000EF00405D03278100634205089305004052
:10DD100013050400232A91062324E1008324C10172
:10DD2000EF509FB6032781008317C7006302050CDD
:10DD30009306004093E70708232AD70093D6C440F0
:10DD40002316F7002320A7002328A70093F6F60048
:10DD5000130620006396C60C8315E7001305040024
:10DD60002324E100EF00805C032781008317C700B4
:10DD70006308050A93F7C7FFB7160000832441071D
:10DD800093E71700938606806F0000058317C7008E
:10DD900093F7070893B71700B307F04093F5073CD4
:10DDA00093850504130504002326E1002324B10014
:10DDB000EF509FAD0327C100832581008317C70063
:10DDC000630A050293E707082320A7002328A7007A
:10DDD000232AB70093060000B3E7D7002316F70005
:10DDE0008320C10703248107130101086780000015
:10DDF0008324410793F60720E39406FE93F7C7FFB9
:10DE00009306370493E72700130610002316F70044
:10DE10002320D7002328D700232AC7006FF05FFCF8
:10DE2000B716000083244107938606806FF0DFFA5F
:10DE3000938705008395E5001307060063CA05086C
:10DE4000130101F82324C100130681012326D10008
:10DE50002322F100232E1106EF00C0478327410043
:10DE6000032781008326C100634E05028327C10179
:10DE7000B7F5000037E6FFFFB3F7B700B387C70079
:10DE80008320C10793B7170023A0F60013060040B4
:10DE9000371500002320C700130505801301010872
:10DEA0006780000083D7C70093F7070863820704E1
:10DEB0008320C1079307000023A0F6001306000487
:10DEC0002320C7001305000013010108678000002C
:10DED00083D7C70093F70708639A07021306004029
:10DEE00023A0F600130500002320C7006780000070
:10DEF0008320C10723A0F600130600402320C7009B
:10DF0000130500001301010867800000930700005B
:10DF10001306000423A0F600130500002320C70009
:10DF20006780000093060500178801001308988297
:10DF3000130610006F0040016398A70463040504F2
:10DF4000938616009385150083C706003307F800F3
:10DF500003470700137737006314C700938707024E
:10DF600003C505003307A80003470700B388A7408F
:10DF700013773700E312C7FC130705023385E74028
:10DF8000E380E7FC678000001385080067800000DD
:10DF9000130101FF2324810023261100937735000C
:10DFA0001304050063960706032705003706FFFEE6
:10DFB0001306F6EFB307C700B78680801347F7FF55
:10DFC000B3F7E70093860608B3F7D7006392070418
:10DFD0000327450013054500B307C7001347F7FFA4
:10DFE000B3F7E700B3F7D7006394070203274500B0
:10DFF00013054500B307C7001347F7FFB3F7E70062
:10E00000B3F7D700E38607FC6F0080001305150007
:10E0100083470500E39C07FEEFB08FBD8320C1005E
:10E02000130504000324810013010101678000002F
:10E0300093F6F50F937735006380060C638E070027
:10E04000834705006386070A6386D70A1305150010
:10E0500093773500E39607FE93F5F50F93988500C7
:10E0600003270500B388B80093970801B388F80028
:10E070003708FFFEB3C7E8001308F8EFB3850701C0
:10E0800013C6F7FFB30707011347F7FF33F6C500C1
:10E09000B3F7E70037838080B3E7C70013030308B3
:10E0A000B3F7670063920704032745001305450093
:10E0B000B347170193C5F7FF33860701B30707017D
:10E0C0001347F7FF33F6C500B3F7E700B3E7C70020
:10E0D000B3F76700E38A07FC83470500638A0700FC
:10E0E0006386F6081305150083470500E39A07FECB
:10E0F0001305000067800000638C0700834705005C
:10E10000E38A07FE1305150093773500E39807FEB1
:10E11000032705003706FFFE1306F6EFB307C70017
:10E12000B78680801347F7FFB3F7E70093860608AA
:10E13000B3F7D70063900702032745001305450096
:10E14000B307C7001347F7FFB3F7E700B3F7D700EC
:10E15000E38407FE83470500E38E07F88347150035
:10E1600013051500E39C07FE678000006780000030
:10E1700093870500631E06006F00400203C7070077
:10E180009387170013051500A30FE5FE630E070024
:10E190001306F6FFE31406FE2300050003C707007D
:10E1A00093871700E31C07FE3385B7401305F5FF7F
:10E1B0006780000013070500630C06043306C500E2
:10E1C00097780100938818591308100083470700B7
:10E1D00013071700B386F80083C6060093F63600CF
:10E1E000639406019387070203C505009385150014
:10E1F000B386A80083C606003383A74093F6360093
:10E2000063800603639AA700630A0500E310C7FC56
:10E2100013050000678000001305030067800000FD
:10E22000930605023385D740E382D7FE678000005E
:10E23000630A0608B367B50093F73700639A0704CB
:10E240003703FFFEB7888080130E30001303F3EF0F
:10E25000938808086360CE026F0080031306C6FF30
:10E260006302060663900706130545009385450083
:10E270006370CE020327050083A60500B30767007D
:10E280001348F7FFB3F70701B3F71701E308D7FC0B
:10E290008347050003C705001306F6FF3306C500D4
:10E2A000638EE7006F00800213051500638C070082
:10E2B0008347050003C70500639AE70093851500AF
:10E2C000E314C5FE13050000678000003385E740B6
:10E2D0006780000093870500130101FF232481005C
:10E2E000930506001304050013850700232611007B
:10E2F00023A201AAEF20CF989307F0FF630AF5004D
:10E300008320C10003248100130101016780000004
:10E3100083A741AAE38607FE8320C1002320F400DF
:10E32000032481001301010167800000130101FF34
:10E3300023248100130405001385050023A201AAEC
:10E3400023261100EF20CF999307F0FF630AF50011
:10E350008320C100032481001301010167800000B4
:10E3600083A741AAE38607FE8320C1002320F4008F
:10E3700003248100130101016780000003A541A867
:10E380006780000083A741A8130101FF130806005E
:10E3900023261100930805001387050003A5C70075
:10E3A00013860600976700009387079E630C08009A
:10E3B00093860800976500009385059EEF00C030A6
:10E3C000EF101063975700009387075813880700D2
:10E3D0006FF01FFE130101FF9306060013060000F5
:10E3E00023261100EFF01FFAB3B7C502130101FE97
:10E3F000232E1100B385C5026390070AEF50CFC8E2
:10E40000930705006300050A0326C5FF9306400233
:10E410001376C6FF1306C6FF63E6C60493053001F4
:10E420001307050063F2C50223200500232205001F
:10E430001307B0016378C7042324050023260500D1
:10E4400013070501630AD6062320070023220700CD
:10E45000232407008320C101138507001301010253
:10E4600067800000930500002326A100EF409FB3C2
:10E470008327C1008320C101138507001301010216
:10E480006780000013078500232007002322070070
:10E49000232407006FF01FFCEFF05FEE9307C0002E
:10E4A0002320F5008320C101930700001385070096
:10E4B000130101026780000023280500232A0500BC
:10E4C000130785016FF05FF8138541AB6F40DFAB39
:10E4D000138541AB6F40DFAC130101FA23282105FE
:10E4E000232631052324410523206105232E7103B2
:10E4F0002326B103232E1104232C8104232A910403
:10E5000023225105232C8103232A91032328A103CD
:10E510002326A100938B0600930D07009389050025
:10E52000130B0600130A08001309C51063840700C3
:10E5300013890700638C090E130C000083240B0061
:10E5400013840900930AF0FF6378BC0563860B040B
:10E5500083270A0E03A604000325C10093060900C1
:10E5600093054101032D0900832C4900E780070032
:10E570006302550DB307850163EAFD0C938BFBFF26
:10E58000639C090403A704009384440063060708FE
:10E59000138C0700E36CBCFB8320C10503248105B9
:10E5A00083244105032901058329C104032A810429
:10E5B000832A4104032B0104832BC103832C4103D1
:10E5C000032D0103832DC10213050C00032C8103CD
:10E5D00013010106678000006354A0023305A40004
:10E5E000130604009305410183C8050013061600B5
:10E5F00093851500A30F16FFE318A6FE130406006B
:10E6000003270B0093844400130747002320EB00EB
:10E6100003A7C4FFE31E07F66384090023200B0051
:10E6200023200900138CF7FF6FF01FF7930DF0FF05
:10E630006FF09FF00327C1009307A008138C0A0016
:10E640002320F700232009006FF01FF52320A901E4
:10E65000232299016FF05FF403A541A817880100F8
:10E660001308C8CA6FF05FE7130E050003A541A8A1
:10E670009307070017880100130848C9138706008D
:10E68000930606001386050093050E006FF0DFE485
:10E69000130101FC1303C1022326D10293060300D8
:10E6A000232E11002328E102232AF102232C010347
:10E6B000232E110323266100EF0000068320C101F1
:10E6C0001301010467800000130101FC930E050093
:10E6D00003A541A813038102138E05002324C10260
:10E6E0002326D10293850E0013060E009306030025
:10E6F000232E11002328E102232AF102232C0103F7
:10E70000232E110323266100EF0000018320C101A5
:10E710001301010467800000130101EB2320211580
:10E72000232861132322911313090500138B05007D
:10E73000930C0600130501051306800093050000E5
:10E740002326711323261114938B0600EF409F8517
:10E750006308090003274903631407006F10C056BC
:10E7600083264B060317CB0013F6160063080644F6
:10E7700013162701635406006F10400737E6FFFFAA
:10E780001306F6FFB7250000B3F6C6003367B700DF
:10E790002322DB062316EB001397260163540700A0
:10E7A0006F10500F0317CB0093768700638E0624FB
:10E7B00083260B01638A06249376A7011306A00023
:10E7C0006386C62623248113130CC10623248114D7
:10E7D000232E3113232C4113232A51132320A11359
:10E7E000232EB11123229114232401062322010692
:10E7F0002320810713040C00232A01002324010293
:10E80000232601022326010097890100938909B07C
:10E81000930A5002177D0100130D0D04130A000125
:10E82000938D0C00938C0D0083A4490EEFA09FA143
:10E83000930605001307010513860C009305810458
:10E8400013050900E78004006306052663460524D6
:10E850008327810463865701B38CAC006FF0DFFC23
:10E8600093040500B387BC41639CBC2503C71C000F
:10E87000938D1C00A30101049306F0FF1303000015
:10E880009304A005930C0000938D1D00930707FED1
:10E8900063E6F40493972700B387A70183A70700D3
:10E8A000B387A70167800700930707FD930C00005B
:10E8B0001306900013972C00938D1D00B308970149
:10E8C00003C7FDFF93981800B38C1701930707FD4A
:10E8D000E372F6FE930707FEE3FEF4FA93880C005A
:10E8E000630E0720130F10002306E10AA3010104A1
:10E8F000930E0F002328010093060000130EC10A97
:10E900008325810603264106937243081387050079
:10E9100093070600639C0206B38CD841E348905BE2
:10E92000034631046308060693020000930F0000BB
:10E93000130631041307170093871700930510007F
:10E940002320C4002322B4002324E1062322F1065D
:10E950001306700013048400634CF62863880F02CA
:10E96000130641042320C4001307270013062000C8
:10E97000938717002322C4002324E1062322F106F3
:10E980001306700013048400E348F64813060008D9
:10E99000E380C220B38CE641E34890333307EF00B5
:10E9A000938717002320C4012322E4012324E106D6
:10E9B0002322F1069306700013048400E3C2F6429A
:10E9C0001373430063060300B38CD841634490295A
:10E9D00063D4D80193880E008327C100B387170141
:10E9E0002326F100631A071483270101232201065D
:10E9F000638807008325010113050900EF405FBA12
:10EA000013040C006FF01FE293050B0013050900BF
:10EA1000EF90DF80630405006F1080690317CB005F
:10EA20001306A0009376A701E39EC6D88316EB00D9
:10EA3000E3CA06D883264B0693F6160063980600B1
:10EA400013770720631407006F10004393860B00B1
:10EA500013860C0093050B0013050900EF10006BE3
:10EA60008320C1142326A1000325C100032901141A
:10EA7000032B0113832BC112832C411213010115A7
:10EA80006780000003C70D006FF01FE003C70D0093
:10EA9000136303026FF05FDF13068000930500002D
:10EAA00013050105EF400FD013051000B38CAC0027
:10EAB0006FF09FD793040500B387BC416380BC050A
:10EAC00083268106032741062320B401B386F6007E
:10EAD000130717002322F4002324D1062322E10682
:10EAE000930670001304840063C6E6020327C10086
:10EAF000B307F7002326F100E39A04D683278106A3
:10EB0000638407006F10404E8317CB002322010659
:10EB10006F0040051306010693050B00130509005D
:10EB20002328F100EF80DFC7631C05028327010162
:10EB300013040C006FF09FFB1306010693050B00F6
:10EB400013050900EF80DFC5E30005EA8327010113
:10EB5000638807008325010113050900EF405FA4C6
:10EB60008317CB0003274B06137717006306071C98
:10EB700093F70704638407006F10404B032481144C
:10EB8000832441148329C113032A8113832A411347
:10EB9000032C8112032D0112832DC1118320C11476
:10EBA0000325C10003290114032B0113832BC11278
:10EBB000832C411213010115678000001376072092
:10EBC000630A063213162701E35A06BA1396260182
:10EBD000E35C06BC8357CB0093F7072063840700F0
:10EBE0006F10C04603258B05EF408FBB6F100046AA
:10EBF0001306010693050B0013050900232EE103FC
:10EC0000232CD102232A61022328C103232251028B
:10EC10002320F103232ED101232C1101EF805FB8B3
:10EC2000E31605F20327810683274106032FC1035C
:10EC30008326810303234103032E01038322410220
:10EC4000832F0102832EC1018328810113040C004C
:10EC50006FF0DFD09306000183274106977401000F
:10EC6000938444D763D496091306040013037000F9
:10EC7000232C1101177401001304C4D593840E00D2
:10EC80006F00C000938C0CFF63DA96051307070131
:10EC900093871700232086002322D6002324E10631
:10ECA0002322F10613068600E35EF3FC1306010639
:10ECB00093050B0013050900EF809FAEE31805E8EC
:10ECC00093060001938C0CFF0327810683274106DE
:10ECD00013060C0013037000E3CA96FB832881011E
:10ECE000938E040093040400130406003307970175
:10ECF000938717002324E1062322F10623209400A2
:10ED00002322940193067000E3D4F6CC1306010687
:10ED100093050B0013050900232ED101232C1101AB
:10ED2000EF801FA8E31405E203278106832EC101AB
:10ED3000832881016FF0DFC913F70720E31A07E288
:10ED400003258B05EF40CFA58317CB006FF05FE263
:10ED50009377030293880C006396071C9377030153
:10ED600083AC0B0013874B00E39C073293770304BB
:10ED7000639407006F00107B939C0C0193DC0C41A3
:10ED800093D4FC41930B070013870400634A071ACE
:10ED900063C8061C1373F3F76394061CB3E79C0067
:10EDA0006390071C8347310423280100130F0000E0
:10EDB00093060000130E011163860724930E1000C2
:10EDC00003278106832741069372430893050700B2
:10EDD00013860700E38202B4930F00006FF05FB563
:10EDE00083A70B00A301010493880C002328F100E2
:10EDF000938B4B00E38A076E93073005E308F746D1
:10EE000093770301E394074663D406006F00107FF5
:10EE100003250101138606009305000023206102EB
:10EE2000232CD100232E9101EF908FD583473104FD
:10EE3000832681018328C101032301026314050095
:10EE40006F10002303270101330FE540934EFFFFAE
:10EE500093DEFE41B37EDF01639407006F10C0179D
:10EE6000130E0700938E1E00930600002328010056
:10EE70006FF01FF59307300493880C006306F700CA
:10EE800093770301E38607301306800093050000A3
:10EE900013058105232C610023281101EF408F9079
:10EEA00003A60B009304C10A930681059385040011
:10EEB00013050900EFE09FCA9307F0FF83280101C3
:10EEC00003238101130F05006314F5006F10C013B5
:10EED000934EF5FF93DEFE41B37ED501938B4B003D
:10EEE000A3010104138E04002328010093060000EF
:10EEF0006FF01FA103258B05EF400F890317CB008F
:10EF000083264B0613162701E34806886FF01F87F8
:10EF10009377030293880C001363030113874B005C
:10EF2000E380071893877B0093F787FF03A74700C9
:10EF300083AC0700938B870093040700E35A07E430
:10EF4000B3379001B3049040B384F4409307D002E8
:10EF5000A301F104B30C904163C406001373F3F7EB
:10EF6000639C040C9307900063E8970D938C0C034B
:10EF7000A3079111938E0600E35CD01683473104FA
:10EF8000E39E070623280100130F1000130EF11053
:10EF90006FF01F9783AC0B00E3DA0C02B30C9041C7
:10EFA000938B4B0003C70D00136343006FF0DF8D9D
:10EFB0009307B00203C70D00A301F1046FF0DF8CCB
:10EFC0009377030293880C001363030113874B00AC
:10EFD00063940704A301010483AC0B0093040000B5
:10EFE000930B0700E3C006F81373F3F7E39A06F6F2
:10EFF000B3E79C00E39607F623280100130F0000F7
:10F00000130E0111930E00006FF09F8F9377030290
:10F0100093880C00E38E070293877B0093F787FFAA
:10F02000A301010483AC070083A44700938B8700EE
:10F03000E3DC06FAE38804F237D7CCCCB7DECCCCDD
:10F040001307D7CC938ECECC137F034093050000DB
:10F05000130601116F00C0078327410183C7070012
:10F060006396B700938717F0E3980742938F0C00DD
:10F070001388040013060E0033859C00B3379501F6
:10F080003305F500B337E50293D2270093F7C7FFA6
:10F09000B38757003305F5403385AC40B3B7AC00B8
:10F0A000B387F440B303D503B387E702B332E50275
:10F0B000B38777003305E502B38757009392F701D2
:10F0C00093D4170013551500B38CA200E306086E05
:10F0D00033859C00B3379501B307F50033B8E702D9
:10F0E00093851500130EF6FF935F28001378C8FF71
:10F0F0003308F801B3870741B387FC4033B8FC00FD
:10F1000033880441B3BFE7023308E802B387E7025C
:10F110003308F8011318F80193D71700B307F80064
:10F1200013982700B307F80093971700B387FC40A4
:10F1300093870703A30FF6FEE3100FF2938F0C00E3
:10F140001388040013060E006FF05FF3B78700000A
:10F15000938707832312F104A301010483A70B0003
:10F1600093880C0013874B001306000063CA0678CF
:10F170001373F3F713632300930B0700E3920772F3
:10F18000E39006720327810683274106930E000051
:10F1900093724308130E0111130F0000938E2E007B
:10F1A00093050700138607006388027C232801006B
:10F1B0006FF00FFB9377030293880C00639607723E
:10F1C0001376030183A70B0013874B0063140670AB
:10F1D00013760304E30A06329397070193D70701D6
:10F1E000930B0700930E0300130600006F00C00886
:10F1F0009377030213874B00639E076A937703019B
:10F20000E39A072C93770304E394073A13730320DC
:10F21000E302032C83A70B008326C100930B070096
:10F220002380D7006FF00FE003C70D009307C006DF
:10F23000630AF778136303016FF00FE503C70D004E
:10F24000930780066308F776136303046FF0CFE338
:10F250009377030293880C00936E030113874B008E
:10F26000638C076613877B00137787FF832707006C
:10F2700003264700930B8700A301010413F3FEBF8D
:10F2800063CA063E33E7C70013F3FEB76314073EB5
:10F290006392063E93FE1E0063800E5493070003A4
:10F2A000A307F110138F0E0023280100130EF11095
:10F2B0006FF00FE513050900232CD100232861000E
:10F2C000EF909FFA83274500138507002326F1025C
:10F2D000EF309FED2324A10213050900EF90DFF822
:10F2E000032785008327810203230101232AE100EC
:10F2F0008326810103C70D00638807D88327410156
:10F30000638407D883C70700638007D8136303406B
:10F310006FF08FD703C70D00136303086FF0CFD6CC
:10F3200003C70D009307A00213861D00E30AF758D8
:10F33000930707FD930590009306000063E4F50230
:10F340001397260013061600B306D7000347F6FFEF
:10F3500093961600B386F600930707FDE3F2F5FED9
:10F3600063C40664930D06006FF04FD203C70D000F
:10F37000136313006FF04FD18347310403C70D00AF
:10F38000639407D093070002A301F1046FF0CFCF7D
:10F39000B38CD841635090E193020001976401005F
:10F3A0009384446263D6920B2328D10293037000A6
:10F3B00093060400232C110113840C00232ED10189
:10F3C000938C0B002320C10323226102930B0F00B7
:10F3D0006F00C000130404FF63DA820413070701FF
:10F3E0009387170023A0960023A256002324E1064A
:10F3F0002322F10693868600E3DEF3FC1306010662
:10F4000093050B0013050900EF808FB9631005F415
:10F4100093020001130404FF03278106832741069A
:10F4200093060C0093037000E3CA82FA138F0B005B
:10F4300083288101938B0C00832EC101930C04005F
:10F44000032E0102138406000323410283260103D5
:10F4500033079701938717002320940023229401F8
:10F460002324E1062322F10613067000130484000E
:10F470006352F6D21306010693050B00130509002B
:10F48000232AE1032328D102232261022320C1037E
:10F49000232ED101232C1101EF808FB0631805EAD0
:10F4A0000327810683274106032F41038326010397
:10F4B00003234102032E0102832EC101832881010F
:10F4C00013040C006FF00FCD976401009384844FF8
:10F4D00063509A0B130604009306700013840C000B
:10F4E000232C1101938C0B00232ED1012320C10367
:10F4F00023226102930B0F006F00C000130404FF6E
:10F5000063588A0413070701938717002320960086
:10F51000232246012324E1062322F1061306860056
:10F52000E3DEF6FC1306010693050B001305090044
:10F53000EF800FA7631C05E0130404FF0327810677
:10F540008327410613060C0093067000E34C8AFAE9
:10F5500083288101832EC101032E0102032341026E
:10F56000138F0B00938B0C00930C04001304060004
:10F5700033079701938717002320940023229401D7
:10F580002324E1062322F10693067000130484006D
:10F5900063D6F6C01306010693050B001305090098
:10F5A0002328E103232261022320C103232ED1015A
:10F5B000232C1101EF80CF9E631A05D80327810603
:10F5C00083274106032F010303234102032E010277
:10F5D000832EC1018328810113040C006FF00FBC3E
:10F5E0001306010693050B00130509002320610291
:10F5F000232ED101232C1101EF808F9A631805D49B
:10F600000327810603230102832EC1018328810180
:10F6100013040C006FF0CFBA1306010693050B001C
:10F6200013050900232CE103232AD10223286102B8
:10F630002322C10323205102232ED101232C1101A7
:10F64000EF800F96631405D00327810683274106B8
:10F65000032F81038326410303230103032E410269
:10F6600083220102832EC1018328810113040C002F
:10F670006FF0CFB1130E01119315D60113F7770078
:10F6800093D7370013050E00B387F5001307070360
:10F6900013563600B3E5C700A30FEEFE130EFEFFB0
:10F6A000E39C05FC130707FD63060700937713002F
:10F6B000639A071693070111338FC741938E060093
:10F6C00063CCE615232801006FF08FA3930F000091
:10F6D0001307000193070600976401009384842FA9
:10F6E000635A970B232AD1029303700093060400F8
:10F6F000232C110113840C00232ED101938C0B00B9
:10F700002320F1032322C10323286102930B0F005E
:10F710006F00C000130404FF635A8704938505013A
:10F720009387170023A0960023A2E6002324B106A6
:10F730002322F10693868600E3DEF3FC130601061E
:10F7400093050B0013050900EF808F85631005C03A
:10F7500013070001130404FF832581068327410654
:10F7600093060C0093037000E34A87FA138F0B0093
:10F7700083288101938B0C00832EC101930C04001C
:10F78000832F010213840600032E41020323010389
:10F79000832641033387BC00938717002324E106A7
:10F7A0002322F106232094002322940113067000E3
:10F7B0006346F6440346310413048400631A0604C6
:10F7C000638A0F9C930200006FF08F9903C70D00AE
:10F7D000938B4B006FF04F8B130F000093060000CC
:10F7E00023280100130E01116FF08F91139626014B
:10F7F000634406006FE05FFB6F005005938E1E00B0
:10F8000023280100130F1000130EF1106FF04FDBCF
:10F81000930200006FF0CF91930E0F002328010098
:10F820006FF00F8E1305E5FF930700031307011117
:10F83000330FA740A30FFEFE938E060063D4E601AC
:10F84000930E0F00130E0500232801006FF04F8B5D
:10F85000937E030183AC0B0013874B00639C0EF671
:10F8600093770304638A0732939C0C01A30101047C
:10F8700093DC0C019304000063CC06321373F3F79E
:10F8800063980632B3E79C0063940732930B07003A
:10F89000130F000023280100130E01116FF04F8693
:10F8A00083AC0B00930B070093D4FC411387040037
:10F8B0006FF0CFCD8326C10083A70B000326C100C4
:10F8C00093D6F64123A2D70023A0C700930B0700CD
:10F8D0006FE05FF5930E030083A70B001306000093
:10F8E000930B07006FF05F99930E03006FF09F97E3
:10F8F00083473104930E1000638607E86FF01FF012
:10F9000013632300930B07001305200097450000A5
:10F910009385C516130E011113F7F7003387E50021
:10F920000347070093D74700130EFEFF2300EE00A6
:10F930001317C601B307F7001356460033E7C70095
:10F94000E31C07FC93070111338FC741930E0F008F
:10F950006354DF00938E0600630A050C03278106BB
:10F960008327410693724308938E2E009305070068
:10F9700013860700E39C0282B38CD8412328010040
:10F98000634490016FE0DFFD930F20006FF05FD4C0
:10F9900083A70B00930E1000138F0E002306F10AAD
:10F9A0009304C10A6FF08FD39306F0FF930D060006
:10F9B0006FE0DFED03C71D0013630320938D1D006F
:10F9C0006FE09FEC03C71D0013630302938D1D00BE
:10F9D0006FE09FEB93880C00974500009385450BE3
:10F9E00093770302638A071C13867B00137686FFD6
:10F9F00083270600930B8600032646001375130029
:10FA000033EEC7006304050063160E26A30101044C
:10FA100063C0061E1373F3B7639A066663180E6617
:10FA2000130F0000130E0111930E0000032781062F
:10FA30008327410693724308930507001386070046
:10FA40006386026A0346310423280100930F0000F5
:10FA5000630406006FE0DFED6FE05FF393880C0056
:10FA600097450000938585016FF09FF7832701017B
:10FA70001305810513068000930500002320D102A1
:10FA8000232E6100232C11012326F104EF308FD1A6
:10FA900083260102832881010323C10163CC062A46
:10FAA00093040000232E8100930C0B0013840400A8
:10FAB00023206102138B06006F000003930681056B
:10FAC0009305C10A13050900EFE04F899307F0FF82
:10FAD000630AF552B307A4006340FB029384440019
:10FAE000638C6757138407008327C104B38797008B
:10FAF00003A60700E31406FC930604008328810193
:10FB00000324C10103230102138B0C006384062824
:10FB10009307300663C8D73223280100130EC10AA9
:10FB2000130680009305000013058105232261025E
:10FB3000232CC10123201103232ED100EF308FC6C7
:10FB40008326C10183258101130781051306C104A2
:10FB500013050900EFE04F928326C101032E8101B6
:10FB60008328010203234102639AA656B307DE00ED
:10FB7000238007008347310493CEF6FF93DEFE41D6
:10FB8000B3FED601138F060063840744938E1E00D4
:10FB9000930600006FF0CFA293770320A301010426
:10FBA0006382072293FCFC0F93040000E3D806CC89
:10FBB000930B07006FF0CFBA1376030183A70B00F6
:10FBC000938B4B006312060213760304630A06004C
:10FBD0009397070193D70701130600006FF01FE208
:10FBE0001376032063160620130600006FF01FE152
:10FBF0001373F3BF130500006FF0DFD11306010686
:10FC000093050B0013050900232CE103232AD102DD
:10FC1000232861022322C1032320F103232ED101D3
:10FC2000232C1101EF70DFB7930205006304050078
:10FC30006FE0DFF103463104032781068327410685
:10FC400083288101832EC101832F0102032E4102EB
:10FC50000323010383264103032F810313040C00B4
:10FC6000630406006FE0DFCC63840F006FE05FCFBA
:10FC70006FE05FD2A302E10413070003A3010104B4
:10FC80002302E10463C0060C1373F3B7136323006C
:10FC9000130520006FF01FC86396041E93079000A1
:10FCA00063E2971F93070111338FC741938E0600BC
:10FCB0008347310463D4E601930E0F00B337F0009D
:10FCC000B38EFE006FF09FD613050900EF209FA8AA
:10FCD0006FE01FA983A70B008326C100930B0700C9
:10FCE00023A0D7006FE01FB493076000938E060037
:10FCF00063ECD70A138F0E0093060000174E000026
:10FD0000130E4EDA6FE0DFBF13760320630C060C90
:10FD100093F7F70F930B0700930E030013060000F1
:10FD20006FF08FD5937703206386070A939C8C012D
:10FD300093DC8C4193D4FC41930B070013870400A0
:10FD40006FF0CF841373F3BF1363230013052000F8
:10FD50006FF05FBC93060000130781051306C10412
:10FD60009305000013050900232E6100232C1101C7
:10FD7000EFD09FF09307F0FF832881010323C10197
:10FD8000930605006302F528832701012326F10469
:10FD90006FF0DFD7834E3104032E0101130F0000F3
:10FDA000B33ED0016FF09FC8938E07006FF09FF4B1
:10FDB00083A70B008326C100930B07002390D70075
:10FDC0006FE05FA693040000930B0700E3D806AA38
:10FDD0006FF04F9993D4FC41930B070013870400F5
:10FDE0006FE0DFFA930B0700930E03006FF0CFC8AC
:10FDF00093F7F70F130600006FF05FC08324010133
:10FE0000232E6100232C910113850400EF30CFB91C
:10FE100083473104934EF5FF93DEFE418328810131
:10FE20000323C101130F0500B37ED5016386071AB2
:10FE3000138E0400938E1E009306000023280100F9
:10FE40006FE01FF89385160013050900232E61004B
:10FE5000232C11012328D100EF301FA38326010199
:10FE6000832881010323C101130E0500630E0518C9
:10FE70002328A1006FF0DFCA03258B05EF304F92D6
:10FE80006FE0DFBC832781028325C1022322D102D8
:10FE90003308FE4013860700130508002320610283
:10FEA000232E1101232CE10123280101EF808FD79C
:10FEB000B3879C0033B69701B387C70037D6CCCC45
:10FEC0001306D6CCB3B5C70237D5CCCC1305C5CCF9
:10FED0000327410103280101B7DECCCC034E1700F4
:10FEE000032F81018328C101333EC00193DF250028
:10FEF00093F5C5FFB385F501B387B740B387FC40E1
:10FF0000B3B5FC00B385B4403385A7023307C701FE
:10FF1000232AE10037D7CCCC0323010283264102F8
:10FF2000130EF8FF1307D7CC938ECECCB385C50242
:10FF3000B385A50033B5C702B387C702B385A50053
:10FF40001395F50193D415009305100093D717006E
:10FF5000B30CF500B3879C0033B59701B387A700B6
:10FF600033B5C702935F25001375C5FF3305F5014F
:10FF7000B387A740B387FC4033B5FC003385A4406A
:10FF8000B3BFC7023305C502B387C7023306F50105
:10FF90001316F60193D71700B307F6001396270040
:10FFA000B307F60093971700B387FC4093870703C6
:10FFB000A30FF8FE6FF04F8A9307900063EAF79162
:10FFC0006FF05FCE138F0600938E0600232801008A
:10FFD000930600006FE0DF92032E010193060000FC
:10FFE000232801006FE0DF911305090013060106C5
:10FFF00093050B00EF70CFFA631405006FE0DFB0DC
:02000004800179
:100000006FE01FB6138B0C008317CB0003274B0642
:1000100093E607042316DB00137717006318070025
:1000200093F70720639407006FE09FD103248114A6
:10003000832441148329C113032A8113832A411382
:10004000032C8112032D0112832DC1119307F0FFA0
:100050002326F1006FE09FB493060B0083288101F3
:100060000324C10103230102138B0C006FF01FAAAC
:10007000032E0101E38807F4938E1600138F060008
:1000800023280100930600006FE09FD313050000B2
:100090006FF05F8893F61600E39A06FA6FE09FB35D
:1000A00013052000974500009385459D6FF09F86BE
:1000B00083274B0693F71700E39A07F86FE09FB189
:1000C00083A60B00938B4B0063D406009306F0FFCE
:1000D00003C71D00930D06006FE00FFB8357CB0095
:1000E00093E707042316FB006FE05FA623280100B7
:1000F0006FE09F821307050003A541A89306060041
:1001000013860500930507006FE00FE183D7C50054
:1001100003AE450603D3E50083A8C50103A8450245
:10012000130101B71307004093F7D7FF2324814839
:1001300023202149138405001309050093050108B4
:100140001305010723261148232291482326D100B5
:10015000930406002312F102232EC1072313610228
:10016000232A1103232E0103232CB1002324B102DF
:100170002320E1022326E10223280102EF20DFDF12
:100180008326C1001386040093058101130509002D
:10019000EFE08FD8930405006350050483574102B4
:1001A00093F70704638807008357C40093E70704A5
:1001B0002316F40003250107EF209FDC8320C148AC
:1001C00003248148032901481385040083244148FE
:1001D000130101496780000093058101130509009F
:1001E000EF701F9DE30C05FA9304F0FF6FF01FFB07
:1001F000130101FF1305600023261100EF004027C3
:1002000013051000EF00CFA4032785136306070032
:100210001305000067800000130101FE930500082C
:10022000232E11002326A100EF300FE68327C10003
:1002300023ACA712630205029307050823200500DB
:1002400013054500E31CF5FE130500008320C101E2
:1002500013010102678000001305F0FF6FF01FFF1C
:100260001307F0016360B7020327851363040702D5
:10027000939525003307B700032507002320C70007
:1002800067800000130760012320E5001305F0FFDD
:1002900067800000130101FE2322B10093050008CE
:1002A0002324C100232E11002326A100EF30CFDD2F
:1002B0008326C100130705009305050823ACA61289
:1002C0008327410093060500032681001305F0FFF4
:1002D0006300070223A0060093864600E39CB6FE57
:1002E000939527003307B700032507002320C70095
:1002F0008320C10113010102678000009307F00110
:1003000063EAB70883278513130101FE232E11002A
:1003100013070500138605006380070493962500E4
:10032000B387D70083A60700638806021305100071
:10033000638CA6009305F0FF6384B60423A0070036
:1003400013050600E78006008320C10113050000A5
:100350001301010267800000130507002326C10076
:100360002324E100EF00403E0326C1008320C101A9
:100370009305050003258100130101026F0040373A
:100380008320C101930760012320F70013010102BC
:1003900067800000930760012320F5001305F0FF3C
:1003A000678000009307F00163E0B70C8327851393
:1003B000130101FE232E1100138705006384070635
:1003C00093162700B387D70083A607006388060229
:1003D0001306F0FF6384C604130610006388C60288
:1003E0001305070023A00700E7800600130500009F
:1003F0008320C10113010102678000008320C10135
:100400001305100013010102678000008320C10161
:10041000130530001301010267800000130520005E
:100420006FF01FFD2326B100930500082324A100CF
:10043000EF308FC5832681009307050023ACA612F9
:10044000630005020327C100930605001306050893
:1004500023A0060093864600E39CC6FE6FF05FF67D
:100460001305F0FF6FF0DFF81305F0FF6780000061
:100470009307F00103A841A863E8A708832788131E
:10048000130101FE232E110013060500638E0702DF
:1004900013172500B387E70003A7070063060702C9
:1004A00093061000630AD7001306F0FF6302C70427
:1004B00023A00700E70007008320C1011305000007
:1004C0001301010267800000130508002326C10004
:1004D00023240101EF0040270326C1008320C1012E
:1004E0009305050003258100130101026F004020E0
:1004F0008320C101930760012320F80013850600C3
:100500001301010267800000930760012320F800B7
:100510001305F0FF678000009307F00103A641A8D0
:1005200063E0A7020327861363040702131525005F
:100530003307A700032507002320B70067800000CA
:10054000930760012320F6001305F0FF6780000089
:10055000130101FE2326B1002324A1009305000806
:10056000130506002322C100232E1100EF30CFB166
:10057000032641001307050093050508232CA61246
:1005800083278100130605008326C1001305F0FFB1
:10059000630007022320060013064600E39CC5FE05
:1005A000139527003307A700032507002320D70052
:1005B0008320C101130101026780000083A741A8C5
:1005C00003A7871363060700130500006780000078
:1005D000130101FE13850700930500082326F1008F
:1005E000232E1100EF304FAA8327C10023ACA7129E
:1005F0006302050293070508232005001305450043
:10060000E31CF5FE130500008320C1011301010264
:10061000678000001305F0FF6FF01FFF9307F001E4
:1006200063E4A70C83A641A8130101FE232E110049
:1006300083A7861313070500638407069316270014
:10064000B387D70083A60700638806021306F0FF6E
:100650006384C604130610006388C60213050700EE
:1006600023A00700E7800600130500008320C101D6
:1006700013010102678000008320C10113051000EF
:1006800013010102678000008320C10113053000BF
:100690001301010267800000130520006FF01FFDA9
:1006A0002326A10093050008138506002324D1000A
:1006B000EF308F9D832681009307050023ACA6129F
:1006C000630005020327C100930605001306050811
:1006D00023A0060093864600E31CD6FE6FF01FF6AB
:1006E0001305F0FF6FF09FF81305F0FF678000001F
:1006F00093870500130101FF232481009305060061
:1007000013040500138507002326110023A201AA64
:10071000EFF01EDE9307F0FF630AF5008320C100AF
:1007200003248100130101016780000083A741AA0F
:10073000E38607FE8320C1002320F4000324810008
:1007400013010101678000006FF09ED7370310008E
:100750001303F3FFB377B300337ED30013D84501FF
:1007600093D8460193973700130101FE1357D50123
:100770003367F700131E3E009357D6011378F87FB6
:1007800093F8F87F232E110093D5F50193D6F60147
:10079000B3E7C701B30E1841131F3500931F36008E
:1007A000638ED51813030500635CD00F638608249D
:1007B0009306F07F6304D84E9306800363CED6255C
:1007C000B7068000B3E7D7009306F00163CCD65F8D
:1007D00093060002B386D6413396D700B396DF0066
:1007E000B3DFDF01B336D0003366F601B3DED701E5
:1007F0003366D6003307D7413306CF40B337CF0037
:100800003307F7409317870063D007421317970009
:100810001357970063120722130506002326E100F1
:10082000232401012322B1002320C100EF20907373
:10083000930685019308F0010326010083254100FA
:10084000032881001307000063DED820930785FF8B
:10085000B317F60063C2065B3386064193061600A3
:10086000E3DAD818130616FE1305000233D6C700C4
:10087000638CA60013050004B306D540B397D700D8
:10088000B337F0003366F6006302062E93777600E6
:1008900063940722130F0600130700006F00C025A2
:1008A000638C0E223383084163100846B365E70169
:1008B000638205629305F3FF638A057A1305F07F6F
:1008C0006302A37013068003E35CB60E1386FFFF7A
:1008D000B3BFCF003387F74193158700B707800078
:1008E000E3C4051893850600130803009307460028
:1008F00033B6C7003307C700138607009317870076
:1009000063DE0732930618009307F07F13FE15008D
:10091000639AF62C139746018320C10193070000C8
:10092000B367F7001317FE01B3E6E70013050000F5
:10093000938506001301010267800000138E0500F5
:10094000635ED025639C081EB3E6F70163860666E6
:10095000930EF8FF63880E5A9306F07F6302D86403
:100960009306800363CAD61F9306F00163C8D66955
:10097000130600023306D641B396C7003396CF0064
:10098000B3DFDF013336C000B3E6F601B3DED701D3
:10099000B3E6C6003307D701B387E601B3B6D70085
:1009A0003307D700138607009317870063DE0726F7
:1009B000130818009307F07F6304F862B70780FFFD
:1009C000935616009387F7FF13761600B3E6C6001A
:1009D000B377F7001396F70113F5760013D71700D6
:1009E0003366D600E30C05F09377F60093064000DB
:1009F000E386D7F06FF09FEFB3E6F701638E063A18
:100A0000930EF8FF638E0E549306F07F6308D82888
:100A100093068003E3DAD6DB1306FFFFB337CF007C
:100A20003307F74093168700B7078000E3D006EC42
:100A30001387F7FF1306F0FF130507002326C100F5
:100A4000232401012322B1002320E100EF20905153
:100A50000327010083254100032881000326C100EC
:100A6000930685FF13050002B307D540B357F60080
:100A70003317D700B3E7E7003316D60063C0063359
:100A8000B3860641938616003305D5403317A6007A
:100A90003338E0003357D6003395A7003367E800BA
:100AA0003366E50033D7D700B367E6006380070CF1
:100AB00093777600638C077C9377F600930640006B
:100AC0006398D7329317870063DC077613FE15000F
:100AD000930610006F004011130518001375E57F91
:100AE00063140528B368E70133E5F7016310084094
:100AF000638A085A6312055C93573F001315D701A8
:100B00003365F50013080000935737009376F87F9C
:100B10009397C700139746018320C10113FE150068
:100B200093D7C700B367F7001317FE01B3E6E700DA
:100B30009385060013010102678000009306F07F91
:100B40006300D8469306800363C8D601B7068000C9
:100B5000B3E7D7006FF05FE19317870013061F001C
:100B6000E3D607D8370780006FF09FE413FE150027
:100B70009306000093070000130500001397460139
:100B80008320C101B367F7001317FE01B3E6E70046
:100B9000938506001301010267800000638C0E102C
:100BA000B3860841631808263365E701630A055CCC
:100BB0001385F6FF630805341308F07F6386064744
:100BC00013068003635EA668138806009396870069
:100BD00013861F0037078000E3CC06DC138707006D
:100BE0006FF0DFD0B3F6F600B70780FF9387F7FF0B
:100BF000B377F700139797008320C1011395D701AE
:100C00009357C70013974601B367F7001317FE0108
:100C100013563600B3E6E7003365C500938506003A
:100C20001301010267800000937776006388070054
:100C30009377F60093064000E39AD7CA135536001F
:100C40009317D7019306F07F33E5A700935737003A
:100C5000E31ED8EA3365F500630A05029306F07FC8
:100C6000139746018320C101130E0000B707080047
:100C7000B367F7001317FE01B3E6E70013050000A2
:100C800093850600130101026780000013FE150022
:100C90009306F07F930700006FF05FEE13133300AD
:100CA000135333001315D70133656500935737008D
:100CB0006FF05FFA9306180093F8E67F6394081AC2
:100CC000B366E7016318082C33E6F7016382064E2A
:100CD000E30406E2B30FFF01B307F70033BFEF01F0
:100CE000B387E701139787006348075233E7FF0094
:100CF000E30E07E61395D70193DF3F0033E5AF001E
:100D000093D737006FF09FE09305F07F638CB82A8C
:100D10001306800363466612370680003367C700F8
:100D20001306F001634E663093050002B3856540FB
:100D30003316B700B315BF00335F6F00B335B00093
:100D40003366E601335367003366B600B387674006
:100D50003386CF40B3BFCF003387F74113880800F5
:100D6000938506006FF01FAA3306FF413335CF008D
:100D7000B308F740B388A84013958800634E051266
:100D80003365160113870800E31605A8130E00004B
:100D900093060000930700006FF05FDE370780FFC7
:100DA0001307F7FF33F7E700937776003308D8404F
:100DB000E39007E86FF09FE81313350013553300F5
:100DC0006FF01FE893860EFE13060002B3D6D7001D
:100DD000638ACE00130600043306D641B397C700DA
:100DE000B3EFFF003336F0013366D6006FF0DFA0BB
:100DF000130800006FF09FAF370780FF1307F7FF5E
:100E0000B3F7E7001395D7013308D84093D73700DD
:100E10006FF0DFCF1305F07F6388A82013068003EF
:100E20006352D62E9396870013861F0013880800FE
:100E300037078000E3CE06B6138707006FF01FABBD
:100E40001386FFFFB3BFCF003387F74193158700A9
:100E5000B707800063C0053093850600138808003B
:100E60006FF0DFA81306F07FE386C6AAB30FFF0179
:100E7000B307F70033BFEF0113D71F00B387E701B4
:100E80001396F701137577003366E60013D7170042
:100E90006302053E13880600930840009376F6002F
:100EA000E39616A5135536001317D7013365E500F1
:100EB00093D747006FF09FC5338FEF41B3BFEF016A
:100EC000B387E74013060F003387F7419385060089
:100ED0006FF05F94131636001355360093850600A5
:100EE00013080300138707006FF09FD56394082A47
:100EF000631A050C130E00009306F07FB707080075
:100F00006FF0DFC7B30FFF0133BFEF01B307F70087
:100F1000B387E7019396870063D80624B70680FF5E
:100F20009386F6FF13D71F00B3F7D7009396F70108
:100F300013767700B3E6E60013D717006306063092
:100F400013F6F600130540006300A6303386A600B2
:100F5000B336D6003387E600130820006FF01FCEAB
:100F6000B30FFF41B307F740333FFF013387E7413A
:100F70009317870013860F0063CE070693DF3F00A9
:100F80001315D7013365F501935737001308100087
:100F90006FF0DFB7638A0608B3EFF701E3900FCC79
:100FA000131535009317D7011355350033E5A70006
:100FB000935737006FF01FCA1315350013553500CE
:100FC0006FF01FC8131636001395D701135736005C
:100FD000938506003365E50093D737006FF09FC710
:100FE0009306080093070000130500006FF01FB977
:100FF00093850600130810006FF05F8113860EFEC4
:101000009306000233D6C700638ADE00930600040D
:10101000B386D641B397D700B3EFFF00B336F001E4
:10102000B3E6C6006FF05F97131736001395D7012C
:10103000135737003365E50093D737006FF09FC132
:10104000930503FE13060002B355B700630AC300FD
:1010500013060004330666403317C700336FEF00F2
:101060003336E0013366B6006FF09FCE338FEF4129
:10107000B387E740B3BFEF013387F741931787008A
:1010800013060F00E3C607F6135F3F001315D701E1
:10109000938506003365AF0093573700130810009F
:1010A0006FF0DFA6E30405CE13870700138F0F0050
:1010B000938506006FF05FA43308FF4133350F01BD
:1010C0003306F7403306A64013158600635C05120D
:1010D000338FEF41B387E740B3BFEF013387F74169
:1010E000B367EF0013060F0093850600E38007A89F
:1010F0009317870063D0071A13FE1600930610009B
:101100006FF09FAE370680003367C7001306F0010B
:10111000634CD60A130500023305D5403316A700E9
:101120003315AF00335FDF003335A000B356D7006F
:101130003366E6013367A600B387D700B30FF70124
:1011400033B7EF003307F70013860F00138808004A
:101150006FF09F8513880800938506001387F7FFBB
:101160001306F0FF6FF05F8D1395D70193DF3F00FB
:101170003365F50193D73700130810006FF01F99FE
:101180001315360013553500138806001387070022
:101190006FF01FABE31405AC9317330093D7370000
:1011A0001315D70133E5A700935737006FF09FAAB7
:1011B000E30E069A13870700138F0F006FF0DF937B
:1011C000138305006FF0DFB5138606FE13050002DA
:1011D0003356C700638AA60013050004B306D54042
:1011E0003317D700336FEF003337E0013367C700A1
:1011F0006FF0DFF4130500023305D540130800003B
:101200006FF09F893365C800E30205B81307060035
:10121000130F08006FF05F8E370780FF1307F7FF8B
:10122000B3F7E7001395D70193DF3F0093D737005B
:101230003365F501B3F76700930610006FF01F9454
:10124000130800006FF09F9F93D636001317D70145
:101250003365D70093D74700130820006FF01F8B2A
:10126000930605006FF09FEA1308030093850600BC
:101270006FF00FFC135536001317D7013365E500E7
:1012800093D74700138806006FF05F8893860500A8
:101290006FF01FE693850600130F06006FF0DF85E1
:1012A00013D74501130101FC9397C500232E1102AA
:1012B0001377F77F1308050093D7C70093D5F5017F
:1012C000630A071E930E05001305F07F630AA70843
:1012D00093973700135ED801336EFE00B707800086
:1012E000931E3800336EFE00930817C013080000E9
:1012F000130F000013D746019397C6001377F77FAB
:1013000093D7C70093D6F601630407081305F07F4F
:10131000630CA720939737001355D601130717C006
:101320003365F500B7078000B388E840B367F50080
:1013300013173600930F00001306F00033C5D500D5
:101340006366062D174301001303C36913182800B1
:1013500033086800032608003306660067000600AD
:1013600033EE070163100E269308070013D74601DA
:101370009397C6001377F77F930E00001308800041
:10138000130F200093D7C70093D6F601E31007F898
:1013900033E7C70063020724638A075013850700F9
:1013A0002326C10223241103232201032320D10277
:1013B000232EE101232CC101232AD1012328B100CE
:1013C0002326F100EF20003A8327C1008325010185
:1013D000832E4101032E8101032FC10183260102C7
:1013E00003284102832881020326C102130305005A
:1013F000130755FF1305D0013305E540130783FF9D
:10140000B397E7003355A600B367F5003317E6003E
:10141000330313019308333F930F00006FF0DFF1A4
:10142000638C035A930690FC63DCD36013070000BF
:1014300093070000930600008320C10313174701A0
:101440003367F7009317F501B365F70013850600BE
:1014500013010104678000008320C1031307F07F9C
:1014600093070000131747013367F7009306000046
:101470009317F501B365F700138506001301010406
:10148000678000008320C1031307F07F130500006D
:10149000B7070800131747013367F70093060000EA
:1014A0009317F501B365F7001385060013010104D6
:1014B0006780000033EEA70063000E14232ED100D6
:1014C000232CC100638C0744232AA1001385070045
:1014D0002328B1002326F100EF20C0288327C10074
:1014E0008325010103284101032681018326C101CF
:1014F00013030500130755FF130ED001930E83FF4E
:10150000330EEE40B397D701335EC801336EFE0051
:10151000B31ED8011307D0C0B308674013080000FA
:10152000130F00006FF01FDD33E7C70093881880AA
:10153000631C070A1368280093070000930F20001C
:101540006FF09FDF93070E0013870E0093062000B5
:101550006308DF4093063000E306DFF293061000D5
:1015600013850500E304DFEC9383F83F93860300C3
:10157000E35870EA137677006310064493553700FA
:1015800013977700635A0700370700FF1307F7FF29
:1015900093860840B3F7E7001307E07FE34ED7EAEE
:1015A0001396D70113F7F67FB366B600139697002C
:1015B0009357C6006FF05FE893850600138F0F0006
:1015C0006FF0DFF8138E0700930807001308C000C0
:1015D000130F30006FF01FD213681800930700003C
:1015E000930F10006FF05FD51368380013070600E3
:1015F000930F30006FF05FD4930E0000130840008B
:1016000093080000130F10006FF0DFCE232C81022F
:10161000232A910263E6C7016310FE4E63EEEE4C8F
:101620001316FE0193D61E003366D600135E1E000D
:101630009396FE019397870013DF0701B352EE03E1
:10164000135887013368F800931E080193DE0E01DA
:101650001313870093570601337EEE0333875E0230
:10166000131E0E01B3E7C70163FAE700B307F800E2
:1016700063E4070163E0E74A9382F2FFB387E74040
:10168000B3D5E7031317060113570701B3F7E703B1
:101690003386BE02939707013367F700637AC7006A
:1016A0003307E800636407016360C7469385F5FF6D
:1016B00093920201B3E2B20093970201131E030159
:1016C00093D70701135E0E01935F03013307C740F1
:1016D00013D60201B383C7033304C60393D50301B2
:1016E000B387FF02B3878700B385F500B307F6031E
:1016F00063F6850037060100B387C700139605011E
:101700009393030193D5050193D30301B385F500AA
:10171000330676006368B700B304B740631AB73C7A
:1017200063F8C63CB3836600B3B7D3002328210314
:1017300013890700B38707013307F7009386030077
:101740009387F2FF636AE8003304B7409304040010
:10175000631EE802631C0902636AB7003304B740E2
:10176000930404006394E50263F2C302B3067300BA
:10177000B3B76600B38707013307F70003290103F6
:101780009387E2FFB304B7406F0080000329010391
:101790003386C640B3B6C600B382D4409383F83FC5
:1017A000938603006308581C33D7E2039355060160
:1017B000B3F2E20393920201B3E55500B382EE0265
:1017C00063FA5500B305B80063E4050163E05536DC
:1017D0001307F7FFB3855540B3F2E503131606016F
:1017E00013560601B3D5E503139F02013366E601E4
:1017F000B38EBE02637AD6013306C8006364060165
:101800006360D6339385F5FF131707013367B7007D
:101810009315070193D5050193520701338FC20336
:101820003306D641330EBE02B38EBF0293550E016E
:10183000B38EEE01B385D501B38F5F0263F6E50188
:10184000B70E0100B38FDF0193DE0501131E0E01F9
:10185000135E0E0193950501B38EFE01B385C5019C
:10186000636AD601333FB000330ED6416316D60308
:1018700063040F023306C800636806016360D61B69
:101880006314D601636CB318B305B340333FB000A3
:101890001307F7FF330ED641631C0E0E631A0F0EAB
:1018A00003248103832441036FF05FCC13050600FA
:1018B00023261103232401032322F1022320D10232
:1018C000232EE101232CC101232AD1012328B100B9
:1018D0002326C100EF10106913075501930FC001B3
:1018E0000326C10083250101832E4101032E8101BE
:1018F000032FC10183260102032881028328C1022C
:101900001303050293070000E3D6EFAE130585FF2E
:10191000B317A600130700006FF09FAF232AF10052
:101920002328B1002326A100EF10D063130755012F
:101930009308C0010328C10083250101032681010A
:101940008326C1011303050293070000E3D6E8BA1A
:10195000130585FF331EA800930E00006FF09FBB98
:10196000138505001307F07F93070000930600001E
:101970006FF09FAC930500001307100063567012C0
:101980000324810383244103B387E7006FF05FBF23
:10199000130620C01367170063C2C81493054700DD
:1019A00033B7E500032481038324410393D5350035
:1019B000B387E7006FF0DFBC1376F70093054000B4
:1019C000E30EB6BA9305470033B7E500B387E700E7
:1019D00093D535006FF0DFBA9376770093551700F3
:1019E0009308F00113061000639C0618B3981701C2
:1019F000B3E5D50033E7B80093767700B3D7C700D7
:101A0000639A06149396870063D006181307100094
:101A100093070000930600006FF01FA2131E13002F
:101A200033336E0033030301B385C54133066600CB
:101A30001307E7FF330ED641333FB0006FF0DFE509
:101A4000930620FE63D0D312130610FEB306764031
:101A5000B3D6D7006388C3009388E843B3971701D0
:101A60003367F7003337E0003367D70093767700AA
:101A700093070000638206021376F7009305400087
:101A800093060000630AB6003306B7003337E6005A
:101A90009316D7011307060013573700B366D70014
:101AA000130700006FF05F9963980308B706008082
:101AB0009386F6FF03248103832441031397F701E0
:101AC0003367D70093D717009306470033B7E60074
:101AD000B387E700138706006FF0DFF2930610C0AC
:101AE0006394D8069356170093E616006FF09FFC98
:101AF000938702006FF0DFC99388F8FF13860E000A
:101B0000930600006FF01FB39385E5FF33070701CD
:101B10006FF01FBA9382E2FFB38707016FF01FB621
:101B20009385E5FF330606016FF01FCE1307E7FF2D
:101B3000B38505016FF01FCA032481038324410389
:101B40001307F0FF6FF01F8E0324810383244103EA
:101B50006FF05F8D9376F70013064000E384C6EACA
:101B60006FF09FF69388E84113061000B316170133
:101B700033067640B336D000B355C7006FF01FE789
:101B8000B376C7006FF09FE6139697009396D70140
:101B90009357C6006FF05FF013D74501B7071000E9
:101BA00013D846019387F7FF9308F07F1377F77FE9
:101BB00033FEB70033781801B3F7D70093D5F5019A
:101BC00093D6F60113031000630A17036304180386
:101BD000631207036394C7056312A604130300008E
:101BE000638AD5001303100063160700336EAE003E
:101BF0003333C0011305030067800000E31CE8FED7
:101C0000336EFE00336ECE00336EAE00E3140EFE74
:101C1000B385D5403333B0006FF0DFFD1303100000
:101C2000130503006780000013D84501B7071000B3
:101C300013D746019387F7FF9308F07F1378F87F57
:101C400033F3B70033771701B3F7D70093D5F50116
:101C500093D6F601630A180563061703631A08068C
:101C60003368A30063100706B3E8C700638E080853
:101C70006310080C139716001307F7FF13050700EE
:101C800067800000B3E7C7006390070A6316080087
:101C90003363A300E30003FE639ED5001397150092
:101CA0001307F7FF6F008001B368A300639E080667
:101CB00063020707B305B04013E7150013050700DB
:101CC00067800000E30808FAE396D5FE6FF01FFD79
:101CD000E30207FEE390D5FEE34E07FDE340E8FC98
:101CE000E3EA67FC3307F340133717006374A60079
:101CF000E31207FCE364F3FA6374C500E31007FA28
:101D0000130700006FF09FFBE31608FA13050700A6
:101D10006780000033E7C70063180700130710004F
:101D2000E39AD5F86FF01FFD1307E0FF6FF01FF97E
:101D3000E392D5F86FF0DFFA13D84501B70710002A
:101D400013D746019387F7FF9308F07F1378F87F46
:101D500033F3B70033771701B3F7D70093D5F50105
:101D600093D6F601630E1805630617036316080879
:101D70003368A3006316070AB3E8C700638E080A36
:101D80006314080C139716001307F7FF13050700D9
:101D900067800000B3E7C70013072000E39807FE41
:101DA000631608003363A300E30E03FC6380D504CD
:101DB000B305B04013E71500130507006780000066
:101DC000B368A30063940806E31407FF33E8C70071
:101DD00013072000E31C08FA13071000E39AD5FC50
:101DE0006366F300637EC504630C07041397150054
:101DF0001307F7FF6FF09FF9E30C07FAE39AD5FAA0
:101E0000E34807FBE344E8FEE3E467FA3307F34003
:101E100013371700E376A6FCE31C07F86FF05FFCAE
:101E2000E30208F6E396D5F86FF05FFC1307200095
:101E30001305070067800000E30A08F46FF05FF7FE
:101E4000130700006FF09FF4E394D5F66FF0DFFB0B
:101E500093D74501130101FC1397C500232E1102EE
:101E600093F7F77F130805001357C70093D5F501C3
:101E7000638007461305F07F6386A72A1317370090
:101E80001355D8013365E500370780003367E50057
:101E9000138317C093183800130E0000930F00002F
:101EA00093D746011398C60093F7F77F1358C800DD
:101EB00093D6F6016380072A1305F07F638EA73C53
:101EC000938717C01305A0003303F3006340C535A3
:101ED000131838009357D601B3E70701370880007D
:101EE00033C5D50033E8070193072000931E360061
:101EF00093050500130F000063D2C703930710007A
:101F0000B397C70113F607536312063093F50724FE
:101F10006394055693F787086392072E93970801F9
:101F2000939F0E0113D6080193D7070193DF0F018A
:101F300093DE0E01B385F703232C8102330EF603E3
:101F400093D60501B388FE02B388C801B386160193
:101F5000B302D60363E6C6499313080193950501BE
:101F6000139E060193D303011358080193D505016D
:101F70003304BE0093D60601338F7702330E760208
:101F800093550F01B307F802B387C701B385F50076
:101F9000B308060363F6C501B7070100B388F8006C
:101FA00013160701135606011357070193970501EE
:101FB00093D50501B3851501338ECE02131F0F0192
:101FC000135F0F01B387E701B386F600B308F6038A
:101FD000B30FF70313DF0801330EFE01330FCF01F8
:101FE000B38EEE026376FF01B70F0100B38EFE01E0
:101FF00093980801931F0F0193D80801135F0F01F5
:10200000338E1F01330FDF01B3087702B30E760260
:102010003306C80293DF0E0133061601B38FCF00DB
:102020003308E80263F61F01370701003308E800B0
:1020300093980E0193D8080113970F01B3865600A9
:1020400033071701B305B700B3B7F600B38EC60167
:10205000B387F5003386E701B3B6DE00B306D600DA
:1020600033B7E500B3B5B7003367B700B337F60051
:1020700093D50F0133B6C600B3E7C7003307B700E7
:1020800093989E00B387E700B3E88800B387070101
:10209000B338100113D67E019397970013D77601BA
:1020A000B3E8C80093969600B3E8D80093967700FB
:1020B00033E7E70063C2061A9307F33F6352F03435
:1020C00093F678006386065093F6F80013064000F6
:1020D000032481036386C60293864800B3B81601C1
:1020E00033071701938806009316770063DA06001A
:1020F000B70600FF9386F6FF930703403377D700B8
:102100009306E07F63CCF6381316D70193D83800D6
:102110009316970093F7F77F3366160113D7C6001F
:102120006F004011B36807016392082A1383070008
:1021300093D746011398C60093F7F77F1307000063
:10214000130E8000930F20001358C80093D6F60199
:10215000E39407D6B36EC80063800E20630A083884
:10216000130508002326C1022324C1032322610290
:102170002320E102232E1101232CF101232AD10077
:102180002328B10023260101EF10C05D0328C10000
:102190008325010183264101832F81018328C10109
:1021A0000327010203234102032E81020326C102F9
:1021B00093070500930E55FF1305D0013305D54154
:1021C000938E87FF3318D8013355A6003368050175
:1021D000B31ED601B307F3401306A0001383D7C084
:1021E0006346C6039307200033C5D500E3D8C7D3A1
:1021F00093050500130F00006FF05FD09385060074
:102200001307080093880E00930F0F009307200018
:10221000638CFF2693073000638AFF1C930710002E
:10222000138505006398FF0493070000130700005F
:10223000130600008320C103939747019315F5010E
:10224000B3E7E700B3E7B70013050600938507007F
:10225000130101046780000093D718000324810351
:1022600093F81800B3E717019318F701B3E81701C3
:102270001357170093070340130313006354F01818
:1022800093F67800E38206E693F6F8001306400022
:10229000E394C6E46FF05FE5B36EC8001303F37F09
:1022A00063900E1093672E001306A000E340F6F62D
:1022B000B3C5D50013850500130F200063000E0C75
:1022C000138E070013080000130F20006FF01FC3C8
:1022D000B368A70063880806232ED100232CC10011
:1022E0006306071C232AA100130507002328B10059
:1022F0002326E100EF1000470327C10083250101D9
:1023000003284101032681018326C101130E050024
:10231000930855FF9307D001B387174193088EFFA9
:1023200033171701B357F80033E7E700B318180164
:102330009307D0C03383C741930F0000130E0000F2
:102340006FF01FB613070000130E400013030000C8
:10235000930F10006FF0DFB4136E1E009307A00000
:10236000E3C6C7EBB3C5D50093072000138505006E
:1023700013080000130F1000E3C2C7B99307200031
:102380006304FF10930F1000930710001307000061
:102390009308000013850500E39EFFEC6FF0DFE873
:1023A000136E3E001305A000634CC5219307100077
:1023B000B397C70193F7870833C5D500930E06007E
:1023C000130F3000E38C07B46FF05FE3930808004D
:1023D00013830700130EC000930F30006FF05FAC43
:1023E000B7080100B38212016FF01FB71305000098
:1023F0009307F07F37070800130600006FF09FE394
:1024000003248103638E0714930690FCE3CED7E088
:10241000930620FE63D2D71C130610FEB306F640C7
:10242000B356D7006388C7001303E3433313670031
:10243000B3E86800333610013366D6009377760030
:1024400013070000638207029376F60093054000AD
:1024500093070000638AB600B306B60033B6C60021
:102460009317D60113860600135636003366F6001E
:10247000930700006FF01FDC130500009307F07F47
:10248000370708006FF01FDB138505009307F07F07
:1024900013070000130600006FF0DFD99307F07FE9
:1024A00013070000130600006FF0DFD8232AE100B5
:1024B0002328B1002326A100EF10C02A930855015C
:1024C0009307C0010328C100832501010326810170
:1024D0008326C101130E050213070000E3DC17E396
:1024E000130585FF3317A800930800006FF05FE421
:1024F000130506002326C1032324610223220103BE
:102500002320E102232E1101232CF101232AD100E3
:102510002328B1002326C100EF10C024930E5501DB
:10252000130FC0010326C100832501018326410149
:10253000832F81018328C101032701020323810224
:10254000032EC1029307050213080000E356DFC7FC
:10255000130585FF3318A600930E00006FF09FC788
:10256000930610001303E341339668003336C0002E
:1025700033136700B3D8D80033666600336616019C
:1025800093777600B356D700638007029377F600FF
:1025900013074000638AE700B307E60033B6C700BD
:1025A000B386C600138607009397860063DC070294
:1025B0009307100013070000130600006FF09FC779
:1025C0001305000037070800130600006FF09FC6D0
:1025D000032481036FF0DFB293061000B386F64048
:1025E0006FF05FF8939596009397D60113D7C500C7
:1025F0006FF09FE7B70710009387F7FF33F3B7003B
:10260000B3F7D7001398370093D84601131333005C
:10261000130101FE1357D5019357D60133676700A5
:10262000B3E707011303F07F13D84501232E1100F0
:1026300093D5F50193F8F87F93D6F60133786800C7
:10264000938F0500931E3500131E360063846818AF
:1026500093C61600330F18416384D50C635AE07398
:10266000638E081C630C68509306800363CAE61FE0
:10267000B7068000B3E7D7009306F00163C4E661B4
:1026800093060002B386E6413393D700B316DE000B
:10269000335EEE01B336D0003363C30133DFE701AD
:1026A0003363D3003307E74133836E40B3B76E0023
:1026B0003307F7409317870063C00742937773008F
:1026C000638207389377F30093064000638CD73614
:1026D0009307430033B36700330767001383070092
:1026E0009317870063D00736930618009307F07F8F
:1026F00093FF1500639CF6389307000093080000D1
:102700008320C10113974601B367F7009396FF0139
:1027100013850800B3E5D7001301010267800000AC
:102720006358E07963940828B3E6C7016388066CB0
:10273000130FF8FF630C0F2A63006876930680037B
:1027400063C2E6299306F00163C8E66D1306000232
:102750003306E641B396C7003316CE00335EEE0172
:102760003336C000B3E6C60133DFE701B3E6C60087
:102770003307E701B387D601B3B6D7003307D700D5
:102780001383070093178700E3DA07F21308180092
:102790009307F07F630AF866B70780FF935613002C
:1027A0009387F7FF13731300B3E66600B377F70060
:1027B0001393F70113F6760013D717003363D30092
:1027C000E30006F29377F30093064000E392D7F01C
:1027D0006FF01FF133E3C701130F18806304031474
:1027E0006386D51463080F18630A0844131736006C
:1027F000135537001397D70193850600B368E5009A
:1028000093D73700B3E8F800638208368320C1010C
:102810009306F07F13974601930F0000B707080057
:1028200093080000B367F7009396FF011385080033
:10283000B3E5D700130101026780000013163500CD
:10284000B3E6C7011356360063800620130FF8FF66
:10285000630C0F566304683293068003E3DEE6E1FF
:102860001383FEFFB3B76E003307F740931687005C
:10287000B7078000E3DE06E41387F7FF1303F0FFDA
:10288000130507002326B100232461002322010140
:102890002320E100EF00106D032701000328410011
:1028A000032381008325C100930685FF13060002E0
:1028B000B307D640B357F3003317D700B3E7E700A9
:1028C0003313D30063CC0635B386064193861600D6
:1028D0003306D6403317C3003335E0003357D300F7
:1028E0003396C7003367E5003363E60033D7D7007C
:1028F000B367E3006382070E93777300E38C0700EE
:102900009377F3009306400013080000E392D7DCAE
:102910009317870063D8071293FF150093061000E2
:102920006F00001793C61600E39ED5EA63040F26D6
:10293000631E0838938608003365D701630E056C63
:102940001385F6FF6304050A1308F07F63800639D8
:10295000130680036356A67A1388060093968700B1
:1029600013031E0037078000E3C206E21387070047
:102970006FF01FD69308180093F8E87F6396082637
:10298000B3E8C7013363D7016312083E6304035CF5
:10299000639C085C93D73E001316D701B368F6001A
:1029A00013080000935737006F00400B6308681C42
:1029B0009306800363C8E601B7068000B3E7D7003B
:1029C0006FF05FD89317870013831E00E3D207D000
:1029D000370780006FF09FDB93FF15009306000020
:1029E00093070000930800006FF09FD1338ECE0153
:1029F000B33EDE01B307F700B387D7019396870094
:102A000063D60662B70680FF9386F6FF13571E0053
:102A1000B3F7D7009396F70113767700B3E6E60095
:102A200013D71700630A066A13F6F6001305400071
:102A30006304A66A3383A600B336D3003387E60067
:102A400013082000135633009317D7019306F07F25
:102A5000B3E8C70093573700E306D8DA8320C101F3
:102A60009376F87F9397C70093FF1500139746015D
:102A700093D7C700B367F7009396FF01138508004B
:102A8000B3E5D7001301010267800000B3F6F6003A
:102A9000B70780FF9387F7FFB377F7001397D70146
:102AA000135333008320C101B36867001397970065
:102AB0009357C70013974601B367F7009396FF013A
:102AC00013850800B3E5D7001301010267800000F9
:102AD00093850600130810001317970013579700EB
:102AE000E31007DA130503002326B1002324E100D5
:102AF0002322010123206100EF00D04693068501C7
:102B00001306F00103230100032841008325C100BF
:102B100013070000E35CD6D8930785FFB317F300D3
:102B200063C8061933830641930613006350D656D3
:102B3000130313FE1306000233D36700638CC60031
:102B400013060004B306D640B397D700B337F0009E
:102B50003363F300E30203E893777300E39207DA49
:102B6000930E0300130700006FF0DFE293FF1500E0
:102B70009306F07F930700006FF09FB813153500A0
:102B8000135535001316D701B368A60093573700C5
:102B90006FF05FC79306180093F8E67F63940814FC
:102BA000B366D7016314083633E6C701638C064861
:102BB000E30206DE338ECE01B307F700B33EDE013B
:102BC000B387D701139787006344074E3367FE002E
:102BD000E30407E01397D701135E3E00B368EE00ED
:102BE00093D737006FF09FE73383CE4133B56E0044
:102BF0003306F7403306A64013158600634E0512D0
:102C0000B368C30013070600E39C08EC930F0000B1
:102C100093060000930700006FF09FAE370780FF18
:102C20001307F7FF33F7E700937773003308D840B3
:102C3000E39A07A8135633006FF01FE113850800CD
:102C4000B365D701638805101308F5FF6308082CE6
:102C50009305F07FE30CB5B813068003635C063F71
:102C60001303FEFF333E6E003387C7411316870000
:102C7000B7078000634A06489385060013080500DD
:102C80006FF01FA593060FFE13060002B3D6D70000
:102C9000630ACF00130600043306E641B397C7006A
:102CA000336EFE003333C0013363D3006FF0DF9F18
:102CB000370780FF1307F7FFB3F7E7009398D701B3
:102CC0003308D84093D737006FF05FD91317360019
:102CD000935637001397D701B368D70093D73700BF
:102CE0006FF05FB21306F07FE388C6A0338ECE018B
:102CF000B307F700B33EDE0113571E00B387D701B9
:102D00001393F701137677003363E30013D71700AB
:102D10006306064013880600130540009376F3000F
:102D2000E398A69A135333001317D701B368E3004F
:102D300093D747006FF09FD2B30EDE41333EDE01E2
:102D4000B387E74013830E003387C741938506009E
:102D50006FF01FD913163600135636009385060000
:102D600013080500138707006FF01FCE63140312CA
:102D70006380083813173600135737001396D701AE
:102D800093850600B368C70093D737006FF09FA7FD
:102D9000E3020FBE33850841E30408EA130680030B
:102DA0006352A60A1303FEFF333E6E003387C7410A
:102DB00013168700B7078000634606249385060034
:102DC000138808006FF0DF90338ECE41B307F740D1
:102DD000B3BECE013387D7419317870013030E008C
:102DE000E3CA07CE135E3E001316D701B368CE00C8
:102DF00093573700130810006FF05FC613153500A6
:102E0000135635006FF05FC4930608009307000067
:102E1000930800006FF0DF8E13060FFE930600028A
:102E200033D6C700630ADF0093060004B386E64189
:102E3000B397D700336EFE00B336C001B3E6C600C9
:102E40006FF05F9337068000938506003367C700F5
:102E50009306F00163C6A60893060002B386A64057
:102E60003313D700B396DE00B3DEAE00B336D00026
:102E70003363D3013355A7003363D300B387A7402F
:102E800033036E40333E6E003387C741138808001A
:102E90006FF05F82E39C0896131535009357350059
:102EA0001316D701B3E8C700935737006FF09F950B
:102EB000E3020FCEB3860841E30008A8130680039F
:102EC000635AD60E9396870013031E0013880800DA
:102ED00037078000E3CC068A138707006FF04FFFA7
:102EE000930605FE13060002B356D700630AC50019
:102EF000130600043306A6403317C700B3EEEE00F6
:102F00003333D0013363D3006FF09FF7E38006DCE7
:102F100033EEC701E31C0E8E6FF01FF8B30EDE41D7
:102F2000B387E740333EDE013387C74193178700FD
:102F300013830E00E3CE07B893DE3E001316D701CD
:102F400093850600B368D601935737001308100025
:102F50006FF0DFB0E38C08CA13870700930E0E00F2
:102F6000938506006FF01FA33385CE4133B8AE00C2
:102F70003306F740330606411318860063500812E3
:102F8000B30EDE41B387E740333EDE013387C741EE
:102F9000B3E7EE0013830E0093850600E38E07A2CD
:102FA0009317870063D8071893FF16009306100045
:102FB0006FF01FAE370680003367C7001306F001BD
:102FC0006340D60A130500023305D5403316A70027
:102FD0003395AE00B3DEDE003335A000B356D70024
:102FE0003366D6013367A600B387D700330EC70117
:102FF0003337EE003307F70013030E001388080081
:103000006FF04FF813880800938506001387F7FFC9
:103010001303F0FF6FF0DF861316360013563600E9
:1030200013880600138707006FF01FA21397D701BC
:10303000135E3E00B368C70193D737001308100032
:103040006FF0DFA1E30A069813870700930E0E00C6
:103050006FF05F9493850600130508006FF05FDF43
:10306000138606FE130500023356C700638AA600C6
:1030700013050004B306D5403317D700B3EEEE00B6
:103080003337D0013367C7006FF05FF613060002D5
:103090003306D640130500006FF09F84B368C50067
:1030A000E38608B613070600930E05006FF09F8EA7
:1030B000370780FF1307F7FFB3F7E7001397D70130
:1030C000135E3E00B368C701139797009357C7007C
:1030D000930610006FF0CFE293D636001317D70196
:1030E000B368D70093D74700130820006FF01F97ED
:1030F000930F00009306F07FB70708006FF04FE0D2
:10310000930605006FF09FEB1308050093850600FA
:103110006FF08FF6938605006FF09FE8135333002E
:103120001317D701B368E30093D74700138806004D
:103130006FF0DF9293850600930E03006FF09F857A
:1031400013D74501B70710009387F7FF1347F7FF21
:1031500013D84601B3F5B700B3F7D700931657015C
:103160001378F87F638006021307F07F13050000D1
:103170006304E80067800000B3E7C7003335F00060
:1031800067800000B3E5A50013051000E38E05FC81
:103190006780000093D74501B70610001387F6FF3C
:1031A00093F7F77F1306E03F3377B70093D5F50128
:1031B000635EF6001306D041635EF60037050080BB
:1031C0001305F5FF3385A500678000001305000097
:1031D00067800000130630413367D700634EF60066
:1031E0003306F6403357C7003305E040E39205FE4F
:1031F000130507006780000093063043B386F6404E
:103200009387D7BE3355D5003317F7003367A70030
:103210006FF09FFD630E05069357F541B3C6A700F7
:10322000B386F640130101FE1357F501138506001E
:103230002326D1002324E100232E1100EF00805229
:103240009307E041B387A7401306A000032781003E
:103250008326C10093F7F77F6350A606130555FF39
:103260003396A6008320C1011316C6001356C6006C
:103270009397470193060000B3E7C7001317F701C0
:1032800013850600B3E5E700130101026780000023
:1032900093070000130600001307000093974701EF
:1032A00093060000B3E7C7001317F7011385060064
:1032B000B3E5E700678000001306B0003306A640C0
:1032C00033D6C6008320C1011316C600130555016D
:1032D0001356C60093974701B396A600B3E7C700FD
:1032E0001317F70113850600B3E5E7001301010288
:1032F00067800000630C0504130101FE232E1100FA
:103300002326A100EF0000461307E0413307A74042
:103310009306A0008327C1001377F77F63D2A6042A
:10332000130555FFB396A7008320C1019396C600ED
:1033300093D6C600930700001317470113850700B3
:10334000B365D70013010102678000001307000076
:103350009306000013174701B365D700678000008C
:103360009306B000B386A6408320C101B3D6D70030
:10337000130655019396C60093D6C600B397C700AF
:103380001317470113850700B365D7001301010226
:10339000678000008327C50083284500832505003A
:1033A0008326850013960701130101FE139517006C
:1033B000135606012326F10013D8F7012322110129
:1033C000232A1101232EC100135715012320B10018
:1033D0002328B1002324D100232CD100930801011C
:1033E0009307C1011315360003A6C7FF9387C7FFD4
:1033F0009356D601B3E6A60023A2D700E394F8FEC5
:103400009306170093953500139616012328B100F3
:103410001356260163000604B7C6FFFF93860640D5
:103420003307D7009306E07F63DCE60A9307F07F5B
:10343000130700009306000093974701B3E7E700E6
:103440001318F80113850600B3E507011301010203
:103450006780000083274101032581010326C10104
:10346000B3E6A700B3E6C600B3E6B60063160702EC
:1034700063840610130650009305000013563600AF
:103480009396D501B3E6C600139695009377F77F20
:103490001357C6006FF05FFAE38A06F8131646006A
:1034A0001357C5013367C700B7068000B376D7004E
:1034B0006382062813D6C701B70780FF9387F7FFFB
:1034C000131545003377F7003366A600B7074000B1
:1034D0003367F700137686FF930700006F00C0067E
:1034E000635EE00A83274101832681010325C10130
:1034F000139647003366B60093D7C70193954600ED
:10350000B3E7B7003336C0003366F60093D6C60182
:103510009315450093777600B3E5D50063900718BF
:10352000B7078000B3F7F500E38A07F41307170025
:103530009307F07FE30CF7EEB70680FF9386F6FF64
:103540009377F77F33F7D500135636009316D701DC
:10355000B3E6C600131697001357C60093974701AA
:10356000B3E7E7001318F80113850600B3E5070178
:103570001301010267800000930700001307000099
:1035800093974701B3E7E7001318F8011385060086
:10359000B3E5070113010102678000009306C0FC38
:1035A0006342D7121305D0033305E540832EC101D2
:1035B0009356554037070800139F2600B3EEEE00E0
:1035C000B385E8011375F501138E0500232ED10193
:1035D00013870800130600000323070013074700A2
:1035E00033666600E39AE5FE130330003307D340E9
:1035F000631E050C83A5050013051500938747007E
:1036000023AEB7FE634EA700B385E70183A505008F
:10361000130515009387470023AEB7FEE356A7FEB8
:1036200093074000B386D740130740003307D740C5
:10363000131727009396260093058000B387D800C0
:10364000636AB70023A0070023A20700130787FFC0
:10365000B387B700930640006364D70023A0070038
:1036600083270101832541013336C0003366F6000C
:10367000B366B6009307000013070000E38E06DA76
:10368000937776006396070C9397850013071000D5
:10369000E3C407EA130700006FF05FDE9377F600DC
:1036A00093064000E38ED7E69306460033B6C60085
:1036B000B385C500B707800013860600B3F7F50091
:1036C0006FF09FE6130700006FF0DFDA338FE80139
:1036D00083250F00130F0002330FAF40B395E501B0
:1036E0003366B60063806606930F000083250E00E4
:1036F00003234E0093821F00B3D5A5003313E301CB
:10370000B3E5650023A0B700130E4E009387470072
:10371000930F1000E3CCE2FC93074000B386D74040
:1037200093172700B387F800B3DEAE0023A0D701BC
:103730006FF09FEF130800009307F07F3707080032
:103740006FF09FCF93061000130700006FF05FFD2E
:103750009377F60013074000E388E7F213070000B1
:103760006FF09FF4B7070100637AF50293370510F5
:1037700093B7170093973700130700023307F740FA
:103780003355F5009727010093878785B387A700F6
:1037900003C507003305A74067800000B707000195
:1037A0006374F50213070001930707003355F50012
:1037B000972701009387C782B387A70003C5070037
:1037C0003305A74067800000930780013355F5005B
:1037D000972701009387C780B387A70003C5070019
:0C37E000130780003305A740678000003D
:1037F000696C6C6567616C20696E73747275637453
:10380000696F6E20657863657074696F6E2068619A
:103810006E646C657220656E74657265640A00651D
:1038200063616C6C20657863657074696F6E206885
:10383000616E646C657220656E74657265640A0001
:1038400065627265616B20657863657074696F6E1F
:103850002068616E646C657220656E746572656463
:103860000A00756E6B6E6F776E2065786365707495
:10387000696F6E2068616E646C657220656E746538
:103880007265640A006E6F20657863657074696F95
:103890006E2068616E646C657220696E7374616C11
:1038A0006C65640A00000000556E696D706C656D92
:1038B000656E7465642073797374656D2063616CE3
:1038C0006C2063616C6C6564210A0000457870654A
:1038D0006374656420203D2025640A00507265648D
:1038E0006963746564203D2025640A005265737520
:1038F0006C74203A2025642F310A000063726564DD
:10390000656E63653A2025640A000000656E7630B6
:1039100030303300696D6167652025733A20256476
:1039200020696E737472756374696F6E730A000038
:10393000696D6167652025733A202564206379638A
:103940006C65730A000000002573206F7574206F8A
:103950006620626F756E647320256C75203E20258D
:103960006C750A00556E6B6E6F776E2050474D2058
:1039700066696C6520666F726D61740050474D20FA
:10398000696D6167652073697A6520646F6573206E
:103990006E6F74206D61746368206172726179204A
:1039A00073697A65000000006672656164282920E9
:1039B0006E756D626572206F662072656164206F3E
:1039C000626A656374732028256C752920646966B2
:1039D000666572656E74207468616E2065787065C6
:1039E000637465642028257529205B646174615DBA
:1039F0000A00000066726561642829206E756D6298
:103A00006572206F662072656164206F626A65630B
:103A100074732028256C7529206469666665726553
:103A20006E74207468616E20657870656374656477
:103A30002028257529205B6F757470757454617228
:103A4000676574735D0A0000454F46206E6F7420F1
:103A5000726561636865642C2046696C65206572D7
:103A6000726F722021210000494E4600696E660087
:103A70004E414E006E616E00303132333435363790
:103A800038396162636465660000000030313233AA
:103A9000343536373839414243444546000000004A
:103AA000286E756C6C290000300000002F000000AB
:103AB000504F534958000000430000004153434910
:103AC0004900000049534F2D383835392D31000059
:103AD000636A6B73696E676C65000000636A6B6E86
:103AE0006172726F77000000636A6B7769646500CA
:103AF0005554462D3800000055544638000000004B
:103B00004A495300455543004A5000004555434A31
:103B100050000000534A49530000000049534F0031
:103B2000383835390000000049534F2D38383539C1
:103B30002D000000435000004B4F493800000000AA
:103B40004350323038363600435032313836360042
:103B5000435031303300000047454F524749414EF2
:103B6000000000005053000043503130310000008D
:103B700050543135340000004350313032000000E1
:103B80005449530036323000435038373400000077
:103B90004C435F414C4C00004C414E47000000003C
:103BA0002E0000004C435F434F4C4C4154450000F5
:103BB0004C435F4354595045000000004C435F4D57
:103BC0004F4E4554415259004C435F4E554D45525E
:103BD000494300004C435F54494D45004C435F4D01
:103BE0004553534147455300496E66696E69747980
:103BF000000000004E614E0042616C6C6F632073E8
:103C00007563636565646564000000002F686F6D0F
:103C1000652F696C672F616374696F6E732D7275A0
:103C20006E6E6572732F787061636B2D6465762D8F
:103C3000746F6F6C732F312F5F776F726B2F726998
:103C40007363762D6E6F6E652D656C662D6763638D
:103C50002D787061636B2F72697363762D6E6F6E52
:103C6000652D656C662D6763632D787061636B2FBE
:103C70006275696C642D6173736574732F62756905
:103C80006C642F6C696E75782D7836342F736F7570
:103C9000726365732F6E65776C69622D342E352ED5
:103CA000302E32303234313233312F6E65776C69D9
:103CB000622F6C6962632F7374646C69622F647421
:103CC0006F612E63000000002F686F6D652F696CB7
:103CD000672F616374696F6E732D72756E6E657296
:103CE000732F787061636B2D6465762D746F6F6CC4
:103CF000732F312F5F776F726B2F72697363762D1D
:103D00006E6F6E652D656C662D6763632D787061CF
:103D1000636B2F72697363762D6E6F6E652D656CA4
:103D2000662D6763632D787061636B2F6275696CB4
:103D3000642D6173736574732F6275696C642F6C85
:103D4000696E75782D7836342F736F75726365736D
:103D50002F6E65776C69622D342E352E302E323001
:103D60003234313233312F6E65776C69622F6C6972
:103D700062632F7374646C69622F6D707265632E59
:103D8000630000002C2066756E6374696F6E3A20C4
:103D900000000000617373657274696F6E202225E4
:103DA0007322206661696C65643A2066696C6520DF
:103DB000222573222C206C696E65202564257325CD
:103DC000730A0000FCC9FEFFFCC9FEFF00C9FEFF2C
:103DD00000C9FEFF00C9FEFF00C9FEFF00C9FEFFCB
:103DE00000C9FEFFFCC9FEFFF8C9FEFF00C9FEFFC7
:103DF00000C9FEFF00C9FEFF00C9FEFFF8C9FEFFB3
:103E0000F8C9FEFF94CAFEFF00C9FEFF00C9FEFF0D
:103E100000C9FEFF00C9FEFF00C9FEFF00C9FEFF8A
:103E200000C9FEFF00C9FEFF00C9FEFF00C9FEFF7A
:103E300000C9FEFF00C9FEFF00C9FEFF00C9FEFF6A
:103E4000FCC9FEFF54CAFEFF00C9FEFF00C9FEFF09
:103E500000C9FEFF00C9FEFF00C9FEFF00C9FEFF4A
:103E600000C9FEFF00C9FEFF00C9FEFF00C9FEFF3A
:103E700000C9FEFF00C9FEFF84CAFEFF00C9FEFFA5
:103E800000C9FEFF00C9FEFF00C9FEFF00C9FEFF1A
:103E900000C9FEFF00C9FEFF00C9FEFF00C9FEFF0A
:103EA00000C9FEFF00C9FEFF00C9FEFF00C9FEFFFA
:103EB00000C9FEFF00C9FEFF00C9FEFF00C9FEFFEA
:103EC00000C9FEFF00C9FEFF00C9FEFF00C9FEFFDA
:103ED00000C9FEFF00C9FEFF00C9FEFF00C9FEFFCA
:103EE00000C9FEFF00C9FEFF00C9FEFF00C9FEFFBA
:103EF00000C9FEFF00C9FEFF00C9FEFF00C9FEFFAA
:103F000000C9FEFF00C9FEFF78CAFEFFB0C8FEFF71
:103F100024C9FEFF18C9FEFFB8C7FEFFB8C7FEFFE1
:103F2000B8C7FEFFB8C7FEFFB8C7FEFFB8C7FEFFA1
:103F3000B4C8FEFFB8C7FEFFB8C7FEFFB8C7FEFF94
:103F4000B8C7FEFF0CC9FEFFB4C8FEFF800000002A
:103F50008000000080000000800000008000000061
:103F60008000000080000000800000008000000051
:103F70008000000080000000800000008000000041
:103F80008000000080000000800000000D08FAFDA5
:103F9000F6F60105FC01FB07FEFEFAF206F6F9EB68
:103FA000E0DAD8D8D6F10902112A2533D3C6C3D214
:103FB000F9FFFAF723282F24100A110BDFF1062549
:103FC000DFEF0D2CE1F11D1CE2F2051AF3000A0BE4
:103FD000E4EB1815E502170C00F90DFDFB011620A6
:103FE00000FEF30201EEDAE3030E1900F7E1EA192D
:103FF000F1E8F924E8E4062BEEEF0A202517FFFE8E
:10400000FCF0FFFBEBFDF513F1FE0C1D1024FCD5BD
:10401000341423F82C1D0EFB140A2006C8031B1BA6
:10402000E4191B15171C27F51610E7C50114231CEE
:10403000EDF0161BDFD6E5FB01F2F7F308E4F51C03
:104040001AF4D2041906F401FD1401FA11112536EF
:104050001D1A1121F9F4F203D0D0CDDFFCFBEBEBFC
:1040600019FFE0BF130D05DA1636310F081D353480
:10407000DED3F332E2E2CCFDFCF5E6E4FFEFF4F050
:1040800010F7FE030C0CF9FF15FCF6F3800000009E
:104090008000000080000000800000008000000020
:1040A0008000000080000000800000008000000010
:1040B0008000000080000000800000008000000000
:1040C00080000000800000008000000080000000F0
:1040D00080000000800000008000000080000000E0
:1040E00080000000800000008000000080000000D0
:1040F00080000000800000008000000080000000C0
:1041000080000000800000008000000080000000AF
:10411000800000008000000080000000800000009F
:10412000800000008000000080000000800000008F
:10413000800000008000000080000000800000007F
:10414000800000008000000080000000800000006F
:10415000800000008000000080000000800000005F
:10416000800000008000000080000000800000004F
:10417000800000008000000080000000800000003F
:10418000800000008000000080000000800000002F
:10419000800000008000000080000000800000001F
:1041A000800000008000000080000000800000000F
:1041B00080000000800000008000000080000000FF
:1041C00080000000800000008000000080000000EF
:1041D00080000000800000008000000080000000DF
:1041E00080000000800000008000000080000000CF
:1041F00080000000800000008000000080000000BF
:1042000080000000800000008000000080000000AE
:10421000800000008000000080000000800000009E
:10422000800000008000000080000000800000008E
:10423000800000008000000080000000800000007E
:10424000800000008000000080000000800000006E
:10425000800000008000000080000000800000005E
:10426000800000008000000080000000800000004E
:10427000800000008000000080000000800000003E
:10428000800000008000000080000000800000002E
:10429000800000008000000080000000800000001E
:1042A000800000008000000080000000800000000E
:1042B00080000000800000008000000080000000FE
:1042C00080000000800000008000000080000000EE
:1042D00080000000800000008000000080000000DE
:1042E00080000000800000008000000080000000CE
:1042F00080000000800000008000000080000000BE
:1043000080000000800000008000000080000000AD
:10431000800000008000000080000000800000009D
:10432000800000008000000080000000800000008D
:10433000800000008000000080000000800000007D
:1043400080000000000400000004000000040000E1
:10435000000400000004000000040000000400004D
:10436000000400000004000000040000C9FBFAE49F
:10437000E6DA1EE3FBE4E72CF8EDF9E9F21DF61CA2
:104380001E21DAD9DC10F2EDE7F4FD3A06FBD5295F
:104390001BFCE92C1CDFFE0328E9F92E26EBEDD8E7
:1043A000F7EFEBF322F9FCD62F24F6E2EBE61CE262
:1043B0003201143C2C2AF6FB1EFCF8F8FADD28EC3E
:1043C000ECE912E00CEDF82CE812DF2725E91BD907
:1043D000021F0EE231DED0E7ECFD26F027E300FB02
:1043E00007E5061427F3F6FDDBD7F8DFF8FDFCF947
:1043F00002210AE72EF3F5DCE3F3E4FF05F6F5ED21
:10440000DDE60E34E204EBDDDDF028EEE12427F9F1
:104410002DFA20FB02EDE5E629233AE722DA06EC45
:10442000F6EF3004FA1FE1F804DD3431EAFBEDE188
:10443000F1F8D3EB25DB012AE6D0EFF5EBE4F0EE63
:104440001316093507181DD7F3E5F1EEE7EDEFF286
:10445000DA1CFA3521E5DB1622D10BF8F4DB2EEC61
:1044600025E0E315E826321AE836EDE4F2CA18F33F
:10447000E5EF01E5F316291FEBD92A2B0DECEB191B
:10448000E52FF1DAF0E7FE37FCEBF5EC13F1293616
:1044900035EF2A32FAF9EE35E7273032DFDB002735
:1044A000D5EF03162CFEE4E530F408271B1DCCCD18
:1044B000391EDEE807020707E5FD2D13142021F35E
:1044C0002CF3EEF5E92FF7E407CFCEC1FF32F0145D
:1044D000F70102F238E40AD504FDE52D19D63716A6
:1044E000D721DFEC20F5D4E62831D4E2282F14E4DC
:1044F000F41D31E0D130D1F3D0C7E42BFB11F92A00
:1045000027D81BDFEDF4E5EA17E72AFFE811FA31B7
:10451000E90124FFF81FDAF0FCE6E836D9ED2522A0
:10452000CC1BFF2D23E4D92305ED08FC0CE4F9E8AE
:104530001DFDD90D32F2E1E43AE92F03E2F82EF83D
:104540001422D81D362CD4E3E2D9F8F8E5E3EDEFD8
:1045500037CEE63728E2E6E72306ECF8E4F3D42F7B
:10456000282FF0F7E7ECD639FBDDE4F0FE2201EB73
:104570001CE9F7CBFDDBFB0B393310002EE3DDE646
:10458000EEE314EE0BFDFFFAEB06E5F6DBE6DE1BD1
:10459000D629EB0F2BEBE83227D9E5FDEE39DD30DC
:1045A0002431EFCFF32EED322027DB1DDC39EB2E4B
:1045B000FB2B17E1FB1E0B15ED22E5F9ECEFE4EE0A
:1045C000FAF2ECDF2EF1E4F6ED2FF0E7FC33E3F640
:1045D000CEE4191BDBFBF8DEEFF6E0FDFE2E1D003E
:1045E000EAFEFFD125F6E1F016C9CFE00F2DE7076F
:1045F00040F237EBDDE9DC23FEFC312CE2E5303420
:10460000F8ED2721F336CDE5092AFDE11BD5F0E5CC
:1046100039FCDBF634FBE4E71C09FA2906FE3023FB
:1046200003EF1C26EEDEF7DA1DF0E2FDEA04CF26EA
:10463000F1F8CB24EA06DBF7EB1F37E4D62D11F0B7
:1046400027DD29E70BFA32E31B361ACE2422FDD4EC
:1046500021F0252FFC2EFBF31D2925F5FAFE23E77B
:10466000281C04FDE205F2F2E713C8EE01D420CCC9
:104670002E1DD8F8D33BF3193524E93715D3ED0EA9
:10468000D11FF4F4030DE8FA010E2128E02AF5EC1D
:10469000FF1B272AF415F725E4E5EDF60C0EDB18D1
:1046A00000F6D6CD2D1DD0FE2FFEE1EE14331DD425
:1046B00009E0F9FB00D624F122F4212217DAFEE406
:1046C00026EAED2E293414FD2EE6EBEA22EA21102B
:1046D000EDE306E3DF25E219FB360406F5D516E225
:1046E00014CFD4D405E2F43BE001E5F30510DFDBA1
:1046F000D7FAD7E938E61415E5FAE30CE3EFE7EE6D
:10470000EF18EDE5D8DF18E5E7E3FC2EF4E401F15E
:10471000EA1922272A15EC28D939F0FDEE21E9F90A
:104720001E0AE1D805ECEC3706F800DEF22EEAE7C7
:10473000F701EC232FEFED382FDAF0F4D7F029133F
:10474000D12F0B3BF2EE01E00B00F22C17F126D239
:1047500021E6F2DFE6F4CF23F0E8D9222D4B27EC57
:1047600018F1F5F0F81832E50DEBFCE5E0DE06E9AE
:10477000F8ED3AE130E5EFD636CFFFD125E6E3EDAF
:10478000E803FCDBF6E7271B2736ED31DEE2102AD3
:10479000DEDC2220F24435F6EFE72500E0E000F50C
:1047A000EBCE3139040D03F3D8DD15D829D9EDD47A
:1047B000EE06F501EA1FEADB21F4F82907F12BDD0B
:1047C000E2221E2235252FFBFDF6D92EEFCEFB105F
:1047D000F41CE1F8EAFAD8EDECE3F61FE5110D312F
:1047E000F0D2EEFCD1290C0DE12E3D091BF318E5AA
:1047F0001FCFEBFCE03121F8F23128D9EBE326FDA5
:1048000013E623DCE9F4FCE2FF20F3D9EC26E725EC
:10481000EB22E6F533DEF2EDFF2C342CC7E028EC7A
:104820003212E832212F29E5D6170400DA001032BF
:10483000D11CF70112F71E26F1FEF71AEEED192A28
:10484000E72F2414D1FF3500ED1CD9FA21180F28C9
:1048500027DEF8DFD6FCE21C0ED8E3D2EB060D040F
:10486000DD32DF30E50FEEF8F9F3271710EB142BEC
:10487000F20CC02002F0F40D2D29E0D216182A23E4
:10488000ECD7DCE31C051D1A2BFA25F6E02311E218
:10489000F91B041505ECE9E728253EDF463DF1321A
:1048A000E9150B26D4F01025EAECD5DE35EC06D65A
:1048B0000AEB27EED1E0031CD0DF1FF22AE6FC3121
:1048C00025D5EA0912FB1CFA001826131D32240113
:1048D000F1FD22FACBDDCFCECF220FCF250628E384
:1048E00037F70A211A2BEFEB2EDC0F002914C3F443
:1048F000EA2C06DC0EF4F1F0FCCC14261BF1223C71
:10490000E10B33EFF700EDD3F73809EBDB22E5E5F8
:10491000252F100F2BCBC8FC19FADD38ED28E2FA51
:104920000BD9E41DDAEEEDE0DC0DC9CCC43124185E
:1049300033F3F222E0E7C5D3D425251B1014D403AA
:10494000271AF60905332B200EEA0C0BF506F7F0B3
:1049500002F40DEAFAF607050A0A0B080F0CDAF55D
:1049600007E9140B00F60AFCF608F6FDFD08F5F061
:1049700008090413FB0BF0FA0817020EF8FEFDF508
:10498000FFFBF20A010300E414010907F30213F428
:10499000020E06FC0AFEF6F50B0203FD02FD03EA19
:1049A000FF0AE8F7F2FB170DF1FF0FFC0BFA05FF0A
:1049B000F6EE0601F907F3FAFA0724ED17050508E4
:1049C000F20D10F9F5EF03FE02FE040CF50806FDEA
:1049D00004F9FDFF1B29FF0DF315EAFC04FBFB188E
:1049E00001E003010101FF07080114FC05F40FFDBC
:1049F00013E5F01200FFFAFA02EC04FD0DFA06FFCF
:104A00000EFEFB0500FD1CFDFEEA03FDFE01001588
:104A100004F6F714FA01F3ED0BFE00FB0A0B110389
:104A2000D7F922F9F7FEFAFA04DB000AFEF5FAF5E7
:104A30000AF305181917160CF303050303FDF51106
:104A400002F900FCFA0C01F9080A0C0F04DAF6FA74
:104A5000E808E7F900FC0400FFF6F9F804F40EF6A4
:104A600012FE0E061113F919ED04EDFCFC0F06F20F
:104A7000FDFB040C0DF80005F2FAE714E6F927F542
:104A8000F713F80001EF06E803FC0101F8FC0B0F37
:104A9000ED062306F0FE121500F2010DFDED0205F4
:104AA000F4F601E4F404FC01080A21FFE5E6AD0494
:104AB000F7E6FB0D02EDF103FCF5FDDBFBFE01F774
:104AC0001DFF0E05D3F9E1FEFFF5EFFB090FFE090F
:104AD000FE04FAF701F704FB03FAF0F4F9F11D0301
:104AE000EEEAFFF7FDEFFFF6090600FCFF05FB0B02
:104AF0000DFCFB020DE71103E420F7FB08F3060CA5
:104B0000FFFBEAFCFEF402FE0A0315FA0C0810F89B
:104B1000ED0BD6FCF5F9FE0502F909DE06FE00EF05
:104B200011FD12E5F5F2E6FD291BE8070704F7EE93
:104B3000FBF8F222FEF5080AF7FCF703F4DE48F76B
:104B40000CD5270405F3F5E0FEEEE6F4F0EF0C01DA
:104B5000F2090215F0E32C1904FF0D0FFDF6FBFC22
:104B600004EFFFDFE4FF05EE0706170406BE05FFAE
:104B7000E6C5EDFD01FDFADE01F1F2ECFFFAFDEA1A
:104B8000130C1320CFEBF647F62DF10CFBFC0EEACD
:104B900005F5F30EE80DFCECE3E8FE12EDDA230D6B
:104BA0003E1007100C01FDD40805F7F9F5FE0302CD
:104BB0000308132DF3E6DD25130A0001E8F2FBD804
:104BC0000505EDF5F509E805FA071A17F9FC0E04D5
:104BD000190AF1EBF8FB04EA0D0802050010F1F8E0
:104BE000FEEF0F04EA0D1134D4F501F7F6FFF8EEED
:104BF000F71CFAF2FB04FA3CFBF60DF5F6DDE108D2
:104C00000600F400040A050C0A19F9DFECFEF4179B
:104C10000E14070609F6090F0408FA07FB1405EA43
:104C200001F5FDF2F5FFF10527EBEDF8FC382D1E3F
:104C3000F21F0DFD020E07EC0AD80C170B09E91341
:104C4000F3F3E11C09414AD90EFD0900F503FB0508
:104C5000FC18110B0BF50C1A0C09F41B06010FEED6
:104C6000E1FA0CFD010D05060501051014080120EF
:104C70000001ED23FE2018F31D0C010AF70FFF03BE
:104C800004E401FB0BFB020BF5F9F2FDFB270CFD25
:104C90001A18FFFD0704090201FCFDECFF05FF10D7
:104CA000020710F5FA0400EA18150200FEFFFE06DE
:104CB000FFF404120BFEFA1004FF09FC070F05FBBA
:104CC00026150B0AFA0001FFFCED08E703FE0A0EA9
:104CD000EFF900FCEB01E0FA00FC0CFB00FBFBF140
:104CE000FE190B1B050C1B02F902190B09F5020B2F
:104CF000FD1F080002FEFCF3F81EF924F80B0D0C52
:104D0000FD18F007E700F7F71626FAFDFAFC0FF892
:104D1000F20201F6FDFE0D09F7FE1924EBD4FD1297
:104D20001B16F205FE0008F2F61D060DFF06000236
:104D300001FAEAFCECF3BB1D1312EAF8051101F9C4
:104D4000020DFCEC020203F7130AE2040E17FFFE49
:104D5000F80B0008091403F501FF031F010FF90008
:104D60000D07EFD3EC18FEE8FD0A050802FF04F674
:104D7000041C06E4EF03F306FE0619DEED00E0FE78
:104D800005F40CF4F90BFB09FAD90FEF0400F3005A
:104D9000FB07FEE0FEF0F70107FCFFFC0208F40150
:104DA000FDEEF80B13040309F6EFF6F517E715D639
:104DB000FEFE02FDF6FFFDFD03F903ED0EF8FA1508
:104DC000FBFBFB01F90608EB0FB2F705FD02FD2026
:104DD00006F307F20CF4031207F9EBDDF0012803E8
:104DE000D6FCF7F4020A08FB07EE090DFEF91002E3
:104DF000FF0BE7F20F1A17F6D118E7FE07FEF726AA
:104E000003EAFB000104071204FA0BF807F506F3A6
:104E100008F1F70406F80007FFEB03FF0902FF00A3
:104E20000B0C00F3F3FBEADD1EEB03FFF6F9F6E5EE
:104E3000FA00011306FE07FDFEEEF626F8E0270352
:104E40001BFE0B0CF800FAF3FEDBFDFDE3FE0D0A82
:104E5000F7F8F72706F5F0F2FDE10BFE05F7FFFA8C
:104E6000F0E606F8FF07130D050802FE16F4F80E2B
:104E70000C1AFCF6FD0707F401F5F8F1F6081AF62E
:104E8000120003170401FD1A0123F512EE0002F6C9
:104E9000FEFAFFF9FF02F825FAF5FDEFF2DAEB0F63
:104EA000150406F9FC070AF1FDED01FBFCFC0927DE
:104EB0000BFDFE1809F9F10F07F4FF04FDFC03E1F7
:104EC000FF1000FDFF0AFC0B05F8F21E00FFEC04CA
:104ED000FD12EFF2FF0404F403FBFC040508FDFFE0
:104EE000F8EF18EF111310FBE0EF07F6FCF700F4F2
:104EF000001D0C210DF8FA20EB0B18EFF3E900046C
:104F0000D305F4010F0104160722F302EE00F7188F
:104F1000FD1510FAF7F5E2FB0003F3FFFEF7FFFDC6
:104F2000F9FE06E60FFE00001AF9EFF0F111E610A7
:104F3000F8F3EC010AFE00F3F8E0FCE70A070A0CBC
:104F400005ECFC01E2113A090DFF0300FAFEF90637
:104F5000F81AFAEA1308FBEC050D12F6F0FCC8FD8E
:104F60001507FA02F50809E908FF020F0EFDFAF02D
:104F70001D0102F8EEF1FD0E3E1D15F10405FFE0E6
:104F8000FF1FFA1DFCFAFF021609F7FEDC0F2B1AB1
:104F90000D1111F9000AFFF0FE02FE21030CFBFACD
:104FA00005FADDF2ECF55003FDE5FC030604071AF3
:104FB00003FC18010E0EFEFD040513F30537E4F69D
:104FC000FB24EA0D000CF9EBFF0303FE1B070103B2
:104FD0000D00FDF90A00F9FC08220B0509FBFFDCB6
:104FE000FFF70B15050E061DF7F9E10AF4F60400AC
:104FF0000D2A19FFFE0500FE000004FD14FEFA2232
:10500000F2ECDB05F52432F209FA0402F9F9061E86
:1050100004F90BF2FD09FEF1FB03130807ED01F3A0
:10502000DD15ED0BFF010DF10B19FBFC0417FBEB7C
:10503000EFF4FAFDF6FBDC0BF425EF01FE0D01F3B6
:1050400007FA0AF41B050C06FA00E90F1B1007FA11
:1050500002FC0501FAFF08080BEA06F503030E0A35
:10506000F1FC01110808F9D7FA1202010D03030D32
:10507000F7FE07EE0DFFFB00FF040AF5EE11E1035A
:105080000CE800FE040607110F0F0E12010107EBDA
:105090000EF9DFEFFB0BEFF909F007020004F9FF4F
:1050A000FAE30B100FFFFE05F3F505F82000FCF501
:1050B000FEFC1907FFFE04E90202050AF7F607FFE6
:1050C000F6FF16111FEDE2FBF339030EF9F305F1BC
:1050D0000417FDF205FAF7FC02060D0D1A140C0078
:1050E00005FE0F0BF100080906E707FBFBF8FB12B2
:1050F0000507FC07FD1016F60A25110E0B0CF2F43D
:10510000090D01FBE5FF0909FFFF0EE701F6DCFED3
:10511000080C00010DF1FDF90421FA0AFB01ECF67F
:10512000020F230616F2D5FFEFFDF6FC05FD0FFF7B
:105130000C1604F61004FA0609FA0DF10A201AFEFC
:10514000FB2409FA0A080109FD0EFBF8FC07060614
:10515000100501EB0714FEF2F9F30305F809FAF460
:10516000FD240103F601FEF20C0A0AF00703F30B1B
:10517000101C0007F3FA0A14F51800FE01FFF4FBF7
:10518000FD0E03E7F7F0E6F6FFF900F6040400125F
:10519000FFE6031506F2FE0E1DF6FDE3FC2918FFDF
:1051A00003F408FF02FFFC2EFA1602FC1EF7FBF7C1
:1051B000F7F5F6E30F10FBF1031803050501FCF208
:1051C000F4F7FD1706ED00EFFFE80B070B03F5F80A
:1051D000FE0CFE100300F807FD080305FC02FF109B
:1051E0000E05F5DF110606EDF21305F001FA04ECE9
:1051F000FA0F0E03170308F1FC031012FDC608F3A3
:10520000EB04FE06FFF606EC09F10BE51EFD0F129E
:10521000E10A17E6D401E217E906EFF3020300FE04
:10522000FF0204EB09F8F522EE0F1EEBBFD0BAE83F
:10523000E500E6FDFE00F70BF809FBEC01F90916A5
:105240000B0A04E8CFEFE80B08DBF4FAFDFCF7EFFC
:1052500001E903FFF300FFF0FEFDE9FEF4E516F8B7
:1052600009F402FD03FEEFF404FC0312FAF5F5E67F
:1052700004FB1106FA0018FCD6CF090BF900FB0E4F
:10528000FBFE0216E60801EE080BF90C0BFA070408
:10529000EEF5F8FC05FD0914FA0B03EDEB10FFF435
:1052A00000F100F6FF09FB04ECE1FCF4FDF9FAFF64
:1052B00001F8FD02FA0C010003F2000F00E2F90D03
:1052C0000508F7FFFAFD0DFC021A0610E3FEF90AC5
:1052D00014F3E62CF5E4051708480DF6FA04FE1160
:1052E00001F9F9F21301F3FC00F7E901F81A0D06D0
:1052F000FBEC0BFFFAF808F90CE9FF03FAF3F005F1
:10530000F400EA17FC221AECF9F406F1FDFCF600B1
:10531000FFCDFBF4F706FCFF1407FF1A1215F9FF87
:10532000EA030602FB08FE06F7E803030703021E72
:1053300005FEE918F9150AEE0CFE0200030A07FA49
:10534000FDFF06F512030610E9F8F9FAFA0FFA065E
:10535000DBF8FFFCFEFF06FDF303000A0EF9040B69
:10536000E9FF08001907D7D10F05FEFB0507031A4F
:10537000FBEA0C0304F30212FAFFF81B0827E30010
:10538000EF06F503FA0AF827FF13FA0D0BF302FEF6
:10539000F7F1E7211F0FF4F805F205FF090702FFF7
:1053A000FB00ED070105000EF7F4FD1729FE04FCD4
:1053B000F6F304FD05FDFFFA061EFD06010605F9DC
:1053C000F4F309F403DDFA182807F70100F9FCE209
:1053D0000223F8F2F30502FDFB03F70F01F8DCFFEF
:1053E00000100FFB0207F9E70805FD01FE1AFC0992
:1053F000FDFFF505E7EFF603F51313FD0E0D0002B3
:10540000FF1B0110FBFA0A0402FDF4EA02FFF5019A
:105410000DDDFE040709080D07F0F90CFCFFFC1672
:10542000F3081CD60BF5F4F605E507FB0B13FDFCA2
:105430000B02F8FE0A06F5FC070607F8FE2DE70347
:10544000F80F160B05120109FCEE21E924FEFEF708
:10545000EF02F4FFF40EF4EDFBF913FD0400FBD4AE
:10546000FF0809F80CFD05FAF812FBF7F9FE1D011B
:105470001A0F06F2FF0301F5FD23FB030EF40901E9
:10548000FAFFF5E80902F60A091805FF07060606FD
:105490000CF901D81A02FF16E7FD0A3301160AEFCC
:1054A000060FEE17000801FD001DF9E905080B04C1
:1054B000F6F9FE0CEB10C6FADB13F2FB06FCFEE776
:1054C000F817090C11F1FEF90411E3020917F806A7
:1054D00009EDFC08F70A020D01EA0901EE01FC05DD
:1054E000E7F6DC09D113ECD21119FF0200F7FF1225
:1054F000F824FAF6F209010E020F19C8FAFAD6FAE0
:1055000007D7F002010D0212FBEC00FE10FE07F9B6
:1055100006F7F6D3F7F7E7F122F91307000BFF03BD
:10552000FCB805000E07EC13F1EE0D0516FBECCEF2
:10553000FBFC0007F90AFD12F7FE0804F3030F0D48
:10554000F6FF14102709D0D9021000FE05F9F7ED77
:1055500005EBEFF0F7FD030814F708F6F8F3DB05A9
:10556000FEE8EE1003120017F1FB0202F4040D0F27
:10557000E900FDF1EDF3DD17203EF5010205F2F53E
:105580000B01FEF911F6F30DFDFAF0F209010BFD26
:10559000091016F7020E08FC00FE0203FDF40407D2
:1055A000F6FBF6FF160405F6FA0701FE020502F403
:1055B00007F002F2F003FFFDFD07F809FFEFDD033E
:1055C000F2E5FFF9080809160AFE09EF1007FC0CBE
:1055D000FC0AFB0CED0BE0FE010CFDFF03FFF603E4
:1055E000010FFCFF090006FF001B0402FCEBFFEEAD
:1055F0000913FD060A0002FE010A040310F70BFB63
:1056000005FB0CFBFDF30F0B03050C07FB0603FC6E
:10561000FE0001100305FFFBF6FC1208FA15E30D6E
:10562000F208F801FFF3F500F91B0811F8F6FFEA9C
:10563000E50509F60005E9E8EE09F20C01F4F904C4
:105640000510F60F01FC06F91410F0E909E5FCF26B
:105650000EFAF600FC09FA0604F9FEF5EFFAFAF87C
:1056600000FB1AF4EAECED1EF108FB0102F1FE0268
:105670000801FFEBF5FF00F6F10314E4FBE9E70591
:105680000EEB0B020FF301FE04FB0CD5F6FF00EB53
:105690000EFC18E6E5D9F7F0F8F8F40400F7EFF49B
:1056A00006F200EDF60F03F5100DF8F401FCEA091F
:1056B000F4E8FEFC0DFCFEFA05F4FDF1FEF8FF0037
:1056C00010F811FBFEEEF41A022803050702050D7F
:1056D000051303F308090205FF060C04F928F7F780
:1056E000D6F509F904FE04F7FCED10E903F600F91C
:1056F000192306081C0A0BF305D4160701F704DA70
:10570000FD2106F4F50A02FA0F072506FAEAFAF473
:10571000111EE903FEF902F202410219F704E8F34F
:10572000161843EBE5EC11F20BEEFFF21205020343
:10573000001305F10602FF040C100617050416FEFF
:105740000C2412F5F80FFB0706E002E804FB03FF48
:10575000010AF3E5152315DEF2F60A040D01FBE05C
:1057600007160FEEF1F3F2E405F709FDFD14F2164A
:1057700019140EF50E0BF9E90926050A0503F512B1
:10578000060CDCC6F907EE0609060301F405020261
:10579000FCFA10FA07FE0202090DFFF20A1505E9EC
:1057A000E6E50A03FDF4F805F50914031BF808F40F
:1057B000FCFD04E10005E411E813F010031216F9F2
:1057C000001507191AFC0F080502EB030E22F20B55
:1057D000FA0A0809F80D0E0804F9100B0102020F6D
:1057E000FB01E9DF041F2BD6F80117F8FAFBFC0FC9
:1057F000FDF702F006F1FC0AF8EA23EDF205F009E4
:10580000D304FDFEFCF7010AFFF116E103050312C4
:105810000E090EDBE4F4B715F6F6E802FE0DF80209
:10582000FDF5090214FB0000EC1108F5F7E0D2E9E0
:10583000E3F9FB06F00301EF03F5FAF407F60E0FA8
:10584000F90A0A0BFFF612EC1CF7FBF3FE0404E363
:1058500001080507FC0402F2F3FAF80405DCF3186A
:105860000919E701FE0DFEF6030B06160E04FEFFF6
:10587000E8F8F90BEE19E60D0C280004F907FD0015
:1058800006E6070502FB0507E9FAD7F3EC37FCEF5C
:10589000EDAC1A10FFFFFC0A08EE03F8FEEFFE1055
:1058A000ECF8FD16050FE0EDEBE0FFFAF5FDFDFD70
:1058B00003FA06EC0104F11C09EF06E7F00FE30C14
:1058C000EAE4F208100804F904DD08F10C06FA1BFA
:1058D000F505F6FBE7F70102120B05E8FD02FEF500
:1058E0000324043608041803010CF4FA11DEEEF662
:1058F000011D030203F403F2021A0B1D03FF10FA49
:10590000FAEA21F01EE3F0FDFFF314EE01FFFCF6CE
:10591000F7E903F7090D02E401FC0114FE1205FE8C
:10592000F8F5F2FBF10D030FFC15FD0F08000AF668
:10593000EEFAEDDF03F51AEFEDFC0DF5F700FE08CA
:105940000808FAF6E9F7F8FAF707E7E803F9F5FACD
:10595000F0ED0BFBFDEC09FA03F5FFEFE700F4FDBA
:10596000F5FFF5C802DCED070A0E000000FFFCFCA5
:10597000F8F21002FE0803F21009FB0E0216F9FD00
:105980002010FFFDF5FEF7FC02F50111200E0AF7CD
:1059900005EBEB07FAFE2EE207060F010004F80103
:1059A000FCEB0B1A0F08FFF90C0A10E907F0DEF9FF
:1059B000F0F8F2FC04FB070E04EFF1FFFD01F6F234
:1059C00007F8260405FEDDDCFBD801FEFBFBFAF040
:1059D00008F000E3F5FBF4DEF7FDE4FAF3F408F574
:1059E000F8F11104FB0100F4F7EAF9F9ECF904EB22
:1059F0000AF00C1FFFFEE606DDDD09F504FDFE03DF
:105A00001015F2FEEE0900E30003081DF7F7D9FDBB
:105A1000F407EC0AFDF505FEFCF50216FEFA070197
:105A200015FF08FEE0F70F17FD05FA01FDF106F07E
:105A3000F6EFFB06F1FBFAFDEA01FA09F807FF0BA6
:105A400003160D020803F5F00417F6F6FDFBF6FC4D
:105A5000F206FF0702E7EE13FF0FF2F6FEF1FA017E
:105A600008FF0BDAEFFAF40D0D04060F01ED0AF64C
:105A7000F2F9FEF903F50603FDFAFCEC0AFBFC0C57
:105A8000FD031D120211F930F709FC06EB0202F7C3
:105A9000F902F100F806F90105080CE6F2F8F10048
:105AA000090109FCFCF303F1FC0DF4F8F105FD0319
:105AB000180AFBEDF9F308FAF6EAFC0602EF05F81E
:105AC000000B0006F6FD01F9FBFEF20307ECFA0BF2
:105AD000EFFAF50200F8FF010C12F712FA080704BA
:105AE00003F805F4D0EFFC18F1F6F402F901EFF138
:105AF000FC05F8FB0C01010B080CF8F7F70914037F
:105B0000DC100303FEF4F803F316F4F3EC05FEFDDA
:105B100018FDF7F91FF83801EBFDE8F6FF04F4F97A
:105B2000F4E000E9100800F40708FCF804F13F2451
:105B300002F7F2FAF502F6EEFEF505F7FBFA0403BA
:105B4000EDF702FAEAF91C0FFB0207FAF2FFFB0776
:105B500001F3F90A06F5FE010502EF021BFA270719
:105B6000FD0EF501FAF6FEFFFB02013613F8070BF6
:105B70000BFB00160B110804EB02F60603FB081FD3
:105B800000FC00F215F500FC14030512101609F1D3
:105B90000CE604F70103070503F308EF02F60AF326
:105BA0000305FB05E8EEE5FA14E8FEFDF8FD06083E
:105BB00000FEEA06F4FEFA0EF6F101EEF7B7250351
:105BC00014D7030700F804EA0203E2F8F7FEFE0A1E
:105BD000FF0213FEF8D0CE23081DF90406F50005D8
:105BE000030A0BF3FB050A04110A20040D02FB1B38
:105BF00009280800FCFBFAFBFFF603FDF60805F296
:105C0000050BF4261204FE11F90B01F502E600E47F
:105C1000FFFEF302E4100002EEF4F6DCF9CE0B1105
:105C200025F7FAFDFFF7FE0A0424FB15E9F6F4F464
:105C3000FE0507FFEBE2F41A12F1070105FEF8FE7C
:105C4000FDF1F5F00300FC03050AF9FDFF040A036A
:105C500015F91306F9FA0CF200F106F4F60DFEFE42
:105C600002F9FE000F0108F8F9FBFF01FCF001DC6E
:105C7000080103F5F8F7FD06F9FD0422F4D80B013D
:105C8000FA11ED070A1000FD0404FD01F80703F9FD
:105C9000FB0C1305F1FA00161103FCF8FD00F4EEFD
:105CA000FB18F8F10D0706050701F5F4F6F90116E2
:105CB000DF07060305090B05010AFD0B09FFEF03CA
:105CC000FCF7F3F3E8F21506FAFAFD030E0503F804
:105CD0000816F005F9FFFC02F2FD02FAFFE7E60CF8
:105CE0000B37EF070406F2F7FE0B0B2D1E03F4072C
:105CF000F9EDEFEBE70AED0B1B47F0EE0211FBFAB3
:105D0000FA050E1010040D14F6FBC9FBDF1908FD8F
:105D100010EE2AF70B0AFAF6F8E4FAE00201021193
:105D2000F4EFDBF907FF00FDE6BA02090101FD0807
:105D30000904FEE50101F60306F202D6010DE2FFB9
:105D40000BE5E600FE13F3F809F60CEF17FCFF0372
:105D5000120D02FCD4FDF4FD08F1F6050107F4155F
:105D6000FD02F70B0D08070AFE02FAF2FAF3F9F743
:105D7000EC3E110503FAFE00FFF804FC06FA0BF1F5
:105D80000204191A0EF3FDF406E9050DF60A05FAE8
:105D900008EC060EFCFCF5E50BF3F714ED16EDFC34
:105DA0000905FBFF05FE07FB00FEF810F60B04E8F3
:105DB000F5020C050BD7FEF2EB00F003FC09030C17
:105DC000FF18FC08F8FDFDFFFF03E60000E5DEF329
:105DD0002204040E0AFBFBFDFBFE00E7E9FD00FFC9
:105DE000010412E614E0F018F60BF6FB040700FCC1
:105DF000FE12FD0403EF12F7F1FFE1FEEFE40A03E8
:105E0000E404F5FF0AFB00EEFD07EFFAF3FD0401E1
:105E1000EDFF19E6EDEFFFFBE700F40904060416B9
:105E2000FA00F8F9FAE9F7040E0510E2D4DFE10C04
:105E3000E0EDEC00F6F3FC28F1FC06F8FCFFF9EFCE
:105E40000CFCFFF0E2FECC091AF60001050AFFFB8C
:105E500009F107F6EC04F8EAFE04140DFED6D209A7
:105E6000FAFDF5090EFA0014030CFC030A0F09F7FA
:105E7000020605F8E6E3CE0F224108FD00F405F422
:105E8000060402070409FAF90211FE1006E81001DF
:105E900008F01601FCFF010E07FF09020CFD0AF1D4
:105EA000F5110508FB080106ED0B11000800FF02C3
:105EB000F707F5E100F7F00E01FFF802FCF8DA054C
:105EC000F8ECF0FAFDFA001DF4EBFAEE0613FDF81B
:105ED0000601F005041BEDFF00C806FE0D0DFEEFE8
:105EE000F01505FAEE00FBF61105FDFD1DE5F4EBDE
:105EF0002F080603F2000BFBFC0F0C0407FC07FC49
:105F0000FCFB17F1F7EF0C1AFD05F80A09FEF9FD85
:105F1000FFF6F61A26FF0BE9F5F2F5EBFD03F70C99
:105F200003EFE3F103FE0D12150E040712EE01FB61
:105F3000010E1501F9182C01E607F7F80C03F4021D
:105F4000FE04F107F0000119FF0EFCEC0FDBEEED93
:105F5000FA0AF7FD05FD09FC0500F705F7FFFC034C
:105F6000000C12EFE8081B3EE80508FDF5F7F8FA0B
:105F7000091203F7F40405FEFD05FCF3FAE7F1F856
:105F8000F5F4FE0313EEF9FEFF0EFBE3F10403024A
:105F9000130F24E9F3EEEFFAE803050EFBF5FE100C
:105FA000FFF3F6EAFA0605FA0E02F7F9EBFC000732
:105FB000FAEDFDFF0203FFF105FA05EE0508F80C06
:105FC0000A000CF5EE010325EAF005FAFF00030EC6
:105FD00001F4FEEB1004F6FFFA070BE7011DE3F1F5
:105FE000EEFA0401EEFF030006F0062015FBF2EEC8
:105FF0000B06ED010B22F8F8224D0709F5F9050013
:10600000FC07FDF5F6FEF8F707FC19E81318010286
:106010000C61FB1005FDFBFA0B31FA07FD05FB08CF
:106020000C0915DBF7FDEFF80A1A10FD000209153F
:10603000FAFDFDFC0CFCFCFD11042010011507FF0E
:1060400000180905FE0105F9FCF605F9F20F0E002E
:10605000010909F607D5F2E5EDF5F6FAFCF90C06AB
:10606000FF15FEE7FFFDF50C12F10DFBDD03FB2232
:1060700004F500F9F60205F501F403F3EC09E60076
:10608000FC05F1ECD6F613F909FFFBFF08FBFE0A4D
:10609000F704FEE8E8FFF60BF6000FFEF9EE17F442
:1060A0000CF3160106EE04F4F502FBF6F4FC01FA1B
:1060B0000F011BE900F5BE0F17FB05080902FCF1F3
:1060C000F6EF000D0BFF02DF16FF08061116F1FDBB
:1060D000FE0BF506F80802F802EBFA120F010303B3
:1060E0000500E4101A2909FB130507FAFB0000F468
:1060F000F704F9FB17F9FCFFF903FE10F0D3EBEFFF
:10610000E3F3FCFEFCFBF3F700F70FE40700F602F5
:10611000F10401F0F208BC21E603E903F906FDFEF3
:106120000BF1F6E01EFEF9FFF1F9FB03E5EBFA07D0
:10613000FDFDEC02F4F204F0FDF0F5E70BFBFD19B8
:10614000FDF4EAF7F5F6120D1819F1F3FEFA001353
:10615000FCF301180D040C0AF5F2EAED11F652F009
:10616000F4FBE7FA03FC0607F7E9FC23FBF1FFF178
:10617000FDFAFAFB041919FD1003F9010CF70022CE
:106180000801F8030BF302FA0CFE1709111FE600D1
:10619000F2E7F401F3FA0AF7F9F9F5E9FE0602ED80
:1061A000030C1AF20202C3F8FFE4FCF4FDF505F15A
:1061B00001FFF414FEFF0005EBF4FBFAF6C217F939
:1061C000FE0F000401F102FE070AF90BEA05F608CA
:1061D000ED01F70DF2F8EC2204FEFA0207F90004D3
:1061E0000400F503F203FAF40C07F9FC09F9F611BF
:1061F000F1F2FEFB01F402EA04F90609F806F5E6FD
:1062000005FE0F15FCEBFC0FFD01F7FCFFFD01D2B5
:10621000FDF7F7F5F3FEFF0705F3F2FCECE91401D7
:106220000C09100BF1FC0F070002F8F5F9F7F50F58
:1062300005F7FCFAF2060C1015F912F30503010339
:106240000212FCF200F7F00E0C03E4FDF90BFC1354
:10625000160F0801FC0504EFF8F8F706FF0DEAF742
:1062600001F20211FFFE061C110D08FEFEEEF7DD25
:1062700007010AF7FEFDF71BF4F6021B03EC0AFD0B
:10628000F50AF9050904FE100212FD14FD07020AC1
:10629000FF080B2C0502F905FE0BF6FDFB09F7F0D4
:1062A00001070A020BFE00FC1301EF05090B0E0BA0
:1062B0001604FDF9FC050700FC02FCF808FCF70CCD
:1062C000FBEF04F1FC0C1907F403FF08FE020AF0CF
:1062D000041A0CEDFD06FAE906FD061502F8EDFCC0
:1062E000D51009FE12F6050EFD0E020DFDFEFCFF97
:1062F00007FBFDF8F803F61321F300F8F7FF04F2AB
:10630000020AF902F2FEE40E060AF9F4E40AF407BE
:106310000F0EF9FFF603080601F600F402F5F5FB8F
:1063200007FC0311F4160901F5F3F501F1EF06017D
:10633000FB0403F5F705FD0A090B00EF05E4DF1880
:10634000EDDDFC05040AFEF9F802EDFCFB09F60C94
:10635000070508F401F306F9FF09FCFB0A0301F441
:1063600000F803EF0E0E09FB0208FE05F3F50A0D17
:10637000071108050EFD0219FCFDF9000405F808D7
:10638000F00FF90C0016EBFF0BFAFAFC12EE000905
:1063900001FB07FDFA05FFF91F12F2D9061EDFFA0D
:1063A000F5F5FA0CFAEB09F9F3FC03F4FFFBF4EF53
:1063B000FEF303F70AEFFAF8270FFE0302F2F2EDFD
:1063C00015FE010D020206F7EFFBF311EBFA09FDD2
:1063D0002502FF09170A0207FF1B091102FB01F042
:1063E000F3FDF503F5F3F7FF09F902F9FFF7071BD2
:1063F0000AECF20E070CFFF60EFEF7FC0B0F0B007B
:106400000702010804FE0AF9F0EDFA090311040677
:1064100009FDFF07011711E8120F04090A00FEF732
:10642000F503FA0AFEFDF10B0FED02FD050718FC5E
:10643000F4080AFDF50902F7FD080817F904F7FD4D
:106440000FF5F9FC09F20B05F1F704FD020000F667
:10645000FC0E000AF90900FFFFFA02F703FD020330
:10646000130002FB0206070100FC020912F801FCFE
:10647000F7F7F8FB00FF02F913FAFAF9020700F345
:10648000F5FD03FFF7FE0503F90801050707F9FC11
:10649000FDFD09FBFF02FF07030402FBFE00FDF9FF
:1064A0000500060606FFF300FC0101050AF3FDFBEB
:1064B00006FEF5FC0705FB08080007FD03FDF80ACA
:1064C00011F7F9FCFB0BFD0A01FAFE0209FEFE01C1
:1064D000030407FAFC01FC04FF1B00FCFF0901F8A0
:1064E0000205000B08FF070505FFF7F90305FB028E
:1064F000000AFBF80300FE02F901FD0404F9FAFDAD
:10650000F5FA06F011F2FE08FFFE0A0007FB03EBA6
:10651000FDFB0602FD07FFF8F9FCF9FCFBFAF906A2
:10652000F4FD0303020204030BFF0A0AF702FB0453
:1065300001FAF7F0FB080BFA0CFDF4F4FCFDF7FF91
:1065400002F0F9FA0205F9FFFBFBFDF50403FCFB81
:10655000F9FDFAFCFD0607FE01F0FDFEF90CFE0C4C
:1065600004FDFEFCF701F9FC1D0DEFFB000104FA30
:10657000FF0006F5110006F610FDFAFCFA0C060302
:106580000FFC01FD040401F909EC07FE0AFBF7FE0C
:10659000FCFDEEFC05F90CFD0403FCF5FE0302FF17
:1065A000F703F2FE050004FBFF03FA030504F6F906
:1065B00011FB0702FB0104F6FDFAFDFF0507FDF9DB
:1065C000FEFE080108FFED002108F907FFFBFD01B1
:1065D000FC070612F2FBFC1A03FAE319FEFB290B77
:1065E0001D0A06FA0005FC00090300FFFC02010277
:1065F000EE04F9FDF3FB03FAF7EB0E0608FD0112BA
:10660000FDE906F106010DF0F7F6F5000E13E3F2D1
:10661000F8D10602F8FC00FD04FEFEFCF7F8F7FCDA
:10662000010E200333FBB7E2FD1EF801030307FB55
:10663000040500FC0AF3F61B04F7FCF6F605F5FE6C
:10664000041FEC05FF07F810FB11FF0209FAF7160B
:10665000F7F1F2F0EA0BD402040112F3011105FD87
:10666000FB21030F05F101ECFC0A07EE081ADC0C14
:1066700026FA0B06F8FDF8F5FC1EFF15F50904F1E6
:10668000080EF9ED12F4F10301F701F501FF08EE30
:10669000030A06F606040A02F800FD1BFA0EFBF9CF
:1066A0003007FA020509F408021F05FA10F901087B
:1066B0000F06FEF8F507F40714020208FEF9FEFCC7
:1066C000090FFEF907FEFFE9F512EFFCF81E15FFB2
:1066D000F800FF08060206031000FBFCF2FEFBF9BF
:1066E000EFF9F2FC0409E2DF0516060C04F10203DF
:1066F000040403E9ED08F602120211F00FFADB01BF
:106700000C02000B030D03FD03F80CFA08F508F268
:1067100008FBEEE501F2F2FA110118F5FE1707FD8C
:10672000FB06FE2C0D0004F6FDF8F7F006FBE5E194
:1067300002FF0804FEF8FC00FE22FD14F60A0A0A15
:10674000F002F60D0C00DFFAE41009F5FC05FFF18C
:10675000FF0EFEF10206FB0AFF042A0A00F7C20838
:106760002000EF0FED1103E303F702E60602051E1A
:10677000F80AD826EF15EEFF141108F5F20B05FE06
:106780000FEAF407F6FEFE08F7F1DB1DF811160A12
:10679000F3270AF0F009F60100E00211FE05F9FD09
:1067A000E1F0D30AF10D1AFEF2E50D07FE0BFCFC39
:1067B00007FC0804040306EFF2031704FA24D709C0
:1067C000DABFECF6FB0FF4F503EA0EFF05FF060354
:1067D000FFF3FFED101814EEEDDEE4FEFBFCF31A00
:1067E000FFCBFAEF0DFF0C3AF4EB0F0B00F10BF8B7
:1067F000C1E8F406FB07022A04D403D80DFA101CE2
:10680000030B01160A0144FBFCEDF30D0105070221
:1068100000F80714120708EE040ED6F502FB1B025F
:10682000F0F11D00FB0208EC07E2F80EEEFA0BFF98
:10683000EBEEFCF80B0B10F016DD1C0215F2010359
:1068400008EFFEFAE00604FEFFFF1607FCE7F7FF7D
:10685000EFFAFA02FCF20E03EBFF0DF4EBF40AD8A8
:106860001923171507D8EC19FEDDECFFFD081108F8
:1068700010DCF5081300FE1EF9F5E111FEFE200FF5
:106880000802040406F6FCE009F204EEEF0706161F
:10689000050A011207F60600FD000304040405E5DD
:1068A000F50EF5D501F2040AFE01FB1BF8DFFC0E24
:1068B000EE03FBF702F7ECFA02F306F9F0FC08032B
:1068C0002606F70604EC14133243EAEFFC0704F43F
:1068D000FA000021FC01FC0DF900D71B010541ED78
:1068E000FD09FB02030EFB18FFE0FE07FCF20A099C
:1068F000EAFBEF080D28E6EEE7EA0600FEFF0900D6
:1069000008D916F310020B0EF4F50007181FDCF07F
:1069100001DD0007FCF5022A06F70FFB04FB0E1150
:10692000FF0F181C2A0CB5EB121CF7F600000DF037
:10693000FDF6F90607F9F91D00E80413F3E6D9009E
:10694000052BFCFDFD02001AFA10FE0111070017CD
:10695000F5F3DDE8F321F507020515F408F7FD0668
:10696000FF0307FE01FCFCE402130F170A0316EFF6
:10697000FFD802070EEBFD04F81BFF1502FC04D044
:10698000FD0418FB19DDDE0FF5010D06FD0402F60E
:10699000F71B04EFE4070015FC070AE803E1CF0A40
:1069A00036F9E504FD01FEFC040408EE12FDFE12BA
:1069B000320ADFE801FF160B15F406030106FFFC9F
:1069C0000231070706FFF9FAFFFFEEFFEE0026FD92
:1069D0000F15E7080000050A0718FD090BF9FEF17D
:1069E0000C13FCF3D90006FEF6F70005F8070503C3
:1069F000071004FCEF0BFDF21F0504EE0F0AE2F393
:106A0000F6F608FF030805F2F8D50D080F05020693
:106A10000FFBE40B140520EE0B140DF2080700D950
:106A2000F20B04F300FB0A060EF6E91E24FD2BE32D
:106A3000400F07F0F807EFF9FE21FC1209FFFB02F7
:106A4000FEF8ED0AF0F21FFF15F3FBF4FEF7FBE88A
:106A500001D0F9E90BFF01F6F80FFADB02EC17F7AA
:106A600037FE070DFCF5FEFDF1FAFE1519FEFAEBF7
:106A7000FD000CE108DB14FFF2E1000105F900F66E
:106A8000F80FF014FEF204D50A08FCFD09F40C041A
:106A9000F418F6FCFE0405DE041B011CF30DF9E3FB
:106AA000FCF1FCD3DFF1112EEDEE14F202FC050037
:106AB000FC00031FF4060900EBF3FEDE06DB11F712
:106AC000082CF804FDFBFE2503140402DE0AF8F787
:106AD00001F52706F2E5F8230119DE04F9FCFA0EA8
:106AE000FC06F0FF06F5FF022EFEE3FB112A07026B
:106AF000E4DB050105F7F9E104D80FF4F9FDEA0636
:106B0000F4F6CA0EEA0B03FBF0FC0DF900FDFCEDF8
:106B100008D5FF02F9FAFEFBFCFDF624140133FA56
:106B2000ECE0FA060003FE1401F6F6160BFDFDF785
:106B3000E5F51016FB0500F505F903FAF608071D43
:106B4000F6C0FAF608F70B12FF0911E60716110353
:106B5000F6E8F61600F40CFA07E4FEFB06F80B0F55
:106B60000005F9291109DC144FFE05FCF90200F6B5
:106B7000FDD6040112F4FE12FDEFF234ED1129F9F5
:106B800025090AFE0AFE00E60D160413FD01040C99
:106B9000FAF4FA2CF5F421F5060318F3F9EB08F8EA
:106BA000EC12FE16F10C10FE07F7091F130119264F
:106BB000ED030EEB04FEF4F3FE19FD03E702FEE61F
:106BC000FCFA00FF1EEFEDF203FBF9FF100A08EAE2
:106BD000FAF20809F307FD0303F8EDDFFFFDFAFE03
:106BE000430FEE080504F719FFECF61E06FDF8F852
:106BF000EDFB00CFFBD514EEEFFFF90B0D01F9F71C
:106C0000F312FA230EF7FAEFFBF9F8F4FF0410067B
:106C1000F4D7FDF3FE06FBE4FDFDFB05F201F70DE5
:106C2000FAE60EDDE301192AE8BC02FCFE12062496
:106C300006E6F4F80810081FF3E8DFD4E9070AFABB
:106C4000E6D0E008010D043AFAFD0B0EEC11010C40
:106C5000FAFF13F3F1E5F9F7FB1DE21101130B1B2A
:106C6000FE0F000D03F4FEFB1D12CDFD0A04E3E54B
:106C70000902F40FF001FBDF04F4F814010FEE0336
:106C8000F5F4E0E6FEEB221811FB0404F9FE04E241
:106C900003DCF82510080BDBF202EC30090444E5B4
:106CA000DCD2FEF71104F309FEF5071C0F0400F215
:106CB000EAF4FAF2F60D23F7EAE40C0E0906F314EF
:106CC00005D7FDF704E701F5F10E0D00F70D0BF701
:106CD000E6E4E707F9FE08F50AC2F3F5FA00FEFC60
:106CE00009131328EB1BF8174901FF09F108FCD918
:106CF0000DC8F7092206ED1E1BEFF33D053210EE1D
:106D0000320A1AFC0A0AF7E61101FC02F7FD0DFD32
:106D1000F5FF013BEDE81604070D1603050300F22D
:106D2000EFF9F91CE90015EFF601200E2A101520E5
:106D3000D30F02060802FAED01F9FD21F70104F66E
:106D400009FA25FA27030C03EAEF020600F7FEEE24
:106D5000060AFFF80602FD03FE0A11F5FBF6EF0531
:106D60000F0303FD0BFEEB02FBF902FFF9F7FF1027
:106D70000205FEE4DF01ED09D6F50D00F10204077E
:106D8000FBFA02E4DDFFFBFFFA0A0D0611D0FA025E
:106D9000F4B6FB0600040C0400F80EFE0A02FF0B1A
:106DA00001FA11DF11DCE5F20AD7FB02110DF3FB4A
:106DB00000F40109080202F605F704080520E8FEC0
:106DC000F5F709020908001C0503F31F13FC00EE88
:106DD000EC00F30FF40E0AFCF7F009060504FCFAC8
:106DE000080C0CFCF6F0FCE1FB030404FCD3FFEF01
:106DF000E30BEF0409F5F6F2FB0BFCF3FFF7F0E908
:106E00000F0015FCEEEE002F010CF80200FC05F25D
:106E1000FA00FF01F800FD03F2FA0819F9F325085A
:106E2000F10818FF06FFFEFAFB1BFFF8FA02020F3B
:106E3000F002181505DC01081C00F3FCFBF703FC4D
:106E4000FA29FC0ADE09FD000A21ECF016DBFB033F
:106E500017E8F8F5FE1506F00303FB05EF17F3EE50
:106E60000AFA0102DFE2141B081301FFF90303EA27
:106E7000FE28FF0FFD01F90A07FC06F10AEEF60DE8
:106E800006FC030605FDFF07F507F5F8EDF9F8F236
:106E9000100220F6E715DE0C1601F5F80001091EB8
:106EA00003EA06F70504F0F0180609F8F853EE0AAD
:106EB0003D2A100D0611FFF7FEF705130906EBFE3C
:106EC0000807E4243F1FFDC4EDD2FCFD0503F8FED6
:106ED00008FAF6F3FBFF050001F51B03EED507FDED
:106EE000C6E71F080CEE020001070DF8D918FCEDEB
:106EF0000205F6110CE6F406F5ED0407FBFEFC2096
:106F0000F0FB100AEBFBFE13080A210A05EEF3EF73
:106F1000D6BEE0F6FEFAFC0DF800F7EA020406F42D
:106F2000041E07EC00D6F5E8F740000A2109FDFC35
:106F3000FE27FB08F50E00FE0700F92AF5E501150E
:106F400006FA1AF303F3F8EA0AFE00F7FA04F6F970
:106F5000FB01E51B1DFB02FDF2D125FB02F308FA44
:106F6000F7E206E9E50B07FAFDFC21FC0BE8DFFA86
:106F7000D1C1F10812F80809F91A03FBFBFFF9F275
:106F80002F11FDF921E1DDF0F700ECFBFE0A05FF12
:106F900010100DF710F00510E1FDFD1DEE07FC02CD
:106FA000000A0F04FE0CF8FCF5E4190C19F3F01CB0
:106FB000FCF9DAEC0B3216FFDE060E0702F801FCD4
:106FC000FF15FB07EE050A05ECEF1E23FF17E9F995
:106FD000011AE7FEFBFE0316F207F9FD0601EEFCBF
:106FE0000BEF0DD0FE1B19F8DFF1E308F70E051CBF
:106FF000001BF8FCF60D170704F108DD0AF00AF192
:10700000D808FBFF000402EDFF0CF3E6DBFC11F4F3
:10701000F30EFFF811E41209FE0003F700F5F50B7B
:10702000030D0FFE0302000106FB09E7FD09D9026B
:10703000EDF7ECFC050AFD3B0BE00DF5010E10052C
:107040000BFC0FF3FA2CFD10DEDAF70405F4060949
:10705000F710FEFEE703FAF7EBEC0E01EFD7CB1CBF
:10706000E7D9F2F5000AF9EC04F80DF6E90CF8F6A8
:1070700008040FF3F4D7C0131B19FAF90BFC04F73B
:10708000F6FD0EF9FC170BEF060B13111202FE11A1
:107090000FDD1F1402090EF2080302F50FFF11F6AF
:1070A000FB13F7F6FC11EEECFAF5FC09FE0C010FF0
:1070B000070807E10C02F90D05F6EE07031FCA09E0
:1070C000DAE0FA0DFE0D150C01F0FFE5130B010BD4
:1070D000FB00F604F01CE10AFFDB0FF7080002EDED
:1070E000F42A1008F306FCFB080605F725EBEBEF86
:1070F000121CF8F0F907FBD9FD1B0826FF0B0DF356
:10710000F4F31AE826DD06FCFA0B0AF20503FB0489
:107110000B0E13FD0C0907F8EBF10C15FD13080914
:10712000D50EE3FEFF050822F313FE141B0400E254
:10713000F106E6F2F20DFEFBF9F1E9FC020B0A2082
:10714000060E08F4DEEF0A02F90EE8E80BFAFDE895
:1071500000EEF6FA0505FEECFBFC06F0070003FC6A
:10716000F5F701D7FBFDFA19CC05F802F60E04007D
:10717000F31C07F2F6030FF8FD0D16D7F004CD0748
:1071800007E0FB0104F8F907FEE008E4FEFD00F566
:107190000D0A26D0C9EBDC06F4FEF300F511FD3133
:1071A00005CB0307F2F710F701220FE6F9F6E6F731
:1071B000DAEB02030900FEEEFEF201E60EF6040A27
:1071C000090105F706E5F6FD08E5F9F7FFF305EF18
:1071D000FF25FA13F30701E90BFB00EFF4E9E106E1
:1071E0002011EA10F705FEE5F7190B1BF906F8E880
:1071F0000EFE03FEF5FCFC13282706FDFE07FED855
:10720000F515FF28000BF6FB00F9ECF1C306171388
:10721000032213FB010605F608F7FF19FDFF010124
:10722000EDF8D501E2095507F9ECF2FDFD0402FB8A
:1072300006FE06E602FEFF0CFEFAFCDFF611D7FEA4
:10724000073000F7FB0503EDFCF50202FA03030526
:107250000311F9F0F8FFF9F708130003FBFEF5E05E
:10726000FEE902100C0BF32B0100DC03F8FA050A0F
:1072700006081608F6F708FB02DA03ED0B07F826F6
:10728000FEF3E8200BFC38F900F6F6030A06F916BF
:10729000FFF707F71FFEFAEFF6F809F8FC23EDF702
:1072A000E516EC0DF90804F80602F40B000E00F8E0
:1072B000EEFB06F0FE08EAEAEE0DEE07FBFEFFFD30
:1072C00006120A0A1AFCFE0DFBFFE6030E04FDF986
:1072D00008FA040CFDFDFB0BF8E0FAE2F2F8F9FA0B
:1072E0000502030D0CFBF1F6F908FD080EF5060D7D
:1072F000050BFDF121010D0B00FDFAFCF40CF10072
:10730000F1F3FDF5070303050913FB09F4FD0FF580
:107310000305E7F3F5FDF2E208F3EF05EDFFF511E4
:10732000F0EF010504030007EA0000FA11F4F2018E
:10733000F2FAFD05FFFBF60FFBF1F40AF102F6FC91
:10734000FFF91C0B0C03D4FCEB0B010AF613FD0137
:10735000F5F001E8090002FA0E00FEFF0F0EFEF73D
:10736000FB0EF7F80104FEEFFCE8060A0C03080127
:10737000F2ECD614011D1C093B410103F40E04F884
:10738000FCF5F7181BFE0B09F4FBEAFFFA260BFCD1
:1073900007141D000712F3F010F3F6EE06070106BE
:1073A000F2FBF7051110F5F3010FFBFA00F906FFE8
:1073B000FAF4F7180EF9040A040D16F0030125F08B
:1073C000EAF006FBFDF9F5ECF9E304FF100A0612FA
:1073D00004FF1601D5F80EFEF91BEC0502F809189A
:1073E000FA0BFF00060F041800FB03EDDD0D041E71
:1073F000F02EEE1101FEFEF60AE607E604FA0001A1
:1074000009FFFC1A02FCF3F3F504F6FF01FEF3F5A5
:10741000FC04F0060DF70206FBF9F9FEF709170D5B
:10742000020408FEFDFAFDFB02F1EC13ECF70FFC81
:10743000FBFA0F0814EEF705FCE5FA030F02FA0059
:1074400000020304F9FDFDFE09010702F6ED02F852
:1074500002FDF30101FBFBFA0A0406F100EEFF0353
:107460000BF4060419E7F30ADEF6F8FE05FD05D471
:1074700002FEF2F3F3F6010AE5FBF505E9C806F8AA
:10748000BCF4FBFCF6F002EB01FFF6D6FEF4FB11B8
:10749000000210E6D6CCE10FECF2DE0DF4EF0A02AA
:1074A000000003E00AFAF6FDF7FC09ECB9E4E40891
:1074B000EAF8EEFE040400F702FBE9E603FCFA0436
:1074C0000FF8FBEDC9F0F91F132A05FC000B060DA0
:1074D00005F609FD19FD000802FD0401041CFFFC6E
:1074E00001F403FA0803F20307FEFA0C07FDFF0498
:1074F0000D06082700250D021B020200F0FF0C06F6
:10750000F8FE01FAFDF202F80809100C131803F84E
:10751000142B040504FF0BF90B0606ECEB0706F62B
:10752000110D0610F8F8FAF904EA0E0AF8F5F6114A
:10753000FFF1FF0B0DFCFFF9F7F827F8FE0807FA3B
:107540000044EF1705F40DFD050703071D01FC03BB
:10755000FC080CFD05F0FB06F32CFCFFFB010B17F0
:10756000FDF90EF30FF6020C04FA11FEEB1AED2CE6
:10757000FE0EF8FFF4020DFFF5F70502FE01F91FFC
:107580000501DFFADC065219FF0A02F904FA0503C5
:10759000F80EFAF1F901040B070A0DFAFDEE0800E6
:1075A000DAF70406FF00FCFB0AEA04F7F4EFF7EF52
:1075B000F7FA13F704F7CE17F80301FEFCFF00FDFE
:1075C000FD00FEF6FFF10AE91402F90B07FDE719C9
:1075D000FC00EFF9FD04FA04F8F001FE12FF06FAD0
:1075E00010FBF005081CF0EF02FBFFFDFF07FAF5AA
:1075F00008F9120E0E0BFF06FBEE0218F3E8F90D68
:10760000E00008FAFB0EFFF0FE0604EC06FEF009AF
:10761000F50BF9E9F8E9D614F6FCE90508FE0804CB
:1076200002F1F8E01106F904EFFE04F4E3ECF20CC9
:10763000FDFDE2F3FEFB03EDF8E9FFEA17F3F911B4
:1076400006F1F8FFDAF502FFE6EE0BF907FBF909A0
:10765000F7FCFEE80207FC0C05091FEAFE0EC2005B
:10766000DC06EE00020511E001ED08FD12FCEBFC6A
:107670000C04E4F31D07F3FDE93602F8060AF9F5F8
:1076800014F3FE0C03F107FEFCF4E2D8E5E7351D28
:107690000319E60006FBF7F0030307F2F80C06F601
:1076A00004EDE5CAEDD845FD07E810081005FE0910
:1076B000F903010B00FCF2E3FC110BF90A170BFDB7
:1076C000EEE1F5F2F10202FB06C406FE1DF003F73F
:1076D0000802E8F3190B23ED0BFA06F7180403FE72
:1076E00005C9F5E32B03F321010504150410FBE2A2
:1076F000EABF0209F3030A0EF7D112F3EBFEFC0A0C
:10770000F605E607F326EDFE0FFC07F404FE01FE86
:1077100006FD0604060B0AFAEDFAFC03EEDB4DFF4C
:10772000FD08010B0D0204E9F0DD0012ECF605F096
:10773000EBF1EF21FC18F702FFEF1A00FE0405F150
:10774000F6D209E8021D16020AF71E1EFEFEEE0F13
:10775000FE01FE08FA14050D10F8F8EE2EFB0AEEF5
:1077600018070022F3060FEBF2ECFAF8EE0413E52B
:1077700000E5F309F7F4062BFAF9EB00F8FC0E0527
:107780000918FE070A0EFBE103DCFF02FEF9FBF419
:10779000F0F6F5FD19FAF00E150402E703FE0FE608
:1077A000F41E02FBFD0D0905F204FF150806F20D9B
:1077B000130E0102FF0A07E70CFBFDFAFBFE09F6B8
:1077C00003FD151AF2EBE7D3240EFAFB09FC0807B8
:1077D0000208FCFA00EF0A0507FC1E09F107D304B2
:1077E000F114000803FD0205FF0F05D90E01F4177F
:1077F000F9FB051B0108D202EE34ED05FA0D020774
:1078000008FBFF010F10FB0901FCE81A020102F15D
:10781000F053EEFA11FAFF150FF8FD0E1000051FD8
:10782000FC02ECD3F11317EA19E40406F602F9F5A9
:10783000F51005FCFA14FFE808FA1FF7F404EEFF50
:10784000F5E00C0300F9F70304050502FB02FEF561
:10785000F7F902030AF1E201EBC510F8F704FE1D87
:107860000ADD07F319050013EEFA21EFDFFD00FE34
:10787000EECEF60A0A09051EFFFDF6F8ECF70C0835
:107880000F260D06FF03F7FC0B02FAFDFCFB01E4DB
:107890000613FE06ED02F8F70810030E00F0F600DE
:1078A00008FA1B0B0D0E05F3FCE609F5E8F8FDEDF3
:1078B000F3FFE9F301EDF3FD01E90700FAF408ED48
:1078C000070C0BF9D9150DE10B1202EF02DDF906D9
:1078D000DBF9F006FD10F60A081FFEFF0A010DE7AE
:1078E000070A0BF3E9E6F2FD18FDFA0BFF0C03079C
:1078F000FB0008FEF101FAFC150EF8FA0209E1019D
:1079000018FE100807FB01E7FB0AFC12FFFAECF176
:107910000C01EC0139F506FEF90106F7FEF811E558
:10792000F509FCF5040609ED0103EA2322FA140621
:107930001B0405FBFE01FEE2ED170702FB0507F342
:107940000406E202FCF1060B10FCFB0908F6FFEB53
:10795000F9FFF706F20FF0E2090A2B02F8D7D50D6E
:1079600014F803080D060F200510FBF0FCFD01F6CE
:10797000FF0313F9FFFBE1FF03FB0F0804FE000DFB
:107980000913FEEBE3EE03010211011810E4F9F80C
:10799000F0BBFAF600000DF7FEF909EC0EF108EE67
:1079A000FB06FB0906E9F4F5FAE70BFDFDFFF4061B
:1079B000F4F6F8F418FBE9FC08FC07ECFCF9E11517
:1079C000DFC9FAF507FFFE0D061BEF02030DEAF40F
:1079D000030DF300F3E808F90AE90208F7F8F021CB
:1079E00000F305EFF40AF7F0160412F204D4E4F9F8
:1079F000F5FEF6FDF5EF09F8FCF501EAEFF703E017
:107A00000EFF17FD20E7E701F7FCFEF6080C080F54
:107A1000EDFFFD0AFEFEF5F2F4F509E5FC10F812A3
:107A2000F1EC0613FB0A0BF707E7F105DB01FE0C8F
:107A30001506DEF71A0A3DE80F020506F6EE0413F6
:107A4000FEFDFAFCD3F8E7F2F6F910DF0FD1ECEB0C
:107A500005F8EB07F8F700EA07FCF5FBF6FD02EB8B
:107A6000121119E716EC0243E0E7EB09FEFF02F9F9
:107A700005F6FD04F70402EEF3FAFBF4F8F72C0028
:107A8000E7E40005FAECF71205F5F5EAF303040460
:107A90000A0216FEECEE160BFD02FB0606EB0820B2
:107AA000FEDF06CFFB02FB0A150E0DFCDB00D40443
:107AB000D7FCEBF8F60AFF1303E503EE0FFFF9EA34
:107AC000100304FFF0FFF909D8C00D0807FEFF11ED
:107AD00000FBF6F310FFFFF4030533D6F401B1F514
:107AE000FE0DF6F804F312E50AFA05EF2B0406FD85
:107AF0000703E9D5FBFB07F2F036EFEA010B04E3DD
:107B00000A01030C05FAF5F2FCF9D1CDD2FE2C0BDB
:107B1000F92EFEEBFA0100E903F105FE010301F97C
:107B2000FAF8D1B7E8D2450E0EE00BF9F9FFFE0DD9
:107B3000040EFE070D02F7EF04060BF2F9FDFB023F
:107B4000EE12F5F6FF09F5F004E00A20F7EC11F467
:107B50000305EDFE1D0114F70D26FDFFF10508FAE2
:107B6000FCD3F7F830F50301FBF90313FA0C09F421
:107B7000F6CB1001110EFEF2FDD3FDE9F307E5058A
:107B80000B05E70D0015EE0CFB020504F9F8FC02ED
:107B90000EE802FEFD0BFEF304F8EE08FAE531FBF9
:107BA000F1080801FFFF05F402DF0A03FE010AF4F1
:107BB000E5EC0011F91201FB21020C0D02070CE5A6
:107BC000FBCAFBEDFBFAFB00FFFD180B091DF020C3
:107BD000F1FBFD09F1EE01120CEAFDED1B010BECCE
:107BE0000C05FD2DEB17F7FBFBEDF0F508FE05FB93
:107BF000FADFFFF2FCFD090CEDEBDBEF00F11EFC00
:107C00002011EFE70B0B01E400D4EB1BF305FD0A99
:107C1000E8060C09010D06F70EF80B09F9EE05EE62
:107C2000FA200F0A110D0206FDF2F217050C1500DD
:107C3000EE090A080CFAF40AF40D02FE02FB060330
:107C400001FB191C040518DC14E60200FDFDFF21F0
:107C5000F9F0FFF9F5FEFF04EEFFFADF0DF716E885
:107C6000F4F7FCFAFDFAF802FFEBFF24FAFD02E557
:107C7000FDFFFAED15F6EFF917B1FC0A000D01FD55
:107C8000FEF60A0EFEFD01FC050206FAF8F70406F0
:107C9000F6CE1CF307FF02EE06F4FBFBFD090C0217
:107CA00007F2EC03FEFF0CF2032502F6FD00030FC2
:107CB00002DBF303F20AF2F7F4F30009F2CE1FEE4F
:107CC00024E8F30205FD0B07FD000507F5FD0101A2
:107CD0001005FA160A00F214182808FE010EF9EE33
:107CE000F81B0811FF03EC0D01FBD9F10C1A010977
:107CF0000B2109FBFF0509DBFDF2000C08FDFB1C55
:107D0000EEF3E014EE060FDFFD0CFD0FFA03F6FBB9
:107D100001EF0BFFF5020401F2080D210CEDFB054C
:107D2000041DF100FD110700011A02080FF20513EE
:107D3000FD08EC07F805F3FAF710F6F9FB0C050758
:107D400004EB00F321000420F1EEEBE4F82C18031F
:107D5000FB060C04F90E00F805F107EB11FDFB1D05
:107D6000E7F20C0C0A0CF7F4F60AFE00FD01081508
:107D70000A03FDF802FAF507F4FEF7140A0406FDFB
:107D800025F8F8FEFE0FFA14FA0CF91406F304E7CE
:107D9000FEF5D7140D1915FB0FF909F6F90106F3D5
:107DA0000A0103230C020CFFF7F3040923FE14FE5F
:107DB0000BF904F90101FDFB0122FB0AFE07FF019B
:107DC000F3021B1012FBE40614EE0600FB0505F59A
:107DD000F316FBEDFAFF080908FD1407F3FDF81D83
:107DE0000D0F0607FDF5FB07052701FD060302053C
:107DF000FE0A1810E30EE10DE8D5FD060404FF00AD
:107E0000FFF311FFFF000014070BEEFE0F0DF30848
:107E10000717FB0502FCFB1A000106F8FF01F8F941
:107E20000800030F1616E711FC060400FEFD04040B
:107E3000010D0AEE010105080BFAFD04F70CFBFE2B
:107E40000902F1FF04FEF4F6FC0A07FE1003F8062F
:107E500005FD0403F0F9E60108BC16FBFB1302E97B
:107E600007F801F9020204F7EF0002ECFAED01F560
:107E7000F7F7100004FB04000E170112FE0903EED1
:107E8000F80D1112EAEEE6FF06080204060006EFFE
:107E9000042104EFF90BFBF6F00923EEF5E7C0151A
:107EA0002A1CE200010407FBFE01020AFB0706FC94
:107EB0000719F3FF06E7020CF710F9FE0A0E02FAA3
:107EC000070F0BFB020903FCF2FB00050907230F58
:107ED000FFFFFAFF0108FC070306FDFE0A00FC078E
:107EE000060C0EF0FC040C11FBEF04F9F304FC0982
:107EF000021CEED6DA0CFCF5180D1FD507F2B80DF2
:107F000021E70105080A04FAFCF30108FAFDF6EE80
:107F100029FFF4E306E6F6F0060611FE060502DB8D
:107F2000FFE70D170610FB09F504F90F20EFFDE040
:107F300004031A040612010B06F90300050600F9F2
:107F4000F803F81BF8F91817EEEB0CF10809FE0A14
:107F50000D1502F9080712E8F514FEF804FC2A05CD
:107F600009F310F1F6EE10F0FB1CE5DD0606FCD37C
:107F70000E021B0C1D1B1E1A15BBFF0E04E30FF295
:107F8000FAFEFCE2E0FAF3DF1B0F26030809FC1EF1
:107F9000E7FAF81304FA1319F70C01E9EFF9F8E41A
:107FA0001A16FD3CECE3FF0E15F409F8F9F0FFECAE
:107FB000F816090EF405FEE3151331080EF3E71564
:107FC000221F0BFEF7FB04D90423FF06EDFEFEEF94
:107FD000FFF3122916FD0A15091B05ED08F503F933
:107FE000FED907DEF605FEFC02FD280CFFF8FD0EAB
:107FF000F8070E0909FB020AF7040CE606FE011455
:10800000FB1E0310021EE509E3FBED01F6FD02076E
:10801000FE1DF4E6EDFBFAFF031711BDF5E2E904DE
:108020000812F907020701F708EF04040302F1261A
:1080300004EA15DEEEEFF52939F605050B0DF1F230
:10804000FD0503FF14FCF817FBEAFF0FF62FF90CF0
:108050001517000A0A10FC030923F21E020F00FA8A
:10806000F202030C0D0FFFD0D4EE0802FB01FC0F4F
:10807000FFFDECE30102F9F7F70418DEFA08E50961
:10808000C9F0F8FE070AFBF70814FF0803F9FAF530
:10809000FE18FDEEFDE8FF06F30AEEF504100BEC0A
:1080A000020F0CFE010808140002E207F3F80FECBF
:1080B000000E04F8FF11F9E7FAFCF91306090F1294
:1080C000E6F4F1F4E10946101906F9FBFFF8041192
:1080D000F619FB00F0FC0E0D0304E90FFCE819088B
:1080E00007F3FFFC030BF902F6FE00FAFE01FBFFAB
:1080F00004F5F1F608EAE6F9F8CAFE05F207030A04
:10810000FCF8061A18EF0EFDFCF804F3011AEF0252
:10811000F0FF01E9FBFD1105FEF10209FCFE030180
:10812000FA0908070808F6F013D0F903F3FFFB0A71
:10813000F011FF06F7FAFF05FF04FAF7FDF9011247
:108140001413FC0302FBFF13031404F7F0FDF6FE07
:10815000F5FAED02F801030D09FB06EFFE0700C575
:10816000F41FFE0C13F2FBF8F9F4E2E7F612FCFC44
:10817000101603F6F6FEFCF31617FF12F617040AA4
:10818000EEFB07F10B0206F8070EFEFA000005E50C
:10819000F104FEFB0105FC0606FC0F16FAF9F900D6
:1081A0001917D3FDF60300220530FA051209FF1353
:1081B000F8ECEDE8DD03DAFE280CF7F8FD0EFEF032
:1081C000F806F9ED21F4FAFAF802E4F90217F60ECE
:1081D00009F41A08F60008F600E800E600F60016B2
:1081E000E9F1DC18E814E3D606040901FDFB09FFF8
:1081F000FAF5F8F9DE00F905090115F20902F0FFB8
:1082000026F4FDFD091A020DF9E907FC310DFC0207
:1082100009F0E0E7F2FCFEEE0BFB1EF8FC140DFE8D
:10822000F3E1FD111706FA08F4F0FF070E2EE6DB66
:108230002AEE220AFA0CFFFBFB1D07100006FB09C1
:10824000F90911154301B1CB0AECFA0C0B04FFF349
:10825000FBFD0402FEF506F916FBEC180AF23CF0F1
:10826000E4F70400FEF9F715FCED041314FA0A0311
:10827000F3F8E9F9FDFF14F40FFA1003060CF80CFB
:1082800009D40FF201F30105FFFA00E70B1BF7F821
:1082900009EB1900000BF805F8F600F9FA010606DB
:1082A000FD0015F81E0BB9EF1405FBFD020EFBEDEA
:1082B00003FD052208F7FD1902E4E310EA0E43E886
:1082C0001E2900070510FD0F01F308FEFCF7040B43
:1082D000F3F30B05EA0CFBFF012B1AFCF50BFEDE9A
:1082E0000230FF24FC0009040308ED070F02F30726
:1082F000092AF600000FFDDF0A19EF17050004EC4C
:10830000F6F8E4E601F90112FC25FCFE06FF08DCA4
:10831000FF1305FDFD0D011FF6F51918EAE0E01346
:108320002C27F802F9130516FC2CFD011406010A8E
:10833000FA12E900F708040AFDFFF1ECF514040C49
:10834000FFFF06FDF60200F8FE05D8F40224050B37
:10835000E6EFFF0B010F07E5FDF000010300EC0A5B
:10836000E507F0DB110705D40F0A100A01FBF5E45D
:10837000F70406DFEF00F30C110517EE071901F4FF
:108380000FFDFF06FD09040DF9EC06151206FB05AD
:10839000FEECE9DFFBF012DF0CFDFEFEF00301F660
:1083A00004EB0C150DF90AFAFEFDE5F802F7FCE9FD
:1083B00003F708FE00FC00FBFAFDF9FF1B05FF03B5
:1083C000E50A0E0E00FCE6FDE3F9F70009FC03FBED
:1083D000FD17F902FCFA07E905FA10FADFF6D810E2
:1083E0001CFDF603FE0E05DF0E120019FA13FAFE4D
:1083F00004FBF40CF0E8F710FB3F08F6040EFFF363
:10840000010DF80E0C14FB0E0CF3D7E9CE19220463
:10841000FE1EFFFCFE0704FF03DCFD1002F907EE61
:10842000F7E2D50FF31E3F09E119F9F2040200004B
:108430000408FFF9F103F8EDF7FC01DE0218E6F895
:1084400005F3EEFFFE0501EE03E90AF405100B0447
:108450000C08FAF102F206F3071301040305000207
:10846000FFD8FB03200F0224FEF9E2FDF4090BE81C
:108470000DF70D08F906FC19FECFFCFE07F60324E4
:108480000305F71208141EFD00E9000CFF08022482
:1084900000EAF30C060500ED08080DDCFE29F7FCE8
:1084A000D206FC0AFFF4F50701ECFCF9F405F5EE41
:1084B000FFFAE8F707FD0AE1F90CF80100F302F210
:1084C00002FFFF01F9130512F3ED1713F7F602FC93
:1084D000FEFB07FE0CF90710020C02ECFDEC0E048B
:1084E000EF0E1C1309E8F9FA04EDF4060E1002026F
:1084F00000ECFE08150111FFF3F803090BFD080558
:108500000706FDFFFD0004181200FFF3FCFF0D023B
:108510000804DF090C1806D4FFFF03FE09FD02ED75
:10852000F918FFF80C04F2FE0506ED130EFE1E14FA
:108530000DFB10EF0BF905F8FA01060AF6FE0BEE3B
:1085400000FC010D12F4FD1015F806FC030DFD03EF
:108550000A13F60D11F7FFFDE4FF0100F6F0110418
:10856000E6FC08FDFAF601F6041607F51106FD090A
:10857000FB001D00E108F8FAC7DFF7F4F400080873
:10858000FCF2FFFCF809090509FF0FF9FF0A0900D1
:10859000E4CFDC0FFFFC131F06EB04F8FE1008F21B
:1085A000081410D1EEEFF1FC2612FEFEE7F400F6FF
:1085B00003FDFD0EF404FBFC00FC0205FCEA2711A0
:1085C0001BD51BF9F8F00EF501F902FCF1FD01ECE9
:1085D00006EF0A08FF070A04F3C212F808FA0CE6CD
:1085E0000DD505EEFD000AE2F9092BEC06CAF4EC04
:1085F00004B4FA050AFFF70AFE0108F7FAFB0DEECC
:1086000012FC1BFFF8DDEE27FF21FBFCFEFBFEE169
:10861000050600F7FA0F0006FF01F6080AE8140C39
:10862000181009F00601F8D1F31203FBFAFBFA184F
:10863000FCF5F5F709DE0AFA29E424F706F5FBDB79
:10864000FF0CFFEBFF04F50813041FF7F9F2F9061E
:10865000F10002F809ECFBFCFF1B0309F01902E929
:108660000202FE0FF4F70422EFFBF50CF20A020FF0
:10867000FC14F325000C0216FDF901FA11FAE40AC4
:10868000F605E60601FD0AF20204F7FFED19F4070C
:108690000B04F91A13FF06FA0D0F01FBFA07F8F99C
:1086A000000BFBFAFB0DF4F306FC001D152F010C6B
:1086B00028150C03010EFF05F4FCFE09040DEF0361
:1086C000FBF9D618F24012C1E1C11104F602000D07
:1086D000F8F800DFF3F9F5E901FF1EF111FACCFF1C
:1086E000C8AE020607F600FDFE0BEED5D8FAF9D3A8
:1086F000290A2BF405CBC30FF4B411FB01EE04D708
:10870000072503E6DFFCF6DE1B3B3B12FDD5E11738
:10871000060BFD04F804FDF1FB210AFCFF02F6EB59
:108720001808000AEFDA0C0FFFE71A0806F503EA4B
:10873000FF1008F3FB02F8DE0D13F9F914EAE20961
:10874000173CF80008F705010600F0F4EE0B09DC11
:108750001DFD19032FEEE5200302F3F608FFF4EEEA
:10876000F924FB00FE06F7F303FAFDFFF606EA051F
:10877000022A0E0A0410060400F704F902FBF9F9B4
:10878000EBF9F00C0A1DEEF601FB10030C0302F9E5
:1087900006F503F8FC0508F00DFA10DA18FAF904EA
:1087A000FAFAE608F202FC11041302F20FFCF8EFE9
:1087B00008F21DF3EB0D0505F807EBFEF30C0205BF
:1087C00000071000F704F1090CF8F6FCFD05FDF2B6
:1087D000DA010AFEFBFA0CFFFC02FE08FBF9FB15AE
:1087E000F2FCFF030E08F602F1FF0E010700FB0387
:1087F000FB09040200FB03FFFC0102FDFD020B0567
:10880000DF00F9FA0408FC0B0108FDF6F6F70A058B
:1088100003081FF2E50F0DFA02F00502FEFFFC1E31
:1088200006F1FE0807FF0014110808F7F50D0F13F5
:10883000EAEEFBFAFCFC0517F903F9EFF60601FE78
:10884000F20111F70807FCEFFCE0F7FBF40503D990
:10885000F3320113F3090305FAE914F4ECF8DD200F
:108860002936EEF70B2807EDFBE820050500FA0B8B
:10887000E4EAC9DDD6FBFCFD2E211800FE1DFCF14B
:1088800005EE02F806040509DAF3CED6F604EAFB93
:1088900001D01307FDF9FAEF04EB010D0FFD0511EF
:1088A000E000021F24F8B8FEEBE4F111080803FE13
:1088B000FFFF0CDF24FFFC2F09EAF5DEFA2FE60F9D
:1088C00000F9DE090A1DFF07FE1312012FF5FA2138
:1088D000E30CE7E3BC29FEFCFF25050CF710FE1CAA
:1088E000FC4D032202FB090AF410D3F124F3E2F158
:1088F0000E0802F90BF906EC00260123011309E921
:10890000E4041BD034F1F709EC0008030601030965
:10891000FBF51A0C1E0C03F0E9EFF923EC3EF1DA3B
:10892000D30CE90A0907090CFF18040C04101700FE
:10893000F5080ACBEE0300E2FA10F9FDFDF70E2C64
:108940000714FA05040516F7F009CEDE1415EEFB40
:10895000CC01F903030C010F04E6F9D7FCFFE1F8A1
:10896000010606DFEFFDCEF221100606FAF9F7E266
:1089700001F70CF30209FFE40AFB160B0EF604F7ED
:108980001FFB1300F80BFCEA01E917EE19FA00FED1
:10899000F4F5F2EDDC0504ED03F81600FB18F8F62B
:1089A00008D5072EFB0006F8FC09F5F602DEE2D832
:1089B00005F4FCF50E0906FB0E09081AEFF70BFA91
:1089C000F2F418F028E4D30AF910010505FC05F9C2
:1089D00001FE020103FCFAF8FDFFFBFD07F6FE03B2
:1089E00005FB01FBFE0602FFFC05FA03020603FB82
:1089F000F900F90101FEFF07040005FEFFF900027E
:108A0000FCFF0107FD0302FBFDF903FF030501FE67
:108A1000FB050302FA02FF03000103FFF70204054E
:108A2000FDFC020000FD04FEFC02010101FC020647
:108A300004FAF8FD0106FE000504F9FF0800FEFD3A
:108A4000FEF004FE050200FEFCFCFF00FAFB000144
:108A5000FFFBFAFF02FBFB0CFFFAFC02FCFD05FD2D
:108A6000FAFFF70204FDFF00FA02FA0000FC00FD25
:108A700002FA04FAFA01FEFE01010BFE05050200EE
:108A800003FE04FFFBFB01FF05FF05FA0201FFFBEC
:108A90000303020200000105FDFC0904FFFDFF04C1
:108AA0000FFAFEFFF8FFFEF8FF0103F9F9FEF702E7
:108AB00001F9FBFFFC02FB0701FE020000FFF6F9D3
:108AC000010000FAFDFF00050408FD0000FD00FCA8
:108AD000F70004FBF8F6FF07FE0204FC0502FCFFAA
:108AE000FD01FF030404FDFEFD01080103FE00FE7D
:108AF0000301FFF9FD01FE02FEFC0302FB0002F987
:108B000000FFF901FD000104FDFC040107FB00006A
:108B1000FAF901FC00FFFCFC02FB0301FBFD0B0466
:108B200000FFFEFD04FCFDFE02FAFC060404F9FB56
:108B3000EE02FF0302FBFD0107FEFD000204FEFF43
:108B400004000404FDFF0100191C0705FBFBF8F5F8
:108B50000410FD04F7FEF60101FE002BFB09F312E1
:108B600005F509FEF604F9EEFC0AF4F2F8FEFB1A2C
:108B7000F202FF2E0CF8E5FAAF000EF4FEFDFD1038
:108B8000FEF8FEECE803F801F00B2B141FF7EEF2F1
:108B9000F31AE20C07FCFA12FC160AF80CEFF20BBF
:108BA00009120FE709F2F0EA000AFBFFFCF6F3F303
:108BB0000D1DF2FEFC04FCF4FE160A0EFADEC90FCF
:108BC00023E6FFFEF5F5FCED000A05E9F4F600F5F5
:108BD000180007EBFCDC04F6FCD501F700F7F40AFB
:108BE000F6EBFEE704FEF7E9FEFB130BE7D3FAFF13
:108BF000E3A4ED060B00073701FBFFEFFFFD04E0E8
:108C00001A221FE801F0D601FAE501FDFA0608056F
:108C1000011FFC11F6FCFEE92E0EFFE0F318C40E56
:108C2000FA050A07F3FC000001F60219FF07F1F349
:108C300003EAEDDB1D0810F11C0C20040DF009E81F
:108C400008050609ED0601E004020702F9EB04FA43
:108C5000250FFAF3FEF4FD1C07220A03000000E6CC
:108C6000000608F702EFE0F606ECF40C0502072B0D
:108C700003F6F81002FE00ED120706F4111227FBAE
:108C800001180203F3F40300FCFBF8FCF7FAF40B01
:108C900007F9F7091BF018FEEC0F0BFF09F00100B4
:108CA000F710F9E30202F50BF5FC070FE9EBD8FD2D
:108CB0001A0FFA0505FA051D0322F9FAF2FCFAFE6D
:108CC0000003F702FB0FFC08F1D802F0000208E6EF
:108CD000FC04F6FCF3F804F50BFC0701F1EC2F0A99
:108CE000EDF00500F90502F60810040CE30A0AF39A
:108CF0000901FFE2E8F017FB02BCF0FBF5FBFD0EFB
:108D0000FBF4FEEDF5FC06FB0CF8EBEFF0F80214BB
:108D10000DC2FF020500010405CDF6F3F70603E7D7
:108D200000FEFC1FF0F9050012150304FAF8FBE839
:108D300003FDF609FF08F4010504E51C060A17F611
:108D400015390B0C000A06E9FDE900E5FEECF30A13
:108D50000DFFF5220C0CFE070F161104080605DBAB
:108D600004F3080FFC0DFEFFECF6F80D10FA060CEC
:108D7000182F0EF9FB0303E001FB09EE09FF040FB6
:108D800002F8FC281EFA06F9F01F04FF06080EF789
:108D9000FA27FEECF6FDFF11FBFE0AE8ECDBCF1034
:108DA000211EE704041112F9F31B0A140911F90832
:108DB0000303EFEF01FDE9031E18F2F50306FAEDD8
:108DC000F10501F50E12000CFAF2EDF2F4160F07A0
:108DD000130405FA06030006FAF6FE0013FFF92055
:108DE000F2F205FBF50536F5EADF060801FDFC1198
:108DF000040204ED0BF1FDFFFC0D02E0FF27E00390
:108E0000FBEF05FD000EF609F8EF0404F1F3FBF2A9
:108E1000FC08E8EDEE0711F8FB02F600FE0501FD87
:108E200003FCFC1B02FCFDED00FAF3F008151DFD30
:108E30001E0DFEFCFC00F5EE04E504F9160507F630
:108E4000E500FB06E4042605FFF8F607010002FC36
:108E5000030D02F3F109F5F8FC070DF0EFF2E4055C
:108E6000FE100401FF01080AFAFD04E5FF1B03EFF1
:108E7000F21021E80FE2D8FD050FFCFA05F502F823
:108E8000070F04FF090C07E502FC0AFE02E4ECFCF4
:108E9000F8ED0AFBFE0D0A0303F400F5030002FCE3
:108EA000F3000005F3F600F7E3F1FB08000B0908F7
:108EB000F105FAED0B05FCFE000BF7FBFA0FF7FED0
:108EC000F6B100F40211FE0CFCF103F915F9F9EC0E
:108ED00008EFE8F91A3022FD0AD50002040AFE0D57
:108EE000FAF2090DEBFBFFE2F4FBFAFC10ECF1F0F7
:108EF000FFF6F50EF503FF020A0F01EFFEEF06E69F
:108F000009FB1AED1DF5E9FDFFEFF402FC16FE1159
:108F1000F7DE0323120B04EAFEF3E4FA0130FCE966
:108F2000D2F7FFFA0A0505F000E800101E0700035B
:108F3000F7EFE1F112302FEAE0FD050A08FF081B08
:108F40000409F405EEF5120BECF70BFF03F5F8EB53
:108F500002F1F2FF02ED03F905F70BFCFFFEFBF156
:108F600017FD0FE1F9DF1D48ED030408FBFDFCF4DC
:108F7000FD0306F6050509FCF0FDF30E05FC1100E6
:108F80000C03F7FD0E0800DE010700F1EFF81314E3
:108F900005FA0620F3F1F707EF06070408FF00EFD4
:108FA0000BEE01E7F700020B01FD09E8ECFBF00C0A
:108FB000FBF809F9F9FEF61705E8FBF40100FEF4E9
:108FC0000401FA00EF05F61B202EFF0206EC03F960
:108FD00011E9F5E4020707011401F3071926E3F18B
:108FE00006F1F6F4FAF011EFFE03F4F0FA0301F9DA
:108FF0000E001441FE17F90523F808EEFAF40321D8
:1090000000FE0FFAFAF9EB0603F3F2300A2C09FB23
:10901000FB2F061205FDF90D06ECFA080AF9F91BFB
:109020001E01F30E052AEBE7071A0A0B0A0108EDE9
:10903000F4F209FF04F0EF0B030A39131401E408FA
:10904000F543ED0AFFEBF7EE040C01F614070201FD
:10905000F2F10001FDE2FAFEF9FBEBFDF2F9053554
:10906000F0E408CA19F11014F9FF23DCDB0B150436
:10907000E504FD0809F3133900F410EF07FD061F9E
:10908000F71CFB0CFA1536040107FB00F9F7FDE6A7
:109090000E0C09F5E4FE03FA0420EDF010E1F4F9FA
:1090A0000CD8050CFF00FBDE02D40DF0F20200EE3E
:1090B00007F815D716CDE30407DA12FA06FB08F70E
:1090C000F70EFCE2F6EB14E20F1918E6E8E1000DEA
:1090D000F0F4EB08F8FF00FDFD1DFD010BFE0DE6B1
:1090E0000A170CEDF2D4DCE704F60210FF03FBF9DB
:1090F000FBF000E8E806F5F31412FAFBFF04D111C7
:109100000FF2F40A0D03F6C916F9EC001903010A6F
:1091100005F6EDEC34D7251AFEE801FB03F8F9E07B
:10912000FC0509EFF2F6F3F7FCF7FA23E9CB3DEB88
:10913000D30401FFF902F6D1F61FF1F0F1E60CFAC3
:10914000FD02F6FEE5E5162CECE8FA00000013FA45
:109150000028FAE9F70FFBF4FBFB19FEDE08D9093A
:10916000EFFEFB04FF0A08F40B12FFF00F06F701F5
:109170000E03EBFFEEFEEA19081500F5FE0404F4F9
:1091800007FDFF17090FF204FAF8DDFEDC132609CC
:109190000129F702FD06060707F4111E0602030166
:1091A0000401E503F20B3DFAF5F105FE090106FEA7
:1091B000F7FE08F9FCF8FBF605090B010141DCFCA0
:1091C00001EF0406FB0AFFF7FDF617F4080A02EBAD
:1091D0000F04F8FA0C11F9F3F5E4FE03F608070999
:1091E00009E410F913030E0EF2F1FD15FBF902EE7E
:1091F000FDF51106010AF60D0AF601EC0809F7293A
:10920000FF0B0705F71525EE07FF0705FBFE091203
:10921000022704EA02F5FFF1F90C2EF2FAF5E90152
:10922000F50FF700FCFBF8F9FDFF08F3EB130FFD5A
:10923000FC09EAFE0EFCF7FCEE1BF80204FD0DF43F
:109240000C0FF9080BF710FC0105FD090CFB0212CD
:1092500028F20E0902070001050703070DFE07FCAF
:109260000B1602FDEFED0EECF5EAFE030704011507
:10927000070602F5FB0C06FE0C0D06DC0212D80AEE
:1092800023FD020BF611FFF60BF5070708FDF8EFBB
:109290001A00E7E317F905E2FF0706EE040403EC02
:1092A000F718140BF9F70102F1FBF10D1BF82FEF82
:1092B000FA030FF9F502F9EEFC0C0E13EA030EFCAB
:1092C000F70AF10616F71011F211FA03FAFA04FC84
:1092D000071208FDEB010F00FEFAF6EEFBF304F9AE
:1092E0000925F3F60C18FCFE04F801FE01FB04123C
:1092F000E0E6FAEEF904E9FF2104FCFCF202FFE9E2
:109300000909F71E010105FDF3F2E1F8F522F30169
:10931000F6FB07FC030E08E702F1F81CF405FDFC60
:10932000F6F5F80116090306F4E2F303FE0906094F
:109330000B040AEAF8040618EFEE02D30308F2FE63
:109340001107E701080B0706001D1004FCEE0013CF
:10935000FCFDF7EEE7EDE8F51BFFFAF6F30F00E38F
:10936000F71FFA0F0602050D09FCFBE8160406E4D8
:10937000DF0B00F804FAFCEE04F7FC131507FBF70B
:10938000EEF10BF403000CF6F8F2F4F200F9FF082A
:10939000FEE9FA0E0A05FAEAF3F711E6E9161802F1
:1093A000F903E7F4070AFF1AFA12FE03090402EAB6
:1093B000F404F1DAF023F9E5F3F4EC08FF0AF4130E
:1093C000FFE00FED09FE0403F405FEF5F92D13157A
:1093D000F9EA091109EBF50AFEE0F6E205E6F20604
:1093E000F7FDF70EEF0CD8E5460CFBF20CF401CBC1
:1093F000F1F205F50800F8F71004FB39F4FA12F35E
:10940000461AFEFE14F8FDE002EA09001B0A0402F7
:1094100003EFD71DEBF329EE14F41EF9FC0300E46F
:1094200002EA032307F61305EBFE05F70FF9F9FE31
:10943000EEE9091205EDF8140B05EB0BF4030EFD34
:10944000F90A230111DDC6E30BE2FD0600FAF5E798
:1094500004E5040DFBFE0AEF05F9F4FE0BFB10001A
:109460001300F5FF08FF0501F9D60416F8FC02FB0E
:10947000ECE3F4E2011916FD1E3702FB07050204B6
:10948000FCFB02ED02EC0AFBF400FDF91911FAFBFA
:10949000FAF31101F9FC08F6F910FD00FAF90BF3E3
:1094A000EB00170622F9B80A03ED0405FC05F702E4
:1094B00002F3FE050A08061AFCF9F6F0F1EE0B01BC
:1094C0000514EF060DFF030FFC1AFF0BFDFF090F3C
:1094D000EE021007CCF405FF0614F604020404069D
:1094E0000330FC0DF4F6F505141DD6F1F605FCF37A
:1094F00014100BF701FF03FCFFFEFD0AFE0903E257
:10950000F1FBFAF701F7F203FCF20CFA04FAFBE7BD
:1095100001F20C0E02FD02070CF5050DF602FDF539
:10952000ECF1040402080216010DFEFFF9000A0125
:10953000F70604E0F5FC1BFBE9F5FB00030A031C3E
:10954000EE01000403FA07020204FDDE040A0E081D
:10955000DDF6030700FEFCF405F0FB0AF7F9F60858
:109560000C0305090305E4042D100A0900FB04E4BB
:1095700001EF05F400F8F7F504FBF81D130608F5F4
:10958000F4FC1007030AF3E6F9FBFFF4FA01FAFB17
:10959000FAEDF910EFF8ED00E6FB00FB070603011A
:1095A000FEF7FF0700FFFAF9010C01FA04EFF819C2
:1095B000ECF7EB0106F509EDFB06FE01FEEA01F210
:1095C000F2FD0AD704E3DF25E211F60A02FFF408F0
:1095D000FF1D0814F6010311F104F503F9ECF30281
:1095E000F6F60507F30F07FEFCFCFF110409041C47
:1095F000E60EF607F900F7F20915F906F405FDFA8B
:10960000FF020C0EFF0A1009F8FBF3F0ED0212ED59
:1096100007F8FB02FC0D05E001FD041901020C0A2C
:1096200007FD16F4070C0909EDDAFC02FCF4031E31
:1096300004FA06D70BFFFF15F401F9DBF70ED60786
:10964000EBFDF207F30EF80CFDFB08F2EEFE130F34
:10965000061401E3010CEB080502F80DF80AEFE42B
:10966000FF33063303F7FEF7FE01DE0211EF0AF4C3
:10967000E91BF701070B05FFFB140A1E04F0051F89
:10968000EEFBFEEF130337F710EA10EC0508FE0BB4
:1096900000F009201309F6E803F60726F63621ED57
:1096A000F6F2F804FEFF01160400041414FFF9EFAB
:1096B000F1F0E4EEF92F26E3EB0E0402030F00189D
:1096C00003F10609FEF7FBFF03FEF2F806140200A1
:1096D000ECF3FEF60202FC03FCE504FDEDFB0214D4
:1096E000F300FCEBFD09FEF25A22ED02FA0301F051
:1096F000F90A17F60504F80303FBF922F8F616F940
:109700002E0D0903070900E6021B130501010CFBDE
:10971000F2FAED1504E40006F4FF0DEEF1F803FD96
:10972000FDF60011FCFC110CEC070CF314D0EC0F4F
:10973000EDF40605F9EE0E0EF70A01FCF80A0AF937
:10974000F6FF19FFF1F7CF18110FF6FE03F6070029
:10975000FBF9E1F5F90BFC130BFCFAFCFB0EF01521
:10976000FEED090DFF04FE0A040D11FEFC0DF3FDD4
:1097700000FF0A0CEBF2ECE6030014F9F616FEDE2D
:10978000F2E50AF5ECF9FBF8FD0DFBFFEDF6EF074E
:10979000F40412EDF1050706FE0CFE190804FBF8AF
:1097A000F9FD0CEBEFFD00FF0000120603060100BF
:1097B00000ED10F713F30A1A09F5010BF116EDECA1
:1097C000EF19E70A0308F0FBFFF01CF61607010685
:1097D000F502F400F501DDFA00DB17F90E15F9F4D6
:1097E0000C161E131AFA07FD0009F00BFDFE1302FA
:1097F0002C14FCFC09FD04F7F324F81D03030B04EF
:1098000000F5F6ECE1E3F7F20BFFF7EBFEEFFAF809
:10981000F61013E7FE0103FAEDF01E03FCEFE7FB81
:10982000050EFBFD08FA09F50317110D100F0EF9CF
:10983000F90A00F8FDE9C9FEF717F1FBED0A040D7E
:10984000FE05FF1306F7FEF4F80800DE1306FBEB37
:109850000900000103F6FDFA07040200FAF2F71C02
:10986000FCFBFCDBE6EDF9D1F529F5F6F7FE06F297
:10987000EE11FBFD090AFBFA010C1CC70509D3F91F
:109880001CDC02F7EE08FEF2FED409EB00FD0DFD34
:1098900008F8E6D9E7F1F4F028E20908FC0DEFE753
:1098A00002E8FF180106F9EF000610F519E7FDE5DB
:1098B000D8E9FEF20906F9F9F9E6FD03FCF010F823
:1098C000FD002300FCFAEF1DFBDEFD01F2F9010AA9
:1098D000F6DDFCFBF70508ED000102F503F314F0DB
:1098E000E7E3EFE805EEFB06F9030312F7F1FC04EA
:1098F00013FAF00F04151001C20DE8F702E6051B7C
:109900001109F804EC0A060B1B16190E2C1218FF8D
:109910000BF8E404F9FDF7030A0501E1FF0C0DFB68
:109920000C0601EA08F3EFFA141403FFEBF7FAEA66
:10993000F5F4F32904F7F10B02EE111DF9EB3B04EA
:10994000F11D25090EF1060103F4FA18CE060700F1
:109950000902FF1FFFCAFCFFE9E9030E00F6000E33
:1099600001F5FAD2FAFE06100F0D220005C9FB1709
:10997000F4E2F80301FA13E5F7E9FFEBF10CFDF06F
:109980001C0D0323E6F3ED1B00400710F1FD0BE473
:109990000009F5F3E1F2F422EFFBF711EBC5400FFC
:1099A00018081C0209FC0BF1FC0CF306E902F9276C
:1099B0000814001CF0CFDE3911E2F8F502FFFAECD2
:1099C000FA0DFC03F20EEC0902090E17F7DDF11196
:1099D000FB02FAFE07FCEEF7FBF3FEF4F222F9F2CB
:1099E00001E80B0BF50C26FEE805F50203F9F7DBA1
:1099F000FD2CFDFFFFFCF213EAFF1FEE04E1F9135B
:109A0000DE08FF080EF7000CFE16F1ECDA0FFC077B
:109A100019201AF6F5F3D128EB05E101000A000937
:109A200000E801E30701F6EA29F2EFFAFB30081734
:109A30001C29FBEBF20308F6FDF5F7190B0BFB19DC
:109A4000FBFEE1000E4842D51317F906FA0014FD9B
:109A5000F8200F06FDFCFE05EE0A1405E9D7E11516
:109A6000F909060DFB0207F9FF0404FEF3080003E1
:109A70000D0C0012FAE0D4FB08190905010C0700CF
:109A80000E08FBF00701F4F40A131B05E9DCFB06E2
:109A9000F2D90606F70803F9FD0BFBF3F9EC00FC1D
:109AA000F70DF3F8F2EDEFFCFEFD150A090F00F7D4
:109AB000FFFFFAF112080502080910F7F510DA1194
:109AC000EEBA00EE0A1003F5FCFAF5FEF80D05F407
:109AD0000402F2E40437FB00F509140B06FDFA0555
:109AE000F9FFFF0EEDFB0ADFF3010BFE0CE5DEF3E1
:109AF00008C907FF02FBFD0CFF06FA00F0F0FAEEC2
:109B0000120413CD14D9EEFC07EFFBFB050EFC206D
:109B1000FDF0F823000604EA0F03F6040A3804F700
:109B2000D5E90B020701FAF308D60E040AF6F8028B
:109B3000FCE6E2DA2A2444F1FD0A0F02FDDE02000F
:109B4000FA130613E709FBFBEBFB1815F9ECEDF52F
:109B5000FE0BFAF8FCF702F900EC14FE00030BFA16
:109B600012FAF9DC100E2035E9EBEAFF0409030CC8
:109B70000A0E022D0C01FDF2EE03040F04F5140091
:109B8000F5F909F8F305FBF3ECEDF5E5FCF5130D3C
:109B9000EF000718DB0506FDEE090C0B16F603189F
:109BA00001F600E7E900070E05FB18F4D9EAD2F246
:109BB0001FFCEB02FAFB0B1700E0FEF5F0FB010BBC
:109BC0001E0301F9EA0403F9EFB1FFF503EC05F315
:109BD00007FBFCE4F400FBF5030F0003FAE0F903D4
:109BE000DDEB10FCFCF30FEFFFF2F1CFE40B01D43F
:109BF0000C0529000DD5EF17E0D6F913FA00FB0389
:109C00000121000BE10001DF140B18F2F3DBEF1C64
:109C10000509EC0703FBF9FF0A0EFDFCE50AFCE869
:109C2000130B01F1F1DC110F0CF5020800F209EE43
:109C300000FC03F5F1FAF7F50207210005E9DF154D
:109C40001ADA07F005F606D5FDF9E7EFE809F2F2B2
:109C500017F1191619E7070F08CAFE03FBFB03F7F4
:109C60000400F9F0FA0EE5F605FEF01400FAD90F3B
:109C70000CF71106000702E50BE2FEF30CF3F3FC10
:109C80000EF9EE08F916FBF1FEFCFB050209FB0AD2
:109C90000701FB00F9FEEDFB05011DDF0C10DE04E2
:109CA000F915F712FA06FF08000002111700030B5E
:109CB00008F510F3073015070114F40AF8F9FF1836
:109CC000FCEBFA0D16000608EFF1ED10031FF90486
:109CD000FC0D06FB0A0BF7F001F6FE211AF4011544
:109CE000FB0A0708212D0ACDFCE1F7F7FF0DFC0563
:109CF00007F604F202F804F8040514F6F50111025F
:109D0000D7ED11FE01110409F3F7FC020A05FFF576
:109D1000F80702F4E7100416EAF30707FA02011A3B
:109D2000040C03F6F3080B0DD6F4FAFDF0F911F963
:109D3000EAFF02F8F802FDF801FC1006FAF40B0243
:109D400007130900F6FF260BDAE61202FBFAFE1CE7
:109D5000020AF9E5FF07FE000E0925EDF8F5C2FE3F
:109D6000D708F80506FEFDED06F106E8190504F929
:109D7000F905EA00F71B0511F624FAFAFF0FF8F5CA
:109D800007F0FB030C02FDFC04FFE8FBF815290BB0
:109D9000031CF8FDF6FEF2070500FC06F602F1FCD6
:109DA000F3F1DBE1E00031F2E9DB130AFEF609141E
:109DB000FA0904FCFDFE04EC010B1EEF0613E2FCA5
:109DC000D3EEE7F4030001F7F8E111EC0BFA01F729
:109DD000FC0DF2F608FF00F5EFEDE903F9FEFF18C0
:109DE0000AC906F61BFF072E0AFA0016F80FFE0D29
:109DF000D9D0FE1202FFFD06FDCD03F305FA0129BD
:109E0000000E0908041128EDFAF102000406F2041C
:109E100003F010070D05F1E5FB0BF3000AF92A0426
:109E200005F607F9F001FCF301DD0508F3F80CF481
:109E3000FCF0F8FD0B110B03FEED050907F305F827
:109E4000F9E1FDF1060CFF0106051F07EF10EE0317
:109E5000E2F1FD0400FB070313F2F4E708F604EC5B
:109E60001502151B0EF8F2FBF3E4EDF8FB0402F308
:109E7000FEE5F90609FAFD15FBF3E4F7F4FA0FFA2B
:109E8000060A0202050209E907FAFB02F40103FFD0
:109E900002F5FC0F0E000008F500040103E8FDE1E7
:109EA0000818FEF90C090201FCFA02190DF7EF106F
:109EB000040F0B06F2F206F3FE0F040DFD0200FF85
:109EC00001030B0403F0FE0B0DBAF5F5F603FEE1FA
:109ED000F6D402EEEDFB04EEF8F4DBD8EDEB1FFA5E
:109EE0001305F50AFF09F60E10FD10FFFD09FBDC56
:109EF000F8F309D8FCE007FFEEE005F6F7FCF50CF7
:109F0000FD10F9FFFAFA07EEF6FDFDE710DB07F7A3
:109F1000EBF00CFB00F0F7090B02010F0815FFEF47
:109F200000E916DA04F3DB0FFB071F0000F0F9E28B
:109F3000F2EA0910F914FFFBFEEAE008F9ECF7F287
:109F40000ADCFFFE0BFEFE0DFE0A0B10FD10F506EF
:109F5000F20411FAE4FE1EF408ECFFF8F90EFD2FEE
:109F600008E7F604FCFDEE160801DEE5F5340CF317
:109F7000BFFBF1FBF91203F5FFF6FE00F5F9FDF466
:109F8000EAEBEFE5DBFEF0FEF80A0318F90408F649
:109F900001BB12F6F5FAF8FEF700CA521606E7F60C
:109FA00008EFEC03FD06FFEC00EBF9E607ED060415
:109FB00001010C2908F50BE9E2DFFEF3F9F7030ACA
:109FC000FFF3F7F00E060A06ECEBFEE9EB02EFEA10
:109FD000EB06F3020B0009FDF8FBFF13030400047A
:109FE00004240DFF2FF2EB02FB100505FF070328E9
:109FF00006E60FFDEEF8070AFBFAFAF9FD24FCFB72
:10A00000E9FCFE05F2F5EFF9FE15000E0CF6FA1468
:10A01000F40B0A1A13E9E9FD1D020BFCF8050AF11D
:10A02000FE290204E4FA0A0203FF0C17F6DC10FE14
:10A03000EAF7F4FA05F502E0140605EBEFF7FEDEA9
:10A04000F7F5FC02EBEA032B05F0F90DF9F405EA4C
:10A05000FA0B03F5F7FDFFECFBF603F4EDC6EA0E91
:10A06000E01318FC0B03F9F109FCF314FB1A0BCEF7
:10A0700001FE1BF0FDCFDAF0212E030BFAF9FCE410
:10A080000B0EFF04F10202D1F80B0A09E605DF020C
:10A09000FBD9FB09F008EFED06FD1015F90B04DC08
:10A0A000F80CED08F700E501E817FF0700F00804D9
:10A0B000030DFDE4ED10F70510FBF3F00AFBCC0BEC
:10A0C00001F9F1EAFC1A0B1FFFDFF1D4F30102F8EA
:10A0D00001FBF8F30833FE0300F215FE0DFAF8EB6E
:10A0E00005FA0724F0E9FCD3FEFAEAF928E9F2ECD4
:10A0F0000DFCF7FEF9F901EA0507F7FCF1F0F6F5BA
:10A10000FF0513E32CF3E7FDF3E20CFF1124062B0C
:10A11000F8F1042C1000FCE402F9EAE80D460EEA1E
:10A12000D50BDB01FF02FE1BFBE1FC0B1AFFF5FF69
:10A13000E9F7D8E925392BE8E3F10006F2E808FE53
:10A140001203FE17F1F5031AE3FB07E90CEAF1E647
:10A15000F805FA01FBF0F900020800FFF0FA03F934
:10A16000FDFE0FD70BE71F37F5E5FF0AFBF405FAF5
:10A17000FC050CF6EFFB0FEBF1FFF506F4D81F0D15
:10A18000D9F603EE0CF4FEE2FC150BF2F1F1190B1B
:10A19000011520F6DBD6EF21DCF7F00AFBFB0B05FF
:10A1A00003F8F4E6EF0A10F9FD0112FECFE3FB1805
:10A1B000E1FDE1F901FA01320CEAFDF3F506FDF6E5
:10A1C0001509F0FBD418151FE916020C08FC03FE54
:10A1D000FF2EF6EBFF091005EB061112FFF5BBFC95
:10A1E0002F130517ED09F9EF03F0FEFFFF12F3FA45
:10A1F0001011FDFFF505130007FB04050DFFFFEA35
:10A200000205FB11DC1AF2F602FC03FC020710EF58
:10A210000F17F80B01020A03F8FEF414EC09FBE730
:10A22000FC031300FAFB1EF6E9E8FE040D0E032BF7
:10A23000FCF90A031F00010B181F01EB094BDDF5A8
:10A24000FE050E06FA1701FC09DA09FC07FE0702F3
:10A250000D01F6EE243503E00A16060E0B0900F593
:10A2600000F3FE10F9F2FA20F0E7FF2721EB16EDDC
:10A27000F50E08FAFE05F806F50BF7F9FEFF0829BA
:10A28000FE060BE50D1B11F804FAFC05FD0BF6228A
:10A29000FAEF0C0F240113F9FDEA09EFF5FF32F490
:10A2A000D8F70A040A15F9F40000F61312EFF814AF
:10A2B000F4EDE800EE25FFF6DAFEF70D080C0109D3
:10A2C000F70108210C03FD19FAF508FA140BFE0535
:10A2D000FD04F4F3FD0B101BFA11070000F80AFC53
:10A2E000121401EDEE003BF4F00603FEFDFD070A3B
:10A2F000051CF7E6FEFA17FDF2FE09E3E8F3C2F8E3
:10A30000E9F600FFF80405F00AFF05F7E8F9FAE9B5
:10A310000F120E07FCDDC51CFF00F101F7EF03046F
:10A32000FCED01CBF9F0F70F090A02FCF0C7F906C2
:10A33000DD04FD01F7F403FE10E1F7F1F5FF0DF583
:10A34000110CEC02E405FA0DD51D06080011041EDF
:10A35000FC0D06F80505031DFAFF03050708FB05BC
:10A36000FB281109F6030707100B050622F7F82250
:10A370000401E316F52A1405142DFC16FF0500024E
:10A38000FDE9FEFD10EE00FF0100E9FA14210E02C6
:10A39000DF2CDE0102F8FE0D01F90DF404F20B05CD
:10A3A000FE0204ED0D10EBE905EE02FA0F080809B4
:10A3B000EF0AFBF606F90105090B310FFE06E5FD74
:10A3C000F3EFFB00FDF9000402030DF3FAFD040DA9
:10A3D000F609F6FAF8DFEDF9F4B402F402F2FF1729
:10A3E00006F5FDE4F706080CF70511E7E9F2F70BAF
:10A3F000F9DEF4FC0101FF1C03FBF313F4090EF674
:10A400000D1A0608DFFEFBFB09F8FE0500F005F457
:10A41000F42FFEF9D30102FE05141714FFE5E01234
:10A420003B0205090A0C12E1FA060804F609F8E0F5
:10A430000208FA0700D5D6190FFAF9F10C0105CE7A
:10A44000F91000F0F00C06EB13120903E9FE1415E5
:10A450001E020005080CF800FD0CFA0DF90FFBF1C7
:10A460000EFB02F8F9F403FEF309F401F6F8030316
:10A47000FE2DF9E5E614F4090E0515DFFDD6A80555
:10A48000E7E9F60CF7FCFDFA05D50211F009F41521
:10A4900015FFEBD810E7D311050B06F902FAFFE41C
:10A4A00009EAFEEF120DE8080AF1001C16F00EE5AD
:10A4B0001D2210F3FD0DFFF1F720030A0606F00C34
:10A4C000FDFEEB0EF42610FCE9020FFAFC07061164
:10A4D0000702FEE2040909F10AFF0EF8FBFBC505BD
:10A4E0001AF8F9F804F9FADE0A0C06EF0F08FEE88C
:10A4F0000F080916F70AF10CE9260105F8FBF8F632
:10A50000FFFA02FB0808050D00F8DF07D705351331
:10A51000022EFFF30FF7F708F5FA03FCEE000B0528
:10A5200000ECD6F3E60F3110F0E605F7FEFD060A63
:10A530000B130508EB05FBE708011EF214FBC80826
:10A54000FC0CF400F9FA01E902F416F10313000916
:10A550001AFD20FC08EEF702F618ED0709070512B0
:10A56000FBBF0AEB29010A2FFEF1F2F9DF0E1501FC
:10A57000E1DEFC0C000BF62403BE06EC04FCF43315
:10A58000080DFC1EEE2524E202EA021205F8031073
:10A590000BEAFFF1F901F7F21313FCEB19F60708C8
:10A5A000F1F8060101F50AF6FCE30305F7FAF4FFFA
:10A5B000F8001704FE00E90D05E3F2FE01FD0408B2
:10A5C00013D3FAEC0D0DFFFC11F232F8EA13031667
:10A5D000DBE7FDFAF4F5020CF80C00FF0C0720FC99
:10A5E00006141E10F0E9DDDFD700F3040109110C99
:10A5F000FCEAFB0A06F0130802F9E8FFF7FFFDFE8C
:10A600000E071413060505FFF604040509F103EF10
:10A610001003EB1C1210EB0FF8FB0DFB08F30AEA1A
:10A62000F6180AEF08F9FF0EEBF20A130DF709040A
:10A63000FE0207F708F6FEDC081E030CEBFBF1F345
:10A640000C170EFF11D514EAFA1B1BFDFA04FD0AC4
:10A6500000D8F1FB06F2080914F7F01F244B11DEB5
:10A66000C1C11808F4EE092902F2F1FED9EBFBF49E
:10A670001E0C3A292E1911FAC6F1021306EE030F29
:10A680000B1C0205D60B03F221012B0F0DECE2DFB0
:10A69000F802E20507F4FCF6081903F2E7190BFCCF
:10A6A00018202015F6DBF40209FC0FF4FBF5F80680
:10A6B000FAF3F903F8FA0008FC042A1A0DEF20094E
:10A6C000052A130EFEE10B0B07FE0914F60F19EA1B
:10A6D00014051EFB250C08F6F119F2F6FEE8100E23
:10A6E000FCF9F5E8F1FF01E419FF20F7FA0BFB2272
:10A6F0001012F7F4FFFD03FF0915F4000300E40353
:10A700001307E2F3F70CE9F404FEFCF6FDFC01ED9F
:10A71000FA0BF802E70E0C0FF91205E206DB100641
:10A72000EAF9FDF7F105F517F8F2FBFE0A05040159
:10A73000F8F5FCF4FD18F12F05F6F30700FAF30223
:10A74000F9FDFF0302F5EEF310F21DF6FD00F9F935
:10A75000DD07FE09FE000CFB011BFC1B12FB07F9C9
:10A7600004ECE7DD122A2705C6F4F4F4FC040BF22E
:10A7700002F40AFBFBF5F80DECFD1D15E4BD13F921
:10A78000CFFFF1FBFBEFFA05FCF9EDDCFC05FD0E5C
:10A79000080C12F6CDD2DE21F8F2EDF803F5F8112F
:10A7A000FF0C05CEEFF906F6FC0114F9C8E5B3F786
:10A7B000E9F3EFF7020B03E6FAF109E402F7EEF929
:10A7C000090504F8D2ED0010E9F8F8F7FDF90BF2ED
:10A7D000F8FD04F8FDF3FAEEFEF30206070F0CFE97
:10A7E0003009FFFEFE03F41201E0FF05FD010AF34C
:10A7F000F509F1E909060903131E050409FE021112
:10A8000008150207FF0002EEFAFF180611FDF60711
:10A81000F8DEF90401F70D01F70803F6F70000EB85
:10A82000F9070B0F06F0E610EAD4F20204F7FAFF7C
:10A83000050FFA0203FDFB0FFB00F6EF03E61AF625
:10A8400019F8F8FDFA000806021002F8EF0AF708F6
:10A850000BF9090308FB1C0E0904F30B00F20A07AD
:10A86000FE1200FCEBFAFDFA0E0913010AE5F10BEA
:10A87000E902F9FB01E9FE09FBF5FDF3FCEAF7EB60
:10A88000FFFC02010EFAE20FF8E3F8F907F2FD0906
:10A89000FDF9FB1A03FAFFEB05F8FFDCF31D0A06CE
:10A8A000DBF1F80504FDFF19F40DF30A0404FAF8CE
:10A8B00001F7F2F9061F0E08FD040F050502FE0957
:10A8C000020D020CDEFBF0E9F1F815E80FECFFF3E6
:10A8D000F9F306F7F6FE00F504140E05F0FAFDE7AD
:10A8E000FFFF15F30FE3F241030403FEFFFD06CB68
:10A8F000030D05F0F7F406E9FB03ED42FED21EF866
:10A90000E41607FDF5F809E1050805FE04FD080653
:10A91000F3FE2D0AE2EBFBFFEA02F00303F401026F
:10A920000522E8F7F2F60305F90704EEDAE8D71690
:10A93000DBF8EAFDFDEFF60BF9F0FFF405F4F4F2B5
:10A9400012F516EBC8EEED1DDFF501F9F80AF4F289
:10A95000FDED03F807FB02F4140804020B1000EFEE
:10A96000EAD5040406F7FEEFFDF70F150203EFF03A
:10A970000803F61EFF2200FF12220DFC01FD080F46
:10A98000FAF6071405F70AE9010A030AF420EFFFB3
:10A99000F9080200FFFE09F3FC050CEE01F706F9C9
:10A9A0000901FD190803ED0C0B0B00F80BFD0BF171
:10A9B00006FB012702020DF7F60B13010AE218034A
:10A9C000EA1308F3F4F60AF3F402F20309060201AB
:10A9D0000B100FF0F8F20DFDFA43F80108EEFE0C33
:10A9E0000108F7EB0BFBFC1CFBF90901E90C06164F
:10A9F0001524FBFF06FC08F1FCF008F2FF08040830
:10AA0000FD0EF712F0F9FAE5F40708F701FAFDF97F
:10AA100002040401EDFFFD03F30BF8F0F5EA120860
:10AA20000D0C00F20B02FFED03F002F6FBF6F5FC55
:10AA3000F6EE21E3F7F9D8130207FF010BEFFD0350
:10AA40000206011C07FBFFF51305F8F4F7F9E31CF8
:10AA5000E005020005F9FA01F409FBFD12020C0100
:10AA600000F70FF7020205F1F2FBFB08FEFEFDEE18
:10AA700007F000F105080106FEFDED0BF9CDF01021
:10AA800003FBF601FDE6F8E6F4FAF4DF0708F90047
:10AA9000F1000CE7E8DCDB28F6ECF8FE0BF8050F1C
:10AAA0000B0200DCFE07F8F3F41406FCD9E4E80618
:10AAB00004F6E40908FF13FDF413FCF508F20001A5
:10AAC0000902F6F4DCEA001A20D4190A0BF6F3F4B2
:10AAD000F8F1FDF1EDFCFEE81302FD050B06FDF8B3
:10AAE000DCB3170B07F9050A0710F8DDDF0AEFDE04
:10AAF0001B0E321412EBF203E8C30BF8F9F005F663
:10AB0000FA0B04E9D807EDDC18271FFA25D5D8F78A
:10AB10000CDDF1100601F5EE0D340204EFE9FCE363
:10AB20000A141EE8FAC2E917F13300F6FFF00AF141
:10AB3000F3240309F20104F9FF08F61813F60711CC
:10AB400011260C06F9EB0410F609F2FADCFFFBF310
:10AB500008FF02F41700FB06F7EA04FF02F50905F7
:10AB60000AEDFDE3F604F8D80F0B0906F1E2E1F86F
:10AB700002F6EAEE0DFA0104010CF9FDFA04F1ED1A
:10AB80001218FC02F90FCFF907FE0EFDF70606F8C2
:10AB90000A00F202F403FB02EB00DAF6070A35F7CB
:10ABA000C7EB1504FFFEEB1B0AEC02FA020C05EAE8
:10ABB000F3E918E6FC35F804CA020602FC01FFFDC1
:10ABC000FD00F40DE907F4EA201B02FCFB06E4E1BA
:10ABD0000207F8FF0A0EFFFF00F7F81B180A01F73B
:10ABE000F3EDEBFFF72919042B0B130DF40D06EA17
:10ABF00001F2F40AF2FD0803F9F5F00408FA17F976
:10AC00000513F2FFFAE7FD030515F5EEE906EE017F
:10AC1000FB09140BF3F4160EE2FFF702090CFC1209
:10AC2000FCEB06F201F5F90400070BEF0810D0F277
:10AC3000F5FDED030913000D02E9FA0B1307FA0401
:10AC4000F4FDFCF9FD100EF5C6EBEB0205FBFEDD95
:10AC5000F7F80E06F0FC07DAF8E4FAFCF5E6FA0C71
:10AC60002A26E803050D02F404F20D2312EE020673
:10AC7000D8F0E601E714F503F419EEFD0A0CF82408
:10AC80000C02090E2CEEFC18EDF2D5F716FE03FCB3
:10AC9000F5E712FAFA140204FCF30B0109F0FE1DA9
:10ACA000EAE219FA313CCD03F6D7E9F9F8F5FFEB02
:10ACB000FA15FFFBF8F6F61E01FCE8DCE7C8B7F969
:10ACC00006E1D50005081308EFFF01041C02093650
:10ACD0001B0C04EECECBE3F0050CF809010A0927A2
:10ACE0000F3001F6040E0310131AF2D9DB0B1FFE0E
:10ACF000E3DBFF021501FE2AFAF706020DE603FC6C
:10AD0000E5E527D228F8FC22ECE5170305EBF7D39D
:10AD100009D40AFB0C0AF5EC10F60A000513E3FD52
:10AD2000F101EFFA15FF0929FD17E8FBE2EE06FF36
:10AD30000108DED606E612EEDECF1B0BFBF2F22098
:10AD4000FAFDF7F0EC091CD0F7180BE8E0E8F0EC9E
:10AD5000CEE105FB05DEFA14F9E8EFF308F119E49A
:10AD6000021011EFEAD4DA0F3A000F0A110E040EA6
:10AD700016DF0BFA08F100F41606E62C1C292EE863
:10AD8000210014FC0DED01C30616F717090304F8A2
:10AD900008E109093B061CE9F40423FD07E70CE17F
:10ADA000F9260F0DF20404EB0214FF2107CFF80778
:10ADB000E6F0F5EF09EAF9E9010DF7FAED07EED44F
:10ADC0000B0316F200C1DD3C01CA000C11F40410A3
:10ADD000F71DF803EF0D05EFF8F0F4F3EAF322F8AE
:10ADE0000FDA070709F9FDF3070CFA11FDF8FBE18B
:10ADF0001904FBE7EB0020040DC40604FB000A0A5B
:10AE0000F50B0909F10003EF1CFE0AF3EEF8151526
:10AE1000F1DC100201000F0604D703EAF60B0BE287
:10AE20000F0DE324F6D104090E19FFFC02FDFEFC10
:10AE3000FBEFFBFE07F9F709ECF50710F2E8120546
:10AE40001F2AFBFEFCF3FBDF03FAEF05E701FEEF31
:10AE5000060E1323001CFC0D1137050C070901D643
:10AE6000FCD01101EBFB04200FFAF30809F40812DF
:10AE70001F030DFE06F50BEA0BD2FDE10903F013EB
:10AE8000F9EE0D41F21B0526F70C030BFCF5F5005E
:10AE9000030AFFDBECFEF809F4FA16D1F7DDD00F58
:10AEA000F511E60307F104E7FF1BFBEAEC01F129CA
:10AEB000180C11FCEBF5F51B150DEBFFEA040DFC6E
:10AEC0000602FDF3FB18FD2C06FEFFFB0A0EF7023F
:10AED0001309000C01F901ED041404EA06F4FD0B5A
:10AEE000F7ED2115F2FA031ED1F5030807FAF51064
:10AEF000020500F700010408020108E0F7FDEB0776
:10AF0000D7DBF7031213FF1FFA0AFD05E702F9E08A
:10AF1000170601F9FD0CFD0004F6ECF8EFFDF61440
:10AF2000F60B02FFF80801FD0AF102F11836EE0AED
:10AF3000211111FEFDFBFEFEF9ECF3070A05F103FA
:10AF4000FF030603053417E43012F6F7FEFE04F79C
:10AF5000FC0BF808FDFBFBE20C11F906FCF70009FD
:10AF60001BEDF9FEF9E903F2F41DF7FE0DFCF90201
:10AF70000DFA1B0104110F1503DC0B0B00FDFD0185
:10AF80000AFDF7EFF1F4F9F50808F30E0906020CD3
:10AF9000F607FA0C0B00FA1BFFFCF9E8F7F8F6FECF
:10AFA000FAFEE922FCECF318F9F7FFF708FBFAEADE
:10AFB000021503FAEB07F2FBFEF90AEDFDDEFD1BBD
:10AFC000F707EF02FCFD02FA0512FB00ED0400FB9F
:10AFD00009010414F1D5EE1C16E5040604F2FA0783
:10AFE000FFE000ECFB0502F8101314F303FBFFE68F
:10AFF000FC0F150100FB071101DBFAE70702F3DE86
:10B00000F905163CFA12DF08EBF3F703FEF4FBFE3A
:10B010000DFEECEDE209FE02100608CAF8E0C503D9
:10B0200023FEEF0909E80CF2F601FDF2F2FCF7024B
:10B030001408F1F4F9E1E9060CFFFDFB07F5FDE961
:10B04000FEF609DFF8FAFD0904F10709E0F6F60B50
:10B050001E00FD070804F8F9F719FA0E060EF7F0BE
:10B06000EF020A1BFDF7EC0DFFE506FC0EF50512DD
:10B07000FD0005F7FB00FEF5070600EC0200E2FF0D
:10B08000F202EAFC04FDFA18020CFD0DEEFFFA05CF
:10B09000050AF50128100AE80A10FEFFFC07FDF674
:10B0A000EE150305E2FC00F112FCE2022B04350F61
:10B0B000100907F70200FFFFFA0708231816EC092A
:10B0C000FCFFEE0409FF48F3EE1103FEFB06FE1B36
:10B0D0000211FDFB0C0304111007F7160C26F3F602
:10B0E000ED0412F5010806FA05E505040102FE006B
:10B0F0000811FA0E071832EEFC150506F9FE0101DB
:10B10000021EFC06F710FDF208F91CF10BEE00EE32
:10B110001020FA05FD000A0A0723030BF403F4F0DC
:10B1200011042CEBF0FDEEF4F5E3F60A0916F81322
:10B13000031110FA1BFD09070F08F6FA0438F7F49B
:10B14000F62906FE00FEFD0901E6FFE61208070FDC
:10B15000FC100FFD03180AE4FA04060203FC0202C5
:10B16000000EF9F8FEFBFAF808F90AFA0822FB0EBD
:10B17000FC24FA0202060615090DFFF1FAFEF20799
:10B180000201FACEE80A0205EFE407010205FE2AF1
:10B1900006FE0CF40AFD151BFDFFFFEEFF29E5ED91
:10B1A000EFF4000802FA060103FD00F801FB101D90
:10B1B000111608090013EA05E10BFD09FD06F9E87F
:10B1C0000BEB020B090005F712F002071D19000333
:10B1D000FF05FB08FFFD0519FA03FE141DFBFF0622
:10B1E00003F6FDF3102111D9E5F40E0B0AFEFB1056
:10B1F000020A10EA0FFC07FDF0F814F1ECF8D3F89E
:10B20000DFEF0701F5F6FE100DED04F30801F7116D
:10B21000FB1401E1F8FAB420E7F9FAFBFC02F901AA
:10B2200002DC1AE21AFEFE01F6050A0DF6DFFEF454
:10B23000FFFDEF010109F9FAEE02FDF20AF50F0D2B
:10B24000FF0F07FC04F6FEEBE8E301F1FFFEF9FA5D
:10B25000F72BFA06EDF509F6FEF7FEFAEEC619F73A
:10B26000D4E7F8F5F7FFF800F0FCFFDE2006080E43
:10B27000FDF3FAEAE7D3E4F8DBEAF8FAF50AFE1E92
:10B28000F7D8050DF1001303FAFAFDF9F023ECFCF1
:10B2900000D7E4F2FDFCFD0706DBF8F8EDF503EF5F
:10B2A000190D0BE3FCECF3D115EDFE0006FF13ECDA
:10B2B00007E7F60F07FB03FBF001F604F2F9231092
:10B2C0000ABE16F705F6F2D8EDE7FCFDFDF9F9F137
:10B2D000F9F9F81008EF19131EDF13FFF8FA0BDC69
:10B2E000FFDD1903EEF700F0FCF919E6FDBD1410BF
:10B2F00010DB0E03F602010606FCFAFB03F50DFF58
:10B3000009F608F3F2E70F1D04290A07FD0000E023
:10B31000050DF90FF40001FDDC02FB1C07C6E8FA7D
:10B320002816F8000301F8C8080AFBFFFEFDFC0818
:10B330000CE3F917EBF7F618290AFEF5FE01F9C63A
:10B34000141204EFF702ECFEFE010F19FD040A11BE
:10B350004F18FBF40DF70AF0FE370705090302F159
:10B36000ECFD0DFEDADF0513DCFA010402FE030E2C
:10B37000FD19F1140209F21BE8FC19CDF5EEDA070C
:10B3800012E6E5070302FFF900F1FCEAF801F8FD17
:10B390000803EAEF021BFD0528FB00F0F60509078C
:10B3A000FA06F7E00204FEF613EAF31AFF2607DFB7
:10B3B00033192AF4F10D0900FD03F4FB071EEA120C
:10B3C000FA00D827F22A13C30CFCF5F7030A07FF8B
:10B3D000F61CFCF2F7FEFEFF0AFF0707F009020168
:10B3E000ED0F0908060800FD001E02FB01F2FEF247
:10B3F000FC03F7FEEA0AEA001E030108FC0BFAF55B
:10B40000F8F308F809F9F60701F8E2EAEF0BE106AC
:10B4100005FB0509FD04F31000E2FFFBFC07F7FD47
:10B420000302F8190004F8FE101BFD07FAF9F4FDF9
:10B43000FA0906FEFCF4F8040F03FBF8FA09E7F733
:10B440000018FC0CFCF9F4ECFF0710F813FA080ADA
:10B4500008FEFAFAF6F4EA060CFF0402040603F703
:10B4600004F806060805FE0DEC0DFAF001F605EFEE
:10B4700001100CEF01FFFF10010BFA0C0D0E02FA88
:10B48000F3020117050EF4FE02F6F9FC01FC05FDBE
:10B49000F82603EBFD01FCFCFC0A1AE5FBF9A90305
:10B4A0001817F60E03FFFCF6060A0704FA1605E95C
:10B4B0000D0DFDECF8F1EFFE0819F4000106FD0C8E
:10B4C00000070704FC0501F1F4F9F5140D05180A4D
:10B4D00005F90C02FA05FA00FB06030B0900070048
:10B4E0000C1703FBEDF60AF808F508080000010D3B
:10B4F000FC1303EBF105FDEB1B0B12D3FF0DCDF796
:10B5000033E809F9F709FCF9FEE00C0C0AFDF8F83C
:10B510000005F3E603FC1AE0100012F400050ADA55
:10B5200000F10310FBFBFC040102E90D1DF12CD21C
:10B53000040312040502FFEE01F304FFFBFF03F214
:10B54000FA07021104F3231619F5FD07FC0510F4A0
:10B550000917FA03FDFEFFEE0C09F00BFCEBE90BFB
:10B56000FCECFBFDF9F4FBD20923F2E7E0F308EB76
:10B570000501190BF6EBEC271DDF03FD0DFB0BEDB1
:10B58000FC15FEE8FBFBF9FFFC11F202E811F017D5
:10B59000FB00010A0DFA0618FB02FAE5080101F5A5
:10B5A0000602E71D0100F60EFBD301F9F9FD01E6E5
:10B5B000F91EFEF3E402FDF3100107F504DCD313DA
:10B5C0001822E601F7F201D5002BE9F4EDF9EFFFBF
:10B5D00015FD08FFF9CEF91B161B0A0008010B0127
:10B5E000F5EA04F2F600F204F70401E9E6090B07B4
:10B5F000F6FA23080108FF2608E3F8ED06F301F147
:10B60000020FF712F82AE2E600E7090B05F7000837
:10B61000F00CEDDEECF4FCE3270A0FDE02FABC0EC0
:10B62000FE02F90402F4F6FC08F104EF030DFDF14B
:10B63000FFFA02EF02E1FE091B050A07FF0A06E412
:10B64000F90303FC0C0A01FFEE03070CE1110EF1F4
:10B65000070B06FD020202FFF811F7FF08FC040BBE
:10B66000FD03110708E1D3E9F6EF08030D000721F8
:10B6700001E9F50101FA02EA110DFCE30609FF07F1
:10B68000DFF4F605F7040D0107F8FC200F01FBFBC2
:10B69000FEFBFDFD10050AF2130AFEF5F909FFE0B5
:10B6A000F70B02F8F811FCF8FCFF02FB06FD12F3A1
:10B6B00011FF04FF0DFAFDEA031CFA00F70002F582
:10B6C000FC02F9FD08EA0C07EE07FD0005FCFFEEA1
:10B6D00000170209F8FA0AFDF7040114F1EB04104F
:10B6E000F635F6FBFB090CF7FFF40318030C090C05
:10B6F000E6EED30AEEF71B060C4AF4F60409FD0A3F
:10B7000004ED13FD140C0924E4EED5FEF93011EA22
:10B71000E9E80A06F4FB0720FFD80CED0BF50A193F
:10B72000EDF4090A2016CDEFF903FAF3FB02FFEE60
:10B73000FE0401EBF910F918FCF81305F2F6E60522
:10B74000EF16EF020110FEF000FA0EDC10FE0514F9
:10B75000FC08E008E0101A011AD709010409F415E1
:10B76000FE0C0306FF0A09FFF91115FAFBE31CF5AD
:10B77000FCEE0F0100FC010F010CFF0B09F70CE1BF
:10B7800001012EE721D9EB01FEFCF811FDFF02FEBD
:10B7900007F9F1FD100200FAFEFA04F2FC05E70ECB
:10B7A0000807F6F3F001FCF906FFFF17F807FFFCA6
:10B7B000FA02F2FC16E315FAF9EE13FD03F501E8BF
:10B7C000F71FE6F9E60902FDFDFDEDFCF2DBF601EF
:10B7D00014FF0006070200FD061B02F5E80AFBF550
:10B7E000140F1FF6DDD3EF20E0F5FF090A05F7057A
:10B7F000F713FD08FC0406FFFEFE03E501FA01F85D
:10B80000DE01F9F1F00101E6F9F40600F106FF02AC
:10B81000FAF5FE000E0E07EF0606EB08F603FEF043
:10B82000F90DF60AF0FCFC0115F8E1FEFDF6120C2C
:10B83000080CFFFCFCFA0902FDF906F8F903F9F11E
:10B8400003FFF7FAFBEA051613EBE915000406FB04
:10B85000FBE402190A0E010AF402FBE40A042BFEBF
:10B860001530F50704F6FBF318FB001D3102081430
:10B87000ECE6E9F50EFAF6FB20091902FE01F8FDE7
:10B880000100000312EBFFFFEAF0DB06FE100BEEF7
:10B89000FD03F9FE08FE02F6FCEEF51CF3FEFFFCCC
:10B8A000F4F9F900E9032EFCFB05F702F9ECEE0EC2
:10B8B000FC11F5FAF50B01FFE9EB01CBF6CF080D12
:10B8C000150DE4F80213FD15FC14F30FF0EE080F4C
:10B8D00000F916E3CFDAD21D0731F8FB0303FF02AC
:10B8E000F91AEF07FC1101010212EAF7FE06EE0257
:10B8F000F111FFF60CF209EEFDFC0C18E8FB061145
:10B90000EAF114F91FFB13F9F3DC03F50605FDE278
:10B9100007DA0610EE1209FAF1F206F8FCE81AFD51
:10B920000EF000FCFF0E01FF0015FD15E5F3F9F721
:10B93000F1FAD1D10A1914E900EC13060C0CFE2B14
:10B940000BE3F4FB07F8F711FDFD05E5FA19010C0F
:10B95000CFE71C0205F6F8F80CE1F7E30702FD1447
:10B9600001F6F706F502E7F8440EDD02F1060EC215
:10B9700009D90D0316FD040602E5F53FFFF753FE56
:10B98000341F0B01090601EDF3E4FFE61EFE17FB71
:10B99000E7E9EA3FF0232EF417141DEF0BF305CE71
:10B9A000071B0011FDFD1F05F701F5FC17F9EB0E54
:10B9B000DDECFD09FFF408FD0D15F31904F90AE8A3
:10B9C000FEF916F305CFCE053F030CF6F5FA07ECAA
:10B9D000F9C81AFE09FA09F10C02F11D22103FE91B
:10B9E00017F80C0605060C1AFBE7FF05E7EE06E65E
:10B9F000FEF5E921FFF221EAF9D60107030303F777
:10BA000001FFEC01F802FCF105FAF5FF0EBFECFCBA
:10BA1000FDD7F7EB1304FC00FD06060AF0F7FD0165
:10BA2000F7F01003220BE110F5110507FBE9F80D03
:10BA300009EAF024FD010209FAEF0EF1FFD1FA0143
:10BA4000144AEF0700060AFFF22C0123FF030C0F34
:10BA5000FAFFFE00F30DE308EC48EEECFB06F71BE3
:10BA600007080FF6200BFB0C13FBEDF0F32B100E69
:10BA7000F22001F2FB14FDE9F6E7F719FE0EF113CF
:10BA800002EEDD03CC0B35F9FF06F0F1FD03F9E61C
:10BA900001E8FD15F402F20EFEECE53F12FD2F1C4D
:10BAA00023ED01F9F1FD030D02CEFBF3FDF00EF9DC
:10BAB000F8FAF81EF5EA06F4E9D805FEF5170B0BBF
:10BAC000FFCA03F414E40E02EAEA02EC071925EFB8
:10BAD000C2F5F813030311F30FFA000103FC060388
:10BAE000F1FD09121203E6DD0603FCEBFF05FDFB89
:10BAF00004F10FF7F9F50F19E9EDF122EFC716067A
:10BB000019FBFB03F8FCF7F1FE000FFA1D0B0714FD
:10BB1000F6F9D30C1FEAE60006FCF8FAFC00EFED9C
:10BB20000729FE13EE01011AE8070425FAF5EFFCD8
:10BB300016DB030107E001E4F909FDF8F6FC03F860
:10BB4000E6F8F5F1EFC6E1F80EF905F706FAEFE3CE
:10BB5000071CF3E7DF0EFEE7F800FF11E9E40D0331
:10BB6000F010FC020707000605E90D04F90410FABD
:10BB7000F0FE0A1AFCF0DFFCC8CF0A11FC02FF2419
:10BB800006E60606F6F10DF8EC0F12FD130807EEB7
:10BB9000D1D1E605FDF9F832010AF9E7FEE9FDFE2B
:10BBA000FF0B21F127E4AEDE0C1D0609FE08F1D3E0
:10BBB0000205F1E40206FCF6FFFEF90DF8F5F712B6
:10BBC0001DE709FBF401F8F2030C04EE03F7F60697
:10BBD000FCFEDEEAFF0E09EF04B22505FD02FFF2CE
:10BBE00007F512F5F0FBFED8F20C26F109CA07FBA7
:10BBF000FEBA010112E90223031FFF01F6F8FEDB82
:10BC00001C1625EC19E4DAF4F2100201F60E02001B
:10BC1000000F0A0700FAFD05F1010717F3FAF5F81E
:10BC2000270DFF0BFF08FFDAFBFDF606030AFB10EA
:10BC300005F7DBF0101134EA180125FE09F0F9F2DE
:10BC400002190C0DF3F9F9E8F50102ECF104FD011C
:10BC50002403F9F803DFF6FCFC17F611E6F1F4D83B
:10BC600008FA0CD5FCDEF4F619F8F608030C081EE9
:10BC7000FF0DF212F2FA08FD000800EB101109099D
:10BC8000E70B040BFD09FFE501EE0011E80EF8FEDD
:10BC900009F8DB23200F30ED0F260BFC0808FAEB28
:10BCA0000D1D07EEF6F900FEF7FAF80A0426E1F694
:10BCB000070FF1070B0D021DFDF20A111105FA061F
:10BCC0000E06E80DFC1CF5D82315FFFFF9FD0ADA76
:10BCD000FC23F50AEF0AFFE7E9F0FB13DCD9D61ED7
:10BCE0004956E4F1FF0801EBFE0CFC160518FCFDBB
:10BCF000DBF9CFF8E7FBEB053E1B0501F60906F57E
:10BD0000FE06061213F51417F4F9D110EFF0E2F85D
:10BD1000F6C908EAFB0107F9FEDF00FBF6ECF0F7D5
:10BD2000EEEDDB1B10F7EEF3EBDEFF0BFFFAFFFC93
:10BD3000F7F003EC1C06F6FFF5F1E9D2DE0FE201A5
:10BD4000F5C7E0F7F71500EF09F409100F0200013D
:10BD5000FE04D3E8D3102EEE06F00205F4FFFB1923
:10BD6000F30D0021F4080C04F7F500D61DE00FE3F5
:10BD7000F8D6FA0E07020114FCE5FDE1FFE511DD3E
:10BD8000FFF22EF526D7D90AECE9FAFFF60A0800E9
:10BD9000FBD60BF9060002EB1AF1F3E608230AE7DB
:10BDA000EFF0FAF9FCFFFEE005EBFD01F50D0FE306
:10BDB000EF0AE5F41AD536CDE40A11FC02F703299F
:10BDC000FD0DF704E1FDF0F7F1F8F0F2F5E4F5E729
:10BDD00006F9FE01FFEBF400F700EFD2DDF9F5E420
:10BDE000170F1CE1FFD5F94202EDF1FC04F0FBFC5A
:10BDF000F6031912230902FF1105F8FFF6EB32FCD6
:10BE00000603ED04080001F8F6F202F309EC05F967
:10BE1000EFFBE427EB0A25E505F41602FAFB0AEB33
:10BE2000FA08FBF7F3FFF6060D1217E7F1EFC90D5D
:10BE30000109F1F5FBE70E3D02F2FEE602FFFEE826
:10BE400015EE19E9E803E008F8E3FFF9FAF4FB144A
:10BE500001F4F9F70F1302070002FCE20A0203E5FE
:10BE600000040507000C040C02FC0B11F7F403EEB0
:10BE7000FA0304EDFFF2FCFA2CECFDFE020301D103
:10BE8000FC0C02F8FAEFFDFA07F9EFE0DFCBFC0D4E
:10BE9000110F22EC030404D806170410FB0DF7065B
:10BEA000FBE7EC07F4FC1305DE010EF604090713AB
:10BEB0000CEAF610EF0511EEFBF506FD11F317F98C
:10BEC0000504EAFCF902030EF815F512050605FE55
:10BED0000DEF15EA11EEE3040030F2FAFE0B05F463
:10BEE0000B28FA110A0EF025F405C6FAEB2AF51D07
:10BEF0001D350B14FC15FDE303F603280F09F23E74
:10BF0000E8F5BD0FE31F20E314F60300FF02FEEC8B
:10BF100009E304FC01EFF8F3060B1C2A121303F0EB
:10BF2000F0050C060F130B10F201F8F60903F8E701
:10BF3000F7FC1023F7FCF5F7EB0DEB0AFE0F0418E6
:10BF40000BCE10F533FF0313E702F1F50627FA00D5
:10BF5000DFF5030F0504F1F8FDEE0B00FBF0071908
:10BF6000EF120706240BC0DF1B1FFFF003FCF609CE
:10BF700006ECFBE701F10D060501E910F7FBFC01FA
:10BF80003B040E08F2120502090500171FF405E92B
:10BF9000FFEAD60BFFFD00F00EED0FF4090BFDE9F3
:10BFA00002240041F00111F5DF090D122DD91BD437
:10BFB00016E209FAFAF0F9F9F61BFEFDEDF8FCD9E4
:10BFC000F30402F810BCE61AFBDF12FEF30406F3DA
:10BFD000FFF1F9F0F003F8E80AFB1104F501D617B8
:10BFE00005F90204FC03FEFA072403F8020101E943
:10BFF000080400FDF8F4FF01FD0DFD01011504F832
:10C000000F15FC0807FEF6EF090BF2EEF2F6F9FA4F
:10C0100018D91A0204F9F0F7000D0501FD08FE1009
:10C02000F0ED03E9F9FD0C14EA111C0303FDF90E10
:10C03000060A0BEC060EEB0606F7FFFF08FFE30E01
:10C04000F521F6FFFCFDF90CFFF006F91308F206E6
:10C050000B0905FAFAF9EEEF05040101FD03F8EB0F
:10C06000EEFD07F5FA0A02010A1600F50EFFFDFAC9
:10C07000F803FE0BFE05F2F3EB16EBFF0F0207F7DA
:10C0800001FC0FFAF2FC060D00F212FA01F108F8B9
:10C0900001FF05F60B040C00FCFA21FEFA02F3097D
:10C0A000F7FCF1FC11050E13FD0202FCF902F4F895
:10C0B000F001FFF4F9F4E8F1D8FCF010FC020209F9
:10C0C0000705020CF4FAF6EC0307FD0007FFEB028C
:10C0D000F7ECFC0E0700FF10FEFF0B05FA07F1FB63
:10C0E000FBFC0503FC09EA14DF170DFBFD0305EA61
:10C0F000F0F306F0EB0800F0F4F7FFEFFBF9EE04C5
:10C10000E7010205FBFC080BFD0A0EF0F3F205E364
:10C110000208FFE3F20CE601F4050100F005080B4C
:10C120000ADC0003F1FBFEF1061906FA1303FA0715
:10C13000F2FD0404000701FA01ED09FFFAFA0EFD11
:10C14000FD1118F916F5ECFBD808FBFC0AFCFBFA0C
:10C15000022BFE000705FB09E80724F1DFEEE910DA
:10C16000F321FF0E01FEFB06FB0502F30312F607A7
:10C17000FC0323E9D7F3DE101D200A06010B070399
:10C1800009E90EE6FD0D070AF311100311DAEEE7D7
:10C19000E8C71005FFFBFB07F3010DF302000303E3
:10C1A000FC14050901ECE6CC0ACB03F80A07F1FD03
:10C1B000F7FFFFF6000905F809050723EE24E70855
:10C1C000DCCB00EBFF0E040402E80C0121F5FEF8C5
:10C1D000F1F2D3F2143019F6FE060D06030503FA48
:10C1E000FDF9050AFE0206E4E40C18F011E2E4EFA2
:10C1F0001622F306F302FCF2F51BFE0FFB0607E521
:10C200002AFC38EC2BDE02F20316F1080708FAFBD1
:10C21000F422180B15F903F4F3FDF70FEDF6E8FD22
:10C220001CFF04FB040B00DC05190A0AFB06FBF6E5
:10C23000F7FE0D09170603031BF4F705F5F9FFFEDA
:10C24000031AF70ED6F603F9EAFEEEF90906F2EB49
:10C2500023F5F100FD03FE08F8F40FF7EB06F4EA0E
:10C260001FF706BCEE13363109FAFB03F903020B84
:10C27000FC2C051A0302FF050B1702E70300E80B6D
:10C2800001F10B0EFD030AF609120A08F9FFF9F095
:10C29000F7000FE9E60A1BF302F007060CFD05FCA8
:10C2A00003D1F8FEFD05FDF517090CEB072DF2F2A1
:10C2B00017141406FA01FC3E0BE602051811060DD0
:10C2C000FDF5FC1D014B16DAE2D8FAFCFFF6F7FE8D
:10C2D000030201F6F8F504E3FCFC0CF5E9FF0001AC
:10C2E000FBF8F206F4F8FE1504F8F70D02F7F9E092
:10C2F000220305E9FF05050E00C7EB0E04FBFFFA5C
:10C30000FF0B01F1E60101DC1B1306030ED9F91B3B
:10C3100007DC0B0105F3FEF006F6FAF8F103FEE97F
:10C320001301F00DE9E60815FA030FF0F1F906F034
:10C3300002EDFBF6F6F5FDF9EE040DD900E3110A66
:10C34000FB0505FB0CFC0AF9FF19F4EDF104FEF7FF
:10C35000FBFE12FDEFD5F31E0D4C020500F702E1C6
:10C360000B04F70B01F9FCFA14FDEBF707EBE804FB
:10C370001318F9FF0EF1FEDDFEF0F5E6FC07F6FC02
:10C38000F6F11133F20DE628F50600F903F104F990
:10C3900003FCEDFCF7FCF5FBF6F611FCFBE6E10B0C
:10C3A000EF12FE03FEFBFB07083100FCEA04FB0270
:10C3B000F80F1E0B09E8E0FE0E00F302EEFEFDF1A1
:10C3C00003E8EF05F70CF00F05FF04F0F9F3100296
:10C3D00011FE13F6F0F500FFE81104FB0509FB0B55
:10C3E000F2F50D0EF9ED1BFEFBFCFC0BFE02FBE96A
:10C3F000FD0BF500FCF9FF04FA0408F108FAEEFB66
:10C40000F7F30106FBFA081A0217F811E708F7F824
:10C4100012FD0AFE050810FAFC11EEF6FC0D050EE1
:10C42000F4F8F614F704F9F60CF703F5072B3421AA
:10C43000100F02FF0109F4F3FCF3F3FAFE04F8FB1A
:10C44000FB0BF807100D24E916FEFE0203F400F1C1
:10C4500005E107F50303F7F903FCFF0004F1DF0A28
:10C46000EEE40E0111F5F80B020EFCE8FD030612D6
:10C4700004FE0B0CF6FCC50DEAFC0403070C0F0CC4
:10C48000000CF7F70604F805FB0CF63003FFF10D7E
:10C49000073FEA05F9FF0807FAFCFB140504F21B45
:10C4A000FFFCFE0EF81826F80320080C030401ED2B
:10C4B000FBFD1BFE0808FCF80907060FFAE8E60674
:10C4C0000B1811FB03F5FDF3081A02EAF707F1F266
:10C4D000F9060F1EEFEEDE0701EF01FB0CFE04076D
:10C4E00007FE050602F2F3FD0C1B11E7F00524F62A
:10C4F000EDF7F6FD01F9FD1EF7060601FAF8011742
:10C50000F80E0D0CE9FC151009040CFA03FA03EC03
:10C5100003F7FF01FC06FAFE051610ED00E7DD1833
:10C520000BF50B02F5010E0507190B06F4FD07FAD2
:10C53000F412F3F4F8E6F10405ECF80302F502E76F
:10C54000F7080CEAF90405F001FEFDEB0DDA190914
:10C55000F7ECFEF80A0E04FC0317EF04F0FD06F6F4
:10C56000FC0911F5F5EAE91CFC020DF7E8080113D6
:10C57000FCFEF901EB01F912171416F5050FF7FE91
:10C580001200FE0406FAFE03F1090206FFFFF7ECB3
:10C590000B0107FA2FF016F5FD090AF9FEFC0FEB67
:10C5A000001401F8FDFFF5DF0807F7FC3CD3200B72
:10C5B000F4EDF7FD0AF908F9FAF9EEF2FBF8FDE7F8
:10C5C000F2F116F4FCE0EC1DD7DB01FB09F1F50CF0
:10C5D000FE0A05F5FE0DF209F50A14F2F506C7F894
:10C5E000FF09FC0FF90AFCF704F90EEFFE0BFD0042
:10C5F0000205FE110407EB011C4003F8030D02CCF9
:10C60000021A09F6F50802FB0A00E6FECFFB0F0C42
:10C610000F1707FC060E06F0FF00071E0CFDFE08B4
:10C62000FFF0D5E0D81055EFFDCC020405FC03184F
:10C63000F7F70A05FBF303F1F8FD0104FE20EFF321
:10C64000F413FAF80207F60001F612FF1F0203F5D1
:10C650000009F511060CEAEFFE110200F510FFEBE0
:10C66000FFED080D17FFF232F3FBF11A03060CE59C
:10C670000C3106F5001003EEFAF8F80A14060C3631
:10C68000F004E1ECE60738FC03FDFBEF0D020705C3
:10C69000EF0DFCEE05F70601F5FF15F902F5F9F8C7
:10C6A000D609F700F306F9F906050510F20B03F1B8
:10C6B000FA06E5EDF4FAD5E8EC0FECFFF703080D08
:10C6C000F7EF0B0D16030CFB030105040606000330
:10C6D0000EE8FF0503FB030C03D808F4FBFD04F68A
:10C6E00000FAFB080A02F3E81A0AFF01FAF4FC0D4B
:10C6F0000207FEF30FFD03F8FAF5FFF3FA0DE5F775
:10C700002BE8FB04FD1A080AFDFA100305F801E600
:10C710000D03DBEDF7FBFDF40AFB0EF3FE00FCEC72
:10C7200006F8080BFFFF0505EB0104FA38E8ECF00A
:10C7300009F6F9FF0AFE0AF6FBF202F9F4F112FB20
:10C7400001FE240012F7D1FF0DF0FF03070D020CCC
:10C75000FEFFF3F6F3FE0B08EEFA04E8FFF107F92B
:10C7600001DE0D030007051701F2F9F2FFEDF8FAFB
:10C770000A00F4FD07F3F3EDC6D2FB0BFDFC07F551
:10C78000FFEEF8F601F6FAE90AFA2711FEE304F5DE
:10C79000FFFC06F90600FB00021F0C18F70BF7FD63
:10C7A0000AFA09F7F3FC02FB0D0A090512FA09FE61
:10C7B000FC04FEF7F40207F1F80410210605F2026A
:10C7C00007171503FFFEF709FEF9F80F06FB03F93B
:10C7D00006FAE40E1F08F4ECF5F8020502FF03F771
:10C7E000F8F8FB090EEC00F6F9EA031AF905F6EF82
:10C7F0000DFFF1FF0604FDECFA0703ECF20202184C
:10C800000505F9F0E8F335F80B0905FC0802F90312
:10C8100001010307FBFB000B000D01020C000DF6EC
:10C820000E08FA0EFD0F060BF6EF000610F5FB0BD7
:10C8300001EBEAE707271402F70108FD1006F5F0FF
:10C8400007F3FBFCF201F60105F8EBEBF41404012D
:10C85000E50800FBFD0601F1FBE4020F00F2FCF627
:10C86000F606F7FA051C01ED0906F90D0910041189
:10C8700006ECF6FF0DF9FF0EF9EF020BFDFE30F7A7
:10C8800000160003FE0402FAFA0C08FB150108FF6B
:10C8900009FFF6000DE61C0DF5030A03FDF906E39A
:10C8A000FB0AF30709F70617F4EF0AF2FEFEE81198
:10C8B000FF10F404FFFF05F4F8F4F8FA00F6F30EA5
:10C8C000F004FCF5D714FD02170B170A0B0202F156
:10C8D000F7F7FFEBF5F7FDFA2410012207F60E003B
:10C8E000D7FB13F603FBFA15FD0D0017FBFFFFFA4C
:10C8F0000601FC14F806FFE6E6BD0E02EEFC01158B
:10C9000006FE0100E2F203041B131BFB16DC03010D
:10C91000F3E3F40505FC050D020800F3050D02091B
:10C92000070722E8E2FBF3EE2942010407FEFF04B9
:10C93000F8F2FA1F040EF21600040B1109120EFA97
:10C9400022F518FF10FEF612FDF1FB00EBF50408CE
:10C95000F5FB1E15FB0C0FF2EB260FFC01FFFAE5B1
:10C96000FC0205F2E80108FF0D000A1013DE09FEC3
:10C97000101800F6F9FC01F20A1508100802021E50
:10C980000400E10AE306040F0119FD0DFFF7FBFAAD
:10C99000F703E9E1FD070510F4F7152407DC03169A
:10C9A0001416FEF608FAFCF6FC33F90401F8FC084C
:10C9B000F603F0FF00F6DF1B1EF7F4FF09F9F8F3AA
:10C9C000FF01FE04F600F2010800F4FCFEFCF7157E
:10C9D0000FF60205F80B11FB0307F301000B020130
:10C9E00001F302F2F90E34E7E906FD05FF0605FB47
:10C9F000FF32F601F606FE02F30B2FECF202D00432
:10CA0000F4E3F20202FFFAFF08F405F2E8FDF7EAA8
:10CA1000050BEAE8F7E5F7FEF70204F60A1A05F84F
:10CA200004E4FE04100300F3F1F40105052206F509
:10CA30001B0901FD011007F6F70202F20F06091C9F
:10CA4000F9FB010D0B3727F713FA03FC03FD060270
:10CA500001F9051208FF09FDF7000BEE00E81E01C1
:10CA6000E3FAE708F2EBF81DFC1BF5F70811FB06EB
:10CA7000FF00DA16031C2AEEC7E0F2F5F600F00715
:10CA8000FCCEFEF805030E030C0FDD0C1514F5F5B6
:10CA9000E9BADDFD040A011E0BEE05EBE4F4FCF738
:10CAA0000001D8FAED0AEE06040DFFF0FC0904D5EA
:10CAB00003140420F000EEE6F3F2F9F8FDB52712B6
:10CAC0002DFE0003ECF109180AF3FC05F202F2F264
:10CAD00012F7E112FBF30A1B11ED1BF00FF7F4053F
:10CAE00001D6FEE41AFAF7F4FEFDF1E5F6E927DED9
:10CAF000DDA311F9FCF9F61B0DD00008FF020C06AE
:10CB00000405141CF2FF18D607FD1004010006C22C
:10CB100004BEF3F1E80A0A0B0400E619FFEE05EF84
:10CB2000E616180B020405FA02E70B1D0BEE0D1FAB
:10CB3000E6E7F011F8FF01FD14F718F4FF0F02ED1E
:10CB40000CE6F7E2F3140610161B0608F811E8FFCE
:10CB5000F2FB02F5FB00FBF4F914FE02050B00DC0E
:10CB6000E6F90D23F3F8FD08FE14F2E8F7090008D2
:10CB70000BDEFE1E0409F814FE01D72B221B05EE66
:10CB80000124F3FB07F301E0F507F80CF50C091598
:10CB90000109F9363DF426FCFD0D09F5FC0EFFEF09
:10CBA000F3FF060AFF050AF70BECEB0F4C3323F5F6
:10CBB000012403FDFC01FCFFFF08041E0C04F4FA31
:10CBC000FAF40517323A1BCCDBFCFE02FC09FAEE44
:10CBD000FD1F090CF7070303F5081A0800F4FE12FD
:10CBE000042EF6FFF60F0B00FB08FDF9F4110D1CE7
:10CBF000E7FEECF2EFFCF6FA1709FBFDF11308F083
:10CC000002F90B060703F907F100F908FA09FDF725
:10CC1000F3E80B0B0102021405F0FBF700FC06031E
:10CC2000F601F116F30CF9F4EBD102FF07FE090847
:10CC300003FEFCF50509060807FCFEE8EE0CF2040D
:10CC40000AB0020BFB0AFF0A01EB07E718FDFF041D
:10CC50000FFCE5EAEC2AFFED0EE41106060AFB05DF
:10CC600000160B11FC030AFAEB08030314E3FAF3B2
:10CC70000C1DFDFE01F4FA0F0709FE0D05F509FF75
:10CC80000205090024EBFDE70AFDF8010305F71092
:10CC900004E0031422050CE70BF7E807062CFAFF63
:10CCA000E10B0405F8050707FB03020F2100FB0257
:10CCB000F702FDEF131C01EEEA13FD06F9F7FB0086
:10CCC0000017F813F6F70200EC02F9F312EA09F77D
:10CCD00008F9F9F6F401FF06F6FB0C00F8F2FC087F
:10CCE000060000DAFBE90127F30FFCFD01F807F469
:10CCF000041E0DEE03F913F9F10CEB05F8EAFEF54D
:10CD0000D8FD0AEFFDF503E6FB0702F904FE0F0B61
:10CD1000EB0A14FDE3F1E500EC02F010F807FD1A50
:10CD2000FFFDFF0101FB0302040300EDE2D6F1F673
:10CD3000E0F8E6FD02FB0B110208FBEDFC04FBF240
:10CD40000C020EEACD01FA1912FAFFFE00FE02FEF5
:10CD500000FCFE02FEFAFFFA04FE0303FDFF02FFE1
:10CD6000FDFDFB04FE0102FB00FFFF020100FE06C9
:10CD700004FF02FBFAFFFE04F4FE01FC02030502BD
:10CD8000FFF7FC0105FF02050103FF00FE01FE00A5
:10CD9000FAFF03FF01040002FD0000FD0408FA028F
:10CDA00000FCF803FCFDFFFBF9F3040204FBFEFEAC
:10CDB0000001FE01FF0401040301FCFEFFFE01016E
:10CDC00008F4F4FFFDFCFE00FDFE010001FEFE0282
:10CDD000FFFEFCFE01FBFEFC03FAFE04FFF7FFFF73
:10CDE000FEFCFE0301030302FEFEFC00FCFF04FF49
:10CDF0000007FF04FC0401F900FD0103FA0202FF31
:10CE000004F902FD02FCFE000800FBFFFF0006FC27
:10CE1000FFFCFD0100FB01FAFD01FC03FFFFFA012D
:10CE2000F0FDFD0004FFFCFDFDFD03FAFD03F7FC32
:10CE30000003030000020400F600000001FDFCFDF9
:10CE4000040302FF01FCFC05FD00FF00FBF8FCFEF3
:10CE500004030403F902FF02FD020306FE010306B8
:10CE6000F700FEFFFAFB03FBF809FC00FF02FF01DD
:10CE700001FFF9FE020200FAFAFDFE0303FEFB00C9
:10CE800003000202FBFD0105040300FF000106FF91
:10CE900000FD05FE00FF0301F804FFFAFE04FCFE9E
:10CEA00000FD0001FEFC0203FBFCFF05FE04FFFA8F
:10CEB00003FEFBFC05000300FC00F701020302FA7D
:10CEC000FE0000FFFEFFFAFFCD02F5FFFC080C1488
:10CED000FCF211FD1504F315F408F6E90E1A0DE73E
:10CEE000E8E4EF0B0802080401F1FA111EFF10112B
:10CEF000F906F217FB262BFE1D350C11F906FA0A6E
:10CF0000F1EF01E703E4FDF903FEF4FC0426FCED78
:10CF10000003FDFA07000AFB080AEEEDFBFB00EF39
:10CF20000D100E0B0AF6E5FD06B90DEBF2F6000347
:10CF300003050001EFFB1DFAF20B1C09FCFA17F6C2
:10CF4000F8F20DFA04F404FA09FFFEFEF8000811E5
:10CF5000000C121207D5E201EFE6FF0508F60113F7
:10CF6000F60EFBDD06FA1313F6F50F0700EEF926B1
:10CF7000ED0A0D0DF404FCF1FEFD00F1000E040FAE
:10CF8000070CDE11060AFBF40E02F30B07F905F697
:10CF90000F11F805F0F5FC060606F803E8EE170594
:10CFA00015FA17FF00070DEFFEF8F7F105F8FCFF83
:10CFB0000B090816F402CC2F0AFF05F6010907E455
:10CFC000F1FC11FF080904EA16FDF12AFCFAF00C45
:10CFD0001B0FFDFDFDFCF4FFF8FF09FA04FA0B023C
:10CFE000FBEDEEFE1F0413F5C40EFEFC0D00EFDD9D
:10CFF0000117FAED0BFC0009F1FB1211F0C9E6F67E
:10D00000D807060A0DF310EA0805FEF10906F52710
:10D01000050C1AD6E5E7C41EEFF9DE02F3FA070E97
:10D02000F5F500EC18F8F00A05F3FA0FCFE4F30E6B
:10D0300014F4EEF402FDF6F2F2F007EC07F2FB2333
:10D0400001FBF0EDDBF4231200BB0E0AF302FBFC44
:10D05000FACB07E0E50505E505011BF60800F70535
:10D06000D9C70AF600E7030605EF16D5CF0801EA8F
:10D07000021B330E11E2FCE6BABEFA15F900F619EE
:10D08000F8EAFCF7D8000CF1061F16051FD5F9F0D9
:10D09000F8DBD6FAFDF00E02071506F8FEF905F3E7
:10D0A00016150DDA14D9E3F402F409090EF5F8FAAD
:10D0B00001020DF7FBFDFCF9FCF81A3F110001021B
:10D0C000FEF20DF2FAFE01F007EA05F6F7F4FCF7BE
:10D0D00013FCF8204416F6F5F0CB0704F8F7F9EE48
:10D0E00001F006CEF7ECF8E6F8F0110A01F1DEF2F5
:10D0F000F1CEFFFCF1FA00F6FD05FEF6E8FE07F0C2
:10D1000001F7FCD50D01DCED1802FB0D100BF80C3E
:10D110000013FF0FE80F142AF90BF20308F0EEEFEB
:10D120001606EF0BF21112FDFD000FF72EF6F319A4
:10D130000C01E7F20D1B0101FD0013F20104F80DD3
:10D1400012E4090B2004F3F5FCFA0E07FB2CF2EBBA
:10D15000DE18E5FF0909080D0E0B03071EFC04EDA0
:10D1600016F7EEE10A3F33D80CF6FEF6F108070693
:10D170001204172007FF0504EE09FFF60BF62DFE3B
:10D18000070800FD000317EAFE03F3FD0AEE09F3AA
:10D19000FF011407EAEE1F0DD8F3F6FBFFFCFE0DAE
:10D1A000FFFE06E30CF50213F3F50BF2D0FAD214EE
:10D1B00004F6FAF50715FF1700F9080A15F712210A
:10D1C000F70302F2E2190C01FD0B04FFFBF903F86F
:10D1D0000B2E0308F4FF02F5000E0709FFE2E3053A
:10D1E00020F1090105FE00E7FF26F801EA04FEFC34
:10D1F000030E0509F8F9F01833FE04000406F6F2F0
:10D200000003F2EB0000F301000902FCFFECE10C6B
:10D2100004FC0902040A061E020601FF130903F4B6
:10D220000B05041F0208FE05F223F003FDFF0BF6B9
:10D23000081604EAFEFD04F2050E09E3FDE8BD024E
:10D240002728F80AECF6F5D5001901E90605FEF7DE
:10D25000120C09E5F8E3FE050DEC07000007FBF2F0
:10D2600001050908FB09FCF3ECF0F901FFFFF5FAF1
:10D270000D10150C0404001F0B07FD0A08FE04EA3C
:10D280000D1900161106DBDCF5E602FB0302FF1A9E
:10D29000050BF7001AFDF2EA1F1BFFC0002DD0029C
:10D2A000F60BF1000AFFFE0C03E90D041501F6036D
:10D2B000FB04FAEF000E04E8160FED01010D06E283
:10D2C000FE1F0419FB0504FAF506F5F5F6FF02FD4D
:10D2D000130D08FE0FF6FC0F0A14FA04FA00F9FB0E
:10D2E000FA0F04F308DAFDF5F2F2120903FE031F48
:10D2F00000F403FFFFFE05D80DFCFDF5021B00F254
:10D30000DF01F2FC06FD06080DFFFE0406F8F70536
:10D3100014FCE7F7F9220EDFF20BFF03FF0611FC06
:10D3200005F2FEFBF8FE030705140502F4F6EAF524
:10D3300009070AFB00F8FE0B0312F60CFCF709F3D1
:10D340000906F1F213F6031ED8191CF9FDFE02FDC1
:10D35000FFF20CEF0505FEFCFBFB11F2F608D0F91D
:10D36000ECE70A1001FC040C000AF3E30EFA02FEDB
:10D37000100D1AF1F7F8DD04F1D70304F90204DD0A
:10D3800005F303E7F50200EE13F70100F1EC1107D6
:10D390000631F6FFFE0C02F10A1D001F1907F61DEB
:10D3A000FE04DFDEF61B43070CE90BF90509F2FB6F
:10D3B000FFFB0BFCFDFBFB04160101FD0512F30056
:10D3C000ECFB07000703050C01F70B0109060FF240
:10D3D0000AFB14100A0CDBFAE71107040107090025
:10D3E000FFFE090F15F5FB0E0408F20D080A07FFF2
:10D3F000F823FD09FC0C09E90609080D04FD0D22BE
:10D40000F2FFED01ECF4330D05070AFDF5FB07F91A
:10D41000FF18090011FD02FBF6FE160D02E10813CC
:10D42000F20D0CFF0BFD0D0BFC1A0002F70D03E6CD
:10D43000F80500F1F0F3EFF9FFF4F108F9FD020946
:10D44000EDF00304F0F707EF180D03F7FFF90318E9
:10D45000E8F404FBFB0BFEFC00DEFDF2FD070AF422
:10D46000F508F00502FCEC060F0902FEF70504FEC4
:10D47000FE01F800FFFA0504FFFF06EBF3090102C5
:10D4800023020BFB000BFE0000010605040AFEF25E
:10D4900005FAF1DAF7F30BFB17FE09FBFD01FA12AF
:10D4A00007FBFB1B05FD0DF2F5FD00F51BFDF5155A
:10D4B000E8FDF002FEF903F4F7DE08F90DFC09FAC5
:10D4C00004F710F415E8DA000D26F5F80204140547
:10D4D000F823F6EAFBF9FF16020FF120F5E6F91042
:10D4E00036F00D050202010BF50C15F9FD050A21B8
:10D4F0000001DCFCF00AF4FBE8DD0A0FF704081A6F
:10D5000008010EF21F0012FBFBFDFDF40A09DBF31C
:10D5100003030209F30405F1FCE9F8FBF0F804DE6B
:10D52000110B24EE16FFDCDC0F040C0C09F900F6DD
:10D53000F01005F40A070CFC120EE007FD26ED02C0
:10D54000F60511F90208F8F7F5EF03E90FFE01F30C
:10D55000FDEAF2FAF213F402EBEE140F03FD06FA01
:10D5600010FE0EFE01F4F0E3F40605F1FEF0EA030E
:10D57000FFF808031006FAF6FD09030F030801047B
:10D580000416FAFA100701FC0701F109FFF6051B62
:10D59000FA110EE707F40505F7060CF3F711E0168C
:10D5A0003304EB08F609FDF3FA1901E7110CF4074F
:10D5B00004050E23EC01E70A030CE70C02F803F163
:10D5C000FB1209051FFAFEF8F4F6F20AF704E41557
:10D5D0000704FB10FD0B010301E00CFA020BFDF741
:10D5E000FBF807010008FBDFE6EE0807010E08065E
:10D5F0000316F3EAFB11FFF003120ED10AEAC6028A
:10D6000004DDF0F7FB08F71DEE05000D100303F332
:10D610001007FADF01F9BDFF31FD090FFA06EA1222
:10D62000050201011C0000F42205F1F6F014E8E9FE
:10D630001600211C030202FDFB1007E70C0EFC077D
:10D64000E606E31B133FEBBBF9C90B0DFAFD01F333
:10D65000FEFBFDF7FC0204E5100223E4F9E3C2023D
:10D660000CBC0AFC0EF100F90213FFE6FBFFF8EF19
:10D67000050421FFF5E5CF09010F08F612FBFFEEC7
:10D68000FB20F40B0500FBF1170A1B15E0F10F104E
:10D690000121F8FD01FDF2F6FF12FC110602F6F879
:10D6A0000805E003C30A360BEAFC09000AFD02F78D
:10D6B0000CF5FFF9FC0CFFE7F6FA0AEC05F5DE05C0
:10D6C000240607FAFEFC08110506F6F0001602E330
:10D6D00019FE14FD1516EE1A0608F10600FF0503E3
:10D6E000F8F006FFF901FAF80904EB02FBF900FC77
:10D6F00014C5F90B02FEFAF00CD7FBEEFAFAEE06AF
:10D700000501090DF6FF1608FBEA05050102FB11EC
:10D71000FDF7FEFE030707040A0AF5F7061FF402E9
:10D72000CBF10307F401FCFD08E8FC05F90DEEE977
:10D73000EFF117000D1229F2E311F608FEFC0114B7
:10D74000FAEF03FDF7FCFF0D1002F3FF08F1EAEA20
:10D75000E3FAF5F9FCF9FAEEF4EB05E9FFF8FDEB75
:10D76000FF03111519FCEF320DFC0500FBFE09F754
:10D77000FEF309160BFC03FC0203FF1502FE0E0468
:10D78000F0FD15F908EDFB0DFF0DFDFAFBF909029F
:10D7900003091B29010A17FBF701F804FF03FD1F0A
:10D7A0000AFB00F9F505050D0FFD0CFAFC09F2184E
:10D7B000E5E904070400F409FEE0FB05EBFB02F8D1
:10D7C00007010BFD0208F8E4012C05FF02FBF3EA58
:10D7D000F605FA070CF70008000F100CFB03EB141A
:10D7E000FE0B0FF901F9FAEEF70402F1F403F9095F
:10D7F000FE0411091005F5FCDCF808F700FF010F25
:10D80000F7FE0EF2EA000016EC0707031104FAF81F
:10D81000DEDAECF8FFF50517F9F5FEF005EDFF038C
:10D82000FF02F8FF13EADFF5F7190609000E08F505
:10D83000FAFEFCF3FD0105EF0E080C0DED0ED6040B
:10D84000FCCB14F301F8F2F5FE0800FAFD03F8F43E
:10D850001120F6FDF7FAF7E9F8CA0F0BFFF0F01FF9
:10D86000FDE605FCF8FD10EBFF002002FED7F804F2
:10D87000E5BCFD0D01FA0933FC0603E7F3F609DC0C
:10D880001D1826F903DBD41306F7FE04FB0C000E6B
:10D890000309FCFB0400F7F20E08FFED05FEEF00A4
:10D8A00008021B0408F901E3FDE60302E1FAFA0AA3
:10D8B0000E04E1F224E81F0600F81FFA09F2F9FE4F
:10D8C0000C0F09FBE5F1FFDBFAF100F5FCE905EED1
:10D8D000FD0FF0F506F100FC0527FB0100FCF9E166
:10D8E000250910E115DBE4F6E7EFF80400FBFB1770
:10D8F00006F8060D0103F9FB0B08EAFB0B0622EF05
:10D90000FC04FEFFFBF5FF05FADF0707E5F605025D
:10D9100000F8ED1606011204EA010BFE04F70907F0
:10D92000001301E9F6F80A01F5FF04FBEEE8E5FD56
:10D93000F601E10F04F7F208FFF903EFF3FEF4003C
:10D940002E0401FDFDE8E608F1D0030801F8060702
:10D95000FE0CFDF1FAFFFDF303FD11FBF3F6D00F12
:10D9600012F90A0702F5FEE3011BFEF20807FAFAB4
:10D970000C0C0B12E4EBDA192B1EF9FEFB05FCE98B
:10D98000030E04050802FB06F4F9DB00CE0F1318A2
:10D99000142AFCFCFE11FDFEF701030E0EFC001123
:10D9A000FDF8CFF7F10C450EF1EAF8040109F9068C
:10D9B000FD0F0B06FD0207FCFD0716E4090AD10561
:10D9C000FC16E203F5FA08EFF41C03EE001302F272
:10D9D0000010071205F6FAF70631FBF505FD0C01FC
:10D9E00006E5010221080A15FDFE0702F80410FCF5
:10D9F000F2200705F514032BFFE001FD0F07FC19CA
:10DA00000C10F31AF2171BF4FFE4FBFC13F10015E2
:10DA10000516EFE403FAEDED06160DF209FFE50C2D
:10DA2000FEFFF60A020509F303F10805020A09E000
:10DA3000030200F2F7FAE7F1FDFCE607FF1307FF28
:10DA40000A0402040302FCF3FA03FD03F808F214CB
:10DA500001F7050B07FDFFF1F80B05F508FA0BFAC6
:10DA6000FC1B0DF900E1E2EBE3F1F504090AFE0A03
:10DA700001FA0309080009FD0110F4F5FE17F90188
:10DA800011F2FEFDF50EFAF900EF090F06F5F9FDAA
:10DA90000600F9FE101907F506FB0FECFE10F5F86D
:10DAA0000516FFFFEF07FCFFECF1F5120CED23EA82
:10DAB000EDF501FE02FFF8EF07FDFAF6F2FDFDF9C4
:10DAC00003F70A0D1AEDF31FF30011FE09F7F6ED47
:10DAD00009EFFFFB090701F00801FEFD0CFE00F451
:10DAE000FB18E80D0305F813F2F2070D0FFEFC0416
:10DAF00003F2EDED1629F2FA080E05FDF61D0201FE
:10DB00000716F11010E50F0FE901EA050E2F0205C7
:10DB100004F609EFFA10FFEEF70A0413FFFBFA16FA
:10DB2000E7EAF2FE1E1A0616FB000200F8F902FFF1
:10DB3000F4090D00FCF6F40CFBF2EEE8F0F0000343
:10DB40001813EA060E150012F71604F9F908021C5C
:10DB5000F8F02505D8DFE1FDFC1CFBF00812F50A02
:10DB60000818F9010A00F226170FF0E3F0010AF095
:10DB7000FD13FDFFF6F7F4EC0DFDF9090500020DAC
:10DB8000DEE4EEEEF2EB2615FAEC15F10CFE01F0F8
:10DB900000EE0013030AFBF5FCE40201F513190380
:10DBA000FBF3F2F402F80318FE12FFFEEEF5031188
:10DBB000E716FECEF0F2F6F9F6F501070800012BA4
:10DBC0000BDF00EA1BFFFBFC0612FAEAF418F7FE73
:10DBD000E2EA0BF5F9EFFB0C02D8FAE7FD0B0807B8
:10DBE000FF01F910EF12E902531005FE04F304DB04
:10DBF00002ED13F3F701FEE013F7F142FCF220F01F
:10DC00001B111BF7F20DFBE5041005F01308FFF0E4
:10DC1000ECF50D10F4E702F4D9160C0CF70212E53E
:10DC200005F5FB0BF8F402F9FE111AEEFFFBD91F04
:10DC3000B7DCE106F5F0FFEE05E9F0F4FDF509E4E7
:10DC4000F9FE2AEB11DDB819ED1CF20A0103FCDC28
:10DC5000043206FF000100F602030105D7E2D117E6
:10DC60000921F2FD080902DF07FB0A09FB17FF156E
:10DC7000EC0BE0FCE71014F9FA2602F2060BF603AF
:10DC8000F702F71B04010311FDFDE1F50608220C64
:10DC90000E1501FBF506FBFF05F3FF07040602F76F
:10DCA000F8E900020B0218F8DAE0FF0606F904FBB7
:10DCB000FB1006F31201FE13100AF5DBF23CC7015C
:10DCC000FDC2FCF80213FFEF06E7FFFC04FD041B96
:10DCD0000100EFE0F4080BE011E40912F305020281
:10DCE000F909FA0903030F0A0800F7040EEA03E82A
:10DCF000F6E4100904F7091603F5070614F3FDFF0F
:10DD0000E5F00C000B06F81402F4F500FA1000130D
:10DD100001E50AFF19FB0BE507FDFCE5083F19FAD1
:10DD2000E800EAFEF5050E040E00F012F8030BF70A
:10DD3000E6F9E40311033AD8F5100003F5FA0506F5
:10DD4000F80E0801FA06FD0BEFF2EAFE0DF501F8F8
:10DD5000F8FC0206FFFBF60BFFFE08ECE7FDF2F213
:10DD60000702071002FB00F8F8F80006051003127E
:10DD7000FEFC0C0E07FF03FE0B0D0BE5FD07F4EE9A
:10DD800009F7FB0700F10C0504FEFEF5FE02000496
:10DD900002FAF9F6FAFFF3E2150510F9F9FBFA04B5
:10DDA000FDEF0801F4FBF10C09FDFF0BFDE91B027F
:10DDB0000DF9FD0E06F0FD1BFB020BF4F90804FF44
:10DDC000FFFAFD0001F8EAFBF9FBFE000004FAFA95
:10DDD000FE00FF0807F507050D01EB0B1BF023FC08
:10DDE0000AF705FBFCF5010306FFFE1DFFF106081F
:10DDF000FDF7FA0713FB15F8F9EB05FF02FA0A190C
:10DE000008EDF9FDFBF70BFCFBF80CFA072209FB08
:10DE100011DC03020204FBFDFDF9FFF1F602FCF444
:10DE2000080A17F40B02ECEE111701F2FB05F8F6E5
:10DE300005E6031405F9010301FCEE0CF4FD37E9D6
:10DE4000041619FDFE01FE1A03F6F7EEE700F513BE
:10DE5000EC000807EBF2ED05FF28110504FAFFEED0
:10DE60000520FA05F20006F3040702140BF7F61377
:10DE70000B2BF102F80505E8010AFE17FC00090367
:10DE8000FBFCFA0DEAFEFF0D081F0BFA02FD07DA94
:10DE9000FA09F5FEEA020C15ECF6051AF0DD091395
:10DEA0004C16FE070604091BFD18000BFB030B179D
:10DEB000F008E603FCFCE80606FA01F5FC0A010A94
:10DEC0000B0309F501FBFE060004EC050A0AE30357
:10DED0000E07F706FD16F7F0000AF90704FCFD052A
:10DEE000F4FFFEEB010A15EA1E1807FD02FE08EA20
:10DEF00002080606FFFCF31204050CF30502F0F31A
:10DF000008FF0DFB020CFD15F70608F90004F1FAF5
:10DF100008F8FB060AF6FCFCF90CF2FE0403070AFB
:10DF200000FB00051BFD01FE0CFCF8EB0C17F807CD
:10DF3000FCF2F906F10604F5FCEDFAED0A06020022
:10DF4000EFF620020212F5FB10E901FFFBFEFA0AD0
:10DF5000FBE107EB01F803FD0A12FE1A1A1FF1F4A8
:10DF6000EAA71103FEEAFFFF05FAFBE2E7F901F178
:10DF700013FE220F17E6F2F505C010020EEFF91995
:10DF8000F62002ECE901FAFA121720180BE3FBFF66
:10DF90000FD6F90001F50AFBFD1104FCE9F8FCF3CA
:10DFA0001011140D00DCFD09001204F9FBF5FB094A
:10DFB0000012FC07FF01FE02FA15F7010AF0F50E48
:10DFC0000D360B030DECFCFB0DFEFC01FF03FEF315
:10DFD00012FD1D040F180F02F33B0101FCF30205B3
:10DFE00001FC01F80FF7F2E802051DFEF40121FA29
:10DFF000090EF9F30F040000041F05FEFC07030AD5
:10E000000C05ED0F0517FC0BFCF808FFFF02FEF6F0
:10E01000FAF9FDFFF1FC0201080BF3E6FBF40A122A
:10E02000FBFDF5010509FF060007FB0B05030607CD
:10E030000700FBF5FE2001080EFD01FD0603FE03AF
:10E04000FB01F505F3F3081008FF180604FD06FCB4
:10E05000EB05FBF90BFC0203000C04100504FEFDAC
:10E0600004FEF7F2FDF4FA0EF1F815FEFA00F3FDE6
:10E07000050E01F5F8FDFEF8FFFA03F402E40015C1
:10E08000DF06F6020CFF00F5F4F9FCE5EEFE0401F4
:10E09000FB0516F508E2FE18E4FA040407F8FF058C
:10E0A0000C0400DC0DFF0E09090102FFDEFBEA1D76
:10E0B00008F605FA04FBFDFCFF09FAF40701FDFC74
:10E0C000FAFDF902E8FBE00C0813F7FDF205FBFC92
:10E0D00005020D1002F7EFF900EEFA0802E91B0144
:10E0E00010F4FD0005EAFC0B040300190EF5FC0D0D
:10E0F000EA060311E9121D04ED07FA0108E70529F4
:10E1000007EB09F00DFE0A0BFF11EFFE140813FADE
:10E11000E2EFF41603F6002008F110E1FBF307FB31
:10E1200006F6241E1904C40EE31607F1FAF6FEF0F3
:10E13000FEFFF804F803050201F60BF405D01407FE
:10E1400006EBF3F9F5F4FB070001F5FCE7F8FE1424
:10E15000101405F9E8EAF516FBF0090314F8010BB1
:10E160000FFC06ED080DFCE0050608F308E7DEE706
:10E17000F0EEF5010DFBFA111103020AECF110DBD0
:10E1800004F90FEE01ECDE00F3EF01080A0902F0DA
:10E1900003D9F8EDEC1003F10E04FC0F03EF0A0DA8
:10E1A000F20701FE00F408F606F1FDF2F8ED0008B2
:10E1B00015F603E609EC120629EB07ED10FBFBF15F
:10E1C0000AFEEFF2F8EA02F5F8F5FB07E7F6F700CA
:10E1D000F805FB0111060010021B0013041104F8DE
:10E1E000F7020505FFEAF505EB03030203050B0A39
:10E1F000FDE90EE8E3F8FB0900F9F013110BEAF66C
:10E200000316F504040305120C2AF010EF0505FCB3
:10E2100009FCF6172B15DAEB06FC03F6FB05FBF3FE
:10E22000001704FCFB0510031105F30C1A1D0CFC70
:10E23000FE0C0AF9000302F9F91105090100EDF6D7
:10E24000FDFCF3FA12041A04E521F7FD011302EABA
:10E25000F6FBFD1215F70C03FCFB03FCFEFF08FEAA
:10E260000539D703ED08FBFAF2E8012F0201130D7F
:10E27000E0EAEA04FF0A10F81C3300FCEC0CFE1E76
:10E2800000F3F9F905E80417F7E2E6190CFC12F8B7
:10E2900002E004F1FFEF020C04EDFEE7FAF5070DD2
:10E2A000FE08FD170AEF07F0E7F4FF030802080372
:10E2B00007F1F80F00FCFE00EA0211D8F1E703F1C4
:10E2C000C9D5F30B0000FD19F8080B0C18F4041E57
:10E2D00004080AEBD6E205E70303F805FE0CF43E5A
:10E2E00008FCFB0615FF0B200D0407ED08280901AB
:10E2F000CD02F70AFBF9FD0BFED5FDFBFEFB0C077B
:10E30000FA031AE51FFB1F14F1F004FD04FBFD11D5
:10E31000FCE00904FE0DF5EA22FAEEFEED031A0B0D
:10E32000E3F10DF702FB0BFF01E2F200F7EB0CF358
:10E33000DFFFDA0318E623FBFCE02303FEFCFE0DFF
:10E34000F0E4F1E8F2FAFCF5FCF125040500F30F26
:10E35000F1E50D08FBF9030CF9FB02E706E410F008
:10E360000A12FE0D10D3D60326FDED09FC04FAF2C5
:10E3700001DE011907E4FE17F3EFCD28031347FC74
:10E38000FC05000200F506DEFD04EE0A0EFC15FA9F
:10E39000ECFC09250A0C0FFCEF120BFD01E7F8D786
:10E3A0000425F6F3F904FEFF030F0011E6BDE8FBB8
:10E3B000EB05D6FE04FBFDFFFB0FF5E5EBF8FFE7F1
:10E3C000100514EEF3D1F32CFCB6FCEEF406FFF9C5
:10E3D0000011F6FDDEFFF4E5F30B10F6F1D80D0E9B
:10E3E0001BEAF3070501070D0205F21CE5F7F6F439
:10E3F0001704FED0F2EB11041FB2F302F7FC071072
:10E4000008FFEBF0FA0206EE220C15F6FDF20123EE
:10E41000F1E50E00F2F612F209E204EBE20A0BC695
:10E420000610EC21EDD9E7160D15FDF406F8F2E71C
:10E4300002F0F405F5F4FBF6000900F302D523EE33
:10E440000D1A13FFFAF3080905F0FFE1DC0203D40B
:10E45000EFEB0D10F5F01D251B4B000D0BEA03CC67
:10E46000FCF3F80BEA04060E0FFB0C0818E4FC00A2
:10E47000242E13E7020305E2FEF2FFD80C0BEF098E
:10E4800017F0134003FDF022F4080DFC050005D73A
:10E49000FEF7F0EFF00BFDFBF0E902E70DD8DE0729
:10E4A000FC14F50BF6F8F6FD03240107EE0AFA1248
:10E4B000FB201D0BFBE6D60E1705EAF1FF01F9E67E
:10E4C000030702F4FA14F12003F304F8F506070039
:10E4D00016FF0DF3020001F7F600FFF70B08F90A2B
:10E4E00005001109FF0A3313FDE3FDFA010005FDE4
:10E4F000020AF801F603010C050E0FEFFF04DF0D11
:10E5000010E9000B0E001210FA1AEE0BDDFDF5E417
:10E51000FF0C09F106102AF2FFFBFEF7F50C0016BE
:10E52000F6F90C08EE0C01E91707E6F01F473F115A
:10E5300018200B040A0E0A1500D80A03FFFE0DFF6F
:10E54000F6F3F0181B391BC3F828FBFFFF03FE0589
:10E5500006010803FCFF011B06F8E122FB1010EA8C
:10E56000DCF303FEF4010AFEF8EEFEEB0CFB0015F3
:10E5700016FDE729F4220DF8C7E60001060A091284
:10E5800001EB06041EE7F91DF5ECDD0DFB300C0474
:10E590000121F2FAF7F90A1C04E809ED04F1061466
:10E5A000F7F7F918081BF4F912F8050A05F207FD48
:10E5B000F9F6070401F5FA150A03001BFE04E5F459
:10E5C000F405FEFB03F908DFFF010FF012EFFC1268
:10E5D00005FB0A1AFC08F0F004FB07F70A05FA1D10
:10E5E00000EA12E208FC1302E9FB03F804FE1DEE48
:10E5F000F7DD04FB00F6040F030EF912FAFE0A051C
:10E60000FE1E08FB080BE80DFEF5EF0F01F707FEF5
:10E61000FC160EE6ED020A0408051DD5F2C9C10B71
:10E62000F703060401F60AE20AF703FB0607FDF307
:10E630000F0FF2F808EEF120190805F300F6F6F5D1
:10E640000D26FF03F9F509FA02FBEA07F0FF1C07A4
:10E650000006F2FCFF040107FE22FB14FC0AFCE6A4
:10E660000E0202F5F4F507F4D5E80704FA13FF09E2
:10E670000312ECF1F00AFDF72C0A16E0FBFACB0AC4
:10E68000F2ED0B04FAF60DF908FF08EDEC00ED16BB
:10E690001B02F5EB19DF010D090112FA030507D67C
:10E6A00001FBFFE9F800FA080FF2E81812E53FED68
:10E6B000241200F2000FFCE1FE1BFF04040101150F
:10E6C000F8FAD9FA09014605E005FE01FE0006FD4B
:10E6D00004FB0816F2FE0101F909FCE6F0E9F3F586
:10E6E0002B0DEAF70A0E01FAFAD9091B0BF0FD0906
:10E6F000DEF0EDE0FEE7FEEF1C0BFA01FC0006F990
:10E7000002EB011C03F605ECE9F0EE04EE0912F74A
:10E71000FDF004EFFDF900EAF5E60E0807FBFCEF5B
:10E72000E2EC12FBFB062300E4E6FCFD0303F70F1B
:10E7300000DC0404F806000BE7EF02BEFBE9EBFB8C
:10E74000F303E9F6FB0DFC2DFF1E05160300051B68
:10E75000E70608E8E60BC9031819F410050D0813BD
:10E760000423F534FBEC080709F5CA070914EDEC9E
:10E77000E8FBF5EFFC0202EFF4E7FB0C0AFDFA06FA
:10E78000F4F3F9EF0A062EF2FDF3F6F6020A04ECB2
:10E7900009CC082216FF00E7F9FD0533FB0727FD2A
:10E7A000F7F501000006FD02F003F4200DEFFBF188
:10E7B000E7FCEEF7ED1F0EEFDFE70D0403F3032494
:10E7C000FECEF70205F40A04EEF405E6FF0E0C0097
:10E7D000AFF9F706F4F208F0FDE30BF2F8FC09F8E4
:10E7E0001512100BFE08E906230FF507FD050AE9CF
:10E7F000FDEC0C042300FC27FD01F635030F2EFF72
:10E80000221C15F60409FFDCFC1208060BFC13FDA4
:10E81000E90BDC260AEFEBFD040B150701FA05F600
:10E82000060EFE0201FD0805E9F116F417DDE10907
:10E83000E7F00706FDFAFAF6000D0014F1F704F10F
:10E84000140E1C0607D3E816EDF701020A03F41EA6
:10E8500003E8090D0CF6FF1E0F05F2F7120319DF8E
:10E86000C800F505FD100225FCDE01020AF9061BB1
:10E87000F4ECE30408F302F008D8F609FF11FEFCFB
:10E8800009E700040A000F20FFFBE8F7FDE717F691
:10E8900016FA08F906FF07F105E60A0CFF0D190C38
:10E8A000F0E905F409050EF9160217F9060708083C
:10E8B000F6C70F0F0209FBF1EFF6E11003F631E89E
:10E8C00004FF0AFC16120628FDF7F51715F80E0DC1
:10E8D000F7EC11F50908EBF6F1090E04FA11F5ED64
:10E8E000FB05051A21F70D18FB08EA100718FC0AAA
:10E8F000192EFAFAFD0A02CD0229FF1608100B2B79
:10E90000FAEFDC03DC002A000F20FFF903FC03E729
:10E91000060A07051A00070EF4ED0047F7FA140F70
:10E92000321B07FB0408F612F41DFCF9FD050A0270
:10E930000E06E41AFC1FEEFBF5FC02FCFE1705F4C4
:10E9400015FEF6F720FA0FFEF5FEDFF40F1AF915A3
:10E95000CFF40B00FD0202E6FEEDFA0C0308030FF4
:10E96000F0FCF515EE160BF0111EF91009FCF9F686
:10E97000FEFE0102FA00FC10F506F314FB130D0273
:10E9800020030206EB0B08F4F61109FA1C0907052F
:10E99000FAFDDDEF17E810FD11E403FCFB08F600BB
:10E9A000F615F9FB130EFA03E7F7F0080FDCE90A96
:10E9B000ECDC02FD01FD00F3FE0C17FDFF0100057C
:10E9C000F30C1B12F8E7D61BF4C4F5090D00FFFB8E
:10E9D000FE12EEF4F40AFEF4FEF815FEEEC2CC17B9
:10E9E000F7040BFE01FCFFD9FF21F2F9F7FEF8E96D
:10E9F000160F18FBF3D3CA1413160908F5F8FDDC3B
:10EA000006281113F51407F3150B0502CBE40D10BE
:10EA10000E18FC05000E06020124012E0715FF0446
:10EA200012F8E2FED01A4E09E8E91102FA0A0E12B3
:10EA3000FC18FADEE80AF603090C13F80D17CE06E7
:10EA4000FB05FEF0FD05FDE9F8FC01FDEB15F610F8
:10EA50001500F9FA280AE515FFE91009010BF0E3A2
:10EA600007F40B17EF0FF3FFF8D8DF001DF8F2F2F1
:10EA7000142B1609F70EFFF0FEF40EF10B00F71839
:10EA800004FE02EC0BFE2EF902E6FD0C0408012840
:10EA900002EE09FF1207FFDF000800061319F9DD77
:10EAA000ED070304030700F607E107021EFFFAF96A
:10EAB000EBEBFBFA0A361702EA19E612FBFCFF0E33
:10EAC00009F7090005FDF609EFFEE50513FFE7F17B
:10EAD000F1100008EE13F9F9FAE602030BF1060350
:10EAE00004160008140704F117F802000E040914B4
:10EAF00010030A10270009FBF2060910FBFC0DFCAD
:10EB000002FF0FFF03010B11FDFE04FC06FD1BFEBF
:10EB100003FAFB0FEEF9E600EEF901F702F902F84D
:10EB200001E90A06F9060710F60E090B0502F4F5CD
:10EB3000EFFB09FB07F402FE02EAF2FBF8100D0CF2
:10EB40000D06200A0606FA0B03ECFFF901FD0FE49F
:10EB5000031FFDF0F006F8E5FFF50318F4F5BF021A
:10EB6000FDEFF708F90003FFFB0C0408F4F6FBE9DE
:10EB700017FE15DDE500EB121CFE10F404F7FCE1B6
:10EB8000F413FAF70F0B01E0071211FFF2FA02106B
:10EB9000061713FE090AF500FF07FFF6150307FD28
:10EBA0000AF908F6E914F3F700F504FC0B0C060269
:10EBB00001060DE40DFAEE0916FEF4FB0317C1067B
:10EBC0001E0CFFFC0407FDF0030C0FF21DFA0403FA
:10EBD00003040903F0FDFEE60F180FFAFD04FAF432
:10EBE000022209041203FE110831E6FB0BFD04FAB0
:10EBF000FA200F05FC1606F2FA1A000E010BFC0AA9
:10EC0000EFEDE5FEFDF51202F805150D020AFA1EFC
:10EC1000042412FA0BEAFBFF07F90DFD011FE408BB
:10EC2000E307DF0AED0001010927FF00F1090F07E3
:10EC3000F6101AE3EFF8E802EE1AE0FEF40BF9041E
:10EC40000AF912F816F40E12020CD3FF061A190371
:10EC500004EA120DF40AF81600EC10F1EF04FD0DB1
:10EC6000E9FFEE07FC1BD1E2F4041C03080DF404D9
:10EC700001F50CDDE61909FDFE0728D5ED0BC101F4
:10EC80000DDBEFFB030D0125FCE31EE51602FAF593
:10EC900013F7DDC8D70807F40AE41009F9190305CA
:10ECA000FEC214140500F8F8FC0B02E219EEF9E7B5
:10ECB00004EEFE1212FFFDF30AFF0BFC09081F020F
:10ECC000E30726FA2DCFCDE5ECF0FDFF0C03F3F1C1
:10ECD000FD0E02E9ED050FDE0B0508E8F9E0E005A1
:10ECE00018ECF90701F80BE7070507DEE9F90CCE88
:10ECF000160719EEF7E2E01D69D7FD010102FCC716
:10ED00000B230316E8FEFCC70E1207F4C0D7EA3146
:10ED10000C0918F7050B07EEFCFBFFF4060803E7E8
:10ED2000F70AE732E4FB131CEB22FD0B01FCF810A1
:10ED30001206FAF400F303F2002109DE11E1D4F621
:10ED40003D15E200F8F202CFF11EF3F3F108F5F7FA
:10ED500028F8160EF6DEEC222055ECF9F80AF7DA60
:10ED6000FA09FCFEFE09F91F050BD4DAE31DEC0CD1
:10ED70002F6D1C0010FC06F5FFE512EE150BEF1FC2
:10ED8000F4F8F628F613E0DAF7F3F5F9F6FBF602F5
:10ED9000FBEBF5DDF8F0FDE0101206D7150AB30124
:10EDA000CFF6F4F5FD08F90CFEFDECE7FE04F2EEFB
:10EDB00010FE0CF5EEF5D9F8DF13E308050B06F0AD
:10EDC00000FE0BF71609ED19E8FB04EC1021F20226
:10EDD000180D071002F801F3F11AF5050A02FD1AE1
:10EDE000F202110D1BF3DBC3EFFF10FEFFF7FD0571
:10EDF000FCF110FEFEED0FF5FD0804E8FD0FDE143A
:10EE0000F9E4F0FFFC010815F3FF0A190703FBE51D
:10EE100000F6E407F420E4F00EE6FFF1020AFD102C
:10EE2000FD020210EAF105E8120FFDFA0D0B1EDEDD
:10EE3000F5FBFF070EFA0BF4FF010607F3F7EEEC04
:10EE4000F30502EF1EE4FBEDEEFDEFF50AFA01F427
:10EE5000FE2AFDF4FEFCF4F5FEF70B08DFF4B90C16
:10EE6000FB08F50BFF040BE2FF090009FC0EFD0790
:10EE7000E6FEE80BE1ECCF133B4008F80516F7EA95
:10EE80000502FB060F00FA15EAF8D8F9B30B1015C6
:10EE9000183710F7FF09FAFCFBECFC2219FFF00D04
:10EEA000F9EEC6F7E9224005F0E607010709FE067C
:10EEB000F5F601EC000507F5060204E9F320C010A1
:10EEC000CDD6FB020A1C07FCFFFD20F514000B0643
:10EED0000011F1FBF801EBFC03D4FD07FE10070065
:10EEE000FCF20C1B0EF90215F709EF06FEF705E11F
:10EEF000EBFD15FC080B070D0BE3080D130A1A1D9B
:10EF0000F10905FD0C082EF7FFED020A02FB0E1EAB
:10EF1000FE08FEED0E0A06E101021BFD0531CDFAE9
:10EF2000F322FFFB040505EF00F70808E2FE03E803
:10EF3000FB0ED6F201EAFAD3E3FAE0020CF9FE097D
:10EF4000080A1505F7110DFAF5FCF70DFDEB02FCAB
:10EF5000EDFCF70C09F4FF1702F5FFEE000114FBBE
:10EF6000041414F8F1D901ED08FA00FC03F1FC21B6
:10EF70000C0401FC0F06FAF505090BE90303E2F5A1
:10EF800027FC0800F4FF04FE03F7031107FCF4FC60
:10EF90001303D9F5161008CC1401FCFF0305FCE699
:10EFA00002FF091AF9FCFCFF01FAE5FE28E213FF53
:10EFB000F6F018FC000901E2F4F5FC0BF5FE02EF97
:10EFC000FE1107FD1FD9FB052B0F08FB0B02F70CE9
:10EFD00000ECFB0D0FF6080119EAE9192A2443FA9F
:10EFE00006E913FFFEEBFD2BFEF003FDDBED04064F
:10EFF0000A09180A1DF3FEE5F7D50A0F09F100F812
:10F00000FE1DF4FAF000FFFFFA031E060AD5CDF14B
:10F0100004E0EE0CFAF0FFF2050506FAFA0AF8F839
:10F0200016162DF912EDD71F022F02F70DF4FFFE71
:10F03000020CF60E09050809FA17EEE511EA32F797
:10F040001446030601F6F90BF714F708EC110AE46D
:10F050000BEB0EF42718F3F90352FCF4F9FA02EF64
:10F060000210FE04EE01F3CE0E0BF1E40419F708D2
:10F070000D11FCF9040009FE0508FD02F4FAF7EA97
:10F08000F9FAEFE60519FCF101FE05FAFF07F6DCD7
:10F0900001E2040A0115F905FFF3EF01FBFB070686
:10F0A0000C0105FEFC0AFC2A00F9FC082EFBF80501
:10F0B00001F0EDDFF9240BFD1505F003FB15FF1042
:10F0C000FFF10C0B17EEF9F8E7F9F4EB06121F0449
:10F0D000FA0D080F001406E80103051D05FDFF12D7
:10F0E000F4FBE2DE1307FFE4F81503FF04FCF8E08D
:10F0F000FCED0CEBFEF9FF0BFAFC04200ED8290105
:10F10000F2FBFD0205030515F6F500EA02FE011506
:10F11000F1020D1903F2FAF4EC0EF4020EFDF808F8
:10F12000F01A02F5FDF41202ED0E11F6EC00C6E73E
:10F13000E8EBF2F304F400090321EC14F2F301FE0E
:10F14000EC0113D8E7E1E20808110DFDFF030211FD
:10F15000F50B0209FC00010B10FB0111020A12FD64
:10F16000DEEDF80CF6F9FEE60B1206F80A0011F7D0
:10F1700007FD0123F61A261DF2FEF9F406FBFF1126
:10F1800005EFFAF104F9F01BFCFDF20BFD28080A6B
:10F19000FCFB010E00FFF60DFDED00F105F9FD0D84
:10F1A0001711EB22F20BFB061308FF07FCFBF3DF42
:10F1B000F606EFFCF5F2FFFBFE03240504E503165B
:10F1C0000FE3FFFF04FA0AE5FB0B0AF2FB0301154C
:10F1D000070A0901E5E7F2010620FF0200FE060B1F
:10F1E00008F003ED170B050A09030DF2E7EEFB0625
:10F1F000FEF4120306F9001103F1FEF105090DFBFF
:10F20000060F1120F106F6FCF3F9010006EB02FDF2
:10F21000FF12E6F2DFFEFCF8081118DFFAE1F00E4B
:10F2200012F00000FBEAFFDEFEF702F7EDFFFDFE45
:10F2300005030308F0D4E01314E00B090C0802DF07
:10F240000200FBEAED03FBF3180307FADC06FA0CF5
:10F250001C0405FB01FCFCFDFF1D0AFDED1501F181
:10F2600000091923F7EDEDF9C9E4FE0B13FC040BBB
:10F270000B07FBF9E6FEF9F1080916F20AD2C709F5
:10F28000DAF6FFFCF5FFFCF60505F90FEF03EEF9E2
:10F290000E0603DB0DFACF14FBFBF200F80E00EDB7
:10F2A0001504FEF10A16F40302FB0603090D18FD0E
:10F2B00017090202FA03FAF6FE12030E01F5050120
:10F2C000FE08E5050015FF0BFA21F905070B01F50E
:10F2D000FDE2050AFF030204F5FAFCFA0FF52DF929
:10F2E000EF00F9FB0001FD11FFEF091209EC000727
:10F2F000EAF6F4F40201E8F827E1151109FFFF022C
:10F30000FBFDFAD908F8070DF4050FF911F2C4E96D
:10F31000FDD003F2FBF0F8F10B04F109F301F9FB66
:10F32000FC05310827EEBB0DF30706FB000000F3D8
:10F33000FCE50D0A1607FB25EFFFEDF1FD010F03BC
:10F340002301ED020205F815112CFE1A09FD07082C
:10F35000F907FBDFF1FBFC05110DF4F6F917FF0AC5
:10F360000340FE23FE01FAD90C0EDBD016320B004F
:10F3700005F0F7FAF80002F5F4F702080701E5D8FE
:10F38000FFF60CD50D08F6F80A02FCF90508F6DCC4
:10F39000F2060009FDF70302F4EFF721F6E709FD95
:10F3A00010F0FF05000000210405090613F10CEB25
:10F3B0000FF7EFE5E60FF8F0F0F90300F908FE1695
:10F3C000FED7040C16FD04F8F407F7E6E93024FF35
:10F3D000F5FD010AFFF701FD08F8FFFE0EF6FC023D
:10F3E0000002F8F00D07D5E23614FD060AF701F623
:10F3F00000F8FBFEFFF9F10F08F3FE0201011A030A
:10F40000180704F1F603FDE50CE702F202F8030D1C
:10F4100001F5F004F60FFE0A0D051706F50E06F2CB
:10F42000F50CFC12F8FC07FCF30700080BDFF1FEFB
:10F4300025F30F08040DFAFA040BFC06F0FB05EBAC
:10F44000ED0A08EE10CEE9FBC3E603FCF20EF80F5E
:10F4500004D40601FFFBF925EE0BEBE0FFF632EDDD
:10F46000F70001050508001801EDFB060BF7021572
:10F47000F3EBECF21B01F2F3DBE0FA080300FE0C05
:10F48000FDCD071D09FD140C02F6DDFE08061B006C
:10F49000F1D315FEFCF90111FAD8F8F2F1F60B19C7
:10F4A000F3F3EEF7190410D31E01FDEBFEFC06FF8B
:10F4B0000AE3FD1C000600F4EEF90A20F1D911F967
:10F4C000F3E0E40B0D06EC1BF8FA0A1A0CFC0A0236
:10F4D000F1E6E9160510E61003030AE9FA16F6EF5D
:10F4E0000FF5FD0621FF0012FBFCE40707141D01C8
:10F4F000F407FEF50AFBFFDFFD0EF9160B060B19EC
:10F50000F6F20217EAF32EFA0C230CFF00F409C3FB
:10F51000070805F7F80CF522FE00FF27F9DBFE1DB2
:10F520002614EB0BF80FFEFFFF1E0010FFF902116F
:10F530000AEEC802020B11FAFD08FDE7F805070400
:10F54000011BF70014070126E9F6ECF1FC22F70F86
:10F55000040014FC03FB00ECFFF5F311EE050A17A1
:10F56000EDFEFE0EE8010B080A01EE12F701F8FEAF
:10F5700001F2FC04EC03F9100AFBFCFD040F12027B
:10F580002106FDFEF60901EFFDFAF503190306FA5F
:10F5900008F2D9EE1BE937EA22F609F00103FDE98A
:10F5A000FC01F60B13FF08FEE8E5EB1113160FFA4A
:10F5B00013F50B00F60000E4010CF90411FA0A0639
:10F5C000F9F907200204FDE91DE8F7F7FEFEEDF268
:10F5D00004F90825060105ECFF00DBF0121F47E9DE
:10F5E000F402EFFAFFFBF10FFADAFB1BEEF3FCF18A
:10F5F000FBFA02EA161710F007FF1DFD05030702CC
:10F600000B09F602E5FAFAEBF80220021817E202FB
:10F61000FE02FC0404F5F5FBFE0AFF03FF0609F5F4
:10F6200002EE1AEC10FABF16FFDEECFEFFFD0AE652
:10F6300003EDFC14F704FE03E7E6F1ECE6C137073F
:10F640000F2EEBFBFCF9F300031AEB1DEA09030292
:10F65000E7F711FFF2DDEE09124206FBFEFF08F9A3
:10F66000031EE914EE0E00FA1100EAEAFE10F00C97
:10F67000EF050300F80008EBF7E9FF0BF0FDF4D409
:10F68000EDE6FFF5FC01FDE9FBF60CEE06FAF6D31C
:10F69000FFDFF015F7F5F62207EA0505EE0016FD87
:10F6A0002A000AF2FE05FA1F060CFEF30AFFF00715
:10F6B000F4FDD8DCF51222FC03E90FFCF60802F891
:10F6C000F5DCF80309F3E604EBE3D3F5F01B0A16C7
:10F6D000DC080B06FC0509F10D06060A08FEF91107
:10F6E000F1EBEBFBF5060700232DFCFEFEFBFCC255
:10F6F00003F511ED05FAF6FDF5FBF937100532F9C2
:10F70000F01AF1FF05F8F1FDF4EAEEF10A040F0634
:10F71000F0070312FD01DDEFD4240101FD06FA0715
:10F72000F517060106F70802E505FF03E1E8E40F17
:10F73000F8F8D6F5F401FDECF916F2F6FCF605FE44
:10F74000EEEE1CE5E7CBFA0BF2F40707FDFB06FD36
:10F7500011CE02F4070507EA0FFAEBED0B15F8EFEF
:10F7600021D3020605FD07E702F0FD1404F3020AA7
:10F7700015F7F102081821F507DBF8070AFAF91A5C
:10F78000F411F81204F4000B23F61404031225FDFF
:10F7900012270108090207F2F408FDFAFF0607061E
:10F7A0000A08FE180FF71B22F8F706FA09FAFE0CF2
:10F7B00004FB0715EFFCFEFDFAF20E14FBF70F0435
:10F7C000F92FFCFF01081AE6FE15F312EC040314EE
:10F7D000FB08300CF0C5E413E03BE6F3FBFD032926
:10F7E000010EEDEAF8FA0319110B2A05D8072E1AB3
:10F7F000ED16E5000E01F907FE0800FD0801F819F5
:10F800000A07FDFFF01B2922FC00F9FFFFF409089D
:10F810000D11F4F2ED020107EEFB1AF7FDF1090CF0
:10F82000DBF2030904F8F60104FA03DBE1F4030058
:10F83000050627FAFEECDC0609E30004F5F819ECEE
:10F84000FC0BFCF2EBFBFBE731151AF8F2D6111BAF
:10F85000F8F5F806070E1409FEF1FCE9FEFD0DE0CF
:10F8600005050400FAF1F51718FD00FFF4FC07F692
:10F870000507F9EEEFF40303E8F109240DDBE912C3
:10F880000EE710110002F5F80524F8E1070E0EFD51
:10F89000120D01FC0EDCE81CE6EB04FEF5F203F7AA
:10F8A000FBFB02C804FCF1F108FE230013EBF42279
:10F8B000FEFAED04070008E8F4EE03F403F9FBF2A6
:10F8C00010030201F0FDEF1DDFCD120D0AF10B0850
:10F8D000EF1407F4F00F02EDF7012AF9F9FCD6F95D
:10F8E000F1C7021300F2FD1B11FAFAC7E701FAE6AD
:10F8F0002B212CE713C4CF04E8B9050AFDFCFACE8E
:10F90000011105DDDF10FCE6291A1904F6CDF00C13
:10F910000E05EEFA0B01FCF5FE2AFF00180D0A0E8B
:10F92000141B1511FAF916130ED90B0F09F3EDFE7E
:10F93000FB040AE6EE0C02ED120E0610FFFAEE0BC7
:10F9400005F90E02F9FFF906FDFC0AF603F2FAE4E6
:10F950001DEE15E43613D503EB111504050105D58D
:10F96000FE390A0E05FFF2E50608F3010EE7E8038B
:10F970002C0808F8F21DF9F1F83100160C110621D7
:10F98000F0F6E8F4E00525F3040F180BF90BFA0A7A
:10F99000F524FD06FB02F9EDFDF611080813E70159
:10F9A000DD10F201EFFC0706FA1F030A0BF907E965
:10F9B000F90316EA091FF21EE018E803F916FB0521
:10F9C000FBE20000020EFFFB0A0BEBF80A36070110
:10F9D0000620FC040C08F9FEFFE205230DFEFB11D6
:10F9E000F0FCE002020D0DEBFE0612FDF908F90D28
:10F9F000FF181002F50F0C02FE0322E9F30EF80DBA
:10FA0000F5EDFB02FD0EF31610E511F00302F8F917
:10FA10000C0AF8E0D7F60D07F7FDFCF8061105070C
:10FA200000CCFB1213F2170CFA09F9EF0CF70DF4E6
:10FA300006FC020DF8F0FC0104EF0CEC09FC0D18BB
:10FA4000F50612FA0E080906F6DF0913FEF6F90BA1
:10FA500008FA0CDBF000FDE706040BFB09E1D61900
:10FA6000D1CD1EF2FEE500F1060EF5BAECFB03C6A1
:10FA7000110F2B10FDB8CD12F9B10C1407EB06E7EE
:10FA80000207FCDBC60CFFD12220241DFDCFD30CC6
:10FA90000415FA0A03FF02040E38FA16FAF7FAF10F
:10FAA0001C281E06E2DC1B0C061710030FF202FADC
:10FAB000FA2405EB0308FEFFEF051200160AD60A2A
:10FAC000FADF08FCFFE5F2EAF70601FBEE1205E8B3
:10FAD0001EFDFFE12E0ADC170104F2F3050CFCEC1D
:10FAE000F7F61400F409E8EAEDF4F5E30813C502AB
:10FAF000142406FFFB07F9F0F80500FF0400ED01F0
:10FB0000090DE2EB1008FBE803E7030303FBF21522
:10FB10000C0102FF0EF8F0F40E0208ED0B0701EDE8
:10FB2000EC12EF06F41202FEFCE812FB33F80100BF
:10FB300011F3FAE9F33CF1140E25F7FB03F8F70390
:10FB4000F5F40DF2FEF8F804F5F7F6FDF309EEE230
:10FB5000F2120D080804F7FD0BF1FD130F0000165B
:10FB6000E9FFE5F9190F0CE3FBF90F020103F7199F
:10FB7000FEFE070BF6F818F8F90011EF0109E40989
:10FB8000ECFAF114080CF90B08FB0AFA17FD03F85C
:10FB9000041117F2DE16F005F9F9FF07F908FD1058
:10FBA00002EE0BF506FE0800E80409F0CE04F6F4B8
:10FBB000F70008070305000FF9FFFE0DF507010127
:10FBC000FC0BFA02F5F70C18F9E5F7F903FA02F263
:10FBD0000116FF05E606FDFBF0FF03F5E8CE1C036A
:10FBE000F8F0FEF9F90401090AF9091BF90002FE0F
:10FBF000F200FCDEDFCAF0EE01DD09050305F418B2
:10FC00000DE41615080110FAE5E8F2D40F23E5F823
:10FC100003CF060401FDFC20FEE106F504FE0D0005
:10FC2000FC1135FA1506B9F51CDEFDFA02FF03FAE0
:10FC300003FBFB080209F4020AEE071DF512FD02A0
:10FC4000F5330E08060A0CF20300070D0FF0E60864
:10FC5000F900DD020128070A061A1B030207050244
:10FC6000FE09060AED0202E5F705FCEC01F91204B3
:10FC70000CF5F407FDF0FE000815061DFDF313DC7E
:10FC8000FC0402E117E5EBF6FD0208FFF6F8FBE7DE
:10FC9000FEF81201EB0108FEE5040316FDF9EBF88E
:10FCA0003110E0F9FE07F5F00B0F0EFD07FC011C0B
:10FCB000080AE1F2FCFB1EFD32E609FDF9FC06F63E
:10FCC0000A09FFEA0B0802F7E5FBF404FCEFF50B69
:10FCD000FE0302FFF802FCE8F90A0B08010902FD25
:10FCE000F30517DDE10CF6F8FD09F504FDFF050647
:10FCF000031A0103FB13030D010A15E90A04F4FFBB
:10FD00000B010B03FC090103FAF5120CF9F8F8E9F1
:10FD1000FFF4EEFD07F6F9F4001706FAEE01F9FC20
:10FD200009150116FC0709001101F3F11618FCE191
:10FD30001010140BF800F5FBFF000B020C01F3F997
:10FD4000FFF5F110FEF203ECEC1D15FF0C040E03A1
:10FD5000F5EC00F70307F9EA0BFF0EF30106DDF6F9
:10FD6000F5F80904FCFCF7FF05080C17F5F00C0288
:10FD7000040D0F0B0335010BF9F6FF0E0203FE0A0B
:10FD800001FEEB09EDF300FF0EFEF9E122070CFB8B
:10FD90000FFCE400F9FE030504FCFFFBF9F3030A82
:10FDA0000406F6EE2215F90006040EFC12F70D0A01
:10FDB000FF10FFF0F901F9FD120C3407040ACD0F12
:10FDC000EF0A000C04EDFE01FD1609F0DD00FD0157
:10FDD0000A101FFEF6B9D7F8FEE401FBF5FDFD1B86
:10FDE000FDF2FBDD10EBFEF119001FF5E303F41546
:10FDF000ECE2EDFBF5F90D11FB050FFBFA04FD023A
:10FE0000FC100423FDEDDDFDFCFB0E0A08F1F70AF2
:10FE10000B290AE6EAF2FEF7FB1129D7F3F3E7050F
:10FE2000E5EA0314F2FCFE11F005F5E5EEF3F9FF47
:10FE3000220A11DFF1C8D700FFE4FA0103FDF5E360
:10FE4000030006F4E703F1ED211D01D7F4EB0517DC
:10FE5000F2F5F101F80C02230214F9040AFFFBF693
:10FE6000FAFB09F200F9E0E7F6F3190A0CFD0215B6
:10FE700000EEECDBE6F803EF1A0410EE03F5B00435
:10FE8000F2E2FC0303ED0411FBFB06DFEE09F2E9ED
:10FE90001D0C0CF71ADFDA0EF7000C040709FFF946
:10FEA000F9FE05E807F4FDE815071E0D1EE3FA014B
:10FEB000DCDCF10A170003FF0A06FFF8FBFC02EA8C
:10FEC000080605F110DADA1538F5FF0E020B040307
:10FED00008D8FC0600F314F7070DF90F120D37F4DC
:10FEE000EFB51DFDFEF7F8160BEFFDDFF2F6F3019F
:10FEF0000E080C0F0CEBE8FFE7C110030BE4070D35
:10FF0000001DF6F7E1FBFBD5131B3A1234E6D9F7D7
:10FF1000EEEDED0204FA01FA082AFB05F60802EEFE
:10FF2000181214EB02DEEB160C1F0CFAF9F207F6AE
:10FF30000322FA130100FDFBF40DF4F402D9F813C7
:10FF40002F2D130107EFF609000F00FFECFE03FD54
:10FF50001400120B0702ED1B0A18020205EFFAFE4D
:10FF6000FE06F5E809F6F7E50C1204F70A0AF9FEB1
:10FF700004F207FCFEF30106FD0D03F8FD02F0E2BA
:10FF80000A02E9081707E3EE00F70802FF05F5FC8F
:10FF9000FE03EF0EF5FDF20A0501F7FD03FC150265
:10FFA000FB030AFDFB0A000BFFF6100617EFFCF738
:10FFB00013FB00F8FC231501030301FDFDFE080AF5
:10FFC000F9FF01F8000E01F8F9F614F2FAF520F83D
:10FFD000E405110109FFFCFF06FD010F0A01F80FFE
:10FFE000F0F806F60A14F802000A06FBF503F30916
:10FFF0000AF90707FBFF0107F7F813F902F91410D4
:02000004800278
:10000000F311FB0504F80AF8F90CFDE5F800F80215
:10001000010815020EF9081D050DFBFFFBF4FA029D
:10002000F51A0AEDFDF309FD060F0707EFFAEC1BC1
:10003000F106F9F6FD0FFF07020F000BFA010EE6BD
:10004000F50A04EE0302FA0911B105FBFC030606EA
:1000500002BEFEDF0F00FFF20FFBE5FBF50E57FBC4
:1000600000ED07EC070AFE2706FCF800FC0306D7A4
:1000700001FBFB0609EE20F2FBE204FE04FDFD0499
:1000800001F0010BDCFF11F5010425F63304F2EF5A
:10009000F7C9EF110BF9020AF9F9F5EDF5F6F0F9E8
:1000A000020A21F023D3B7F50D4002FE08EC01D57A
:1000B00001F9E808FD13FC06EEF2F12718DA2DF13C
:1000C000162F0BFCF1FE01060001EE180AF5F305F0
:1000D000FEE8E90C092510F10B1A16FE05F3F8DD10
:1000E00004FE01F3F8F6F7E505F109FC070300FD4E
:1000F00013E2FBF6F90CFDF4FA0AFFFEF804FBED3F
:1001000013F811F1F5ECF208F9180B0404FCF6EB06
:1001100001E406FA05F1F935F3F30E2BFFF417F9B4
:10012000171CF508F60EF90906FFF2F82703F63C4E
:1001300006F0F10E0B30160F130002F0F7FAFB2752
:1001400007F7FB050F030207F0EB11FC061FE303A3
:10015000EF13060AF407FEF90708F8231A0A01FE4E
:10016000E604ECF40E2310EEFA03F90E03FEFC0392
:10017000F9F60C0FFCFFFB0CEE04F50FFDFB18016C
:10018000DDFEF7F5FFFEF8F5FA0C06F80EFB0AF6B1
:10019000F80604FE160E0C060605F205F8010B0320
:1001A0000606F5F004FE170EF0F0F4F8F626FDFF53
:1001B000DF0001F40707FB0104F405F10402020D5E
:1001C000FD0502F6E5132609E9D4EDFB0C0607FB55
:1001D00005F60CFCE40401FBF304F1EBDFE60C0193
:1001E00003F1ED01FFF4F3F8F9E10B1F0E0EFE0A27
:1001F000FCF2EDE6F8FA02F2F740FF0402FD02FB22
:10020000FCFB061728F30205EDEFD4FAFD131502E7
:10021000FBF4F8F202F4FB07EAECEF0C06F403F847
:10022000EDE4F109F70725FCF2E20005FCF001FF1F
:1002300006F205FC00F5050EF6FD02DEF2DDE5FF37
:10024000EBF7DAFC0D070005050904FD0603FE00C7
:10025000F201F1F6D9FFED010DFAFFF8FCFCFF0AFF
:10026000F9F5F42502F606071DFDDAFEFB04F5E7B5
:10027000EFD5040100F603F7FBF1FC08F9FE0200DC
:10028000FDEDFFEB15EEFF0A00E502FD1305FE0193
:10029000FEC6FE1E1707FCEE01F7F709112C1DF331
:1002A000D9E602FE0603030E01F1F11B05F8FAEC94
:1002B000EDF3E403041D2CF6FAE30DFCF8F6FB2243
:1002C000FBE3F5FF0C0DFE17ECF100F40D11DF055B
:1002D000BCF4F60503E9FAF1F8F500E8F3F109FDDD
:1002E000060E0F2306EEF112470CF104FAFAFDE1B7
:1002F00007E208F612F8FA14F1F7FB3DF60030FEBB
:1003000025170404000AFEE80808FEF9FB0305F7B8
:10031000FBF6F54712F5190B080B0C07F7F3FFCFA7
:10032000041FFBFB060B0002F603080C0DE6FD0A9A
:10033000F1F20FFAF6FD00F6040302FDF8F704F1FE
:10034000F402070103EEEC1BFD0C06080A03FEEAAB
:100350001027120EFB08FD050600F60DF509F81230
:1003600004100D111704FF0FF5030402020C0B0F0C
:10037000F9FFFCFFF7010EEA2617140B021405EC37
:1003800002F900ECFA0A0704FAF302E6FEFCF605AD
:100390000F3A1E12FE0A0102031601000E090007A1
:1003A00002071600FF0EEFE8FCFB0207FF0F02FE3C
:1003B000F2FE06F509F8FE0C24FB07F6FF3AE8F218
:1003C000E4FA00F5000009FFFADF1DEE2B08070F25
:1003D0001314F5E6F22304CEF016070D01FF06F420
:1003E0000622FA0AFDEA0E02FA05EF05070EF4FFEF
:1003F0001D34FAF7FB03FCF30123FB03FA00050E9F
:10040000FBF5FBF701E4F1F205F4F4FDFF0D001735
:1004100001F80BFE20F7050D02F7FDFEFD28FA0599
:100420000FFF08FCFF0904FF0720091F18FD100338
:10043000F6060BF0FA14EFF4F519F10EFF0501FFC3
:10044000F21CFF3206EFFFFFF6F5EDEE09F6FCFEBB
:10045000190207F9FF01FD00FC020A1BF909EF0B65
:10046000FD02FED104FE10EBE40B050A02F2F601D8
:10047000F92207DEEAF5050BEB0203D9F9E6CCFB1E
:10048000D7EAF7FD070201FCF8F106D80EFC0EFED4
:1004900005051DCDD7F2CA02F908E80412010807C4
:1004A00002EFFF100702FAFA0203FFDFE5E4F4EEC1
:1004B0000FFBEC0604FE02010404FFEFFFF4050944
:1004C0000AFE01E0E5FE0E0BFF22F709050FFF070C
:1004D000FD1A05190304FF0FED0A07FAECFB0409E6
:1004E0001026E708050EF80602ED0F0916FD0117A4
:1004F000E3E5C8E8FEFA06F2E8CFF8FE0B0EF502D7
:10050000FBE908FE1CF3FC0AEBFAEFF9081206F40B
:10051000F9CF09FBF8F702EFF3FC01010309040F1F
:10052000FBFE11F305E6F3F4F4C50A050413F40E1B
:10053000FEF9020105F5F209F5E8F9ECEE11F7FE16
:1005400003EA0204FD02022BFC1806360EF303FE3A
:10055000E9E7EFCFF52212FFFDF3F5F70604FDEB17
:100560000715000F0A020EFDF202FB021007E2E778
:10057000E4ED04F4F7FC04CF03FBFA140103FFDEFF
:10058000EAF701F911EEFD050F080AF7FC0A01046C
:1005900004070A021F0F0AFBE7F2EB37F80630EEFA
:1005A00016FEF40AF70E0A000321F715FF00FFFDFF
:1005B000010610DCE8FFF40802EF05F3FFFD06F981
:1005C000F711FBFDF9090200ED12E6EEFE0CE8184A
:1005D000E8FE1212FE0801FE03000DEAF3FDF4131B
:1005E00002F9F10AFD12D7E5040F0909FF0B02ED2C
:1005F000FF07FFF3FA08021401FF03F00814EFFDF0
:100600002C0EF50402020CF501020BF6FF0DF4F4BA
:10061000F9FBE3FC08FF39FC150521F0FF09FD0E8D
:10062000F5E8FD0EF8FD02FF0702E7F9131817F4CD
:100630000D0C13FF0F000E1EFA020F160207FD0429
:10064000F8FDFE1E2015F4CCE8DDECFE070204FEEA
:10065000021E04FCF1190206ED020FE2E2F0DFFFD8
:100660000017F9060A0E080A1A010AF5FC16FA0E16
:10067000F603F2F0E6E1E2042305FFF9FA13FED6F1
:10068000FF0517FE0D0306FAE6F9EE05ECF1D3F5CA
:100690000AF613F6070306F7FB06030F15F8F6FC38
:1006A000FD1109F5FA1AF2EEF9C40D03020DEB0F74
:1006B00005F30FDA0F0607060EFBF829053DE700E4
:1006C000EDA601FFF820030703EA1AF72EF70B1433
:1006D000FDF9D2EE033DDDECF0D3140FFB1C00FB63
:1006E000FF260B1BFDFD0105F9FFEAFF1C03E8DBFC
:1006F0001621F0FD01080907F81C0218FEF40EFF90
:10070000F2FE27BB11D8FD05010C05FB0706FE090B
:10071000FE0F090E2A0A0AEFDDFD070D0401DFF6C0
:10072000E508F20D080FFD06FC0B1304290805D59A
:10073000F0F6F1E8031EEEFBDE05E909F807081202
:10074000FD070A12FEFE07FBE3F9E7F810100700A9
:10075000F4FB02F7F9070FFAF4F703EAFBFEFB00DC
:10076000130C01C4E20515F4F2000103FC0F0B05A4
:10077000000BF6EAFEFD06FF010C1FEAED07A70BD2
:100780001CE317FE080709EEF8CC14F6050004EA8E
:100790000A1107CFEFF9C7DFF203090303FAFC09D7
:1007A00002DD0507F7F900F5FFFD10F703D9FDE8B5
:1007B0001A020103FAF3F1F5F7FCFC06000713F542
:1007C000090201E70CDCF2F8DEDA0BF9F90804F3B0
:1007D00003CC06F410FC04FAFEF6F7D1FAF92CF576
:1007E0000EF9F9FD06040202F4F0051807F207EC11
:1007F00007FEFCE70FEF100300DE06F000FDFF0A26
:100800000600F51514FFF5DCF9F506E914061F01DD
:10081000FBD1FDF6F901F7E50121FD08010600FF16
:1008200002EE01B4F4FA252AF03603FA0A03F6F8C8
:100830000CECFC1BEF0E0300F4F0EBECFBCF26E519
:10084000E63F0B0B03000B2109F50814EB11000127
:1008500001011B09F4F3FC17054DEBFDFF07000F29
:10086000FE11EEFC10FCF30F10FCD8F81A2107FE65
:10087000FCC403F6FDFEEFE008DBFCF4F704F30232
:10088000ECEDCB0DD01406ECFFF6FB0106F8F8D921
:1008900001CE091CEB0303FB08F3E139040042F528
:1008A0000AEF06F7FFFBF514FCDFF5FF11FC090169
:1008B000E20A0F2A021BFBED0ADC13FAF511090FFD
:1008C000FFC5FD0012EA080BFAFF0BFBE716100448
:1008D000E7EEFEFBF806F9FDF8E1FBFF040A07F975
:1008E000FDFDF74A0107E90D521DEDFDFAF9F4E5AA
:1008F00002CC070501FAF72DFCFADC37FB1825E6D8
:10090000491A0DFD040102D3FAFFFF10F602080B8D
:10091000FC070E2508FF1501070219F2FFF502EB8F
:10092000FF05120EFFFA07FEFAFF08240EFE002D47
:10093000E0120DF7FFFE03ECFF19F201F30103EAE9
:10094000FCEC0CFF0AF8F401040DFB120304F9E8B7
:100950000B22010BF304FD0D0C01F208F61AE5065B
:10096000DE180B0FFE190910F2FCFC09F80BF2FE61
:10097000F1F8FCF1F105F6080AF314170212F6E596
:10098000FDF110EBE70605DCF80F04F9020DF8FBAA
:1009900012FB02FF0004FBF401FD0A0706FBFAEA62
:1009A00011142BCD0508F5F9F41E0B110017F700F3
:1009B000FAF812E008FBF8132201F0100166E0EAF1
:1009C000DE0E07FBF50AF92B02E120D83DEB0E15F0
:1009D000EF0EF502032FE8E6F6ED0CF2040DF3D569
:1009E000FB30080228FEFDF7FD0EF7181B1215FF5D
:1009F000150A10F2FD0602F2FE2FFF1D0C1C031754
:100A0000F61C07D4F9F8F1FA15110FE501070409EE
:100A1000F20913E11FFC060EFBF90F15FE18E302A5
:100A2000EBF6E603061400F7F616080A181B10F595
:100A3000F6120AF6EEFABDF7E919DF09FE070B0018
:100A4000FA2310FE1CFA11E91505E2060A1F0FF63B
:100A5000E5020509FE0C03FD0601FB14F300F51584
:100A6000FE01E2CAFC040FD0241916F809F8F814A4
:100A70000A1102E8E81AFE03FE0420B4FD18AD04D2
:100A800033E308030313F51200F005E70B0B09E548
:100A90000FF9DAAAE8E6D4F607F40CFB080D04FD1A
:100AA000FBC40746FB050911EB0D0CE824C7FABA95
:100AB00001E103FD0404F9F210FC01E8070D030550
:100AC000FD090AF011F1D4F8061EF5F4F80207F654
:100AD00003210B0CF4060502F9FDF5EFEEFCFC1604
:100AE0000719FEF7030E0AFB02EF0F00040FF811BF
:100AF000E9F1E9DAF309EEFC3D2B0AF8FC0602E421
:100B000009EC04F408F80A05ECF1EFFFFF06D4EE57
:100B1000F8D511F7F207FCE702FFF6FD05F70D0126
:100B2000FAF6181518F5C2F401EBEC07FCF901040C
:100B3000090411E710FC040807F7EFF7EA27F303AD
:100B40001005E2F80007F513FC0F0A0000FC05068B
:100B5000DF0602F6D80702F70400FE05F80AFEEFEA
:100B6000FC5802341BF703E8FF00CCE51CFFE3F65A
:100B70000D1A09FA04FDFAF8091A0815040E010203
:100B8000EE110FDA14FB03040B0F09FBF9F9F9E47A
:100B9000050309151A0404E5EFFD0312EB22F3F532
:100BA000F10604FD03FDFE16FA1FFEFC050D00DE36
:100BB000F80EEEDBE9090600F5F1FF14F50FFD1064
:100BC00007EEFC02090106DDF101DFEAFF3008FE55
:100BD000EBF509FE05F707F9FDD9FFF305F8F70076
:100BE0000A0AE907EC0EC7E80F060BF60A02F8E25C
:100BF00003F20DEF0111FBFA13FF0904070E1005B4
:100C0000320D0DF701FEFEE002E211F5120E0CF5B9
:100C100003EFFAFEDD0018F0FAF01CFCF90601FA09
:100C2000FFE60C0816F908EEFC0CF9E806DBEBF31E
:100C3000FBFA0607FD0AFFF70F1F01190206000A5B
:100C4000F8032AF025CED1FE17D1F91BFA08FFFDD3
:100C5000031BFFF0FF02FDDC0708FCDEF4DCEB0BFE
:100C60000DE9F4F802F5FBD7FF32F4E9F1FC03E1FA
:100C7000220421F901D0E62325C71207FDF003C2A3
:100C8000031403F3E3F0FBD51C1241FEF1CCF52C69
:100C9000FC0F110902F9F604FB43F1FCF20E06EB1E
:100CA000F903E816DBE50E040300FFFCF3EE04088D
:100CB000FF17EBEAE50901F411100AEFFEE3DF018B
:100CC0004700F8F0F7E303E00323F309FC0E02F317
:100CD0000E0502F21AFCF22019530204FFFEFDD6A3
:100CE000070F030FEE0EF009F704F9F90213FF0FD7
:100CF0001F2216F7020EFDF50A0705FFF403FA217D
:100D00000507E111E302EFE1FCF5030BFFF608161E
:100D1000F5ECFAE204F8FCEB120504DE1327E2F12D
:100D2000EA0EEF0C00F5F01006F202F6020AE805F2
:100D30000AE821F8F926FC0F0429EBFF01060CEE66
:100D400007FC10FA180FF81601020018F92DE4F646
:100D5000060B21FEFA07FC020F05030219F6F30A3F
:100D6000E701F2171A01F7E3DCF8080205FDF719AD
:100D700008F005FC09F7FDF0E4F314F6F60AF2FEBC
:100D8000ECE7EC09FA0000FEFE1806040BF40A007A
:100D90000A1707EFEA0001FEFFE500FB07FE0E025F
:100DA00000F2021304F2FC08FD07F6FEF10B0CEB57
:100DB0001CF90F060A06FE07FFEDF70C03F8F40115
:100DC000F7F704EB09FA090FDF01F9060A04EFED62
:100DD00004F20907031001FEFF09070B03E319FCE6
:100DE000BFFB16010500071301F505FA040405FB16
:100DF000F7F7EB0EF4FD1400E505F603F9FE062007
:100E000009CA12FAFA010A0609FDDEEFE81C12F817
:100E100000B21AF811FDFC15F9E30CE911F5051DF6
:100E200004F709F90901E1C7210F08FFFCFEF0F002
:100E300005E2FF1C02FDFD050EF2F41DFE2C27F855
:100E4000F712070FFA09FDFE00D308EB1DFAF513A0
:100E5000F8F3F804F00FE8EFF4031AFA140303E8C8
:100E60000925082108091DFEE106F70C18E6FB0319
:100E7000240901FCFA0602E6FA390824FBFF1309EB
:100E8000F909FBFA0AE9EDE5162C12FDFB1004E066
:100E900003030DF3FCF90A23EAEF0524E9D4E50F77
:100EA0004C32EB01FDFA04FB052217191611070E4F
:100EB000F410D5FFF6FEE30E0800E9EEF60AFA0F8D
:100EC000F91609FE060FFAFCFD10E30A0A07F2F410
:100ED000FEFC070D0509FBECFEF9FD09F814F50809
:100EE000E6FBE6B4F4062BE6FC0DFF01FB0403FD74
:100EF0000216ECE90005F10A0E0715E5FC1EF1E902
:100F000016F009FD0616031EF5E220060C00FFFA96
:100F10000708E6DCFAF71CEC17F90502F8040AFBEF
:100F200009F4F5250F0708FFEBF2F4D626F901C8FE
:100F3000FCF20A01FB08F9F50BE40AFD07FFFDFCD2
:100F4000F6021515F00FFDF1F9D20803FC040A0EA4
:100F5000FFE509F7F8F8FB030F01FDDAFFF512FED4
:100F6000F9D207FE02F704F0F9FFF4DAF9F300DD35
:100F70001A03270115D7ED0BFCAA0602FBE608E9C8
:100F8000F520F9FCC50502E0261B2D07FDCAF61960
:100F90000813E6FD08F802FDF92704F7F111FEEE4B
:100FA00013040F0FE0E8FD16FAF30EFCFDEEF91442
:100FB0000C05F2F9F80F0AF5FB1304FE08DAE40356
:100FC0001A1DF1FAF4F500EF0716F609ED0D02EC23
:100FD000240900001FFFF51516FCF700FD04FCFBBB
:100FE0000112F707F00EF3F0FC00ECEEF61BF2FC3A
:100FF000101316FA000A0AF1F5FEF9F4040AF109D1
:10100000FB05E206EC1EE5E7F6E30D070308F1FD3C
:1010100002E3FEF0F4FFF7ED1406F81423081CECCD
:1010200016FFFDFBFA05030A03E305FF1EECF4F7C8
:1010300000F10C0D0C1A1F08091AFCFBFA0A00FE3D
:10104000FBE7FF0F17F5F313F7F3E300FF0D04EAD7
:10105000EEF8F401F50404FBF505050D0DFA032582
:10106000F1FBF80B0F07ECE9160B0506F80C001165
:1010700004F0FA1206F1060AFA030AF40708180641
:10108000010AFC04000FF705F510F9060B0A090C1C
:1010900001021107F90E050707F1F602F7FEFE122D
:1010A000F91E031AEAED0C08F2FDE70CFAFF07053A
:1010B000F9EEFE01F903F90EFEFDFF0DEEF9F5F56F
:1010C000F20609FAEF03F611EFF90D0009FBFD0432
:1010D000FBF506F3F700FE01040513FB0800E6FE2E
:1010E000F9D2091206F7FB24FBF50ADFEB04EF0443
:1010F000100B1C0103FEE7FCD3B0130602F9060433
:10110000FAF9FEEBFB0604F1150D20121E0101F7A2
:10111000F5F9E702FDFE04FFFB210E02FC040201CB
:10112000130D01050105F0F60FFF0D0104FFFB058E
:10113000F70DFFF9FC01FBF618FBFF130D0CEEFB9E
:10114000FA1D040B02F8020DFFFE04ED02F808E59B
:1011500005F90A071B01E5FEF2F303FFFD0007FC9A
:10116000001709F502F6F6EE0B1212F108F6EEFF83
:10117000F905FC000304FAFEFE0F0012FCFCFEF66B
:101180000612EDF802EFEFF6020308F7FFF901117E
:10119000FC1EFD07020303F7F90009090800F20429
:1011A000060B050AF802040E0B16190309020502C4
:1011B0000E080EF8FD0502FC00FFFD03FF0001F91B
:1011C00001080B03F8090DFD0B0E0FFDFEEDFDF8F8
:1011D000E505FA070908FC07FF05FF0A01F602000A
:1011E000070DFCE0FA1206F901000DFCFAFBFB0BFF
:1011F000FA0A01F0F20306F80D000BE407EEF30320
:10120000F4F0F8080CF9FB00FEF20CDEFC0DFEFF1A
:101210000A0302F0FCE8F70FF9F70502060B0000DD
:10122000FDFE05EA05FD0BF506FC0F0714ECF4FACC
:10123000FCF7FE03FEF8F714040001F5FF0503F4C4
:10124000090200F8FBFBFC1BE0C1FE0108000B05D6
:1012500008E9F3DBF50601FAEDFDFB02F4FC09EB0E
:10126000E2D213FB04F10612F5F704F2D607FCF202
:1012700009113507FCD3EADCC9E8E90DF0EFFD23DD
:10128000F0DFFC09E51503EC0FF7111506F7FCF389
:10129000EAC9E7FF10FB0606FED704F3F5FB02EDF3
:1012A0001B15FBF30806ECF51D19FFEF0601FCF911
:1012B000FFF7030802F9F2F907F5EF351111140DE4
:1012C000130923FDFFF509ECFAE6FEF1FDF6F5FB47
:1012D0000E020921340FF0E7FCF216FAFD03F3E6E3
:1012E00002E618F103ED07E7F000041615DEFFE54E
:1012F000FCE4F9FFFBFEFEF8F806FE0300FEF41125
:101300001BFD09FC200718F80A0F0509EE00FDFB7C
:10131000F91D030709050E22F100F018FBC60100B4
:10132000152108FFFFFFFAEAF60105F32DF8002664
:10133000FEFFEB01FF2A11031C020A01FCF102046B
:10134000FF05F6EC080BFD07E8F4FA030A180EF99E
:10135000F400F3010E0EF600FBF800FC070009F0A4
:1013600003F713ECE7291305F5FAFCFEFD13F6FB72
:10137000F60B001501F5FC140405F2CD0AF911FD78
:10138000EFF4F20303000CFC07EA0104F6F805F29F
:10139000EAFE0DF301FB2211FFFD0E05050203F32A
:1013A00003E601F4F9000E06F1EB01F10A19FFF56D
:1013B000E0FEE900FA0501F8FDF603ED0B03F20E7D
:1013C000F2030309EB2C000D11F5EDF2FDFF01EB2B
:1013D0000614F4070206FF01F4F9F2F8EBCC0D1144
:1013E000192BE1F8090A00F10008031508050706A2
:1013F000EDF3E3FECF03130E4249FAF9EF2300F7B2
:10140000FEDD070515070E1BDFF6CDEFF41806FD10
:101410001EDF290C0008061B09EDFCF300EAFE1292
:10142000EEF0E8FA0A11DEE30200F8FF020EF30C18
:1014300009F6ECFCFBFAF40803E6FC05DE0C0FFCF5
:10144000D9FAFE07020FFBFBFCE00D001104F826A1
:10145000F4FBEB0FDA0AF9F8090710FF020F020993
:101460000724100E07101013F217FA1A0ADDCF1A0C
:1014700022FBFE06FCF3FDF00D17FF2204FC27E81B
:10148000F4F711FD1EDEFAE9040E00050CFCFCEC7D
:1014900001F707F8FFFF0809F6F9030BF706EC0858
:1014A000350DFAF2F20302F6F90A0117F60B0304FE
:1014B000F201FCFAF7EA0416010006FDF005FD0250
:1014C000FA190308F30005FBF400DDF809E5E9F675
:1014D0001BF20107FC01EFDEFD0F01F8E602070732
:1014E000F0FB01B9FFE70B10FD0501F605FB04EF6A
:1014F000031009FDF6FEFC0AFE0D14EFFD02FEFCD2
:10150000EF090106FE0E0311FA07FD140E0AFE0D87
:10151000EBFE07E1EB0807F30F10DF0D01FBFE1BED
:10152000F3F2FD0701F907FA1405F5EDFA09EDF1FB
:10153000EBF8FA0500F9081902D702ED0714FB01D0
:1015400016090A0AF811E7051B02F8F703FEFEF078
:101550000904FDF7EAFFFEF502FE060F00E8DB0ACC
:101560000801F8F0FFF7FDE1F31BFBFCEF03F9EFD7
:1015700002011A0C03EE041800F5F7FDFBF303FE5D
:10158000F80406F0F6F4FB0B0111FBFEF0FCFA1078
:10159000F6F60CFD03F8FC1A05FB00E4050607ED62
:1015A0000204E9160B08F806F5F8F00002050AE84F
:1015B0000222FCEFE9FFFDFC030008F6FBDACC1386
:1015C0001C06EEFEFCE9FCD9FF160005F7FE01FD46
:1015D000120903F2F2CEF3140D11FBFBFD0003011F
:1015E000FEE003FD0809F7E5FB0614E1E103170A35
:1015F000FD080F0EFF00FD1C05E3FEEE040300F2E4
:101600000F0E080BF513DFE0F4EA0AFEFBFA0CFEFE
:10161000F9FFF5E8F1F2F6F0211C1AD21AFBB1F449
:1016200019F5F7F802F9FB1A02E4FEF5F809E3EF01
:1016300005FAEFEE11F1F407040504000D0203D9D9
:1016400004040901F700FAF6FBFD0802F2F20AE7CA
:101650000C0304FCFD07FA0204250E0F03FC08F13D
:10166000000D0BFC05DAD2F1F1F009040808020FB5
:10167000FDEA0310F9FF06EA090D00EB181724EF45
:10168000E401F402FEF8FC1608E9040EF8F6F2F99B
:10169000FDF7F8F9041810E808F70004FF06F4EF66
:1016A000F81600F8EBF8F610010C0902EDEBF0F17A
:1016B00006000FF9FD07FFEAF51BFC0FF202FEEB37
:1016C000F9EBFBEF19E80D02FD00F5FDF50BF20655
:1016D000FEF0F1FF020802FCFAFFEC01FAE9350125
:1016E0000C14E9F202F601060CF00413FEE90F01F6
:1016F000F301F3060AFE0DF31B1D0C10F6F6081796
:1017000003DB05F40CFC14FEFBFC1E072011E8F0C3
:10171000FBDC000106FD010E04FD0BD7F7FF01FB0A
:10172000010D141014E6B9EA0430F4F605F906FDCB
:1017300007F7F2100CFCF8FCEAF0F20AF2E02209DA
:1017400017F705FA00F9EEFD0F07FC08FAFCFA1787
:10175000FCFFEBFAEF0BFD08FB1F010802F4090385
:1017600001FCFE09EF130FF9050317F80D0407122A
:101770002F07FBFD04F0F6FD10FFFE09FAFCFFE267
:101780000805FFFB16FDE3FBFEF80001FFF801F979
:1017900004FD0C16EC02F31301F40107F6FAEE0B4C
:1017A0000BF50D06F70C04FF0808061601FBFE06F4
:1017B000FFF7E4ED030F181104EB11F9FFFDF81129
:1017C000FD07FA0DFEF50400E7FFFC00E907F5FE52
:1017D0001012FCFE080106F6030CFDFB03F9F1F5FF
:1017E0000CFFFAF21307090CE004FB000800F7EC09
:1017F000FA00070202F5F30BE703181EF8F23301B3
:10180000F01C08FDF90606EC0F12FCF902060907A8
:10181000F4FC0C34000CFC1AF10AF600FD0607FF7C
:10182000F12EF6E712050AFBE4EEFFF5E0EDD81223
:10183000F5FBF7FCF80AF103030404EAFE010611C4
:101840000A0901EEF00B1D0501F903FDFDFEF70687
:101850000508FDF9F8070A05FDFB00E8FC01F3099E
:10186000E608EEFBFD00FC0211FBFDF606FC0AF2A9
:1018700006080FF4FCF0EE030704FA06050207F170
:10188000FC01F9F102F9FAFAFBF6F500FEEDFB02B4
:101890000AF20707FAFAFF020403F7FE010803FB46
:1018A000FA01EFFBF30B050011E909F707FAFCFD5C
:1018B000F7F2F80202F7FC0101030701FCFDFEF557
:1018C000F6FD05FBFBFBFB06060302FE0A0306030F
:1018D000F1FFFF05FF0CFA000104F70505030805F9
:1018E000FCF507FB040B010004070CFF08FBF8FDE7
:1018F000010BFC08FE02FCF507F90702FF0A0710BE
:1019000001FD100CFBFFF80801010400FC0303F7C4
:10191000FDFD06F901020210FCFA0605FAF4FFF8D3
:10192000E7FD0CF50608030000FCF1F4EEFF02FAF7
:10193000FA010509FDF7F9FD0D0000FEF7F60400B8
:101940000DFF040704020CFD1108FDFE0902F8FC5E
:1019500016070406070DFAF7F8FD0403F80705015A
:10196000FFF50501FB02041C020902FD000702FB52
:10197000FA03040006F9FEF7010DF812000105094B
:1019800001FFFD03FE0600F9FC08FCFAFF09FD0B50
:101990000709F9F60002F001F9080CFEFC04F10455
:1019A00003F800FD0005FD05FB02FFFF051300F82D
:1019B000E104FAFAF6FC04FF03FE000902FDF7F267
:1019C0000805FBFE0D0301F8FB19F606020908FBEA
:1019D000FF1BFB0808FC0302F805FEF8FFF7080BE5
:1019E000F8F6E7F5FC09F9F9020902181DF60919DC
:1019F000F3F3F712F403FC12FA3BFA0102100809A0
:101A0000FEE70D1104FF0412EF00E709F62C07F3BF
:101A100003F91206F603010905EAEFEB03060907CD
:101A2000FA03FC0BFA0AF8E317C3FE0105080305E5
:101A30000BF9F70B0BFB050C07F4FD01EA0C14FE88
:101A4000FBC1FCFF07F2F6F904E90AEF10F9FD1EED
:101A5000FD07FC04E0F1E808F3DB15FC04FC1004CE
:101A6000FE0BF909FC07161AFE04F6F90EFAE40952
:101A7000F343FB0B0D0806ED0102F31CF6FB13F517
:101A8000FF06030E0AE802EA091AF6F8FF0306E960
:101A900011F201FEFA00FF0BFCF10421F7F30E0A2C
:101AA0002914FDFB050207F6001AFB16FFFC04FFD4
:101AB000F4F3FA0DF3E2E6000C0A00FEF70101066A
:101AC0000313FC08FE01F2FEF803DFFD06F4F5FC4B
:101AD00012F6ECF70B0702EE0506F8EFF60BF50C25
:101AE00002F502D103F813F2EC0902F705FFFEF547
:101AF000FA200202FE010111EAFF01E8FADFFC0010
:101B0000F0FA02F90102030206F6F8FE0F02F20EE5
:101B100000FB02EBED000202F4FEF5FC05FCFC12FA
:101B2000F5EE00F1FEF9FAFA14FD00EDFE0CF8F8FE
:101B3000E7F4F803FB0500FEF8EB04DA04FC0809FF
:101B40000EE70501F511EFEDC6C8FF040FF2F8F935
:101B500000ED04E5EB0805F301FF15F301F3FE01C9
:101B6000F7E2FA0A00F3F81905FDFEFCEBF307DCD7
:101B7000250C0FE706D40006F5CFFCFEFFF8FCFEAF
:101B80000316F8F4E2020EDE0F0E24FE08E5EA1753
:101B90000B20F10201FCFAF6FDF6ED03F1FF05E181
:101BA0000A0D010304EFF30704EE11F901FDFCE94E
:101BB00005ED0DFBF4FBFDFA0BFFFE0A0AEEFFFF3D
:101BC000FE010FF2F7F9F805F9FAE8E9EF01FEF284
:101BD000FAEC140C07DEE611F73FFFFB02FD08DD0F
:101BE000FE000BFFEC03F5EF1201011401E0EAFE29
:101BF000163709F90802FEECF8F8FDED0303F8F1D9
:101C0000FF02020DFF0FEF24F6150EFFF4FEFBF2AC
:101C1000FE04FC02E9FEF404F8F808F801F3E0F928
:101C20000D0BF30BFBFA000FFC13F8060507F11D73
:101C30000A091B02020C04060AFEFEF8F90205FF5F
:101C4000FBEDFB0CFA0AF3100204FF01130C080071
:101C50000E090607FB03FE0100F4FCFB0B0AF80D5E
:101C6000F6E8F81805030C03FEFF06F70B0901F66A
:101C7000FF1A090C02FBF3FDFE04FCF00306190C2D
:101C8000F2FAFA08F90210170101FE0CF3FE050042
:101C9000FCF010FEF0042900EDF9F6010809041427
:101CA0000C00FB020302FEFB0FFFEA0BF314211DE5
:101CB000DC1502F605FEF702F9EB04000C0B040C30
:101CC000F909FB07E71727F01AFA0E0D0EF40102C7
:101CD000F400FEF20BFE04DDFCFD04E9FDF7E30178
:101CE000210E07FEF4001008EFFD0512200C09F488
:101CF0000101FEFD01F608F3CC1702FAF9020CEE21
:101D000001F7F603FF09F0E31C11EE01090A29F3BC
:101D1000052BF3E508FA02EFFC15EE1B000AFDF1B6
:101D2000EBF2E3AFC70F5513F8010CF100F8FE100A
:101D3000F4010B120601FCF505F4FBFD0218100A74
:101D4000DD11FDF8FE04FD0302D9FE0CF40801EEDE
:101D5000F306270714030CF2FDE6E4FF03F910086D
:101D6000FBBFF6FB06EE01111608F0110F0EF4F49E
:101D7000E1ACEB01F3FEFAF9FDD2F7ECF9FBF01C54
:101D8000FCFBF510E3042C1B10F601FCFE0B12FA11
:101D90000BF9FE1CFC100307F700E00606023FF7F4
:101DA000FEF214FB0306060FFCE90814D6FE0AEA4D
:101DB000EB101B2508010CF2D6E113FDFEF3FA0728
:101DC00005DBF7F0FC0101002519121014F00509DC
:101DD000E7E1F3F9F3F1030AFEC8FEDDF9040AE5D1
:101DE000060DF425FFF9EA222BF5F603F20B04E1C8
:101DF00003EEFD1809F7FC30FFF1E41DE9FD35F1B4
:101E00001FF9030101FEFAFAFF11FCFEEF021602B0
:101E1000F40BFB08FFFD2910F3141E09F7EC03F780
:101E2000FBF0FE0CE106110A0E06041D4518071B07
:101E3000050FFCF810F5F40601FCFB08FC02FDF1AF
:101E4000F9F427FEFE1EF4DF00D20D05FC070102A7
:101E500006E0FDF9F3F7FFE60CF9ECFB0AFB0BF7E4
:101E600000E7F205FAFFFE0AFAF2000B06ED0700A2
:101E70000504FFF6FD0A0FFD4546FB0507F8FC07C4
:101E800001170412050405EA00010E0F0B1D0C0AD0
:101E90000D060B06040602ED0310FBFCF905FEF42B
:101EA000060CF30F15000EFDFF1C00FEFCF9FCE113
:101EB00008F9FB060C02020FEF08F7FAFEFD15FA0F
:101EC000F10E0DFEF70000070901F6FBF80B0FF409
:101ED000FFFB1702F40015F90240FB040BF6021594
:101EE000F609F5D0EC050804151600F702F305060F
:101EF0000221FE0C0BFE02FFF9DFF7DD03FB0AEE09
:101F0000F7F309070C02F732FA02F7F8F5FE03EDD2
:101F10000AF9F90CF705FD0608FE03D6FF031913AD
:101F2000FB07F1F2FDFB05240B17FEFFF6F1F5FDB3
:101F3000FBF410F903F8000F04E3EB0703FAF9EDE3
:101F4000FDFDF418F20104F4F60C12F601F402FBA4
:101F5000EB0BFDFAFB06F80100010712F0FC05008F
:101F600002F50CF40BFDFA20C0ED05FC00F1FCCBF2
:101F7000030807E8E9F3F905EFF7111CEFB7FD0BCC
:101F8000C6FB08FB01E807F40510FED0ECF90010D1
:101F900002094BDDD4E1B60ED3EECF1103F4F50CFC
:101FA000F50405D5F4F2F9EB0C1C05F6B4E6FA25B8
:101FB000F3F2D4FD07FAF8F501EAF4E1F9EFECFCED
:101FC000070AF3EFC4F5133503D0FB0EF4F309044D
:101FD000F6E9F2EBE9FB0BF9F5FC14F8EDD8F003A8
:101FE000F3C71C0A04FC0AFDF60503EDE91315E628
:101FF000F9141E0BF7D3BDFAF513F902FF03FBF634
:1020000004F90513030BFCDE01010314E7EDE9F10C
:10201000FBE8FB0306FFFFFBF9FD01FC0908EFE20B
:10202000030EFAFAE8F90202E332040310F402F3B1
:10203000070EF8E3F90CFD06F308FE08F9EFD80ADD
:10204000C5DF0BFAEE08FB1AFFFAFAD0F612F9EE2A
:102050000EFEFDEE2235DAF1F2E10BF8030900F68F
:10206000FB00F901EBF302E905FDFE012FD6DBF0E1
:10207000FBEBE3020AF4F6ECEF05F8EFF6EC08FBF5
:10208000090712D025FFF2F907E5F6F60A0AFB2048
:10209000FD030B0311FAFDF0EEEEECE20536F9DB81
:1020A000D4F8F6F8FE060304FAF002152FFDFE0838
:1020B0000DFBE8DD2B3B2AE5DB0D010408FC010EDE
:1020C000FDFD080AE903050CF0F902F9FF0DF0E93E
:1020D0001C28FBF805F3F70BFEEAFE0B0606FDEEE7
:1020E00007F90AE6041F353217EFEF07F20AFCF191
:1020F000F11400F4FDFE22EE06F6F90EEDCA30F200
:10210000EA070200F4050DDBFAFE02EA01E81D0908
:10211000110B0810F6E01608DEEBF10504FA0DF7D6
:10212000F9DA00D8020A13FDF9020001C7E5F71E2B
:10213000F7FAF3F90206FE04FDF0F5FA00030010C9
:10214000140DEEF7CE0E2F17CAD0100109FC0606AB
:10215000F301FFE50107020409FE09F7FD08DFFFAF
:10216000EADBFC08FF16F81600EE1AD2F8FEFDF9BD
:10217000FC051DE2F4DBD2FFCCF10A090BFF05FCE4
:1021800000F106E70002EC0310FD08F2FEF8FC0483
:1021900019F409010E10F8EBF9FB06020CEEFD0133
:1021A0000E0109F62102D6E51CE50800F903F9FD48
:1021B00002E6F6F307F9020F1BFB032D021FE0E511
:1021C000F424F6110F08F80E080700F61FF20B2290
:1021D000FAFB030DF105DCE5EAF70309F71B01083B
:1021E0000221FAFA0CFB050AFD13F50610F1EDF2D7
:1021F000142AF6F70C0804F5FC31F6200303030655
:10220000F7EFDDE7F2E706060D24121404F9F3E018
:102210000A4D0B0501F8FDEBF0001105F2ECC903C6
:102220002527F4FF1109FAF5032C0DFAF20B03EE42
:10223000EC0AF9FA00EAEEFBF705F507FB080316CE
:10224000F9FC0DFD0205FBE60018ECEC0CF62A0784
:1022500002F2F90102F5F6F8FFF6FCFBFC00F004CF
:10226000FC00F3DDE907F8F701EF060D01080005B2
:10227000F90BF6EAF30906002C0833C5F404D60A74
:102280003FEE070C02080AEBF5EB18F904FEDDEC53
:1022900021F8F4C8D9D80FF928ED18FAFC05FB0F7E
:1022A000FDDA060E0FF301E60301000713EFFBE171
:1022B00024000704F3FF040B0311FBF8F5F507FEF8
:1022C0000A0B19071CE8E916FB270005FB0BFE01AA
:1022D000F9EC08F50205FCEBFD0108F9FBEBD9036D
:1022E000FBB80F0C04F9FDFCF5F601E2FC03FBEA78
:1022F000180F33F20DDBD2F9FEC2FFFE02FB0F0511
:10230000072604EFF40507EE0B1D493102D8EB0850
:10231000EF15E4000B0302F3011603FD08FEFB01B9
:102320000C0BFDFFE6E6F60909E610F6FCF4F502F3
:102330000209FFF0F80210ECFF00F10B05E2E516D0
:10234000F81B1305FDF5F407010EFFEDE602F3E6B9
:1023500011F515FE2508EC0301EAFFFFFBF804F375
:10236000061704E9EEF9F1E41A051CF90CE7E5019A
:102370000B01FBF4FA0209F5FE0A0DF2F6F0F1008A
:1023800004FEF3F3E309E20C06FE1303F90A0A0163
:1023900000F6E914FA0600F9FBF903E116020B0452
:1023A00000EDEFF7FBFF0A320B03F10D0BFB01ED24
:1023B00004FA010705152417F1F8FEF1FDF1FEFE00
:1023C000020EEA03EEFCFE02FC0106F20AF1F5FD44
:1023D000EEF4F8EFFE000502F5FE000AF104FCF54C
:1023E000000302F9EEFF1D1AF00803FDFDFCFFF0EB
:1023F000FC07FFFFFCFE05F4FB03F6FAF9D2F70930
:10240000FFFD01FE07F004020D0001E3EA051402DE
:10241000FE013A00EAF0EF11EC06F30408FBFE0DB2
:1024200016F1FDE5F5F908F5220EF5F6DA030D33A0
:1024300004F70709F2F70305FCECFBF1F405F4F0EF
:102440000EF00AF7EBF9FF1C10F8FC07F902000286
:10245000070402FDF80602FCFF02FC01F3FA030A7E
:10246000F404030106000106FF00FAFFFC07FE0763
:10247000F904FDFF05FE00FEFE04050000F307FA67
:10248000FF0009FDFFF5FA03FE0806FBF7FDFD0856
:1024900000F108FDFEFCFB06F5FE0702FDFAFDFB60
:1024A000F90506F901FE00FCFF05FBF50104FEFF3E
:1024B000FC0200010706F3FDF902FC01FC0202FA2E
:1024C00005F6FF060A05FBFEF6FD0605FD00FC000D
:1024D0000103FE01FE03FE03FCF6FFFDFD07FBFC0E
:1024E000FBF601000201FCFC06FCFBF9FA01FD040D
:1024F0000DFCFD01FDFFFC03FAFA00FAF9F7F7FF06
:102500000B01F2FC000200FEFBF702FCFDF90002E9
:102510000501FE0006F903FB0C05FE0501FFFBFBB0
:102520000701F80B01FDFBF9FD020604020301FCA3
:10253000F903FFF7FFFDFAFFF9FF04F8FDFD00FEC8
:10254000030105FF03FEFBFEFEFFF5F6FBF9FBFEB4
:10255000F5040A02F501FE0100FDFBFCFD0404F890
:1025600002FB01FDFB0207F701F801080802FDFE6E
:1025700001FF0202FA04F900FF00FBF5010101016D
:10258000FF050002FBFA09FC050209FA0402FA053C
:10259000F20107FAFE030006F4FFFDFAFAFD060752
:1025A00003040004F701FC0000FD000AFC00030521
:1025B00000FDFE000100FE0401F7FD00FFFBFFFE31
:1025C000FB030A060BFA00FD10190DFAFEFBFFF0E3
:1025D0000A06000002FF02FF02FAF1FE0AF2EE0A0A
:1025E000EE21F809011905DFF104FA130504FE08CC
:1025F000F6F8E60CDE0720FF3A450BFFF90F06FB65
:10260000FDFE000D06F7070EF3E5DB12F91402F2EA
:1026100004E326FE0305F7F5FCE00107F5FB0300E4
:10262000EFEDDE1A0EFE0FFDE4E8EF0104020200FA
:1026300001F70002FEEFF906FF000DE60A08EE07BB
:10264000F517E10C0102FEEEFC02040C120E031160
:102650000AFB00F5DE0CFBEA012AF9FC0E0401215D
:10266000F60805121D14122EF4FB05F50406080CDD
:10267000FC241305F8FDFEFD0ADE0DE516F906FB48
:10268000FF001F26FAFC1109EAE1F0030410ED181F
:102690000305050A0EFA00F117F7EDE4F70A0D102D
:1026A00004EEFB04FFEFFAFDFDEFFCF7F4F7ECF6A8
:1026B000F400FBF71AEEFDFA06F81504FF05080111
:1026C000FD03ED02FEF8010207FA11FD05EC0A090F
:1026D000090EF013FDF3FD0D080906EBF6F306ED08
:1026E00008FB1BFE21FAEC2FE5F3010900F702EDD0
:1026F000010A07FA0EFB0DFCE4F6EF17EBD028F900
:10270000C81202FBF3F0FFE0FD0705F8F700050330
:10271000EAFD13E3DEECFBF9E400E408FAEDF60968
:10272000040DF5E0ECF9EAFDFE0C15E8B7DAD0127D
:10273000C9E4E500F6010A18F6ECF8E400F9EA004D
:102740000AF8F0F0BCF5DD21F8050405FB01FDF009
:10275000010D00FD0A04F70AF8FBF008FEF105FE82
:10276000240B07FDFF050AED04FF02160EF1F90721
:102770000CF0F70EFD0C1CF22330F503FD0000F108
:102780000003FE0F13FE03F606FCFC070219090105
:102790000DF20813FB0907FAFFF5FB0207F6FFF33A
:1027A000F903F611FAFB05F8FE0001031007F8F231
:1027B00000FEFD020BFEF606FE07EDF100020AF92F
:1027C000E608FC04FC0507F902EDFDFD1401070A0B
:1027D0000302FFFCFA0DF9F80A05060C0E00EE03E1
:1027E000FB0303F6F9000B00FFF9060F00F4030BDF
:1027F000F01000F9F5F504F9080C0AEF09FF05F1EE
:10280000F5F8FD2804F4E4E807F8EFFFF703F50A0C
:1028100003EDFE0404000C0B0AEAF2F003060D06B9
:10282000EEEC0001FDF00AFDFEE7000E0A01E3F206
:10283000F9F804181AF40501F403210108F303FD63
:10284000FCFFF51607FC09F803F90C1A04D7F0FF92
:102850000E1AE804F8EFFD01FB1CFCF800F3F70288
:1028600009FD10F216F1FF10BF01F903FAF8FCF0B0
:1028700004FB040513FFF915EEF703F5F0D206FE8D
:10288000B609FCFD0AFC06E60519F5ECF1FE060F9B
:10289000E6081CD5D4D7E60FE6FCE00A00EDFD0EF5
:1028A0000106F3D401FFF0FBF7021CEBBAEBB5F91C
:1028B000F3F4E4FDFDF7FE0004F0FAF2FAFDF3F2A2
:1028C0000C04F6EFD20BF41F1909070C00000C00E2
:1028D000FFF4F7F405FAFFFD0600F1060C15FEFF04
:1028E00012FC02FF0301F600F8E7FCFDF50801FC0D
:1028F0000FFF15F90E0109112D4CF803FAFD07FB26
:102900000821F50FF3FC04F4020312080205F90391
:102910000DF80402FC0A020A04100408FA1305E286
:102920000B09070A15F70C010C1FEFFDF706F6F26D
:10293000FE0D01F60F0A0109FB08FCFA17040F014E
:1029400005DD04F503F204F904F0F4F9FA010AF7DD
:10295000FE0511F90AFD1701FC14FF0803FD070A23
:10296000000DFDE2FA0305000E030DF7EFE7141961
:102970002010E6F700F005FC06F2F7DE09F207FC8E
:10298000F307EF06F1F7F515F6F703F80CFAFDFE7D
:102990000201F72303FE03FC0207F9EE00161D08EF
:1029A000F50702F803000C00F912F31B0901FE04FD
:1029B000000203E80AF3170BD8FCFD07FCEC01FD4D
:1029C000FCFEFB11ECF4FC0D080208F805E3EB0536
:1029D000F601FBF60205F8F7FF030106F2F7FFF434
:1029E0000DFAFFE70DF41033BF010CF401FA06EE07
:1029F000FB090DF0F6F2070FED0118FFF9BB070513
:102A0000D7F80905FEE606001010FACDE1F4011D25
:102A100001FF3BE1C2C8BF2AC5F3D30BFFF7FA049D
:102A20000304F7CA0F06F1EE1C0E02F4BCDBDC0C4B
:102A3000D5F1F000EFF206FF01F4FEF1F902F0E348
:102A40002D10F3EBBAFB0E34050600000000000069
:102A50000000000000000000020300000000000071
:102A60000000000000000000FCFA00000000000070
:102A7000000000000000000002F000000000000064
:102A8000000000000000000001DF00000000000066
:102A90000000000000000000FD1200000000000027
:102AA0000000000000000000FF1700000000000010
:102AB0000000000000000000040F00000000000003
:102AC00000000000000000000AF20000000000000A
:102AD0000000000000000000FEEF00000000000009
:102AE00000000000000000000603000000000000DD
:102AF0000000000000000000FA1E000000000000BE
:102B000000000000000000000212000000000000B1
:102B100000000000000000000808000000000000A5
:102B2000000000000000000007FF0000000000009F
:102B30000000000000000000FC1000000000000089
:102B40000000000000000000071F0000000000005F
:102B5000000000000000000004330000000000003E
:102B6000000000000000000000370000000000002E
:102B70000000000000000000FF2500000000000031
:102B80000000000000000000FAED0000000000005E
:102B90000000000000000000FD0100000000000037
:102BA0000000000000000000021A00000000000009
:102BB00000000000000000000B1B000000000000EF
:102BC00000000000000000000E0A000000000000ED
:102BD00000000000000000000001E900000000000B
:102BE000000000000000000000E7CD000000000031
:102BF000000000000000000000E8E000000000000D
:102C0000000000000000000000E9D6000000000005
:102C10000000000000000000000BE60000000000C3
:102C2000000000000000000000FB10000000000099
:102C30000000000000000000002B14000000000055
:102C4000000000000000000000290B000000000050
:102C5000000000000000000000380F00000000002D
:102C6000000000000000000000FAFB00000000006F
:102C70000000000000000000001BFE00000000003B
:102C80000000000000000000002915000000000006
:102C9000000000000000000000201E0000000000F6
:102CA000000000000000000000FE25000000000001
:102CB000000000000000000000D9FF00000000003C
:102CC0000000000000000000000F1A0000000000DB
:102CD000000000000000000000F6FB000000000003
:102CE00000000000000000000006F20000000000EC
:102CF000000000000000000000FCF50000000000E3
:102D0000000000000000000000FEF90000000000CC
:102D1000000000000000000000D3CF000000000011
:102D2000000000000000000000E6E40000000000D9
:102D300000000000000000000012FD000000000084
:102D4000000000000000000000FCFD00000000008A
:102D5000000000000000000000EA01000000000088
:102D6000000000000000000000000503000000005B
:102D70000000000000000000000009080000000042
:102D80000000000000000000000002F10000000050
:102D900000000000000000000000D801000000005A
:102DA00000000000000000000000EA1B000000001E
:102DB000000000000000000000000DFC000000000A
:102DC000000000000000000000000E0A00000000EB
:102DD00000000000000000000000FDEB000000000B
:102DE00000000000000000000000EA0B00000000EE
:102DF00000000000000000000000E52500000000C9
:102E00000000000000000000000007F600000000C5
:102E100000000000000000000000F90600000000B3
:102E20000000000000000000000006E600000000B6
:102E300000000000000000000000ED110000000094
:102E400000000000000000000000E1300000000071
:102E5000000000000000000000003FF9000000003A
:102E600000000000000000000000240C0000000032
:102E7000000000000000000000001601000000003B
:102E800000000000000000000000FAFF0000000049
:102E900000000000000000000000EF14000000002F
:102EA000000000000000000000004B0200000000D5
:102EB0000000000000000000000027EE00000000FD
:102EC000000000000000000000000FF800000000FB
:102ED0000000000000000000000006F800000000F4
:102EE00000000000000000000000F60600000000E6
:102EF0000000000000000000000000E405000000E9
:102F0000000000000000000000000000EC000000D5
:102F10000000000000000000000000EBFE000000C8
:102F20000000000000000000000000F5ED000000BF
:102F30000000000000000000000000FDF50000009F
:102F40000000000000000000000000EDE7000000AD
:102F50000000000000000000000000221900000036
:102F60000000000000000000000000FBFB0000006B
:102F70000000000000000000000000F1E800000078
:102F80000000000000000000000000FAE500000062
:102F900000000000000000000000000CF60000002F
:102FA000000000000000000000000012040000000B
:102FB00000000000000000000000000F08000000FA
:102FC0000000000000000000000000FCEA0000001B
:102FD0000000000000000000000000FF00000000F2
:102FE00000000000000000000000000D16000000BE
:102FF00000000000000000000000000707000000C3
:103000000000000000000000000000120B000000A3
:103010000000000000000000000000F1F2000000CD
:103020000000000000000000000000080300000095
:103030000000000000000000000000120F0000006F
:1030400000000000000000000000000C060000006E
:103050000000000000000000000000271F0000002A
:103060000000000000000000000000F6FF0000006B
:103070000000000000000000000000EDED00000076
:10308000000000000000000000000000F2F300005B
:10309000000000000000000000000000F30200003B
:1030A0000000000000000000000000000601000019
:1030B0000000000000000000000000000BFA00000B
:1030C00000000000000000000000000006020000F8
:1030D000000000000000000000000000F0020000FE
:1030E000000000000000000000000000EEF70000FB
:1030F000000000000000000000000000FAFC0000DA
:103100000000000000000000000000001EFA0000A7
:1031100000000000000000000000000006040000A5
:10312000000000000000000000000000F9FF0000A7
:10313000000000000000000000000000EEEE0000B3
:10314000000000000000000000000000F00100008E
:10315000000000000000000000000000230B000041
:1031600000000000000000000000000009FB00005B
:10317000000000000000000000000000EF00000060
:10318000000000000000000000000000010200003C
:1031900000000000000000000000000004F3000038
:1031A000000000000000000000000000F806000021
:1031B00000000000000000000000000008140000F3
:1031C00000000000000000000000000002FE0000FF
:1031D0000000000000000000000000000EFA0000E7
:1031E000000000000000000000000000F5F90000F1
:1031F000000000000000000000000000FD070000CB
:10320000000000000000000000000000FC0A0000B8
:1032100000000000000000000000000000FE0B00A5
:10322000000000000000000000000000001A030081
:10323000000000000000000000000000002609005F
:10324000000000000000000000000000001F04005B
:10325000000000000000000000000000001DEF0062
:10326000000000000000000000000000000D02004F
:103270000000000000000000000000000017040033
:103280000000000000000000000000000030F2001C
:10329000000000000000000000000000001CF3001F
:1032A0000000000000000000000000000022FE00FE
:1032B0000000000000000000000000000004040006
:1032C0000000000000000000000000000025F800E1
:1032D0000000000000000000000000000032F300C9
:1032E0000000000000000000000000000022FC00C0
:1032F0000000000000000000000000000025ED00BC
:10330000000000000000000000000000002F01008D
:10331000000000000000000000000000001EFA0095
:103320000000000000000000000000000024030076
:103330000000000000000000000000000029FC0068
:103340000000000000000000000000000009F30081
:10335000000000000000000000000000001BFD0055
:103360000000000000000000000000000038020023
:10337000000000000000000000000000002A000023
:103380000000000000000000000000000004F50044
:103390000000000000000000000000000001050027
:1033A0000000000000000000000000000000FDF42C
:1033B0000000000000000000000000000000F7F521
:1033C0000000000000000000000000000000F0F518
:1033D0000000000000000000000000000000F4F207
:1033E0000000000000000000000000000000FAF6ED
:1033F0000000000000000000000000000000F4F1E8
:10340000000000000000000000000000000003EECB
:103410000000000000000000000000000000FF06A7
:103420000000000000000000000000000000FFFF9E
:10343000000000000000000000000000000001FD8E
:10344000000000000000000000000000000002F585
:103450000000000000000000000000000000FE026C
:1034600000000000000000000000000000000EF856
:10347000000000000000000000000000000002F258
:103480000000000000000000000000000000FBED54
:103490000000000000000000000000000000FBF63B
:1034A00000000000000000000000000000000CFF11
:1034B00000000000000000000000000000001108F3
:1034C0000000000000000000000000000000FEFB03
:1034D0000000000000000000000000000000FE10DE
:1034E0000000000000000000000000000000F7E9FC
:1034F0000000000000000000000000000000180EA6
:103500000000000000000000000000000000090AA8
:103510000000000000000000000000000000FB00B0
:10352000000000000000000000000000000007F99B
:103530000000000000000000000000000000000883
:10354000FA00000000000000000000000000000E73
:10355000090000000000000000000000000000F969
:103560001B0000000000000000000000000000FE42
:10357000100000000000000000000000000000CA71
:10358000E70000000000000000000000000000054F
:10359000F200000000000000000000000000002316
:1035A000FC00000000000000000000000000001F00
:1035B0000F000000000000000000000000000014E8
:1035C0002C0000000000000000000000000000D3FC
:1035D0000C0000000000000000000000000000DE01
:1035E000ED0000000000000000000000000000FCF2
:1035F000F500000000000000000000000000000FC7
:10360000030000000000000000000000000000F2C5
:10361000240000000000000000000000000000D4B2
:10362000170000000000000000000000000000EA99
:10363000F20000000000000000000000000000D1C7
:10364000D30000000000000000000000000000FAAD
:10365000F80000000000000000000000000000F67C
:10366000210000000000000000000000000000DD5C
:10367000050000000000000000000000000000F64F
:10368000000000000000000000000000000000C872
:10369000E00000000000000000000000000000004A
:1036A000D50000000000000000000000000000F64F
:1036B000080000000000000000000000000000EA18
:1036C0000C000000000000000000000000000000EE
:1036D000FAF60000000000000000000000000000FA
:1036E00000050000000000000000000000000000D5
:1036F000FAFD0000000000000000000000000000D3
:10370000080E0000000000000000000000000000A3
:10371000F9000000000000000000000000000000B0
:103720000101000000000000000000000000000097
:10373000FBE90000000000000000000000000000A5
:10374000FFF6000000000000000000000000000084
:10375000000D00000000000000000000000000005C
:10376000030800000000000000000000000000004E
:10377000F9F9000000000000000000000000000057
:10378000F80200000000000000000000000000003F
:10379000F1FC00000000000000000000000000003C
:1037A00009140000000000000000000000000000FC
:1037B0000105000000000000000000000000000003
:1037C000FCFD000000000000000000000000000000
:1037D000F8F60000000000000000000000000000FB
:1037E000F1F30000000000000000000000000000F5
:1037F00006F60000000000000000000000000000CD
:10380000F8F70000000000000000000000000000C9
:10381000FF080000000000000000000000000000A1
:10382000F2F40000000000000000000000000000B2
:103830000D03000000000000000000000000000078
:10384000F1FA00000000000000000000000000008D
:10385000F0FB00000000000000000000000000007D
:1038600000F4FE0000000000000000000000000066
:1038700000F8080000000000000000000000000048
:1038800000F40D0000000000000000000000000037
:10389000001707000000000000000000000000000A
:1038A000000EFA0000000000000000000000000010
:1038B00000F91500000000000000000000000000FA
:1038C00000C1030000000000000000000000000034
:1038D0000009EF00000000000000000000000000F0
:1038E000004FE200000000000000000000000000A7
:1038F0000047E3000000000000000000000000009E
:1039000000E80D00000000000000000000000000C2
:10391000000AE900000000000000000000000000B4
:103920000039DB0000000000000000000000000083
:10393000004AC80000000000000000000000000075
:10394000001ADE000000000000000000000000007F
:10395000000206000000000000000000000000005F
:103960000013E7000000000000000000000000005D
:103970000025EA0000000000000000000000000038
:103980000003EE0000000000000000000000000046
:1039900000BCF40000000000000000000000000077
:1039A0000006EF0000000000000000000000000022
:1039B0000001ED0000000000000000000000000019
:1039C00000EF0B00000000000000000000000000FD
:1039D00000DC1500000000000000000000000000F6
:1039E00000DC0700000000000000000000000000F4
:1039F0000000F904000000000000000000000000CA
:103A00000000F003000000000000000000000000C3
:103A100000000203000000000000000000000000A1
:103A20000000121C00000000000000000000000068
:103A300000002D1900000000000000000000000040
:103A40000000FDF800000000000000000000000081
:103A50000000FF1200000000000000000000000055
:103A600000000AF300000000000000000000000059
:103A7000000002160000000000000000000000002E
:103A800000001F1E000000000000000000000000F9
:103A90000000EFFB0000000000000000000000003C
:103AA0000000F00E00000000000000000000000018
:103AB00000000E0D000000000000000000000000EB
:103AC0000000231E000000000000000000000000B5
:103AD00000001A19000000000000000000000000B3
:103AE0000000FBFE000000000000000000000000DD
:103AF0000000020B000000000000000000000000B9
:103B00000000FD2200000000000000000000000096
:103B10000000FA0E0000000000000000000000009D
:103B20000000FF0000000000000000000000000096
:103B300000000C0E0000000000000000000000006B
:103B40000000011200000000000000000000000062
:103B50000000F91500000000000000000000000057
:103B60000000F8010000000000000000000000005C
:103B70000000FB0300000000000000000000000047
:103B800000000009FA000000000000000000000032
:103B9000000000000600000000000000000000001F
:103BA00000000007160000000000000000000000F8
:103BB00000000013F70000000000000000000000FB
:103BC0000000000EE90000000000000000000000FE
:103BD000000000F40D0000000000000000000000E4
:103BE00000000008020000000000000000000000CB
:103BF00000000009E50000000000000000000000D7
:103C0000000000F6E40000000000000000000000DA
:103C1000000000F8E70000000000000000000000C5
:103C200000000007E00000000000000000000000AD
:103C300000000007DB0000000000000000000000A2
:103C4000000000000500000000000000000000006F
:103C5000000000F12F000000000000000000000044
:103C6000000000F725000000000000000000000038
:103C70000000000A12000000000000000000000028
:103C8000000000EA3A000000000000000000000010
:103C9000000000F4440000000000000000000000EC
:103CA000000000E629000000000000000000000005
:103CB000000000EBE9000000000000000000000030
:103CC000000000F3060000000000000000000000FB
:103CD000000000F8EA000000000000000000000002
:103CE000000000FECC00000000000000000000000A
:103CF000000000EFD1000000000000000000000004
:103D0000000000E3DA0000000000000000000000F6
:103D10000000000001ED00000000000000000000B5
:103D200000000000FB180000000000000000000080
:103D300000000000EA000000000000000000000099
:103D40000000000001D5000000000000000000009D
:103D50000000000018CF000000000000000000007C
:103D600000000000FCE60000000000000000000071
:103D70000000000013FD0000000000000000000033
:103D8000000000000C3D00000000000000000000EA
:103D900000000000DE5400000000000000000000F1
:103DA00000000000DF340000000000000000000000
:103DB00000000000EF07000000000000000000000D
:103DC000000000001FEA00000000000000000000EA
:103DD0000000000033C000000000000000000000F0
:103DE0000000000034F000000000000000000000AF
:103DF000000000001F1D0000000000000000000087
:103E000000000000E81900000000000000000000B1
:103E100000000000D41600000000000000000000B8
:103E200000000000DEFC00000000000000000000B8
:103E30000000000002F70000000000000000000089
:103E40000000000005F80000000000000000000075
:103E50000000000015FF000000000000000000004E
:103E600000000000F3FB0000000000000000000064
:103E700000000000F8040000000000000000000046
:103E800000000000F2E1000000000000000000005F
:103E900000000000F8EE000000000000000000003C
:103EA0000000000000FCFB0000000000000000001B
:103EB00000000000000306000000000000000000F9
:103EC0000000000000E6020000000000000000000A
:103ED0000000000000F503000000000000000000EA
:103EE0000000000000FFFD000000000000000000D6
:103EF0000000000000F1FA000000000000000000D7
:103F00000000000000F1FA000000000000000000C6
:103F10000000000000E800000000000000000000B9
:103F20000000000000F8EE000000000000000000AB
:103F3000000000000015F400000000000000000078
:103F40000000000000F2F700000000000000000088
:103F5000000000000005ED0000000000000000006F
:103F600000000000000DEF00000000000000000055
:103F7000000000000000020000000000000000003F
:103F800000000000000F040000000000000000001E
:103F90000000000000F7EF0000000000000000003B
:103FA0000000000000EEF90000000000000000002A
:103FB000000000000001F10000000000000000000F
:103FC0000000000000F604000000000000000000F7
:103FD00000000000001412000000000000000000BB
:103FE000000000000041F0000000000000000000A0
:103FF00000000000001C1A0000000000000000008B
:1040000000000000001B0400000000000000000091
:1040100000000000001FFF00000000000000000082
:104020000000000000091200000000000000000075
:1040300000000000000029F0000000000000000067
:10404000000000000000301300000000000000002D
:10405000000000000000240F00000000000000002D
:10406000000000000000260B00000000000000001F
:104070000000000000000B0600000000000000002F
:1040800000000000000028FD00000000000000000B
:104090000000000000001F030000000000000000FE
:1040A0000000000000000F1D0000000000000000E4
:1040B00000000000000000180000000000000000E8
:1040C000000000000000FD0C0000000000000000E7
:1040D00000000000000004040000000000000000D8
:1040E00000000000000008FC0000000000000000CC
:1040F000000000000000090C0000000000000000AB
:104100000000000000000A15000000000000000090
:104110000000000000000D1800000000000000007A
:10412000000000000000F41000000000000000008B
:10413000000000000000EDEC0000000000000000A6
:10414000000000000000FDEB000000000000000087
:10415000000000000000F1F5000000000000000079
:10416000000000000000FAF5000000000000000060
:10417000000000000000000000000000000000003F
:10418000000000000000F6F5000000000000000044
:10419000000000000000F4F5000000000000000036
:1041A000000000000000F7EF000000000000000029
:1041B000000000000000F4EC010B07E70000000025
:1041C0000000000000000000062D15DD00000000CA
:1041D0000000000000000000053A0FEB00000000A6
:1041E00000000000000000000A3221F3000000007F
:1041F0000000000000000000031719EC00000000A0
:104200000000000000000000FDFFFDE600000000CF
:104210000000000000000000000F1EDD0000000094
:104220000000000000000000071233EA0000000058
:104230000000000000000000FE041AF3000000006F
:10424000000000000000000009FF23E6000000005D
:10425000000000000000000000FCEDF10000000084
:104260000000000000000000FFFFE1F4000000007B
:10427000000000000000000002F5EFF70000000061
:104280000000000000000000FF0315000000000017
:10429000000000000000000006FC1BF5000000000C
:1042A0000000000000000000FEF719F70000000009
:1042B0000000000000000000F4ECEEFC0000000034
:1042C0000000000000000000F8EFEF070000000011
:1042D0000000000000000000F5EBF01900000000F5
:1042E0000000000000000000F6ED131700000000C1
:1042F000000000000000000004FE0EFC00000000B2
:10430000000000000000000010FEF6EF00000000BA
:104310000000000000000000060601F4000000009C
:10432000000000000000000001F2E8FF00000000B3
:10433000000000000000000008ECE60F0000000094
:1043400000000000000000000000E402F0E30000B4
:1043500000000000000000000000E6F8EAE70000AE
:1043600000000000000000000000E71902E8000063
:1043700000000000000000000000C8FF02E0000094
:1043800000000000000000000000E203F3EB00006A
:1043900000000000000000000000E916FFDC000043
:1043A00000000000000000000000F60F08EB000015
:1043B00000000000000000000000E91603E2000019
:1043C00000000000000000000000BBFAE4E800006C
:1043D00000000000000000000000EB0DFCE5000004
:1043E00000000000000000000000F92A18ED0000A5
:1043F00000000000000000000000F31B18E10000B6
:1044000000000000000000000000D2F9F5D9000013
:1044100000000000000000000000E602EAEA0000E0
:1044200000000000000000000000060E0CFA000072
:1044300000000000000000000000EE281CE3000067
:1044400000000000000000000000EF2116DC00006A
:1044500000000000000000000000FAE8F7EF000094
:10446000000000000000000000002A01EEFA000039
:104470000000000000000000000022F4F402000030
:1044800000000000000000000000DF111CF600002A
:1044900000000000000000000000ED1619040000FC
:1044A000000000000000000000000AFC08030000FB
:1044B000000000000000000000001EF0F8FE0000F8
:1044C0000000000000000000000019FBFEFA0000E0
:1044D000000000000000000000000000FBEC00F500
:1044E000000000000000000000000000FA2EF0E3D1
:1044F000000000000000000000000000DD1B0514AB
:104500000000000000000000000000002BF2143842
:1045100000000000000000000000000001F5EC07B2
:1045200000000000000000000000000001F11F3545
:104530000000000000000000000000001FEDF0146B
:10454000000000000000000000000000F1E918C5B4
:104550000000000000000000000000001EDD1A0343
:10456000000000000000000000000000F0E8080269
:104570000000000000000000000000001DEE5913C4
:1045800000000000000000000000000029DA0D0C0F
:10459000000000000000000000000000E8DF18D666
:1045A00000000000000000000000000018D333F0FD
:1045B000000000000000000000000000F8D22FE41E
:1045C00000000000000000000000000018F2320AA5
:1045D0000000000000000000000000003CE520F5A5
:1045E000000000000000000000000000F1DEEBF120
:1045F00000000000000000000000000003E72AE5C2
:1046000000000000000000000000000005FDF8E4CC
:10461000000000000000000000000000F8F420FC92
:104620000000000000000000000000001CE9FAF09B
:10463000000000000000000000000000EFF6F7009E
:1046400000000000000000000000000001F522D87A
:10465000000000000000000000000000F4EA0BF47D
:104660000000000000000000000000000000FA0F41
:1046700006EA000000000000000000000000EBF768
:10468000EBE9000000000000000000000000FAE478
:10469000DEF1000000000000000000000000F8F95A
:1046A000F9CE00000000000000000000000007FB41
:1046B0000FFF0000000000000000000000000117D4
:1046C00032E3000000000000000000000000F4F3EE
:1046D00010F800000000000000000000000018E0DA
:1046E000D1E00000000000000000000000001B23DB
:1046F000CACF00000000000000000000000028F108
:10470000140300000000000000000000000020086A
:104710002C2E00000000000000000000000004D368
:10472000232700000000000000000000000024F922
:10473000F4C400000000000000000000000031FA96
:10474000C7FC00000000000000000000000046EE72
:10475000251A0000000000000000000000001BF906
:104760000223000000000000000000000000FCFE2A
:104770000B2100000000000000000000000014FDFC
:10478000D2AA0000000000000000000000002CF78A
:10479000D5200000000000000000000000001FDC29
:1047A0002C07000000000000000000000000081BB3
:1047B000F50B000000000000000000000000101ACF
:1047C00002D600000000000000000000000000F51C
:1047D000E2DF00000000000000000000000020CF29
:1047E000FF1600000000000000000000000004E2CE
:1047F000150800000000000000000000000000009C
:10480000E6CE1219000000000000000000000000C9
:10481000C8D10BF5000000000000000000000000FF
:10482000CCE805F9000000000000000000000000D6
:10483000EA0801F300000000000000000000000092
:104840001D1705FD00000000000000000000000032
:10485000F9CCFD1F00000000000000000000000077
:10486000E9CF071A0000000000000000000000006F
:10487000D4C2261B00000000000000000000000061
:10488000C6E1330800000000000000000000000046
:10489000DE063716000000000000000000000000E7
:1048A00003FE0C14000000000000000000000000E7
:1048B00008C1091300000000000000000000000013
:1048C000FFA6FD0B0000000000000000000000003B
:1048D000DFC50B2B000000000000000000000000FE
:1048E000CBE91419000000000000000000000000E7
:1048F0000B151D1F0000000000000000000000005C
:104900001307111900000000000000000000000063
:104910002526FF100000000000000000000000003D
:104920001926031C00000000000000000000000029
:1049300003EEFC1500000000000000000000000075
:104940002A22ED130000000000000000000000001B
:104950002643F213000000000000000000000000E9
:104960002D32F802000000000000000000000000EE
:104970001B21221C000000000000000000000000BD
:1049800011EC180A00000000000000000000000008
:1049900000000C1DF52100000000000000000000D8
:1049A00000001217F82100000000000000000000C5
:1049B0000000001AF81F00000000000000000000C6
:1049C0000000F212EE0F00000000000000000000E6
:1049D0000000FF0AEF0200000000000000000000DD
:1049E0000000040FE90000000000000000000000CB
:1049F00000001835FB20000000000000000000004F
:104A000000000E14E21D0000000000000000000085
:104A10000000021CE70B0000000000000000000086
:104A200000000107F2EA00000000000000000000A2
:104A30000000F50EE2EB00000000000000000000A6
:104A40000000F812F40B000000000000000000005D
:104A50000000F012CD130000000000000000000074
:104A60000000EF1CE5010000000000000000000055
:104A70000000FA06E8ED0000000000000000000061
:104A80000000EE0E04100000000000000000000016
:104A90000000F6F715EC0000000000000000000028
:104AA0000000EEF8160A0000000000000000000000
:104AB0000000E9FD07EE000000000000000000001B
:104AC0000000F1F5F2E1000000000000000000002D
:104AD000000010F83CF000000000000000000000A2
:104AE0000000FEDA2FF100000000000000000000CE
:104AF000000009F00C0400000000000000000000AD
:104B0000000000FDFFFC00000000000000000000AD
:104B10000000FCFD1AFB0000000000000000000087
:104B200000000000F1F2FFF30000000000000000B0
:104B300000000000F7F4E2000000000000000000A8
:104B400000000000F6ECE4F60000000000000000A9
:104B500000000000FECBE7F50000000000000000B0
:104B60000000000008D4FAEE000000000000000081
:104B7000000000000AE9EDF900000000000000005C
:104B800000000000F61406F1000000000000000024
:104B900000000000E613F4F0000000000000000038
:104BA00000000000E817F4E700000000000000002B
:104BB00000000000EE0D03ED00000000000000000A
:104BC000000000000AE50CF70000000000000000F3
:104BD000000000000E2B2406000000000000000072
:104BE00000000000FE492CFF000000000000000053
:104BF000000000000A4C1108000000000000000046
:104C000000000000EB13EEF20000000000000000C6
:104C10000000000007E80BFD00000000000000009D
:104C20000000000016CC1B02000000000000000085
:104C30000000000015E22DFF000000000000000051
:104C40000000000016103E160000000000000000EA
:104C500000000000F4200107000000000000000038
:104C600000000000EE0DF80400000000000000004D
:104C700000000000F90306FD000000000000000035
:104C800000000000EEDE14F500000000000000004F
:104C90000000000003B411F4000000000000000058
:104CA00000000000F4E50AFDFF110B050DF7FD0102
:104CB0000308FDF4FA0FFAFBFF080302F5041806D7
:104CC000FEEFEE0FFB17FB0A04030913080D130890
:104CD000FF08F5F0ED0002110913FFFF0BFC0A0BB2
:104CE000F61DF8FFEDF3F0070A3A22020313130F43
:104CF0000B10FDEC1C0904FC07090BF5FC1000F07F
:104D00000FF505FB20FF03E708FFFE04FD0BFDFC8C
:104D100007F70B100F0F14F61112EA100A0009071B
:104D20000C090703062408090B33061613F216FABA
:104D3000021F06EC1C100F1407351E0304F409F2C1
:104D40001114FCF42AF20CFC07F305D8E010D7FE8E
:104D5000FCE3180116F912F7080817E4E31CE3E96D
:104D600001EC1BFF132E1B000D0C31E7E70FE3EEE8
:104D7000F70315F514041008102717E0F600D4FD0A
:104D8000F20EFBEB0CE7FCFFFC240DE8F4F3F4F669
:104D9000F30AF2DB0FC3FCF3010F14CCE121D3E3E0
:104DA000F5D721FBEF132000061B21E0E31EE2ED07
:104DB000EDDF1D130F1D1910052836D8E504EB0093
:104DC000DFD80FFE1203050C033249D6E226EFFDB1
:104DD000D9EBFEDE02D9F0FD06232BE7E60FF70044
:104DE000EAEEECDFF5DDE3F5FA271EE0DF0BF4EF8A
:104DF000F5FB0C0114F3FE09FF0C1B04FA0C06FA78
:104E0000EFF6FD06E205FB090709190AFD07FFEEAB
:104E1000DCF3F1FCE60EEE030A0B1803F60203E7DF
:104E2000EB04F8F100F5FB01011F4204F704FFEB6E
:104E3000FD06FEF72122FBEF0014002117EA1AF706
:104E40004D24F4EE1309FA1A06F2FA10FFF109D70D
:104E50001B10FFEB06F606F9F8E3010AFCF202EB81
:104E60000606FEFFF3EA000AFCFAF7F8F9F207F883
:104E7000FCDEF901EEFF02FFFB08020803F908F966
:104E8000EDF8F80AECFAFF050FF4FA1404EB03F856
:104E90003A2CF90D1406FE1EFDF7E908F30105E9A9
:104EA000030D05F609FEFEF1FCFEEA0DFCFF070608
:104EB000F3E2FCFD00E8FB00FF04EAFB05F1030C54
:104EC000E901FDEAEEE3FCF6F910FC0200F00F0048
:104ED000FC06EEFAFEDDF5F701F6EB1004E301F750
:104EE0001D19F7F709E8F715F101E302F2F702F3EC
:104EF000F2E5F1F5E6E2EDEBFB09000804FE0B0F2D
:104F0000E6F2F4F7E7DDF6F9051C1DFAFAFD0201F9
:104F1000F80EEFF3F3F1F5F70611180209F80A039A
:104F2000FA18EF0003EAF4FB04F7DB06FBF9F8F2EA
:104F3000FEFFF3F8F4E9F810F60DE804F1F20AFFC9
:104F4000E2D7ECF1DCE7F4FEFD0C0D0A06FB0802EB
:104F5000EB14F0EFF2E9F1F3FF031204020504FF92
:104F6000030BEFEFFDEFEE0206070508080A0B1131
:104F70000E15F7FA05F9FDF60004E200F6EC08ED6F
:104F8000F3E2EFFCD6F8EB07FA06F11D00FE16FC83
:104F9000EDECF200E0FDF7FDF909061211FB02F855
:104FA000FA09FAF5F3F6F4F9FEFCF803FF08010F2D
:104FB000090404F0FA09FCFA020703110F0D0606B2
:104FC0000F06FEFA050EFFF8726561645F6D6E698B
:104FD00073745F696E707574000000000001020256
:104FE0000303030304040404040404040505050581
:104FF000050505050505050505050505060606065D
:105000000606060606060606060606060606060640
:10501000060606060606060606060606070707072C
:105020000707070707070707070707070707070710
:105030000707070707070707070707070707070700
:1050400007070707070707070707070707070707F0
:1050500007070707070707070707070708080808DC
:1050600008080808080808080808080808080808C0
:1050700008080808080808080808080808080808B0
:1050800008080808080808080808080808080808A0
:105090000808080808080808080808080808080890
:1050A0000808080808080808080808080808080880
:1050B0000808080808080808080808080808080870
:1050C0000808080808080808080808080808080860
:1050D0000808080808080808080808082000FEFF53
:1050E00038F2FDFF38F2FDFF1400FEFF38F2FDFF3D
:1050F00038F2FDFF38F2FDFFC8FFFDFF38F2FDFF7B
:1051000038F2FDFF64FCFDFFF0FDFDFF38F2FDFF0E
:1051100080FCFDFF4400FEFF38F2FDFF3800FEFF7B
:1051200004F2FDFF04F2FDFF04F2FDFF04F2FDFFB7
:1051300004F2FDFF04F2FDFF04F2FDFF04F2FDFFA7
:1051400004F2FDFF38F2FDFF38F2FDFF38F2FDFFFB
:1051500038F2FDFF38F2FDFF38F2FDFF38F2FDFFB7
:10516000B0F4FDFF38F2FDFFD0F8FDFF40FFFDFF7A
:10517000B0F4FDFFB0F4FDFFB0F4FDFF38F2FDFF29
:1051800038F2FDFF38F2FDFF38F2FDFF34FFFDFF7E
:1051900038F2FDFF38F2FDFF74FDFDFF38F2FDFF30
:1051A00038F2FDFF38F2FDFFB4FBFDFF38F2FDFFE2
:1051B0008CFCFDFF38F2FDFF38F2FDFF5809FEFFC1
:1051C00038F2FDFF38F2FDFF38F2FDFF38F2FDFF47
:1051D00038F2FDFF38F2FDFF38F2FDFF38F2FDFF37
:1051E000B0F4FDFF38F2FDFFD0F8FDFF08F8FDFF39
:1051F000B0F4FDFFB0F4FDFFB0F4FDFF00FEFDFFD5
:1052000008F8FDFFFCF7FDFF38F2FDFF20FFFDFF72
:1052100038F2FDFF64FEFDFF14FEFDFFB4FEFDFF4E
:10522000FCF7FDFF38F2FDFFB4FBFDFFF4F7FDFFD7
:10523000F8FCFDFF38F2FDFF38F2FDFFB809FEFF74
:1052400038F2FDFFF4F7FDFF3030303030303030D1
:1052500030303030303030302020202020202020CE
:105260002020202020202020DC38FEFFCC34FEFF30
:105270005834FEFFCC34FEFF5C39FEFFCC34FEFF19
:105280000439FEFFCC34FEFFE037FEFFA437FEFFFB
:105290003C37FEFFCC34FEFFCC34FEFFCC34FEFFA7
:1052A000CC34FEFF1437FEFFCC34FEFFCC34FEFFBF
:1052B000D836FEFF6C36FEFFC435FEFFCC34FEFF51
:1052C000CC34FEFFCC34FEFFCC34FEFFCC34FEFFEA
:1052D000CC34FEFFCC34FEFFCC34FEFFCC34FEFFDA
:1052E000CC34FEFFCC34FEFFDC38FEFFCC34FEFFB6
:1052F0005834FEFFCC34FEFF5C39FEFFCC34FEFF99
:105300000439FEFFCC34FEFFE037FEFFA437FEFF7A
:105310003C37FEFFCC34FEFFCC34FEFFCC34FEFF26
:10532000CC34FEFF1437FEFFCC34FEFFCC34FEFF3E
:10533000D836FEFF6C36FEFFC435FEFF430000008A
:10534000000000000000000000000000000000005D
:10535000000000000000000000000000430000000A
:10536000000000000000000000000000000000003D
:1053700000000000000000000000000043000000EA
:10538000000000000000000000000000000000001D
:1053900000000000000000000000000043000000CA
:1053A00000000000000000000000000000000000FD
:1053B00000000000000000000000000043000000AA
:1053C00000000000000000000000000000000000DD
:1053D000000000000000000000000000430000008A
:1053E00000000000000000000000000000000000BD
:1053F000000000000000000000000000430000006A
:10540000000000000000000000000000000000009C
:1054100000000000000000000000000060D80080D4
:1054200050B300800000000050570280A03B018074
:105430004439018044390180443901804439018074
:105440004439018044390180443901804439018064
:1054500044390180FFFFFFFFFFFFFFFFFFFFFFFF5A
:10546000FFFF0000010041534349490000000000D4
:10547000000000000000000000000000000000002C
:1054800000000000000041534349490000000000B3
:10549000000000000000000000000000000000000C
:1054A0000000000000000000903B0180A43B018050
:1054B000B03B0180BC3B0180C83B0180D43B0180F4
:1054C000DC3B01803C67FEFF1466FEFF1466FEFFB6
:1054D0001466FEFF1466FEFF1466FEFF1466FEFFF0
:1054E0001466FEFF1466FEFF3467FEFF1466FEFFBF
:1054F0001466FEFF1466FEFFF066FEFF1466FEFFF4
:105500001466FEFF1466FEFF1466FEFF1466FEFFBF
:105510001466FEFF1466FEFF1466FEFF1466FEFFAF
:105520001466FEFF1466FEFF1466FEFF1466FEFF9F
:105530001466FEFF1466FEFF1466FEFF1466FEFF8F
:105540001466FEFF1466FEFF1466FEFF1466FEFF7F
:105550001466FEFF1466FEFFF866FEFF1466FEFF8B
:105560000067FEFF1466FEFF1466FEFF1466FEFF72
:105570001466FEFF1466FEFF1466FEFF1466FEFF4F
:105580000867FEFFFC65FEFF9C65FEFFC465FEFF2D
:10559000BC65FEFFA065FEFF0C66FEFF0400000078
:1055A00000000500000401010101010601060004DC
:1055B00000000000000000000000040400000000E3
:1055C0000602020202020602060606040606060695
:1055D000060606060606030306060600000000008F
:1055E00000000000020000000000000000050404AC
:1055F000040404070407000300000000000000008A
:105600000000010100000000070101010101070184
:105610000707070607070707070707070707000029
:105620000707070000000000000000000500000060
:10563000190000007D000000BC89D897B2D29C3CC4
:1056400033A7A8D523F649393DA7F444FD0FA53269
:105650009D978CCF08BA5B25436FAC642806C80AB7
:105660000080E03779C34143176E05B5B5B893465E
:10567000F5F93FE9034F384D321D30F94877825A2A
:105680003CBF737FDD4F1575000000000000F03F48
:10569000000000000000244000000000000059400D
:1056A0000000000000408F40000000000088C34060
:1056B00000000000006AF8400000000080842E41D5
:1056C00000000000D01263410000000084D7974121
:1056D0000000000065CDCD41000000205FA0024227
:1056E000000000E876483742000000A2941A6D429C
:1056F000000040E59C30A2420000901EC4BCD6428F
:1057000000003426F56B0C430080E03779C3414339
:1057100000A0D8855734764300C84E676DC1AB43AF
:10572000003D9160E458E143408CB5781DAF1544CD
:1057300050EFE2D6E41A4B4492D54D06CFF08044A8
:10574000F64AE1C7022DB544B49DD9794378EA44BD
:105750000020202020202020202028282828282041
:105760002020202020202020202020202020202039
:1057700020881010101010101010101010101010A1
:105780001004040404040404040404101010101091
:10579000101041414141414101010101010101015B
:1057A00001010101010101010101010110101010AD
:1057B000101042424242424202020202020202022D
:1057C0000202020202020202020202021010101081
:1057D00020000000000000000000000000000000A9
:1057E00000000000000000000000000000000000B9
:1057F00000000000000000000000000000000000A9
:105800000000000000000000000000000000000098
:105810000000000000000000000000000000000088
:105820000000000000000000000000000000000078
:105830000000000000000000000000000000000068
:105840000000000000000000000000000000000058
:1058500000000000249BFEFF8890FEFF8890FEFF62
:10586000189BFEFF8890FEFF8890FEFF8890FEFF49
:10587000609AFEFF8890FEFF8890FEFF4097FEFF33
:105880005C97FEFF8890FEFF5097FEFFCC9AFEFFCC
:105890008890FEFFC09AFEFF5490FEFF5490FEFFDA
:1058A0005490FEFF5490FEFF5490FEFF5490FEFF74
:1058B0005490FEFF5490FEFF5490FEFF8890FEFF30
:1058C0008890FEFF8890FEFF8890FEFF8890FEFF84
:1058D0008890FEFF8890FEFF8890FEFF8890FEFF74
:1058E0002096FEFFBC96FEFF8890FEFF8890FEFF8C
:1058F0008890FEFF8890FEFF8890FEFF8890FEFF54
:105900008890FEFF8890FEFF8890FEFF8890FEFF43
:10591000FC99FEFF8890FEFF8890FEFF8890FEFFB6
:105920008C95FEFF8890FEFF6C97FEFF8890FEFF2F
:105930008890FEFF80A1FEFF8890FEFF8890FEFF0A
:105940008890FEFF8890FEFF8890FEFF8890FEFF03
:105950008890FEFF8890FEFF8890FEFF8890FEFFF3
:105960002096FEFFFC94FEFF8890FEFF8890FEFFCD
:105970008890FEFFE899FEFFFC94FEFF3892FEFF40
:105980008890FEFFD499FEFF8890FEFF9C99FEFF51
:105990006099FEFFF898FEFF3892FEFF8890FEFFA8
:1059A0008C95FEFF3092FEFFB897FEFF8890FEFFB9
:1059B0008890FEFF08A2FEFF8890FEFF3092FEFF57
:1059C00030303030303030303030303030303030D7
:1059D00020202020202020202020202020202020C7
:1059E0002CBCFEFF78BAFEFF4CBAFEFFD8BBFEFF10
:1059F0004CBAFEFFA4BAFEFF4CBAFEFFD8BBFEFFB6
:105A000078BAFEFF78BAFEFFA4BAFEFFD8BBFEFF4D
:105A100064BBFEFF64BBFEFF64BBFEFFA4BAFEFFD7
:105A20001000000000000000037A5200017C010118
:105A30001B0C02001000000018000000E8C4FDFF6D
:085A40006804000000000000F2
:045A480014020080C4
:105A50000000001000000000000000000000000036
:105A60000000000000000000000000000000000036
:105A7000000000000000000050350A3234203234AB
:105A80000A3235350A000000000000000000000066
:105A90000000000000000000000000000000000006
:105AA00000000000000000000000000000000000F6
:105AB00000000000000000000000000000000000E6
:105AC00000000000000000000000000000000000D6
:105AD000000000000005040000000000000002D2E9
:105AE00042000000000000000000000007B3870033
:105AF00000000000000064FE5C00000000000000E8
:105B0000000000006FFE9D00000000000003CBFEBF
:105B1000360000000000000000000020E7FE6600E4
:105B2000000000000024FED8120000000000000069
:105B30000000007EFEB300000000000000ACFE3B51
:105B4000000000000000000000002EFCEA1200002F
:105B50000000000005E2F523000000000000000046
:105B6000000080FE660000000000000025FEA90085
:105B70000000000000000000001AF1FB130000000C
:105B800000000000AAFE5500000000000000000018
:105B9000002EFEC20000000000000009E7F623000E
:105BA00000000000000000000076FF981D000000CB
:105BB00000000074FEB600000000000000000000BD
:105BC0000076FEFEF3D7D7D7CAB985D1FE83001180
:105BD0000000000000000000003EF3FEFEFEFEFE9E
:105BE000FEFEFEFEFEE89D23000000000000000017
:105BF00000004684944649616161BBFEF9220400BD
:105C00000000000000000000000000000000000094
:105C10000000AEFE71000000000000000000000067
:105C200000000000000000000016EEFE350000003D
:105C30000000000000000000000000000000000064
:105C40000073FE9F01000000000000000000000043
:105C5000000000000000000000AEFE610000000037
:105C60000000000000000000000000000000000034
:105C700000D7FE73000000000000000000000000DC
:105C8000000000000000000055FBFE69000000005D
:105C90000000000000000000000000000000000004
:105CA00054F2880A0000000000000000000000001C
:105CB00000000000000000000000000000000000E4
:105CC00000000000000400000000000000000000D0
:105CD00003000000D06D028000000000D06D028043
:105CE000386E0280A06E02800000000000000000FC
:105CF00000000000000000000000000000000000A4
:105D00000000000000000000000000000000000093
:105D10000000000000000000000000000000000083
:105D20000000000000000000000000000000000073
:105D30000000000000000000000000000000000063
:105D40000000000000000000000000000000000053
:105D50000000000000000000000000000000000043
:105D60000000000000000000000000000000000033
:105D700001000000000000000E33CDAB34126DE6D0
:105D8000ECDE05000B000000000000000000000039
:105D90000000000000000000000000000000000003
:105DA00000000000000000000000000000000000F3
:105DB00000000000000000000000000000000000E3
:105DC00000000000000000000000000000000000D3
:105DD00000000000000000000000000000000000C3
:105DE00000000000000000000000000000000000B3
:105DF00000000000000000000000000000000000A3
:105E00000000000000000000000000000000000092
:105E10000000000000000000000000000000000082
:105E2000185E0280185E0280205E0280205E028082
:105E3000285E0280285E0280305E0280305E028032
:105E4000385E0280385E0280405E0280405E0280E2
:105E5000485E0280485E0280505E0280505E028092
:105E6000585E0280585E0280605E0280605E028042
:105E7000685E0280685E0280705E0280705E0280F2
:105E8000785E0280785E0280805E0280805E0280A2
:105E9000885E0280885E0280905E0280905E028052
:105EA000985E0280985E0280A05E0280A05E028002
:105EB000A85E0280A85E0280B05E0280B05E0280B2
:105EC000B85E0280B85E0280C05E0280C05E028062
:105ED000C85E0280C85E0280D05E0280D05E028012
:105EE000D85E0280D85E0280E05E0280E05E0280C2
:105EF000E85E0280E85E0280F05E0280F05E028072
:105F0000F85E0280F85E0280005F0280005F02801F
:105F1000085F0280085F0280105F0280105F0280CD
:105F2000185F0280185F0280205F0280205F02807D
:105F3000285F0280285F0280305F0280305F02802D
:105F4000385F0280385F0280405F0280405F0280DD
:105F5000485F0280485F0280505F0280505F02808D
:105F6000585F0280585F0280605F0280605F02803D
:105F7000685F0280685F0280705F0280705F0280ED
:105F8000785F0280785F0280805F0280805F02809D
:105F9000885F0280885F0280905F0280905F02804D
:105FA000985F0280985F0280A05F0280A05F0280FD
:105FB000A85F0280A85F0280B05F0280B05F0280AD
:105FC000B85F0280B85F0280C05F0280C05F02805D
:105FD000C85F0280C85F0280D05F0280D05F02800D
:105FE000D85F0280D85F0280E05F0280E05F0280BD
:105FF000E85F0280E85F0280F05F0280F05F02806D
:10600000F85F0280F85F028000600280006002801A
:1060100008600280086002801060028010600280C8
:106020001860028018600280206002802060028078
:106030002860028028600280306002803060028028
:1060400038600280386002804060028040600280D8
:106050004860028048600280506002805060028088
:106060005860028058600280606002806060028038
:1060700068600280686002807060028070600280E8
:106080007860028078600280806002808060028098
:106090008860028088600280906002809060028048
:1060A0009860028098600280A0600280A0600280F8
:1060B000A8600280A8600280B0600280B0600280A8
:1060C000B8600280B8600280C0600280C060028058
:1060D000C8600280C8600280D0600280D060028008
:1060E000D8600280D8600280E0600280E0600280B8
:1060F000E8600280E8600280F0600280F060028068
:10610000F8600280F8600280006102800061028015
:1061100008610280086102801061028010610280C3
:106120001861028018610280206102802061028073
:106130002861028028610280306102803061028023
:1061400038610280386102804061028040610280D3
:106150004861028048610280506102805061028083
:106160005861028058610280606102806061028033
:1061700068610280686102807061028070610280E3
:106180007861028078610280806102808061028093
:106190008861028088610280906102809061028043
:1061A0009861028098610280A0610280A0610280F3
:1061B000A8610280A8610280B0610280B0610280A3
:1061C000B8610280B8610280C0610280C061028053
:1061D000C8610280C8610280D0610280D061028003
:1061E000D8610280D8610280E0610280E0610280B3
:1061F000E8610280E8610280F0610280F061028063
:10620000F8610280F8610280006202800062028010
:1062100008620280086202801062028010620280BE
:10622000430000000000000000000000000000002B
:10623000000000000000000000000000000000005E
:10624000000000000000000000000000000000004E
:10625000000000000000000000000000000000003E
:10626000000000000000000000000000000000002E
:10627000000000000000000000000000000000001E
:10628000000000000000000000000000000000000E
:1062900000000000000000000000000000000000FE
:1062A00000000000000000000000000000000000EE
:1062B00000000000000000000000000000000000DE
:1062C00000000000000000000000000000000000CE
:1062D00000000000000000000000000000000000BE
:1062E00000000000000000000000000000000000AE
:1062F000000000000000000000000000000000009E
:10630000000000000000000043000000000000004A
:10631000000000000000000000000000000000007D
:10632000000000000000000043000000000000002A
:10633000000000000000000000000000000000005D
:10634000000000000000000043000000000000000A
:10635000000000000000000000000000000000003D
:1063600000000000000000004300000000000000EA
:10637000000000000000000000000000000000001D
:1063800000000000000000004300000000000000CA
:1063900000000000000000000000000000000000FD
:1063A00000000000000000004300000000000000AA
:1063B00000000000000000000000000000000000DD
:1063C000000000000000000043000000000000008A
:1063D00000000000000000000000000000000000BD
:1063E000000000000000000060D8008050B3008072
:1063F0000000000050570280A03B0180443901801A
:106400004439018044390180443901804439018094
:106410004439018044390180443901804439018084
:10642000FFFFFFFFFFFFFFFFFFFFFFFFFFFF00007A
:1064300001004153434949000000000000000000F2
:10644000000000000000000000000000000000004C
:1064500000004153434949000000000000000000D3
:10646000000000000000000000000000000000002C
:1064700000000000430000000000000000000000D9
:10648000000000000000000000000000000000000C
:046490000000000008
:10649800FFFFFFFFFFFFEF7F000000000000C03F8D
:1064A8000000000000003040000000000000E03F55
:1064B8000000000000005043000000000000F83F0A
:1064C80061436F63A787D23FB3C8608B288AC63FF2
:1064D800FB799F501344D33F000000000000F03FB9
:1064E80000000000000024400000000000001C40E4
:1064F800000000000000144080720280D85C028016
:1065080040650280FFFFFFFF000002005C6502801B
:0400000580000080F7
:00000001FF
