MEMORY_INITIALIZATION_RADIX=16;
MEMORY_INITIALIZATION_VECTOR=0ed0006f23c0006f,
2200006f2240006f,
2180006f21c0006f,
2100006f2140006f,
2080006f20c0006f,
2000006f2040006f,
1f80006f1fc0006f,
1f00006f1f40006f,
1e80006f1ec0006f,
1e00006f1e40006f,
1d80006f1dc0006f,
1d00006f1d40006f,
1c80006f1cc0006f,
1c00006f1c40006f,
1b80006f1bc0006f,
2c40006f1b40006f,
a001819300027197,
f781011300030117,
f705051300000517,
3055107300156513,
4785051300026517,
1d86061300027617,
0000059340a60633,
000035176ed020ef,
2c8020efe5850513,
000005135b9020ef,
0000061300000593,
0140006f048000ef,
0000000000008067,
0000000000000000,
00000593ff010113,
0011262300812423,
20c030ef00050413,
00078463aa01a783,
00040513000780e7,
00000000338000ef,
01800613d9010113,
0101069300810793,
0010071300060593,
2611262324000513,
2691222326812423,
25312e2327212023,
31d010ef25412c23,
b0002473b0202973,
0101051300810593,
00c1061300710693,
00050a13430010ef,
b00024f3b02029f3,
0001351700812583,
794020ef74850513,
0001351700c12583,
784020ef74850513,
00013517000a0593,
774020ef74850513,
0001351700714583,
764020ef74850513,
0001359741298633,
0001351774858593,
74c020ef74850513,
0001359740848633,
0001351773058593,
734020ef74c50513,
2681240326c12083,
2601290326412483,
25812a0325c12983,
2701011300000513,
0000079300008067,
0000351700078863,
1680206fcf850513,
0001351700008067,
0a1020ef65950513,
fc010113ff5ff06f,
00a1222300112023,
00c1262300b12423,
00e12a2300d12823,
01012e2300f12c23,
0251222303112023,
0271262302612423,
03d12a2303c12823,
03f12e2303e12c23,
00200313342022f3,
00b0031302628863,
0030031300628863,
02c0006f00628863,
0340006f3d0000ef,
5985051300013517,
0240006f025020ef,
5385051300013517,
0140006f015020ef,
59a5051300013517,
0240006f005020ef,
00028303341022f3,
00a3733300300513,
0022829300a31463,
3412907300228293,
0041250300012083,
00c1260300812583,
0141270301012683,
01c1280301812783,
0241228302012883,
02c1238302812303,
03412e8303012e03,
03c12f8303812f03,
3020007304010113,
0000000030200073,
0000000000000000,
aaa1a22340a00533,
00008067fff00513,
0550079310000737,
0001369700f72023,
0001361753d6c683,
00013e1755660613,
00d7202352ee0e13,
522ece8300013e97,
001e428301d72023,
00572023008e0e13,
00672023ffae4303,
00772023ffbe4383,
00a72023ffce4503,
00b72023ffde4583,
01072023ffee4803,
01172023fffe4883,
face1ee3000e4e83,
0000001300008067,
aaf1a22305800793,
00008067fff00513,
aaf1a22305800793,
00008067fff00513,
aaf1a22305800793,
00008067fff00513,
aaf1a22305800793,
00008067fff00513,
aaf1a22305800793,
00008067fff00513,
00008067fff00513,
0000001300000013,
aaf1a22300c00793,
00008067fff00513,
00a7a023800407b7,
0000006f10500073,
aaf1a22305800793,
00008067fff00513,
aaf1a22300b00793,
00008067fff00513,
00f5a223000027b7,
0000806700000513,
aaf1a22305800793,
00008067fff00513,
aaf1a22305800793,
00008067fff00513,
aaf1a223fa800793,
0000806700000513,
0000806700100513,
0000001300000013,
aaf1a223fa800793,
00008067fff00513,
00153513fff50513,
0000001300008067,
aaf1a22301600793,
00008067fff00513,
aaf1a22301f00793,
00008067fff00513,
0000806700000513,
0000001300000013,
aaf1a22305800793,
00008067fff00513,
00008067fff00513,
0000001300000013,
aaf1a22305800793,
00008067fff00513,
0000806700000513,
0000001300000013,
00f5a223000027b7,
0000806700000513,
00008067fff00513,
0000001300000013,
00008067fff00513,
0000001300000013,
aaf1a22300200793,
00008067fff00513,
aaf1a22305800793,
00008067fff00513,
aaf1a22300a00793,
00008067fff00513,
fe010113a981a703,
00112e2300812c23,
0006041300058793,
0004061302070663,
4705051300025517,
7f4000ef00078593,
0004051301c12083,
0201011301812403,
00b1262300008067,
200585930001c5b7,
0002551700300613,
6f4000ef43c50513,
00c1278300100293,
fb1ff06fa851ac23,
00000513a8a1a023,
0000001300008067,
00030717a801a283,
00a285339bc70713,
00e57463a8a1a023,
00c0079300256863,
fff00293aaf1a223,
0000806700028513,
1517cc6308100793,
1912d46302f00293,
05100893fd088313,
000137170268ee63,
0023139373870713,
0006a80300e386b3,
000e006700e80e33,
11d888630ac00e93,
09900f931b1ece63,
0a90079311f88263,
0001379714f88663,
000133971e478793,
40f386b31fe38393,
055007130076f813,
0808086310000e37,
06a80c6300100513,
07d8026300200e93,
05e8086300300f13,
03f80e6300400f93,
02c8046300500613,
00b80a6300600593,
0001379700ee2023,
0007c70318d78793,
0017c70300ee2023,
00ee202300178793,
001787930017c703,
0017c70300ee2023,
00ee202300178793,
001787930017c703,
0017c70300ee2023,
0017879300178793,
0007c70300ee2023,
00ee202314778c63,
008787930017c283,
ffa7c303005e2023,
ffb7c883006e2023,
ffc7c683011e2023,
ffd7c80300de2023,
ffe7c503010e2023,
fff7ce8300ae2023,
0007c70301de2023,
00008067fa779ee3,
aa51a22305800293,
40f0029300008067,
3ff00313ef12cae3,
c0088893ed1358e3,
ef13e0e300f00393,
7247071300013717,
00e5063300289513,
00e6883300062683,
0110031300080067,
fa800893ea689ee3,
00008067ab11a223,
00c5a22300002637,
0020059300008067,
00008067aab1a223,
abc1a22301f00e13,
0160051300008067,
00008067aaa1a223,
00a4202380040437,
0000006f10500073,
020f0063a981af03,
1f05051300025517,
0d600f135780006f,
a8a1a023e5e89ae3,
fe01011300008067,
00c126230001cfb7,
0030061300b12423,
00025517200f8593,
00112e231bc50513,
00100793470000ef,
00c12603a8f1ac23,
01c1208300812583,
1985051300025517,
51c0006f02010113,
0000001300008067,
0000001300000013,
0000000000000000,
0000806700000513,
0000001300000013,
0000806700000513,
0000001300000013,
0000806700000513,
0000001300000013,
0000806700000513,
0000001300000013,
0000806700000513,
0000001300000013,
0000806700000513,
0000001300000013,
0000806700000513,
0000001300000013,
0000806700000513,
0000001300000013,
0000806700000513,
0000001300000013,
0000806700000513,
0000001300000013,
0000806700000513,
0000001300000013,
0000806700000513,
0000001300000013,
0000806700000513,
0000001300000013,
0000806700000513,
0000001300000013,
0000806700000513,
0000001300000013,
0000806700000513,
0000001300000013,
0000806700000513,
0000001300000013,
0000806700000513,
0000001300000013,
0000806700000513,
0000001300000013,
0000806700000513,
0000001300000013,
0000806700000513,
0000001300000013,
0000806700000513,
0000001300000013,
0000806700000513,
0000001300000013,
0000806700000513,
0000001300000013,
0000806700000513,
0000001300000013,
0000806700000513,
0000001300000013,
0000806700000513,
0000001300000013,
0000806700000513,
0000001300000013,
0000806700000513,
0000001300000013,
0000806700000513,
0000001300000013,
0000806700000513,
0000001300000013,
0000806700000513,
0000000000000000,
2007846300c52783,
2006006301052603,
0095480300052683,
0146c58301452703,
005504a30105e2b3,
1c030e630205f313,
40e603b31ee60063,
00038f1301000893,
00088f130078f463,
000e4e8300e78e33,
0010081300170f93,
01f52a2301d68023,
01f785b31b038063,
002703130005c283,
0056802300200893,
1913826300652a23,
000e4e8300678e33,
0030059300370813,
01052a2301d68023,
010782b316b38463,
004708930002c303,
0066802300400e13,
15c3866301152a23,
000ec80301178eb3,
0050029300570593,
00b52a2301068023,
00b7833312538863,
0067089300034e83,
01d6802300600e13,
11c38a6301152a23,
0008458301178833,
0070031300770293,
00552a2300b68023,
00578eb30e638c63,
00870893000ec803,
0106802300800e13,
0dc38e6301152a23,
0005c283011785b3,
00900e9300970313,
00652a2300568023,
006788330dd38063,
00a7089300084583,
00b6802300a00e13,
0bc3826301152a23,
0002c303011782b3,
00b0081300b70e93,
01d52a2300668023,
01d785b309038463,
00c708930005c283,
0056802300c00e13,
07c3866301152a23,
00034e8301178333,
00d0059300d70813,
01052a2301d68023,
010782b304b38863,
00e708930002c303,
0066802300e00e13,
03c38a6301152a23,
000ec80301178eb3,
00f0029300f70593,
00b52a2301068023,
00b787b300538c63,
010707130007c383,
00e52a2300768023,
ffff071301ff0f33,
0000806700e60463,
000528230046c603,
00a682230fd67513,
0000001300008067,
0000001300000013,
00912a23fe010113,
00812c2300052483,
0131262301212823,
0004822300112e23,
fc70079300048423,
0005041300f48423,
0006091300058993,
0005861300048823,
1312d53700000693,
1c8010ef00000593,
0001073700755293,
f800031300e2fe63,
00f5551300648623,
0054802300a48223,
0124862300048623,
000404a301240423,
d503839300000397,
01c1208301342223,
0004262300042823,
00042e2300042a23,
0204222300042c23,
0181240302742023,
0101290301412483,
0201011300c12983,
0000001300008067,
0000001300000013,
00012623ff010113,
22060a6322058c63,
0000081300052503,
0145468303100793,
00c1270300012623,
00c122830ae7e263,
0061262300128313,
0877e86300c12383,
00188e1300c12883,
00c12e8301c12623,
00c12f0307d7ee63,
01f12623001f0f93,
06e7e46300c12703,
0012831300c12283,
00c1238300612623,
00c128830477ea63,
01c1262300188e13,
05d7e06300c12e83,
001f0f9300c12f03,
00c1270301f12623,
00c1228302e7e663,
0061262300128313,
0077ec6300c12383,
00188e1300c12883,
00c12e8301c12623,
0206f693f7d7f2e3,
00012623f40686e3,
0be7e26300c12f03,
001f871300c12f83,
00c1228300e12623,
00c123030857e863,
0071262300130393,
0717ee6300c12883,
001e0e9300c12e03,
00c1268301d12623,
00c12f0306d7e463,
01f12623001f0f93,
04e7ea6300c12703,
0012831300c12283,
00c1238300612623,
00c128830477e063,
01c1262300188e13,
03d7e66300c12e83,
00168f1300c12683,
00c12f8301e12623,
00c1270301f7ec63,
0051262300170293,
f667f2e300c12303,
0003c883010583b3,
0115002300180813,
00c12e0300012623,
00c12e830bc7e263,
00d12623001e8693,
09e7e86300c12f03,
001f871300c12f83,
00c1228300e12623,
00c123030657ee63,
0071262300130393,
0717e46300c12883,
001e0e9300c12e03,
00c1268301d12623,
00c12f0304d7ea63,
01f12623001f0f93,
04e7e06300c12703,
0012831300c12283,
00c1238300612623,
00c128830277e663,
01c1262300188e13,
01d7ec6300c12e83,
00168f1300c12683,
00c12f8301e12623,
dec860e3f7f7f2e3,
0000806701010113,
0000001300000013,
0005c6030c058863,
000527830c060463,
00158693ff010113,
00e107a30147c703,
0202f31300f14283,
0147c38308031863,
00f14503007107a3,
06059e6302057593,
010107a30147c803,
0208fe1300f14883,
0147ce83060e1463,
00f14f0301d107a3,
040f9a63020f7f93,
00e107a30147c703,
0202f31300f14283,
0147c38304031063,
00f14503007107a3,
0205966302057593,
010107a30147c803,
0208fe1300f14883,
0147ce83000e1c63,
00f14f0301d107a3,
f60f82e3020f7f93,
00c7802300168693,
f4061ae3fff6c603,
0000806701010113,
0000001300008067,
0000001300000013,
02058a6302060c63,
0000069700052703,
00b526239c468693,
00c5282300474783,
02d5202300052a23,
005702230027e293,
00030463f1402373,
0c0025b700008067,
9003839300025397,
407505330005a603,
0010089300153813,
00ce6eb301089e33,
0000806701d5a023,
0000001300000013,
0095470300052783,
0147c28301052683,
006504a300e2e333,
000698630ff2f393,
001575130063d513,
0000051300008067,
0000001300008067,
0000001300000013,
0606006306058263,
0095470300052803,
00e7e2b301484783,
0017f313005504a3,
00000e1304030263,
020f8e630080006f,
01c583b300084683,
00d38023001e0e13,
0095488300052803,
011eef3301484e83,
001eff9301e504a3,
000e0513fcce6ae3,
00000e1300008067,
00008067000e0513,
02079663f14027f3,
000257170c0026b7,
0006a60381470713,
0012b31340e502b3,
0063983300100393,
0116a02300c868b3,
fffe0e9300010e37,
0005250301d58c63,
00454f0300f5f593,
01f5022300bf6fb3,
0000001300008067,
0000001300000013,
0c16379302058c63,
0005270302078863,
0087428300b52e23,
00c363b303f2f313,
0047458300770423,
00c702230015e613,
00068463f14026f3,
0c0028b700008067,
7808081300024817,
410505330008ae03,
00100f1300153e93,
01cfe7b301df1fb3,
0000806700f8a023,
0000001300000013,
0005270302058463,
0005262302b52023,
0005282300474783,
005702230027e293,
00030463f1402373,
0c0025b700008067,
7203839300024397,
407505330005a683,
0010081300153613,
00d8ee3300c818b3,
0000806701c5a023,
0000001300000013,
0005270302058063,
0047478302b52223,
005702230087e293,
00030463f1402373,
0c0025b700008067,
6c83839300024397,
407505330005a683,
0010081300153613,
00d8ee3300c818b3,
0000806701c5a023,
1206046312058663,
0095468300052783,
00d762b30147c703,
02077313005504a3,
0100039310030663,
10c3e46300060513,
001008930005c803,
0f160a6301078023,
00200e930015ce03,
0fd6026301c78023,
00300f930025cf03,
0df60a6301e78023,
004007130035c683,
0ce6026300d78023,
005003130045c283,
0a660a6300578023,
006008130055c383,
0b06026300778023,
00700e130065c883,
09c60a6301178023,
00800f130075ce83,
09e6026301d78023,
009006930085cf83,
06d60a6301f78023,
00a007130095c283,
06e6026300578023,
00b0039300a5c303,
04760a6300678023,
00c0089300b5c803,
0516026301078023,
00d00e9300c5ce03,
03d60a6301c78023,
00e00f9300d5cf03,
03f6026301e78023,
00f0029300e5c683,
00560a6300d78023,
00b7802300f5c583,
0000051300008067,
0003851300008067,
00000013ef9ff06f,
0095470300052783,
000504a30147c283,
09e5751300e2e533,
0000001300008067,
0187c50300052783,
0000001300008067,
0095478300052703,
00f2e33301474283,
0602f513006504a3,
0000001300008067,
00c7478300052703,
005706230407e293,
0000001300008067,
0000001300000013,
00c7478300052703,
005706230bf7f293,
0000001300008067,
0000000000000000,
0005069301800613,
0010071300058793,
2400051300060593,
000000136d80006f,
00812423ff010113,
0091222300060413,
0005849300068613,
0011262300040593,
0004a783040000ef,
0007c86300000513,
40f502b300042503,
00c120830012b513,
0041248300812403,
0000806701010113,
0000000000000013,
0000000000000000,
02812e23fc010113,
0331282303212a23,
0351242303412623,
02912c2303612223,
01812e2303712023,
01a12a2301912c23,
0005831301b12823,
01650a9300060893,
00000a1300000993,
9443839300013397,
f104041300025417,
148e8e9300025e97,
21000b130ff00913,
004a1493013506b3,
6304a79303098993,
8d4f8f9300013f97,
90c7071300013717,
0007966300048593,
f902859380048293,
0200006f00be82b3,
00b95463004f8f93,
00b280230ff00593,
0012829313f38263,
0007080301070713,
0016cc830006c603,
0026cc0300170b83,
02c807b300270583,
00370f030036cd83,
00470e030186cd03,
000fa60300570803,
0196cc83039b8bb3,
0067060300c787b3,
017787b3038585b3,
00770b8301a6cc03,
00b787b303bf0f33,
00870d8301b6c583,
01e787b303ae0e33,
00970d030306cf03,
01c787b303980833,
00a70c830316ce03,
010787b303860633,
00b70c030326c803,
00c787b302bb8bb3,
00c706030336c583,
017787b303ed8f33,
00d70b830486cd83,
01e787b303cd0e33,
00e70f030496cd03,
01c787b3030c8833,
00f70e0304a6cc83,
010785b302bc0c33,
03b6063304b6c803,
03ab8bb301858db3,
039f0f3300cd8d33,
030e0cb3017d07b3,
019e0c3301e78e33,
ed804ee3408c5593,
004f8f9300028023,
00268693ee7f92e3,
e9569ce301048493,
00ba0a1303068a93,
00030b93e96990e3,
0000069300000813,
2502829300021297,
ff0f8f9300025f97,
8e46061300013617,
62f00f1316000a13,
00800a930ff00593,
0008831300400b13,
00d12623034689b3,
00000c1300080793,
004c1713000b8693,
00013d9701370bb3,
00f40933848d8d93,
00078c9319000493,
000da783000c0393,
000b8513e7048893,
00050e1301b12423,
80050d1300af7663,
01cf8c33f90d0e13,
0181222301ce8733,
00074d8301128e33,
00174d03000e0c03,
038d8c3300870713,
008e0e13001e0d83,
018787b303bd0db3,
ffae0c03ffa74d03,
038d0c3301b787b3,
ffb74d03ffbe0d83,
018787b303bd0db3,
ffce0c03ffc74d03,
038d0c3301b787b3,
ffd74d03ffde0d83,
018787b303bd0db3,
ffee0c03ffe74d03,
01b78d33038d0c33,
fffe0d83fff74783,
018d0c3303b787b3,
00fc07b300412d03,
05088893f6ed1ae3,
f51494e30b050513,
02f0546300812703,
01b5d4634087dd93,
17b900230ff00d93,
01b60e6300470d93,
1904849300190913,
16090023f0dff06f,
fecd96e300470d93,
018c879300238c13,
00c12983ed5c1ae3,
0608081300068b93,
eb6696e300198693,
0001259700030893,
000b831376858593,
fb88081300013817,
9ac9091300013917,
18000a13dc018513,
0005a7830ff00993,
d70e8e9300025e97,
fa0e871300000e13,
0007440301c80633,
00160b0300060283,
02540f3300174a83,
00274d8300260483,
0037440300360d03,
0047438300460c83,
0057428300560c03,
036a8ab300660b83,
01e787b300674f83,
00774f0300760b03,
0086061300870713,
015784b3029d8db3,
01b48d3303a40433,
008d0cb3039383b3,
007c8c33038282b3,
005c0bb3037f8fb3,
01fb87b3036f0ab3,
f7d71ce3015787b3,
06070e93060e0e13,
02f05463f74e12e3,
01e9d4634087df13,
01e500230ff00f13,
00b90e6300458593,
1808081300150513,
00050023f2dff06f,
ff2596e300458593,
00013517e5618493,
000488138d850513,
0001359700050993,
0ff009138a058593,
000506130005a783,
00074d83dc018713,
00174b8300060403,
028d8eb300160b03,
00274a0300260a83,
00374d8300360403,
0047438300460d03,
0057428300560c83,
036b8e3300660c03,
00760b8300674f83,
00860b0300774f03,
00874e8301d787b3,
00a6061300a70713,
01c787b3035a0a33,
fff74e03fff60a83,
01478433028d8db3,
01b40d3303a383b3,
007d0cb3039282b3,
005c8c33038f8fb3,
01fc0bb3037f0f33,
01eb8b33036e8eb3,
01db07b3035e0a33,
f4e49ce3014787b3,
0fc95a6340b7de13,
00c800230ff00613,
0018081300458593,
f33596e309650513,
e5718483e5618c83,
009cd66300000f93,
00100f9300048c93,
013cd663e5818983,
00200f9300098c93,
012cd663e5918903,
00300f9300090c93,
01bcd663e5a18d83,
00068f93000d8c93,
00dcd663e5b18683,
00500f9300068c93,
008cd663e5c18403,
00600f9300040c93,
007cd663e5d18383,
00700f9300038c93,
01acd663e5e18d03,
00800f93000d0c93,
005cd663e5f18283,
00900f9300028c93,
03c1240301988023,
0381248301f32023,
0301298303412903,
02812a8302c12a03,
02012b8302412b03,
01812c8301c12c03,
01012d8301412d03,
0000806704010113,
41f75a93fffe4713,
f09ff06f015e7633,
0008ae03a9c18893,
00050293fd010113,
25100e9302112623,
00058f93002e0513,
0006839300060f13,
000246971caeec63,
01c685b3ddc68693,
0015c8030005c303,
0500061300a8a023,
fcb80e1300c31a63,
001005130ffe7e93,
02c1208301d57c63,
c945051300012517,
5f90006f03010113,
251006930008a803,
1ec6e46300b80613,
fe8f031300c8a023,
fe8f86930a031a63,
0008a5830a069663,
00b28e3325100693,
02038c6311c6e063,
0002471700e12223,
00b705b3d5c70713,
0003851300028613,
01c1202300f12423,
00812783348010ef,
00012e0300412703,
01c8a023a9c18893,
002716130008ae83,
01d6053325100693,
0207826306a6e663,
d108081300024817,
01d805b300a12023,
304010ef00078513,
a9c1889300012503,
0008a38300a8a023,
03e3866325100f13,
0001251702c12083,
03010113cac50513,
02c1208352d0006f,
bcc5051300012517,
5190006f03010113,
0301011302c12083,
0005061300008067,
1f85859300023597,
b705051300012517,
33d000ef00e12023,
fff0059300012783,
f8b78ce3a9c18893,
0001251700078613,
31d000efbf850513,
f81ff06fa9c18893,
00023597000e0613,
000125171b458593,
00f12423b2c50513,
0051202300e12223,
000126032f1000ef,
00412703fff00593,
a9c1889300812783,
00012517f0b604e3,
00f12223b5c50513,
2c5000ef00e12023,
0001270300412783,
ee5ff06fa9c18893,
00c1282300d12a23,
0005061300b12623,
00023597000e8693,
0001251714458593,
00f12e23abc50513,
0051242300e12c23,
0001202300012223,
01c12783279000ef,
0141238301812703,
00c12f8301012f03,
0041280300812283,
a9c1889300012303,
00023597de5ff06f,
000125170f458593,
00f12a23a6c50513,
0071262300e12823,
01f1222301e12423,
225000ef00512023,
0101270301412783,
00812f0300c12383,
0001228300412f83,
dd9ff06fa9c18893,
0006081300000013,
0005889300050793,
22c5fa630c069c63,
36e6686300010737,
0180031301000737,
0100031300e67463,
00023717006656b3,
00d7073308870713,
0200069300074703,
00d70e6300670733,
00d598b340e686b3,
00d6183300e55733,
011768b300d517b3,
02c8d53301085613,
0106d69301081693,
02c8f8b30107d713,
0108989302a685b3,
00b77c6301176733,
0008871300e808b3,
3908f46300b8f463,
40b70733fff50513,
0107979302c755b3,
02c777330107d793,
0107171302b686b3,
00d7fa6300e7e7b3,
00d7f46300f807b3,
fff585933507f663,
00b5653301051513,
0000806700000593,
0000059300d5f863,
0000806700000513,
2af6e663000107b7,
0180079301000737,
0100079300e6f463,
0002371700f6d833,
01070733fa870713,
0200081300074703,
2907066300f70733,
00e658b340e80833,
00d8e8b3010696b3,
0108de9300e5d333,
01089e1303d357b3,
010e5e13010595b3,
00b7673300e55733,
0106163301075693,
02fe05b303d37333,
0066e6b301031313,
00d8833300b6fc63,
00b3746300030693,
fff787932d137c63,
03d6d33340b686b3,
0107571301071713,
026e05b303d6f6b3,
00d7673301069693,
00e886b300b77c63,
00b6f46300068713,
fff303132916f463,
0067e6b301079793,
0106179340b70733,
0107d79301031593,
0106d3130105d593,
02f30e3301065613,
02c585b302f588b3,
01c585b30108d793,
02c3033300b787b3,
0001063701c7f663,
0107d61300c30333,
02c7606300660633,
0108d89301089893,
0105153301079793,
1ef57e63011787b3,
fff685131ec71c63,
0000806700000593,
0001073714060a63,
1006389318e67c63,
003898930018b893,
00023717011656b3,
00d70733e5870713,
0200069300074703,
14d70a6301170733,
00f6183340e687b3,
0108589300e5d333,
0108161303135e33,
0106561300f595b3,
00b7673300e55733,
00f517b301075693,
03c605b303137333,
0066e6b301031313,
00d8053300b6fc63,
00b5746300050693,
fffe0e1317057663,
0316d53340b686b3,
0107571301071713,
02a603330316f6b3,
00d7673301069693,
00e806b300677c63,
0066f46300068713,
fff505131506f663,
00a5e5b3010e1593,
0317553340670733,
031777330107d693,
0107171302c50333,
00677c6300e6e733,
0006871300e806b3,
0d06f6630066f463,
40670733fff50513,
01079793031756b3,
031777330107d793,
0107171302c68633,
00c7fa6300e7e7b3,
00c7f46300f807b3,
fff686930907f863,
00d5653301051513,
1006331300008067,
0033131300133313,
00000693c99ff06f,
ec1ff06f00000893,
0017b7931006b793,
d5dff06f00379793,
00b6b6b300c53633,
00c6e53300163613,
0000806700000593,
0106589340c58733,
0106561301061613,
f39ff06f00100593,
00e6786301000737,
0100089301065693,
01865693e6dff06f,
e61ff06f01800893,
f75ff06fffe68693,
01068733ffe50513,
ffe58593f35ff06f,
ffe50513cb9ff06f,
c79ff06f01088733,
0000059300068513,
ffee0e1300008067,
e95ff06f010506b3,
01168733ffe30313,
ffe50513d79ff06f,
eb5ff06f01068733,
011306b3ffe78793,
00050593d29ff06f,
0000061300000693,
6990006f00000513,
92c6061300024617,
4345859300005597,
9285051300024517,
0045258346c0006f,
00812423ff010113,
3501879300112623,
00f5846300050413,
00842583404050ef,
00f586633b818793,
3f0050ef00040513,
4201879300c42583,
0004051300f58c63,
00c1208300812403,
3d00506f01010113,
0081240300c12083,
0000806701010113,
0017f7930645a783,
00c5d78300079863,
000786632007f793,
0000806700000513,
ff0101130585a503,
33d000ef00112623,
0000051300c12083,
0000806701010113,
0017f7930645a783,
00c5d78300079863,
000786632007f793,
0000806700000513,
ff0101130585a503,
315000ef00112623,
0000051300c12083,
0000806701010113,
00000797fe010113,
00112e23efc78793,
00912a2300812c23,
0121282335018413,
0141242301312623,
0000059300800613,
3ac18513aaf1a023,
00f4262300400793,
0004222300042023,
0604222300042423,
00042a2300042823,
2a9000ef00042c23,
5e0a0a1300000a17,
63c9899300000997,
6bc9091300000917,
7184849300000497,
034420233a818513,
0324242303342223,
00842e2302942623,
000107b7241000ef,
0080061300978793,
4141851300000593,
0604242306f42a23,
0604282306042623,
06042c230c042623,
0804202306042e23,
3b818793235000ef,
08f4222341018513,
0934262309442423,
08942a2309242823,
000207b71e9000ef,
0080061301278793,
47c1851300000593,
0c0428230cf42e23,
0c042c230c042a23,
0e04202312042a23,
0e0424230e042223,
420187931dd000ef,
0f342a230f442823,
0e942e230f242c23,
018124030ef42623,
0141248301c12083,
00c1298301012903,
4781851300812a03,
1750006f02010113,
00912a23fe010113,
ac41851300050493,
00812c2300112e23,
aa01a783169000ef,
0002381710078663,
fff006936a080813,
fff7879300482783,
008824030807c863,
0684041300c0006f,
00c4170308d78063,
fe0718e3fff78793,
00178793ffff07b7,
0584051300f42623,
105000ef06042223,
125000efac418513,
0004202305c40513,
0004222300042423,
00042a2300042823,
0080061300042c23,
101000ef00000593,
02042a2302042823,
0404242304042223,
0004051301c12083,
0141248301812403,
0000806702010113,
0004066300082403,
f5dff06f00040813,
000485131ac00593,
19c010ef01012623,
0005041300c12803,
0040079304050263,
00c5051300f52223,
00a4242300042023,
000005931a000613,
089000ef01012623,
fff0069300c12803,
0004081300882023,
d6dff0eff09ff06f,
00082023ef5ff06f,
05d000efac418513,
00f4a02300c00793,
ff010113f69ff06f,
0005041300812423,
00112623ac418513,
03442783021000ef,
aa01a78300079c63,
c447071300000717,
00078c6302e42a23,
00c1208300812403,
01010113ac418513,
d05ff0ef0090006f,
00c1208300812403,
01010113ac418513,
ac4185137f00006f,
ac4185137d00006f,
ff0101137e00006f,
00112623ac418513,
00c120837b8000ef,
4f46061300023617,
c405859300000597,
0101011300000513,
ff0101130340006f,
4d46061300023617,
c605859300000597,
0011262300000513,
00c12083014000ef,
01010113ac418513,
fd0101137800006f,
01312e2303212023,
01512a2301412c23,
0171262301612823,
0281242302112623,
00060a9302912223,
00058b9300050b13,
0010099300000a13,
004aa483fff00913,
0204ca63fff48493,
00c45783008aa403,
00e4178300f9fe63,
000b051300040593,
000b80e701278663,
fff4849300aa6a33,
fd249ce306840413,
fc0a90e3000aaa83,
0281240302c12083,
0201290302412483,
01412a8301c12983,
00c12b8301012b03,
01812a03000a0513,
0000806703010113,
00058e13fc010113,
0281031300852583,
02d1262302c12423,
00030693000e0613,
02e1282300112e23,
03012c2302f12a23,
0061262303112e23,
01c12083009010ef,
0000806704010113,
fc010113a841a303,
02d1262302c12423,
02e1282302b12223,
03012c2302f12a23,
0083258303112e23,
0005061302410693,
00112e2300030513,
7bc010ef00d12623,
0401011301c12083,
fd01011300008067,
0005049302912223,
0281242300058513,
0005841302112623,
0344a783021000ef,
0001159700150813,
0010061305c58593,
0020071301010693,
00a12a2300812823,
00b12c2301012623,
00d1222300c12e23,
0084a40300e12423,
064427830e078c63,
0017f69300c41703,
0127169306068e63,
ffffe6b70806ca63,
00002637fff68693,
00c7673300d7f7b3,
00e4162306f42223,
0c07446301279713,
0041061300048513,
348050ef00040593,
0644278300a03733,
00a7649340e00733,
000798630017f793,
2007f79300c45783,
02c1208304078663,
0004851302812403,
0301011302412483,
2007769300008067,
0127169304068663,
01279713f806d2e3,
fff00493fa0750e3,
01279713fc1ff06f,
fff00493f80758e3,
05842503fbdff06f,
02c12083518000ef,
0004851302812403,
0301011302412483,
0584250300008067,
00c417034e0000ef,
0127169306442783,
f29ff06ff406c4e3,
c91ff0ef00048513,
fff00493f05ff06f,
00050593f59ff06f,
e91ff06fa841a503,
00812423ff010113,
00e5958300058413,
2d4000ef00112623,
0504278302054063,
00a787b300c12083,
0081240304f42823,
0000806701010113,
fffff73700c45783,
00e7f7b3fff70713,
00f4162300c12083,
0101011300812403,
0000051300008067,
00c5978300008067,
00068313fe010113,
1007f69300112e23,
0006089300058713,
0206986300050813,
fff68693fffff6b7,
00d7f7b301c12083,
00f7162300e71583,
0008861300030693,
0201011300080513,
00e595832940006f,
0020069300c12423,
0061262300000613,
00a1222300e12023,
000127031bc000ef,
0081288300c12303,
0041280300c71783,
ff010113fa1ff06f,
0005841300812423,
0011262300e59583,
fff0071318c000ef,
02e5026300c41783,
00e7e7b300001737,
04a4282300c12083,
0081240300f41623,
0000806701010113,
8007071380050713,
00c1208300e7f7b3,
0081240300f41623,
0000806701010113,
0040006f00e59583,
00812423ff010113,
0005851300050413,
00112623aa01a223,
fff00793fe0fd0ef,
00c1208300f50a63,
0101011300812403,
aa41a78300008067,
00c12083fe0786e3,
0081240300f42023,
0000806701010113,
0ca78e63a841a783,
fe01011304452583,
00112e2300912a23,
0005049300812c23,
0121282304058863,
0000091301312623,
012587b308000993,
00040e630007a403,
0004240300040593,
0cd000ef00048513,
0444a583fe0418e3,
fd391ce300490913,
0b5000ef00048513,
00c1298301012903,
000586630384a583,
09d000ef00048513,
00040c630404a403,
0004240300040593,
085000ef00048513,
04c4a583fe0418e3,
0004851300058663,
0344a783071000ef,
0181240300078e63,
0004851301c12083,
0201011301412483,
01c1208300078067,
0141248301812403,
0000806702010113,
0005879300008067,
00812423ff010113,
0005041300060593,
0007851300068613,
aa01a22300112623,
fff00793f80fd0ef,
00c1208300f50a63,
0101011300812403,
aa41a78300008067,
00c12083fe0786e3,
0081240300f42023,
0000806701010113,
ff01011300058793,
0006059300812423,
0006861300050413,
0011262300078513,
f64fd0efaa01a223,
00f50a63fff00793,
0081240300c12083,
0000806701010113,
fe0786e3aa41a783,
00f4202300c12083,
0101011300812403,
0005879300008067,
00812423ff010113,
0005041300060593,
0007851300068613,
aa01a22300112623,
fff00793f78fd0ef,
00c1208300f50a63,
0101011300812403,
aa41a78300008067,
00c12083fe0786e3,
0081240300f42023,
0000806701010113,
00812423ff010113,
0011262301212023,
0002391700912223,
00023417bb490913,
02890263bac40413,
4029591340890933,
0004278300000493,
0044041300148493,
ff24e8e3000780e7,
b849091300023917,
b784041300023417,
4089093302890263,
0000049340295913,
0014849300042783,
000780e700440413,
00c12083ff24e8e3,
0041248300812403,
0101011300012903,
0002379700008067,
00023717b3878793,
ff010113b3070713,
0091222340e787b3,
4027d49300112623,
0081242302048663,
b084041300023417,
0004278300f40433,
ffc40413fff48493,
fe0498e3000780e7,
00c1208300812403,
0101011300412483,
0000806700008067,
0000806700008067,
0000806700008067,
0010051300008067,
0010051300008067,
0000806700008067,
00f0031300008067,
02c37e6300050713,
0a07906300f77793,
ff06769308059263,
00e686b300f67613,
00b7222300b72023,
00b7262300b72423,
fed766e301070713,
0000806700061463,
0026969340c306b3,
005686b300000297,
00b7072300c68067,
00b7062300b706a3,
00b7052300b705a3,
00b7042300b704a3,
00b7032300b703a3,
00b7022300b702a3,
00b7012300b701a3,
00b7002300b700a3,
0ff5f59300008067,
00d5e5b300859693,
00d5e5b301059693,
00279693f6dff06f,
005686b300000297,
fa0680e700008293,
ff07879300028093,
00f6063340f70733,
f3dff06ff6c378e3,
0037f79300a5c7b3,
0607966300c508b3,
0606126300463613,
0005071300357793,
ffc8f6130c079a63,
0200079340e606b3,
0005869306d7c463,
02c77a6300070793,
004787930006a803,
ff07ae2300468693,
fff60613fec7e8e3,
ffc6761340e60633,
0047071300458593,
00c7073300c585b3,
0000806701176863,
ff157ce300050713,
001707130005c783,
fef70fa300158593,
00008067fee898e3,
0045a2830005a683,
00c5af030085af83,
0145ae030105ae83,
01c5a8030185a303,
0205a68300d72023,
fe57202302470713,
fff72223fed72e23,
ffe7242340e606b3,
ffc72823ffd72623,
ff072c23fe672a23,
fad7c6e302458593,
0005c683f45ff06f,
0037779300170713,
00158593fed70fa3,
0005c683f0078ee3,
0037779300170713,
00158593fed70fa3,
f01ff06ffc079ae3,
0005071300357793,
7f7f86b704079c63,
fff00593f7f68693,
0047071300072603,
00d787b300d677b3,
00d7e7b300c7e7b3,
ffc74683feb784e3,
0406846340a707b3,
02068c63ffd74683,
00a03533ffe74503,
ffe5051300f50533,
fa0688e300008067,
0017071300074783,
fe0798e300377693,
fff7051340a70733,
ffd7851300008067,
ffc7851300008067,
fd01011300008067,
a881841302812423,
0005049302912223,
0321202300042503,
00b1262301312e23,
0006091302112623,
d25ff0ef00068993,
00c12583ac81a783,
0047a70308078463,
0004250301f00693,
0027169308e6c263,
0017071302049c63,
00d787b300e7a223,
d05ff0ef00b7a423,
02c1208300000513,
0241248302812403,
01c1298302012903,
0000806703010113,
0928a42300d788b3,
001006131887a803,
00c8683300e61633,
1138a4231907a423,
fb0494e300200813,
00c8663318c7a803,
f99ff06f18c7a623,
acf1a42348818793,
c9dff0eff75ff06f,
f99ff06ffff00513,
01712623fd010113,
01612823a8818b93,
000ba50300050b13,
ac818a1301412c23,
0181242303212023,
00058c1302112623,
000a2903c49ff0ef,
01312e2308090c63,
0281242301512a23,
0191222302912223,
00100a93fff00993,
fff4841300492483,
0024949304044e63,
080c1463009904b3,
0044a68300492783,
0c878863fff78793,
020686630004a223,
008a973318892783,
00f777b300492c83,
000680e708079263,
000a278300492703,
09279a6309971c63,
ffc48493fff40413,
02812403fb341ae3,
01c1298302412483,
00412c8301412a83,
02c12083000ba503,
01812a0302012903,
00c12b8301012b03,
0301011300812c03,
1044a783ba1ff06f,
f6fc0ae3fff40713,
fb370ce3ffe40413,
058784631004a783,
ff3410e3ff848493,
18c92783fa5ff06f,
00f777330844a583,
000b051302071c63,
00492703000680e7,
f79708e3000a2783,
00078913f6078ee3,
00892223f11ff06f,
00070413f35ff06f,
f15ff06fffc48493,
000680e700058513,
fe010113f39ff06f,
00912a2300812c23,
0131262301212823,
00112e2300058413,
0002399700050913,
465000ef97c98993,
000017370089a783,
ffc4f4930047a483,
7f0787937ff48793,
00c4541340878433,
00c41413fff40413,
0000059300e44e63,
59d050ef00090513,
009787b30089a783,
0009051302f50663,
01c12083421000ef,
0141248301812403,
00c1298301012903,
0201011300000513,
408005b300008067,
55d050ef00090513,
04f50463fff00793,
6181a7830089a703,
0014e493408484b3,
0009051300972223,
60f1ac23408787b3,
01c120833c9000ef,
0141248301812403,
00c1298301012903,
0201011300100513,
0000059300008067,
505050ef00090513,
00f006930089a703,
f6f6d4e340e507b3,
0017e793a8c1a683,
40d5053300f72223,
f51ff06f60a1ac23,
fe01011312058463,
00b1262300812c23,
00112e2300050413,
00c12583351000ef,
8588889300023897,
ffc5a5030088a803,
ffe57793ff858713,
0046268300f70633,
ffc6f69300157313,
00d6222318c80863,
0048280300d60833,
08031a6300187813,
00023517ff85a303,
4067073381c50513,
006787b300872583,
00c7230312a58a63,
00b324230065a623,
0017e69318080c63,
00f6202300d72223,
0af6e2631ff00693,
00868693ff87f693,
00d886b30048a583,
0057d5130006a603,
00a797b300100793,
ff86859300b7e7b3,
00b7262300c72423,
00e6a02300f8a223,
0004051300e62623,
01c1208301812403,
2850006f02010113,
00d787b302081e63,
7885051300022517,
0017e81300862683,
16a6806300f705b3,
00c6a62300c62603,
0107222300d62423,
f75ff06f00f5a023,
0015651300008067,
00f62023fea5ae23,
f6f6f2e31ff00693,
004006130097d693,
0067d6930ed66063,
0035959303968593,
00b885b303868613,
ff8585930005a683,
11c0006f00d59863,
00d588630086a683,
ffc676130046a603,
00c6a583fec7e8e3,
00d7242300b72623,
0181240300040513,
00e5a42301c12083,
0201011300e6a623,
0a0810631c90006f,
0086260300c62583,
0016e79300f686b3,
00c5a42300b62623,
00d7073300f72223,
f09ff06f00d72023,
0203106300d786b3,
40f70733ff85a783,
00f686b300872603,
00f6262300c72783,
0016e61300c7a423,
00c72223a901a783,
ecf6e8e300e8a423,
00040513ad41a583,
ec1ff06fcc5ff0ef,
eddff06f00d787b3,
02d6786301400613,
06d6686305400613,
06f6859300c7d693,
06e6861300359593,
0017e693f15ff06f,
00f6202300d72223,
05c68593e85ff06f,
05b6861300359593,
00e8aa23ef5ff06f,
00a7262300e8a823,
0107222300a72423,
e59ff06f00f5a023,
402656130048a503,
00c797b300100793,
00f8a22300a7e7b3,
15400613ee9ff06f,
00f7d69300d66c63,
0035959307868593,
ea1ff06f07768613,
00d66c6355400613,
07d685930127d693,
07c6861300359593,
3f800593e85ff06f,
e79ff06f07e00613,
02812c23fc010113,
00b5879302112e23,
0005041301600713,
0100069308f76e63,
05d000ef06b6ec63,
0180071301000693,
0002281700200893,
00e8073355c80813,
ff87061300472783,
0047a70344c78e63,
0087a58300c7a603,
00e78733ffc77713,
00c5a62300472683,
00b6242300f12623,
000405130016e693,
00d000ef00d72223,
03c1208300c12783,
0087851303812403,
0000806704010113,
00f4202300c00793,
03c1208300000513,
0401011303812403,
ff87f69300008067,
fcb6eee3fe07c0e3,
7bc000ef00d12623,
1f70079300c12683,
0096d7934cd7f863,
0040071316078e63,
0066d79342f76a63,
03878e1303978893,
0002281700389513,
00a8053349c80813,
ff85051300452783,
00f0031302f50863,
00c7a5830140006f,
00b50e6334065663,
0047a70300058793,
40d70633ffc77713,
000e0893fec352e3,
00022e9701082783,
2dd78e6345ce8e93,
00f005930047a703,
40d70633ffc77713,
01d82a2346c5ce63,
4406546301d82823,
004823031ff00613,
ff87761334e66263,
00c8063300860613,
0057551300062583,
00a7173300100713,
ff86071300e36333,
00e7a62300b7a423,
00f6202300682223,
4028d79300f5a623,
00f5153300100513,
006577b30aa36663,
0015151302079463,
006577b3ffc8f893,
00079a6300488893,
006577b300151513,
fe078ae300488893,
00389f1300f00e13,
000f031301e80f33,
00088f9300c32703,
0047260332e30c63,
00c7270300070793,
40d605b3ffc67613,
fe05c2e332be4c63,
0046268300c78633,
000405130087a583,
00d622230016e693,
00b7242300e5a623,
644000ef00f12623,
0087851300c12783,
20000513e55ff06f,
03f00e1304000893,
00882783e95ff06f,
ffc773130047a703,
00d3666340d30633,
1a07066301062713,
a8c1a603ad41a583,
00b685b3fff00713,
0000173742e60663,
00e585b300f70713,
00e5f5b3fffff737,
01012e2300040513,
00d12a2300f12c23,
00b1262300612823,
fff00713730050ef,
0101230300c12583,
0181278301412683,
00050e1301c12803,
34e50663a8c18f13,
34e5606300678733,
000ea60361818e93,
00cea02300c58633,
000f288348a70a63,
4aa88263fff00513,
00c7073340ee0733,
007e7f1300eea023,
ff8e7e133a0f0e63,
008e0e13000018b7,
00be063300888893,
40c585b341e885b3,
0145d59301459593,
03d1262300040513,
02f1222303012423,
00612e2302d12023,
01e12a2301c12c23,
00b1262300c12823,
00050713680050ef,
00c12583fff00513,
01412f0301012603,
01c1230301812e03,
0241278302012683,
02c12e8302812803,
000ea60344a70e63,
00b7073341c70733,
01c8242300176713,
00ee222300c58633,
03078e6300cea023,
3e65766300f00513,
ff4307130047a583,
0015f593ff877713,
00b7a22300e5e5b3,
00e785b300500893,
0115a4230115a223,
004e270340e56a63,
00c7f463ad01a783,
acc1a783acc1a823,
acc1a62300c7f463,
21c0006f000e0793,
d89ff06f00482303,
00e7a2230016e713,
0016661300d786b3,
0004051300d82423,
00f1262300c6a223,
00c12783440000ef,
0381240303c12083,
0401011300878513,
0087a60300008067,
0047268300e78733,
00f1262300b62623,
00c5a4230016e693,
00d7222300040513,
00c12783400000ef,
0381240303c12083,
0401011300878513,
00c7278300008067,
c8f706e300288893,
00975613b9dff06f,
14c5fe6300400593,
28c5e26301400593,
0035151305c60513,
00a8053305b60593,
ff85051300052603,
1e00006f00c51863,
00c5086300862603,
ffc5f59300462583,
00c62503feb768e3,
00c7a42300a7a623,
00f6262300f52423,
01400713c9dff06f,
0540071314f77063,
00c6d79324f76263,
06e78e1306f78893,
bc1ff06f00389513,
003ff793001f8f93,
1207886300830313,
cb5ff06f00c32703,
0016e8930087a503,
00e526230117a223,
00d786b300a72423,
00d8282300d82a23,
00c786330015e713,
01d6a42301d6a623,
0004051300e6a223,
00f1262300b62023,
00c127832f8000ef,
b09ff06f00878513,
008687130036d893,
00e78733a8dff06f,
00f1262300472683,
0016e69300040513,
2c4000ef00d72223,
0087851300c12783,
0016e593ad5ff06f,
00d786b300b7a223,
00d8282300d82a23,
00e7873300166593,
01d6a42301d6a623,
0004051300b6a223,
00f1262300c72023,
00c12783280000ef,
a91ff06f00878513,
0396051300675613,
0386059300351513,
15078a63eadff06f,
0047a70300882783,
40d70633ffc77713,
0106271300d76663,
00040513de0700e3,
a4dff06f238000ef,
05b78e1305c78893,
a91ff06f00389513,
fff88893008f2783,
0038f79321e79463,
fe0796e3ff8f0f13,
fff5479300482703,
00f8222300e7f7b3,
fff5071300151513,
00f57733bcf776e3,
0015151300071a63,
004f8f9300f57733,
000f8893fe070ae3,
01058593b35ff06f,
4025d593be9ff06f,
00b7173300100713,
0068222300e36333,
00be0633e29ff06f,
0145959340c005b3,
000405130145d593,
0301222303d12423,
00d12e2302f12023,
01c12a2300612c23,
00c1282300b12623,
000507132e0050ef,
00c12583fff00513,
0181230301412e03,
0201278301c12683,
02812e8302412803,
01012703c6a716e3,
c61ff06f00000593,
06c5ec6305400593,
06f6051300c75613,
06e6059300351513,
15400713d75ff06f,
00f6d79306f76c63,
07778e1307878893,
979ff06f00389513,
000ea60361818e93,
00cea02300c58633,
01451513b75ff06f,
00882e03b60516e3,
0015e71300b305b3,
c55ff06f00ee2223,
b69ff06f01cf2023,
00fe222300100793,
15400593e8dff06f,
00f7561306c5ec63,
0035151307860513,
cf9ff06f07760593,
06f76c6355400713,
07d788930126d793,
0038951307c78e13,
ff8f0f138fdff06f,
0000059301e60733,
00878593b9dff06f,
01d12a2300040513,
00d1262301012823,
01012803cf8ff0ef,
00c1268301412e83,
000ea60300882e03,
bc5ff06f004e2703,
02c5e46355400593,
07d6051301275613,
07c6059300351513,
3f800513c7dff06f,
07e00e1307f00893,
3f80051388dff06f,
c61ff06f07e00593,
e15ff06f00482783,
e7dfe06fab818513,
e8dfe06fab818513,
18112e23e6010113,
1951222318912a23,
00060a9317a12823,
00d12a2300058d13,
12c050ef00050493,
0007851300052783,
85cff0ef02f12a23,
0080061302a12823,
000005930a010513,
00048863e45fe0ef,
000794630344a783,
064d27030540206f,
0017769300cd1783,
012796933e068863,
5f00106f0006d463,
fff68693ffffe6b7,
00d7773300002637,
06ed222300c7e7b3,
0127179300fd1623,
2700306f0007d463,
0087f71300cd1783,
010d270328070863,
01a7f71328070463,
2ad7006300a00693,
18812c230bc10793,
1931262319212823,
1941242317b12623,
17712e2319612023,
17912a2317812c23,
0a012a230a012c23,
000784130af12823,
02012c2300012c23,
02012e2302012623,
04012a2304012023,
0001282304012223,
0d89091300022917,
0100099302500d93,
01a1262301512423,
0e492a0300812a83,
000506937f5040ef,
000a86130a010713,
0004851308810593,
26050c63000a00e7,
0881278324054c63,
00aa8ab301b78663,
00812783fcdff06f,
40fa8b3300050a13,
001a879326fa9263,
06010fa3001ac303,
fff00b1300f12423,
05a00a9300000d13,
e2ca0a1300021a17,
00078b9300000c13,
fe030793001b8b93,
0027979304fae663,
0007a783014787b3,
00078067014787b3,
00000c13fd030713,
002c179300900693,
018787b3000bc303,
00f70c3300179793,
001b8b93fd030713,
fe030793fee6f2e3,
01712423fafafee3,
20030c63000c0e93,
0e610e2300100a93,
000a8c1306010fa3,
00000b1302012023,
0201222302012423,
0fc1079300000e13,
084d7c930b812a03,
6c0c8463000a0593,
0607066307f14703,
000007130b412503,
001a0a1307f10613,
0010069300150513,
00d4222300c42023,
0aa12a230b412c23,
0084041300700613,
02070a632ea64a63,
080107130b412503,
002a0a1300e42023,
0015051300200713,
0b412c2300e42223,
007007130aa12a23,
78a746e300840413,
5aec82e308000713,
67604063415b0b33,
76071e63100d7713,
0b41278300f42023,
0b412c23015a0a33,
0154222300178793,
0af12a2300700713,
008404133cf74463,
000f0663004d7f13,
3d504e63418e8ab3,
000c0e93018ed463,
01d787b301012783,
660a18e300f12823,
0a012a2302012783,
0201258300078863,
95cff0ef00048513,
dfdff06f0bc10413,
00048513000d0593,
000504635c5030ef,
00cd17831440306f,
01a7f71300a00693,
00ed1703d6d714e3,
064d2703d60740e3,
0007186300177713,
000794632007f793,
014126835280206f,
000d0593000a8613,
218030ef00048513,
00a1282319c12083,
1941248301012503,
17012d0318412a83,
000080671a010113,
0000059300800613,
ad1fe0ef0a010513,
00aa8ab300100513,
00812783d6dff06f,
40fa8b3300050a13,
0081278304fa8263,
016422230b412603,
0b81278300f42023,
0ac12a2300160613,
0af12c23016787b3,
0084041300700793,
0101278302c7c863,
00f12823016787b3,
0b812783d60a12e3,
0007846300c12d03,
00cd17833000206f,
5810006f0a012a23,
0b01061300c12583,
244030ef00048513,
4b10206f00050463,
fb9ff06f0bc10413,
340680632007f693,
c006dae301279693,
c206dce301271693,
017124236a50206f,
000c0e93008d7793,
3200106f00078463,
0077879301412783,
0007a703ff87f793,
02e12c2300878793,
00f12a23ffc7a703,
0002279702e12623,
02c12703ed478793,
0047aa830007aa03,
00171c1303812b83,
000b8513001c5593,
000a8693000a0613,
03d1202302612223,
02012e833490e0ef,
0005046302412303,
000b85130050106f,
000a0613001c5593,
71c0d0ef000a8693,
0241230302012e83,
7e00106f00a04463,
000b851302c12583,
0000069300000613,
02012e836f80d0ef,
f7fd7d1302412303,
7a00206f00055463,
07f1470304700693,
408787930000f797,
0d00206f0066d463,
3a90206f00070463,
000a8c1300300a93,
00c125833780006f,
000485130b010613,
04f12c2305c12e23,
04e1262304612823,
0fc030ef05d12423,
0b812a03400514e3,
0581278305c12e03,
04c1270305012303,
0bc1041304812e83,
0b412a83ccdff06f,
0010071301812683,
00ea8ab300ea0a33,
00d7446300840b13,
001007137b50006f,
00f4202300e42223,
0b512a230b412c23,
0157546300700713,
030127035f00106f,
0b512a23001a8a93,
0341270300ea0a33,
008b0b130b412c23,
03012703feeb2c23,
00700713feeb2e23,
5880106f01575463,
0381250302f12423,
02c1258301812783,
0000069300000613,
fff7841303d12223,
02412e834380d0ef,
02812783780506e3,
008a0a33001a8a93,
0b512a2300178793,
00fb20230b412c23,
00700793008b2223,
008b0b137357c8e3,
03c1268303c12783,
01478a3309010713,
00eb2023001a8793,
0af12a230b412c23,
0070071300db2223,
c4f752e3008b0413,
0b01061300c12583,
03d1222300048513,
2c051ae37c9020ef,
02412e830b812a03,
c1dff06f0bc10413,
0b41278301000b13,
a608889300021897,
00700c93075b5863,
00021b97000e8d13,
00c0006fa4cb8b93,
055b5663ff0a8a93,
00178793010a0a13,
0164222301742023,
0af12a230b412c23,
fcfcdee300840413,
0b01061300c12583,
755020ef00048513,
ff0a8a93260510e3,
0b4127830b812a03,
fb5b4ee30bc10413,
000b8893000d0e93,
00178793015a0a33,
0af12a230b412c23,
0154222301142023,
b8f756e300700713,
0b01061300c12583,
03d1222300048513,
200516e3701020ef,
02412e830b812a03,
058d2503b69ff06f,
00cd1783ed0fe0ef,
01279693064d2703,
8c5ff06f8e06c2e3,
9edff06f000bc303,
020d6d13000bc303,
017124239e1ff06f,
000c0e93020d7793,
0141278378079463,
010d771301412683,
0006aa0300478793,
5190206f00070463,
00071463040d7713,
010a1a133b10106f,
41fa5a93410a5a13,
000a871300f12a23,
4e0b446372074263,
f7fd7d13015a67b3,
4c0b1c634c079e63,
0008946307f14883,
00000c1353d0106f,
0201202300000e13,
00000b1300000a93,
001c0c1316010793,
4f10206f000e1463,
0b4125030b812a03,
002c0c13084d7c93,
00050613000a0593,
02012423180c8ee3,
00000e1302012223,
002007139e088ee3,
017124239c1ff06f,
000c0e9304300793,
2840106f00f31463,
00078463010d7793,
014127832780106f,
000c0a9300100c13,
0fc10a130007a783,
014127830ef10e23,
0047879306010fa3,
000a079300f12a23,
020120230b812a03,
0201222302012423,
00000b13084d7c93,
000a059300000e13,
418e8733940c90e3,
07f1470338e046e3,
415b0b3392071ce3,
0b4126039b6054e3,
810c8c9300021c97,
000b0b930b69d863,
000a8c93000a0713,
00078a9300700893,
0004079305d12423,
00030a13000e0b13,
7e04041300020417,
ff0b8b9300c0006f,
010707130579d863,
0087a02300160613,
0ae12c230137a223,
008787930ac12a23,
00c12583fcc8dee3,
000485130b010613,
000512e34f9020ef,
0b812703ff0b8b93,
0bc107930b412603,
fb79cce300700893,
000a031304812e83,
0004071300070a13,
00078413000b0e13,
000a8793000b8b13,
00070c93000c8a93,
00160613016a0a33,
0164222301942023,
0ac12a230b412c23,
0084041300700713,
00c125838cc754e3,
000485130b010613,
04f1282305c12c23,
05d1242304612623,
76051e63471020ef,
0b812a03100d7713,
0501278305812e03,
04812e8304c12303,
880706e30bc10413,
b66758e306500713,
02c1258303812503,
0000069300000613,
05d1242304f12623,
01c0d0ef05c12823,
04c1278304812e83,
060514e305012e03,
0000f7170b412783,
00e42023f1470713,
00100713001a0a13,
00e4222300178793,
0af12a230b412c23,
0084041300700713,
6140106f00f75463,
0181270308412783,
030127033ae7dee3,
008404130b412783,
0341270300ea0a33,
0b412c2300178793,
03012703fee42c23,
fee42e230af12a23,
6af742e300700713,
fff78a9301812783,
01000b13ff505c63,
015b44630b412783,
000a07130890206f,
00700b93000a8c93,
618a0a1300020a17,
0100006f000e8a93,
019b4463ff0c8c93,
010707137400106f,
0144202300178793,
0ae12c2301642223,
008404130af12a23,
00c12583fcfbdce3,
000485130b010613,
62051a63329020ef,
0b4127830b812703,
fb5ff06f0bc10413,
0141270301412783,
0007a78301712423,
000c0e9306010fa3,
640782e300470b93,
00e3146305300713,
010d7e135480106f,
53c0106f000e0463,
3910106f000b5463,
000b061300078513,
03c1242300000593,
0381222300f12a23,
02a12023698030ef,
0141278307f14703,
02812e0302412e83,
66c0206f00051463,
40f68ab302012683,
41f85813fffac813,
00070463010afc33,
01712a23001c0c13,
0201242300000b13,
0201202302012223,
e0cff06f07300313,
0007ac0301412783,
01412783240c5ae3,
0047879341800c33,
000bc30300f12a23,
d5cff06f004d6d13,
020d779301712423,
010d6f13000c0e93,
0141278306079863,
0141270300478793,
00000a9306010fa3,
000b546300072a03,
00f12a2360d0106f,
060a1e63f7ff7d13,
00000e13060b1c63,
00000b1307f14883,
00000a9300000c13,
0201202316010793,
001c0c13ba0884e3,
01712423ba1ff06f,
000c0e93020d7793,
000d0f1332078ee3,
06010fa301412783,
ff87f79300778793,
00e12a2300878713,
0047aa830007aa03,
f7ff7d133a0b48e3,
015a67b3000b1663,
500a94e3f8078ae3,
5147e0e300900793,
15410fa3030a0a13,
376056e3000b0c13,
00000e1307f14883,
15f1079300100a93,
f7dff06f02012023,
020d779301712423,
010d6813000c0e93,
01412783240780e3,
ff87f79300778793,
00e12a2300878713,
0007a7030047a603,
bff87d1306010fa3,
b7f87d13500b4463,
00c767b3500b1063,
00187c134e079c63,
030007936e0c0663,
000c0a9314f10fa3,
00000b1302012023,
0201222302012423,
15f1079300000e13,
02b00793c80ff06f,
06f10fa3000bc303,
000bc303be8ff06f,
3ef306e306800793,
bd4ff06f040d6d13,
020d779301712423,
20079ce3000c0e93,
0141270301412783,
00478793010d7693,
0006846300072703,
040d76937440206f,
5c40106f00069463,
0107571301071713,
000d081300f12a23,
f45ff06f00000613,
0171242301412703,
00470713020d7793,
010d7793120796e3,
4780106f00078463,
00078463040d7793,
200d7f130c10106f,
4600106f000f1463,
0101268301412783,
0007a78300e12a23,
abcff06f00d78023,
83078793000087b7,
0141278308f11023,
06010fa301712423,
000c0e930007a703,
0000061300478693,
f7fd7f13200b44e3,
00070463002f6d13,
000b04633f80106f,
00d12a233f00106f,
0780031300200e13,
00000b1307f14883,
00000a9300000c13,
0201202316010793,
000bc303dd1ff06f,
2cf30ee306c00793,
ab4ff06f010d6d13,
008d6d13000bc303,
01712423aa8ff06f,
000c0e93020d7793,
04079863010d6f13,
0047879301412783,
00f12a2301412703,
00072a03000f0d13,
000a871341fa5a93,
014037b38e0752e3,
40fa8ab341500ab3,
06f10fa302d00793,
da0b48e341400a33,
da9ff06ff7fd7d13,
01412783000d0f13,
00778793000f0d13,
0047a703ff87f793,
0007aa0300878693,
00070a9300d12a23,
00048513891ff06f,
004527831c0040ef,
04f1222300078513,
00050c938f0fe0ef,
05912a2300048513,
008527031a0040ef,
04e12023000bc303,
9e0702639e0c8463,
9c078e6300074783,
9d4ff06f400d6d13,
001d6d13000bc303,
07f147839c8ff06f,
9a079e63000bc303,
06f10fa302000793,
000bc3039b0ff06f,
9a4ff06f080d6d13,
02a00793000bc303,
00f31463001b8693,
fd0307134500206f,
00000b1300900613,
002b179302e66463,
016787b30006c303,
00e78b3300179793,
00168693fd030713,
0c0b42e3fee672e3,
958ff06f00068b93,
a5105e63418e88b3,
0b41260301000293,
0c8c8c9300020c97,
04f126230b12d863,
00040793000a0713,
00700393000a8c93,
04612423000e8b93,
00020a1700088413,
000e0a9309ca0a13,
ff04041300c0006f,
010707130482da63,
0147a02300160613,
0ae12c230057a223,
008787930ac12a23,
00c12583fcc3dee3,
000485130b010613,
0a051e635b0020ef,
ff04041301000293,
0b4126030b812703,
007003930bc10793,
00040893fa82cae3,
0007841304812303,
000a8e1304c12783,
000c8a93000b8e93,
00070a13000a0c93,
00160613011a0a33,
0114222301942023,
0ac12a230b412c23,
0084041300700713,
00c1258396c75c63,
000485130b010613,
04f1282305c12c23,
05d1242304612623,
02051a63528020ef,
04812e830b812a03,
0501278304c12303,
0bc1041305812e03,
00c12583938ff06f,
000485130b010613,
980502634f8020ef,
00c12d0302012283,
0002859300028863,
adcfe0ef00048513,
064d270300cd1783,
0007166300177713,
2a0700e32007f713,
000784630407f793,
198124036510106f,
18c1298319012903,
18012b0318812a03,
17812c0317c12b83,
16c12d8317412c83,
0101250319c12083,
18412a8319412483,
1a01011317012d03,
418e873300008067,
0201222302012423,
3ae0486300000e13,
858ff06f00089463,
81cff06f00200713,
0b01061300c12583,
05c12c2300048513,
0461262304f12823,
434020ef05d12423,
0b812a03f40510e3,
0501278305812e03,
04812e8304c12303,
83cff06f0bc10413,
01d6159316010793,
0037571300777693,
00e5873300078513,
0036561303068693,
fed78fa300c765b3,
fc059ce3fff78793,
00068663fd068693,
58071e63001d7713,
40f70ab316010713,
495b4463000b0c13,
0201242302012023,
00000e1302012223,
08412603f59fe06f,
018127033ac05a63,
01c75463000e0b13,
0360586300070b13,
016a0a330b412703,
0017071300f42023,
0b412c2301642223,
007006930ae12a23,
00e6d46300840413,
fffb47132510106f,
00eb7b3341f75713,
01605463416e0b33,
400d77137d50006f,
0007046301c78cb3,
08412a837500106f,
00eac86301812703,
00071463001d7713,
030126833480106f,
008404130b412703,
0341268300da0a33,
0b412c2300170713,
03012683fed42c23,
fed42e230ae12a23,
00e6d46300700693,
018127032550106f,
41978b3300e787b3,
016ad46341570ab3,
03605863000a8b13,
016a0a330b412783,
0017879301942023,
0b412c2301642223,
007007130af12a23,
00f7546300840413,
fffb47932750106f,
00fb7b3341f7d793,
01504463416a8ab3,
01000b13ef9fe06f,
015b44630b412783,
000a07137890106f,
00700b93000a8c93,
d18a0a1300020a17,
00c0006f000e8a93,
659b52e3ff0c8c93,
0017879301070713,
0164222301442023,
0af12a230ae12c23,
fcfbdee300840413,
0b01061300c12583,
22c020ef00048513,
0b812703d2051ce3,
0bc104130b412783,
00000a93fb9ff06f,
0201242300000b13,
00000e1302012223,
1601079302012023,
0b412603da1fe06f,
0002089701000a13,
0aea5263ca488893,
05512c2300078b93,
0070039300040793,
0461262305d12423,
05c1282300070413,
c78a8a9300020a97,
ff04041300c0006f,
01058593048a5863,
0157a02300160613,
0ab12c230147a223,
008787930ac12a23,
00c12583fcc3dee3,
000485130b010613,
c80516e3180020ef,
0b812583ff040413,
0bc107930b412603,
fa8a4ce300700393,
04812e83000a8893,
05012e0304c12303,
0004071305812a83,
000b879300078413,
0016051300b70a33,
0b412c2300e42223,
011420230aa12a23,
70a7486300700713,
0084041307f14703,
000c94631c071863,
00000c93d41fe06f,
00ed76b3d05fe06f,
848ff06f00068463,
00e4222300f42023,
0b512a230b412c23,
8d57de6300700793,
0b01061300c12583,
03d1222300048513,
bc051ee30d0020ef,
0b412a830b812a03,
0bc10b1302412e83,
00200c938b0ff06f,
01812703ec1ff06f,
88e7de6300100793,
00020c9701100793,
4ee7d8e3b44c8c93,
01000b93000c0c93,
03d1222300700793,
b28c0c1300020c17,
ff04041300c0006f,
010a0a134a8bdee3,
018b2023001a8a93,
0b412c23017b2223,
008b0b130b512a23,
00c12583fd57dee3,
000485130b010613,
b40516e3040020ef,
0b412a830b812a03,
007007930bc10b13,
01271693fb5ff06f,
a39fe06f0006c463,
001d77931d50106f,
c75fe06f00079463,
00478793c3cff06f,
00f12a23000bc303,
0b412703b19fe06f,
2f8686930000e697,
001a0a1300d42023,
0017071300100693,
0b412c2300d42223,
007006930ae12a23,
00e6d46300840413,
0181270364c0106f,
74070ee300c76733,
0b41268303012703,
01470a3300840413,
0016869303412703,
fee42c230b412c23,
0ad12a2303012703,
00700713fee42e23,
0006546376d742e3,
018127037cc0106f,
00f4202300168693,
0b412c2301470a33,
00e422230ad12a23,
00d7c46300700793,
f75fe06fbb5fe06f,
00000c93000c8713,
000a8c13b09fe06f,
0201242302012023,
00000e1302012223,
01412783ad1fe06f,
0101260301012683,
41f6d6930007a783,
00c7a02300e12a23,
9adfe06f00d7a223,
0047879301412783,
0000061301412703,
0007270300f12a23,
01412783dc8ff06f,
0261222306010513,
038120230007a783,
06e120230007a703,
06e122230047a703,
06e124230087a703,
06f1262300c7a783,
014127832a50d0ef,
02b1262302412303,
00f12a2300478793,
000c0e9302a12c23,
000d0813cb5fe06f,
01412783d4cff06f,
010d771301412683,
0006a68300478793,
5110106f00070463,
3c0704e3040d7713,
06010fa301069a13,
00000a93010a5a13,
014b6e336a0b4ae3,
f7fd7d1300f12a23,
e7cff06fca0e1e63,
03000713ffe50513,
40a68ab316010693,
000b0c13fee78fa3,
000a8c13015b5463,
0201202300050793,
0201222302012423,
9adfe06f00000e13,
00100c1307f14883,
00100a9300000e13,
c94ff06f15f10793,
c60ff06f000f0d13,
00d12a23002d6d13,
0000089300200e13,
0a8585930000e597,
1601079307800313,
00d586b300f77693,
004757130006c683,
00d78023fff78793,
00e6873301c61693,
00c766b300465613,
16010713fc069ce3,
000b0c1340f70ab3,
000a8c13bb5b5663,
ba4ff06f02012023,
00068b93fff00b13,
000c0e93895fe06f,
0000e59701712423,
020d779305058593,
0141278324078863,
ff87f79300778793,
0047a6030007a703,
001d779300878693,
0007846300c76533,
06010fa336051863,
b7fd7d132c0b4263,
74051663740b1863,
00000e1300d12a23,
000c0e93b20ff06f,
0000e59701712423,
fa1ff06ffdc58593,
0b01061300c12583,
03d1222300048513,
fe051a634e9010ef,
02412e830b812a03,
93cff06f0bc10413,
200d6d13001bc303,
fe4fe06f001b8b93,
020d6d13001bc303,
fd4fe06f001b8b93,
000b0c1300600793,
01712a234367eee3,
000c0a9302012023,
0201242300000b13,
00000e1302012223,
f88787930000e797,
ccccdc37829fe06f,
ccdc0c13ccccdcb7,
400d7813cccc8c93,
1601061300000593,
0800006f000e8b93,
0007470304012703,
00068463f0170693,
000a08937eb70e63,
00078613000a8513,
014736b3015a0733,
038736b300d70733,
ffc6f6930026de13,
40d7073301c686b3,
00ea36b340ea0733,
03970f3340da86b3,
03873e33038686b3,
0387073301e686b3,
01f69e1301c686b3,
001757130016da93,
0005146300ee0a33,
015a073337c0106f,
00d706b3014736b3,
001585930386b533,
00255893fff60793,
01150533ffc57513,
40da06b340a686b3,
40aa853300da3533,
038505330386b8b3,
01150533038686b3,
0016d69301f51513,
0026951300d506b3,
0016969300d506b3,
0306869340da06b3,
f0081ee3fed60fa3,
000a8513000a0893,
f31ff06f00078613,
0000059300800613,
026122230a810513,
b50fd0ef03d12023,
0fc10a1301412783,
0007a6030a810693,
00048513000a0593,
fff007936ed070ef,
0241230302012e83,
0cf5066300050a93,
41f85813fff54813,
d51fe06f01057c33,
010d779301412703,
0007270300470693,
040d779308079663,
0107171306078e63,
0000061301075713,
00c12583da5ff06f,
000485130b010613,
03d1222302f12423,
dc051a632c9010ef,
0b412a830b812a03,
02412e8302812783,
a4dfe06f0bc10b13,
0b01061300c12583,
02f1242300048513,
295010ef03d12223,
0b812a03da051063,
028127830b412a83,
0bc10b1302412e83,
200d77939e5fe06f,
000006132c079ee3,
bffd7d13d2dff06f,
00000e1300d12a23,
c91ff06f00000893,
00cd178300c12d03,
0407e693064d2703,
0017771300dd1623,
3cc0106f00070463,
000784632007f793,
058d25033c00106f,
00cd1783a20fd0ef,
00c12583d58ff06f,
000485130b010613,
04f1282305c12c23,
05d1242304612623,
d00512631f9010ef,
0b812a0307f14703,
04c1230304812e83,
05812e0305012783,
000c87136e070663,
00000c930b412503,
d8cfe06f0bc10413,
086100a303000793,
08f1002306010fa3,
b7fd7f13540b4ce3,
00200e13002f6d13,
00d12a2307f14883,
03812703bd5ff06f,
0261222302c12783,
0007869300070613,
0007859300070513,
3140d0ef03d12023,
0241230302012e83,
4940106f00050463,
04100793fdf37a93,
030007936efa9863,
0610071308f10023,
3ae30ee305800793,
0630079308f100a3,
02c127833767cae3,
32c0106f0007d463,
00000a1302c12703,
0fc1079302012023,
02f12e2303812503,
002d679300070593,
0261242308410613,
02f1222301d12c23,
00020717768030ef,
000726035f470713,
7950b0ef00472683,
0000069300000613,
00058c9300050a93,
01812e834c90b0ef,
03c1278302812303,
0010071300051663,
0000e69708e12223,
06100713ba068693,
00e3186302d12423,
b78707130000e717,
0002071702e12423,
0007268359c70713,
0481242300472703,
000a841300048d13,
00d12c23000c8493,
00e12e23000a0c93,
00078c1302812a03,
0461262303d12e23,
01c0006f00078a93,
0000069300000613,
000514634410b0ef,
fffb0b133240106f,
01c1268301812603,
0004859300040513,
000584936d90b0ef,
2100d0ef00050413,
2880d0ef00050b93,
0005869300050613,
0004859300040513,
017a06b36540c0ef,
000a86130006c683,
00da802300050413,
00058493001a8a93,
00020697f80b18e3,
0006a8034ec68693,
03c12e830046a883,
000d049304c12303,
000b8d1300088693,
0008061300060b93,
02612e2305d12823,
000c8a1301812c23,
00058c93000a8c13,
41d0b0ef00050a93,
0181278304812403,
05012e8303c12303,
04f1242304a04463,
4887879300020797,
0047a8830007a803,
000c8593000a8513,
0008869300080613,
34d0b0ef01d12c23,
03c1230301812e83,
04051a6304812783,
04068663001d7693,
0b71242302812703,
00f74603fffc4683,
02d61063000c0713,
feb70fa303000593,
fff706930a812703,
fff746830ad12423,
00168613fec686e3,
0ff6761303900593,
fec70fa31ab688e3,
00f3071308412683,
40fc063308e10823,
08e12223fff68713,
14074ae300c12c23,
08d108a302b00693,
14e6dee300900693,
ccccd8b709f10813,
ccd8889300080593,
031736b306300f13,
0005861300070e13,
0036d693fff58593,
00d5053300269513,
40a7073300151513,
fee60fa303070713,
fdcf48e300068713,
fee58fa303068713,
01076463ffe60713,
092105133e80106f,
0007458300050693,
0016869300170713,
ff0718e3feb68fa3,
0027071300a70733,
0901069340c70733,
02e12e2340d70733,
03c1260301812683,
00c68ab300100713,
7fd0006f00d74463,
00ea8ab303012703,
fffac81302412703,
bff77f1341f85813,
100f6d13010afc33,
760a0ce300277e13,
07110fa302d00893,
001c0c1300000b13,
00048513fb0fe06f,
fa9fd06fd8cfc0ef,
c2dff06f00000e13,
0b01061300c12583,
03d1222300048513,
8c0512635b8010ef,
02412e830b812a03,
9cdfe06f0bc10413,
008006130a810513,
0261222300000593,
08f1262303d12023,
d89fc0ef00f12a23,
02012e8301412783,
120b4ae302412303,
00000c1300812a23,
00000a93000b0413,
000e8c93fff00a13,
00078b1302612023,
0a8106930300006f,
000485130fc10593,
714502e30fd070ef,
02f4426300aa87b3,
00879463004c0c13,
00078a937c50006f,
018787b308c12783,
fc0614e30007a603,
0201230301412403,
000b0793000c8e93,
063007933c0a82e3,
001a85935d57dae3,
0261202300048513,
dccfd0ef01d12a23,
0201230301412e83,
68050ee300050793,
0080061302a12023,
0a81051300000593,
0261242300f12a23,
cb9fc0ef03d12223,
0a81071301412583,
08c10613000a8693,
175070ef00048513,
02412e8301412783,
00aa846302812303,
015787333740106f,
07f1470300070023,
41f85813fffac813,
00070463010afc33,
01712a23001c0c13,
0201242300000b13,
00000e1302012223,
540a9663ff9fd06f,
5547626300900713,
00b12c2316010713,
000b8e9340f70ab3,
3b5b4c63000b0c13,
00000e1307f14883,
a45fe06f02012023,
000c8a93000a8e93,
00070a13000a0c93,
00178793015a0a33,
0af12a230b412c23,
0154222301942023,
00f7446300700713,
c0cfe06f84cfe06f,
6b8585930000d597,
0780031300200e13,
01412783a31ff06f,
0007a78301012683,
00e12a2300d7a023,
02412e83e61fd06f,
000c8c13000c0793,
008a0a3300078c93,
0b412c23001a8a93,
019b20230b512a23,
00700793008b2223,
b78fe06f0157c463,
01000693aa0ff06f,
0001fc970b412603,
2966da63e1cc8c93,
000b0c93000a0713,
00c12b8300078a13,
00700a9300040793,
0001f41705d12423,
000e0b13df440413,
ff0c8c9300c0006f,
010707132596d263,
0087a02300160613,
0ae12c2300d7a223,
008787930ac12a23,
0b010613fccadee3,
00048513000b8593,
4e051ce3308010ef,
0b4126030b812703,
010006930bc10793,
320c8663fb5ff06f,
00000c930b412503,
ed9fd06f0bc10413,
30070e63200d7713,
418a5a13018a1a13,
00f12a2341fa5a93,
c4cfe06f000a8713,
32068663200d7693,
00f12a230ff77713,
00000613000d0813,
200d7e13981fe06f,
2e0e166306010fa3,
00000a9300068a13,
00f12a234e0b42e3,
000b0463f7fd7d13,
000694638f9fe06f,
8edfe06fab1fe06f,
100d6b93fff00793,
000b166348fb0263,
6e078ce3fb9a8793,
00000a1302c12783,
0007d86300078c93,
0197ccb380000cb7,
0460079302d00a13,
038127034efa9a63,
0030069308410793,
000c861300070593,
0a810893000b0713,
0004851308c10813,
03d1202300612c23,
00054683318030ef,
02012e8303000713,
0005079301812303,
3ee68ee301650c33,
0381250308412703,
00000613000c8593,
02f1222300000693,
03d1202300612c23,
5b40b0ef00ec0c33,
0181230302012e83,
400508e302412783,
018764630a812703,
030006130340106f,
0ad1242300170693,
0a81270300c70023,
40f70733ff8768e3,
00e12c2304700693,
4ada826308412e03,
4aea966304600713,
01676733001d7713,
58071ce371c056e3,
06600313000e0a93,
4c0f16e3400d7f13,
41f85813fffac813,
0e0a04e3010afc33,
06e10fa302d00713,
000b8d13001c0c13,
00000b1302012023,
0201222302012423,
02012023cc1fd06f,
0201242300000a93,
00000e1302012223,
00000c1316010793,
04812e83ca1fd06f,
000c8b13000b0e13,
0007841300040c93,
00070a13000a0793,
00160613016a0a33,
0164222301942023,
0ac12a230b412c23,
0084041300700713,
d69fe06f00c74463,
0b01061300c12583,
05c1282300048513,
05d1242304f12623,
00050463098010ef,
0b812a03ba1fe06f,
04c1278305012e03,
0bc1041304812e83,
000a8c13d2dfe06f,
00078c13c49ff06f,
0000d797bc4ff06f,
f2dfd06f33078793,
00071463001d7713,
03012703cb9fd06f,
01470a330b412683,
0016869303412703,
00e420230b412c23,
0ad12a2303012703,
0070071300e42223,
00c1258376d75e63,
000485130b010613,
03d1222302f12423,
00050463008010ef,
08412603b11fe06f,
0b4126830b812a03,
02412e8302812783,
868ff06f0bc10413,
00e787b301812703,
41570ab341978b33,
d29fe06f016ac463,
d21fe06f000a8b13,
bedfd06f0bc10413,
00f12a2341fa5a93,
93cfe06f000a8713,
00000a930ff6fa13,
00f12a23940b5a63,
0ff77713e14fe06f,
a50ff06f00000613,
000d081300f12a23,
e5cfe06f00000613,
0101268301412783,
0007a78300e12a23,
a0dfd06f00d79023,
0b01061300048513,
755000ef000d0593,
cf1fd06f00051463,
00078513a71fe06f,
0381202303c12223,
93dfc0ef00f12a23,
fff5481307f14703,
0141278341f85813,
02412e0302012e83,
01057c3300050a93,
c90fe06f00071463,
c88fe06f001c0c13,
0441258305412703,
40e786b303012223,
0006851300070613,
02d1202300612c23,
015a0733365010ef,
ccccd637014737b3,
00f70733ccd60613,
ccccd53702c735b3,
04012783ccc50513,
0181230304012683,
024128030017c783,
0025d89300f037b3,
011585b3ffc5f593,
40ea073340b70733,
40ba85b300ea35b3,
00f687b302a70533,
04f1202302012683,
02c585b3fff68793,
02c7353300a585b3,
00a585b302c70733,
0015da9301f59513,
0017571300100593,
015a073300e50a33,
00a7073301473533,
0025589302c73533,
01150533ffc57513,
40ea073340a70733,
40aa853300ea3533,
02c5053302c738b3,
0115063302c70733,
0017571301f61613,
0027161300e60733,
0017171300e60733,
0307071340ea0733,
994ff06ffee68fa3,
de4fc0ef058d2503,
02c12783ad5fd06f,
02c12c832e07c6e3,
00600b1300000a13,
001b0593b95ff06f,
00612c2300048513,
e9dfc0ef03d12023,
0181230302012e83,
b4050a6300050793,
200744e302c12703,
02a1202302c12703,
c74ff06f00000a13,
c44ff06f07800793,
08e108a302d00713,
00100713ff800613,
eac6c66340d70733,
0307071309210693,
1601071300e68023,
0d16871340e686b3,
f1cff06f02e12e23,
00a6c60302812683,
03812603e4cff06f,
0017b793fbba8793,
00078713016787b3,
00f12c2300060593,
08410793000c8613,
08c108130a810893,
0004851300200693,
03d1202302612223,
04700713619020ef,
0241230302012e83,
30ea98e300050793,
4e071463001d7713,
08412e030a812703,
00e12c2340f70733,
00071463ffde2713,
ffe3031303cb5a63,
08610823fffe0713,
7607446308e12223,
08d108a302b00693,
76e6d86300900693,
0201202303a12223,
01812703dd8ff06f,
001d771356ee4c63,
00070663000e0a93,
00ee0ab303012703,
000f0463400d7f13,
fffac8137fc04663,
010afc3341f85813,
b21ff06f06700313,
002f6d13bffd7f13,
00200e1300d12a23,
e81fe06f00000893,
000006930a810713,
0000059308c10613,
02f1222300048513,
01d12a2302612023,
fff007130f8070ef,
0201230301412e83,
00050a9302412783,
08f126235ce50863,
00f12a23f00ff06f,
a74fe06f000f0d13,
0281268302412703,
24070ee300d76733,
05a1282301812703,
000a059305812c23,
000c8a1302412b83,
05412c0302812d03,
00e7833304012c83,
0070069300040613,
0001ea9701000713,
05d12423654a8a93,
0003041304f12623,
fffc8c9309a04a63,
0b412783fffb8b93,
018585b304412503,
00a6202300178793,
0ab12c2301862223,
008606130af12a23,
000cc50310f6ce63,
0004081341440b33,
00050b1301655463,
0b41250303605663,
0ab12c23016585b3,
0146202300150513,
0aa12a2301662223,
000cc50314a6c663,
fffb4f9300860613,
01fb77b341ffdf93,
0560446340f50b33,
f7704ae300aa0a33,
fffd0d1301a05663,
04812e83f75ff06f,
05012d0304c12783,
0591202305812c03,
000a0c9300060413,
0198646300058a13,
00080c93f9cfe06f,
0b412503f94fe06f,
570f8f930001ef97,
000407930b675a63,
000b041303012223,
00078b1303f12423,
ff04041300c0006f,
0105859308875063,
0156202300150513,
0ab12c2300e62223,
008606130aa12a23,
00c12583fca6dee3,
000485130b010613,
00050463271000ef,
0b812583d78fe06f,
0bc106130b412503,
0070069301000713,
00c12583fadff06f,
000485130b010613,
00050463241000ef,
0b812583d48fe06f,
010007130bc10613,
ec1ff06f00700693,
02812f8302412803,
00040b13000b0793,
016585b300078413,
0ab12c2300150513,
01f620230aa12a23,
10a6cc6301662223,
00860613000cc503,
00c12583ed9ff06f,
000485130b010613,
1d5000ef03012223,
cdcfe06f00050463,
0b812583000cc503,
0bc1061302412803,
0070069301000713,
02d00793e8dff06f,
0201202306f10fa3,
0201242304700793,
00300a9302012223,
00000e1300000b13,
0000d7971467d263,
00400c13c5078793,
00c12583d20fd06f,
000485130b010613,
03d1222302f12423,
00050463161000ef,
08412603c68fe06f,
028127830b812a03,
0bc1041302412e83,
07f14803985fe06f,
00000b1301712a23,
0201242301003c33,
00000e1302012223,
cc4fd06f02012023,
0b01061300c12583,
05c1282300048513,
05d1242304f12623,
00050463101000ef,
0b812a03c08fe06f,
04c1278305012e03,
0bc1041304812e83,
00c12583d7cfe06f,
000485130b010613,
0cd000ef03012223,
bd4fe06f00050463,
0b812583000cc503,
0bc1061302412803,
0070069301000713,
00840413d99ff06f,
00c1258392dfe06f,
000485130b010613,
03d1222302f12423,
00050463089000ef,
08412a83b90fe06f,
028127830b812a03,
0bc1041302412e83,
00900713d7cfe06f,
c81fe06f01177463,
07f14703c18ff06f,
001c0c13f2070263,
0000d797f1cff06f,
00400c13b0c78793,
00c12583be0fd06f,
000485130b010613,
025000ef03d12223,
b2cfe06f00050463,
0181278308412a83,
02412e830b812a03,
41578ab30bc10413,
03812503d5cfe06f,
00000613000c8593,
02f1242300000693,
03d1202302612223,
02012e833d90a0ef,
0281278302412303,
0181268300050e63,
00d78c330a812703,
40f70733e3876263,
08412e0300e12c23,
ff000713ae1ff06f,
0001ec9740c00bb3,
0ce6546324cc8c93,
01000a93000b8c93,
00700b1300078b93,
03d12223000a0793,
228a0a130001ea17,
ff0c8c9300c0006f,
01078793099ad263,
0144202300168693,
0af12c2301542223,
008404130ad12a23,
00c12583fcdb5ee3,
000485130b010613,
00050463740000ef,
0b812783a48fe06f,
0bc104130b412683,
02012023fb5ff06f,
a50ff06f0fc10793,
0301268301812703,
00d70ab306700313,
41ca86b3dbc04c63,
fffac81300168a93,
010afc3341f85813,
02412e83db4ff06f,
00078a13000a0713,
000c8b93000b8793,
017a0a3300070c93,
0b412c2300168693,
019420230ad12a23,
0070071301742223,
00c12583e0d75ae3,
000485130b010613,
03d1222302f12423,
000504636a0000ef,
0b812a039a8fe06f,
028127830b412683,
0bc1041302412e83,
07f14883f0cfe06f,
0008846300000b13,
83dfd06fc9dfd06f,
1901290319812403,
18812a0318c12983,
17c12b8318012b03,
17412c8317812c03,
fff0079316c12d83,
9acfe06f00f12823,
0000029300c12d03,
0407e79300cd5783,
93cfe06f00fd1623,
0017771302412703,
804ff06f00071463,
02012283ff9fe06f,
91cfe06f000b8d13,
00e7c73380000737,
0201202302d00a13,
cd5fe06f0fc10793,
000c859303812503,
0000069300000613,
00612c2302f12223,
1c50a0ef03d12023,
0181230302012e83,
3405146302412783,
01cc083308412e03,
00e12c2340f80733,
00f12a23c38ff06f,
40fc0733c21fd06f,
00e12c2308412e03,
00c12d03c28ff06f,
020120238b0fe06f,
00000b1300300a93,
0201222302012423,
00400c1300000e13,
00040a93910fd06f,
0141240302012303,
000b0793000c8e93,
02d00713850ff06f,
ff80069308e108a3,
41c7073300100713,
0300069388de4ce3,
03a1222308d10923,
0931069302012023,
000d0493fbcff06f,
000c0793fffb0d13,
0481240303c12e83,
000a8c1304c12303,
016a8b33000c8a13,
03000613000a8693,
dfdfe06f000d5463,
fec68fa300168693,
01ac0733fedb1ce3,
de5fe06f00170c13,
80000fb702c12783,
01f7fe33f7fd7d13,
02d007931e0e0463,
0201202306f10fa3,
0201242304700793,
00300a9302012223,
00000e1300000b13,
0000c7972267da63,
00400c1376878793,
06700313830fd06f,
0007470304012703,
32060063f0170613,
0401268331c75e63,
0000059300000513,
001585930180006f,
f017061300168693,
05c7506304060263,
0016c70340ee0e33,
0006c703fe0712e3,
fe1ff06f00150513,
06070e6301712a23,
000b0a93001b0c13,
00000b1302012423,
0730031302012223,
04d12023fb9fc06f,
00a5873305412683,
02d7073302b12223,
00ea8ab302a12423,
41f85813fffac813,
140a0463010afc33,
06e10fa302d00713,
000b8d13001c0c13,
00000b1302012023,
03012703f71fc06f,
0660031301cb06b3,
a64ff06f00e68ab3,
000b0c13000b0a93,
0201222302012423,
0730031300000b13,
02c12683f41fc06f,
02a1202380000737,
02d00a1300e6c733,
00177713a69fe06f,
00cd5783d2071ae3,
d20794e32007f793,
b65fb0ef058d2503,
02c12783d1dff06f,
00078c9300000a13,
80000cb70007d863,
02d00a130197ccb3,
0841079303812703,
00070593000c8613,
08c108130a810893,
0020069300100713,
0261222300048513,
00100b1303d12023,
02012e83428020ef,
0005079302412303,
e14ff06f01612c23,
da0c8c930001ec97,
80000cb7ee9fe06f,
02d00a130197ccb3,
8a8ff06f00600b13,
07f1470304700693,
5a0787930000c797,
0000c7970066d663,
1807166359878793,
000a8c1300300a93,
0201242300000b13,
0201202302012223,
07f14703e49fc06f,
001c0c130a070663,
02012023000b8d13,
e2dfc06f00000b13,
02e12e2300200713,
00100713c49fe06f,
08e1222341670733,
0000c79788cff06f,
00400c1353478793,
00071a63e01fc06f,
000c0a9300100c13,
908ff06f06600313,
0660031303012703,
01668ab300170693,
41f85813fffac813,
8e8ff06f010afc33,
0007ab0301412783,
000b546300478793,
001bc303fff00b13,
00068b9300f12a23,
064d2783d21fc06f,
ba0798e30017f793,
000b8d13e7dff06f,
00000b1302012023,
02a12423d89fc06f,
000c859303812503,
0000069300000613,
03d1202302612223,
02012e835b80a0ef,
0281278302412303,
0181268302050e63,
00d78c330a812703,
800ff06f01877463,
08412e0340f70733,
cccff06f00e12c23,
00e7883301812703,
000d0f13ea4ff06f,
08412e03a11fd06f,
40f70733cb0ff06f,
00e12c2308412e03,
000d0f13ff1fe06f,
00000713f3cfd06f,
0201222302012423,
000d0813d55ff06f,
02012423a48fe06f,
cddfc06f02012223,
0201242300000b13,
0201202302012223,
00400c1300300a93,
00c12d03cc1fc06f,
00cd578302012283,
00fd16230407e793,
00050713c19fd06f,
00060693a841a503,
0007059300058613,
00c5d783a61fc06f,
00e5d3030645ae03,
0245a80301c5a883,
40000713b7010113,
48812423ffd7f793,
0005841349212023,
0801059300050913,
4811262307010513,
00d1262348912223,
02f1122300060493,
0261132307c12e23,
03012e2303112a23,
02b1242300b12c23,
02e1262302e12023,
84dfb0ef02012823,
0004861300c12683,
0009051301810593,
000504939d9fc0ef,
0241578304055063,
000788630407f793,
0407e79300c45783,
0701250300f41623,
48c12083819fb0ef,
4801290348812403,
4841248300048513,
0000806749010113,
0009051301810593,
fa050ce3420000ef,
fb1ff06ffff00493,
0007186300862703,
0006222300000513,
fe01011300008067,
00c1262300112e23,
00c1278359c000ef,
0007a42301c12083,
020101130007a223,
ff01011300008067,
0121202300112623,
008124230e058263,
0005841300912223,
0005066300050493,
1007806303452783,
00c4170306442783,
0a0796630017f793,
0e07086320077713,
0004851300040593,
02c4278312c000ef,
00078a6300050913,
0004851301c42583,
0a054063000780e7,
0807f79300c45783,
030425830a079263,
0404079300058c63,
0004851300f58663,
02042823d39fb0ef,
0005886304442583,
d25fb0ef00048513,
f31fa0ef04042223,
0004162306442783,
0a0784630017f793,
ee4fb0ef05842503,
00c12083f1dfa0ef,
0041248300812403,
0001290300090513,
0000806701010113,
00812403f60710e3,
00c1208300412483,
0009051300000913,
0101011300012903,
00c4578300008067,
0807f793fff00913,
01042583f60782e3,
ca5fb0ef00048513,
e51fa0eff55ff06f,
05842503f01ff06f,
00c41783e78fb0ef,
06442783f00794e3,
fa0790e30017f793,
e74fb0ef05842503,
0041248300812403,
05842503f95ff06f,
f55ff06fe60fb0ef,
a841a50300050593,
00c59703e8dff06f,
00812c23fe010113,
00112e2301312623,
0005841300877793,
1207926300050993,
80078793000017b7,
00f767b30045a683,
18d05c6300f59623,
0e08066302842803,
0137169300912a23,
0009a0230009a483,
01c425831806ca63,
0010069300000613,
000800e700098513,
00050613fff00793,
00c417831af50c63,
0047f79302842803,
0044270300078e63,
40e6063303042783,
03c4278300078663,
01c4258340f60633,
0009851300000693,
fff00713000800e7,
12e51c6300c41783,
01d007130009a683,
2040073718d76263,
00d7573300170713,
1607086300177713,
fffff73701042683,
00e7f7337ff70713,
0004222300e41623,
0137971300d42023,
0009a78300075663,
0304258310078863,
10058a630099a023,
00f5866304040793,
b2dfb0ef00098513,
0204282301412483,
0181240301c12083,
0000051300c12983,
0000806702010113,
0105a90301212823,
00912a2308090a63,
003777130005a483,
412484b30125a023,
0007146300000793,
00f424230145a783,
0640006f00904863,
04905e6300a90933,
01c4258302442783,
0009061300048693,
000780e700098513,
fca04ee340a484b3,
0101290300c45783,
01c120830407e793,
0181240300f41623,
00c1298301412483,
02010113fff00513,
03c5a68300008067,
f55ff06fe6d044e3,
0101290301412483,
05042603f49ff06f,
01042683e95ff06f,
7ff70713fffff737,
00e4162300e7f733,
00d4202300042223,
ee075ce301379713,
04a4282303042583,
ee059ae30099a023,
f05ff06f01412483,
e40784e30009a783,
00070c63fe378713,
00078863fea78793,
0407e79300c45783,
0099a023f65ff06f,
ed5ff06f01412483,
00112e23fe010113,
0005066300050713,
08078e6303452783,
0000079300c59683,
0645a78304068263,
000796630017f793,
040680632006f693,
00b1242300070513,
00812583d65ff0ef,
0645a70300050793,
0007186300177713,
2007771300c5d703,
01c1208302070863,
0201011300078513,
0585a50300008067,
00b1242300e12623,
00c12703b58fb0ef,
fadff06f00812583,
0585a50300a12423,
00812783b58fb0ef,
0007851301c12083,
0000806702010113,
00a1242300b12623,
00c12583aedfa0ef,
f55ff06f00812703,
a841a7030c050463,
00112e23fe010113,
0007066300050593,
0607806303472783,
0000079300c59683,
0645a78304068263,
000796630017f793,
04068e632006f693,
00b1242300070513,
00812583c95ff0ef,
0645a70300050793,
0007186300177713,
2007771300c5d703,
01c1208304070663,
0201011300078513,
00a1262300008067,
00e1242300070513,
00c12583a55fa0ef,
f8dff06f00812703,
00e126230585a503,
a6cfb0ef00b12423,
0081258300c12703,
00a12423f91ff06f,
a6cfb0ef0585a503,
fa9ff06f00812783,
f8c606130001e617,
e685859300000597,
f88505130001e517,
00862783acdfa06f,
00c5968322078c63,
02812c23fc010113,
0351222303412423,
0086f79302112e23,
00050a9300058413,
0a07846300060a13,
0a0780630105a783,
0321282302912a23,
0361202303312623,
000a24830026f793,
80000b370a078a63,
00000993c00b0b13,
0009861300000913,
1a090e63000a8513,
012b766300090693,
c0068693800006b7,
01c4258302442783,
40a05863000780e7,
00a989b3008a2783,
40a787b340a90933,
fc0790e300fa2423,
0301290303412483,
02012b0302c12983,
03c1208300000513,
02812a0303812403,
0401011302412a83,
0004059300008067,
3e0000ef000a8513,
00c4168326051663,
0321282302912a23,
0361202303312623,
000a24830026f793,
01712e23f4079ae3,
0016f79301812c23,
0004278312079863,
fff70c1380000737,
0000099300000b13,
2006f7130e098863,
0007851300842903,
00090b9320070e63,
4806f7132d29e063,
0144260308070c63,
0016171301042583,
01f7591300c70733,
00e9093340b78bb3,
40195913001b8793,
00090613013787b3,
0007891300f97663,
4006f69300078613,
000605932c068263,
995fb0ef000a8513,
0104258330050663,
00a12623000b8613,
00c45783978fb0ef,
b7f7f79300c12703,
00f416230807e793,
01770533417907b3,
00e4282301242a23,
00f4242300a42023,
00098b9300098913,
000b8613000b0593,
00842703380010ef,
4127073300042783,
008a270300e42423,
00f42023017787b3,
00ea242341370733,
00c4168328070063,
0044a9830004ab03,
f05ff06f00848493,
0044a9030004a983,
e31ff06f00848493,
0000806700000513,
00000b9300000b13,
00000c1300000513,
08050663060b0e63,
000b0993000b8793,
000789930167f463,
0084290301442683,
0104278300042503,
00a7f46301268933,
18d9ce6309394063,
01c4258302442783,
000a8513000c0613,
00050913000780e7,
412b8bb308a05463,
160b806300100513,
412787b3008a2783,
1c078a6300fa2423,
012c0c33412b0b33,
0044ab03f80b16e3,
0084849300048793,
0007ac03fe0b0ae3,
00a00593000b0613,
334000ef000c0513,
0015051318050a63,
f5dff06f41850bb3,
00090613000c0593,
00042783260010ef,
000a851300040593,
00f42023012787b3,
f80500e3b31ff0ef,
01c12b8300c41783,
0341248301812c03,
02c1298303012903,
0407e79302012b03,
fff0051300f41623,
01042703d6dff06f,
0144270306f76063,
0009869304e9ec63,
000c0693013c7463,
0244278302e6e733,
000b061301c42583,
40e686b3000a8513,
f8a05ee3000780e7,
008a278300050913,
412787b3412989b3,
0e07866300fa2423,
0004278300c41683,
d75ff06f012b0b33,
000989130129f463,
0009061300078513,
19c010ef000b0593,
0084270300042783,
41270733012787b3,
00e4242300f42023,
00040593fa0716e3,
a5dff0ef000a8513,
f2dff06ff8050ee3,
00098b9300098913,
00040593dd9ff06f,
a3dff0ef000a8513,
f0dff06fe8050ce3,
000c059300098613,
00842703140010ef,
0009891300042783,
013787b341370733,
00f4202300e42423,
000a8513e5dff06f,
000507134fd040ef,
01042583d60514e3,
bdcfb0ef000a8513,
00c0071300c45783,
01812c0301c12b83,
f7f7f79300eaa023,
001b0793eb5ff06f,
dd1ff06f00078b93,
01812c0301c12b83,
00c41783c11ff06f,
00c00793e95ff06f,
01c12b8300faa023,
01812c0300c41783,
a841a703e7dff06f,
00112e23fe010113,
0005879300050613,
0347268300070663,
00c7970310068a63,
02068e6300877693,
04068a630107a683,
0017761300c79703,
0147a60306060e63,
000005130007a423,
00c7ac2340c00633,
01c1208308068063,
0000806702010113,
0e06826301077693,
06069e6300477693,
008767130107a683,
fa069ae300e79623,
2000059300c7a703,
fab702e328077713,
0007859300060513,
1fd050ef00f12423,
00c7970300812783,
001776130107a683,
00277613f80616e3,
0006146300000593,
00b7a4230147a583,
f80694e300000513,
f80680e308077693,
00e7962304076713,
f71ff06ffff00513,
020586630307a583,
02d5806304078693,
00f1262300060513,
a7cfb0ef00c12423,
0081260300c12783,
0207a82300c79703,
fdb777130107a683,
00d7a0230007a223,
00a12423f4dff06f,
00b1262300070513,
00c12783bfcfa0ef,
ed9ff06f00812603,
0407671300900693,
00e7962300d62023,
ef9ff06ffff00513,
0ff5f71300357793,
0806086302078063,
fff6061300054783,
0015051308e78063,
fe0794e300357793,
04c8786300300813,
008597930ff5f593,
0105979300b785b3,
808088b7feff0337,
eff3031300f585b3,
0005278308088893,
006786b300f5c7b3,
00f6f7b3fff7c793,
00079a630117f7b3,
00450513ffc60613,
02060063fcc86ee3,
00c0006f00c50633,
00c5086300150513,
fee79ae300054783,
0000051300008067,
00a5e7b300008067,
000796630037f793,
0407866300463793,
01c0006f00050713,
fff60813fff5c683,
00068e63fed78fa3,
0008061300078713,
0017079300158593,
00008067fe0610e3,
04080e6300c70733,
fe078fa300178793,
00008067fee79ce3,
808088b7feff0337,
08088893eff30313,
00300e1300050713,
006687b30005a683,
0107f7b3fff6c813,
fa0796e30117f7b3,
00d72023ffc60613,
0045859300470713,
f95ff06ffcce6ce3,
ff01011300008067,
0001e59700912223,
0001e517e5458593,
0001e497d4450513,
00812423e6448493,
0011262301212023,
6f5000ef00048413,
0004059396818913,
e20505130001e517,
02040413785000ef,
ff2414e302051463,
0081240300c12083,
0001290300412483,
cf0505130001e517,
0000806701010113,
56c585930000b597,
cd8505130001e517,
00048593241050ef,
cc8505130001e517,
22d050ef02048493,
fb5ff06ffd249ce3,
06812423f9010113,
0085043300559413,
05312e2307212023,
0005899300050913,
0004059300060513,
0611262306912223,
6f1000ef00060493,
06c1208302051263,
0681240300040513,
0601290306412483,
0701011305c12983,
0000b59700008067,
000485134e458593,
05512a2305412c23,
1a0502636b5000ef,
4d0585930000b597,
6a1000ef00048513,
0004c78316050863,
18e78c6304300713,
0ff7f793f9f78793,
12f7646301900713,
f9f787930014c783,
10f76c630ff7f793,
f9f786930024c783,
1ad77e630ff6f693,
05f0069300248713,
02e006931ad78e63,
0bf7f79364d78c63,
02010a130e079663,
0000b597000a0513,
00e1222346858593,
0571262305612823,
00412703581000ef,
0400079300074683,
00000a9366f68663,
00000b1300000b93,
0340071302014783,
0ff7f793fbf78793,
0001d71708f76a63,
00279793bc470713,
0007a78300e787b3,
0007806700e787b3,
0500071302114783,
06e794630df7f793,
0000b59700200613,
000a051346058593,
01c10593d45ff0ef,
00a0061302210513,
01c1278311c050ef,
02079c630007c783,
26f500633a400793,
36a0079366a7ce63,
3510079302a7c263,
010117b768a7d263,
1a578793cae50513,
0017f79300a7d7b3,
05012b031e079c63,
0000041304c12b83,
0004051306c12083,
05812a0306812403,
0641248305412a83,
05c1298306012903,
0000806707010113,
000a051302010a13,
34c585930000b597,
0571262305612823,
f01ff06f471000ef,
330585930000b597,
45d000ef00048513,
0014c783e51ff06f,
fd37879300100713,
f8f768e30ff7f793,
0024859302010a13,
05612823000a0513,
42d000ef05712623,
04000593000a0513,
00050463061050ef,
000a051300050023,
002487939c9fa0ef,
e8dff06f00a78733,
003487130034c783,
00174783e45ff06f,
fbf7879301900693,
f2f6e8e30ff7f793,
fbf7879300274783,
f2f6e0e30ff7f793,
0037071300374783,
0000b597e1dff06f,
000a05132c458593,
00050c636ec050ef,
2b8585930000b597,
6d8050ef000a0513,
0000b597ee0512e3,
000a051329c58593,
00003697391000ef,
00005617b5468693,
0060071302460613,
3af98a6300200793,
00f9986300600793,
14a90513000a0593,
00048593361000ef,
355000ef00040513,
06c1208300050413,
0681240300040513,
05412a8305812a03,
04c12b8305012b03,
0601290306412483,
0701011305c12983,
0030061300008067,
2a8585930000b597,
0d1050ef000a0513,
02314503e40516e3,
0000b59701010713,
fd35051329058593,
0305079300153513,
fe35051300e78533,
e20510e3385000ef,
270585930000b597,
2cd000ef000a0513,
a286869300003697,
f306061300005617,
f3dff06f00100713,
1d4585930000b597,
5d8050ef000a0513,
0000b597de0512e3,
000a05131c058593,
00003697291000ef,
00005617d4c68693,
0020071301060613,
0000b597f01ff06f,
000a05131f458593,
da0514e359c050ef,
1e8585930000b597,
255000ef000a0513,
00400613f89ff06f,
190585930000b597,
001050ef000a0513,
02414783d6051ee3,
0241071302d00693,
0251478300d79663,
0df7f79302510713,
38d7806305200693,
0550071300074783,
38e782630df7f793,
d4e790e305400713,
158585930000b597,
1ed000ef000a0513,
0000b597f21ff06f,
000a05130f458593,
d0051ce350c050ef,
0e0585930000b597,
1c5000ef000a0513,
0106869300003697,
0686061300005617,
e35ff06f00800713,
0000b59700300613,
000a05130d058593,
cc051ce375c050ef,
0101071302314783,
fd37879300400613,
030787930017b793,
fe37879300e787b3,
0a0585930000b597,
00f1222300078513,
ca0510e3724050ef,
00a0061300412783,
0047c50301c10593,
00153513fd350513,
0045051300a78533,
fff50713555040ef,
c60708e301073713,
c60704e3ff450713,
0007470301c12703,
00a12223c4071ee3,
048585930000b597,
105000ef000a0513,
00a0071300412783,
00f7586302910613,
02e104a303100713,
6666673702a10613,
02e7973366770713,
000600a341f7d693,
40d7073340275713,
00e6873300271693,
40e787b300171713,
00f6002303078793,
0000b597de9ff06f,
000a0513f7858593,
be0510e33d4050ef,
f64585930000b597,
08d000ef000a0513,
00800613dc1ff06f,
fe8585930000b597,
638050ef000a0513,
02814503ba051ae3,
0000b59701010713,
fd350513fd858593,
0305079300153513,
fe85051300e78533,
b80514e337c050ef,
fb8585930000b597,
035000ef000a0513,
00300613d69ff06f,
f3c585930000b597,
5e0050ef000a0513,
02314503b4051ee3,
0000b59701010713,
fd350513f2458593,
0305079300153513,
fe35051300e78533,
b20518e3324050ef,
f04585930000b597,
7dc000ef000a0513,
c106869300003697,
de06061300005617,
c4dff06f00300713,
12a90513000a0593,
00c1242300d12623,
7ac000ef00e12223,
0081260300412703,
12e9042300c12683,
0ed922230ec92023,
00090513000a0593,
020a9463040050ef,
01f6d79301fb9693,
0041270300079e63,
00070863fff70713,
fab7879302014783,
040b166300f03ab3,
bf9ff06f0f592423,
02010a1300170a93,
000a0513000a8593,
0571262305612823,
000a0513738000ef,
36c050ef04000593,
0005002300050463,
cd4fa0ef000a0513,
99dff06f00aa8733,
0ef92423fff00793,
05812423badff06f,
000c051300170c13,
dd8585930000b597,
00050b93794000ef,
00100b1300000a93,
04812c0300051663,
0000b597979ff06f,
000c0513dc058593,
00050a9376c000ef,
00100b9300000b13,
000c0513fc050ee3,
da8585930000b597,
00153a9374c000ef,
00000b9304812c03,
0000b597939ff06f,
000a0513de458593,
bbdff06f688000ef,
dd8585930000b597,
674000ef000a0513,
46500793ba9ff06f,
b1e50513baf500e3,
b8a7fae300800793,
2e10079399dff06f,
00a7cc63b8f504e3,
b6f50ee31b500793,
98f510e32d000793,
30700793b71ff06f,
b65ff06f96f51ae3,
00912223ff010113,
0000b59700058493,
00812423dbc58593,
0005041300112623,
00050663544020ef,
0407966300054783,
0001c71700249793,
00f707b36ac70713,
000405130007a583,
0005066351c020ef,
0207926300054783,
0000b59700040513,
500020efd7458593,
0005478300050663,
9f41851300079463,
0081240300c12083,
0101011300412483,
fc01011300008067,
02112e2301712e23,
0321282302812c23,
00050b9300600793,
035122231ab7e263,
00060a9303612023,
2606066300058b13,
0001d91703412423,
0001ea1749c90913,
02912a2332ca0a13,
000a041303312623,
0001e99700090493,
000485933d498993,
0204041300040513,
02048493530000ef,
000ac783ff3416e3,
240b12630c079663,
2e8484930001e497,
01f00a9300100413,
0004059300700b13,
ed5ff0ef000b8513,
aacfa0ef00050993,
0009859300050793,
0efaea6300048513,
4dc000ef00140413,
fd6418e302048493,
000b099366018b13,
298484930001e497,
00700a9300100413,
0009851300090593,
000486134b0000ef,
0001d51700040593,
e1cff0ef3bc50513,
001404131e050e63,
0209091302098993,
fd5416e302048493,
0341248303812403,
02812a0302c12983,
02012b0302412a83,
0301290303c12083,
0401011301c12b83,
0a0b0063d34ff06f,
a04fa0ef000a8513,
04a7ea6301f00793,
0001e717005b1793,
00f704331ec70713,
00040513000a8593,
00040613428000ef,
0001d517000b0593,
d94ff0ef33450513,
ce8ff0ef00050413,
02c1298303412483,
02412a8302812a03,
0240006f02012b03,
02c1298303412483,
02412a8302812a03,
0160091302012b03,
00000413012ba023,
0004051303c12083,
0301290303812403,
0401011301c12b83,
02f0059300008067,
7ed040ef000a8513,
18050c6300050793,
02f0061300154703,
00c7186300070693,
001787930027c703,
f8070ae3fed70ce3,
150404130001e417,
02f0049300100b13,
01f0071341578633,
00160613f6c74ce3,
00040513000a8593,
0d4050ef00f12623,
001b0b1300c12783,
009718630007c703,
001787930017c703,
14070c63fe970ce3,
0017468300078713,
fd16861300170713,
fe0618e300068463,
0204041300700693,
00078a93e4db00e3,
f95ff06f00070793,
130404130001d417,
005594130e058063,
208787930001d797,
02012b0302412a83,
f0dff06f00f40433,
000b8513000b0593,
00050493ca9ff0ef,
01f00793880fa0ef,
005b1793eca7e8e3,
068707130001e717,
0004859300f70433,
2a4000ef00040513,
00100493e7dff06f,
00941c63000ba903,
001484930600006f,
020b0b13020a0a13,
000b059304848863,
274000ef000a0513,
00048593000a0613,
180505130001d517,
fc0518e3be0ff0ef,
920585930000b597,
24c000ef000a0513,
00048593000a0613,
158505130001d517,
fa9ff06fbb8ff0ef,
02c1298303412483,
02412a8302812a03,
e45ff06f02012b03,
02012b0302412a83,
000a8513e41ff06f,
01f00793fc1f90ef,
0001e417e0a7e8e3,
00040513fcc40413,
02040413000a8593,
ff3418e31e8000ef,
005b1413d11ff06f,
f88707130001e717,
0087043300700793,
fe040593cefb0ce3,
0204041300040513,
ff3418e31b8000ef,
9b01c503ce1ff06f,
0005079300008067,
00058613a841a503,
bf9ff06f00078593,
000080670f050513,
0000806797818513,
0000806797818513,
00812423ff010113,
0005851300050413,
00112623aa01a223,
fff00793bb0f70ef,
00c1208300f50a63,
0101011300812403,
aa41a78300008067,
00c12083fe0786e3,
0081240300f42023,
0000806701010113,
00c587b302a5f663,
0406086302f57263,
fff7c70300c50633,
fff78793fff60613,
fec518e300e60023,
00f0079300008067,
0005079302c7e863,
0e060063fff60693,
00d786b300168693,
001787930005c703,
fee78fa300158593,
00008067fed798e3,
0037f79300b567b3,
0a07926300058893,
0047981300465793,
fff7879301050833,
0005a68300050713,
0107071301058593,
ff45a683fed72823,
ff85a683fed72a23,
ffc5a683fed72c23,
fd071ce3fed72e23,
0117873300479793,
00f507b301070593,
0107879300c67813,
00f6769300058e13,
ffc6869304080863,
00d70733ffc6f693,
4115083301470713,
010588b30005a303,
0068a02300458593,
00468713fee598e3,
00f707b301c705b3,
f2dff06f00367613,
00050793fff60693,
00008067f29ff06f,
f15ff06f00068613,
0037f79300b567b3,
0005a70308079063,
f7f686937f7f86b7,
00d8083300d77833,
00d8683300e86833,
00050613fff00793,
0045859302f81463,
0005a70300e62023,
00d777b300460613,
00e7e7b300d787b3,
ff0780e300d7e7b3,
0015c7030005c783,
00f600230025c683,
00e600a300078a63,
00d6012300070663,
0000806700069463,
00008067000601a3,
0005c70300050793,
0015859300178793,
fe0718e3fee78fa3,
00b5673300008067,
00377713fff00393,
7f7f87b710071063,
00052603f7f78793,
00f672b30005a683,
00f282b300f66333,
107292630062e2b3,
0045260308d61663,
00f672b30045a683,
00f282b300f66333,
0c729e630062e2b3,
0085260306d61663,
00f672b30085a683,
00f282b300f66333,
0c7298630062e2b3,
00c5260304d61663,
00f672b300c5a683,
00f282b300f66333,
0c7292630062e2b3,
0105260302d61663,
00f672b30105a683,
00f282b300f66333,
0a729c630062e2b3,
0145859301450513,
01061713f4d60ee3,
00f71e6301069793,
0106d79301065713,
0ff5759340f70533,
0000806702059063,
0107d79301075713,
0ff5759340f70533,
0000806700059463,
0ff7f7930ff77713,
0000806740f70533,
0005c68300054603,
0015859300150513,
fe0616e300d61463,
0000806740d60533,
0045859300450513,
00000513fcd61ce3,
0085051300008067,
fcd612e300858593,
0000806700000513,
00c5859300c50513,
00000513fad618e3,
0105051300008067,
f8d61ee301058593,
0000806700000513,
fff8081380000837,
00b876b300062023,
000587937ff008b7,
0916fc6300050713,
0808886300a6e8b3,
0145de13fe010113,
7ffe7e1300112e23,
0005831300060893,
020e1c6300000613,
e60787930001d797,
0047a6830007a603,
7e4080ef01112623,
00c1288380000737,
00b876b3fff70813,
0005071300058313,
4146d693fca00613,
01c12083801007b7,
c0268693fff78793,
00c686b300f37333,
00f367b33fe007b7,
0007051300d8a023,
0201011300078593,
0007051300008067,
0000806700078593,
010527830105a803,
fff808131d07cc63,
0145861300281293,
01450e1300560333,
005e02b300032783,
fd0101130002a703,
0211262300178793,
02f758b302812423,
00060f930cf76063,
00000413000e0f13,
000fa78300000713,
004f0f13000f2383,
010ede9301079e93,
010396930107d793,
0103d3930106d693,
031e8eb3004f8f93,
008e8eb3031787b3,
01045413010e9413,
408686b3010ede93,
4106d71300e686b3,
0106d69301069693,
01079e9301d787b3,
0107d413010ede93,
007787b341d707b3,
00d7673301079713,
4107d713feef2e23,
0002a783f9f372e3,
ffc2829302079463,
0180006f005e6863,
005e7863fff80813,
ffc282930002a783,
01052823fe0788e3,
01c12e2301112623,
00c12a2300612c23,
0005041301012823,
00c12883759020ef,
01c12e030a054663,
0141260301812303,
0018889301012803,
00000793000e0513,
0006258300052683,
0106971300450513,
010ede9301059e93,
41d7073301075713,
4107579300f70733,
0106d6930105d593,
00d787b340b787b3,
0107969301071713,
00e6e73301075713,
fee52e2300460613,
fac376e34107d793,
00fe07b300281793,
020714630007a703,
00fe6863ffc78793,
fff808130180006f,
0007a70300fe7863,
fe0708e3ffc78793,
02c1208301042823,
0008851302812403,
0000806703010113,
0000806700000513,
f401011303852303,
0a912a230a812c23,
0b6120230b212823,
09812c2309712e23,
0a112e2309a12823,
00e128230b312623,
02b1222300f12623,
00058b1300050413,
00068b9300060493,
00088d1300080913,
0203026300060c13,
0010079303c52703,
00e797b300030593,
00f3242300e32223,
02042c233a8020ef,
0000071300048993,
001494930004da63,
000c09930014dc13,
7ff007b700100713,
00f9f73300e92023,
000b051338f70c63,
00000613000c0593,
0b41242300000693,
000b0a1303612023,
21c080ef01812e23,
00c1270304051e63,
00f7202300100793,
0000a797000d0863,
00fd202311578793,
0000a9170a812a03,
0bc1208310490913,
0b4124830b812403,
0a012b030ac12983,
09812c0309c12b83,
0009051309012d03,
0c0101130b012903,
000b059300008067,
07810713000c0613,
0004051307c10693,
0b51222309b12623,
0149d91309912a23,
00050493150030ef,
3209106307812d83,
0200079307c12903,
43290713012d8933,
0400079362e7da63,
4129051340e787b3,
00ab553300f999b3,
0b9090ef00a9e533,
fff90913fe1007b7,
00b787b300050a13,
0007859300100c93,
a68787930001d797,
0047a6830007a603,
389080ef000a0513,
a58787930001d797,
0047a6830007a603,
0001d7973d0080ef,
0007a603a4c78793,
4b9060ef0047a683,
0009051300050a13,
770090ef00058a93,
a30787930001d797,
0047a6830007a603,
00050613398080ef,
000a051300058693,
481060ef000a8593,
00058a9300050a13,
000509936bc090ef,
0000069300000613,
000a8593000a0513,
02055063248080ef,
718090ef00098513,
000a8693000a0613,
00a03533090080ef,
412d893340a989b3,
fff90a1301600793,
0001c8172537e463,
00399793b6480813,
0201250300f807b3,
0007a60301c12583,
1f4080ef0047a683,
0120446350054c63,
013a0a332380106f,
02012c2303312623,
0201242300012c23,
2377e86300900793,
4b77da6300500793,
00400713ffcb8b93,
40c0106f00eb9463,
002007937afb8463,
00fb946300000a93,
00300b931b40106f,
0101278304012023,
00178c93013787b3,
000c861304f12423,
0010061301904463,
0010071301700693,
00c6c46300400793,
001797935cc0106f,
0007059301478693,
fed678e300170713,
0004051302b42e23,
00050913034020ef,
48c0106f00051463,
00fcb79302a42c23,
2c0a82e32c0784e3,
00f9f793353052e3,
a70808130001c817,
4049da9300379793,
010af69300f807b3,
0047a7030007a803,
0001c797460688e3,
0207a603a2478793,
020125030247a683,
04e1262301c12583,
644070ef03012823,
02e12e2300300713,
04c1270303012803,
0005031300fafa93,
720a806300058793,
0481262302912823,
9d8484930001c497,
04612823000a8413,
00078d9303c12a83,
00c0006f00070593,
0084849340145413,
00071a6300147713,
0084849340145413,
fe0702e300147713,
0044a6830004a603,
4014541300080513,
001a8a93178080ef,
6a04006300050813,
fd5ff06f00848493,
00c9979300c12683,
00c7d79300002737,
0167e7b370f70713,
0407806300e6a023,
ee4909130000a917,
0000a797c80d0ae3,
00fd2023edb78793,
01c12783c85ff06f,
c01909133ff00737,
00c7d79300c79793,
00000c9300e7e7b3,
0000a917d0dff06f,
0000a797e9c90913,
c40d08e3e9c78793,
c49ff06f00fd2023,
02f12c2300100793,
280a4a6300012c23,
018127832a09d263,
413787b302012623,
413007b300f12c23,
0090079302f12423,
00000b93dd77fce3,
0000059302042e23,
679010ef00040513,
0005146300050913,
03242c232d00106f,
07c1270300f9a793,
2a07506300078463,
07812783520c9463,
fff00c9303600713,
0181278340f70733,
0591242300ea0a33,
0281278300e78733,
00f12e2300012823,
0004051300100593,
324020ef02e12023,
0201270301812783,
0007946300050a93,
014044630380106f,
018126830300106f,
00da546300068793,
01812683000a0793,
40fa0a3340f70733,
0281278340f686b3,
0607846300d12c23,
0007946301c12783,
000786131540106f,
00040513000a8593,
5d8020ef02e12023,
0005059300048613,
0004051300050a93,
00048593378020ef,
0004051300050493,
02812703639010ef,
01c1268301c12783,
0007079340f70633,
00d7846302012703,
001005930740106f,
02e1202300040513,
02c12783268020ef,
0201270300a12e23,
78d0006f00078463,
1d77cce300100793,
1c0698e302412683,
1c0694e300cc1693,
7ff6f693014c5693,
02f126231a068ee3,
001a0a1300170713,
014787b302f12423,
020788e301f7f793,
34f6cce301b00693,
40f687b301c00693,
00f7073301812683,
00f686b300fa0a33,
26e0486300d12c23,
01c1258301405c63,
00040513000a0613,
00a12e23660020ef,
0017ca13003ba793,
2607906303812783,
3a0a06633b904863,
01c12583080c92e3,
0050061300000693,
569010ef00040513,
00a12e2300050593,
7a4020ef00048513,
0310079304a05ee3,
00f9002300198a13,
01c1258300190b93,
001a0a1300040513,
000a8863511010ef,
00040513000a8593,
00048593501010ef,
4f5010ef00040513,
000b802300c12783,
380d02630147a023,
0a412a830a812a03,
08c12d8309412c83,
9a9ff06f017d2023,
412787b300100793,
00000a1300f12c23,
013a0a33d609c2e3,
b41ff06f03312623,
00eb946300400713,
30fb86637550006f,
50fb86e300200793,
0401202300300793,
b4fb8ce300100a93,
40e787b3d51ff06f,
9e1ff06f00fb1533,
02012c23fff98993,
0001b797d09ff06f,
0039971361c78793,
0007ab0300e787b3,
fff00c930047ab83,
02012d8300190a93,
000b061301c12a03,
000d8513000b8693,
1fc070ef000a0593,
00050c130ec090ef,
000b0613164090ef,
595070ef000b8693,
0005061300058693,
000d8513000a0593,
030c0793524080ef,
00100a1300f90023,
00050713000a8d93,
400686930001c697,
72d0006f014c9463,
0046a8030006a783,
00f12823415a0a33,
000c8a9301012a23,
0005879300812c23,
000b06130600006f,
000c0513000b8693,
174070ef000c8593,
00050413064090ef,
000b06130dc090ef,
50d070ef000b8693,
0005061300058693,
000c0513000c8593,
001d8d9349c080ef,
fefd8fa303040793,
00050713014d86b3,
6b5682e300058793,
0141268301012603,
0007859300070513,
000006134c9070ef,
00050c1300000693,
1fd070ef00058c93,
01812403f6051ee3,
000d8b9300198a13,
00048593e25ff06f,
0004051300070613,
000504933f8020ef,
01c12583d81ff06f,
56c020ef00048513,
00048593d8055ce3,
00a0061300000693,
309010ef00040513,
fff98c1304812783,
0017a79300050493,
0281278300fa7a33,
000a0463080794e3,
04812c837650006f,
000c099300098a13,
00100b1301c12b83,
000485930200006f,
00a0061300000693,
2b9010ef00040513,
00050493001b0b13,
00048513000b8593,
03050c13c80ff0ef,
ff878fa3016907b3,
00000b13fd9b46e3,
fffc8b1301905463,
00fb0b3300190793,
0004859300000693,
0004051300100613,
32c020ef00d12823,
0005049301c12583,
010126834a8020ef,
039007130aa05663,
4d6904e30080006f,
000b0b93fffb4783,
fee788e3fffb0b13,
00fb002300178793,
0004051301c12583,
1fd010ef00d12823,
01012683ce0a8ee3,
cf5682e3ce0684e3,
0004051300068593,
cd5ff06f1e1010ef,
4337071301812783,
00e7873300ea0a33,
fff00c9302812783,
00f12e2305912423,
ae5ff06f00012823,
7807986302812783,
ef5ff06f00198a13,
00000a9300100793,
869ff06f04f12023,
0551202300100a93,
0005166385dff06f,
f40c18e3001c7c13,
000b0b9303000713,
fffb0b13fffb4783,
f5dff06ffee78ae3,
0a412a830a812a03,
08c12d8309412c83,
03012483e2cff06f,
0501230304c12403,
000d879303512e23,
0008061300058713,
0007069300030513,
6f5060ef00078593,
00058a9302a12823,
0207826303812783,
120686930001c697,
030125030006a603,
000a85930046a683,
1c0544e3161070ef,
631080ef03c12503,
000a869303012603,
0001c797261070ef,
0007a6030fc78793,
348060ef0047a683,
00050713fcc008b7,
240c886300b888b3,
03912e2305312623,
0001b81703c12783,
0701222326480813,
00f807b300379793,
03012503ffc7a803,
000a8593ff87a783,
04f1282307112023,
04e12e2305012a23,
04a12c2353d080ef,
000506135b5080ef,
0005869303012503,
180080ef000a8593,
00190d9305812783,
0307889300050a93,
0001b81704012783,
440788631fc80813,
0001c59704b12c23,
0501260301458593,
0005a50305412683,
050120230045a583,
5e5060ef03112823,
0601268305c12603,
0581270312c080ef,
000a861303012883,
0119002300070693,
04a1282302e12823,
73c070ef04b12c23,
0001b81703012703,
2ca040e319480813,
fe0686930001c697,
0046a6830006a603,
0741202305312e23,
0771222305012983,
0561282307812423,
000a8b1305812a03,
03c12a8302c12823,
0591202302d12a23,
0701262300000b93,
0900006f00070c13,
2b5bdc63001b8b93,
f90c8c930001cc97,
004ca683000ca603,
000a059300098513,
000ca6030e1070ef,
00050993004ca683,
000b051300058a13,
0c5070ef000c0593,
00058c9300050c13,
00050b133fd080ef,
00050613475080ef,
000c051300058693,
040080ef000c8593,
00098613030b0793,
00fd8023000a0693,
00050b13001d8d93,
764070ef00058c13,
030125031e0542e3,
000b061303412583,
008080ef000c0693,
000a069300098613,
f4055ae3740070ef,
0080006f03900693,
000d8b93192d8ce3,
fffd8d93fffdc703,
00170713fed708e3,
04c1278300ed8023,
9a9ff06f00178a13,
3e1080ef03c12503,
000a869303012603,
0001c797011070ef,
0007a603eac78793,
0f8060ef0047a683,
00050713fcc008b7,
0001c79700b888b3,
03012503e9478793,
0047a6830007a603,
05112623000a8593,
771070ef02e12e23,
04c1288303c12703,
0007061302a12823,
02b12a2300088693,
03112e2304e12823,
20a04c63580070ef,
0501260303c12883,
0341258303012503,
00f8c6b3800007b7,
1c054063670070ef,
0007ca6307c12783,
0001b81700f9a793,
14079a63fac80813,
7c07966304012783,
5c078a6301812783,
018127035c0a0863,
00ea546300070793,
01812703000a0793,
40f7073340fa0a33,
74079c6302812783,
0004051300100593,
205010ef00e12c23,
00a12e2302c12783,
140790e301812703,
0010079300000a93,
01c00793fccff06f,
6c098863fe0ff06f,
00faf79341300ab3,
f28808130001b817,
00f807b300379793,
0047a6830007a603,
01c1258302012503,
404ad7936d0070ef,
00058a9302a12823,
00200713200780e3,
000b0a9302912823,
00040b1302e12e23,
eb8484930001b497,
0007041300078d93,
401ddd9300c0006f,
001df71300848493,
401ddd9300071a63,
001df71300848493,
0004a603fe0702e3,
401ddd930044a683,
664070ef00140413,
00848493640d8663,
01012783fddff06f,
fff7ca1300090b93,
07c12783facff06f,
05c1298304012c83,
06412b8306012a03,
06c1280306812c03,
6807c66305012b03,
6807826300f9a793,
00f807b300399793,
0047ab830007ab03,
8207dee301012783,
020c9c6383904ce3,
ca0787930001c797,
0047a6830007a603,
000b8593000b0513,
000506135e0070ef,
0201250300058693,
4b4070ef01c12583,
0000059302a04e63,
43c010ef00040513,
00090b9301012783,
f30ff06f40f00a33,
0201230300200693,
02d12e2301c12783,
02f12423bc4ff06f,
03100793e54ff06f,
0000059300f90023,
00190b9300040513,
00298a133f8010ef,
05012603ef4ff06f,
06b1222305412683,
0601258305c12503,
0311282305012c23,
03012883550070ef,
04a1202303c12783,
04b1222301190023,
0581280300100613,
000d889306412703,
bc0686930001c697,
0006a6030ac78c63,
059128230046a683,
00f90cb305b12c23,
000a851307212023,
000b0a9302c12823,
05312e2302d12a23,
0008891300048d93,
0007059307012223,
0301260300040b13,
0019091303412683,
000584934d0070ef,
009080ef00050413,
081080ef03050993,
0005869300050613,
0004859300040513,
ff390fa344d070ef,
000d8493fd2c92e3,
03c1278305812d83,
05c1298305012c83,
0641280306012903,
000b0413fffd8893,
000a8b1300058713,
00050a9300f888b3,
ac8303130001c317,
0043268300032603,
0441258304012503,
0501282302e12e23,
541050ef03112823,
000a861303c12683,
5a054863320070ef,
a90303130001c317,
0441268304012603,
0043258300032503,
03c126833bd070ef,
1e4070ef000a8613,
0501280303012883,
07c1270366a04c63,
00f9a713c8074ce3,
00399713c80708e3,
00082b0300e80833,
000d8a9300482b83,
01c00693e14ff06f,
03c00693ccd78263,
ca4ff06f40f687b3,
00000693000a8593,
0004051300a00613,
00050a93254010ef,
000c099304812c83,
01812783cc0a1463,
000a859300f05c63,
0004051300078613,
00050a932f1010ef,
000a8d9302c12783,
024127034e079e63,
fff9079301c12a03,
0331202300177713,
0009099303212223,
0197893300e12c23,
0361262303a12423,
00048513000a0593,
00050c13bc1fe0ef,
00048513000a8593,
000a0593421010ef,
000d861300050c93,
465010ef00040513,
030c0b1300c52703,
08071a6300050593,
0004851300a12823,
010125833f1010ef,
0004051300050d13,
017d66b3170010ef,
0181278310069863,
5a0cce635c078c63,
00198c9301698023,
0004859353390263,
00a0061300000693,
160010ef00040513,
000a859300050493,
00a0061300000693,
0bba8c6300040513,
000d8593144010ef,
0000069300050a93,
00a0061300040513,
00050d9312c010ef,
f35ff06f000c8993,
01812c2300040513,
02812d0302412903,
000b0c1300098a13,
02c12b0302012983,
0d4010ef01912823,
0007cc6301012783,
001b771301012783,
00f767b30177e7b3,
0004859308079663,
0004051300100613,
01c12583191010ef,
30d010ef00050493,
0390079354a05463,
018127834afc0863,
000a869303178c13,
001a0b93018a0023,
00198a13000d8a93,
090010efe68ff06f,
00050d9300050a93,
e95ff06f000c8993,
01812783480cca63,
0197ecb3017cecb3,
efa056e3480c8263,
0241290300098a13,
02812d0302012983,
03900793000b0c13,
001c0c1344fc0463,
000a8693018a0023,
000d8a93001a0b93,
e04ff06f00198a13,
1a07966302812783,
0004051300100593,
02c12783458010ef,
0181270300a12e23,
a4078ce300000a93,
01c1258302c12603,
02e1202300040513,
0010079374c010ef,
0201262300a12e23,
2377da6302012703,
02e1202301c12783,
0107a78301c12703,
00f707b300279793,
258010ef0107a503,
0201270302000793,
9d0ff06f40a787b3,
0401202300100a93,
00f05c6301012783,
04f1242301012783,
00078c9300078613,
00100793e59fe06f,
02042e2304f12423,
00f1282300078c93,
e69fe06f00000593,
412787b300100793,
00098a1300f12c23,
02012c2303312623,
880c86e3dc5fe06f,
92f052e304812783,
738686930001b697,
030125030006a603,
fff987930046a683,
04f12623000a8593,
03c12703080070ef,
00058a9300050d93,
03b1282300170513,
000d861342c080ef,
05c070ef000a8693,
6f8787930001b797,
0047a6830007a603,
04812783145050ef,
00050713fcc008b7,
02f12e2300b888b3,
02012783e00ff06f,
02f1282301c12a83,
02f12e2300200793,
03012483d80ff06f,
02a1282302812e23,
000a8b13000b0413,
d64ff06f00058a93,
0007946302812783,
ff5fe06f85cff06f,
02f1242300100793,
00e12c23e81ff06f,
0004859302812603,
5c8010ef00040513,
0010059300050493,
29c010ef00040513,
00a12e2302c12783,
0181270324079063,
00000a9302012423,
860ff06f00100793,
fffc861302812783,
0281278330c7d263,
0010059302c12703,
00f707b340f607b3,
00c12e2300040513,
24c010ef02f12623,
01c1260301812783,
00050a93019a0a33,
02078863000c8713,
0181268301812783,
000a079301978733,
000687930146d463,
40f7073301812683,
40f686b340fa0a33,
0004859300d12c23,
00e12e2300040513,
01c12703514010ef,
f79fe06f00050493,
dc0696e302412683,
dc0692e300cc1693,
7ff6f693014c5693,
00170713da068ce3,
02f12623001a0a13,
03100793da9ff06f,
00f9002300298a13,
00100a93b48ff06f,
dc5ff06f05512023,
00000a9300100793,
db5ff06f04f12023,
0310071304c12783,
04f1262300178793,
02812603e70ff06f,
04c12783f75ff06f,
00178a13000d8b93,
03012d8380cff06f,
004aa583e30ff06f,
449000ef00040513,
1c05026300050a13,
00ca8593010aa603,
0026061300c50513,
884f80ef00261613,
00040513000a0593,
5ac010ef00100613,
ac9ff06f00050d93,
0181240300040c13,
0005869300070613,
720050ef00070513,
000b8693000b0613,
00b12a2300a12823,
3e5060ef00198a13,
0101250302a04263,
000b061301412583,
33d060ef000b8693,
001c771300051a63,
0531262300070663,
000d8b93d90ff06f,
00e12c23f5dfe06f,
c6dff06f00000a93,
b706869300009697,
1af0059300000613,
b745051300009517,
020129832e4030ef,
000a8693000b0c13,
02812d0302412903,
000d8a93000c8b13,
9b8ff06f00198a13,
fff8c78303000713,
fff8889300088b93,
d48ff06ffee78ae3,
0201242301812703,
c05ff06f00000a93,
000a869303900793,
001a0b1300fa0023,
00198a13000d8a93,
01812c2399cff06f,
00098a13000d0713,
0201298302412903,
000b0c1302812d03,
b21ff06faee04ae3,
0241290300098a13,
02812d0302012983,
b09ff06f000b0c13,
00098a1303900793,
02012983000c0713,
02812d0302412903,
f8fb06e3000b0c13,
03170c13af9052e3,
04812c83addff06f,
dfdfe06f000c0993,
001c7793ac0516e3,
ac1ff06faa079ae3,
02f12e2300200793,
02042e23a20ff06f,
a49fe06f00000593,
a506869300009697,
2ef0059300000613,
a545051300009517,
40c787b31c4030ef,
000cdc6300f12e23,
0007871301812783,
00f12c23419787b3,
01812783c21fe06f,
01978733019a0a33,
fd010113c11fe06f,
a9418a1301412c23,
0321202302912223,
0161282301512a23,
0005891302112623,
00050a9300060b13,
000a24832a8030ef,
01312e2306048e63,
0e07886300094783,
00090613fc378713,
001647830e070263,
fc37871300160613,
fe0718e300078463,
0d37806303d00993,
0a050c630004a503,
4126043302812423,
0009059300040613,
00051a637b9020ef,
008787b30004a783,
053702630007c703,
004484930044a503,
02812403fc051ce3,
000a851301c12983,
02c12083228030ef,
0201290302412483,
01412a8301812a03,
0000051301012b03,
0000806703010113,
000a8513000a2703,
40e484b300f12623,
009b20234024d493,
00c127831e8030ef,
02c1208302812403,
0241248301c12983,
01812a0302012903,
01012b0301412a83,
0301011300178513,
01c1298300008067,
00090613f85ff06f,
fe010113f31ff06f,
00112e2300c10613,
01c12083ebdff0ef,
0000806702010113,
0007806796c1a783,
0406026302058063,
0006478304068863,
0006450300f5a023,
0000806700a03533,
00c10593ff010113,
02068a6302060463,
00f5a02300064783,
00a0353300064503,
0000806701010113,
0000806700000513,
fedff06f00000513,
00008067ffe00513,
fddff06fffe00513,
0a058463ff010113,
2c068c6308060c63,
06081c6300072803,
00100e1300064783,
07f0089306078c63,
f40788930ef8d263,
0913606301f00313,
0008186300f70223,
0107202300100813,
01c6063329068e63,
03f0061300064683,
23066263f8068813,
20f65e630c100613,
7c07f79300679793,
0007202303f6f693,
00f5a02300d7e7b3,
01010113001e0513,
0047478300008067,
f80798e300000e13,
000720230005a023,
0101011300000513,
00c1059300008067,
f2078893f59ff06f,
0713626300f00313,
1208146300f70223,
0107202300100813,
01c6083321068a63,
0e00031300084883,
2067846300088813,
03f00e93f8088313,
00200313186ee863,
00672023011702a3,
001e0e131e668263,
000720231100006f,
0010051300f5a023,
0000806701010113,
00400313f1078893,
00f7022315136c63,
0016889312080463,
00100313011038b3,
12680063011686b3,
0f00031300574883,
0908a31312678463,
f0c7831300031663,
f808831312030063,
106eea6303f00e93,
00100313011702a3,
00072f0310680c63,
0100383300168813,
010686b300200313,
00674803106f0663,
0edee263f8080693,
0006460301c60633,
f806031303f00693,
00d8f8b30c66e863,
012797930077f793,
00d876b300c89893,
006696930117e7b3,
03f6761300d7e7b3,
00f5a02300c7e7b3,
00072023001e0513,
00168893ebdff06f,
00100313011038b3,
ec680ce3011686b3,
005748030e000693,
f80806930cd78063,
06d8e66303f00893,
0006460301c60633,
f806089303f00693,
00f7f7930516ec63,
00c7979300d876b3,
00d7e7b300669693,
00c7e7b303f67613,
00f5a02300072023,
e51ff06f001e0513,
0107202300100813,
01c6083309068263,
001e0e1300084883,
ed9ff06f00100813,
ef1344e308f00313,
00f5202308a00793,
e19ff06ffff00513,
0107202300200813,
01c6083305068663,
03f0031300084803,
fdd36ae3f8080e93,
0107032300300313,
0266846300672023,
eddff06f001e0e13,
fb06dae309f00693,
03f00893f8080693,
010702a3fad8e4e3,
ffe00513f39ff06f,
09f00313dbdff06f,
f8dff06fdf134ce3,
1406006308058c63,
0007278314068863,
0207806300064803,
04d7846300100693,
000647830105a023,
0007851300f037b3,
f7f8079300008067,
0007986301f7b793,
0107b793f2080793,
00100793fc078ce3,
00f7202301070223,
0016480310f68063,
fc08069300200793,
0006986303f6b693,
07d6b693f8080693,
004746830e068463,
0086969300078513,
00d5a023010686b3,
0000806700072023,
00c10593ff010113,
0c0686630a060863,
0006480300072783,
0010069302078263,
0105a02304d78663,
00f037b300064783,
0101011300078513,
f7f8079300008067,
0007986301f7b793,
0107b793f2080793,
00100793fc078ae3,
00f7202301070223,
0016480306f68c63,
fc08069300200793,
0206906303f6b693,
07d6b693f8080693,
08a0079300069a63,
fff0079300f52023,
00474683fa1ff06f,
010686b300869693,
0007202300d5a023,
00000793f89ff06f,
0000806700078513,
f75ff06f00000793,
ed1ff06fffe00793,
00f5202308a00793,
ec1ff06ffff00793,
f55ff06fffe00793,
18060c630c058663,
000727831e068063,
0207846300064803,
0517886300100893,
1ad78a6300200693,
000647830105a023,
0007851300f037b3,
f728079300008067,
000798630027b793,
05e7b793f5f80793,
00100793fc078ce3,
00f7202301070223,
0016480318f68463,
f5f8089300200793,
17136e6305d00313,
08f0031300474883,
0020089312689463,
01172023010702a3,
00f6063314d7fc63,
0017879300064803,
05d00613f5f80693,
0057468314d66463,
0007851307f87813,
010686b300869693,
0007202300d5a023,
ff01011300008067,
0e06046300c10593,
0007278312068463,
0207866300064803,
05178a6300100893,
0ed7866300200693,
000647830105a023,
0007851300f037b3,
0000806701010113,
0027b793f7280793,
f5f8079300079863,
fc078ae305e7b793,
0107022300100793,
0cf6866300f72023,
0020079300164803,
05d00313f5f80893,
004748830d136063,
0668986308f00313,
010702a300200893,
08d7fe6301172023,
0006480300f60633,
f5f8069300178793,
08d6666305d00613,
07f8781300574683,
010686b300869693,
0007202300d5a023,
00000793f6dff06f,
0000806700078513,
010888b300889893,
000720230115a023,
00000793e7dff06f,
00889893f45ff06f,
0115a023010888b3,
f31ff06f00072023,
ec5ff06f00088793,
f91ff06f00088793,
e49ff06fffe00793,
00f5202308a00793,
e39ff06ffff00793,
f01ff06fffe00793,
00f5202308a00793,
ef1ff06ffff00793,
06058e63fe010113,
1c06886308060063,
00912c2300812e23,
01212a2301312823,
000ec30300060e93,
0006099300074483,
0001a39700100893,
0001a297b7038393,
02f00413b2028293,
a3cf0f130001af17,
0001ae1700500f93,
08030e63af0e0e13,
0ff7f793fe530793,
0027979302f46863,
0007a78301e787b3,
0007806701e787b3,
f80614e300c10593,
0010051300072023,
0000806702010113,
05d00793fdf30913,
007909130127b933,
009787b300349793,
0128083300f28833,
00f387b300084803,
0007c483012787b3,
002818130d0fe663,
0008278301c80833,
0007806701c787b3,
001e8e9300670223,
000ec3030ed8f063,
f60316e300188893,
fadff06f00600913,
fe1ff06f01198633,
00f7202300100793,
000ec70300474783,
0087979300088513,
01c1240300e787b3,
0141290301812483,
00f5a02301012983,
0000806702010113,
0006478300072023,
fd9ff06f00088513,
0007202301c12403,
018124830005a023,
0101298301412903,
0201011300000513,
0020091300008067,
00300913f31ff06f,
00400913f29ff06f,
00500913f21ff06f,
01c12403f19ff06f,
00f5202308a00793,
0141290301812483,
fff0051301012983,
0000806702010113,
eedff06f00100913,
ee5ff06f00000913,
01c1240300972023,
0141290301812483,
ffe0051301012983,
04452783f59ff06f,
00112e23fe010113,
0005869300050713,
0026961302078863,
0007a50300c787b3,
0005270304050863,
0005282300e7a023,
01c1208300052623,
0000806702010113,
0210061300b12623,
00a1242300400593,
00812703770020ef,
0005079300c12683,
fa0518e304a72223,
fc9ff06f00000513,
00d597b300100593,
0007051300578613,
00d1262300261613,
734020ef00f12423,
00c12683fc050ce3,
00d5222300812783,
f89ff06f00f52423,
0045a70302058063,
0027171304452783,
0007a70300e787b3,
00b7a02300e5a023,
0105ae0300008067,
0006831300058e93,
0000089301458813,
0048081300082783,
0107971300188893,
0107d69301075713,
02c686b302c707b3,
0107d713006787b3,
0107d79301079793,
0106971300e686b3,
fef82e2300f707b3,
fbc8cee30106d313,
008ea78302030063,
002e171302fe5063,
00672a2300ee8733,
00fea823001e0793,
00008067000e8513,
fe010113004ea583,
0015859300812c23,
01c1222300612423,
00112e2301d12023,
e89ff0ef00050413,
00412e0300012e83,
0005071300812303,
010ea60308050063,
00c5051300ce8593,
0026161300260613,
01c1242300612623,
00e1202301d12223,
00412e83aa8f70ef,
00812e0304442783,
00c12303004ea683,
00269693002e1713,
0007a68300d787b3,
0181240301c12083,
01d7a02300dea023,
001e079300012e83,
00672a2300ee8733,
000e851300fea823,
0000806702010113,
dc86869300008697,
0ba0059300000613,
e885051300008517,
fe01011353c020ef,
0121282300812c23,
0141242301312623,
00112e2301512223,
0090079300912a23,
00060a1300068993,
00058a9300050913,
0ed7d26300070413,
e397879338e397b7,
02f6b6b300868693,
0010079300000593,
001797930016d693,
fed7cce300158593,
d71ff0ef00090513,
0a050a6300050593,
00f5282300100793,
0090079300852a23,
009a84130947d663,
014a8ab300040493,
00a006130004c683,
fd06869300090513,
e01ff0ef00148493,
ff5492e300050593,
ff84041301440433,
414984b3033a5663,
00044683009404b3,
0009051300a00613,
00140413fd068693,
00050593dcdff0ef,
01c12083fe9412e3,
0141248301812403,
00c1298301012903,
00412a8300812a03,
0201011300058513,
00aa841300008067,
fa5ff06f00078a13,
f45ff06f00000593,
c886869300008697,
0d30059300000613,
d485051300008517,
000507933fc020ef,
0000051300010737,
0107979300e7f663,
0100073701000513,
0085051300e7f663,
1000073700879793,
4000073700e7ee63,
0027971302e7fe63,
0035051304074463,
0047971300008067,
00450513400006b7,
0067979302d77063,
001797130207c463,
02000513fc074ee3,
0007871300008067,
01f75713fff74713,
0000806700e50533,
0000806700250513,
0077f71300052783,
0017f69302070663,
00069c6300000713,
0a070e630027f713,
00f520230017d793,
0007051300100713,
0107971300008067,
0407146301075713,
0ff7f6930107d793,
0006966301000713,
0087d79301800713,
0606826300f7f693,
040680630037f693,
000696630017f693,
0017d79300170713,
0007051300f52023,
0ff7f71300008067,
00f7f71304070263,
0040071306071663,
0037f6930047d793,
0027d693fc0694e3,
040600630016f613,
0027071300068793,
fc1ff06f00f52023,
0047d79300470713,
00800713fd5ff06f,
f85ff06f0087d793,
002007130027d793,
0007051300f52023,
0037d79300008067,
0200071300079e63,
0037d793f35ff06f,
00f5202300300713,
00370713f75ff06f,
f69ff06f00f52023,
fe01011304452783,
0005071300112e23,
0207886300058693,
060506630047a503,
01c1208300052703,
0010079300e7a223,
00d52a2300052623,
0201011300f52823,
00b1262300008067,
0040059302100613,
264020ef00a12423,
00c1268300812703,
04a7222300050793,
00008697fa0518e3,
00000613a5c68693,
0000851714500593,
1d0020efb1c50513,
01c0061300070513,
00d1242300100593,
fc0508e3220020ef,
01c1208300812683,
00f5242300200793,
0010079300100713,
0005262300e52223,
00f5282300d52a23,
0000806702010113,
01212823fe010113,
0105a90301312623,
00912a2301062983,
00112e2301412423,
00058a1300812c23,
01394c6300060493,
0005849300098713,
00060a1300090993,
0084a78300070913,
012984330044a583,
00f585b30087a7b3,
1c050a639cdff0ef,
0024181301450893,
0008879301088833,
0007a0230108f863,
ff07ece300478793,
00291313014a0593,
1665f26300658333,
01448e9300299693,
01548e1300de86b3,
4096863301c6be33,
feb60613001e4e13,
010fdf930180006f,
004585930a0f9663,
1265f66300488893,
010f93930005af83,
fe0380e30103d393,
000e8f9300088293,
000fa78300000493,
004282930002af03,
0107571301079713,
0107d79302770733,
01095913010f1913,
004f8f93010f5f13,
01270733027787b3,
01e787b300970733,
01e787b301075f13,
0107571301071713,
00ef673301079f13,
0107d493fee2ae23,
00000793fadfe2e3,
ffc67793000e0463,
0097a22300f887b3,
010fdf930005af83,
0008a783f40f8ee3,
000e8f1300088293,
0000039300078493,
0104d993000f5703,
03f7073301079793,
004f0f130107d793,
004282930042a483,
0109591301049913,
0137073300770733,
00f3e7b301071393,
ffef5783fef2ae23,
03f787b301075713,
00e787b3012787b3,
fadf66e30107d393,
000e046300000713,
00e88733ffc67713,
0045859300f72223,
ec65eee300488893,
0180006f00804863,
00040863fff40413,
ffc80813ffc82783,
01c12083fe0788e3,
0181240300852823,
0101290301412483,
00812a0300c12983,
0000806702010113,
7c86869300007697,
1620059300000613,
8885051300008517,
fe01011373d010ef,
0121282300812c23,
00112e2301312623,
0006041300367793,
0005891300050993,
402454130c079a63,
00912a230a040863,
0e0484630409a483,
4014541300147793,
0004a50300079e63,
0005049304050a63,
4014541300147793,
00048613fe0786e3,
0009851300090593,
02090063d49ff0ef,
0449a78300492703,
00e787b300271713,
00e920230007a703,
020408630127a023,
0004a50300050913,
00048613fa051ae3,
0009851300048593,
00a4a023d09ff0ef,
0005049300052023,
01c12083f99ff06f,
0141248301812403,
00c1298301012903,
0000806702010113,
0181240301c12083,
0009051300c12983,
0201011301012903,
fff7879300008067,
0e47071300019717,
00f707b300279793,
000006930007a603,
00050913f94ff0ef,
00100593f0dff06f,
eb0ff0ef00098513,
0205006300050493,
0010079327100713,
00f5282300e52a23,
0005202304a9a023,
00007697ef1ff06f,
0000061365c68693,
0000751714500593,
5d1010ef71c50513,
03212023fd010113,
0085a7830105a903,
40565a1301412c23,
02812423012a0933,
01312e2302912223,
0019041302112623,
0005099300058493,
0087d8630045a583,
0015859300179793,
00098513fe87cce3,
e18ff0ef00c12623,
1005086300c12603,
0340546301450593,
00271713005a0713,
0005879300e50733,
fe07ae2300478793,
002a1a13fee79ce3,
0104a803014585b3,
01f6761301448793,
0107883300281813,
020003130a060063,
0005889340c30333,
0007a70300000693,
0047879300488893,
00d7673300c71733,
ffc7a683fee8ae23,
ff07e0e30066d6b3,
0000071301548793,
4098083300f86863,
ffc87713feb80813,
00d5a22300e585b3,
0009041300069463,
0449a7830044a703,
0027171302c12083,
0007a70300e787b3,
0281240300852823,
0097a02300e4a023,
0241248302012903,
01812a0301c12983,
0000806703010113,
004787930007a703,
fee5ae2300458593,
0007a703fb07f6e3,
0045859300478793,
fd07eee3fee5ae23,
00007697f95ff06f,
000006134d468693,
000075171de00593,
449010ef59450513,
0105a78301052703,
40f7053300050613,
0027979304f71263,
0145859301460613,
00f607b300f585b3,
02f674630080006f,
ffc5a703ffc7a683,
ffc58593ffc78793,
00100513fee686e3,
fff0051300e6f663,
0000806700008067,
010627830105a703,
00112e23fe010113,
40f708b300058f13,
0027969304f71063,
0146071301458593,
00d7073300d587b3,
18f5fc630080006f,
ffc72683ffc7a803,
ffc70713ffc78793,
1ad87263fed806e3,
0180006f00100893,
00060793fe08cce3,
0005861300000893,
0046258300078f13,
0111242301e12623,
c10ff0ef00c12223,
0081288300412603,
1805086300c12f03,
010f2f8301062803,
0028171301460293,
014f0613002f9f93,
0115262301450393,
01f60fb300e28333,
00038e1300028e93,
000ea70300000893,
004e0e1300062683,
0106959301071793,
0105d5930107d793,
011787b340b787b3,
010757130106d693,
4107d69340d70733,
0107979300d70733,
010716930107d793,
0046061300d7e7b3,
004e8e93fefe2e23,
fbf664e341075893,
00000713015f0693,
41ef8fb300dfe863,
ffcff713febf8f93,
004e8e9300e28eb3,
40538e3300770733,
00470f13000e8613,
00062683046efc63,
0046061301c605b3,
0107571301069713,
011687b301170733,
0106d69341075713,
0107979300d70733,
010716930107d793,
00f5a02300d7e7b3,
fc6660e341075893,
41d70733fff30713,
01e70733ffc77713,
ffc7278300079a63,
fff80813ffc70713,
01c12083fe078ae3,
0201011301052823,
0000059300008067,
02050663abcff0ef,
0010079301c12083,
00f5282300052a23,
0000806702010113,
000f061300060793,
e71ff06f00078f13,
2606869300007697,
2370059300000613,
3205051300007517,
000076971d5010ef,
0000061324468693,
0000751724500593,
1b9010ef30450513,
00b7f5b37ff007b7,
00f585b3fcc007b7,
00b0566300000793,
0000806700078513,
4145d59340b005b3,
00b7cc6301300793,
40b7d5b3000807b7,
0007851300000793,
fec5859300008067,
0010079301e00713,
800007b700b74663,
0000059300b7d7b3,
0000806700078513,
02812423fd010113,
0291222301052403,
0024141301450493,
0321202300848433,
01312e23ffc42903,
0009051300b12623,
d20ff0ef02112623,
0200071300c12583,
00f5a02340a707b3,
ffc4099300a00793,
ff55061308a7da63,
ff8427830534f063,
40c706b304060c63,
00c9193300d7d733,
00c797b300e96933,
ff8406133ff00737,
02c4fe6300e96733,
00d656b3ff442603,
02c0006f00d7e7b3,
00f50c6300b00793,
3ff0073700c91933,
0000079300e96733,
000007930100006f,
00e967333ff00737,
0281240302c12083,
0201290302412483,
0007851301c12983,
0301011300070593,
00b0069300008067,
3ff007b740a686b3,
00f7673300d95733,
0134f66300000793,
00d7d7b3ff842783,
00a9193301550513,
fadff06f00f967b3,
03212823fc010113,
0010059300058913,
0341242303312623,
02112e2300c12623,
02912a2302812c23,
0007099300068a13,
00c126038a4ff0ef,
014654130e050a63,
fff7079300100737,
000504937ff47413,
0004046300c7f633,
00c12e2300e66633,
01c1051306091063,
01c12683c60ff0ef,
0124a82300100913,
0205071300d4aa23,
bcd4041308040463,
0350079300e40433,
40e78533008a2023,
0381240303c12083,
0301290300a9a023,
02812a0302c12983,
0341248300048513,
0000806704010113,
01212c2301810513,
01c12683c00ff0ef,
0005071301812603,
0200079300050c63,
00f697b340a787b3,
00a6d6b300f66633,
0019091300d03933,
00d4ac2300c4aa23,
f80410e30124a823,
00d486b300291693,
bce707130106a503,
b20ff0ef00ea2023,
40a7853300591793,
00007697f71ff06f,
00000613f7c68693,
0000751730f00593,
6f0010ef03c50513,
03212023fd010113,
0081059300058913,
0281242302112623,
01312e2302912223,
d7dff0ef00050993,
0005841300050493,
00c1059300090513,
0109a783d69ff0ef,
0081270301092603,
40c787b300c12683,
40d7073300579793,
02f05e6300e787b3,
0087843301479793,
0005869300050613,
0004059300048513,
02c12083590040ef,
0241248302812403,
01c1298302012903,
0000806703010113,
40f585b301479793,
ff010113fc9ff06f,
0011262301212023,
0005091301700793,
0001971706a7d263,
0001969778c70713,
0081242378c68693,
0007278300912223,
0006a40300472583,
000785130046a483,
0004869300040613,
fff909130c8050ef,
fe0914e300050793,
00c1208300812403,
0001290300412483,
0101011300078513,
0035191300008067,
8d07071300019717,
0007278301270733,
0047258300c12083,
0007851300012903,
0000806701010113,
fff5859301062683,
001585934055d593,
0146079300269693,
00d786b300259593,
02d7f86300b505b3,
0007a80300050713,
0047071300478793,
fed7e8e3ff072e23,
feb6869340c686b3,
00450513ffc6f693,
00b5786300a68533,
fe052e2300450513,
00008067feb56ce3,
4055d61301052703,
02c7526301450693,
00e687b300271713,
ffc7a70304f6f263,
fe070ae3ffc78793,
0000806700100513,
00f687b300261793,
01f5f593fee650e3,
0007a603fc058ce3,
00b6573300100513,
fce602e300b71733,
0000051300008067,
1e05866300008067,
00812c23fe010113,
0005841300912a23,
0005049300112e23,
a3cf70ef00c12023,
0160071300012583,
12f7766300b58793,
00078693ff87f793,
1eb7e26301f7d713,
ffc426031e071063,
ffc67713ff840813,
0001989712d75663,
00e80333f1c8a883,
1e68806300432503,
011308b3ffe57893,
0018f8930048a883,
ffc5751314089a63,
0ed8d26300a708b3,
0206146300167613,
41c80e33ff842e03,
ffc67613004e2603,
00e508b300c50533,
00c708b332d8d663,
0004851328d8de63,
0101222300e12423,
915f60ef00f12023,
0041280300012783,
0005069300812703,
ffc4260344050c63,
ffe67613ff850593,
22b6066300c80633,
02400793ffc70613,
013007132cc7e463,
0005079322c76463,
0007260300040713,
0047260300c7a023,
0087270300c7a223,
0004059300e7a423,
00d1202300048513,
00048513dc0f60ef,
00012683928f70ef,
0181240301c12083,
0006851301412483,
0000806702010113,
0006879301000693,
ed9ff06f00000713,
0083260300c32683,
00d6262300088713,
0048268300c6a423,
00f0059340f70533,
00e806330016f693,
00d766b306a5e063,
0046278300d82223,
00f622230017e793,
8b4f70ef00048513,
01c1208300040693,
0141248301812403,
0201011300068513,
0016761300008067,
ff842e03ee0612e3,
004e260341c80e33,
ec9ff06fffc67613,
fecf606f00060593,
00d8222300d7e6b3,
0015651300f805b3,
0046278300a5a223,
0004851300858593,
00f622230017e793,
f8dff06fcd8f60ef,
00f4a02300c00793,
01c1208300000693,
0141248301812403,
0201011300068513,
ffc5751300008067,
0107831300e508b3,
001676132468dc63,
ff842e03e4061ee3,
004e260341c80e33,
00c50533ffc67613,
e268cce300e508b3,
008e258300ce2683,
02400713ffc70613,
00b6a42300d5a623,
2ec76663008e0693,
0006871301300593,
0004258302c5f263,
00be242301b00713,
00be262300442583,
0084041330c76a63,
00042603010e0713,
0044260300c72023,
0084260300c72223,
00fe063300c72423,
0001959740f88733,
00176713c8c5a623,
004e270300e62223,
00d1202300048513,
00f767b300177713,
f55f60ef00fe2223,
ea1ff06f00012683,
ffc6f693ffc52683,
e59ff06f00d70733,
01b0071300042583,
0044258300b52023,
10c76e6300b52223,
0085079300840713,
00ce2683dc5ff06f,
ffc70613008e2583,
00d5a62302400513,
008e069300b6a423,
0130059310c56863,
02c5f26300068713,
01b0071300042583,
0044258300be2423,
18c7626300be2623,
010e071300840413,
00c7202300042603,
00c7222300442603,
00c7242300842603,
0008871300068413,
dc1ff06f000e0813,
00a1202300040593,
00012683850fc0ef,
00c32683d55ff06f,
ffc7061300832583,
00d5a62302400513,
00ce270300b6a423,
008e0813008e2683,
00d7242300e6a623,
013006930ec56063,
02c6f26300080713,
01b0071300042683,
0044268300de2423,
12c76c6300de2623,
010e071300840413,
00d7202300042683,
00d7222300442683,
00d7242300842683,
0008871300080413,
d29ff06f000e0813,
00e5242300842703,
00e5262300c42703,
010407130cf60c63,
c99ff06f01050793,
0004059300068513,
00f1242301c12623,
00d1202301112223,
00c12e03f89fb0ef,
0041288300812783,
f0dff06f00012683,
40f8873300f80833,
ad06a02300019697,
00e8222300176713,
00048513ffc42703,
00f767b300177713,
d8df60effef42e23,
cd9ff06f00040693,
0004059300080513,
00f1242301c12623,
0101202301112223,
00012803f21fb0ef,
0081278300412883,
f3dff06f00c12e03,
00ee282300842703,
00ee2a2300c42703,
0104041308a60863,
e6dff06f018e0713,
d2df60ef00048513,
cf1ff06f00000693,
0184071301042603,
00c5282301850793,
00c52a2301442603,
00842683bb5ff06f,
00de282302400713,
00de2a2300c42683,
0104041308e60063,
eb5ff06f018e0713,
0004059300068513,
00f1242301c12623,
00d1202301112223,
00c12e03e81fb0ef,
0041288300812783,
d31ff06f00012683,
020e071301042603,
00ce2c2301840413,
00ce2e23ffc42603,
00842583dd1ff06f,
00be282302400713,
00be2a2300c42583,
0104041302e60663,
cd9ff06f018e0713,
020e071301042683,
00de2c2301840413,
00de2e23ffc42683,
01042603e29ff06f,
01840413020e0713,
ffc4260300ce2c23,
ca1ff06f00ce2e23,
00812623ff010113,
0005041300058793,
2695051300018517,
0007c88300078813,
0115073300178793,
0087771300074703,
02d00713fe0714e3,
12e88063fef6ff93,
02e88c6302b00713,
03000713040f9063,
1a0680631ae88e63,
0100069308000337,
00068293fff30313,
800003b700f00f93,
00000e13fff38393,
0007c88302c0006f,
120f8a6300280793,
fff3031380000337,
0003039302d37fb3,
00000e1300068293,
0000081302d35333,
00900e9300000513,
fd08871301900f13,
fbf8871300eef863,
fc98871302ef6c63,
0018081304d75063,
00a36e6302080063,
fff0081304651c63,
0017879304efd863,
fc9ff06ffff7c883,
ff1ff06ffff00813,
00ef6663f9f88713,
fcd744e3fa988713,
02e80a63fff00713,
40a00533000e0463,
08081a6300060663,
00c1240300b62023,
0000806701010113,
00100813025508b3,
fa9ff06f01170533,
00e4202302200713,
fc060ce300038513,
00038513fff78593,
0007c883fc9ff06f,
020f986300280793,
0ce88a6303000713,
00a006930e069e63,
ccc303130cccd337,
00800f9300068293,
800003b700100e13,
80000337f15ff06f,
0003039302d37fb3,
00100e1300068293,
ef9ff06f02d35333,
f9dff06f00050393,
e8e89ce303000713,
0580051300284703,
06a712630df77713,
0100069300384883,
0048079300068293,
fff3031380000337,
0253533302537fb3,
00a00693e7dff06f,
ccc303130cccd337,
00700f9300068293,
0007c703e65ff06f,
0df7771305800513,
0100069300a71c63,
000682930017c883,
fb5ff06f00380793,
0080069306069463,
fa5ff06f00068293,
0580051300284703,
02a70c630df77713,
0100069304068a63,
800003b700068293,
00100e130253d333,
01000693e3dff06f,
0800033700068293,
800003b700100e13,
01000693e25ff06f,
0006829300384883,
fc9ff06f00480793,
0006829301000693,
00800693f41ff06f,
fb1ff06f00068293,
000708630256b713,
00078463fff68793,
ff010113d41ff06f,
3d9000ef00112623,
0160079300c12083,
0000051300f52023,
0000806701010113,
0207826302563793,
00078e63fff60793,
a841a50300050713,
0005861300060693,
cf5ff06f00070593,
00112623ff010113,
00c1208338d000ef,
00f5202301600793,
0101011300000513,
0256379300008067,
fff6079302078263,
0005071300078e63,
00060693a841a503,
0007059300058613,
ff010113ca9ff06f,
341000ef00112623,
0160079300c12083,
0000051300f52023,
0000806701010113,
000780679681a783,
0ff0079302058463,
00c5802300c7e863,
0000806700100513,
00f5202308a00793,
00008067fff00513,
0000806700000513,
07f007930a058263,
f806079306c7f863,
06f7786377f00713,
7ff787930000f7b7,
08e7f46380060713,
00f607b3ffff07b7,
0ae7f46300100737,
0066579300c65713,
03f7771301265693,
03f6761303f7f793,
f807e793f8076713,
f8066613ff06e693,
00f5812300e580a3,
00c581a300d58023,
0000806700400513,
0010051300c58023,
0066579300008067,
fc07e79303f67613,
00f58023f8066613,
0020051300c580a3,
0000051300008067,
0066579300008067,
03f7f79300c65713,
f807e79303f67613,
f8066613fe076713,
00e5802300f580a3,
0030051300c58123,
08a0079300008067,
fff0051300f52023,
0605866300008067,
0ff7f79300865793,
07f7871304078a63,
01f737130ff77713,
0207871300071a63,
010737130ff77713,
fc06071304070463,
03f737130ff77713,
f806071300071a63,
07d737130ff77713,
00f5802302070463,
0020051300c580a3,
00c5802300008067,
0000806700100513,
0000806700000513,
00f5202308a00793,
00008067fff00513,
0086579306058c63,
060780630ff7f793,
0ff7771307278713,
0027371305f78693,
000716630ff6f693,
0607026305e6b713,
0ff7771305f60713,
04e8726305d00813,
f806661304d86863,
0ff7771305f60713,
f8f0071304e86063,
00c5812300f580a3,
0030051300e58023,
00c5802300008067,
0000806700100513,
0000806700000513,
00c580a300f58023,
0000806700200513,
00f5202308a00793,
00008067fff00513,
008657930a058263,
060780630ff7f793,
0ff77713fdf78713,
08e8686305d00813,
0ff77713fdf60713,
0006a70308e86263,
0207166300200513,
00e6a02300100713,
0240069301b00513,
00a5802304200713,
00e5812300d580a3,
0035859300500513,
00c580a300f58023,
0006a78300008067,
0207846300100513,
028007130006a023,
0420079301b00693,
00e580a300d58023,
0040051300f58123,
00c5802300358593,
0010051300008067,
08a0079300008067,
fff0051300f52023,
fd01011300008067,
0211262302812423,
02068a6300050413,
9681a78300d12623,
0004051302058c63,
fff00793000780e7,
04f5006300c12683,
0281240302c12083,
0000806703010113,
00d1262310450693,
fc0598e39681a783,
0141059300000613,
000780e700040513,
00c12683fff00793,
0006a023fcf514e3,
02c1208308a00793,
0281240300f42023,
0000806703010113,
02812423fd010113,
02112623a841a403,
0006046310440693,
9681a78300060693,
0005861302050a63,
0004051300050593,
000780e700d12623,
00c12683fff00793,
02c1208302f50a63,
0301011302812403,
0000061300008067,
0004051301410593,
000780e700d12623,
00c12683fff00793,
0006a023fcf51ae3,
02c1208308a00793,
0281240300f42023,
0000806703010113,
0006871300070793,
1d50006ffff00693,
a841a50300050893,
0006879300060713,
fff0069300058613,
1b50006f00088593,
aa87879300018797,
000080670ef52623,
0027f71300c59783,
0435879300070e63,
00f5a02300100713,
00e5aa2300f5a823,
0005871300008067,
f801011300e59583,
06112e2306812c23,
0805ce6300050413,
00e1242301810613,
008127035d4000ef,
4000059308054263,
06912a2300040513,
01c1248300e12423,
00812703b69f50ef,
0c05026300c71783,
0807e79340000693,
40c4d69300d72a23,
00a7202300f71623,
00f6f69300a72823,
0cc6966300200613,
0004051300e71583,
5c8000ef00e12423,
00c7178300812703,
ffc7f7930a050863,
07412483000016b7,
800686930017e793,
00c717830500006f,
0017b7930807f793,
3c07f59340f007b3,
0004051304058593,
00b1242300e12623,
00c12703ad9f50ef,
00c7178300812583,
0807e79302050a63,
00a7282300a72023,
0000069300b72a23,
00f7162300d7e7b3,
0781240307c12083,
0000806708010113,
2007f69307412483,
ffc7f793fe0694e3,
0027e79304370693,
00f7162300100613,
00d7282300d72023,
fc5ff06f00c72a23,
07412483000016b7,
fadff06f80068693,
00e5958300058793,
0805ca6300060713,
00c12423f8010113,
00d1262301810613,
06112e2300f12223,
0041278347c000ef,
00c1268300812703,
01c1278302054e63,
ffffe6370000f5b7,
00c787b300b7f7b3,
0017b79307c12083,
4000061300f6a023,
00c7202300001537,
0801011380050513,
00c7d78300008067,
040782630807f793,
0000079307c12083,
0400061300f6a023,
0000051300c72023,
0000806708010113,
0807f79300c7d783,
4000061302079a63,
0000051300f6a023,
0000806700c72023,
00f6a02307c12083,
00c7202340000613,
0801011300000513,
0000079300008067,
00f6a02304000613,
00c7202300000513,
0005069300008067,
8298081300018817,
0140006f00100613,
0405046304a79863,
0015859300168693,
00f807330006c783,
0037771300074703,
0207879300c71463,
00a807330005c503,
40a788b300074703,
fcc712e300377713,
40e7853302050713,
00008067fce780e3,
0000806700088513,
00812423ff010113,
0035779300112623,
0607966300050413,
feff063700052703,
00c707b3eff60613,
fff74713808086b7,
0806869300e7f7b3,
0407926300d7f7b3,
0045051300452703,
fff7471300c707b3,
00d7f7b300e7f7b3,
0045270302079463,
00c707b300450513,
00e7f7b3fff74713,
fc0786e300d7f7b3,
001505130080006f,
fe079ce300054783,
00c12083bd8fb0ef,
0081240300040513,
0000806701010113,
003577930ff5f693,
00078e630c068063,
0a07866300054783,
001505130ad78663,
fe0796e300357793,
008598930ff5f593,
00b888b300052703,
00f888b301089793,
00e8c7b3feff0837,
010785b3eff80813,
010707b3fff7c613,
00c5f633fff74713,
8080833700e7f7b3,
0803031300c7e7b3,
040792630067f7b3,
0045051300452703,
fff7c593011747b3,
010707b301078633,
00c5f633fff74713,
00c7e7b300e7f7b3,
fc078ae30067f7b3,
00078a6300054783,
0015051308f68663,
fe079ae300054783,
0000806700000513,
0005478300078c63,
00150513fe078ae3,
fe0798e300357793,
feff063700052703,
00c707b3eff60613,
fff74713808086b7,
0806869300e7f7b3,
0207906300d7f7b3,
0045051300452703,
fff7471300c707b3,
00d7f7b300e7f7b3,
00054783fe0784e3,
00154783f8078ee3,
fe079ce300150513,
0000806700008067,
00061e6300058793,
0007c7030240006f,
0015051300178793,
00070e63fee50fa3,
fe0614e3fff60613,
0007c70300050023,
fe071ce300178793,
fff5051340b78533,
0005071300008067,
00c5063304060c63,
5918889300017897,
0007478300100813,
00f886b300170713,
0036f6930006c683,
0207879301069463,
001585930005c503,
0006c68300a886b3,
0036f69340a78333,
00a79a6303068063,
fcc710e300050a63,
0000806700000513,
0000806700030513,
40d7853302050693,
00008067fed782e3,
00b567b308060a63,
04079a630037f793,
808088b7feff0337,
eff3031300300e13,
02ce606308088893,
ffc606130380006f,
0607906306060263,
0045859300450513,
0005270302ce7063,
006707b30005a683,
0107f7b3fff74813,
fcd708e30117f7b3,
0005c70300054783,
00c50633fff60613,
0280006f00e78e63,
00078c6300150513,
0005c70300054783,
0015859300e79a63,
00000513fec514e3,
40e7853300008067,
0005879300008067,
00812423ff010113,
0005041300060593,
0011262300078513,
98cf20efaa01a223,
00f50a63fff00793,
0081240300c12083,
0000806701010113,
fe0786e3aa41a783,
00f4202300c12083,
0101011300812403,
ff01011300008067,
0005041300812423,
aa01a22300058513,
99cf20ef00112623,
00f50a63fff00793,
0081240300c12083,
0000806701010113,
fe0786e3aa41a783,
00f4202300c12083,
0101011300812403,
a841a50300008067,
a841a78300008067,
00060813ff010113,
0005089300112623,
00c7a50300058713,
0000679700068613,
00080c639e078793,
0000659700088693,
30c000ef9e058593,
00005797631010ef,
0007881358078793,
ff010113fe1ff06f,
0000061300060693,
fa1ff0ef00112623,
fe01011302c5b7b3,
02c585b300112e23,
c8cf50ef0a079063,
0a05006300050793,
02400693ffc52603,
ffc60613ffc67613,
0130059304c6e663,
02c5f26300050713,
0005222300052023,
04c7786301b00713,
0005262300052423,
06d60a6301050713,
0007222300072023,
01c1208300072423,
0201011300078513,
0000059300008067,
b39f40ef00a12623,
01c1208300c12783,
0201011300078513,
0085071300008067,
0007222300072023,
fc1ff06f00072423,
00c00793ee5ff0ef,
01c1208300f52023,
0007851300000793,
0000806702010113,
00052a2300052823,
f85ff06f01850713,
abdf406fab418513,
acdf406fab418513,
05212823fa010113,
0541242305312623,
03712e2305612023,
04112e2303b12623,
04912a2304812c23,
03812c2305512223,
03a1282303912a23,
00068b9300a12623,
0005899300070d93,
00080a1300060b13,
0007846310c50913,
0e098c6300078913,
000b248300000c13,
fff00a9300098413,
040b866305bc7863,
0004a6030e0a2783,
0009069300c12503,
00092d0301410593,
000780e700492c83,
018507b30d550263,
fffb8b930cfdea63,
0004a70304099c63,
0807066300448493,
fbbc6ce300078c13,
0581240305c12083,
0501290305412483,
04812a0304c12983,
04012b0304412a83,
03412c8303c12b83,
02c12d8303012d03,
03812c03000c0513,
0000806706010113,
00a4053302a05463,
0141059300040613,
001606130005c883,
ff160fa300158593,
00060413fea618e3,
00448493000b2703,
00eb202300470713,
f6071ee3ffc4a703,
000b202300098463,
fff78c1300092023,
fff00d93f71ff06f,
00c12703f09ff06f,
000a8c1308a00793,
0009202300f72023,
01a92023f51ff06f,
f45ff06f01992223,
00018817a841a503,
e75ff06fcac80813,
a841a50300050e13,
0001881700070793,
00068713c9480813,
0005861300060693,
e4dff06f000e0593,
02c10313fc010113,
0003069302d12623,
02e1282300112e23,
03012c2302f12a23,
0061262303112e23,
01c12083060000ef,
0000806704010113,
00050e93fc010113,
02810313a841a503,
02c1242300058e13,
000e859302d12623,
00030693000e0613,
02e1282300112e23,
03012c2302f12a23,
0061262303112e23,
01c12083010000ef,
0000806704010113,
15212023eb010113,
1391222313612823,
00058b1300050913,
0501051300060c93,
0000059300800613,
1411262313712623,
859f40ef00068b93,
0349270300090863,
56c0106f00071463,
00cb1703064b2683,
440608630016f613,
0006546301271613,
ffffe6370740106f,
000025b7fff60613,
00b7673300c6f6b3,
00eb162306db2223,
0007546301269713,
00cb17030f50106f,
24068e6300877693,
24068a63010b2683,
00a0061301a77693,
1381242326c68663,
1481242306c10c13,
13412c2313312e23,
13a1202313512a23,
1491222311b12e23,
0601222306012423,
000c041307812023,
0201242300012a23,
0001262302012623,
b009899300018997,
00017d1702500a93,
01000a13040d0d13,
000d8c93000c8d93,
a19fa0ef0e49a483,
0501071300050693,
04810593000c8613,
000480e700090513,
2405466326050663,
0157866304812783,
fcdff06f00ac8cb3,
41bc87b300050493,
001cc70325bc9c63,
040101a3001c8d93,
00000313fff00693,
00000c9305a00493,
fe070793001d8d93,
0027979304f4e663,
0007a78301a787b3,
0007806701a787b3,
00000c93fd070793,
002c971300900613,
019708b3001d8d93,
00189893fffdc703,
fd07079301178cb3,
fe070793fef672e3,
000c8893faf4fee3,
00100f1320070e63,
040101a30ae10623,
00012823000f0e93,
0ac10e1300000693,
0641260306812583,
0005871308437293,
06029c6300060793,
5b9048e341d88cb3,
0606086304314603,
00000f9300000293,
0017071304310613,
0010059300178793,
00b4222300c42023,
06f1222306e12423,
0084041300700613,
020f886328f64c63,
00c4202304410613,
0020061300270713,
00c4222300178793,
06f1222306e12423,
0084041300700613,
0800061348f648e3,
41e68cb320c280e3,
00ef0733339048e3,
01c4202300178793,
06e1242301e42223,
0070069306f12223,
42f6c2e300840413,
0003066300437313,
2990446341d88cb3,
000e889301d8d463,
011787b300c12783,
14071a6300f12623,
0601222301012783,
0101258300078863,
ba5f40ef00090513,
e21ff06f000c0413,
00090513000b0593,
0005046380df90ef,
00cb17036980106f,
01a7769300a00613,
00eb1683d8c69ee3,
064b2683d806cae3,
000698630016f693,
0007146320077713,
000b86934300106f,
000b0593000c8613,
6b0010ef00090513,
00a1262314c12083,
1401290300c12503,
12c12b8313012b03,
1501011312412c83,
000dc70300008067,
000dc703e01ff06f,
df5ff06f02036313,
0000059300800613,
d00f40ef05010513,
00ac8cb300100513,
00050493d79ff06f,
05bc806341bc87b3,
0641270306812683,
00f686b301b42023,
00f4222300170713,
06e1222306d12423,
0084041300700693,
00c1270302e6c663,
00f1262300f707b3,
06812783d6049ae3,
4e40106f00078463,
0601222300cb1783,
060106130540006f,
00090513000b0593,
c7df80ef00f12823,
0101278302051c63,
fb9ff06f000c0413,
000b059306010613,
c5df80ef00090513,
01012783ea0500e3,
0101258300078863,
a45f40ef00090513,
064b270300cb1783,
1c07066300177713,
000784630407f793,
148124034b40106f,
13c1298314412483,
13412a8313812a03,
12012d0312812c03,
14c1208311c12d83,
1401290300c12503,
12c12b8313012b03,
1501011312412c83,
2007761300008067,
0127161332060a63,
01269613ba065ae3,
00cb5783bc065ce3,
000784632007f793,
058b250346c0106f,
4600106fbb8f40ef,
000b059306010613,
03e12e2300090513,
02612a2302d12c23,
0251222303c12823,
01d12e2303f12023,
b85f80ef01112c23,
06812703f20516e3,
03c12f0306412783,
0341230303812683,
0241228303012e03,
01c12e8302012f83,
000c041301812883,
01000693d0dff06f,
0001749706412783,
0996d463d7448493,
0070031300040613,
0001741701112c23,
000e8493d5c40413,
ff0c8c9300c0006f,
010707130596da63,
0086202300178793,
06e1242300d62223,
0086061306f12223,
06010613fcf35ee3,
00090513000b0593,
e80518e3ae9f80ef,
ff0c8c9301000693,
0641278306812703,
00700313000c0613,
01812883fb96cae3,
0004049300048e93,
0197073300060413,
06e1242300178793,
0094202306f12223,
0070069301942223,
06010613ccf6d4e3,
00090513000b0593,
01112c2301d12e23,
e20514e3a81f80ef,
01c12e8306812703,
c9dff06f01812883,
e2071ae32007f713,
a5cf40ef058b2503,
e25ff06f00cb1783,
000c889302037793,
010377931c079663,
004b8713000bac83,
0403779332079ce3,
7b10006f00079463,
410cdc93010c9c93,
00070b9341fcd493,
1a074a6300048713,
f7f373131c06c863,
009ce7b31c069463,
043147831c079063,
00000f1300012823,
11010e1300000693,
00100e9324078663,
0641278306812703,
0007059308437293,
b40282e300078613,
b55ff06f00000f93,
040101a3000ba783,
00f12823000c8893,
6e078ae3004b8b93,
46f708e305300793,
460794e301037793,
7f10006f0006d463,
0006861301012503,
0261202300000593,
01912e2300d12c23,
04314783d58f90ef,
01c1288301812683,
0005146302012303,
010127032300106f,
ffff4e9340e50f33,
01df7eb341fede93,
17c0106f00079463,
001e8e9300070e13,
0001282300000693,
04300793f51ff06f,
00f70663000c8893,
300786e301037793,
0000059300800613,
00612c2305810513,
908f40ef01112823,
0ac10493000ba603,
0004859305810693,
ca9fe0ef00090513,
01012883fff00793,
00050f1301812303,
13c0106f00f51463,
41fede93fff54e93,
004b8b9301d57eb3,
00048e13040101a3,
0000069300012823,
058b2503a11ff06f,
00cb1703890f40ef,
01271613064b2683,
871ff06f880648e3,
000c889302037793,
004b871301036313,
007b8793180780e3,
0047a703ff87f793,
00878b930007ac83,
e4075ae300070493,
409004b3019037b3,
02d0079340f484b3,
41900cb304f101a3,
f7f373130006c463,
009007930c049c63,
030c8c930d97e863,
00068e93119107a3,
0431478316d05ce3,
0001282306079ee3,
10f10e1300100f13,
000bac83971ff06f,
41900cb3020cdae3,
000dc703004b8b93,
8ddff06f00436313,
000dc70302b00793,
8cdff06f04f101a3,
000c889302037793,
004b871301036313,
040101a304079463,
00000493000bac83,
f806c0e300070b93,
f6069ae3f7f37313,
f60796e3009ce7b3,
00000f1300012823,
00000e9311010e13,
020377938f9ff06f,
02078ee3000c8893,
ff87f793007b8793,
0007ac83040101a3,
00878b930047a483,
f20488e3fa06dce3,
ccccdeb7ccccd737,
ccce8e93ccd70713,
0000059340037f13,
07c0006f11010613,
0007c78301412783,
f017879300b79663,
000c8f93420798e3,
000e061300048813,
019537b3009c8533,
02e537b300f50533,
ffc7f7930027d293,
40f50533005787b3,
00acb7b340ac8533,
03d503b340f487b3,
02e532b302e787b3,
02e50533007787b3,
01f79293005787b3,
001555130017d493,
6e0806e300a28cb3,
019537b3009c8533,
02e7b83300f507b3,
fff60e1300158593,
ffc8781300285f93,
410787b301f80833,
00fcb83340fc87b3,
02e7bfb341048833,
02e787b302e80833,
01f8181301f80833,
00f807b30017d793,
00f807b300279813,
40fc87b300179793,
fef60fa303078793,
000c8f93f20f10e3,
000e061300048813,
000087b7f35ff06f,
04f1122383078793,
000ba783040101a3,
004b8713000c8893,
7806ca6300000613,
00236313f7f37313,
720792e300070b93,
06812703720690e3,
00000e9306412783,
11010e1308437293,
002e8e9300000f13,
0007861300070593,
000128237c028863,
02037793fb0ff06f,
72079663000c8893,
000ba78301037613,
70061463004b8713,
32060ae304037613,
0107d79301079793,
00030e9300070b93,
08c0006f00000613,
004b871302037793,
010377936a079e63,
040377932c079ae3,
200373133a0794e3,
000ba7832c0302e3,
00070b9300c12683,
e00ff06f00d78023,
06c00793000dc703,
0103631378f70a63,
000dc703e50ff06f,
76f7086306800793,
e3cff06f04036313,
000c889302037793,
004b871301036e93,
007b871366078c63,
00072783ff877713,
00870b9300472603,
bffef313040101a3,
00c7e7333e06ca63,
3e071463b7fef313,
001efe933e069263,
03000793540e8063,
000e8f1310f107a3,
10f10e1300012823,
00090513e50ff06f,
0061282300d12c23,
00452783fa9f90ef,
02f1262300078513,
02a12423ed9f30ef,
f8df90ef00090513,
0281278300852703,
00e12a2301012303,
000dc70301812683,
01412783d8078863,
0007c783d8078463,
40036313d8078063,
000dc703d78ff06f,
d6cff06f08036313,
02a00793000dc703,
58f70ae3001d8613,
00900593fd070793,
02f5e46300000693,
0016061300269713,
fff6470300d706b3,
00f686b300169693,
fef5f2e3fd070793,
00060d936406c463,
000dc703d24ff06f,
d14ff06f00136313,
000dc70304314783,
02000793d0079463,
cfcff06f04f101a3,
e190506341d88cb3,
0001649701000293,
0b92d66362448493,
0070039302d12823,
01112c2300040693,
01d12e23000c8413,
03c12023000b8c93,
000f0b9302612223,
ff04041300c0006f,
010707130482da63,
0096a02300178793,
06e124230056a223,
0086869306f12223,
06010613fcf3dee3,
00090513000b0593,
f4051063b98f80ef,
ff04041301000293,
0641278306812703,
00700393000c0693,
000b8f13fa82cae3,
000c8b9301812883,
00040c9301c12e83,
0006841302012e03,
0301268302412303,
0017879301970733,
0194222300942023,
06f1222306e12423,
0084041300700613,
06010613d2f65263,
00090513000b0593,
02d1282303e12a23,
03c1202302612223,
01112c2301d12e23,
ea051863b08f80ef,
0641278306812703,
0301268303412f03,
02012e0302412303,
0181288301c12e83,
cd0ff06f000c0413,
4f84849300016497,
000406130b9a5063,
000c841300700693,
000b8c9301112c23,
03c1202301d12e23,
000f0b9302612223,
ff04041300c0006f,
01070713048a5863,
0096202300178793,
06e1242301462223,
0086061306f12223,
06010613fcf6dee3,
00090513000b0593,
e0051c63a70f80ef,
06812703ff040413,
000c061306412783,
fa8a4ce300700693,
01c12e8301812883,
0241230302012e03,
000c8b93000b8f13,
0006041300040c93,
0017879301970733,
0194222300942023,
06f1222306e12423,
0084041300700693,
06010613c0f6d663,
00090513000b0593,
0261222303e12823,
01d12e2303c12023,
9ecf80ef01112c23,
06812703d8051a63,
03012f0306412783,
02012e0302412303,
0181288301c12e83,
bc0ff06f000c0413,
000b059306010613,
0261202300090513,
01112c2301d12e23,
d40518639a8f80ef,
0201230306812703,
0181288301c12e83,
bacff06f000c0413,
000b059306010613,
03e12c2300090513,
0261282302d12a23,
0251202303c12223,
01112c2301d12e23,
d0051463960f80ef,
0641278306812703,
0341268303812f03,
02412e0303012303,
01c12e8302012283,
000c041301812883,
11010e13b1cff06f,
0077f71301d61593,
000e05130037d793,
0307071300f587b3,
00c7e5b300365613,
fffe0e13feee0fa3,
fd070713fc059ce3,
0013779300070663,
1101079316079a63,
00068e9341c78f33,
0001282315e6cc63,
00000f93a38ff06f,
0006079301000713,
2f84849300016497,
02d12a230b975a63,
0004069300700393,
000c841301112c23,
000b8c9301d12e23,
03c1222303f12023,
000f0b9302612823,
ff04041300c0006f,
0105859304875a63,
0096a02300178793,
06b1242300e6a223,
0086869306f12223,
06010613fcf3dee3,
00090513000b0593,
c0051063858f80ef,
ff04041301000713,
0641278306812583,
00700393000c0693,
000b8f13fa874ae3,
000c8b9301812883,
00040c9301c12e83,
0006841302012f83,
0301230302412e03,
00bc873303412683,
06e1242300178793,
0094202306f12223,
0070061301942223,
0431460344f64663,
04061a6300840413,
000002939c0f8a63,
000dc703998ff06f,
8b4ff06f004b8b93,
0000069300000f13,
11010e1300012823,
01269613918ff06f,
fb5fe06f00064463,
001e8e930550006f,
00100f1300012823,
db4ff06f10f10e13,
91cff06f00000293,
00012823000f0e93,
ffe505138e0ff06f,
1101071303000793,
fefe0fa340a70f33,
01e6d46300068e93,
00050e13000f0e93,
8b4ff06f00012823,
000bac8301037e93,
f60e9c63004b8713,
32078a6304037793,
040101a3010c9c93,
00000493010cdc93,
f7f373133206cc63,
009ce7b332069863,
00070b9332079463,
0001282300000f13,
864ff06f11010e13,
00070b93000bac83,
0004871341fcd493,
00c12683cdcff06f,
00c12603000ba783,
00d7a22341f6d693,
00070b9300c7a023,
00030e93f55fe06f,
00000613000ba783,
995ff06f00070b93,
979ff06f00030e93,
00100e9304314783,
f01ff06fe8078663,
00070b9300236313,
0000459700200513,
11010e1316c58593,
00e5873300f7f713,
0047d79300074703,
00ee0023fffe0e13,
00f707b301c61713,
00c7e73300465613,
11010793fc071ce3,
000f0e9341c78f33,
00068e9300df5463,
068127030c050a63,
0843729306412783,
00070593002e8e93,
82029ce300078613,
0001282341d88cb3,
fddfe06f01904463,
d45ff06f00200f93,
00100e93000ba783,
0af10623000e8f13,
d38ff06f0ac10493,
00060d93fff00693,
001dc703eddfe06f,
001d8d9320036313,
001dc703ec9fe06f,
001d8d9302036313,
000c8893eb9fe06f,
0b45859300004597,
1c078a6302037793,
ff867613007b8613,
00860b9300062783,
0013751300462603,
0005046300c7ee33,
040101a3260e1663,
b7f373131e06c063,
660e186366069a63,
11010e1300000f13,
0681270300000e93,
0843729306412783,
0007861300070593,
043146036a028663,
00000f9300012823,
eddfe06f00060463,
000c8893f35fe06f,
0185859300004597,
01012783f79ff06f,
0080061305810513,
02d1202300000593,
01112c2300612e23,
d18f30ef04f12623,
0181288302012683,
2a06cc6301c12303,
00812e2300000493,
00048413000b0c93,
00068b1302612023,
058106930300006f,
000905130ac10593,
fff00793894fe0ef,
00a407b352f50a63,
0044849302fb4063,
0007841357678c63,
009787b304c12783,
fc0614e30007a603,
0181288300040693,
0201230301c12403,
28068463000c8b13,
32d7c86306300793,
0ac10e1300012823,
0000059300800613,
0261222305810513,
0311202301c12c23,
c68f30ef00d12e23,
0181258301c12683,
04c1061305810713,
924fe0ef00090513,
01812e0301c12683,
0241230302012883,
00de07b356a69a63,
0431478300078023,
41fede93fff6ce93,
00068f1301d6feb3,
001e8e9344078463,
a2cff06f00000693,
040101a320037793,
0ffcfc9322078263,
cc06d8e300000493,
bacff06f00070b93,
000ba78301037613,
02061263004b8b93,
00060a6304037613,
0107d79301079793,
e21ff06f00000613,
2006166320037613,
e11ff06f00000613,
00000513bff37313,
06010613d1dff06f,
00090513000b0593,
02d12a2303e12c23,
03c1222302612823,
01d12e2303f12023,
b7df70ef01112c23,
0005046300050293,
04314603f1dfe06f,
0641278306812703,
01c12e8301812883,
02412e0302012f83,
0341268303012303,
000c041303812f03,
ccdfe06f00060463,
cf5fe06f000f8463,
04e102a3d25fe06f,
040101a303000713,
0c06c06304e10223,
00236313b7f37313,
c81ff06f00200513,
009007931e049663,
110107931f97e263,
00068e9341c78f33,
01e6d46304314783,
00f037b3000f0e93,
d69ff06f00fe8eb3,
a89f20ef00090513,
000ba783a91fe06f,
00070b9300c12683,
b41fe06f00d7a023,
00068e9300600793,
000e8f130ad7ec63,
00004e1700000693,
bfdfe06fda4e0e13,
0c060c6320037613,
00070b930ff7f793,
0000061300030e93,
20037793d58ff06f,
018c9c930a078663,
41fcd493418cdc93,
0004871300070b93,
bff3731384cff06f,
0020051300236313,
00000693bc5ff06f,
04c1061305810713,
0009051300000593,
01112c2300612e23,
fff00793f09fd0ef,
01c1230301812883,
28f5026300050693,
04f1262301012783,
04314e83d7dff06f,
00000f1301012e03,
c89ff06f01d03eb3,
f49ff06f00078e93,
00c12683000ba783,
00d7902300070b93,
00000493a65fe06f,
aa06d8e300070b93,
41fcd493994ff06f,
0004871300070b93,
00070b93fadfe06f,
c8cff06f00030e93,
000006130ff7f793,
01012483c05ff06f,
01912c2300612e23,
b9cf30ef00048513,
fff54e9304314783,
0181288341fede93,
00050f1301c12303,
1a07866301d57eb3,
001e8e9300048e13,
0001282300000693,
00168593f81fe06f,
00612e2300090513,
00d1282301112c23,
01012683a31f30ef,
01c1230301812883,
18050e6300050e13,
cadff06f00a12823,
924f30ef058b2503,
02812783bcdfe06f,
02d1222302c12583,
0007861340fe0833,
0261202300080513,
01e12c2301112e23,
d78f80ef01012823,
0197b633009c87b3,
ccccd63700c787b3,
02c7b5b3ccd60613,
ccc50513ccccd537,
0101280301412703,
00174e03ccccdeb7,
01c1288301812f03,
0025df9301c03e33,
01f585b3ffc5f593,
40fc87b340b787b3,
40b485b300fcb5b3,
01c7073302a78533,
ccccd73700e12a23,
0241268302012303,
ccd70713fff80e13,
02c585b3ccce8e93,
02c7b53300a585b3,
00a585b302c787b3,
0015d49301f59513,
0017d79300100593,
009c87b300f50cb3,
00a787b30197b533,
00255f9302c7b533,
01f50533ffc57513,
40fc87b340a787b3,
40a4853300fcb533,
02c5053302c7bfb3,
01f5063302c787b3,
0017d79301f61613,
0027961300f607b3,
0017979300f607b3,
0307879340fc87b3,
8a4ff06ffef80fa3,
91f7ea6300900793,
00068f13ce5ff06f,
0001282300068e93,
92dfe06f00000693,
0000069301012e03,
91dfe06f00012823,
0601061300090513,
facf70ef000b0593,
b0dfe06f00051463,
000c8b13b61fe06f,
064b270300cb1783,
00db16230407e693,
0007186300177713,
000794632007f793,
14812403d19fe06f,
13c1298314412483,
13412a8313812a03,
12012d0312812c03,
fff0079311c12d83,
b49fe06f00f12623,
01812883000b0693,
0201230301c12403,
aa1ff06f000c8b13,
f40788e301012e03,
00068f1300168e93,
0000069300012823,
00000513d39fe06f,
0016f693885ff06f,
b39fe06ffa069ae3,
0000459700200513,
869ff06f9d458593,
0017f793064b2783,
b19fe06ff8079ae3,
004b8b93000ba683,
fff006930006d463,
00060d93001dc703,
00cb5783fb0fe06f,
00fb16230407e793,
00012823a65fe06f,
00050713829fe06f,
00060693a841a503,
0007059300058613,
00c5d783e10fe06f,
00e5d3030645ae03,
0245a80301c5a883,
40000713b7010113,
48812423ffd7f793,
0005841349212023,
0801059300050913,
4811262307010513,
00d1262348912223,
02f1122300060493,
0261132307c12e23,
03012e2303112a23,
02b1242300b12c23,
02e1262302e12023,
dfdf20ef02012823,
0004861300c12683,
0009051301810593,
00050493d88fe0ef,
0241578304055063,
000788630407f793,
0407e79300c45783,
0701250300f41623,
48c12083dc9f20ef,
4801290348812403,
4841248300048513,
0000806749010113,
0009051301810593,
fa050ce39d1f70ef,
fb1ff06ffff00493,
00600513ff010113,
274000ef00112623,
a4cf00ef00100513,
0007066313852703,
0000806700000513,
08000593fe010113,
00a1262300112e23,
00c12783e60f30ef,
0205026312a7ac23,
0005202308050793,
fef51ce300450513,
01c1208300000513,
0000806702010113,
ff1ff06ffff00513,
02b7606301f00713,
0207046313852703,
00b7073300259593,
00c7202300072503,
0160071300008067,
fff0051300e52023,
fe01011300008067,
0800059300b12223,
00112e2300c12423,
ddcf30ef00a12623,
0005071300c12683,
12a6ac2308050593,
0005069300412783,
fff0051300812603,
0006a02302070063,
feb69ce300468693,
00b7073300279593,
00c7202300072503,
0201011301c12083,
01f0079300008067,
1385278308b7ea63,
00112e23fe010113,
0005861300050713,
0025969304078063,
0007a68300d787b3,
0010051302068863,
fff0059300a68c63,
0007a02304b68463,
000680e700060513,
0000051301c12083,
0000806702010113,
00c1262300070513,
3e4000ef00e12423,
01c1208300c12603,
0081250300050593,
3740006f02010113,
0160079301c12083,
0201011300f72023,
0160079300008067,
fff0051300f52023,
01f0079300008067,
138527830cb7e063,
00112e23fe010113,
0607846300058713,
00d787b300271693,
020688630007a683,
04c68463fff00613,
02c6886300100613,
0007a02300070513,
00000513000680e7,
0201011301c12083,
01c1208300008067,
0201011300100513,
01c1208300008067,
0201011300300513,
0020051300008067,
00b12623fd1ff06f,
00a1242308000593,
00812683c58f30ef,
12a6ac2300050793,
00c1270302050063,
0805061300050693,
004686930006a023,
f65ff06ffec69ce3,
f8dff06ffff00513,
00008067fff00513,
a841a80301f00793,
1388278308a7e863,
00112e23fe010113,
02078e6300050613,
00e787b300251713,
020706630007a703,
00d70a6300100693,
04c70263fff00613,
000700e70007a023,
0000051301c12083,
0000806702010113,
00c1262300080513,
274000ef01012423,
01c1208300c12603,
0081250300050593,
2040006f02010113,
0160079301c12083,
0006851300f82023,
0000806702010113,
00f8202301600793,
00008067fff00513,
a841a60301f00793,
1386270302a7e063,
0025151302070463,
0007250300a70733,
0000806700b72023,
00f6202301600793,
00008067fff00513,
00b12623fe010113,
0800059300a12423,
00c1222300060513,
b1cf30ef00112e23,
0005071300412603,
12a62c2308050593,
0005061300812783,
fff0051300c12683,
0006202302070063,
fec59ce300460613,
00a7073300279513,
00d7202300072503,
0201011301c12083,
a841a78300008067,
000706631387a703,
0000806700000513,
00078513fe010113,
00f1262308000593,
aa4f30ef00112e23,
12a7ac2300c12783,
0805079302050263,
0045051300052023,
00000513fef51ce3,
0201011301c12083,
fff0051300008067,
01f00793ff1ff06f,
a841a6830ca7e463,
00112e23fe010113,
000507131386a783,
0027169306078463,
0007a68300d787b3,
fff0061302068863,
0010061304c68463,
0007051302c68863,
000680e70007a023,
01c1208300000513,
0000806702010113,
0010051301c12083,
0000806702010113,
0030051301c12083,
0000806702010113,
fd1ff06f00200513,
0800059300a12623,
00d1242300068513,
008126839d8f30ef,
12a6ac2300050793,
00c1270302050063,
0805061300050693,
004686930006a023,
f61ff06ffed61ce3,
f89ff06ffff00513,
00008067fff00513,
ff01011300058793,
0006059300812423,
0007851300050413,
aa01a22300112623,
fff00793de1ef0ef,
00c1208300f50a63,
0101011300812403,
aa41a78300008067,
00c12083fe0786e3,
0081240300f42023,
0000806701010113,
00100337d79ef06f,
00b377b3fff30313,
0145d81300d37e33,
003797930146d893,
01d55713fe010113,
003e1e1300f76733,
7ff8781301d65793,
00112e237ff8f893,
01f6d69301f5d593,
41180eb301c7e7b3,
00361f9300351f13,
0005031318d58e63,
240886630fd05c63,
4ed804637ff00693,
25d6ce6303800693,
00d7e7b3008006b7,
5fd6cc6301f00693,
41d686b302000693,
00df96b300d79633,
00d036b301dfdfb3,
01d7deb301f66633,
41d7073300d66633,
00cf37b340cf0633,
0087179340f70733,
009717134207d063,
2207126300975713,
00e1262300060513,
00b1222301012423,
739020ef00c12023,
01f0089301850693,
0041258300012603,
0000071300812803,
ff85079320d8de63,
5b06c26300f617b3,
0016069341068633,
fe16061318d8dae3,
00c7d63302000513,
0400051300a68c63,
00d797b340d506b3,
00f6663300f037b3,
007677932e060263,
00060f1322079463,
25c0006f00000713,
41088333220e8c63,
01e765b346081063,
fff3059362058263,
7ff005137a058a63,
0380061370a30263,
ffff86130eb65ce3,
41f7873300cfbfb3,
008007b700871593,
000685931805c4e3,
0046079300030813,
00c7073300c7b633,
0087179300078613,
001806933207de63,
0015fe137ff00793,
014697132cf69a63,
0000079301c12083,
01fe171300f767b3,
0000051300e7e6b3,
0201011300068593,
00058e1300008067,
1e089c6325d05e63,
6606866301f7e6b3,
5a0e8863fff80e93,
64d802637ff00693,
1fd6ca6303800693,
69d6c86301f00693,
41d6063302000613,
00cf963300c796b3,
00c0363301dfdfb3,
01d7deb301f6e6b3,
01d7073300c6e6b3,
00d7b6b301e687b3,
0007861300d70733,
2607de6300871793,
7ff0079300180813,
ff8007b762f80463,
fff7879300165693,
00c6e6b300167613,
01f7961300f777b3,
0017d7130076f513,
f0050ce300d66633,
0040069300f67793,
ef9ff06ff0d786e3,
3a068e6301f7e6b3,
540e8e63fff80e93,
28d808637ff00693,
dbd6dae303800693,
00cf37b3ffff0613,
0087169340f70733,
ec06d0e3008007b7,
fff00613fff78713,
00c1262300070513,
00b1222301012423,
519020ef00e12023,
0041258300012703,
00c1260300812803,
02000513ff850693,
00f657b340d507b3,
00e7e7b300d71733,
3306c06300d61633,
00168693410686b3,
00a6173340d50533,
00d6573300e03833,
00e8673300a79533,
00d7d73300e56633,
0c07806300e667b3,
7c078c6300767793,
0040069300f67793,
0087179332d79863,
0015fe137607dc63,
1140006f00100693,
7fe5751300180513,
01e768b328051463,
4008106301f7e533,
5c0512635a088a63,
01d71513003f5793,
0000081300f56533,
7ff8769300375793,
0146971300c79793,
0015fe1301c12083,
00f767b300c7d793,
00e7e6b301fe1713,
0201011300068593,
7ff0069300008067,
0380069346d80063,
008006b701d6c863,
e15ff06f00d7e7b3,
001f061300871793,
00800737d807d6e3,
0015fe13e49ff06f,
0000079300000693,
0146971300000513,
00f767b301c12083,
00e7e6b301fe1713,
0201011300068593,
100e8c6300008067,
26081863410886b3,
5c050a6301e76533,
34050863fff68513,
470686637ff00813,
68a65e6303800613,
0087969300068813,
00800737001f8613,
00078713dc06cce3,
00f6f6b3d0dff06f,
fff78793ff8007b7,
0097971300f777b3,
01d7951301c12083,
0146971300c75793,
01fe171300f767b3,
00e7e6b300365613,
0006859300c56533,
0000806702010113,
0007886300767793,
0040069300f67793,
00365513cad79ae3,
7ff0069301d71793,
0037579300a7e533,
00f56533ead81ee3,
7ff0069302050a63,
01c1208301469713,
000807b700000e13,
01fe171300f767b3,
0000051300e7e6b3,
0201011300068593,
0015fe1300008067,
000007937ff00693,
00331313ee5ff06f,
01d7151300335313,
0037579300656533,
00180693fa5ff06f,
1a0894637fe6f893,
2c08186301e766b3,
4e06826301f7e633,
01ff0fb3e20604e3,
01efbf3300f707b3,
0087971301e787b3,
00ffe73352074863,
01d79513e6070ee3,
00afe533003fdf93,
e09ff06f0037d793,
2ab88c637ff00593,
1266466303800613,
00c7673300800637,
30664e6301f00613,
406585b302000593,
00bf15b300b71633,
00b035b3006f5f33,
0067533301e66633,
406787b300b66633,
00cfbfb340cf8633,
0008881341f78733,
aa1ff06f00068593,
00cf353341ff0633,
40a888b340f708b3,
12054e6300889513,
0008871301166533,
00000e13a80516e3,
0000079300000693,
ff800737de5ff06f,
00e7f733fff70713,
40d8083300767793,
e89ff06fe80790e3,
0033551300351313,
fe0e8693e81ff06f,
00d7d6b302000613,
0400061300ce8a63,
00c797b341d60633,
01f0363300ffefb3,
a0dff06f00d66633,
af9ff06f00000813,
fff70713ff800737,
01d7951300e7f7b3,
0037d79340d80833,
7ff00513cfdff06f,
0380061320a88863,
008796932ed65263,
00088813001f8613,
b606cee300800737,
ab1ff06f00078713,
00cfbfb3ffff8613,
0087159341f78733,
3005c063008007b7,
0008881300068593,
7ff00613a8dff06f,
01ff0fb3aac686e3,
01efbf3300f707b3,
01e787b3001fd713,
0077751301f79613,
0017d71300e66633,
000688133e050263,
00f6769300400893,
00365513a51696e3,
00e5653301d71713,
c59ff06f0047d793,
01efbfb341ef8f33,
000f061340e787b3,
0006859341f78733,
00361613945ff06f,
0006859300365513,
0007871300030813,
2a089463d59ff06f,
00000e130c051a63,
000807b77ff00693,
01ff0fb3c7dff06f,
00f707b301efbf33,
0087969301e787b3,
ff8006b72406d863,
001fd713fff68693,
01f7969300d7f7b3,
00e6e6b300777613,
300606630017d713,
0040051300f6f613,
00a6863330a60063,
00e6873300d636b3,
ce1ff06f00200813,
40f707b341ff0fb3,
41e7873301ff3f33,
000f861300871793,
003fdf930607ce63,
01f5653301d71513,
0010081300375793,
08068a63b7dff06f,
cc0f90e301f7efb3,
01d7179300351513,
00a7e53300355513,
ca1ff06f00375793,
0035551300351513,
00361613c81ff06f,
0036571301d79513,
00e5653300068593,
c79ff06f0037d793,
0000079300080693,
b91ff06f00000513,
0010081300068593,
fe0e8613815ff06f,
00c7d63302000693,
0400069300de8a63,
00d797b341d686b3,
01f036b300ffefb3,
975ff06f00c6e6b3,
01d7951300361713,
00e5653300375713,
c19ff06f0037d793,
02000613fe030593,
00c30a6300b755b3,
4066063304000613,
00ef6f3300c71733,
00b6663301e03633,
41ef8f33ce9ff06f,
01efbfb340e787b3,
0087179341f78733,
f607c6e3000f0613,
01d71513003f5f13,
00af653300068593,
0010081300375793,
ce0504e3a6dff06f,
000f8f1300078713,
a45ff06f00068593,
010f353341ff0833,
40a6063340f70633,
12055c6300861513,
40e787b341ef8f33,
41f7873301efbfb3,
000f061300ef67b3,
a80780e300068593,
1a07d06300871793,
001006930016fe13,
00800637ae9ff06f,
01f0061300c76733,
020005130ad64c63,
00a7163340d50533,
00df5f3300af1533,
00d756b300a03533,
00a6673301e66633,
01f70fb300d787b3,
00f7073300efb733,
00088813000f8613,
00088813859ff06f,
fff7871300068593,
8d5ff06ffff00613,
003fdf9301d79513,
0037d79301f56533,
991ff06f00100813,
0035551300361513,
0007871300068813,
ac0514e3ab1ff06f,
0037d79300331793,
00a7e53301d71513,
aa9ff06f00375793,
000787139a060ee3,
93dff06f000f8f13,
b5dff06f00058313,
02000513fe068613,
00a68a6300c75633,
40d506b304000513,
00ef6f3300d71733,
00c7673301e03733,
02000513f4dff06f,
0000081340d50533,
00c86533899ff06f,
00060713b80502e3,
8e5ff06f00080f13,
fff70713ff800737,
01d7951300e7f7b3,
0037d793003fdf93,
0067f7b301f56533,
941ff06f00100693,
9f9ff06f00000813,
01d717130036d693,
0047d79300d76533,
8b1ff06f00200813,
ea9ff06f00050693,
0006859300030813,
00365513fc0ff06f,
00e5653301d71713,
000688130047d793,
00058693885ff06f,
00068593e61ff06f,
85dff06f00060f13,
fc0101130145d713,
02112e2300c59793,
000508137ff77713,
01f5d59300c7d793,
00050e931e070a63,
08a70a637ff00513,
01d85e1300379793,
008007b700fe6e33,
00fe6e3300381e93,
00000813c0170893,
0146d71300000f13,
7ff7771300c69793,
01f6d69300c7d793,
7ff0051308070463,
0037979320a70c63,
c017071301d65513,
008007b700f56533,
00f567b340e888b3,
00000f9300361713,
00d5c53300f00613,
000143172d066663,
0028181369c30313,
0008260300680833,
0006006700660633,
260e10630107ee33,
0146d71300070893,
7ff7771300c69793,
0080081300000e93,
00c7d79300200f13,
f80710e301f6d693,
2407026300c7e733,
0007851350078a63,
0311242302c12623,
02d1202303012223,
01c12c2301e12e23,
00b1282301d12a23,
3a0020ef00f12623,
0101258300c12783,
01812e0301412e83,
0201268301c12f03,
0281288302412803,
0005031302c12603,
01d00513ff550713,
ff83071340e50533,
00a6553300e797b3,
00e6173300f567b3,
3f33089301130333,
f1dff06f00000f93,
fc9006935a038c63,
0000071360d3dc63,
0000069300000793,
0147171303c12083,
01f5179300f76733,
0006851300f765b3,
0000806704010113,
7ff0071303c12083,
0147171300000793,
0000069300f76733,
00f765b301f51793,
0401011300068513,
03c1208300008067,
000005137ff00713,
01471713000807b7,
0000069300f76733,
00f765b301f51793,
0401011300068513,
00a7ee3300008067,
00d12e23140e0063,
44078c6300c12c23,
0007851300a12a23,
00f1262300b12823,
00c1278328c020ef,
0141280301012583,
01c1268301812603,
ff55071300050313,
ff830e9301d00e13,
01d797b340ee0e33,
00fe6e3301c85e33,
c0d0071301d81eb3,
00000813406708b3,
dd1ff06f00000f13,
8018889300c7e733,
002868130a071c63,
00200f9300000793,
000e0793df9ff06f,
00200693000e8713,
0030069340df0863,
00100693f2df06e3,
ecdf04e300058513,
000386933ff88393,
00777613ea7058e3,
0037559344061063,
00075a6300779713,
fff70713ff000737,
00e7f7b340088693,
ead74ee37fe00713,
7ff6f71301d79613,
0097961300b666b3,
e85ff06f00c65793,
000f8f1300068593,
00078e13f8dff06f,
00c0081300070893,
d21ff06f00300f13,
0000079300186813,
d55ff06f00100f93,
0006071300386813,
d45ff06f00300f93,
0040081300000e93,
00100f1300000893,
02812c23cedff06f,
01c7e66302912a23,
4ceeee634efe1063,
001ed69301fe1613,
001e5e1300d66633,
0087979301fe9693,
03ee52b30107df13,
00f8683301875813,
010ede9301081e93,
0106579300871313,
025e873303ee7e33,
01c7e7b3010e1e13,
00f807b300e7fa63,
4ae7e0630107e463,
40e787b3fff28293,
0106171303e7d5b3,
03e7f7b301075713,
0107979302be8633,
00c77a6300f76733,
0107646300e80733,
fff5859346c76063,
00b2e2b301029293,
01031e1301029793,
010e5e130107d793,
40c7073301035f93,
03c783b30102d613,
0103d59303c60433,
008787b302ff87b3,
03f607b300f585b3,
000106370085f663,
0105961300c787b3,
0105d59301039393,
00f585b30103d393,
00b7686300760633,
3cb71a6340b704b3,
006683b33cc6f863,
0321282300d3b7b3,
010787b300078913,
0003869300f70733,
00e86a63fff28793,
0004049340b70433,
02091c6302e81e63,
40b7043300b76a63,
02e5946300040493,
007306b302c3f263,
010787b30066b7b3,
0301290300f70733,
40b704b3ffe28793,
030129030080006f,
00c6b6b340c68633,
3ff8839340d482b3,
1c58086300038693,
0106559303e2d733,
0102929303e2f2b3,
02ee82b30055e5b3,
00b805b30055fa63,
3655e0630105e463,
405585b3fff70713,
0106161303e5f2b3,
03e5d5b301065613,
01e6663301029f13,
01d67a6302be8eb3,
0106646300c80633,
fff5859333d66063,
00b7673301071713,
0105d59301071593,
03c28f3301075293,
02be0e3341d60633,
010e559302bf8eb3,
01d585b301ee8eb3,
01e5f663025f8fb3,
01df8fb300010eb7,
010e1e130105de93,
01059593010e5e13,
01c585b301fe8eb3,
00b03f3301d66a63,
03d6166341d60e33,
00c80633020f0463,
1bd6606301066863,
18b36c6301d61463,
00b03f3340b305b3,
41d60e33fff70713,
0e0f1a630e0e1c63,
0341248303812403,
00060513cc5ff06f,
0301242303112623,
02d1202302f12223,
01c12c2301e12e23,
00b1282301d12a23,
691010ef00c12623,
01c00f9301550713,
0101258300c12603,
01812e0301412e83,
0201268301c12f03,
02c1288302812803,
0000079302050313,
ff850513aeefd6e3,
0000071300a617b3,
00f12a23af9ff06f,
00a1262300b12823,
0155071363d010ef,
00c1280301c00893,
0181260301012583,
0205031301c12683,
bae8d6e300000793,
00a81e33ff850513,
bb9ff06f00000e93,
7ff0071300058513,
0000069300000793,
00000593ac9ff06f,
1270566300100713,
0341248303812403,
bf5ff06f00e787b3,
00176713c0200613,
0047059314c8c263,
0381240300e5b733,
0035d59303412483,
bcdff06f00e787b3,
0040059300f77613,
00470593bab60ee3,
00e787b300e5b733,
badff06f0035d593,
0017559300777693,
0010061301f00893,
011798b318069c63,
00b8e73300d5e5b3,
00c7d7b300777693,
0087969314069a63,
001007131806d063,
0000069300000793,
00131e13a21ff06f,
01030333006e3333,
0066063341c585b3,
41d60e33ffe70713,
e5dff06f00b03f33,
12d3d063fe200693,
407606b3fe100613,
00c3886300d7d6b3,
011797b343e88893,
00e0373300f76733,
0077769300d76733,
0206826300000793,
0040059300f77613,
00b60a6300000693,
00e6373300b70633,
0006071301d71693,
00d766b300375713,
995ff06f00000713,
800006b708039863,
03812403fff68693,
01f7971303412483,
0017d79300d76733,
00e6b73300470693,
0006871300e787b3,
c0100693f2dff06f,
0017569306d89463,
fc9ff06f0016e693,
c9dff06f00028793,
000e8613fff88893,
b31ff06f00000693,
01070733ffe58593,
ffe28293ba1ff06f,
b61ff06f010787b3,
01060633ffe58593,
ffe70713ce1ff06f,
ca1ff06f010585b3,
0341248303812403,
8e1ff06ffff00713,
0341248303812403,
00f776938d5ff06f,
eac684e300400613,
41e88893f69ff06f,
011716b300100613,
00d036b340760633,
e71ff06f00c755b3,
e69ff06f00c776b3,
01d7969300979613,
f05ff06f00c65793,
001007b70145d713,
fff787930146d813,
7ff777137ff00893,
0118783300b7fe33,
01f5d59300d7f7b3,
0010031301f6d693,
0318046303170a63,
05c7946303071263,
0000031304a61263,
0010031300d58a63,
00ae6e3300071663,
0003051301c03333,
fee81ce300008067,
00ce6e3300fe6e33,
fe0e14e300ae6e33,
00b0333340d585b3,
00100313fddff06f,
0000806700030513,
001007b70145d813,
fff787930146d713,
7ff878137ff00893,
0117773300b7f333,
01f5d59300d7f7b3,
05180a6301f6d693,
06081a6303170663,
0607106300a36833,
08088e6300c7e8b3,
001697130c081063,
00070513fff70713,
00c7e7b300008067,
000816630a079063,
fe0300e300a36333,
0015971300d59e63,
0180006ffff70713,
06089e6300a368b3,
40b005b307070263,
000705130015e713,
fa0808e300008067,
fd1ff06ffed596e3,
fed590e3fe0702e3,
fce840e3fd074ee3,
40f30733fc67eae3,
00a6746300173713,
faf364e3fc0712e3,
fa0710e300c57463,
fb9ff06f00000713,
00070513fa0816e3,
00c7e73300008067,
0010071300071863,
fd1ff06ff8d59ae3,
f91ff06fffe00713,
fadff06ff8d592e3,
001007b70145d813,
fff787930146d713,
7ff878137ff00893,
0117773300b7f333,
01f5d59300d7f7b3,
05180e6301f6d693,
0808166303170663,
0a07166300a36833,
0a088e6300c7e8b3,
001697130c081463,
00070513fff70713,
00c7e7b300008067,
fe0798e300200713,
00a3633300081663,
04d58063fc030ee3,
0015e71340b005b3,
0000806700070513,
0608946300a368b3,
00c7e833ff0714e3,
fa081ce300200713,
fcd59ae300100713,
04c57e6300f36663,
0015971304070c63,
f99ff06ffff70713,
fad59ae3fa070ce3,
fee844e3fb0748e3,
40f30733fa67e4e3,
fca676e300173713,
fc5ff06ff8071ce3,
f8d596e3f60802e3,
00200713fc5ff06f,
0000806700070513,
f75ff06ff4080ae3,
f49ff06f00000713,
fbdff06ff6d594e3,
fc0101130145d793,
02112e2300c59713,
000508137ff7f793,
01f5d59300c75713,
7ff0051346078063,
003717132aa78663,
00e5653301d85513,
00e5673300800737,
00381893c0178313,
00000f9300000e13,
00c698130146d793,
00c858137ff7f793,
2a07806301f6d693,
3ca78e637ff00513,
00a00513c0178793,
35c5406300f30333,
01d6579300381813,
008008370107e7b3,
0107e83300d5c533,
00361e9300200793,
00000f1300050593,
0010079303c7d263,
5307f61301c797b3,
2407f59330061263,
0887f79356059463,
010897932e079263,
0108d613010e9f93,
010fdf930107d793,
03f785b3010ede93,
03f60e3302812c23,
02fe88b30105d693,
011686b301c888b3,
49c6e66303d602b3,
0105959301081393,
0103d39301069e13,
0105d59301085813,
0106d69300be0433,
02760e3302778f33,
02f807b3010f5593,
00f585b301c787b3,
01c5f663030608b3,
00f888b3000107b7,
0106561301071613,
0105979301075713,
011585b30105d593,
010f1f1302ce8e33,
01e787b3010f5f13,
03f608b300f686b3,
0108df1303f70fb3,
01cf0f3301fe0e33,
01ff766302ee8eb3,
01fe8eb300010fb7,
010f1f9301089893,
010f5f130108d893,
01df0f33011f8e33,
02760eb3027708b3,
010edf9302c80633,
00cf8fb301160633,
011ff66302e80833,
00e8083300010737,
0108d893010e9893,
005686b3010f9713,
00b705b301170733,
01c68eb300f6b7b3,
01e7863300f587b3,
00d606b300deb6b3,
00b7b5b300e5b733,
00f637b300b76733,
00c6b633010fd593,
00b7073300c7e7b3,
00e787b3009e9893,
010787b30088e8b3,
017ed613011038b3,
0176d71300979793,
0096969300c8e8b3,
0077969300d8e8b3,
1a06c26300e7e733,
34f052633ff30793,
500686630078f693,
0040061300f8f693,
02c6866303812403,
0116b8b300488693,
0006889301170733,
0006da6300771693,
fff68693ff0006b7,
00d7773340030793,
38f6cc637fe00693,
0038d89301d71613,
7ff7f79300971693,
00c6d71301166633,
010768b31140006f,
000783132a089263,
00c698130146d793,
000007137ff7f793,
00200f9300800e13,
01f6d69300c85813,
00c86eb3d60794e3,
38080a63200e8063,
02c1262300080513,
0261222303c12423,
01112e2302e12023,
00d12a2301f12c23,
0101262300b12823,
00c128035dc010ef,
0141268301012583,
01c1288301812f83,
0241230302012703,
02c1260302812e03,
ff550e9300050793,
41d5053301d00513,
01d81833ff878e93,
0105683300a65533,
40f307b301d61eb3,
c0d7831300a00613,
0020079303c64663,
d3c7d8e300d5c533,
00000f1300050593,
00068593d05ff06f,
000e889300080713,
00200793000f0f93,
0030079326ff8c63,
001007931cff8a63,
04ff986300058513,
0000071300000793,
03c1208300000613,
01f5159301479793,
00b7e7b300e7e7b3,
0007859300060513,
0000806704010113,
038124030018d793,
0117e7b30018f893,
0117e8b301f71893,
4003079300175713,
18f0546300130313,
e60682e30078f693,
0040061300f8f693,
e55ff06fe4c694e3,
7ff3031300c86eb3,
002e6793100e9063,
f6f640e300a00613,
0005851300d5c5b3,
0c0e006300200f13,
0000081300078e13,
c31ff06f00200f13,
0608886300a768b3,
00c12c2300d12e23,
00a12a231c070663,
00b1282300070513,
470010ef00e12623,
0101258300c12703,
0181260301412803,
00050e1301c12683,
01d00793ff550893,
ff8e0893411787b3,
00f857b301171733,
011818b300e7e733,
41c78333c0d00793,
00000e1300000f93,
00000713b61ff06f,
0000031300400e13,
b4dff06f00100f93,
00a00793001e6e13,
00d5c5b3ebc7c6e3,
0005851300200793,
00100f1300000813,
00200793b9c7c2e3,
00100f9310ff0463,
0000071300100793,
0005851300000893,
e8dff06fecff9ee3,
00a00513003e6e13,
0010079321c54c63,
0887f79301c797b3,
00060e9300d5c533,
b4078ce300300f13,
00080893e35ff06f,
00c00e1300078313,
ac5ff06f00300f93,
011282b3000108b7,
00000513b71ff06f,
000807377ff00793,
e39ff06f00000613,
14078e6303812403,
e0d7cee3fc900693,
1cd7d263fe200693,
40f606b3fe100613,
00c7886300d756b3,
0067133343e30313,
011036330068e8b3,
0076779300d66633,
0207826300000713,
0040059300f67693,
00b68a6300000793,
00c6b63300b606b3,
0006861301d61793,
00f6663300365613,
dc1ff06f00000793,
7ff0079300000513,
db1ff06f00080737,
7ff0079300058513,
0000061300000713,
7ff00793d9dff06f,
0000061300000713,
00e12a23d8dff06f,
00a1262300b12823,
015508932ac010ef,
00c1280301c00793,
0181260301012583,
02050e1301c12683,
e317dce300000713,
00a81733ff850513,
e45ff06f00000893,
03c1262300060513,
0301222302612423,
01112e2302e12023,
00d12a2301f12c23,
00c1262300b12823,
01550e9324c010ef,
00c1260301c00f13,
0141268301012583,
01c1288301812f83,
0281230302012703,
0205079302c12e03,
c7df56e300000813,
00a61833ff850513,
c79ff06f00000e93,
41e3031300100693,
00c0363300689633,
00d8d8b300671333,
0116663300666633,
00d756b300767793,
00f6779302078063,
00e78a6300400713,
00c7b63300e607b3,
0007861300c686b3,
0207dc6300869793,
0000071300100793,
c79ff06f00000613,
0008073700000513,
c69ff06f00000613,
b2dff06f03812403,
40f686b300100693,
00969593f85ff06f,
00c5d71301d69793,
001007b7e79ff06f,
00b7f333fff78793,
0037981300d7f7b3,
003313130146d893,
01d55713fe010113,
0067673301d65793,
7ff003130107e7b3,
00112e230145d813,
7ff8f89301f5d593,
0068783301f6d693,
00351e9300058f93,
1868846300361e13,
41180f330016c693,
73e05a630cd58463,
50680c631c088e63,
1fe6ca6303800693,
00d7e7b3008006b7,
61e6c46301f00693,
41e686b302000693,
00de16b300d79333,
00d036b301ee5e33,
01e7df3301c36333,
41e7073300d36333,
006eb7b3406e8333,
0087179340f70733,
007377934207c063,
00f3779338078263,
36d78c6300400693,
0067b33300430793,
0007831300670733,
3607d06300871793,
7ff0079300180693,
38f69c630015ff93,
0000089300000793,
0146971301c12083,
01ff969300f767b3,
00d7e5b300088513,
0000806702010113,
2808946379e05863,
6c06886301c7e6b3,
2a0f0c63fff80f13,
0380069376680063,
01f0069329e6c263,
020006136de6c863,
00c796b341e60633,
01ee5e3300ce1633,
01c6e6b300c03633,
00c6e6b301e7df33,
01d687b301e70733,
00d7073300d7b6b3,
0087179300078313,
00180813f207dae3,
66f80a637ff00793,
00135693ff8007b7,
00137313fff78793,
00f777b30066e6b3,
0076f61301f79313,
00d363330017d713,
00f37793f20600e3,
f0d792e300400693,
01c7e333f11ff06f,
1403046380180f13,
180f086314d58663,
0036171344080a63,
01d7971300375513,
00e568b300068593,
00f8e8b30037d793,
01c1208336088263,
014697137ff00693,
000807b700000f93,
00f767b300000893,
0008851301ff9693,
0201011300d7e5b3,
0035161300008067,
0036561301c7e6b3,
fff80f1320068063,
32680463560f0c63,
e1e6dee303800693,
006eb7b3fffe8313,
0087169340f70733,
e406dee3008007b7,
fff00313fff78713,
00b1262300070513,
0101222300612423,
6d1000ef00e12023,
0041280300012703,
00c1258300812303,
02000613ff850693,
00f357b340d607b3,
00e7e7b300d71733,
3506cc6300d31333,
00168693410686b3,
00c3173340d60633,
00d3573300e03533,
00e5673300c79633,
00d7d73300e66333,
0e07826300e367b3,
00078ce300737793,
0040069300f37793,
dcd792e300000813,
1207d86300871793,
001006930015ff93,
0016c6931700006f,
260f0463ead59ee3,
0008869338081e63,
6c050e6301d76533,
0a050463fff68513,
390680637ff00813,
7aa6566303800613,
0087969300068813,
00800737001e0313,
00078713e206c2e3,
00180893d61ff06f,
260896637fe8f893,
01d7633301c7e8b3,
5c0304633e081263,
003ed7935c089c63,
00f668b301d71613,
0037579300000813,
1c6808630b40006f,
01e6c86303800693,
00d7e7b3008006b7,
00871793d85ff06f,
d007d2e3001e8313,
db9ff06f00800737,
000006930015ff93,
0000089300000793,
01ce8e33d19ff06f,
00f707b301de3eb3,
0087969301d787b3,
ff8006b76206d663,
001e5713fff68693,
01f7969300d7f7b3,
00e6e6b300777613,
6a060a630017d713,
0040051300f6f613,
00a683336aa60463,
00e6873300d336b3,
0033561300200813,
7ff0069301d71793,
0037579300c7e8b3,
01c12083dad806e3,
00c797937ff87693,
014697130015ff93,
00f767b300c7d793,
0008851301ff9693,
0201011300d7e5b3,
00f6f6b300008067,
fff78793ff8007b7,
01d7971300f777b3,
01c1208300335313,
00979713006768b3,
0146971300c75793,
01ff969300f767b3,
00d7e5b300088513,
0000806702010113,
0010081300068593,
0097571300971713,
00030513da0710e3,
00e1242300b12623,
0061202301012223,
0185069346d000ef,
0001230301f00613,
00c1258300412803,
d8d65ce300000713,
00f317b3ff850793,
410683331906c863,
56d6506300130693,
02000613fe130313,
00c68c630067d333,
40d606b304000613,
00f037b300d797b3,
e80302e300f36333,
da0792e300737793,
0000071300030e93,
0015ff93e2dff06f,
000007937ff00693,
00351513b89ff06f,
01d7161300355513,
0037579300a668b3,
00180693c75ff06f,
140894637fe6f893,
3608146301d766b3,
48068c6301c7e633,
01ce8e33de0602e3,
01de3eb300f707b3,
0087971301d787b3,
00fe67334e074463,
01d79713e00704e3,
00ee68b3003e5e13,
e79ff06f0037d793,
006eb53341ce8333,
40a6063340f70633,
12054e6300861513,
0006071300c368b3,
00000f93ec089ce3,
0000079300000693,
ff800737ae9ff06f,
00e7f733fff70713,
40d8083300737793,
00335613a8079ae3,
00088513e11ff06f,
1005886301d765b3,
2c080863fff50813,
b8b50ce37ff00593,
3f065c6303800613,
006e3e33fffe0313,
0087161341c78733,
48064a63008007b7,
0005081300068593,
fe0f0693a51ff06f,
00d7d6b302000613,
0400061300cf0a63,
00c797b341e60633,
01c0333300fe6e33,
9fdff06f00d36333,
fff70713ff800737,
01d7989300e7f7b3,
0037d79340d80833,
00361713d95ff06f,
01d7971300375693,
0037d79300d768b3,
7ff00613b25ff06f,
01ce8e33a0c688e3,
01de3eb300f707b3,
01d787b3001e5713,
0077761301f79313,
0017d71300e36333,
0006881340060663,
00f3769300400513,
003353139aa698e3,
00e368b301d71713,
d29ff06f0047d793,
01de3e3341de0eb3,
000e831340e787b3,
0006859341c78733,
00361613d91ff06f,
0006859300365613,
0007871300050813,
12031463ce1ff06f,
0036171338088063,
01d7961300375713,
00c768b300068593,
a79ff06f0037d793,
41088533be0f02e3,
03800613ea0804e3,
fffe03130aa65263,
41c78733006e3e33,
008007b700871613,
0006859324064663,
90dff06f00088813,
40f707b341ce8e33,
41d7873301cebeb3,
000e031300871793,
003e5e13ce07cae3,
00ce68b301d71613,
0010081300375793,
00351513c65ff06f,
c45ff06f00355613,
0000079300080693,
8edff06f00000893,
02000693fe0f0613,
00df0a6300c7d633,
41e686b304000693,
00fe6e3300d797b3,
00c6e6b301c036b3,
00800637935ff06f,
00c7673300068593,
08a6c66301f00693,
40a686b302000693,
00de96b300d71333,
00d036b300aedeb3,
00a7553301d36333,
40a787b300d36333,
006e3e33406e0333,
0008881341c78733,
96089ce3825ff06f,
0035579300351513,
00c7e8b301d71613,
959ff06f00375793,
410886b3ce0f02e3,
03800613a80800e3,
008796930ed65a63,
00088813001e0313,
8a06cce300800737,
ff4ff06f00078713,
02000613fe050693,
00c50a6300d756b3,
40a6063304000613,
00eeeeb300c71733,
00d3633301d03333,
dc0680e3f79ff06f,
8e0e1ce301c7ee33,
41de0eb3f81ff06f,
01de3e3340e787b3,
0087179341c78733,
b807cee3000e8313,
01d71613003ede93,
01d668b300068593,
0010081300375793,
ca088ce3b0dff06f,
000e0e9300078713,
a31ff06f00068593,
00aeb83341ce8533,
4106063340f70633,
1208506300861813,
40e787b341de0eb3,
41c7873301de3e33,
000e831300eee7b3,
a2078ee300068593,
1807d86300871793,
001006930016ff93,
00800637ae1ff06f,
01f0061300c76733,
020005130ad64063,
00a7163340d50533,
00dedeb300ae9533,
00d756b300a03533,
00a6673301d66633,
01c70e3300d787b3,
00f7073300ee3733,
00088813000e0313,
00088813f84ff06f,
fff7871300068593,
86dff06ffff00313,
0036561300361613,
0007871300068813,
01d79713a21ff06f,
01c768b3003e5e13,
001008130037d793,
98060ae3a1dff06f,
000e0e9300078713,
00068593945ff06f,
df5ff06f00080513,
02000513fe068613,
00a68a6300c75633,
40d506b304000513,
00eeeeb300d71733,
00c7673301d03733,
02000613f65ff06f,
0000051340d60633,
00c568b3849ff06f,
00060713b60886e3,
8e9ff06f00050e93,
fff70713ff800737,
01d7971300e7f7b3,
01c768b3003e5e13,
00c7579300979713,
e2cff06f00100693,
01d717130036d693,
0047d79300d768b3,
971ff06f00200813,
7ff0069300000f93,
e04ff06f000807b7,
eb9ff06f00050693,
0006859300050813,
00058693f68ff06f,
00335313e89ff06f,
00e368b301d71713,
000688130047d793,
0006859392dff06f,
859ff06f00030e93,
001007b70145d713,
fff74713fff78793,
00b7f5b30146d813,
0157169300d7f7b3,
020680637ff87813,
000005137ff00713,
0000806700e80463,
00f0353300c7e7b3,
00a5e5b300008067,
fc058ee300100513,
0145d79300008067,
fff68713001006b7,
3fe006137ff7f793,
01f5d59300b77733,
41d0061300f65e63,
8000053700f65e63,
00a58533fff50513,
0000051300008067,
4130061300008067,
00f64e6300d76733,
00c7573340f60633,
fe0592e340e00533,
0000806700070513,
40f686b343300693,
00d55533bed78793,
00a7673300f71733,
06050e63fd9ff06f,
00a7c6b341f55793,
fe01011340f686b3,
0006851301f55713,
00e1242300d12623,
528000ef00112e23,
40a787b341e00793,
0081270300a00613,
7ff7f79300c12683,
ff55051306a65063,
01c1208300a69633,
00c6561300c61613,
0000069301479793,
01f7171300c7e7b3,
00e7e5b300068513,
0000806702010113,
0000061300000793,
0147979300000713,
00c7e7b300000693,
0006851301f71713,
0000806700e7e5b3,
40a6063300b00613,
01c1208300c6d633,
0155051300c61613,
0147979300c65613,
00c7e7b300a696b3,
0006851301f71713,
0201011300e7e5b3,
04050c6300008067,
00112e23fe010113,
460000ef00a12623,
40a7073341e00713,
00c1278300a00693,
04a6d2637ff77713,
00a796b3ff550513,
00c6969301c12083,
0000079300c6d693,
0007851301471713,
0201011300d765b3,
0000071300008067,
0147171300000693,
0000806700d765b3,
40a686b300b00693,
00d7d6b301c12083,
00c6969301550613,
00c797b300c6d693,
0007851301471713,
0201011300d765b3,
00c5278300008067,
0005258300452883,
0107961300852683,
00179513fe010113,
00f1262301065613,
0111222301f7d813,
00c12e2301112a23,
00b1202301155713,
00d1242300b12823,
0101089300d12c23,
0036151301c10793,
ffc78793ffc7a603,
00a6e6b301d65693,
fef894e300d7a223,
0035959300170693,
00b1282301169613,
0406006301265613,
40068693ffffc6b7,
7fe0069300d70733,
7ff007930ae6dc63,
0000069300000713,
00e7e7b301479793,
0006851301f81813,
020101130107e5b3,
0141278300008067,
01c1260301812503,
00c6e6b300a7e6b3,
0207166300b6e6b3,
0050061310068463,
0036561300000593,
00c6e6b301d59693,
7ff7779300959613,
fa5ff06f00c65713,
00461613f8068ae3,
00c7673301c55713,
00d776b3008006b7,
01c7d61328068263,
fff78793ff8007b7,
00f7773300451513,
004007b700a66633,
ff86761300f76733,
06c0006f00000793,
014127830ae05e63,
01c1250301812683,
00b6663300479613,
0046959301c7d793,
00c0363300b7e7b3,
01c6d69300f66633,
0076779300451593,
1807906300d5e5b3,
00f5f7b3008007b7,
00170713f4078ae3,
eef70ce37ff00793,
fff68693ff8006b7,
00d5f7337ff77793,
01d7169300365613,
0097161300c6e6b3,
0147979300c65713,
01f8181300e7e7b3,
0107e5b300068513,
0000806702010113,
0000071300000793,
00e7e7b301479793,
0006851301f81813,
020101130107e5b3,
fcc0069300008067,
03d0051312d74263,
01c12e8340e50533,
0008073740555693,
00eeeeb300269f13,
01f5751301e885b3,
01d12e2300058e13,
0000061300088713,
0047071300072303,
fee59ae300666633,
40d3073300300313,
0005a5830c051e63,
0047879300150513,
00a74e63feb7ae23,
0005a58301e785b3,
0047879300150513,
fea756e3feb7ae23,
40d786b300400793,
40d7073300400713,
0026969300271713,
00d887b300800593,
0007a02300b76a63,
ff8707130007a223,
0040069300b787b3,
0007a02300d76463,
0141258301012783,
00f6663300c03633,
0000079300b666b3,
da068ee300000713,
0c07966300767793,
0010071300859793,
00000713ea07c4e3,
00f67793de5ff06f,
e6d78ee300400693,
00c6b63300460693,
008007b700c585b3,
00f5f7b300068613,
00000713e69ff06f,
01e88f33dadff06f,
02000f13000f2583,
01e595b340af0f33,
0666806300b66633,
000e258300000f93,
001f8293004e2303,
01e3133300a5d5b3,
00b7a0230065e5b3,
00478793004e0e13,
fce2cce300100f93,
40d786b300400793,
00f887b300271793,
01d7a02300aedeb3,
00000813ef9ff06f,
000807377ff00793,
00100693cf9ff06f,
fd5ff06f00000713,
0040071300f67793,
00000713f2e788e3,
000107b7f49ff06f,
1005379302f57a63,
003797930017b793,
40f7073302000713,
0001279700f55533,
00a787b385878793,
40a705330007c503,
010007b700008067,
0100071302f57463,
00f5553300070793,
82c7879300012797,
0007c50300a787b3,
0000806740a70533,
00f5553301800793,
80c7879300012797,
0007c50300a787b3,
40a7053300800713,
0000000000008067,
206c6167656c6c69,
7463757274736e69,
65637865206e6f69,
6168206e6f697470,
6e652072656c646e,
65000a6465726574,
637865206c6c6163,
68206e6f69747065,
652072656c646e61,
000a64657265746e,
65206b6165726265,
6e6f697470656378,
72656c646e616820,
64657265746e6520,
776f6e6b6e75000a,
747065637865206e,
646e6168206e6f69,
65746e652072656c,
206f6e000a646572,
6f69747065637865,
656c646e6168206e,
6c6174736e692072,
000000000a64656c,
6d656c706d696e55,
7973206465746e65,
6c6163206d657473,
64656c6c6163206c,
6570784500000a21,
203d202064657463,
64657250000a6425,
203d206465746369,
75736552000a6425,
2f6425203a20746c,
6465726300000a31,
6425203a65636e65,
30766e650000000a,
67616d6900333030,
6425203a73252065,
63757274736e6920,
00000a736e6f6974,
7325206567616d69,
637963206425203a,
000000000a73656c,
6f2074756f207325,
73646e756f622066,
25203e20756c2520,
6e6b6e55000a756c,
204d4750206e776f,
726f6620656c6966,
204d47500074616d,
6973206567616d69,
2073656f6420657a,
6374616d20746f6e,
2079617272612068,
00000000657a6973,
2029286461657266,
6f207265626d756e,
6f20646165722066,
2820737463656a62,
6669642029756c25,
7420746e65726566,
65707865206e6168,
7525282064657463,
5d617461645b2029,
616572660000000a,
626d756e20292864,
657220666f207265,
63656a626f206461,
29756c2528207374,
6572656666696420,
206e61687420746e,
6465746365707865,
6f5b202975252820,
7261547475707475,
00000a5d73746567,
20746f6e20464f45,
2c64656863616572,
726520656c694620,
0000212120726f72,
00666e6900464e49,
006e616e004e414e,
3736353433323130,
6665646362613938,
3332313000000000,
4241393837363534,
0000000046454443,
0000296c6c756e28,
0000002f00000030,
0000005849534f50,
4943534100000043,
2d4f534900000049,
0000312d39353838,
6c676e69736b6a63,
6e6b6a6300000065,
000000776f727261,
00656469776b6a63,
000000382d465455,
0000000038465455,
004355450053494a,
4a4355450000504a,
53494a5300000050,
004f534900000000,
0000000039353838,
393538382d4f5349,
000050430000002d,
0000000038494f4b,
0036363830325043,
0036363831325043,
0000003330315043,
4e414947524f4547,
0000535000000000,
0000003130315043,
0000003435315450,
0000003230315043,
0030323600534954,
0000003437385043,
00004c4c415f434c,
00000000474e414c,
435f434c0000002e,
00004554414c4c4f,
45505954435f434c,
4d5f434c00000000,
0059524154454e4f,
52454d554e5f434c,
545f434c00004349,
4d5f434c00454d49,
0053454741535345,
7974696e69666e49,
004e614e00000000,
7320636f6c6c6142,
6465646565636375,
6d6f682f00000000,
63612f676c692f65,
75722d736e6f6974,
70782f7372656e6e,
2d7665642d6b6361,
2f312f736c6f6f74,
69722f6b726f775f,
656e6f6e2d766373,
6363672d666c652d,
722f6b636170782d,
6e6f6e2d76637369,
63672d666c652d65,
2f6b636170782d63,
73612d646c697562,
6975622f73746573,
78756e696c2f646c,
756f732f3436782d,
77656e2f73656372,
2e352e342d62696c,
3231343230322e30,
696c77656e2f3133,
732f6362696c2f62,
74642f62696c6474,
00000000632e616f,
6c692f656d6f682f,
6e6f697463612f67,
72656e6e75722d73,
2d6b636170782f73,
6c6f6f742d766564,
726f775f2f312f73,
2d76637369722f6b,
666c652d656e6f6e,
6170782d6363672d,
76637369722f6b63,
6c652d656e6f6e2d,
70782d6363672d66,
6c6975622f6b6361,
7374657373612d64,
6c2f646c6975622f,
3436782d78756e69,
73656372756f732f,
2d62696c77656e2f,
30322e302e352e34,
6e2f313332313432,
696c2f62696c7765,
696c6474732f6362,
2e636572706d2f62,
7566202c00000063,
203a6e6f6974636e,
6573736100000000,
2522206e6f697472,
656c696166202273,
20656c6966203a64,
696c202c22732522,
257325642520656e,
fffec9fc00000a73,
fffec900fffec9fc,
fffec900fffec900,
fffec900fffec900,
fffec9fcfffec900,
fffec900fffec9f8,
fffec900fffec900,
fffec9f8fffec900,
fffeca94fffec9f8,
fffec900fffec900,
fffec900fffec900,
fffec900fffec900,
fffec900fffec900,
fffec900fffec900,
fffec900fffec900,
fffec900fffec900,
fffeca54fffec9fc,
fffec900fffec900,
fffec900fffec900,
fffec900fffec900,
fffec900fffec900,
fffec900fffec900,
fffec900fffec900,
fffec900fffeca84,
fffec900fffec900,
fffec900fffec900,
fffec900fffec900,
fffec900fffec900,
fffec900fffec900,
fffec900fffec900,
fffec900fffec900,
fffec900fffec900,
fffec900fffec900,
fffec900fffec900,
fffec900fffec900,
fffec900fffec900,
fffec900fffec900,
fffec900fffec900,
fffec900fffec900,
fffec900fffec900,
fffec900fffec900,
fffec8b0fffeca78,
fffec918fffec924,
fffec7b8fffec7b8,
fffec7b8fffec7b8,
fffec7b8fffec7b8,
fffec7b8fffec8b4,
fffec7b8fffec7b8,
fffec90cfffec7b8,
00000080fffec8b4,
0000008000000080,
0000008000000080,
0000008000000080,
0000008000000080,
0000008000000080,
0000008000000080,
0000008000000080,
fdfa080d00000080,
07fb01fc0501f6f6,
ebf9f606f2fafefe,
0209f1d6d8d8dae0,
d2c3c6d333252a11,
242f2823f7fafff9,
2506f1df0b110a10,
1c1df1e12c0defdf,
0b0a00f31a05f2e2,
0c1702e51518ebe4,
201601fbfd0df900,
e3daee0102f3fe00,
19eae1f700190e03,
2b06e4e824f9e8f1,
feff1725200aefee,
13f5fdebfbfff0fc,
d5fc24101d0cfef1,
fb0e1d2cf8231434,
1b1b03c806200a14,
f5271c17151b19e4,
1c231401c5e71016,
fbe5d6df1b16f0ed,
1cf5e408f3f7f201,
01f4061904d2f41a,
36251111fa0114fd,
03f2f4f921111a1d,
ebebfbfcdfcdd0d0,
da050d13bfe0ff19,
34351d080f313616,
fdcce2e232f3d3de,
f0f4efffe4e6f5fc,
fff90c0c03fef710,
00000080f3f6fc15,
0000008000000080,
0000008000000080,
0000008000000080,
0000008000000080,
0000008000000080,
0000008000000080,
0000008000000080,
0000008000000080,
0000008000000080,
0000008000000080,
0000008000000080,
0000008000000080,
0000008000000080,
0000008000000080,
0000008000000080,
0000008000000080,
0000008000000080,
0000008000000080,
0000008000000080,
0000008000000080,
0000008000000080,
0000008000000080,
0000008000000080,
0000008000000080,
0000008000000080,
0000008000000080,
0000008000000080,
0000008000000080,
0000008000000080,
0000008000000080,
0000008000000080,
0000008000000080,
0000008000000080,
0000008000000080,
0000008000000080,
0000008000000080,
0000008000000080,
0000008000000080,
0000008000000080,
0000008000000080,
0000008000000080,
0000008000000080,
0000008000000080,
0000008000000080,
0000008000000080,
0000008000000080,
0000008000000080,
0000008000000080,
0000008000000080,
0000008000000080,
0000008000000080,
0000008000000080,
0000008000000080,
0000008000000080,
0000008000000080,
0000008000000080,
0000008000000080,
0000008000000080,
0000008000000080,
0000008000000080,
0000008000000080,
0000008000000080,
0000008000000080,
0000008000000080,
0000008000000080,
0000008000000080,
0000008000000080,
0000008000000080,
0000008000000080,
0000008000000080,
0000008000000080,
0000008000000080,
0000008000000080,
0000008000000080,
0000008000000080,
0000008000000080,
0000008000000080,
0000008000000080,
0000008000000080,
0000008000000080,
0000008000000080,
0000008000000080,
0000008000000080,
0000008000000080,
0000008000000080,
0000008000000080,
0000040000000080,
0000040000000400,
0000040000000400,
0000040000000400,
0000040000000400,
e4fafbc900000400,
2ce7e4fbe31edae6,
1cf61df2e9f9edf8,
edf210dcd9da211e,
29d5fb063afdf4e7,
03fedf1c2ce9fc1b,
d8edeb262ef9e928,
d6fcf922f3ebeff7,
e21ce6ebe2f6242f,
fbf62a2c3c140132,
ec28ddfaf8f8fc1e,
2cf8ed0ce012e9ec,
d91be92527df12e8,
e7d0de31e20e1f02,
fb00e327f026fdec,
fdf6f3271406e507,
f9fcfdf8dff8d7db,
dcf5f32ee70a2102,
edf5f605ffe4f3e3,
ddeb04e2340ee6dd,
f92724e1ee28f0dd,
e6e5ed02fb20fa2d,
ec06da22e73a2329,
f8e11ffa0430eff6,
e1edfbea3134dd04,
2a01db25ebd3f8f1,
eef0e4ebf5efd0e6,
d71d180735091613,
f2efede7eef1e5f3,
16dbe52135fa1cda,
ec2edbf4f80bd122,
1a3226e815e3e025,
f318caf2e4ed36e8,
1f2916f3e501efe5,
19ebec0d2b2ad9eb,
37fee7f0daf12fe5,
3629f113ecf5ebfc,
35eef9fa322aef35,
2700dbdf323027e7,
e5e4fe2c1603efd5,
cdcc1d1b2708f430,
07070207e8de1e39,
f3212014132dfde5,
e4f72fe9f5eef32c,
14f032ffc1cecf07,
d50ae438f20201f7,
1637d6192de5fd04,
e6d4f520ecdf21d7,
e4142f28e2d43128,
f3d130d1e0311df4,
2af911fb2be4c7d0,
eae5f4eddf1bd827,
31fa11e8ff2ae717,
f0da1ff8ff2401e9,
2225edd936e8e6fc,
23d9e4232dff1bcc,
e8f9e40cfc08ed05,
e4e1f2320dd9fd1d,
f82ef8e2032fe93a,
e3d42c361dd82214,
efede3e5f8f8d9e2,
e7e6e22837e6ce37,
2fd4f3e4f8ec0623,
39d6ece7f7f02f28,
eb0122fef0e4ddfb,
0bfbdbfdcbf7e91c,
e6dde32e00103339,
fafffd0bee14e3ee,
1bdee6dbf6e506eb,
32e8eb2b0feb29d6,
30dd39eefde5d927,
32ed2ef3cfef3124,
2eeb39dc1ddb2720,
150b1efbe1172bfb,
eee4efecf9e522ed,
f6e4f12edfecf2fa,
f6e333fce7f02fed,
def8fbdb1b19e4ce,
001d2efefde0f6ef,
f0e1f625d1fffeea,
07e72d0fe0cfc916,
23dce9ddeb37f240,
3430e5e22c31fcfe,
e5cd36f32127edf8,
e5f0d51be1fd2a09,
e7e4fb34f6dbfc39,
2330fe0629fa091c,
daf7deee261cef03,
26cf04eafde2f01d,
f7db06ea24cbf8f1,
f0112dd6e4371feb,
e332fa0be729dd27,
d4fd2224ce1a361b,
f3fb2efc2f25f021,
e723fefaf525291d,
f2f205e2fd041c28,
cc20d401eec813e7,
19f33bd3f8d81d2e,
0eedd31537e92435,
fae80d03f4f41fd1,
ecf52ae028210e01,
25f715f42a271bff,
18db0e0cf6ede5e4,
fed01d2dcdd6f600,
d41d3314eee1fe2f,
f124d600fbf9e009,
e4feda172221f422,
fd1434292eedea26,
1021ea22eaebe62e,
19e225dfe306e3ed,
e216d5f5060436fb,
3bf4e205d4d4cf14,
dbdf1005f3e501e0,
1514e638e9d7fad7,
eee7efe30ce3fae5,
e518dfd8e5ed18ef,
f101e4f42efce3e7,
28ec152a272219ea,
f9e921eefdf039d9,
37ecec05d8e10a1e,
e7ea2ef2de00f806,
38edef2f23ec01f7,
1329f0d7f4f0da2f,
e001eef23b0b2fd1,
d226f1172cf2000b,
23cff4e6dff2e621,
ec274b2d22d9e8f0,
e53218f8f0f5f118,
e906dee0e5fceb0d,
d6efe530e13aedf8,
ede3e625d1ffcf36,
1b27e7f6dbfc03e8,
2a10e2de31ed3627,
f63544f22022dcde,
f500e0e00025e7ef,
f3030d043931ceeb,
d4edd929d815ddd8,
dbea1fea01f506ee,
dd2bf10729f8f421,
fb2f2535221e22e2,
10fbceef2ed9f6fd,
edd8faeaf8e11cf4,
310d11e51ff6e3ec,
0d0c29d1fceed2f0,
e518f31b093d2ee1,
f82131e0fcebcf1f,
fd26e3ebd92831f2,
e2fcf4e9dc23e613,
25e726ecd9f320ff,
edf2de33f5e622eb,
ec28e0c72c342cff,
e5292f2132e81232,
321000da000417d6,
261ef71201f71cd1,
2a19edee1af7fef1,
0035ffd114242fe7,
280f1821fad91ced,
1ce2fcd6dff8de27,
040d06ebd2e3d80e,
f8ee0fe530df32dd,
2b14eb101727f3f9,
0df4f00220c00cf2,
232a1816d2e0292d,
1a1d051ce3dcd7ec,
e21123e0f625fa2b,
e7e9ec0515041bf9,
32f13d46df3e2528,
2510f0d4260b15e9,
d606ec35ded5ecea,
1c03e0d1ee27eb0a,
31fce62af21fdfd0,
fa1cfb1209ead525,
0124321d13261800,
cecfddcbfa22fdf1,
e3280625cf0f22cf,
ebef2b1a210af737,
f4c31429000fdc2e,
f0f1f40edc062cea,
3c22f11b2614ccfc,
d3ed00f7ef330be1,
e5e522dbeb0938f7,
fcc8cb2b0f102f25,
fae228ed38ddfa19,
e0edeeda1de4d90b,
182431c4ccc90ddc,
d3c5e7e022f2f333,
03d414101b2525d4,
202b330509f61a27,
f0f706f50b0cea0e,
0507f6faea0df402,
f5da0c0f080b0a0a,
fc0af6000b14e907,
f0f508fdfdf608f6,
faf00bfb13040908,
f5fdfef80e021708,
e40003010af2fbff,
f41302f307090114,
f5f6fe0afc060e02,
ea03fd02fd03020b,
0d17fbf2f7e80aff,
ff05fa0bfc0ffff1,
faf307f90106eef6,
08050517ed2407fa,
fe03eff5f9100df2,
fd0608f50c04fe02,
0dff291bfffdf904,
18fbfb04fcea15f3,
07ff01010103e001,
fd0ff405fc140108,
fafaff0012f0e513,
ff06fa0dfd04ec02,
fd1cfd0005fbfe0e,
150001fefd03eafe,
edf301fa14f7f604,
03110b0afb00fe0b,
fafafef7f922f9d7,
f5faf5fe0a00db04,
0c1617191805f30a,
11f5fd03030503f3,
f9010cfafc00f902,
faf6da040f0c0a08,
0004fc00f9e708e8,
f60ef404f8f9f6ff,
19f91311060efe12,
f2060ffcfced04ed,
0500f80d0c04fbfd,
f527f9e614e7faf2,
e806ef0100f813f7,
0f0bfcf80101fc03,
1512fef0062306ed,
0502edfd0d01f200,
01fc04f4e401f6f4,
04ade6e5ff210a08,
03f1ed020dfbe6f7,
f701fefbdbfdf5fc,
fee1f9d3050eff1d,
09fe0f09fbeff5ff,
fb04f701f7fa04fe,
031df1f9f4f0fa03,
f6ffeffdf7ffeaee,
0bfb05fffc000609,
0311e70d02fbfc0d,
0c06f308fbf720e4,
fe02f4fefceafbff,
f810080cfa15030a,
05fef9f5fcd60bed,
ef00fe06de09f902,
fde6f2f5e512fd11,
eef7040707e81b29,
0a08f5fe22f2f8fb,
f748def403f7fcf7,
e0f5f3050427d50c,
010ceff0f4e6eefe,
192ce3f0150209f2,
fcfbf6fd0f0dff04,
ee05ffe4dfffef04,
ff05be0604170607,
defafd01fdedc5e6,
eafdfaffecf2f101,
47f6ebcf20130c13,
ea0efcfb0cf12df6,
ecfc0de80ef3f505,
0d23daed12fee8e3,
d4fd010c1007103e,
0203fef5f9f70508,
25dde6f32d130803,
d8fbf2e801000a13,
05e809f5f5ed0505,
040efcf9171a07fa,
ea04fbf8ebf10a19,
f8f110000502080d,
34110dea040feffe,
eef8fff6f701f5d4,
3cfa04fbf2fa1cf7,
08e1ddf6f50df6fb,
0c050a0400f40006,
17f4feecdff9190a,
0f09f6090607140e,
ea0514fb07fa0804,
05f1fff5f2fdf501,
1e2d38fcf8edeb27,
ec070e02fd0d1ff2,
13e9090b170cd80a,
d94a41091ce1f3f3,
05fb03f50009fd0e,
1a0cf50b0b1118fc,
ee0f01061bf4090c,
06050d01fd0cfae1,
2001081410050105,
f31820fe23ed0100,
03ff0ff70a010c1d,
0b02fb0bfb01e404,
fd0c27fbfdf2f9f5,
02090407fdff181a,
10ff05ffecfdfc01,
ea0004faf5100702,
06fefffe00021518,
10fafe0b1204f4ff,
fb050f07fc09ff04,
ff0100fa0a0b1526,
0e0afe03e708edfc,
fae001ebfc00f9ef,
f1fbfb00fb0cfc00,
021b0c051b0b19fe,
0b02f5090b1902f9,
f3fcfe0200081ffd,
0c0d0bf824f91ef8,
f7f700e707f018fd,
f80ffcfafdfa2616,
090dfefdf60102f2,
12fdd4eb2419fef7,
f20800fe05f2161b,
020006ff0d061df6,
1dbbf3ecfceafa01,
f9011105f8ea1213,
f7030202ecfc0d02,
feff170e04e20a13,
f503140908000bf8,
00f90f011f03ff01,
e8fe18ecd3ef070d,
f604ff0208050afd,
06f303efe4061c04,
fee000edde1906fe,
09fb0bf9f40cf405,
00f30004ef0fd9fa,
01f7f0fee0fe07fb,
01f40802fcfffc07,
090304130bf8eefd,
d615e717f5f6eff6,
fdfdfff6fd02fefe,
15faf80eed03f903,
eb0806f901fbfbfb,
20fd02fd05f7b20f,
1203f40cf207f306,
032801f0ddebf907,
fb080a02f4f7fcd6,
0210f9fe0d09ee07,
f6171a0ff2e70bff,
26f7fe07fee718d1,
1207040100fbea03,
f306f507f80bfa04,
0700f80604f7f108,
00ff0209ff03ebff,
ddeafbf3f3000c0b,
e5f6f9f6ff03eb1e,
fd07fe06130100fa,
0327e0f826f6eefe,
f3fa00f80c0bfe1b,
0a0dfee3fdfddbfe,
f2f0f50627f7f8f7,
fafff705fe0be1fd,
0d1307fff806e6f0,
0ef8f416fe020805,
f40707fdf6fc1a0c,
f61a08f6f1f8f501,
1afd010417030012,
f60200ee12f52301,
25f802fff9fffafe,
0febdaf2effdf5fa,
f10a07fcf9060415,
2709fcfcfb01edfd,
0ff1f90918fefd0b,
e103fcfd04fff407,
0bfc0afffd0010ff,
04ecff001ef2f805,
f40404fff2ef12fd,
fffd080504fcfb03,
fb101311ef18eff8,
f400f7fcf607efe0,
20faf80d210c1d00,
0400e9f3ef180beb,
1604010f01f405d3,
18f700ee02f32207,
fbe2f5f7fa1015fd,
fdfff7fefff30300,
0000fe0fe606fef9,
10e611f1f0eff91a,
f300fe0a01ecf3f8,
0c0a070ae7fce0f8,
093a11e201fcec05,
06f9fefa0003ff0d,
ecfb0813eafa1af8,
fdc8fcf0f6120d05,
e90908f502fa0715,
f0fafd0e0f02ff08,
0efdf1eef802011d,
e0ff0504f1151d3e,
02fffafc1dfa1fff,
1a2b0fdcfef70916,
f0ff0a00f911110d,
fafb0c0321fe02fe,
0350f5ecf2ddfa05,
1a07040603fce5fd,
fdfe0e0e0118fc03,
f6e43705f3130504,
ebf90c000dea24fb,
0301071bfe0303ff,
fcf9000af9fd000d,
dcfffb09050b2208,
1d060e05150bf7ff,
0004f6f40ae1f9f7,
fe0005feff192a0d,
22fafe14fd040000,
f23224f505dbecf2,
1e06f9f90204fa09,
f1fe09fdf20bf904,
f301ed07081303fb,
f10d01ff0bed15dd,
ebfb1704fcfb190b,
0bdcfbf6fdfaf4ef,
f3010dfe01ef25f4,
060c051bf40afa07,
fa07101b0fe900fa,
0808fffa0105fc02,
0a0e0303f506ea0b,
d7f908081101fcf1,
0d03030d010212fa,
00fbff0dee07fef7,
03e111eef50a04ff,
11070604fe00e80c,
eb070101120e0f0f,
f9ef0bfbefdff90e,
fff904000207f009,
05feff0f100be3fa,
f5fc0020f805f5f3,
e904feff0719fcfe,
ff07f6f70a050202,
fbe2ed1f1116fff6,
f105f3f90e0339f3,
fcf7fa05f2fd1704,
000c141a0d0d0602,
090800f10b0ffe05,
12fbf8fbfb07e706,
f61610fd07fc0705,
f4f20c0b0e11250a,
0909ffe5fb010d09,
fedcf601e70effff,
f9fdf10d01000c08,
f6ec01fb0afa2104,
ffd5f21606230f02,
ff0ffd05fcf6fdef,
06fa0410f604160c,
fe1a200af10dfa09,
0901080afa0924fb,
060607fcf8fb0efd,
f2fe1407eb010510,
f4fa09f80503f3f9,
f2fe01f6030124fd,
0bf30307f00a0a0c,
140afaf307001c10,
fbf4ff01fe0018f5,
f6e6f0f7e7030efd,
12000404f600f9ff,
0efef2061503e6ff,
ff1829fce3fdf61d,
2efcff02ff08f403,
f7fbf71efc0216fa,
f1fb100fe3f6f5f7,
f2fc010505031803,
ef00ed0617fdf7f4,
f8f5030b070be8ff,
07f8000310fe0cfe,
10ff02fc050308fd,
ed060611dff5050e,
ec04fa01f00513f2,
f1080317030e0ffa,
f308c6fd121003fc,
ec06f6ff06fe04eb,
120ffd1ee50bf109,
17e201d4e6170ae1,
fe000302f3ef06e9,
22f5f809eb0402ff,
e8bad0bfeb1e0fee,
0bf700fefde600e5,
1609f901ecfb09f8,
0be8efcfe8040a0b,
eff7fcfdfaf4db08,
f0ff00f3ff03e901,
f816e5f4fee9fdfe,
f4effe03fd02f409,
e6f5f5fa1203fc04,
fc1800fa0611fb04,
0efb00f90b09cfd6,
ee0108e61602fefb,
0407fa0b0cf90b08,
1409fd05fcf8f5ee,
f4ff10ebed030bfa,
04fb09fff600f100,
fffaf9fdf4fce1ec,
00010cfa02fdf801,
0df9e2000f00f203,
fc0dfdfafff70805,
0af9fee310061a02,
1705e4f52ce6f314,
11fe04faf60d4808,
fcf30113f2f9f901,
060d1af801e9f700,
f908f8faff0becfb,
05f0f3fa03ffe90c,
ec1a22fc17ea00f4,
00f6fcfdf106f4f9,
fffc06f7f4fbcdff,
fff915121aff0714,
06fe08fb020603ea,
1e0203070303e8f7,
ee0a15f918e9fe05,
fa070a030002fe0c,
10060312f506fffd,
06fa0ffafaf9f8e9,
fd06fffefcfff8db,
0b04f90e0a0003f3,
d1d707190008ffe9,
1a030705fbfe050f,
1202f304030ceafb,
00e327081bf8fffa,
27f80afa03f506ef,
fe02f30b0dfa13ff,
f8f40f1f21e7f1f7,
ff020709ff05f205,
0e00050107ed00fb,
fc04fe2917fdf4f7,
fafffd05fd04f3f6,
f905060106fd1e06,
18fadd03f409f3f4,
e2fcf90001f70728,
fd0205f3f2f82302,
ffdcf8010ff703fb,
e7f90702fb0f1000,
09fc1afe01fd0508,
03f6efe705f5fffd,
02000d0efd1313f5,
040afafb10011bff,
01f5ff02eaf4fd02,
0d08090704fedd0d,
16fcfffc0cf9f007,
f6f4f50bd61c08f3,
fcfd130bfb07e505,
fcf5060afef8020b,
03e72dfef8070607,
090112050b160ff8,
f7fefe24e921eefc,
edf40ef4fff402ef,
d4fb0004fd13f9fb,
fa05fd0cf80908ff,
011dfef9f7fb12f8,
f50103fff2060f1a,
0109f40e03fb23fd,
0af60209e8f5fffa,
06060607ff051809,
16ff021ad801f90c,
ef0a1601330afde7,
fd01080017ee0f06,
040b0805e9f91d00,
fac610eb0cfef9f6,
e7fefc06fbf213db,
f9fef1110c0917f8,
06f8170902e31104,
0d020af708fced09,
05fc01ee0109ea01,
d2ec13d109dcf6e7,
12fff70002ff1911,
0e0109f2f6fa24f8,
fad6fafac8190f02,
12020d0102f0d707,
f907fe10fe00ecfb,
f1e7f7f7d3f6f706,
03ff0b000713f922,
13ec070e0005b8fc,
ceecfb16050deef1,
12fd0af90700fcfb,
0d0f03f30408fef7,
d9d009271014fff6,
edf7f905fe001002,
0803fdf7f0efeb05,
05dbf3f8f608f714,
1700120310eee8fe,
0f0d04f40202fbf1,
17ddf3edf1fd00e9,
f5f2050201f53e20,
0df3f611f9fe010b,
fd0b0109f2f0fafd,
fc080e02f7161009,
0704f4fd0302fe00,
f6050416fff6fbf6,
f4020502fe0107fa,
fdff03f0f202f007,
03ddefff09f807fd,
16090808f9ffe5f2,
0cfc0710ef09fe0a,
fee00bed0cfb0afc,
03f6ff03fffd0c01,
ff060009fffc0f01,
eeffebfc02041b00,
fe02000a06fd1309,
fb0bf71003040a01,
0b0ff3fdfb0cfb05,
fc0306fb070c0503,
fbff0503100100fe,
0de315fa0812fcf6,
00f5f3ff01f808f2,
eafff6f811081bf9,
e8e90500f60905e5,
04f9f4010cf209ee,
f906fc010ff61005,
f2fce509e9f01014,
06fa09fc00f6fa0e,
f8fafaeff5fef904,
1eedeceaf41afb00,
02fef10201fb08f1,
f600fff5ebff0108,
05e7e9fbe41403f1,
fe01f30f020beb0e,
eb00fff6d50cfb04,
f0f7d9e5e618fc0e,
f4eff70004f4f8f8,
f5030ff6ed00f206,
09eafc01f4f80d10,
fafefc0dfcfee8f4,
00fff8fef1fdf405,
1af4eefefb11f810,
0d05020705032802,
05020908f3031305,
f7f728f9040c06ff,
f704fe04f909f5d6,
f900f603e910edfc,
f30b0a1c08062319,
da04f7010716d405,
fa020af5f40621fd,
f4faeafa0625070f,
f202f9fe03e91e11,
f3e804f719024102,
f211ece5eb431816,
03020512f2ffee0b,
04ff0206f1051300,
fe1604051706100c,
07fb0ff8f512240c,
ff03fb04e802e006,
de152315e5f30a01,
e0fb010d040af6f2,
e4f2f3f1ee0f1607,
16f214fdfd09f705,
e9f90b0ef50e1419,
12f503050a052609,
06ee07f9c6dc0c06,
020205f401030609,
0202fe07fa10fafc,
e905150af2ff0d09,
05f8f4fd030ae5e6,
f408f81b031409f5,
11e40500e104fdfc,
f916120310f013e8,
080ffc1a19071500,
0bf2220e03eb0205,
080e0df809080afa,
0f0202010b10f904,
d62b1f04dfe901fb,
0ffcfbfaf81701f8,
0afcf106f002f7fd,
09f005f2ed23eaf8,
0a01f7fcfefd04d3,
12030503e116f1ff,
15b7f4e4db0e090e,
02f80dfe02e8f6f6,
0000fb140209f5fd,
e9d2e0f7f50811ec,
ef0103f006fbf9e3,
0f0ef607f4faf503,
ec12f6ff0b0a0af9,
e30404fef3fbf71c,
f20204fc07050801,
18f3dc0504f8faf3,
f6fe0dfe01e71909,
fffe040e16060b03,
0de619ee0bf9f8e8,
00fd07f90400280c,
0705fb020507e606,
effc37ecf3d7fae9,
0afcffff101aaced,
10feeffef803ee08,
ede00f0516fdf8ec,
fdfdfdf5faffe0eb,
1cf10401ec06fa03,
0ce30ff0e706ef09,
f904081008f2e4ea,
1bfa060cf108dd04,
0201f7e7fbf605f5,
f5fe02fde8050b12,
0318040836042403,
f6eede11faf40c01,
f203f40302031d01,
fa10ff031d0b1a02,
fdf0e31ef021eafa,
f6fcff01ee14f3ff,
e4020d09f703e9f7,
fe0512fe1401fc01,
0f030df1fbf2f5f8,
f60a00080ffd15fc,
ef1af503dfedfaee,
08fe00f7f50dfced,
faf8f7e9f6fa0808,
faf5f903e8e707f7,
fa09ecfdfb0bedf0,
fdf400e7effff503,
07eddc02c8f5fff5,
fcfcff0000000e0a,
f20308fe0210f2f8,
fdf916020efb0910,
fcf7fef5fdff1020,
f70a0e201101f502,
e22efefa07ebeb05,
01f80400010f0607,
f9ff080f1a0bebfc,
f9def007e9100a0c,
0e07fb04fcf2f8f0,
f2f601fdfff1ef04,
dcddfe050426f807,
f0fafbfbfe01d8fb,
def4fbf5e300f008,
f508f4f3fae4fdf7,
f40001fb0411f1f8,
eb04f9ecf9f9eaf7,
06e6feff1f0cf00a,
03fefd04f509dddd,
e30009eefef21510,
fdd9f7f71d080300,
fe05f5fd0aec07f4,
0107fafe1602f5fc,
170ff7e0fe08ff15,
f006f1fd01fa05fd,
fdfafbf106fbeff6,
0bff07f809fa01ea,
f0f50308020d1603,
fcf6fbfdf6f61704,
13eee70207ff06f2,
01faf1fef6f20fff,
0df4faefda0bff08,
f60aed010f06040d,
0306f503f9fef9f2,
0cfcfb0aecfcfafd,
30f91102121d03fd,
f70202eb06fc09f7,
01f906f800f102f9,
00f1f8f2e60c0805,
f103f3fcfc090109,
03fd05f1f8f40dfc,
fa08f3f9edfb0a18,
f805ef0206fceaf6,
f901fdf606000b00,
0bfaec0703f2fefb,
01fff80002f5faef,
040708fa12f7120c,
18fcefd0f405f803,
f1ef01f902f4f6f1,
0b01010cfbf805fc,
031409f7f7f80c08,
03f8f4fe030310dc,
fdfe05ecf3f416f3,
0138f81ff9f7fd18,
f9f404fff6e8fdeb,
f4000810e900e0f4,
243ff104f8fc0807,
eef602f5faf2f702,
0304fafbf705f5fe,
0f1cf9eafa02f7ed,
07fbfff2fa0702fb,
01fef5060af9f301,
0727fa1b02ef0205,
fffef6fa01f50efd,
0b07f813360102fb,
0408110b1600fb0b,
1f08fb0306f602eb,
fc00f515f200fc00,
f109161012050314,
05070301f704e60c,
f30af602ef08f303,
fae5eee805fb0503,
0806fdf8fdfee814,
0efafef406eafe00,
0325b7f7ee01f1f6,
ea04f8000703d714,
0afefef7f8e20302,
23ced0f8fe1302ff,
0500f50604f91d08,
040a05fbf30b0a03,
1bfb020d04200a11,
fbfafbfc00082809,
f20508f6fd03f6ff,
11fe041226f40b05,
e400e602f5010bf9,
020010e402f3feff,
110bcef9dcf6f4ee,
0afef7fffdfaf725,
f4f4f6e915fb2404,
1af4e2ebff0705fe,
fef8fe050107f112,
03fc0003f0f5f1fd,
030a04fffdf90a05,
f20cfaf90613f915,
fefe0df6f406f100,
f808010f00fef902,
dc01f0fc01fffbf9,
06fdf7f8f5030108,
010bd8f42204fdf9,
fd00100a07ed11fa,
f90307f801fd0404,
1600faf105130cfb,
eef400fdf8fc0311,
0506070df1f818fb,
1601f9f6f4f50107,
050b0905030607df,
03efff090bfd0a01,
0615f2e8f3f3f7fc,
f803050e03fdfafa,
02fcfff905f01608,
0ce6e7fffa02fdf2,
f7f2060407ef370b,
07f4031e2d0b0bfe,
0bed0ae7ebefedf9,
fafb1102eef0471b,
140d0410100e05fa,
fd0819dffbc9fbf6,
f6fa0a0bf72aee10,
11020102e0fae4f8,
fd00ff07f9dbeff4,
08fd01010902bae6,
03f60101e5fe0409,
ffe20d01d602f206,
f8f313fe00e6e50b,
03fffc17ef0cf609,
fdf4fdd4fc020d12,
15f4070105f6f108,
0a07080d0bf702fd,
f7f9f3faf2fa02fe,
00fefa0305113eec,
f10bfa06fc04f8ff,
f4fdf30e1a190402,
fa050af60d05e906,
e5f5fcfc0e06ec08,
fced16ed14f7f30b,
fb07fe05fffb0509,
e8040bf610f8fe00,
f2fed70b050c02f5,
0c0309fc03f000eb,
fffdfdf808fc18ff,
f3dee50000e603ff,
fdfbfb0a0e040422,
ff00fde9e700fefb,
18f0e014e6120401,
fc000704fbf60bf6,
f712ef0304fd12fe,
030ae4effee1fff1,
ee00fb0afff504e4,
0104fdf3faef07fd,
fbffefede619ffed,
1604060409f400e7,
04f7e9faf9f800fa,
0ce1dfd4e210050e,
28fcf3f600ecede0,
eff9fffcf806fcf1,
09ccfee2f0fffc0c,
fbff0a050100f61a,
eaf804ecf607f109,
09d2d6fe0d1404fe,
1400fa0e09f5fdfa,
f7090f0a03fc0c03,
0fcee3e6f8050602,
f405f400fd084122,
f9fa090407020406,
0110e80610fe1102,
0e01fffc0116f008,
f10afd0c0209ff07,
060108fb080511f5,
02ff000800110bed,
0ef0f700e1f507f7,
05daf8fc02f8ff01,
1d00fafdfaf0ecf8,
f8fd1306eefaebf4,
ffed1b0405f00106,
effe0d0dfe06c800,
f6fb00eefa0515f0,
ebf4e51dfdfd0511,
fb0b00f20306082f,
fc07fc07040c0ffc,
1a0ceff7f117fbfc,
fdf9fe090af805fd,
e90bff261af6f6ff,
0cf703fdebf5f2f5,
120dfe03f1e3ef03,
fb01ee1207040e15,
012c18f901150e01,
02f4030cf8f707e6,
190100f007f104fe,
edeedb0fecfc0eff,
fc09fd05fdf70afa,
03fcfff705f70005,
3e1b08e8ef120c00,
faf8f7f5fd0805e8,
fe0504f4f7031209,
f8f1e7faf3fc05fd,
fef9ee1303fef4f5,
020304f1e3fb0eff,
faefeef3e9240f13,
10fef5fb0e0503e8,
fa0506faeaf6f3ff,
0700fcebf9f7020e,
f1ff0302fffdedfa,
0cf80805ee05fa05,
250301eef50c000a,
0e0300fffa05f0ea,
fff60410ebfef401,
f1e31d01e70b07fa,
0003ffee0104faee,
eef2fb152006f006,
f8f8220b01ed060b,
0005f9f509074d22,
f7f8fef6f5fd07fc,
02011813e819fc07,
fafbfd0510fb610c,
08fb05fd07fa310b,
f8effdf7db15090c,
15090200fd101a0a,
fdfcfc0cfcfdfdfa,
ff07150110200411,
f90501fe05091800,
000e0ff2f905f6fc,
e5f2d507f6090901,
060cf9fcfaf6f5ed,
0cf5fdffe7fe15ff,
22fb03ddfb0df112,
f50502f6f900f504,
00e609ecf303f401,
f913f6d6ecf105fc,
0afefb08fffbff09,
0bf6ffe8e8fe04f7,
f417eef9fe0f00f6,
f404ee060116f30c,
fa01fcf4f6fb02f5,
0fbef500e91b010f,
f1fc02090805fb17,
df02ff0b0d00eff6,
fdf116110608ff16,
f80208f806f50bfe,
0303010f12faeb02,
fb09291a10e40005,
f40000fbfa070513,
fffcf917fbf904f7,
efebd3f010fe03f9,
f7f3fbfcfefcf3e3,
02f60007e40ff700,
21bc08f2f00104f1,
fefd06f903e903e6,
fff9fe1ee0f6f10b,
07faebe503fbf9f1,
f004f2f402ecfdfd,
19fdfb0be7f5f0fd,
0d12f6f5f7eaf4fd,
1300fafef3f11918,
0a0c040d1801f3fc,
f052f611edeaf2f5,
0706fc03fae7fbf4,
f1fff1fb23fce9f7,
fd191904fbfafafd,
2200f70c01f90310,
fa02f30b03f80108,
00e61f110917fe0c,
f70afaf301f4e7f2,
ed0206fee9f5f9f9,
f8c30202f21a0c03,
f105f5fdf4fce4ff,
0500fffe14f4ff01,
f917c2f6fafbf4eb,
fe02f10104000ffe,
08f605ea0bf90a07,
22ecf8f20df701ed,
0400f90702fafe04,
f4fa03f203f50004,
11f6f909fcf9070c,
ea02f401fbfef2f1,
e6f506f80906f904,
0ffcebfc150ffe05,
d201fdfffcf701fd,
07fffef3f5f7f7fd,
0114e9ecfcf2f305,
070ffcf10b10090c,
0ff5f7f9f5f80200,
100c06f2fafcf705,
03010305f312f915,
0ef0f700f2fc1202,
13fc0bf9fde4030c,
ef0405fc01080f16,
f7ea0dff06f7f8f8,
1c06feff1102f201,
ddf7eefefe080d11,
1bf7fdfef70a0107,
fd0aec031b02f6f4,
10fe040905f90af5,
0a0207fd14fd1202,
05f902052c0b08ff,
f0f709fbfdf60bfe,
fc00fe0b020a0701,
0b0e0b0905ef0113,
000705fcf9fd0416,
0cf7fc08f8fc02fc,
07190cfcf104effb,
f00a02fe08ff03f4,
e9fa06fded0c1a04,
fcedf8021506fd06,
0e05f612fe0910d5,
fffcfefd0d020efd,
13f603f8f8fdfb07,
f204fff7f800f321,
0ee4fef202f90a02,
07f40ae4f4f90a06,
060803f6fff90e0f,
fbf5f502f400f601,
010916f41103fc07,
0106eff101f5f3f5,
0afd05f7f50304fb,
18dfe405ef000b09,
f9fe0a0405fcdded,
0cf609fbfced02f8,
f906f301f4080507,
f401030afbfc09ff,
fb090e0eef03f800,
0d0af5f305fe0802,
1902fd0e05081107,
08f8050400f9fdfc,
ffeb16000cf90ff0,
0900ee12fcfafa0b,
f9ff05fafd07fb01,
fadf1e06d9f2121f,
f909ebfa0cfaf5f5,
eff4fbfff403fcf3,
f8faef0af703f3fe,
edf2f20203fe0f27,
f70602020d01fe15,
fd09faeb11f3fbef,
07020a1709ff0225,
f001fb0211091bff,
fff7f3f503f5fdf3,
1b07f7fff902f909,
f6ff0c070ef2ec0a,
000b0f0bfcf7fe0e,
f90afe0408010207,
0604110309faedf0,
e811170107fffd09,
f7fe000a09040f12,
0bf1fdfe0afa03f5,
fc180705fd02ed0f,
f70209f5fd0a08f4,
fdf704f9170808fd,
050bf209fcf9f50f,
f6000002fd04f7f1,
ff0009f90a000efc,
0302fd03f702faff,
01070602fb020013,
fc01f8120902fc00,
f902ff00fbf8f7f7,
f3000702f9fafa13,
0305fef7ff03fdf5,
fcf90707050108f9,
07ff02fffb09fdfd,
f9fd00fefb020403,
00f3ff0606060005,
fbfdf30a050101fc,
08fb0507fcf5fe06,
0af8fd03fd070008,
0afd0bfbfcf9f711,
01fefe0902fefa01,
04fc01fcfa070403,
f80109fffc001bff,
0507ff080b000502,
02fb0503f9f7ff05,
02fe0003f8fb0a00,
fdfaf90404fd01f9,
08fef211f006faf5,
eb03fb07000afeff,
f8ff07fd0206fbfd,
06f9fafbfcf9fcf9,
030402020303fdf4,
04fb02f70a0aff0b,
fa0b08fbf0f7fa01,
fff7fdfcf4f4fd0c,
fff90502faf9f002,
fbfc0304f5fdfbfb,
fe0706fdfcfafdf9,
0cfe0cf9fefdf001,
fcf901f7fcfefd04,
fa040100fbef0d1d,
f6060011f50600ff,
03060cfafcfafd10,
f9010404fd01fc0f,
fef7fb0afe07ec09,
fd0cf905fceefdfc,
ff0203fef5fc0304,
fb040005fef203f7,
f9f6040503fa03ff,
f60401fb0207fb11,
f9fd0705fffdfafd,
00edff080108fefe,
01fdfbff07f90821,
1afcfbf2120607fc,
0b29fbfe19e3fa03,
00fc0500fa060a1d,
020102fcff000309,
fa03fbf3fdf904ee,
1201fd08060eebf7,
f00d0106f106e9fd,
f2e3130e00f5f6f7,
fd00fcf80206d1f8,
fcf7f8f7fcfefe04,
e2b7fb3303200e01,
fb07030301f81efd,
1bf6f30afc000504,
fef505f6f6fcf704,
10f807ff05ec1f04,
16f7fa0902ff11fb,
02d40beaf0f2f1f7,
fd051101f3120104,
ec01f1050f0321fb,
0cdc1a08ee070afc,
f5f8fdf8060bfa26,
f10409f515ff1efc,
03f1f412edf90e08,
ee08ff01f501f701,
020a0406f6060a03,
f9fb0efa1bfd00f8,
08f4090502fa0730,
0801f910fa051f02,
07f407f5f8fe060f,
fcfef9fe08020214,
e9fffe07f9fe0f09,
ff151ef8fcef12f5,
0306020608ff00f8,
f9fbfef2fcfb0010,
dfe20904fcf2f9ef,
0302f1040c061605,
02f608ede9030404,
01dbfa0ff0110212,
fd030d030b00020c,
f208f508fa0cf803,
faf2f201e5eefb08,
fd0717fef5180111,
f604000d2cfe06fb,
e1e5fb06f0f7f8fd,
00fcf8fe0408ff02,
0a0a0af614fd22fe,
fadf000c0df602f0,
f1ff05fcf50910e4,
0afb0602f1fe0eff,
08c2f7000a2a04ff,
e30311ed0fef0020,
1e050206e602f703,
ffee15ef26d80af8,
fe050bf2f5081114,
08fefef607f4ea0f,
0a1611f81ddbf1f7,
01f609f0f00a27f3,
fdf905fe1102e000,
fe1a0df10ad3f0e1,
fcfc0bfe070de5f2,
ef0603040408fc07,
09d724fa041703f2,
f5f40ffbf6ecbfda,
0306ff05ff0eea03,
ee141810edfff3ff,
1af3fcfbfee4deed,
3a0cff0deffacbff,
f80bf1000b0febf4,
2a0207fb06f4e8c1,
1c10fa0dd803d404,
fb44010a16010b03,
020705010df3edfc,
ee0807121407f800,
021bfb02f5d60e04,
ec0802fb001df1f0,
ff0bfaee0ef8e207,
f0100b0bf8fceeeb,
0301f215021cdd16,
fe0406e0fafeef08,
fff7e7fc0716ffff,
030ef2fc02fafaef,
d80af4ebf40dffeb,
19ecd80715172319,
081108fdffecddfe,
1efe001308f5dc10,
0f20fefe11e1f5f9,
e0fcf60604040208,
160607efee04f209,
0006f60712010a05,
e5050404040300fd,
0a04f201d5f50ef5,
0efcdff81bfb01fe,
faecf702f7fb03ee,
0308fcf0f906f302,
1314ec0406f70626,
f40407fcefea4332,
0dfc01fc210000fa,
ed4105011bd700f9,
18fb0e0302fb09fd,
090af2fc07fee0ff,
eee6280d08effbea,
0009fffe0006eae7,
0e0b0210f316d908,
f0dc1f180700f5f4,
2a02f5fc0700dd01,
110efb04fb0ff706,
ebb50c2a1c180fff,
f00d0000f6f71c12,
1df9f90706f9f6fd,
00d9e6f31304e800,
1a0002fdfdfc2b05,
1700071101fe10fa,
07f521f3e8ddf3f5,
06fdf708f4150502,
e4fcfc01fe0703ff,
ef16030a170f1302,
04fdeb0e0702d8ff,
d004fc0215ff1bf8,
0fdedd19fb1804fd,
f60204fd060d01f5,
150007e4ef041bf7,
0acfe103e80a07fc,
fcfe01fd04e5f936,
12fefd12ee080404,
0b16ff01e8df0a32,
fcff06010306f415,
faf9ff0607073102,
fd2600eeffeeffff,
0a05000008e7150f,
f1fef90b09fd1807,
fe0600d9f3fc130c,
030507f80500f7f6,
f2fd0beffc041007,
f3e20a0fee04051f,
f2050803ff08f6f6,
0602050f080dd5f8,
ee2005140be4fb0f,
d9000708f20d140b,
060afb00f3040bf2,
e32bfd241ee9f60e,
f9ef07f8f0070f40,
02fbff0912fc21fe,
ff1ff2f00aedf8fe,
e8fbf7fef4fbf315,
f601ff0be9f9d001,
f717ec02dbfa0ff8,
fdfef5fc0d07fe37,
ebfafe1915fefaf1,
ff14db08e10c00fd,
f600f9050100e1f2,
d504f2fe14f00ff8,
040cf409fdfc080a,
de0504fefcf618f4,
e3f90df31c011b04,
2e11f1dfd3fcf1fc,
0005fc02f214eeed,
000906f41f0300fc,
f711db06defef3eb,
25fefbfd04f82c08,
f7f80ade02041403,
23f8e5f20627f501,
0efafcf904de1901,
02fff506fff006fc,
02072a11fbe3fe2e,
e1f9f7050105dbe4,
06eafdf9f40fd804,
fb030bea0ecaf6f4,
edfcfd00f90dfcf0,
fbfefaf902ffd508,
fa33011424f6fdfc,
14fe030006fae0ec,
f7fdfd0b16f6f601,
f50005fb1610f5e5,
1d0708f6fa03f905,
120bf708f6fac0f6,
03111607e61109ff,
fa0cf40016f6e8f6,
0f0bf806fbfee407,
14dc091129f90500,
f60002f9fc05fe4f,
12fef4120104d6fd,
f92911ed34f2effd,
e600fe0afe0a0925,
0c0401fd1304160d,
f521f4f52cfaf4fa,
f808ebf9f3180306,
fe100cf116fe12ec,
261901131f09f707,
f3f4fe04eb0e03ed,
e6fe02e703fd19fe,
f2edef1eff00fafc,
ea080a10fff9fb03,
03fd07f30908f2fa,
fefafdffdfedf803,
19f7040508ee0f43,
f8f8fd061ef6ecff,
ee14d5fbcf00fbed,
f7f9010d0bf9ffef,
effaf70e23fa12f3,
061004fff4f8f9fb,
e4fb06fef3fdd7f4,
0df701f205fbfdfd,
2a1901e3dd0ee6fa,
240612fefc02bce8,
1f081008f8f4e606,
fa0a07e9d4dfe8f3,
3a040d0108e0d0e6,
0c0111ec0e0bfdfa,
f7f9e5f1f313fffa,
1b0b130111e21dfb,
fbfef4030d000ffe,
e5e3040afdcd121d,
dffb01f00ff40209,
03ee0f0114f8f404,
1822ebfee6e0f4f5,
e204fef90404fb11,
db0b081025f8dc03,
e544040930ec02f2,
09f30411f7fed2dc,
f200040f1c07f5fe,
f7230df6f2faf4ea,
14f306090e0ce4ea,
f501e704f7fdd705,
f70b0df7000d0ef1,
f508fef907e7e4e6,
fcfe00faf5f3c20a,
17f81beb28131309,
d9fc08f109ff0149,
1eed062209f7c80d,
ee1032053df3ef1b,
e6f70a0afc1a0a32,
fd0dfdf702fc0111,
0416e8ed3b01fff5,
f200030503160d07,
ef1500e91cf9f9ef,
2015102a0e2001f6,
edfa020806020fd3,
f60401f721fdf901,
030c0327fa25fa09,
eefef7000602efea,
03fd0206f8ff0a06,
05eff6fbf5110afe,
02ebfe0bfd03030f,
10fff7f9ff02f9fb,
09ed01dfe4fe0502,
070402f1000df5d6,
fffbffdde402fafb,
02fad011060d0afa,
040c040006fbb6f4,
0bff020afe0ef800,
f2e5dc11df11fa01,
fbf30d1102fbd70a,
f60202080901f400,
fee820050804f705,
1c0008090209f7f5,
ee00fc131ff30305,
fc0a0ef40ff300ec,
fafc04050609f0f7,
e1fcf0f6fc0c0c08,
efffd3fc040403fb,
f2f6f50904ef0be3,
e9f0f7fff3fc0bfb,
2f00eeeefc15000f,
f205fc0002f80c01,
03fd00f801ff00fa,
0825f3f91908faf2,
fafeff06ff1808f1,
0f0202faf8ff1bfb,
0801dc05151802f0,
fc03f7fbfcf3001c,
00fd09de0afc29fa,
03fbdb16f0ec210a,
f00615fef5f8e817,
eef317ef05fb0303,
1b14e2df0201fa0a,
ea0303f9ff011308,
0af901fd0fff28fe,
0df6ee0af106fc07,
07fffd050603fc06,
f2f8f9edf8f507f5,
0cde15e7f6200210,
1e090100f8f50116,
f0f00405f706ea03,
0aee53f8f8090618,
f7ff11060d102a3d,
feeb06091305f7fe,
c4fd1f3f24e40708,
fef80305fdfcd2ed,
0005fffbf3f6fa08,
fd07d5ee031bf501,
0002ee0c081fe7c6,
edfc18d9f80d0701,
06f4e60c11f60502,
20fcfefb0704edf5,
13fefbeb0a10fbf0,
eff3ee050a210a08,
0dfcfafef6e0bed6,
f4060402eaf700f8,
e8f5d600ec071e04,
fcfd09210a0040f7,
fe000ef508fb27fe,
1501e5f52af90007,
eaf8f303f31afa06,
f9f604faf700fe0a,
fd02fb1d1be501fb,
fa08f302fb25d1f2,
fa070be5e906e2f7,
fadfe80bfc21fcfd,
0908f81208f1c1d1,
f2f9fffbfb031af9,
f0dde121f9fd112f,
ff050afefbec00f7,
1005f010f70d1010,
02fc07ee1dfdfde1,
fcf80cfe040f0a00,
1cf0f3190c19e4f5,
ff16320becdaf9fc,
fc01f802070e06de,
050a05ee07fb15ff,
f9e917ff231eefec,
1603fefbfee71a01,
fcee0106fdf907f2,
f8191bfed00def0b,
1c050ef708e3f1df,
07170df6fcf81b00,
f10af00add08f104,
ed020400fffb08d8,
f411fcdbe6f30cff,
0912e411f8ff0ef3,
0bf5f500f70300fe,
01000203fe0f0d03,
02d909fde709fb06,
3bfd0a05fcecf7ed,
05100e01f50de00b,
10fd2cfaf30ffc0b,
0906f40504f7dade,
f7fa03e7fefe10f7,
1ccbd7ef010eeceb,
ecf90a00f5f2d9e7,
f6f80ce9f60df804,
13c0d7f4f30f0408,
f704fc0bf9fa191b,
ef0b17fcf90efdf6,
11fe021211130b06,
f20e0902141fdd0f,
f611ff0ff5020308,
ecee11fcf6f713fb,
0f010cfe09fcf5fa,
0df9020ce1070807,
09ca1f0307eef605,
0c150dfe0dfae0da,
0b010b13e5fff001,
0ae11cf004f600fb,
ed020008f70fdbff,
fbfc06f308102af4,
efebeb25f7050608,
d9fb07f9f0f81c12,
f30d0bff26081bfd,
fc06dd26e81af3f4,
04fb0305f20a0bfa,
f807090cfd130e0b,
090813fd150cf1eb,
220805fffee30ed5,
e200041b14fe13f3,
fbfe0df2f2e606f1,
200a0b02fce9f1f9,
020aefdef4080e06,
e8fdfa0be8e80ef9,
ecfe0505faf6ee00,
fc030007f006fcfb,
19fafdfbd701f7f5,
00040ef602f805cc,
f80f03f6f2071cf3,
07cd04f0d7160dfd,
07f9f80401fbe007,
f500fdfee408e0fe,
06dcebc9d0260a0d,
31fd11f500f3fef4,
f710f7f20703cb05,
f7e6f6f9e60f2201,
eefe00090302ebda,
0a04f60ee601f2fe,
fdf6e506f7050109,
ef05f3fff7f9e508,
e90107f313fa25ff,
06e1e9f4ef00fb0b,
e5fe05f710ea1120,
e8f806f91b0b19f7,
13fcfcf5fe03fe0e,
d8fe07fefd062728,
fbf60b0028ff15f5,
131706c3f1ecf900,
f6050601fb132203,
0101fffd19fff708,
075509e201d5f8ed,
fb0204fdfdf2ecf9,
0cfffe02e606fe06,
fed711f6dffcfafe,
ed0305fbf7003007,
050303fa0202f5fc,
f7f9fff8f0f91103,
e0f5fefb03001308,
2bf30b0c1002e9fe,
0a05faf803dc0001,
fb08f7f608160806,
26f8070bed03da02,
f938fc0b20e8f3fe,
16f9060a03f6f600,
effafe1ff707f7ff,
f7ed23fcf809f8f6,
f80408f90dec16e5,
f8000e000bf40206,
eaea08fef006fbee,
fdfffefb07ee0dee,
0dfefc1a0a0a1206,
f9fd040e03e6fffb,
0bfbfdfd0c04fa08,
faf9f8f2e2fae0f8,
f6f1fb0c0d030205,
0d06f50e08fd08f9,
0b0d0121f1fd0b05,
00f10cf4fcfafd00,
05030307f5fdf3f1,
f50ffdf409fb1309,
e2f2fdf5f3e70503,
11f5ffed05eff308,
070003040501eff0,
01f2f411fa0000ea,
0ff6fbff05fdfaf2,
fcf602f10af4f1fb,
fcd4030c0b1cf9ff,
01fd13f60a010beb,
fa020009e801f0f5,
f7fe0e0ffffe000e,
effe0401f8f70efb,
0108030c0a06e8fc,
091c1d0114d6ecf2,
f8040ef40301413b,
090bfe1b18f7f5fc,
fc0b26faffeafbf4,
f0f31207001d1407,
06010706eef6f310,
f3f5101105f7fbf2,
ff06f900fafb0f01,
0a04f90e18f7f4fa,
f0250103f0160d04,
ecf5f9fdfb06f0ea,
12060a10ff04e3f9,
fe0ef8d50116ff04,
1809f80205ec1bf9,
18040f0600ff0bfa,
1e040ddded03fb00,
f6fefe0111ee2ef0,
0100fa04e607e60a,
f3f3fc021afcff09,
f5f3fe01fff604f5,
0602f70d06f004fc,
0d1709f7fef9f9fb,
fbfdfafdfe080402,
fc0ff7ec13ecf102,
05f7ee14080ffafb,
00fa020f03fae5fc,
fefdfdf904030200,
f802edf602070109,
fafbfb0101f3fd02,
03ffee00f106040a,
0af3e7190406f40b,
d405fd05fef8f6de,
0a01f6f3f3f2fe02,
f806c8e905f5fbe5,
eb02f0f6fcfbf4bc,
11fbf4fed6f6ff01,
0fe1ccd6e6100200,
020aeff40ddef2ec,
fdf6fa0ae0030000,
08e4e4b9ec09fcf7,
f7000404feeef8ea,
04fafc03e6e9fb02,
1ff9f0c9edfbf80f,
0d060b00fc052a13,
0800fd19fd09f605,
fcff1c040104fd02,
03f20308fa03f401,
04fffd070cfafe07,
020d25002708060d,
060cfff00002021b,
f802f2fdfa01fef8,
f80318130c100908,
f90bff0405042b14,
f60607ebec06060b,
f9faf8f810060d11,
11f6f5f80a0eea04,
f9fffc0d0bfff1ff,
fa0708fef827f8f7,
fd0df40517ef4400,
03fc011d07030705,
06fbf005fd0c08fc,
170b01fbfffc2cf3,
0c02f60ff30ef9fd,
2ced1aebfe11fa04,
ff0d02f4fff80efe,
1ff901fe0205f7f5,
195206dcfadf0105,
0305fa04f9020aff,
0b0401f9f1fa0ef8,
0008eefdfa0d0a07,
fbfc00ff0604f7da,
eff7eff4f704ea0a,
17cef704f713faf7,
fd00fffcfe0103f8,
e90af1fff6fe00fd,
19e7fd070bf90214,
04fa04fdf9ef00fc,
fa06ff12fe01f0f8,
eff01c0805f0fb10,
f5fa07fffdfffb02,
06ff0b0e0e12f908,
0df9e8f31802eefb,
f0ff0efbfa0800e0,
09f0fe06ec0406fe,
14d6e9f8e9f90bf5,
0408fe0805e9fcf6,
04f90611e0f8f102,
0cf2ece3f404feef,
ed03fbfef3e2fdfd,
11f9f317eaffe9f8,
ff02f5dafff8f106,
09f9fb07f90beee6,
0cfc0702e8fefcf7,
00c20efeea1f0905,
e011050200ee06dc,
fcebfc12fd08ed01,
fdf3071df3e4040c,
f5f90a06f80236e9,
fe07f1030cfef314,
1d35e7e5d8e2f4fc,
f0f7fb0600e61903,
f6060cf8f2070303,
fd45d8edcae5ed04,
09fe05100810e807,
e3f2fc000b0103f9,
fd0b170af90b11fc,
fb0202f1f2f5e1ee,
f703f01dfe06c406,
ed230b19f3e80208,
fe030418f706fa0b,
21f3032be3f5c905,
e2fb100415040501,
0e0a03f30902bfea,
0afcfeebf312d1f7,
feed26f307e605f6,
fe01fe04f407fc0f,
fa0a0b060406fd06,
ff4ddbee03fcfaed,
e904020d0b0108fd,
f005f6ec1200ddf0,
02f718fc21eff1eb,
f10504fe001aefff,
02161d02e809d2f6,
0feefefe1e1ef70a,
0d0514fa08fe01fe,
ee0afb2eeef8f810,
eb0f06f322000718,
e51304eef8faecf2,
2b06f4f709f3e500,
050efcf800ebf9fa,
e1fb0e0a07fe1809,
f4fbf9fe02ffdc03,
0ef0fa19fdf5f6f0,
e60ffe03e7020415,
05090dfdfb021ef4,
0df2060815ff04f2,
e7070aff02010e13,
f609fefbfafdfb0c,
d3e7ebf21a15fd03,
0708fc09fbfa0e24,
050aef00fafc0802,
04d307f1091efc07,
0502fd03080014f1,
17f4010ed9050fff,
02d208011b05fbf9,
07020dfa05ed34ee,
09fb100f01fffb08,
f10201021ae8fc01,
15fffa11faee53f0,
1f0500100efdf80f,
ea1713f1d3ec02fc,
f5f902f60604e419,
e8ff14fafc0510f5,
ffee04f4f71ffa08,
03f7f900030ce0f5,
f5fe02fb02050504,
01e2f10a0302f9f7,
1dfe04f7f810c5eb,
13000519f307dd0a,
fe00fddfef21faee,
1e05090a0af6ceee,
080cf7ecf8f6fdff,
fcf703ff060d260f,
e401fbfcfdfa020b,
f7f802ed06fe1306,
00f6f0000e031008,
f3050e0d0b1bfa08,
edfdf8e8f509e6fc,
fdf3ed01f3e9fff3,
ed08f4fa0007e901,
e10d15d9f90b0c07,
06f9dd02ef02120b,
0af610fd06f0f9db,
e70d010afffe1f08,
fdf2e6e9f30b0a07,
07030cff0bfafd18,
fcfa01f1fe0800fb,
01e10902faf80e15,
e701fb070810fe18,
f1ecfaff12fc0afb,
fe06f53901ec010c,
e511f8fef70601f9,
ed090604f5fc09f5,
0614fa2223ea0301,
e2fe01fefb05041b,
f30705fb020717ed,
0b06f1fc02e20604,
ebfff60809fbfc10,
e2f00ff206f7fff9,
0dd5d7f8022b0a09,
200f060d0803f814,
f601fdfcf0fb1005,
ffe1fbfff91303ff,
0d00fe04080ffb03,
0103eee3ebfe1309,
f8f9e41018011102,
f70d0000f6fabbf0,
ee08f10eec09f9fe,
f5f4e90609fb06fb,
06f4fffdfd0be7fa,
fce9fb18f4f8f6f4,
15e1f9fcec07fc08,
0dfeff07f5fac9df,
f4ea0d0302ef1b06,
f908e8f300f30d03,
21f0f8f70802e90a,
f0f70af4ef05f300,
f9e4d404f2120416,
f809eff5fdf6fef5,
e003f7efea01f5fc,
01e7e720fd17ff0e,
0f080c08f6fefcf7,
f2f5fefe0afdffed,
12f810fce509f5f4,
f70b0afb1306ecf1,
0cfe01db05f1e707,
e83d0a1af7de0615,
1304eef60605020f,
f2e7f8d3fcfafdfe,
ebecd10fdf10f9f6,
ea00f7f807ebf805,
eb02fdf6fbf5fc07,
4302ec16e7191112,
f902fffe09ebe7e0,
ee0204f704fdf605,
002cf7f8f4fbfaf3,
12f7ecfa0500e4e7,
040403f3eaf5f505,
0b16eeecfe16020a,
2008eb0606fb02fd,
0afb02fbcf06dffe,
04d400dbfc0d0e15,
13ff0af6f8ebfcd7,
eaf9ff0fee03e503,
09f9fff0ff040310,
11fffe07080dc0d8,
f4ffff10f3f6fb00,
f5b101f4d6330503,
e512f304f8f60dfe,
fd06042bef05fa0a,
f207fbfbd5e90307,
e3040b01eaef36f0,
f2f5fa050c03010a,
0b2cfed2cdd1f9fc,
e90001faebfe2ef9,
f9010301fe05f103,
0e45d2e8b7d1f8fa,
0dfefff9f90be00e,
eff7020d07fe0e04,
02fbfdf9f20b0604,
f0f509fff6f512ee,
f411ecf7200ae004,
f714011dfeed0503,
fa0805f1fffd260d,
0103f530f8f7d3fc,
f4090cfa1303f9fb,
f2fe0e110110cbf6,
05e507f3e9fdd3fd,
0cee15000de7050b,
02fcf8f9040502fb,
f3fe0bfdfe02e80e,
fb31e5fa08eef804,
f405ffff010808f1,
f40a01fe030adf02,
fb0112f91100ece5,
e50c07020d0c0221,
00fbfafbedfbcafb,
20f01d090b18fdff,
1201eef109fdfbf1,
ec0b011bedfdea0c,
fbf717eb2dfd050c,
fb05fe08f5f0edfb,
0c09fdfcf2ffdffa,
fc1ef100efdbebed,
e4010b0be7ef1120,
0afd05f31bebd400,
f7060d01090c06e8,
ee05eef9090bf80e,
06020d110a0f20fa,
00150c0517f2f2fd,
0af4fa0c080a09ee,
0306fb02fe020df4,
dc1805041c19fb01,
21fffdfd0002e614,
04fffef5f9fff0f9,
e816f70ddffaffee,
02f8fafdfafcf7f4,
e502fdfa24ffebff,
f9eff615edfafffd,
fd010d000afcb117,
fc01fdfe0e0af6fe,
0604f7f8fa060205,
ee02ff07f31ccef6,
020c09fdfbfbf406,
f20cfffe03ecf207,
0f0300fdf6022503,
f7f20af203f3db02,
ee1fcef20900f3f4,
070bfd0502f3e824,
0101fdf5070500fd,
14f2000a16fa0510,
eef90e01fe082818,
0dec03ff11081bf8,
09011a0cf1d9fb01,
db0905fffb09210b,
1cfbfd080c00f2fd,
df0f06ee14e0f3ee,
fbf603fa0ffd0cfd,
010402f5ff0bef01,
05fbed0c210d08f2,
000711fd00f11d04,
1305f20f08021a01,
faf305f807ec08fd,
07050cfbf9f610f7,
20040021f300eb04,
03182cf8e4ebeef1,
f8000ef9040c06fb,
1dfbfd11eb07f105,
f4f70c0a0c0cf2e7,
150801fd00fe0af6,
07f5fa02f8fd030a,
fd06040a14f7fef4,
14fa0ffefef8f825,
e704f30614f90cfa,
fb15190d14d7f5fe,
f30601f9f609f90f,
ff0c020c2303010a,
fe14fe230904f3f7,
fbfd0101f904f90b,
01ff07fe0afb2201,
06e4fb12101b02f3,
f50505fb0006ee14,
0908fffaedfb16f3,
1df8fdf30714fd08,
07fbf5fd07060f0d,
05020306fd012705,
0de10ee310180afe,
00ff040406fdd5e8,
140000ffff11f3ff,
08f30d0ffeee0b07,
1afbfc0205fb1707,
f9f801fff8060100,
11e716160f030008,
0404fdfe000406fc,
08050101ee0a0d01,
fefb0cf704fdfa0b,
f6f4fe04fff10209,
06f80310fe070afc,
01e6f9f00304fd05,
e90213fbfb16bc08,
f7040202f901f807,
f501edfaec0200ef,
0004fb040010f7f7,
ee0309fe1201170e,
ffe6eeea12110df8,
ef06000604020806,
f6fb0bf9ef042104,
15c0e7f5ee2309f0,
fb07040100e21c2a,
fc0607fb0a0201fe,
0c02e706fff31907,
fa020e0afef910f7,
fc030902fb0b0f07,
0f2307090500fbf2,
07fc0801fffaffff,
07fc000afefd0603,
110c04fcf00e0c06,
09fc04f3f904effb,
f5fc0cdad6ee1c02,
0db8f207d51f0d18,
fa040a080501e721,
eef6fdfa0801f3fc,
f0f6e606e3f4ff29,
db020506fe110606,
09fb1006170de7ff,
e0fdef200ff904f5,
0b011206041a0304,
f90006050003f906,
1718f9f81bf803f8,
0afe0908f10cebee,
e8120708f902150d,
052afc04f8fe14f5,
f010eef6f110f309,
d3fc0606dde51cfb,
1a1e1b1d0c1b020e,
f20fe3040effbb15,
dff3fae0e2fcfefa,
1efc090803260f1b,
1913fa0413f8fae7,
e4f8f9efe9010cf7,
0effe3ec3cfd161a,
ecfff0f9f809f415,
e3fe05f40e0916f8,
15e7f30e08311315,
d904fbf7fe0b1f22,
effefeed06ff2304,
150afd162912f3ff,
f903f508ed051b09,
fcfe05f6de07d9fe,
0efdf8ff0c28fd02,
0a02fb09090e07f8,
1401fe06e60c04f7,
09e51e0210031efb,
0702fdf601edfbe3,
fffafbede6f41dfe,
04e9e2f5bd111703,
f701070207f91208,
26f102030404ef08,
29f5efeede15ea04,
f2f10d0b0505f639,
17f8fc14ff0305fd,
0cf92ff60fffeafb,
03fc100a0a001715,
fa000f021ef22309,
d0ff0f0d0c0302f2,
0ffc01fb0208eed4,
f7f90201e3ecfdff,
09e508fade1804f7,
f7fb0a07fef8f0c9,
f5faf90308ff1408,
06ffe8fdeefd18fe,
ec0b1004f5ee0af3,
14080801fe0c0f02,
ec0ff8f307e20200,
e7f911fff8040e00,
120f090613f9fcfa,
104609e1f4f1f4e6,
1104f8fffbf90619,
0d0efcf000fb19f6,
0819e8fc0fe90403,
02f90b03fcfff307,
fffb01fefa00fef6,
f9e6ea08f6f1f504,
0a0307f205fecaf8,
fd0eef181a06f8fc,
02ef1a01f304f8fc,
0511fdfbe901fff0,
0103fefc0902f1fe,
f0f60808070809fa,
0afbfff303f9d013,
05fffaf706ff11f0,
1201f9fdf7fa04ff,
13fffb0203fc1314,
fef6fdf0f7041403,
0d0301f802edfaf5,
c50007feef06fb09,
f8fbf2130cfe1ff4,
fcfc12f6e7e2f4f9,
f3fcfef6f6031610,
0a0417f612ff1716,
f806020bf107fbee,
e5050000fafe0e07,
06fc0501fbfe04f1,
00f9f9fa160ffc06,
220003f6fdd31719,
13ff091205fa3005,
feda03dde8edecf8,
f0fe0efdf8f70c28,
fafaf421edf906f8,
0ef61702f9e402f8,
f60800f6081af409,
1600f600e600e800,
d6e314e818dcf1e9,
ff09fbfd01090406,
05f900def9f8f5fa,
fff00209f2150109,
0d021a09fdfdf426,
02fc0d31fc07e9f9,
eefefcf2e7e0f009,
fe0d14fcf81efb0b,
08fa061711fde1f3,
dbe62e0e07fff0f4,
fbff0cfa0a22ee2a,
09fb060010071dfb,
cbb10143151109f9,
f3ff040b0cfaec0a,
f906f5fe0204fdfb,
f03cf20a18ecfb16,
15f7f9fe0004f7e4,
030afa141304edfc,
f414fffdf9e9f8f3,
0cf80c060310fa0f,
0501f301f20fd409,
f8f71b0be700faff,
05f80b000019eb09,
060601faf900f6f8,
efb90b1ef81500fd,
edfb0e02fdfb0514,
19fdf7082205fd03,
e8430eea10e3e402,
0ffd10050700291e,
0b04f7fcfe08f301,
fffb0cea050bf3f3,
defe0bf5fc1a2b01,
040900fc24ff3002,
07f3020f07ed0803,
dffd0f0000f62a09,
ec04000517ef190a,
1201f901e6e4f8f6,
dc08ff06fefc25fc,
1f010dfdfd0513ff,
13e0e0ea1819f5f6,
160513f902f8272c,
0a01061401fd2cfc,
0a0408f700e912fa,
0c0414f5ecf1fffd,
f80002f6fd06ffff,
0b052402f4d805fe,
e5070f010bffefe6,
0aec00030100f0fd,
d4050711dbf007e5,
e4f5fb010a100a0f,
0cf300efdf0604f7,
f4011907ee170511,
0d0409fd06fffd0f,
05fb06121506ecf9,
df12f0fbdfe9ecfe,
f60103f0fefefd0c,
fa0af90d150ceb04,
e9fcf702f8e5fdfe,
fb00fc00fe08f703,
03ff051bfff9fdfa,
fde6fc000e0e0ae5,
fb03fc0900f7f9e3,
e907fafc02f917fd,
10d8f6dffa10fa05,
df050efe03f6fd1c,
fefa13fa1900120e,
10f7e8f00cf4fb04,
f3ff0e04f6083ffb,
0efb140c0ef80d01,
042219cee9d7f30c,
ff0407fefcff1efe,
ee07f90210fddc03,
093f1ef30fd5e2f7,
00000204f2f919e1,
edf803f1f9ff0804,
f8e61802de01fcf7,
ee0105feffeef305,
040b1005f40ae903,
f306f202f1fa080c,
0200050304011307,
24020f2003fbd8ff,
e80b09f4fde2f9fe,
19fc06f9080df70d,
2403f607fefccffe,
fd1e140812f70503,
240208ff0c00e900,
ed0005060cf3ea00,
fcf729fedc0d0808,
07f5f4ff0afc06d2,
eef505f4f9fcec01,
e10afd07f7e8faff,
f202f30001f80cf9,
120513f901ffff02,
fc02f6f71317edf3,
1007f90cfe07fbfe,
040eecfdec020c02,
faf9e809131c0eef,
0202100e06f4ed04,
ff11011508feec00,
0508fd0b0903f8f3,
180400fdfffd0607,
020dfffcf3ff0012,
d406180c09df0408,
ed02fd09fe03ffff,
fef2040cf8ff18f9,
141efe0e13ed0605,
f805f90bef10fb0d,
ee0bfef60a0601fa,
10fdf4120d01fc00,
03fd0d03fc06f815,
fdfff7110df6130a,
0411f0f60001ffe4,
f601f6fafd08fce6,
09fd0611f5071604,
faf808e1001d00fb,
080800f4f4f7dfc7,
050909f8fcfff2fc,
00090afff90fff09,
1f13fcff0fdccfe4,
f20810fef804eb06,
fcf1efeed1101408,
f600f4e7fefe1226,
fcfb04f40efdfd03,
1127eafc0502fc00,
f50ef0f8f91bd51b,
ec01fdf1fc02f901,
040a07ff080aef06,
e60cfa08f812c2f3,
e20a00fdee05d50d,
ecf4ca06ec2b09f9,
0af7ff0a05fab404,
ee0dfbfaf70801fe,
27eeddf8ff1bfc12,
e1fefbfefcfb21ff,
06000ffaf7000605,
0c14e80a08f601ff,
d1f80106f0091018,
18fafbfafb0312f3,
fa0ade09f7f5f5fc,
dbfbf506f724e429,
08f504ffebff0cff,
06f9f2f9f71f0413,
fcfbec09f80200f1,
e90219f009031bff,
2204f7f40ffe0202,
0f020af20cf5fbef,
16020c0025f314fc,
0ae4fa11fa01f9fd,
f20afd0106e605f6,
07f419edfff70402,
fa06ff131af9040b,
f9f807fafb010f0d,
f3f40dfbfafb0b00,
0c012f151d00fc06,
05ff0e01030c1528,
03ef0d0409fefcf4,
c11240f218d6f9fb,
0d0002f60411c1e1,
e9f5f9f3df00f8f8,
ffccfa11f11eff01,
fd00f6070602aec8,
d3f9fad8d5ee0bfe,
0fc3cb05f42b0a29,
d704ee01fb11b4f4,
def6fcdfe6032507,
17e1d5fd123b3b1b,
f1fd04f804fd0b06,
ebf602fffc0a21fb,
0f0cdaef0a000818,
ea03f506081ae7ff,
def802fbf30810ff,
09e2ea14f9f9130d,
0105f70800f83c17,
dc090beef4f00006,
20e5ee2f0319fd1d,
eef4ff08f6f30203,
f3f706fe00fb24f9,
05ea06f6fffdfa03,
040610040a0e2a02,
f9f9fb02f904f700,
f6ee1d0a0cf0f9eb,
f902030c0310fb01,
f00805fcf803f506,
04f9fa18da10fa0d,
11fc02f208e6fafa,
eff8fc0ff2021304,
05050debf31df208,
05020cf3feeb07f8,
09f104f700100700,
f2fd05fdfcf6f80c,
ff0cfafbfe0a01da,
15fbf9fb08fe02fc,
02f6080e03fffcf2,
03fb0007010efff1,
ff03fb00020409fb,
050b02fdfd0201fc,
0bfc0804faf900df,
050af7f6f6fd0801,
fa0d0fe5f21f0803,
1efcfffe0205f002,
1400ff0708fef106,
130f0df5f7080811,
1705fcfcfafbeeea,
fe0106f6eff903f9,
effc0708f71101f2,
d90305f4fbf7e0fc,
050309f3130132f3,
20ddf8ecf414e9fa,
ed07280bf7ee3629,
0bfa00050520e8fb,
fdfcfbd6ddc9eae4,
f1fc1dfe0018212e,
09050406f802ee05,
fbea04f6d6cef3da,
effaf9fd0713d001,
1105fd0f0d01eb04,
feb8f8241f0200e0,
fe03080811f1e4eb,
2ffcff24df0cffff,
0fe62ffadef5ea09,
07ff1d0a09def900,
21faf52f011213fe,
fcfe29bce3e70ce3,
1cfe10f70c0525ff,
0a09fb0222034dfc,
f1e2f324f1d310f4,
ec06f90bf902080e,
e909130123012600,
09f7f134d01b04e4,
09030106030800ec,
f0030c1e0c1af5fb,
daf13eec23f9efe9,
0c0907090ae90cd3,
001710040c0418ff,
e20003eecb0a08f5,
2c0ef7fdfdf910fa,
f716050405fa1407,
fbee1514dece09f0,
0f010c0303f901cc,
f8e1fffcd7f9e604,
f2cefdefdf060601,
e2f7f9fa06061021,
e4ff0902f30cf701,
f704f60e0b16fb0a,
eafc0bf80013fb1f,
fe00fa19ee17e901,
ed0405dcedf2f5f4,
f6f818fb0016f803,
f80600fb2e07d508,
d8e2de02f6f509fc,
fb06090ef5fcf405,
fa0bf7ef1a08090e,
0ad3e428f018f4f2,
f905fc05050110f9,
f8fafc030102fe01,
03fef607fdfbfffd,
ff0206fefb01fb05,
fb03060203fa05fc,
07fffe0101f900f9,
0200f9fffe050004,
fb0203fd0701fffc,
fe010503ff03f9fd,
03ff02fa020305fb,
050402f7ff030100,
fe04fd000002fcfd,
0602fc01010102fc,
00fe0601fdf8fa04,
fdfe0008fff90405,
fe000205fe04f0fe,
0100fbfa00fffcfc,
0cfbfb02fffafbff,
fd05fdfc02fcfaff,
00fffd0402f7fffa,
fd00fc0000fa02fa,
fefe01fafa04fa02,
00020505fe0b0101,
ff01fbfbff04fe03,
fbff0102fa05ff05,
0501000002020303,
04fffdff0409fcfd,
f8fefff8fffefa0f,
02f7fef9f90301ff,
07fb02fcfffbf901,
f9f6ff000002fe01,
0500fffdfa000001,
fc00fd0000fd0804,
07fff6f8fb0400f7,
fffc0205fc0402fe,
fefd040403ff01fd,
fe00fe03010801fd,
02fe01fdf9ff0103,
f90200fb0203fcfe,
040100fd01f9ff00,
0000fb070104fcfd,
fcfcff00fc01f9fa,
040bfdfb0103fb02,
fefdfc04fdfeff00,
fbf9040406fcfa02,
01fdfb0203ff02ee,
fffe040200fdfe07,
0001fffd04040004,
f5f8fbfb05071c19,
01f6fef704fd1004,
12f309fb2b00fe01,
eef904f6fe09f505,
1afbfef8f2f40afc,
fae5f80c2eff02f2,
10fdfdfef40e00af,
01f803e8ecfef8fe,
f2eef71f142b0bf0,
12fafc070ce21af3,
0bf2ef0cf80a16fc,
eaf0f209e70f1209,
f3f3f6fcfffb0a00,
f4fc04fcfef21d0d,
0fc9defa0e0a16fe,
edfcf5f5feffe623,
f500f6f4e9050a00,
f604dcfceb070018,
0af4f700f701d5fc,
e9f7fe04e7feebf6,
fffad3e70b13fbfe,
3707000b06eda4e3,
e004fdffeffffb01,
01d6f001e81f221a,
050806fafd01e5fa,
e9fefcf611fc1f01,
0ec418f3e0ff0e2e,
0000fcf3070a05fa,
f3f107ff1902f601,
f110081ddbedea03,
e809f00d04200c1c,
e00106ed09060508,
fa04ebf902070204,
1cfdf4fef3fa0f25,
e6000000030a2207,
f6e0ef02f7080600,
2b0702050cf4ec06,
ed00fe0210f8f603,
fb271211f4060712,
0003f4f303021801,
0bf4faf7fcf8fbfc,
fe18f01b09f7f907,
0001f009ff0b0fec,
0bf50202e3f910f7,
fdd8ebe90f07fcf5,
1d05fa0505fa0f1a,
fefafcf2faf92203,
08fc0ffb02f70300,
e6080200f002d8f1,
f504f8f3fcf604fc,
0a2fecf10107fc0b,
f60205f90005f0ed,
f30a0ae30c041008,
fb17f0e8e2ff0109,
0efdfbf5fbf0bc02,
fb06fcf5edfef4fb,
1402f8f0efebf80c,
0401000502ffc20d,
e70306f7f3f6cd05,
0005f9f01ffcfe00,
e8fbf8fa04031512,
01f408ff09f6fd03,
f6170a061ce50405,
e9060a000c0b3915,
0af3ecfee500e9fd,
07fe0c0c22f5ff0d,
db0506080411160f,
fffe0dfc0f08f304,
0c06fa100df8f6ec,
e00303fbf90e2f18,
0f04ff09ee09fb01,
f906fa1e28fcf802,
f70e0806ff041ff0,
11fffdf6ecfe27fa,
10cfdbece80afefb,
f912110404e71e21,
08f91109140a1bf3,
03e9fd01efef0303,
edfa0603f5f2181e,
0c00120ef50105f1,
070f16f4f2edf2fa,
06000306fa050413,
20f9ff1300fef6fa,
f53605f5fb05f2f2,
11fcfd010806dfea,
fffdf10bed040204,
03e027ffe0020dfc,
09f60e00fd05effb,
f2fbf3f10404eff8,
f81107eeede808fc,
fd0105fe00f602fb,
edfdfc021bfcfc03,
fd1d1508f0f3fa00,
eef500fcfcfe0d1e,
f6070516f904e504,
052604e406fb00e5,
fc02000107f6f8ff,
f8f509f1f3020d03,
05e4f2eff00d07fc,
0a0801ff010410fe,
ef031bffe504fdfa,
fdd8e20fe82110f2,
f802f505fafc0f05,
e5070c09ff040f07,
fcece402fe0afc02,
030a0dfefb0aedf8,
fc020003f500f403,
f700f6f3050000f3,
08090b0008fbf1e3,
fefc050bedfa05f1,
fef70ffafbf70b00,
0cfe1102f400b1f6,
ecf9f915f903f1fc,
fd22301af9e8ef08,
0dfe0a040200d50a,
e2fffbeb0d09f2fa,
f0f1ec10fcfafbf4,
02ff03f50ef5f6ff,
e606effeef010f0a,
fde9f51ded1afb09,
11fe16fc02f4efff,
ea040b122303def7,
e9fc3001fae4f3fe,
f005050afafff7d2,
0300071e1000e800,
ea2f3012f1e1eff7,
1b08ff080a05fde0,
0b12f5ee05f40904,
ebf8f503ff0bf7ec,
f903ed02fff2f102,
f1fbfefffc0bf705,
481ddff9e10ffd17,
f4fcfdfb080403ed,
fc090505f60603fd,
0011fc050ef3fdf0,
de00080efdf7030c,
1413f8eff1000701,
07f7f1f32006fa05,
ef00ff08040706ef,
0b0200f7e701ee0b,
0cf0fbece809fd01,
17f6fef9f909f8fb,
f4fe0001f4fbe805,
1bf605ef00fa0104,
f903ec0602ff2e20,
01070702e4f5e911,
f1e3261907f30114,
ef11f0faf4f6f106,
f90103faf0f403fe,
05f917fe4114000e,
2103f4faee08f823,
06ebf9fafa0ffe00,
fb092c0a30f2f303,
0df9fd0512062ffb,
1bf9f90a08faec06,
e7eb2a050ef3011e,
ed08010a0b0a1a07,
0beff004ff09f2f4,
08e4011413390a03,
eef7ebff0aed43f5,
01020714f6010c04,
fefae2fd0100f1f2,
3505f9f2fdebfbf9,
1410f119ca08e4f0,
04150bdbdc23fff9,
3913f30908fd04e5,
1f06fd07ef10f400,
043615fa0cfb1cf7,
e6fdf7f900fb0701,
fa03fee4f5090c0e,
f9f4e110f0ed2004,
defb00ff0c05d80c,
ee0002f2f00dd402,
04e3cd16d715f807,
f708fb06fa12da07,
e214ebf6e2fc0ef7,
0d00e1e8e618190f,
fd00fff808ebf4f0,
e60dfe0b01fd1dfd,
e7dcd4f2ed0c170a,
f9fb03ff1002f604,
f3f506e8e800f0fb,
11d104fffbfa1214,
c9f6030d0af4f20f,
0a01031900ecf916,
1a25d734ecedf605,
e0f9f803fb01e8fe,
f7f3f6f2ef0905fc,
eb3dcbe923faf7fc,
d1f602f9ff0104d3,
fa0ce6f1f0f11ff6,
2c16e5e5fef602fd,
fa13000000fae8ec,
f4fb0ff7e9fa2800,
09d908defe19fbfb,
f4080aff04fbfeef,
01f7060ff0ff120b,
19eafeeeffeb030e,
f40404fef5001508,
04f20f0917fffd07,
092613dcfeddf8fa,
070606fd02f72901,
010302061e11f407,
fa3d0bf203e50104,
fe060109fe05f1f5,
f6fbf8fcf908fef7,
fcdc4101010b0905,
f7ff0afb0604ef01,
eb020a08f417f6fd,
f3f9110cfaf8040f,
090708f603fee4f5,
0e0e0313f910e409,
ee02f9fb15fdf1f2,
0df60a010611f5fd,
29f70908ec01f60a,
ee2515f705070bff,
1209fefb0507ff07,
f1fff502ea042702,
01e9f5faf22e0cf9,
f9f8fbfc00f70ff5,
fd0f13ebf308fffd,
fcf7fc0efeea09fc,
f40dfd0402f81bee,
fc10f70b08f90f0c,
1202fb0c09fd0501,
01000702090ef228,
fc07fe0d07030705,
ec0eedeffd02160b,
1501040703feeaf5,
fe060cfbf5020607,
0ad81202dc060d0c,
f6ff11f60b02fd23,
eff8fd080707f50b,
e205f917e3e7001a,
ec030404ee0607ff,
0201f7f90b1418f7,
ef2ff81b0df1fbf1,
eef902f5f90f03fa,
fc0e03ea130e0cfc,
1110f71606f10af7,
fc04fafa03fa11f2,
000f01ebfd081207,
f904f3fbeef6fafe,
fefc180cf6f32509,
1204fb01fe01f804,
ffe904f9eefae6e0,
e9ff02f2fcfc0421,
fd0501011ef70909,
01f322f5f8e1f2f3,
e7080e03fc07fbf6,
fcfd05f41cf8f102,
0603091601f8f5f6,
090609fe03f3e2f4,
180604f8ea0a040b,
fef20803d302eeef,
06070b0801e70711,
1300eefc04101d00,
f5e8ede7eef7fdfc,
e3000ff3f6faff1b,
0d0502060ffa1ff7,
e4060416e8fbfc09,
eefcfa04f8000bdf,
f7fb071513fcf704,
f60c0003f40bf1ee,
08fff900f2f4f2f8,
eafa050a0efae9fe,
021816e9e611f7f3,
1aff0a07f4e703f9,
ea02040903fe12fa,
e5f923f0daf104f4,
13f40aff08ecf4f3,
0304fe09ed0fe0ff,
15132df9f5fe05f4,
0af5eb091109eaf9,
06f2e605e2f6e0fe,
e5d80cef0ef7fdf7,
cb01f40cf2fb0c46,
f7f80008f505f2f1,
f312faf439fb0410,
e0fdf814fefe1a46,
02040a1b0009ea02,
ee29f3eb1dd7ef03,
e40003fcf91ef414,
0513f6072303ea02,
fef9f90ff705feeb,
14f8ed051209e9ee,
fd0e03f40beb050b,
e3c6dd1101230af9,
e7f5fa0006fde20b,
ef0afefb0d04e504,
0010fb0bfef4f905,
0105ff08fff50013,
fb02fcf81604d6f9,
fd161901e2f4e3ec,
04020507fb02371e,
fb0aec02ed02fbfc,
fbfa1119f9fd00f4,
f608fcf90111f3fa,
f30bf9fa00fd10f9,
0ab8f922061700eb,
02f705fc0504ed03,
1a06080a05fef302,
010beef1f0f6f9fc,
0f03ff0d06ef1405,
0f09fffd0bff1afc,
ff05f4cc071002ee,
0604040204f61406,
05f5f6f40dfc3003,
f3fc05f6f1d61d14,
fc03ff01f70b1014,
e20309fe0afdfeff,
03f2f701f7fafbf1,
e7fbfa04fa0cf2fc,
0702fd020e0cf201,
f5fd02f60d05f50c,
160208020404f1ec,
010a00f9fffe0d01,
fb1bfcf5e00406f7,
1c030a0300fbf5e9,
0207fa03040001ee,
080e0a04defd0402,
f4fcfe000703f6dd,
08f6f9f70afbf005,
04e405030905030c,
e404fb00090a102d,
f5f7f800f405ef01,
f50806131df8fb04,
e6f30a030710fcf4,
fbfa01faf4fffbf9,
00edf8ef10f9edfa,
01030607fb00fbe6,
f9faff0007fff7fe,
19f8ef04fa010c01,
ed09f50601ebf7ec,
f201eafe01fe06fb,
25dfe304d70afdf2,
08f4ff020af611e2,
110301f614081dff,
02f3ecf903f504f1,
fe070ff30705f6f6,
1c04090411fffcfc,
f2f700f907f60ee6,
fafd05f406f91509,
09100aff0e0c02ff,
ed1202edf0f3fbf8,
e0050dfc02fbf807,
0a0c02011904fd01,
09090c07f416fd07,
1e03f4fc02fcdaed,
15ffff0bd706fa04,
07d60ef7dbf901f4,
0cf80ef307f2fdeb,
0f13feeef208fbfd,
08eb0c01e3011406,
e4ef0af80df80205,
f7fef703330633ff,
f40aef1102de01fe,
ff050b0701f71be9,
1f05f0041e0a14fb,
f7370313effefbee,
0bfe0805ec10ea10,
e8f609132009f000,
ed2136f62607f603,
1601fffe04f8f2f6,
eff9ff1414040004,
e3262ff9eee4f0f1,
18000f0302040eeb,
fffbf7fe0906f103,
00021406f8f2fe03,
03fc0202f6fef3ec,
1402fbedfd04e5fc,
f2fe09fdebfc00f3,
f00103fa02ed225a,
03f80405f6170af9,
f916f6f822f9fb03,
e600090703090d2e,
fb0c010105131b02,
0600e40415edfaf2,
fd03f8f1ee0dfff4,
0c11fcfc1100f6fd,
0fecd014f30c07ec,
0e0eeef90506f4ed,
f90a0af8fc010af7,
18cff7f1ff19fff6,
0007f603fef60f11,
13fc0bf9f5e1f9fb,
15f00efbfcfafc0b,
0afe04ff0d09edfe,
fdf30dfcfe110d04,
e6ecf2eb0c0aff00,
defe16f6f9140003,
f8fbf9ecf50ae5f2,
07eff6edfffb0dfd,
060705f1ed1204f4,
f8fb040819fe0cfe,
ff00fdefeb0cfdf9,
0001060306120000,
1a0af313f710ed00,
eced16f10b01f509,
fbf008030ae719ef,
06010716f61cf0ff,
fadd01f500f402f5,
f4f9150ef917db00,
fd07fa1a131e160c,
0213fefd0bf00900,
f704fd09fcfc142c,
040b03031df824f3,
f2f7e3e1ecf6f500,
f8faeffeebf7ff0b,
fa0301fee71310f6,
fbe7effc031ef0ed,
f509fa08fdfb0e05,
f90e0f100d111703,
fec9e9fdf8000af9,
0d040aedfbf117f7,
f4fef70613ff05fe,
ebfb0613de0008f8,
fafdf60301000009,
1cf7f2fa00020407,
d1f9ede6dbfcfbfc,
f206fef7f6f529f5,
fafb0a09fdfb11ee,
f9d30905c71c0c01,
f2fe08eef702dc1c,
fd0dfd00eb09d4fe,
f0f4f1e7d9e6f808,
e7ef0dfc0809e228,
eff9060118ffe802,
e5fde719f5100600,
f9f90609f2fee9d8,
f810f0fc03fde6f9,
1deffafc002300fd,
0a01f9f201fddefb,
ed0805f7fbfcddf6,
f014f303f5020100,
06fbee05e8efe3e7,
04fcf1f7120303f9,
011015040ff0fa13,
1b05e602f7e80dc2,
0b060aec04f80911,
ff18122c0e19161b,
03f7fdf904e4f80b,
fb0d0cffe101050a,
faeff308ea01060c,
eafaf7ebff031414,
0bf1f70429f3f4f5,
043bebf91d11ee02,
0106f10e09251df1,
000706ce18faf403,
fffccaff1fff0209,
0e00f6000e03e9e9,
1006fefad2faf501,
17fbc90500220d0f,
e513fa0103f8e2f4,
f0fd0cf1ebffe9f7,
1bedf3e623030d1c,
e40bfdf110074000,
22f4f2e1f3f50900,
0f40c5eb11f7fbef,
f10bfc09021c0818,
27f902e906f30cfc,
39decff01c001408,
ecfaff02f5f8e211,
09ec0ef203fc0dfa,
11f1ddf7170e0902,
f7eefc07fefa02fb,
f2f922f2f4fef3fb,
fe260cf50b0be801,
dbf7f90302f505e8,
13f2fcfffffd2cfd,
13f9e104ee1fffea,
0c00f70e08ff08de,
07fc0fdaecf116fe,
28d1f3f5f61a2019,
09000a0001e105eb,
eaf60107e301e800,
170830fbfaeff229,
f60803f2ebfb291c,
19fb0b0b19f7f5fd,
d542480e00e1fefb,
fd1400fa06f91713,
05fefcfd060f20f8,
15e1d7e905140aee,
f90702fb0d0609f9,
030008f3fe0404ff,
fbd4e0fa12000c0d,
00070c0105091908,
f4f40107f0fb080e,
06fbdce9051b130a,
f90308f70606d9f2,
fc00ecf9f3fb0bfd,
fcefedf2f8f30df7,
f7000f090a15fdfe,
02050812f1faffff,
11da10f5f7100908,
f503100aee00baee,
f4050df8fef5fafc,
00fb3704e4f20204,
05fafd060b1409f5,
df0afbed0efffff9,
f3dee50cfe0b01f3,
0cfdfb02ff07c908,
eefaf0f000fa06ff,
fceed914cd130412,
20fc0e05fbfbef07,
ea04060023f8f0fd,
f704380a04f6030f,
f3fa0107020be9d5,
02f8f60a040ed608,
f144242adae2e6fc,
0002defd020f0afd,
fbfb09e7130613fa,
f5edecf91518fbeb,
f902f7fcf8fa0bfe,
fa0b0300fe14ec00,
35200e10dcf9fa12,
0c030904ffeaebe9,
f2fd010c2d020e0a,
0014f5040f0403ee,
f3fb05f3f809f9f5,
0d13f5fce5f5edec,
fd0605db180700ef,
1803f6160b0c09ee,
0e0700e9e700f601,
f2d2ead9f418fb05,
170bfbfa02ebfc1f,
0b01fbf0f5fee000,
f90304eaf901031e,
f305ec03f5ffb1ef,
f5fb00f4e4fcfb07,
03f9e0fa03000f03,
ef0ff3fcfc10ebdd,
d4010be4cff1f2ff,
17efd50d0029050c,
03fb00fa13f9d6e0,
df0100e10b002101,
1cefdbf3f2180b14,
fff9fb0307ec0905,
e8fc0ae5fcfd0e0a,
0f11dcf1f1010b13,
ee09f2000802f50c,
f5f7faf1f503fc00,
15dfe90500210702,
d506f605f007da1a,
f2f209e8efe7f9fd,
0f07e7191619f117,
f703fbfb03feca08,
f6e50efaf0f90004,
0fd9fa0014f0fe05,
e50207000611f70c,
fcf3f30cf3fee20b,
f1fb16f908eef90e,
0afb090205fbfcfe,
fbedfef900fb0107,
04de100cdf1d0105,
08ff06fa12f715f9,
0b03001711020000,
07153007f310f508,
18fff9f80af41401,
080600160dfaebfc,
04f91f0310edf1ef,
f0f70b0afb060dfc,
1501f41a21fef601,
cd0a2d2108070afb,
05fc0dfff7f7e1fc,
f804f802f204f607,
021101f5f6140504,
09041101fe11edd7,
f5ff050a02fcf7f3,
160410e7f40207f8,
1a0102fa0707f3ea,
0d0b08f3f6030c04,
f911f9f0fdfaf4d6,
f8fd02f8f802ffea,
020bf4fa0610fc01,
0b26fff600091307,
1cfefafb0212e6da,
00fe07ffe5f90a02,
fec2f5f8ed25090e,
edfdfe0605f808d7,
f9040519e806f106,
11051bf700ea05f9,
f5f80ffffafa24f6,
fcfd020c03fbf007,
0b2915f8fbe8ff04,
07f2fef6fdf81c03,
fcf102f606fc0005,
f23100e0e1dbf1f3,
1409f6fe0a13dbe9,
ec04fefdfc0409fa,
fce21306ef1e0b01,
f7010003f4e7eed3,
f701fa0bec11e1f8,
f500ff08f6f20dfc,
18fffef903e9edef,
2e07ff1bf606c90a,
0dfe0ff81600fa0a,
06fdff0212fed0d9,
2901fa05f303cdfd,
ed28110408090e00,
04f206040002f1fa,
e5f1050d0710f003,
042af90a00f30bfb,
f3fc01f0f907f605,
f40cf8f30805dd01,
030b110bfdf8f0fc,
f805f3070905edfe,
01ff0c06f1fde1f9,
03ee10ef071f0506,
0307fb0004fdf1e2,
ec04f608e7f4f213,
fbf2f80e1b150215,
f30204fbf8ede4f3,
15fdfa0906f9e5fe,
fa0ffaf4f7e4f3fb,
e909020502020a06,
ff0301f402fbfa07,
0800000e0ffcf502,
e1fde803010400f5,
0102090cf9fe1808,
10eff70d1902fafc,
f306f2f2060b0f04,
ff0002fd0d040ffe,
0bfef003040b0301,
e1fe03f6f5f5ba0d,
ee04fbedee02d4f6,
fa1febedd8dbf4f8,
0ef609ff0af50513,
dcfb09fdff10fd10,
ff07e0fcd809f3f8,
0cf5fcf7f605e0ee,
ee07fafafff910fd,
f707db10e7fdfdf6,
09f7f000fb0cf0eb,
efff15080f01020b,
0fdbf304da16e900,
e2f9f000001f07fb,
fbff14f91009eaf2,
f2f7ecf908e0eafe,
0dfefe0bfeffdc0a,
06f510fd100b0afe,
f41efee4fa1104f2,
2ffd0ef9f8ffec08,
16eefdfc04f6e708,
f30c34f5e5de0108,
f50312f9fbf1fbbf,
f4fdf9f500fef6ff,
fef0fedbe5efebea,
f60804f918030af8,
fef8faf5f612bb01,
f6e7061652ca00f7,
ecff06fd03ecef08,
0406ed07e6f9eb00,
e90bf508290c0101,
0a03f7f9f3fedfe2,
060a060ef0f7f3ff,
eaef02ebe9feebec,
fd09000b02f306eb,
0400040313fffbf8,
02ebf22fff0d2404,
280307ff050510fb,
0a07f8eefd0fe606,
fbfc24fdf9fafafb,
f9eff5f205fefce9,
14faf60c0e0015fe,
fde9e9131a0a0bf4,
f10a05f8fc0b021d,
020afae4040229fe,
fe10dcf6170cff03,
e002f505faf4f7ea,
defef7efeb050614,
2b03eaeb02fcf5f7,
ea05f4f90df9f005,
ecfffdf7f5030bfa,
0eeac6edf403f6fb,
f1f9030bfc1813e0,
ce0b1afb14f3fc09,
f0dacffdf01bfe01,
e4fcf9fa0b032e21,
d10202f104ff0e0b,
02df05e6090a0bf8,
edef08f009fbd9fb,
dc040bf91510fd06,
01e500f708ed0cf8,
0408f00007ff17e8,
05f710ede4fd0d03,
0bccfb0af0f3fb10,
1f0b1afceaf1f901,
f80201f3d4f1dfff,
03fe3308f3f8fb01,
ebf8fa0dfe15f200,
d3fce9f02407fa05,
ecf2e928f9eafafe,
ea01f9f9fef7fc0d,
f5f6f0f1fcf70705,
fde7f32ce31305ff,
2b062411ff0ce2f3,
e4fc00102c04f1f8,
ea0e460de8eaf902,
1bfe02ff01db0bd5,
fff5ff1a0bfce1fb,
e82b3925e9d8f7e9,
fe08e8f20600f1e3,
1a03f5f117fe0312,
e6f1ea0ce907fbe3,
00f9f0fb01fa05f8,
f903faf0ff000802,
371fe70bd70ffefd,
fa05f4fb0affe5f5,
eb0ffbeff60c05fc,
0d1fd8f406f5fff1,
e2fef40cee03f6d9,
0b19f1f1f20b15fc,
21efd6dbf6201501,
050bfbfb0af0f7dc,
f9100aefe6f4f803,
18fbe3cffe1201fd,
3201fa01f9e1fde1,
f6fd06f5f3fdea0c,
1f1518d4fbf00915,
fe03fc080c0216e9,
051009ffebf62eff,
fcbbf5ff121106eb,
eff909ed1705132f,
faf312fffffef003,
001305f5fffd1110,
eaffff0d0504fb07,
f6f21adc11fb0502,
ef100702fc03fc02,
030a02010bf8170f,
e7fb09ec14f4fef8,
f61efbfa001303fc,
2b030e0d04fee8e9,
0b01001f030af9fc,
f5dd4b09eb011f18,
fc0117fa060e05fe,
0207fe07fc09da09,
e0033524eef6010d,
f500090b0e06160a,
20faf2f910fef300,
ed16eb2127ffe7f0,
06f805fefa080ef5,
2908fffef9f70bf5,
f8111b0de50b06fe,
22f60bfd05fcfa04,
f91301240f0ceffa,
f432fff5ef09eafd,
f4f9150a040af7d8,
14f8ef1213f60000,
f6ff25ee00e8edf4,
09010c080df7feda,
19fd030c210801f7,
05fe0b14fa08f5fa,
1b100bfdf3f404fd,
fc0af800000711fa,
f43b00eeed011412,
0a07fdfdfe0306f0,
fd17fafee6f71c05,
f8c2f3e8e309fef2,
f00504f8ff00f6e9,
e9faf9e8f705ff0a,
1cc5ddfc070e120f,
0403eff701f100ff,
0ff7f0f9cb01edfc,
06f9c7f0fc020a09,
fe03f4f701fd04dd,
f50dfff5f1f7e110,
0dfa05e402ec0c11,
1e04110008061dd5,
1d030505f8060dfc,
05fb08070503fffa,
070703f6091128fb,
22f8f72206050b10,
05142af516e30104,
020005ff16fc2d14,
ff00ee10fdfee9fd,
020e2114fae90001,
0dfef80201de2cdf,
050bf204f40df901,
e9eb100ded0402fe,
0908080ffa02ee05,
0501f906f6fb0aef,
fde506fe0f310b09,
0400f9fd00fbeff3,
0d04fdfaf30d0302,
f9eddff8faf609f6,
17fff202f402b4f4,
0c0806f7e4fdf506,
0bf7f2e9e71105f7,
1cff0101fcf4def9,
f60e09f413f3fb03,
fbfbfedf08061a0d,
f405f00005fef809,
fe0201d3f9fe2ff4,
12e0e5ff14171405,
e1120c0a0905023b,
e0f809f6040806fa,
19d6d50007fa0802,
ce05010cf1f9fa0f,
eb060cf0f00010f9,
1514fee903091213,
00f80c080500021e,
f1fb0ff90dfa0cfd,
fe03f4f9f802fb0e,
0303f8f601f409f3,
09f414e6e5f92dfe,
05a8d6fddf15050e,
fafdfcf70cf6e9e7,
15f409f01102d505,
11d3e710d8ebff15,
e4fffa02f9060b05,
08e80d12effeea09,
e50ef0161c00f10a,
f1ff0dfdf310221d,
0cf006060a0320f7,
fc1026f40eebfefd,
110607fcfa0f02e9,
f1090904e2fe0207,
05c5fbfbf80eff0a,
defaf904f8f9f81a,
e8fe080fef060c0a,
0cf10af71609080f,
f6f8fbf8050126e9,
0d050808fb02faff,
133505d707dff800,
08f7f70ff3ff2e02,
050b00eefc03faf5,
10310fe6f3d6ec00,
0a06fdfef705e6f0,
e7fb05eb0805130b,
08c8fb14f21e0108,
e901faf900f40cfc,
09001303f116f402,
02f7ee08fc20fd1a,
1205070907ed18f6,
2f0a0129eb0abffb,
01150edff9f2f1fe,
24f60b000cfcdee1,
33f4fc04ec06be03,
e22425ee1efc0d08,
1003f8051202ea02,
f2f701f9f1ffea0b,
0807f619ebfc1313,
f60af5010106f8f1,
fff4faf70503e3fc,
0de900fe041700f8,
0804fd01fef2e305,
fcff0d0decfad313,
160313eaf832f211,
0c02f5f4fafde7db,
fc20070cff000cf8,
dfdde9f0101e1406,
0c11090104f300d7,
0813f0060afbeafc,
fefdfff7ffe8f902,
ff0505061314070e,
ef03f109050404f6,
0feb10121ceb0310,
ea0af308fb0dfbf8,
0efff908ef0a18f6,
0409f70d130af2eb,
dcfef608f70702fe,
f3f1fbeb0c031e08,
ea14d511ff0e170c,
0afd04fafd1b1bfa,
0908f206fbf1d800,
de114b241ff0f714,
2909eef40818c1c1,
f4fbebd9fef1f202,
fa11192e293a0c1e,
0f03ee061302f1c6,
f2030bd605021c0b,
dfe2ec0d0f2b0121,
f6fcf40705e202f8,
fc0b19e7f2031908,
02f4dbf615202018,
06f8f5fbf40ffc09,
0800faf803f9f3fa,
0920ef0d1a2a04fc,
0b0be1fe0e132a05,
ea190ff61409fe07,
f6080c25fb1e0514,
0e10e8fef6f219f1,
e401fff1e8f5f9fc,
22fb0bfaf720ff19,
ff03fdfff4f71210,
03e4000300f41509,
f4e90cf7f3e20713,
ed01fcfdf6fcfe04,
0f0c0ee702f80bfa,
0610db06e20512f9,
17f505f1f7fdf9ea,
0104050afefbf2f8,
2ff118fdf4fcf5f8,
02f3fa0007f3f605,
f3eef50203fffdf9,
f9f900fdf61df210,
fb0c00fe09fe07dd,
f907fb121bfc1b01,
05272a12dde7ec04,
f20b04fcf4f4f4c6,
0df8f5fbfb0af402,
f913bde4151dfdec,
05faeffbfbf1ffcf,
0efd05fcdcedf9fc,
21ded2cdf6120c08,
11f8f503f8edf2f8,
f606f9efce050cff,
f7b3e5c8f91401fc,
e6030b02f7eff3e9,
f9eef702e409f1fa,
1000edd2f8040509,
f20bf9fdf7f8f8e9,
eefaf3fdf804fdf8,
fe0c0f070602f3fe,
12f403fefeff0930,
f30a01fd05ffe001,
03090609e9f109f5,
1102fe0904051e13,
ee0200ff07021508,
07f6fd110618fffa,
010df70104f9def8,
eb0000f7f60308f7,
10e6f0060f0b07f9,
fffaf70402f2d4ea,
0ffbfd0302fa0f05,
f61ae603eff600fb,
060800fafdf8f819,
08f70aeff8021002,
0e1cfb080309f90b,
070af2000bf30409,
fafdfaebfc0012fe,
0bf1e50a0113090e,
09fee901fbf902e9,
ebf7eafcf3fdf5fb,
0fe2fa0e0102fcff,
09fdf207f9f8e3f8,
ebfffa031afbf9fd,
060a1df3dcfff805,
19fffd0405f8f1db,
f8fa04040af30df4,
080e1f06f9f2f701,
09fe0205050f04fd,
e9f0fbde0c020d02,
f3ffec0fe815f8f1,
f500fef6f706f3f9,
e7fdfaf0050e1404,
41f2e30ff315ffff,
cb06fdfffe030403,
e906f4f7f0050d03,
f81ed2fe42ed03fb,
e109f8f5fd0716e4,
0608fd04fe050805,
fffbebe20a2dfef3,
0201f40303f002ea,
0503f6f2f7e82205,
16d7e8daee0407f9,
0bf6effdfdeaf8db,
f2f4f405f4fff0f9,
1dedeec8eb16f512,
f2f40af8f901f5df,
f402fb07f803edfd,
ef00100b02040814,
effef7060404d5ea,
f0ef0302150ff7fd,
ff0022ff1ef60308,
0f08fd01fc0d2212,
e90af7051407f6fa,
ffef20f40a030a01,
f309feff000208f9,
f906f701ee0c05fc,
0ced030819fd0109,
f10bfd0bf8000b0b,
f70d02022701fb06,
0318e20a01130bf6,
f30af6f4f30813ea,
0102060903f202f4,
fd0df2f8f00f100b,
0cfeee0801f843fa,
1cfcfb0bebf70801,
16060ce90109f9fb,
f108fc06fffb2415,
080408fff208f0fc,
e5faf9f012f70efd,
f9fdfa01f70807f4,
03fdffed01040402,
0812eaf5f0f80bf3,
edff020bf2000c0d,
fcf5f6fbf602f003,
13d8f9f7e321eef6,
03fdef0b01ff0702,
f5fffb071c010602,
1ce3f9f7f4f80513,
01faf905000205e0,
010c0212fdfb09f4,
f1050202f70ff700,
eefdfefe08fbfbf2,
06010805f100f007,
10f0cdf90bedfdfe,
e6f8e6fd01f6fb03,
00f90807dff4faf4,
28dbdce8e70c00f1,
0f05f80bfef8ecf6,
f3f807fedc00020b,
06e8e4d9fc0614f4,
fd13ff0809e4f604,
0100f208f5fc13f4,
1a00eadcf4f60209,
f4f3f60b0a19d420,
e8fefcedf1fdf1f8,
f8fd060b05fd0213,
0a05f9070b17b3dc,
deef0adfddf81007,
03f2eb1214320e1b,
f605f0f9f80bc3e8,
dced07d8e9040bfa,
f7d8d525fa1f2718,
eef5010610f1dd0c,
e3fce9ef0402340d,
17e9c2fae81e140a,
f10af0fff60033f1,
f90401f2090324f3,
1107f61318f608ff,
1004ebf9060c2611,
f3fbffdcfaf209f6,
06fb0017f402ff08,
0509f502ff04eaf7,
d8f804f6e3fded0a,
f8e1e2f106090b0f,
0401fa0deeeaf602,
edf104fafdf90c01,
f9cf0ff902fc1812,
f80606f7fd0efe07,
02fb03f402f2000a,
f7350a07f6da00eb,
1bebfeff0415ebc7,
ea050c02fa02ec0a,
04f835fce618e9f3,
fdff01fc020602ca,
eaf407e90df400fd,
e1e406fbfc021b20,
ffff0e0afff80702,
f7010a181bf8f700,
041929f7ffebedf3,
ea060df40d130b2b,
0308fdf20af4f201,
f917fa0804f0f5f9,
03fde7fafff21305,
01ee06e9eef51505,
0e16f4f30b1409fb,
12fc0c0902f7ffe2,
04f9f501f206ebfc,
f2d01008ef0b0700,
0d00130903edfdf5,
04fa07130bfae902,
f50e10fdf9fcfdf4,
ddfefb0502ebebc6,
da07fcf0060ef8f7,
0cfae6f5fcfae4f8,
f4020d0503e8262a,
0602ee12230df204,
03f514e701e6f0d8,
24f80c0afdee19f4,
18fcee2c0e09020c,
fc03fe16f7d5f2ed,
040214fafa12e7f5,
1dfef009010bf3fc,
03cd3c31fa19e2ea,
ebfff5f8f9e9d7f6,
1ef6f6f8fbff15fa,
f9b7c8e7dce8fc01,
0813080500d5e106,
3609021c0401ffef,
f0e3cbceee040c1b,
27090a0109f80c05,
10030e04f601300f,
fe1f0bdbd9f21a13,
2afe011502ffdbe3,
fc03e60d0206f7fa,
22fcf828d227e5e5,
d3f7eb050317e5ec,
ecf50a0cfb0ad409,
fde31305000af610,
2909ff15faef01f1,
ff06eee2fbe817fd,
ee12e606d6de0801,
20f2f2fb0b1bcfde,
d01c09ecf0f7fdfa,
ecf0e8e0e80b18f7,
14fade05fb05e1ce,
e419f108f3efe8f9,
0fdad4eaef111002,
0e040e110a0f003a,
f400f108fa0bdf16,
e82e291c2ce60616,
c301ed0dfc140021,
f804030917f71606,
e91c063b0909e108,
e10ce707fd2304f4,
eb0404f20d0f26f9,
07f8cf0721ff1402,
e9f9ea09eff5f0e6,
d4ee07edfaf70d01,
3cddc100f216030b,
1004f4110c00ca01,
ef050def03f81df7,
f822f3eaf3f4f0f8,
f3fdf9090707da0f,
e1fbf8fd11fa0c07,
042000ebe7fb0419,
0a0a00fb0406c40d,
ef0300f109090bf5,
1515f8eef30afe1c,
060f00010210dcf1,
e20b0bf6ea03d704,
0904d1f624e30d0f,
fcfefd02fcff190e,
09f7f907fefbeffb,
0512e8f21007f5ec,
dffbf3fcfefb2a1f,
effe01e705effa03,
0dfc1c0023130e06,
d60109070c053711,
2004fbeb0111d0fc,
1208f40908f3fa0f,
ea0bf506fe0d031f,
13f00309e1fdd20b,
26051bf2410deef9,
00f5f5fc0b030cf7,
09f8feecdbff0a03,
0fd0ddf7d116faf4,
e704f10703e611f5,
29f101eceafb1bff,
1bf5f5ebfc110c18,
fc0d04eaffeb0d15,
2cfd18fbf3fd0206,
02f70e0afbfffe06,
ed01f9010c000913,
0bfdf406ea041404,
1e03faf21521edf7,
10f5fa070803f5d1,
08040100f7000502,
07ebfdf7e0080102,
1fff131203f7dbd7,
e0f902e705fd0afa,
00fd0cfdf9010617,
14f6fdeff8ecf604,
fd0108f8ff020bf6,
0aee3618f102f10a,
fefefbfdfe111121,
03f1050a07f3ecf9,
e4173405030603ff,
f704fefef7f61230,
e2fbfbfd08f80bfc,
0900f7fc06f9110c,
f203e9f9fef9ed1b,
02f9fc0dfef71df4,
150f1104011bfa0d,
01fdfd000b0bdc03,
f5f9f4f1eff7fd0a,
0c0206090ef30808,
1bfa000b0cfa07f6,
fef6f8f7e8f9fcff,
18f3ecfc22e9fefa,
eafafb08f7fff7f9,
fbf207ebfa031502,
1bfddefded0af9fe,
fa02fdfc02ef07f7,
fb0004ed00fb1205,
1ceed5f114040109,
07faf2040604e516,
f80205fbec00e0ff,
e6fffb03f3141310,
1107fb0001150ffc,
def30207e7fadb01,
08df12fa3c1605f9,
fefbf4fe03f7f3eb,
02fe09e2edecfe0d,
03c5e0f8ca080610,
f20ce80909effe23,
02f7fcf2f2fd01f6,
06e9e1f9f4f10814,
e9fdf507fbfdff0c,
09fdfaf8df09f6fe,
0bf6f6e00907f104,
f9f8040807fd001e,
f0f70e060efa19f7,
0decf7fd1b0a02ef,
1205f50efc06e5ff,
f5fe00fbf70500fd,
ffe20002ec000607,
18fafd04fcea02f2,
05faffee0dfd0c02,
e80a102801f50a05,
f6fd07fcfffe100a,
f100fce2050315ee,
0f35042b02e2fc12,
ffff0002f7070910,
09ec1618230807fa,
f348ff0904eefffc,
1bfe06fbfe0311ee,
1104030cfbfd1102,
f6f3260c16f70710,
fa060801f51204ed,
00fe02010405e505,
ee3218070efa1108,
0101fef9060515fc,
f2fd10f706fc1e02,
ee00ee0bf11cf908,
0a0a00fd05fa2010,
f0f403f40b032307,
f4eefdf0eb2c0411,
13f816090af6e3f5,
0709fd1bfa101103,
f4f73804faf6080f,
09fdfe00fe0629f6,
0f070812e6ffe601,
e40a1803fd0f10fc,
0202fc03020604fa,
f8fafbfef8f90e00,
0efb2208fa0af908,
1506060202fa24fc,
07f2fefaf1ff0d09,
05020ae8cefa0102,
2afe05020107e4ef,
1b15fd0af40cfe06,
ede529ffeefffffd,
0106fa020800f4ef,
1d10fb01f800fd03,
05ea130009081611,
e8f906fd09fd0be1,
f70500090b02eb0b,
0300191d0702f012,
1905fdff08fb05ff,
06fffb1d14fe03fa,
d9112110f3fdf603,
10fbfe0a0b0ef4e5,
fd07fc0fea100a02,
f8d3f8ecf114f8f0,
10fef6f50107efdf,
11f70108f304ed0d,
20b4faf8e10114fb,
01f902fcfbfaf9e7,
01fefe1ae21adc02,
f4fedff60d0a05f6,
faf9090101effdff,
0d0ff50af2fd02ee,
ebfef604fc070fff,
faf9fefff101e3e8,
f609f5ed06fa2bf7,
f719c6eefafef7fe,
00f8fff7f5f8e7d4,
0e080620defffcf0,
f8e4d3e7eafaf3fd,
1efe0af5faf8eadb,
031300f10d05d8f7,
fcec23f0f9fdfafa,
07fdfcfdf2e4d700,
ef03f5edf8f8db06,
d1f3ecfce30b0d19,
ec13ff0600feed15,
fb03fb070ff6e707,
1023f9f204f601f0,
d8f2f605f716be0a,
f1f9f9fdfdfce7ed,
1319ef0810f8f9f9,
dc0bfaf8ff13df1e,
f000f7ee0319ddff,
1014bdfde619f9fc,
060102f6030edb10,
ff0df503fbfafc06,
1d0fe7f2f308f609,
e00000fd070a2904,
fd0100f40ff90d05,
fae8c6071cfb02dc,
c8f8010300f81628,
08fcfdfefffb0a08,
18f6f7eb17f9e30c,
c6f901fef5fe0a29,
feec02f7ef041214,
110a04fd190f01fe,
f00af70df4fb184f,
f1020309050737fe,
1305dfdafe0dfdec,
0e03fe020401fadc,
1bf2090214f119fd,
07daeef5cd19fce8,
f9ff020307e5e612,
fdf801f8eafcf100,
05fd1b02efea0308,
070905f6f000fb28,
f6fe0402e0f706fa,
df0726ff1af3ea13,
00090df1f42a1933,
12ea1e07fbf403fd,
c3132af227d800fa,
ff070a03f7f5fc0c,
fffefef7f2fc1cf6,
010209f00707ff0a,
fd00080608090fed,
f2fef201fb021e00,
00ea0aeafef703fc,
f5fa0bfc0801031e,
07f6f909f808f3f8,
06e10befeae2f801,
10f304fd0905fb05,
fdf707fcfbffe200,
fef8040019f80203,
fdf4f9fa07fd1b10,
04f8f4fcfe0609fa,
f7e709faf8fb030f,
ecf4f9fc0cfc1800,
0a08fa13f81007ff,
06eaf4f6fafafe08,
f70306040204ff0c,
0dfe05080606f804,
ef05f601f0fa0dec,
10ffff01ef0c1001,
fa020e0d0cfa0b01,
fef40e05170102f3,
fd05fc01fcf9f602,
fcfc01fdeb0326f8,
03a9f9fbe51a0afc,
f6fcff030ef61718,
e90516fa04070a06,
feeff1f8ecfd0d0d,
0cfd060100f41908,
f10105fc04070700,
0a18050d14f5f9f4,
00fa05fa020cf905,
000700090b0306fb,
f80af6edfb03170c,
0d0100000808f508,
ebfd05f1eb0313fc,
f7cd0dffd3120b1b,
f9fc09f7f909e833,
f8f8fd0a0c0ce0fe,
e01afc03e6f30500,
da0a0500f4120010,
04fcfbfb1003f100,
d22cf11d0de90201,
eeff020504120304,
f203fffbff04f301,
1623f304110207fa,
f41005fc07fdf519,
eefffefd03fa1709,
0be9ebfc0bf0090c,
d2fbf4f9fdfbecfc,
eb08f3e0e7f22309,
27ecebf60b190105,
ed0bfb0dfd03df1d,
fff9fbfbe8fe15fc,
17f011e802f211fc,
1806fa0d0a0100fb,
f5010108e5fa02fb,
0ef600011de70206,
e601fdf9f901d3fb,
f3fd02e4f3fe1ef9,
13d3dc04f5070110,
d501f2f701e62218,
ffeff9edf4e92b00,
1bf9cef9ff08fd15,
010b0108000a1b16,
04f200f6f204eaf5,
070b09e6e90104f7,
26ff08010823faf6,
f101f306edf8e308,
e6e22af812f70f02,
0800f7050b09e700,
e3fcf4ecdeed0cf0,
0ebcfa02de0f0a27,
fcf6f40204f902fe,
f1fd0d03ef04f108,
09fee102ef02faff,
e4060aff070a051b,
ff010a0cfc0303f9,
f10e11e10c0703ee,
ff020202fd060b07,
0b04fc08fff711f8,
e9d3e108071103fd,
2107000d0308eff6,
ea02fa0101f5e901,
07ff0906e3fc0d11,
010d04f705f6f4df,
fbfb010f20fcf807,
f20a0510fdfdfbfe,
e0ff09f9f5fe0a13,
f8fc11f8f8020bf7,
f312fd06fb02fffc,
eafdfa0dff04ff11,
f50200f700fa1c03,
070cea08fdf902fc,
eefffc0500fd07ee,
fd0afaf809021700,
1004ebf1140104f7,
f70c09fbfbf635f6,
0c090c031803f4ff,
061bf7ee0ad3eee6,
0afd0904f6f44a0c,
24090c14fd13ed04,
ea1130f9fed5eee4,
2007fbf4060ae8e9,
190af50bed0cd8ff,
efcd16200a09f4ed,
eeff02fbf3fa03f9,
18f910f9eb0104fe,
05e6f6f20513f8fc,
f0fe100102ef16ef,
1405fe10dc0efa00,
011a10e008e008fc,
15f409040109d71a,
ff090aff06030cfe,
f51ce3fbfa1511f9,
0f01fc00010feefc,
e10cf7090bff0c01,
01ebd921e72e0101,
fe02fffd11f8fcfe,
fa000210fdf1f907,
0ee705fcf204fafe,
f9fc01f0f3f60708,
fcff07f817ffff06,
fa15e316fcf202fa,
e801f503fd13eef9,
fd0209e6f9e61ff7,
01f6dbf2fcedfdfd,
fd0002070600ff14,
f5fb0ae8f5021b06,
20efd3ddf61f0f14,
05f7050a09fff5e0,
ff0604fc08fd13f7,
f801fa01e503fefe,
e60101f0f1f901de,
02ff06f10006f4f9,
ef070e0e00fef5fa,
f0fe03f608eb0606,
01fcfcf00af60df9,
0c12f6fdfee1f815,
0209fafcfcff0c08,
f1f903f9f806f9fd,
1605eafbfaf7ff03,
fb06040015e9eb13,
0a010e0a1902e4fb,
fe2b040ae4fb02f4,
f3fbf60407f53015,
140802311d00fb18,
fbf6fa0ef5e9e6ec,
fdf801fe02190920,
ffffeb1203000001,
ee0b10fe06dbf0ea,
f602fe08fef903fd,
fcfffef31cf5eefc,
fc2e03e900f9f9f4,
0eeeecf902f705fb,
ff010bf5faf511fc,
0d08cff6cb01ebe9,
15fd1302f8e40d15,
0f08eef00ff314fc,
1dd2dacfe316f900,
02ff0303fbf83107,
010111fc07ef1af9,
02ee06fef7ea1202,
ee09f20cf6ff11f1,
1106fbe8180cfcfd,
f913fb1ff914f1ea,
e2fd0506f503dcf3,
fa0912ee1006da07,
fd1ae8fcf806f2f1,
ff010efffc00f00e,
f7f9f3e515fd1500,
e914190ad1d1faf1,
2bfe0c0c0613ec00,
11f7f807fbf4e30b,
0c0119fae505fdfd,
f8f8f605021ce7cf,
14fd0207e3f7e10c,
f8e702f506f7f601,
c20e06f102dd0e44,
0604fd16030dd909,
fe53f7ff3ff5e502,
ed010609010b1f34,
fb17fe1ee6ffe4f3,
f42e23f03feae9e7,
ce05f30bef1d1417,
051ffdfd11001b07,
0eebf917fcf501f7,
fd08f4ff09fdecdd,
e80af90419f3150d,
05cecf05f316f9fe,
ec07faf5f60c033f,
f109fa09fe1ac8f9,
e93f10221df1020c,
1a0c0605060cf817,
e606eee705ffe7fb,
ea21f2ff21e9f5fe,
f70303030701d6f9,
f1fc02f801ecff01,
fcecbf0efff5fa05,
00fc0413ebf7d7fd,
01fdf7f00a0606fd,
10e10b220310f0f7,
0df8e9fb070511f5,
090201fd24f0ea09,
01fad1fff10eeffa,
ff0a060007ef4a14,
0f0c03ff23012cf2,
08e30df300fefffa,
1bf706fbecee48ec,
0cfb0b20f60f0807,
0e102bf3f0edfb13,
e9fd14fbf20120f2,
13f10efe19f7e7f6,
f9350bcc03ddee02,
e6f903fdf1f006ff,
0ef202f415fde801,
1c2ffd123fe5ecfe,
0d03fdf1f901ed23,
f90ef0fdf3fbce02,
f406eaf51ef8faf8,
0b0b17f5fe05d8e9,
020ee414f403caff,
ef251907ec02eaea,
f311030313f8f5c2,
0306fc030100fa0f,
dde603121209fdf1,
fbfd05ffebfc0306,
190ff5f9f70ff104,
0616c7ef22f1ede9,
f1f7fcf803fbfb19,
14070b1dfa0f00fe,
00e6ea1f0cd3f9f6,
edef00fcfaf8fc06,
1a0101ee13fe2907,
fceff5fa250407e8,
e401e0070103db16,
f803fcf6f8fd09f9,
f8e1c6eff1f5f8e6,
e3effa06f705f90e,
e7fe0edfe7f31c07,
030de4e911ff00f8,
0600070702fc10f0,
fa1004f9040de905,
fcdff0fc1a0afef0,
24ff02fc110acfc8,
f80df1f60606e606,
ee070813fd120fec,
32f8f9fd05e6d1d1,
fefde9fee7f90a01,
deaee427f1210bff,
d3f108fe09061d0c,
f6fc0602e4f10502,
12f7f5f80df9feff,
f2f801f4fb09e71d,
06f6f703ee040c03,
ef090effeadefefc,
f2ff02fd0525b204,
d8fefbf0f512f507,
fb07ca09f1260cf2,
2302e9120101bafe,
dbfef8f601ff1f03,
f4dae419ec25161c,
00020ef6010210f2,
05fdfa00070a0f00,
f8f5faf3170701f1,
daff08ff0bff0d27,
10fb0a0306f6fdfb,
ea341110f0dbf705,
f2f9f009fe250118,
e8f9f9f30d0c1902,
01fd04f1ec0201f5,
fcf6df03f8f90324,
d8f4f1e611f617fc,
f6f4defcd50cfa08,
1e080c0308f6f819,
fd08faf212f20dff,
09091110eb000800,
e5ff09fd0b040be7,
fef80ee81100ee01,
ed300f2023dbf809,
ebfa0808fc0b260f,
fe00f9f6ee071d0d,
f6e126040af8faf7,
1d020d0b07f10f07,
06fa0511110af2fd,
d8f51cfc0de8060e,
da0afdf9ffff1523,
e7ff0aef0af523fc,
1ed6d9dc13fbf0e9,
eb0108fff1e45649,
fdfc180516fc0cfe,
05ebfbe7f8cff9db,
f50609f601051b3e,
1714f513120606fe,
f8e2f0ef10d1f9f4,
f90701fbea08c9f6,
f7f0ecf6fb00dffe,
f3eef7101bdbedee,
fcfffaff0bffdeeb,
fff6061cec03f0f7,
01e20fded2e9f1f5,
ef0015f7f7e0c7f5,
0100020f1009f409,
ee2e10d3e8d304fe,
19fbfff40502f006,
040c08f421000df3,
e30fe01dd600f5f7,
140102070efad6f8,
dd11e5ffe1fde5fc,
0ad9d726f52ef2ff,
00080af6fffae9ec,
eb020006f90bd6fb,
e70a2308e6f3f11a,
e0fefffcf9faf0ef,
e30f0df501fdeb05,
cd36d51af4e50aef,
2903f702fc110ae4,
f7f0fde104f70dfd,
e7f5e4f5f2f0f8f1,
00f4ebff01fef906,
e4f5f9ddd2ef00f7,
42f9d5ffe11c0f17,
fcfbf004fcf1ed02,
ff020923121903f6,
fc32ebf6fff80511,
f801000804ed0306,
f905ec09f302f2f6,
e5250aeb27e4fbef,
eb0afbfa0216f405,
06f6fff3f7fb08fa,
0dc9eff1e717120d,
3d0ee7fbf5f10901,
e8feff02e6fef202,
08e003e8e919ee15,
14fbf4faf9ffe3f8,
0702130ff7f9f401,
e503020ae2fc0200,
0c040c0007050400,
ee03f4f7110bfc02,
fafcf2ffed0403fa,
d1010302fefdec2c,
fafdeffaf8020cfc,
0dfccbdfe0eff907,
d8040403ec220f11,
06f70dfb10041706,
0513fcf407ece7fb,
13070904f60e01de,
ee1105ef10f6ea0c,
f917f311fd06f5fb,
0e0302f9fcea0405,
fe05060512f515f8,
04e3ee11ea15ef0d,
f4050bfefaf23000,
25f00e0a11fa280b,
1df52aebfac605f4,
e3fd15fc140b351d,
3ef2090f2803f603,
e3201fe30fbdf5e8,
ecfe02ff0003f614,
f3f8ef01fc04e309,
f00313122a1c0b06,
100b130f060c05f0,
e7f80309f6f801f2,
f7f5fcf72310fcf7,
18040ffe0aeb0deb,
1303ff33f510ce0b,
00fa2706f5f102e7,
f8f104050f03f5df,
1907f0fb000beefd,
dfc00b24060712ef,
09f6fc03f0ff1f1b,
060df101e7fbec06,
01fcfbf710e90105,
020512f2080e043b,
e905f41f17000509,
f000fdff0bd6eaff,
e9fd0b09f40fed0e,
f51101f041002402,
d41bd92d120d09df,
f9f9f0fafa09e216,
d9fcf8edfdfe1bf6,
1ae6bc10f80204f3,
f30604f3fe12dffb,
e8f803f0f0f9f1ff,
17d601f50411fb0a,
fafe03fc0402f905,
e9010102f8032407,
01fff4f8fd000408,
f804150101fd0dfd,
eff6fe0708fc150f,
faf9f6f2eef20b09,
f7f0f904021ad918,
10fe08fd01050d00,
140cfdf9e903edf0,
0ef9fd03031c11ea,
06eb0e06ec0b0a06,
0ee3ff08fffff706,
0cf9fdfcfff621f5,
06f20813f906f0ff,
efeef9fafa05090b,
ebf803fd01010405,
01020afaf507fdee,
fafdff0ef500160a,
f3f205fe0bfe03f8,
f707020fffeb16eb,
0d06fcf2fa0ffc01,
f808f101fa12f200,
000c040bf605ff01,
09f302fafe21fafc,
130e0511fcf1fcf7,
f8f402f9fc0202fd,
f1e8f4f9f4ff01f0,
090202fc10f0fcd8,
ecf6faf40c020507,
02ebff0700fd0703,
10ff00070efcecf7,
fbf107fa050bfffe,
14ea09fc0305fcfb,
ea0503fdfb0d17df,
f00008ebf006f3f0,
04eef9fbeffff7f4,
0b08fcfb050201e7,
e305f2f3f00e0afd,
01e60cf2e3ff0802,
0b0805f0000105f4,
f1fefbf10300dc0a,
07fa0313fa061906,
fa0107000404fdf2,
fd0efafaff09ed01,
fbecf516f91811fd,
fafbfc0afcfb08d8,
09fb050700fe2b02,
10e9eedff12407e8,
06fbfe010eff21f3,
07f61203f30205fb,
10def3d7e92303fc,
03070b01060a201d,
0a070dfde60ee909,
e7eeda11031011f3,
07fbfbff0510c7e8,
03030002f30d01f3,
cce6ec01090514fc,
fdf1070af803cb0a,
f8050900f6fffff7,
08e724ee23070509,
04040effeb00cbdc,
f8fef521010ce802,
f6193014f2d3f2f1,
fa030503060d06fe,
e40602fe0a05f9fd,
efe4e211f0180ce4,
f2fc02f306f32216,
e50706fb0ffe1bf5,
f202de2bec38fc2a,
fbfa080708f11603,
f403f9150b1822f4,
fde8f6ed0ff7fdf3,
dc000b04fb04ff1c,
f6fb06fb0a0a1905,
03030617090dfef7,
fefff9f505f7f41b,
f903f6d60ef71a03,
ebf20609f9eefeea,
08fe03fd00f1f523,
eaf406ebf70ff4f8,
313613eebc06f71f,
0b0203f903fbfa09,
05ff02031a052cfc,
0be80003e702170b,
f60a03fd0e0bf101,
f0f9fff9080a1209,
f31b0ae6e90f00f7,
fc05fd0c0607f002,
f5fd05fdfef8d103,
f2f22d07eb0c0917,
3efc01fa06141417,
0d0611180502e60b,
da164b011dfcf5fd,
fef7f6fffcfad8e2,
e304f5f8f6010203,
0100ffe9f50cfcfc,
15fef8f406f2f8fb,
e0f9f7020df7f804,
0e0505ffe9050322,
fafffb040eebc700,
dc0101e6f1010bff,
1bf9d90e0306131b,
f0fef305010bdc07,
e9fe03f1f8faf606,
1508e6e90df00113,
f006f9f1f00f03fa,
f9fdf5f6f6fbed02,
0a11e300d90d04ee,
f90afc0cfb0505fb,
f7fe04f1edf419ff,
1ef3d5effd12fefb,
e102f70005024c0d,
fafcf9010bf7040b,
04e8eb07f7ebfd14,
ddfef10efff91813,
fcf607fce6f5f0fe,
28e60df23311f1f6,
f904f103f90006f5,
fbf5fcf7fcedfc03,
0be1e6fbfc11f6f6,
07fbfbfe03fe12ef,
02fb04eafc003108,
fee0e8090b1e0ff8,
f1fdfeee02f3000e,
0ff00cf705efe803,
0210f3f9f004ff05,
ff00f5f0f613fe11,
0bfb0905fb0411e8,
fe1bedf90e0df5f2,
e9fb02fe0bfcfcfb,
04fff9fc00f50bfd,
fbeefa08f10804fa,
1a08fafb0601f3f7,
f8f708e711f81702,
fa100805fe0afd12,
0e050dfcf6ee11fc,
f6f904f714f6f8f4,
21342b07f503f70c,
f3f40901ff020f10,
fbf804fefaf3f3fc,
e9240d1007f80bfb,
f100f40302fefe16,
f9f70303f507e105,
0adff10400fffc03,
0bf8f511010ee4ee,
120603fde8fc0e02,
0dc5fcf60c0bfe04,
0c0f0c070304fcea,
05f80406f7f70c00,
0df1ff0330f60cfb,
0708fff905ea3f07,
1bf2040514fbfcfa,
f82618f80efefcff,
ed0104030c082003,
f8fc0808fe1bfdfb,
06e6e8fa0f060709,
f3fdf503fb11180b,
f2f107f7ea021a08,
07deeeef1e0f06f9,
0704fe0cfb01ef01,
fdf3f2020605fe07,
f62405f0e7111b0c,
1efdf901fdf6f7ed,
1701f8fa010606f7,
1015fce90c0d0ef8,
ec03fa03fa0c0409,
fefa06fc01fff703,
18dde700ed101605,
050e01f5020bf50b,
fa07fdf4060b1907,
04f1e6f8f4f312f4,
e702f50203f8ec05,
f00504f9ea0c08f7,
0919da0debfdfe01,
fc040e0af8feecf7,
f606fdf004ef1703,
1ce9eaf5f51109fc,
130108e8f70d02fc,
12f901eb01f9fefc,
fef70f05f5161417,
03fefa0604fe0012,
ecf7ffff060209f1,
f516f02ffa07010b,
eb0ffcfef90a09fd,
dff5fffdf8011400,
0b20d33cfcf70708,
f908f90afdf7edf4,
e7fdf8fbf2eef9fa,
1dece0fcf416f1f2,
0cf5f109fb01dbd7,
09f20dfef5050afe,
f8c706f5f2140af5,
f7fc0af90ffc09ff,
00fd0bfeef0ef904,
01eb070411fe0502,
cc020d03f803401c,
fb0208f5f6091a02,
0c0ffbcffee6000a,
f0060e06fc07170f,
08fefd0c1e0700ff,
ef5510d8e0d5f0ff,
1803fc050402ccfd,
f103f3fb050af7f7,
f3ef20fe0401fdf8,
00f60702f8fa13f4,
f503021fff12f601,
efea0c0611f50900,
ebff10f5000211fe,
32f2ff170d08edff,
e50c06031af1fbf3,
ee031000f506310c,
360c06140af8f8fa,
fc3807e6ece104f0,
0507020deffbfd03,
0106f705eefc0def,
f8f9f502f915fff5,
f9f906f300f709d6,
f1030bf210050506,
e8d5faf4ede506fa,
0d0803f7ffec0fec,
fb0c03160d0beff7,
0300060604050103,
0c03fb0305ffe80e,
f604fdfbf408d803,
e8f3020a08fbfa00,
0dfcf4fa01ff0a1a,
f803fd0ff3fe0702,
f7e50dfaf3fff5fa,
0a081afd04fbe82b,
e601f8050310fafd,
f4fdfbf7eddb030d,
ecfc00fef30efb0a,
0505ffff0b08f806,
f0ece838fa0401eb,
f60afe0afff9f609,
fb12f1f4f902f2fb,
ffd1f7120024fe01,
0c020d0703fff00d,
080bfef3f6f3fffe,
f907f1ffe804faee,
17050700030dde01,
faf8edfff2f9f201,
edf3f307fdf4000a,
f507fcfd0bfbd2c6,
e9faf601f6f8eeff,
f504e3fe1127fa0a,
00fb0006f906fcff,
fdf70bf7180c1f02,
fb02fcf3f709fa0a,
fe09fa1205090a0d,
f10702f4f7fe04fc,
02f20506211004f8,
09f7feff03151707,
f903fb060ff8f9fe,
ecf4081f0ee4fa06,
f703ff020502f8f5,
f600ec0e09fbf8f8,
eff605f91a03eaf9,
ecfd0406fff1ff0d,
180202f2ec0307fa,
f835f3e8f0f90505,
03f90208fc05090b,
0b00fbfb07030101,
f60d000c02010d00,
0b060ffd0efa080e,
0bfbf5100600eff6,
02142707e7eaeb01,
f0f50610fd0801f7,
01f601f2fcfbf307,
010414f4ebebf805,
f10106fdfb0008e5,
f6fcf2000f02e4fb,
ed011c05faf706f6,
110410090df90609,
0efff90dfff6ec06,
f730fefd0b02eff9,
fa0204fe03001600,
ff080115fb080cfa,
0d1ce60d00f6ff09,
e306f9fd030a03f5,
1706f70907f30afb,
11e8fefef20aeff4,
f405ffff04f410ff,
0ef3f600faf8f4f8,
02fd14d7f5fc04f0,
f102020b0a170b17,
fafdf7f5ebfff7f7,
000ef60722011024,
15fafb03f613fbd7,
fafffffb17000dfd,
e6ff06f814fc0106,
1501fcee020ebde6,
0403f2e20001fe06,
0103dc16fb1b131b,
0d05fc0505f4e3f3,
09020d05f3000802,
eef3fbe2e8220707,
04fffe0704014229,
16f20e041ffaf2f8,
fa0e1209110b0400,
12f6fe10ff18f522,
0804f5eb00fbf1fd,
f20f0cfb151efbf5,
e5faff01fc0f26eb,
ff0801e8f20502fc,
fe09de13100a000d,
f201fcf9f6001810,
1e0202081008150a,
0f0406e30ae10004,
fafbf7ff0dfd1901,
100507fde1e903f7,
1603dc072415f7f4,
f6fcfa08f6fe1614,
08fcf80104f933fc,
1bdff600fff003f6,
f3f8f909fff4f71e,
01f200f604fe01ff,
15f7fcfefcf40008,
fb110bf80502f60f,
01020b0001f30703,
e7340ef9f202f301,
fb0506ff05fd06e9,
02fe06f601f632ff,
04d002f2ec2f0bf3,
fffaff0202f2e3f4,
eaf7fde8f205f408,
fef7e5f7e8ea0b05,
f8051a0af60402f7,
f300031004fee404,
f50622050501f4f1,
f6071001fd01091b,
1c09060ff20202f7,
f727370b0d01fbf9,
0206fd03fc03fa13,
fd09ff081205f901,
011ee800ee0b00f7,
1df8ebf208e7fae3,
06fb1108f7f51bfc,
ee2a1c0316da00ff,
07f000f6f5f2e0c7,
030e0305f8fecefc,
f5f514150cdd0f0c,
1e010a04fdddbae9,
f7fcf4e4eb05ee0b,
06ee0aedfad80100,
d50409fcf0ff0d04,
e6ee00f020041403,
1227b5fdf8f9f2f3,
1809f1ec0300fe2d,
f2f202f205fcf30a,
1b0af3fb12e1f712,
05f4f70ff01bed11,
f4f7fa1ae4fed601,
de27e9f6e5f1fdfe,
1bf6f9fcf911a3dd,
060c02ff0800d00d,
d618fff21c140504,
c20600010410fd07,
0b0a0ae8f1f3be04,
ef05eeff19e60004,
fa0504020b1816e6,
1f0dee0b1d0be702,
fd01fff811f0e7e6,
ed020ffff418f714,
100614f3e2f7e60c,
ffe811f808061b16,
f4fb00fbf502fbf2,
dc000b0502fe14f9,
08fdf8f3230df9e6,
080009f7e8f214fe,
14f809041efede0b,
ee051b222bd701fe,
e001f307fbf32401,
15090cf50cf807f5,
fc26f43d36f90901,
efff0efcf5090dfd,
f70a05ff0a06fff3,
f523334c0febec0b,
fffc01fcfd032401,
faf4040c1e0408ff,
cc1b3a321705f4fa,
eefa09fc02fefcdb,
030307f70c091ffd,
12fef400081a08f5,
000b0ff6fff62e04,
1c0d11f4f9fd08fb,
faf6fceff2ecfee7,
f00813f1fdfb0917,
07f90307060bf902,
f7fd09fa08f900f1,
140202010b0be8f3,
0306fc00f7fbf005,
f4f90cf316f101f6,
0809fe07ff02d1eb,
08060905f5fcfe03,
04f20ceee8fefc07,
0aff0afb0b02b00a,
04fffd18e707eb01,
edff2aeceae5fc0f,
05fb0a060611e40e,
fa0a03fc110b1600,
f3fae314030308eb,
0ffaf401fefd1d0c,
ff09f5050dfe0907,
e7fdeb2400090502,
10f7050301f8fd0a,
e70c05221403e004,
fffa2c0607e8f70b,
070705f805040be1,
02fb00210f0203fb,
ee011c13effd02f7,
00fbf7f906fd13ea,
0002f7f613f81700,
f709ea12f3f902ec,
06ff01f4f6f9f908,
08fcf2f8000cfbf6,
2701e9fbda000006,
f407f801fdfc0ff3,
f913f903ee0d1e04,
f5feeaf805eb0cf1,
e603f5fdef0afdd8,
0b0ffe04f90207fb,
00e5f1e3fd140aeb,
1afd07f810f002ec,
0203fb0101fffdff,
f6f1d6e2ed000304,
110bfb02fde6f8e0,
f2fb04fcedfb0802,
19fa01cdea0e020c,
fe02fe00fefffa12,
fafffafe02fefc00,
ff02fffd0303fe04,
fb0201fe04fbfdfd,
06fe000102ffff00,
04fefffafb02ff04,
02050302fc01fef4,
0502ff0501fcf7ff,
00fe01fe00ff0301,
02000401ff03fffa,
02fa0804fd0000fd,
fbfffdfc03f8fc00,
fefefb040204f3f9,
040104ff01fe0100,
0101fefffefc0103,
00fefcfdfff4f408,
02fefe010001fefd,
fcfefb01fefcfeff,
fffff7ff04fefa03,
0203030103fefcfe,
ff04fffc00fcfefe,
f90104fc04ff0700,
ff0202fa0301fd00,
00fefc02fd02f904,
fc0600fffffb0008,
fa01fb0001fdfcff,
01faffff03fc01fd,
fdfcff0400fdfdf0,
fcf703fdfa03fdfd,
0004020000030300,
fdfcfd01000000f6,
05fcfc01ff020304,
fefcf8fb00ff00fd,
02ff02f903040304,
060301fe060302fd,
fb03fbfafffe00f7,
01ff02ff00fc09f8,
fa000202fef9ff01,
00fbfe0303fefdfa,
0501fdfb02020003,
ff060100ff000304,
0103ff00fe05fd00,
fefc04fefaff04f8,
0302fcfe0100fd00,
faff04fe05fffcfb,
00030005fcfbfe03,
fa02030201f700fc,
fffafffeff0000fe,
140c08fcfff502cd,
15f30415fd11f2fc,
e70d1a0ee9f608f4,
040802080befe4e8,
1110ff1e11faf101,
fe2b26fb17f206f9,
0afa06f9110c351d,
f9fde403e701eff1,
edfc2604fcf4fe03,
fb0a0007fafd0300,
ef00fbfbedee0a08,
fde5f60a0b0e100d,
0300f6f2eb0db906,
fa1dfbef01000503,
f617fafc091c0bf2,
fa04f404fa0df2f8,
110800f8fefeff09,
01e2d50712120c00,
1301f60805ffe6ef,
1313fa06ddfb0ef6,
26f9ee00070ff5f6,
f1fc04f40d0d0aed,
0f040e00f100fdfe,
f4fb0a0611de0c07,
f605f9070bf3020e,
06fcf5f005f8110f,
0517eee803f80606,
ef0d0700ff17fa15,
fffcf805f1f7f8fe,
2fcc02f41608090b,
e4070901f605ff0a,
ea040908ff11fcf1,
0cf0fafc2af1fd16,
fff4fcfdfdfd0f1b,
020bfa04fa09fff8,
f513041ffeeeedfb,
ddef000dfcfe0ec4,
0900fc0bedfa1701,
f6e6c9f01112fbf1,
ea10f30d0a0607d8,
27f50609f1fe0508,
1ec4e7e5d61a0c05,
0e07faf302def9ef,
0af0f818ec00f5f5,
0ef3e4cf0ffaf305,
f2f6fd02f4eef414,
23fbf207ec07f0f2,
1223f4dbedf0fb01,
fcfb02f30a0ebb00,
e50505e5e007cbfa,
05f70008f61b0105,
0603e700f60ac7d9,
ea0108cfd516ef05,
e6fce2110e331b02,
19f600f915fabeba,
f10c00d8f7fceaf8,
f0f9d51f05161f06,
020ef0fdfad6dbf8,
f305f9fef8061507,
f4e3d914da0d1516,
faf8f50e0909f402,
f9fcfdfbf70d0201,
020100113f1af8fc,
f001fefaf20df2fe,
f7fcf4f7f605ea07,
f5f6164420f8fc13,
eef9f7f80407cbf0,
e6f8ecf7ce06f001,
f2def1010a11f0f8,
f600faf1fcffcef1,
f007fee8f6fe05fd,
eddc010dd5fcf701,
0cf80b100dfb0218,
2a140fe80fff1300,
efeef00803f20bf9,
fd1211f20bef0616,
19f3f62ef70f00fd,
01011b0df2e7010c,
0df80401f21300fd,
f5f304200b09e412,
ebf22cfb070efafc,
0d080909ffe518de,
ed04fc1e07030b0e,
d8333f0ae1eef716,
060708f1f6fef60c,
0405ff0720170412,
fe2df60bf6ff09ee,
ea170300fd000807,
f309ee0afdf303fe,
0d1feeea071401ff,
0dfefcfffbf6f3d8,
1302f50ce306feff,
14d2fad0f20bf5f3,
17ff1507f5faf604,
2112f7150a08f900,
010c19e2f20203f7,
f803f9fbff040bfd,
f502fff408032e0b,
05e3e2ff09070e00,
e700fe050109f120,
fcfe04ea01f826ff,
18f0f9f809050e03,
f2f606040004fe33,
01f30000ebf20300,
0ce1ecfffc020900,
1e060a040209fc04,
f4030913ff010602,
05fe08021f04050b,
f60bfffd03f023f2,
f204fdfeea041608,
02bde8fde3090e05,
d5f5f6ec0af82827,
f7fe0506e9011900,
05fee3f8e5090c12,
f2fb07000007ec0d,
f3fc09fb08090501,
faf5ffff01f9f0ec,
1f0004040c15100d,
ea04fe080afd070b,
dcdb06111600190d,
1aff0203fb02e6f5,
eaf2fd1a00f70b05,
02d02d00c0ff1b1f,
0cfeff0a00f10bf6,
03f60115040de903,
e8040e00effa04fb,
e2060d0101ed0f16,
fa0405fb19041ffe,
fd02fff6f5f506f5,
0ffcf60ffe080d13,
fbf900fa04fa140a,
f5fdda08f3040ffa,
1f03fe030912f2f2,
d805feffff03f400,
f2001b02f5fdfc0d,
0806fd06fcf201df,
05f7f80604feff0d,
df0e22f9f7e7fc14,
fc1106ff03ff0bf2,
0703fef8fbfef205,
f5eaf6f402051405,
0bfef800fb0a0709,
f309f7fc0cf61203,
1e03f613f2f10609,
fd02fefdf91c19d8,
fcfe0505ef0cf2ff,
f9d008f6f211fbfb,
0c04fc01100ae7ec,
fe02fa0ee3f30a00,
04ddf8f7f11a0d10,
dd0402f90403d7f1,
ee0002f5e703f305,
0711ecf10001f713,
f1020cfefff63106,
1df607191f001d0a,
07431bf6dedf04fe,
fbf20905f90be90c,
04fbfbfdfc0bfbff,
00f31205fd010116,
0c0503070007fbec,
f20f0609010bf701,
fadb0c0a1014fb0a,
00090701040711e7,
0efbf5150f09feff,
ff070a080df20804,
e9090cfc09fd23f8,
220dfd040d080906,
0d33f4ec01edfff2,
f907fbf5fd0a0705,
fb02fd11000918ff,
1308e1020d16fef6,
0b0dfd0bff0c0df2,
e6030df702001afc,
f9eff3f0f10005f8,
0902fdf908f1f4ff,
ef07f7f00403f0ed,
1803f9fff7030d18,
fcfe0bfbfb04f4e8,
f40a07fdf2fdde00,
06ecfc0205f008f5,
fe0405f7fe02090f,
0405faff00f801fe,
020109f3eb06ffff,
00fe0b00fb0b0223,
f2fe0a0405060100,
fb0bf3f7daf1fa05,
12fa01fdfb09fe17,
f20dfd051bfbfb07,
15f5fd1bf500fdf5,
f403f9fe02f0fde8,
fa09fc0df908def7,
00dae815f410f704,
05140402f8f5260d,
16fff9fbeaf623f8,
10f9e6f520f10f02,
0b010202050df036,
210a05fdf9150cf5,
fbf40af0fcdc0100,
1a0804f70f0adde8,
fb12001ff20e0108,
f3db090af4fdfdfb,
f10504f309020303,
de04f8f0fbf8e9fc,
dcdcff16ee240b11,
f600f9090c0c040f,
fc0c070af40510f0,
02ed26fd07e00e12,
f7f80802f91105f6,
f301fe0fe903eff5,
02f413f2faf2eafd,
fa06fd030f14eeeb,
e3f0f401fe0efe10,
03eaf0fef10506f4,
f6fa06100308f8ff,
040108030f0309fd,
fc010710fafa1604,
1b05f6ff09f10107,
0505f407e70e11fa,
16e011f7f30c06f7,
f3fd09f608eb0433,
07f40c11e70119fa,
0ae701ec230e0504,
f103f8020ce70c03,
f8fefa1f050912fb,
15e404f70af2f6f4,
03010bfd10fb0407,
f7fd0b02fa0ce001,
dffb08000107f8fb,
06080e010708eee6,
f0ff11fbeaf31603,
02c6ea0ad10e1203,
1df708fbf7f0dd04,
f30303100d0005ee,
ffbdf901dffa0710,
12ea06fa0f09fd31,
f400001c01010205,
e9e814f0f6f10522,
fd0202031c210016,
07fc0e0ce70710fb,
bbeb3f131be306e6,
f301fdfa0d0bc9f9,
e50402fcf7fdfbfe,
02c2e3f9e4230210,
f900f10efc0abc0c,
eff8fffbe6ff1302,
09cfe5f5ff210405,
eefffb12f6080f01,
f1fb00050bf420fb,
100ff1e0151b0a17,
f6f2fd01fdf82101,
f8f6020611fc12ff,
0b360ac303e00508,
f702fd0a0009fcea,
e7ff0cfcf9fff50c,
05def505ec0afaf6,
1108fcfefa070624,
e3021600f0f60605,
1aee1615fd14fe19,
0305ff0006f10806,
f8fa01f9ff06f0f8,
fc00f9fb02eb0409,
f0fafe020bf9c514,
06eefafaeefbd70c,
0816fff60d090105,
11fb02010505eafb,
04070703fefef7fd,
02f41f06f7f50a0a,
fdfc01f40703f1cb,
e9ee0df905fce808,
f229120d0017f1ef,
1401fcfe08f611e3,
0dfffcf7fd03effa,
eaeaf108fff30210,
eefaf9fcf9f5fae3,
ebfdf8ffe905ebf4,
32effc19151103ff,
f709fefb0005fc0d,
fc03fc0b1609f3fe,
040efe0215ff0302,
0dfbed08f915fdf0,
0209f9fbfafd0dff,
fb170a01291b0903,
1ffd03ff04f801f7,
0d0505f5f900fb0a,
18f209fcfa0cfd0f,
09f400040704e9e5,
f802fbeb05fbe0fe,
e4f80802fd0b0107,
eaf3fb02ff052c01,
0800f70c07fa05f6,
14eb03fb0c100f00,
eefaf901f90f0bfe,
09f903f4f10204f7,
fcf50510091104fe,
0f01ff00f708f8dc,
160000eaf20efef7,
f8fa0411030707ec,
1705f5fff8ecdade,
03ffed05f0fef5f9,
f5dfea13fff802ff,
f5080e00090619f7,
ef0501fdf3fcfefa,
04d60eed0d0c080e,
f5f2f801f314cbfc,
f4f803fdfa0008fe,
e9f7faf7fdf62011,
1ff0f0ff0b0fcaf8,
eb10fdf8fc05e6fd,
04f8d7fe022000ff,
3309fa010dfdbce5,
dc09f6f3e70306fc,
13d4db03f926181d,
0e000cfb04fef706,
f2f70004fbfc0903,
00effe05edff080e,
e301f908041b0208,
0afafae10203e6fd,
061fe824f2e1040e,
fef9f209fa1ff800,
dbfff1e5fb090f0c,
ee05e9fcf500f1fa,
fc00f106f5f00ffd,
e1f9fc0001fb2705,
f6e4db15e1100925,
17fbfb0004f8efe7,
fbf903010d06f806,
ef22060bfbea080b,
05fff5fbfffe04fc,
0205f6e50707dffa,
0412010616edf800,
0709f704fe0b01ea,
010af8f6e9011300,
fde5e8eefb04fff5,
08f2f7040fe101f6,
00f4fef3ef03f9ff,
08e6e8fdfd01042e,
0706f8010803d0f1,
f3fdfffaf1fd0cfe,
0fd0f6f3fb11fd03,
e3fef502070af912,
fafa0708f2fe1b01,
19daebe4120b0c0c,
e9fc05fbfef91e2b,
06fb020805040e03,
18130fce00dbf9f4,
fefd11fefcfc2a14,
1100fc0e0e0301f7,
0e450cf1f7cff8fd,
06f9090104f8eaf1,
fc0702fd060b0ffd,
05d10a09e41607fd,
ef08faf503e216fc,
f2021300ee031cf4,
f7faf60512071000,
010cfd05f5fb3106,
150a08210201e506,
fc1004f80207fefd,
2b0314f5050720f2,
19fc070ffd01e0ff,
f41b17f21af3100c,
1500f113fcfbe4ff,
ededfa03e4ef1605,
0ce5ff09f20d1606,
f30905020af6fffe,
e0090a020508f103,
f1e7faf7f2000203,
ff0713ff07e6fcfd,
f3fc02030402040a,
14f208f803fd03fa,
f1fffd070b05f701,
fa0bfa08f5050bf8,
ebe2e100f90d1bfc,
0afe0a0904f5f1e3,
fd0900080903fa01,
01f917fef5f41001,
f9fa0ef5fdfef211,
fdf9f5060f09ef00,
f5071910fef90006,
f8f510feec0ffb06,
fffc07efffff1605,
ea23ed0c12f5f1ec,
eff8ff02fe01f5ed,
f9fdfdf2f6fafd07,
1ff3ed1a0d0af703,
edf6f709fe1100f3,
f0010709fbffef09,
f400fe0cfdfe0108,
13f805030de818fb,
04fcfe0f0d07f2f2,
faf22916ededf203,
01021df6fd050e08,
0f0fe51010f11607,
05022f0e05ea01e9,
eeff10faef09f604,
16fafbff13040af7,
16061a1efef2eae7,
ff02f9f8000200fb,
0cf4f6fc000d09f4,
0300f0f0e8eef2fb,
1200150e06ea1318,
1c0208f9f90416f7,
fde1dfd80525f0f8,
0af51208f0fb1cfc,
26f2000a01f91808,
f00a01f0e3f00f17,
ecf4f7f6fffd13fd,
0d02000509f9fd0d,
1526ebf2eeeee4de,
f001fe0cf115ecfa,
f5fb0a031300ee00,
031913f50102e4fc,
1803f802f4f2f3fb,
1103f5eefeff12fe,
f9f6f2f0cefe16e7,
2b0100080701f5f6,
fcfbff1bea00df0b,
fef718f4eafa1206,
0cfbeff9f50beae2,
07080bfde7fad802,
02e912ef10f901ff,
db04f304fe051053,
e0fe01f7f313ed02,
f020f2fc42f1f713,
e5fb0df2f71b111b,
f0ff0813f0051004,
f402e7f4100df5ec,
e51202f70c0c16d9,
f902f4f80bfbf505,
1fd9fbffee1a11fe,
eefff0f506e1dcb7,
e409f5fdf4f0e905,
19b8dd11eb2afef9,
dcfc03010af21ced,
f6000100ff063204,
17d1e2d705010302,
df020908fdf22109,
15ff17fb090afb07,
f91410e7fce00bec,
03f60b06f20226fa,
110301041bf702f7,
0c220806f5e1fdfd,
fffb06f5fb01150e,
f702060407fff305,
f818020b0200e9f8,
fb04f90606ffe0da,
13fe0112f30610fb,
01c73cf2dbf50a10,
efff1302f8fcc2fd,
1b04fd04fcffe706,
e00b08f4e0ef0001,
020205f31209e411,
0a0f030309fa09f9,
e803ea0e04f70008,
1609f7040910e4f6,
fffdf3140607f503,
14f8060b000cf0e5,
130010fa00f5f402,
e50bfb19ff0ae501,
fa193f08e5fcfd07,
040e05f5feea00e8,
f70b03f812f0000e,
d83a031103e4f9e6,
0605faf5030010f5,
0bfd06fa01080ef8,
f801f50dfeeaf2ef,
0bf6fbff0602fcf8,
f2f2fde7ec08feff,
f800fb0210070207,
120310050600f8f8,
fe03ff070e0cfcfe,
eef407fde50b0d0b,
050cf10007fbf709,
040002fef5fefe04,
e2f3fffaf6f9fa02,
04fafbf9f9100515,
0cf1fbf40108effd,
021be9fd0bfffd09,
1bfdf0060efdf90d,
ff0408f9f40b02fb,
fbeaf80100fdfaff,
fafa040000fefbf9,
0507f50708ff00fe,
fc23f01b0beb010d,
0301f5fcfb05f70a,
0806f1ff1dfeff06,
f815fb1307faf7fd,
190afa02ff05ebf9,
fc0bf7fbfdf9ed08,
fb092207fa0cf8fb,
fdfb04020203dc11,
f4fc02f6f1fff9fd,
eeec020bf4170a08,
f6f805fbf2011711,
0301f9051403e605,
e937fdf40ceefc01,
1afe01fefd191604,
13f500e7eef7f603,
05edf2eb070800ec,
eefffa04051128ff,
f30600f205fa2005,
13f6f70b14020704,
e80505f802f12b0b,
030900fc17fe0a01,
0dfffeea0dfafcfb,
da07fd02fa0b1f08,
150c02eafef509fa,
1309ddf01a05f6ec,
1b09040607fe164c,
170b03fb0b0018fd,
06e8fcfc03e608f0,
0a010afcf501fa06,
06fefb01f509030b,
03e30a0a05ec0400,
f0f716fd06f7070e,
05fdfc0407f90a00,
ea150a01ebfefff4,
ea08fe02fd07181e,
12f3fcff06060802,
f3f00205f30c0504,
15fd0c02fb0dff08,
faf10400f90806f7,
fcfcf60a06fbf808,
0a070304fef20cf9,
fe01fd1b0500fb00,
07f8170cebf8fc0c,
f50406f106f9f2fc,
0002060aedfaedfc,
fbf512020220f6ef,
0afafefbff01e910,
fd03f801eb07e1fb,
f4f11f1a1afe120a,
ffffeafe0311a7ea,
f101f9e7e2fbfa05,
f5f2e6170f22fe13,
19f9ef0e0210c005,
fafa01e9ec0220f6,
fffbe30b18201712,
fb0af50100f9d60f,
f3fcf8e9fc0411fd,
09fddc000d141110,
09fbf5fbf9041200,
02fe01ff07fc1200,
0ef5f00a01f715fa,
fbfcec0d030b360d,
f3fe03ff01fcfe0d,
020f180f041dfd12,
0502f3fc01013bf3,
e8f2f70ff801fc01,
fa2101f4fe1d0502,
0000040ff3f90e09,
0a0307fcfe051f04,
0bfc17050fed050c,
f6fe02ffff08f8fc,
0102fcf1fffdf9fa,
120af4fbe6f30b08,
06ff090501f5fdfb,
070603050bfb0700,
080120fef5fb0007,
03fe0306fd01fd0e,
1008f3f305f501fb,
fc06fd040618ff08,
0302fc0bf9fb05eb,
fdfe040510040c00,
0efaf4fdf2f7fe04,
fdf300fafe15f8f1,
f8fefdf8f5010e05,
1500e402f403faff,
f500ff0c02f606df,
0104feeee5fcf9f4,
18fee208f51605fb,
05fff8070404fae4,
090eff0ddc00040c,
1deafbdeff020109,
fcfdfb04fa05f608,
fcfd0107f4fa09ff,
0ce0fbe802f9fdfa,
fcfb05f2fdf71308,
f9eff702100d0205,
011be90208faee00,
0bfcea0500fdf410,
0dfcf50e19000304,
041d12e9110306ea,
2905e70801fa07ed,
0b0afe0df009eb07,
fa130814feef11ff,
2000f60316f4efe2,
fb07f3fbe110f108,
0ec404191e24f606,
f0fef6faf10716e3,
020503f804f8fffe,
0714d005f40bf601,
07fbf4f5f9f3eb06,
14fef8e7fcf50100,
16f5eae8f9051410,
0b01f8140309f0fb,
e0fc0d08ed06fc0f,
e7dee708f3080605,
11fafb0d01f5eef0,
db10f1ec0a020311,
00deec01ee0ff904,
f002090a0801eff3,
f10310ecedf8d903,
0d0aef030ffc040e,
f608f400fe0107f2,
0800edf8f2fdf106,
0612ec09e603f615,
f1fbfb10ed07eb29,
f502eaf8f2effe0a,
00f7f6e707fbf5f8,
1000061101fb05f8,
f804110413001b02,
05f5eaff050502f7,
0a0b0503020303eb,
09fbf8e3e80ee9fd,
f6ea0b1113f0f900,
1205030404f51603,
fc0505ef10f02a0c,
ebda152b17f6fc09,
f3fb05fbf603fc06,
031005fbfc041700,
fc0c1d1a0cf30511,
f9020300f90a0cfe,
f6ed0001090511f9,
041a0412faf3fcfd,
ea021301fdf721e5,
030cf71512fdfbf6,
fe08fffefc03fbfc,
fafb08ed03d73905,
0d1301022f01e8f2,
f8100aff04eaeae0,
1efe0cecfc00331c,
1704e805f9f9f300,
f812fc0c19e6e2f7,
0c02effff104e002,
0d07f5fae7feed04,
f007ef0a17fd08fe,
0308020803fff4e7,
00fefc000ff8f107,
f103e7f1d81102ea,
19fd00000bf3d5c9,
1e04f4180c0b08f8,
e705e2d6eb0a0804,
3ef40cfe05f80303,
200bff1506fbfc08,
01092808ed07040d,
0bfdf9fb0af702cd,
070cfbfefbfdd5fe,
141ffb1fe51a03fa,
11fdfb04fd04f0f1,
eaf50dfe0409e0fc,
0b1a03edfeeefa22,
ff0bfb02f70df1e3,
f30cebf700f2e201,
fb23e61803daffdf,
0dfefcfe0323e0fc,
f5fcfaf2e8f1e4f0,
0ff300050425f1fc,
0c03f9fb080de5f1,
f010e406e702fbf9,
03d6d3100dfe120a,
f2fa04fc09edfd26,
17fee4071901de01,
fc47130328cdeff3,
de06f500020005fc,
fa15fc0e0aee04fd,
fc0f0c0a2509fcec,
d7f8e701fd0b12ef,
fffe04f9f3f62504,
fbe8bde611000f03,
fffdfb04fed605eb,
e7fff8ebe5f50ffb,
2cf3d1f3ee140510,
f9ff06f4eefcb6fc,
e5f4ffdefdf61100,
0e0dd8f1f6100bf3,
0d07010507f3ea1b,
f4f6f7e51cf20502,
0411ebf2d0fe0417,
1007fcf702f3b21f,
ee0602faf0ebff08,
2301f2fdf6150c22,
f212f6f2000ee5f1,
c60b0ae2eb04e209,
16e7d9ed21ec1006,
e7f2f806f4fd150d,
f6fbf4f505f4f002,
ee23d502f3000900,
0908f3faff131a0d,
d40302dce1fff005,
251df0f5100debef,
cc03ea0b0d004b1b,
0e0604ea0bf8f3fc,
00fce418080cfb0f,
e2050302e7132e24,
09ef0b0cd8fff2fe,
22f0fd034013f017,
d7050005fc0d08f4,
fbfd0bf0eff0f7fe,
07ded80de702e9f0,
fdf6f8f60bf514fc,
12fa0aee07012403,
0ed6e6fb0b1d20fb,
e6f901fff1ea0517,
20f114faf4020703,
000706f5f804f303,
f7010002f30dff16,
0af9080bf7ff00f6,
13330aff09110005,
fd050001fafde3fd,
0c0103f601f80a02,
0ddf04ffef0f0e05,
1012000e0b00e910,
e4f5fddd0bee1afa,
f22a1006f1090cff,
16000cf5f7fefbff,
e9010cee080cf9f6,
113f471ff0e60717,
150a0e0a040b2018,
ff0dfeff030ad800,
c31b391b18f0f3f6,
05fe03fffffb28f8,
1b01fffc03080106,
ea1010fb22e1f806,
fe0a01f4fe03f3dc,
1500fb0cebfeeef8,
f80d22f429e7fd16,
12090a060100e6c7,
1df9e71e0406eb01,
040c30fb0dddecf5,
1c0af9f7faf22101,
1406f104ed09e804,
f9f41b0818f9f7f7,
fd07f2050a05f812,
15faf5010407f6f9,
f4e504fe1b00030a,
df08f903fbfe05f4,
12fcef12f00f01ff,
f0f008fc1a0afb05,
1dfa050af707fb04,
0213fc08e212ea00,
ee1dfe04f803fbe9,
0f04f600fb04ddf7,
050afefa12f90e03,
0de80b08fb081efe,
fe07f7010feff5fe,
040a02ede60e16fc,
0bc1c9f2d51d0508,
e20af601040603f7,
f3fd0706fb03f70a,
20f1ee08f8f20f0f,
f5f6f600f3050819,
fa09f5f903ff260d,
071cfff007eafb02,
070104fffcf20600,
e6fc0afc14fb22fe,
f407f5f4f502020e,
09ff13fa0407e8d5,
f7fd0af0f1ec1203,
0acbfafbe0160a2c,
f90df6fa040bedf2,
16ed00eced08ff08,
0d01df19ebf5021b,
d6070503fa120109,
08fa00f8e9fffb01,
ed3fe51218e8f20f,
e1fc0f00f2001224,
1501010404ff1bfe,
05460109fad9faf8,
fd0600fe01fe05e0,
0101fef21608fb04,
f5f3e9f0e6fc09f9,
fa010e0af7ea0d2b,
09fdf00b1b09d9fa,
effee7fee0edf0de,
f90600fc01fa0b1c,
ec05f6031c01eb02,
f71209ee04eef0e9,
ea00f9fdef04f0fd,
effcfb07080ee6f5,
002306fbfb12ece2,
0ff70303fdfce6e4,
0b0006f80404dc00,
fbebe9fbbe02efe7,
2dfc0dfbf6e903f3,
1b05000316051eff,
03c90be6e80806e7,
13080d0510f41918,
0708ecfb34f52304,
eced140907caf509,
ef0202fceff5fbe8,
06fafd0a0cfbe7f4,
f22e060aeff9f3f4,
ec040a02f6f6f3fd,
e700ff162208cc09,
fd2707fb3305fdf9,
02fd06000001f5f7,
f1fbef0d20f403f0,
ef0e1fedf7eefce7,
2403f303040de7df,
040af40502f7cefe,
000c0effe605f4ee,
f008f2f406f7f9af,
f809fcf8f20be3fd,
06e908fe0b101215,
e90a05fd07f50f23,
27fc0023040cecfd,
ff2e0f0335f601fd,
dcff0904f6151c22,
fd13fc0b060812fc,
fdebef0a26dc0be9,
f605fa0107150b04,
0508fd0102fe0e06,
09e1dd17f416f1e9,
f6fafafd0607f0e7,
f104f7f114000d00,
16e8d307061c0e14,
1ef4030a0201f7ed,
1efff60c0d09e803,
df190312f7f2050f,
250210fd05f500c8,
1b06f90a0201defc,
f002f30804e3ecf4,
fcfe11ff09f6d808,
200f000a0400e709,
f617e7fdf7e8fbff,
f107ff06f908fa16,
0c190dff0c0ae605,
f90e0509f405e9f0,
08080706f9170216,
f1fb09020f0fc7f6,
e831f60310e1f6ef,
28061216fc0aff04,
0d0ef81517f5f7fd,
f6eb0809f511ecf7,
edf511fa040e09f1,
180df7211a0505fb,
0afc180710ea08fb,
cd020afdfafa2e19,
2b0b100816ff2902,
002a00dc03dceffa,
e703fc03f9ff200f,
0e07001a05070a06,
0f14faf74700edf4,
12f60804fb071b32,
020a05fdf9fc1df4,
fbee1ffc1ae4060e,
f40517fefc02fcf5,
fe0ffa20f7f6fe15,
15f91a0ff4dffef5,
e60202fd000bf4cf,
0f0308030cfaedfe,
f00b16ee15f5fcf0,
f6f9fc0910f91e11,
10fc00fa0201fefe,
020d13fb14f306f5,
f4080beb06020320,
0507091cfa0911f6,
fd10e817efddfdfa,
00f608fbfc03e411,
03fa0e13fbf915f6,
0ae9dc0f08f0f7e7,
f300fd01fd02dcec,
050001fffd170cfe,
1bd6e7f8121b0cf3,
fbff000d09f5c4f4,
f4fe0af4f4ee12fe,
17ccc2eefe15f8fe,
d9fffc01fe0b04f7,
e9f8fef7f9f221ff,
14cad3f3fb180f16,
dcfdf8f508091613,
f30714f513112806,
100de4cb02050b15,
02060e0005fc180e,
04ff15072e012401,
094e1ad0fee2f812,
120e0afa0211e9e8,
03f60ae8defa18fc,
06ce170df8130c09,
e9fd05fdf0fe05fb,
10f615ebfd01fcf8,
15e50a28faf90015,
e3f00b010910e9ff,
fff30fef170bf407,
f2f2f81d00dfd8f8,
f0ff0ef709162b14,
18f7000bf10ef4fe,
f92efe0bec02fe04,
280108040cfde602,
dfff0712ff09ee02,
ddf9191306000800,
f6000703040307ed,
f9faff1e0207e107,
0217360afafbebeb,
0efffcfb12e619ea,
09f6fd050009f709,
f1e7ff1305e5feef,
f9f913ee080010f1,
0306f10b0302e6fa,
f104071408001604,
1409040e0002f817,
fb090027100a0310,
fc0dfcfb100906f2,
110b0103ff0fff02,
fe1bfd06fc04fefd,
00e6f9ee0ffbfa03,
f802f902f701f9ee,
100706f9060ae901,
f5f402050b090ef6,
fe02f407fb09fbef,
0c0d10f8fbf2ea02,
0bfa06060a20060d,
e40ffd01f9ffec03,
e5f806f0f0fd1f03,
02bff5f41803f5ff,
ff0300f908f7effd,
e9fbf6f408040cfb,
12eb00e5dd15fe17,
e1fcf704f410fe1c,
e0010b0ff7fa13f4,
1002faf2ff111207,
00f50a09fe131706,
fd070315f6ff07ff,
f7f314e9f608f90a,
02060c0bfc04f500,
09eefa0de40d0601,
06c11703fbf4fe16,
f0fd0704fcff0c1e,
0304fa1df20f0c03,
e6fefdf003090403,
f4fa04fdfa0f180f,
11fe031204092202,
fa04fd0bfbe63108,
f20616fc050f20fa,
0afc0b010e001afa,
0212f5fdfee5edef,
1efa0a020d1505f8,
fffbea0bfa122404,
08e41f01fd0df907,
010100ed0adf07e3,
070f09f100ff2709,
02e8f8efe31a10f6,
04f90bf4fee01aee,
120ef416f812f90a,
03191a06ffd30c02,
16f80af40d12ea04,
0dfd04eff110ec00,
e2d11bfc07eeffe9,
04f40d08031c04f4,
fd0919e6dd0cf501,
01c10bedd52807fe,
25010d03fbefdb0d,
f5fa0216e51ee3fc,
f40708d7c8ddf713,
050319f90910e40a,
f8f800051414c2fe,
e7f9ee19e2020bfc,
f3fdff1212feee04,
021f0809fc0bff0a,
e5cdcf2dfa2607e3,
f1f3030cfffdf0ec,
de0f05ede9020efd,
05e0e0f9e808050b,
e70bf80107f9ec18,
ce0cf9e9de070507,
1de0e2f7ee190716,
c7fc020101fdd769,
c7fcfee81603230b,
31ead7c0f407120e,
ee070b05f718090c,
e7030806f4fffbfc,
1c13fbe432e70af7,
10f8fc010bfd22eb,
f203f300f4fa0612,
f6d4e111de092100,
cf02f2f800e2153d,
f7f508f1f3f31ef1,
22ecdef60e16f828,
daf70af8f9ec5520,
1ff909fefefc09fa,
0cec1de3dad40b05,
f506fc10001c6d2f,
1fef0b15ee12e5ff,
dae013f628f6f8f4,
02f6fbf6f9f5f3f7,
e0fdf0f8ddf5ebfb,
01b30a15d7061210,
0cf908fdf5f4f6cf,
eef204fee7ecfdfe,
f8d9f5eef50cfe10,
f0060b0508e313df,
19ed0916f70bfe00,
02f22110ec04fbe8,
f301f80210070d18,
1afd020a05f51af1,
c3dbf31b0d1102f2,
05fdf7fffe10ffef,
f50fedfefe10f1fc,
14de0ffde80408fd,
150801fcfff0e4f9,
e5fb0307190afff3,
f0e420f407e4f600,
10fd0a02f1ffe60e,
e805f1ea100202fd,
de1e0b0dfafd0f12,
f40bfa0e07fffbf5,
eceef7f3070601ff,
edfbe41eef0205f3,
f401fa0af5effdee,
f5f4fcfef4fd2afe,
0cb9f4df080bf7fe,
e20b04ff0bf508fb,
07fd0efc090009ff,
13cfece10be8fee6,
eaf71605f808403b,
15fa000f06fb0205,
15100bb3f9d8f8ea,
fcfa09fff7103718,
0df0ff1922fcecfb,
054022e9f7c6eef9,
06fe09070107e6f0,
f5070500ec01f6f5,
10c020f3e9040206,
fc071c0a02fbd6cd,
060b0014f520fdff,
fceb01f8fbf11100,
000710fe07fdd403,
1502f90e1b0cf2fc,
e105f7fe06ef09f7,
0d070b08fc15fdeb,
1d1a0a130d08e30b,
f72e080cfd0509f1,
1e0efb020a02edff,
e1060a0eedfe08fe,
facd3105fd1b0201,
ef050504fbff22f3,
e803fee20808f700,
d3faea01f2d60efb,
09fef90c02e0fae3,
fa0d11f705150a08,
fc02ebfd0df7fcf5,
17fff4090cf7fced,
fb140100eefff502,
ed01d9f1f8141404,
21fcf103fc00fa08,
f5fa060ffc01040c,
f5e20303e90b0905,
fe04fff40008fc27,
fcf4fc071103f703,
cc081016f5d90313,
e6fc0503fffc0114,
fffcfcf91a09ff02,
ff13e228fee5fa01,
e2010900fc18f0f6,
ef02fef50bfcf5f4,
05fbd91ffd0711fe,
0cf7020bfb080f2b,
0108f60f0dfbec00,
fa43242a19e9ea19,
2bfdebfeff13e906,
0604eddbfd03f0fe,
e5fef31d0a18090a,
f800f1090f0ad5f7,
ffff00f0faf41dfe,
f1cdd50a061e03fa,
f2fff0fa0ceee004,
f8f80afafa060505,
1fd7ed12f92d1616,
fefff40df7022f02,
090805090ef60c02,
f732ea11e5ee17fa,
0bf9f60106034614,
e40a11ec08f714f7,
f9f31827f40eeb0b,
ef02faf9f4fc5203,
cef301ee04fe1002,
08f71904e4f10b0e,
fe090004f9fc110d,
eaf7faf402fd0805,
f1fc1905e6effaf9,
dcf607fffa05fe01,
05f915010a04e201,
0607fbfb01eff3ff,
2afc0afcfe05010c,
05f8fb2e08fcf900,
fd0b24f9dfedf001,
10ff15fb03f00515,
f8f9ee170b0cf1ff,
041f1206ebf4f9e7,
e80614000f080dfa,
12fffd051d050301,
e4ff0713dee2fbf4,
e0f8fc04ff0315f8,
0bfff9feeb0cedfc,
0129d80e2004fcfa,
1505030502fdfbf2,
1501fe02ea00f5f6,
f4faf203190d02f1,
08f8fd0e02f40eec,
0212f4fdf5021af0,
e7c600ecf6110eed,
0900f404f3f2ebe8,
fe01f3f214ec2103,
08e2e1e7d81301ec,
110203fffd0d1108,
0b0100fc09020bf5,
fd120a021101fb10,
e6fef9f60cf8edde,
f711000af806120b,
1d261af62301fd07,
11fffb06f4f9fef2,
1bf0f904f1faef05,
0a0828fd0bf2fdfc,
0df6ff000e01fbfc,
0dfdf905f100edfd,
06fb0bf222eb1117,
dff3fbfc07ff0813,
fbfff2f5fcef06f6,
1603e504052403fe,
e50afa04ffffe30f,
150103fbf20a0bfb,
01f2e7e501090a07,
0b06fe0002ff2006,
0a050b17ed03f008,
06fbeee7f20d0309,
1100f9060312f4fe,
fb0d0905f1fef103,
fcf606f120110f06,
fd02eb060001f9f3,
f8fcfedff2e612ff,
0ef0e1fadf181108,
deffeafb0000f012,
fefdffedf702f7fe,
13e0d4f008030305,
df02080c090be014,
f3fb03edeafb0002,
0cfa06dcfa070318,
fdfcfc01fb05041c,
f10115edfd0a1dff,
f9ededf723190900,
0b04fc130bfee4c9,
f1f9fee6f9fb070b,
09c7d20af2160908,
f6fcfff5fcfff6da,
f9ee03ef0ff90505,
14cffa0ddb03060e,
ed000ef800f2fbfb,
03f4160af1fe0415,
fd180d090306fb02,
f6fa03fa02020917,
0105f5010e0312fe,
0bff150005e508fe,
f5010b0705f921fa,
040203ff0a05e2fd,
f92df50ffafcfaf5,
11fd0100fbf900ef,
0700ec091209efff,
f8e80102f4f4f6ea,
02ffff091115e127,
0d07f808d9fafdfb,
e9c4f211f90f05f4,
f1f8f0fbf203d0fd,
fbf901f309f1040b,
0dbbee27083105fc,
f3000000fb0607f3,
25fb07160a0de5fc,
030f01fdf1edffef,
15f8050202ed0123,
0807fd091afe2c11,
05fcfbf1dffb07f9,
0aff17f9f6f40d11,
d9fa01fe23fe4003,
000b3216d0db0e0c,
f50200f8faf7f005,
d8e501070802f7f4,
f8f6080dd50cf6ff,
dcf60805f9fc020a,
0203f7fd090006f2,
fd09e7f621f7eff4,
2100000005fff010,
eb0cf11306090504,
f0f80fe6e5eff70f,
16fe08f90003f9f0,
f804fd160c04d7fe,
ff2430e9e6f707f4,
fd01f7ff0a01fdf5,
02fcf60efefff808,
e2d5070df0f80200,
f601f70a06fd1436,
0ff1f9fffefbf800,
031a010102fef308,
e5fd03f6f1040718,
0d03f802f202e70c,
0afe0ff604f0f501,
f2060ef50617050d,
fc07fcf812fc0cf5,
fef1df0b080007f3,
fafa0d04080ff325,
eb05fbf006fc0b04,
fbe9ce10ee080aed,
0ff80ef2fc03e6c3,
25f9fbff0106d404,
ed32f6ffe0eb0bee,
18000805050100f7,
1502f70b06fbed01,
f3f2011bf2ecebf3,
0cfe000308fae0db,
0c14fd091d07cdfd,
001b0608feddf602,
1101f9fcfe15d3f1,
190bf6f1f2f8d8fa,
d3100419f7eef3f3,
ff06fcfeebfd011e,
f40006001cfde30a,
f911d9f1200af9ee,
1bec060d0be4e0f3,
020afc0c1a0afaf8,
10e6100516e9e6f1,
eff616fae90a0303,
1200ff2106fdf50f,
011d140707e4fcfb,
dffffb0af5fe07f4,
190b060b16f90efd,
fa2ef3ea1702f2f6,
c309f400ff0c230c,
22f50cf8f7050807,
1dfedbf927ff00fe,
fffe0ff80beb1426,
1102f9ff10001eff,
fa110b0202c8ee0a,
040705f8e7fd08fd,
2601071400f71b01,
0ff722fcf1ecf6e9,
ec00fb03fc140004,
170a05ee11f3f5ff,
080b01e80efefeed,
fef801f712ee010a,
10f903ec04fcf201,
02120f04fdfcfb0a,
ef0109f6fefd0621,
fa06031903f5fafd,
ea37e91beed9f208,
e9fd0301f009f622,
fe08ff130bf601fc,
fa0f161311ebe5e8,
e40000f6000bf513,
060afa1104f90c01,
e9fd04022007f9f9,
f2edfefef7f7e81d,
ec0501062508f904,
e9471f12f0db00ff,
0ff1fbfffaef02f4,
f1fcf3ee1bfbdafa,
f0101716ea02fafb,
02070305fd1dff07,
ebfafae502f6090b,
02e21718022002f8,
fbf5f50404fc02fe,
f50906ff03ff0afe,
16bffa10ec1aee02,
e60afdfffeecdeff,
03fe04f714fced03,
0737c1e6ecf1e6e7,
00f3f9fcfbeb2e0f,
020309ea1deb1a03,
09eeddf2ff11f7e7,
f908fffefb064212,
fa000eee14e91e03,
0cf010feeaea0011,
eb0800f8000305ef,
d4f4fdf00bffe9f7,
e9fd01fcf5ffe6ed,
d3f6fa06ee0cf6fb,
22f6f5f715f0dfff,
fd1600ee0505ea07,
1ffa05fef20a002a,
07f0ff0af3fe0c06,
fc2212f5dcd8fdf4,
f80208f6fc0fe903,
04e6f30903f8dcf5,
160a1bf0f5d3e3eb,
f10905fc060b08dc,
11f9fe080a06060d,
000706f5fbebebf1,
c2fcfbfefefc2d23,
fdf6fa05ed11f503,
f932051037f9fbf5,
fdf1f805fff11af0,
060f040af1eeeaf4,
efdd01fd120307f0,
07fa06fd010124d4,
0208f706010617f5,
0fe4e8e103ff05e5,
ecfd01f4f5d6f8f8,
fe05f6fcf6f216f9,
0bfacbe7e51ceeee,
fd06fbfd0707f4f2,
ea070507f402ce11,
eff8150bedebfa0f,
e707fd050602d321,
0a02f30414fdf002,
f521180802f1f715,
1af9fa0a07f8db07,
0b00f40412f811f4,
fd2512030414f623,
f207020908012712,
060706fffafd08f4,
221bf70f18fe080a,
0cfefa09fa06f7f8,
fdfefcef1507fb04,
040ff7fb140ef2fa,
e61a0801fffc2ff9,
140304ec12f315fe,
13e4c5f00c3008fb,
2903fdfbf3e63be0,
1903faf8eaed0e01,
1a2e07d8052a0b11,
07f9010e00e516ed,
19f80108fd0008fe,
22291bf0fffd070a,
0809f4fffff900fc,
070102edf2f4110d,
0c09f1fdf71afbee,
01f6f8040903f2db,
0003f4e1db03fa04,
06dcecfefa270605,
ec19f8f50400e309,
e7fbfbebf2fc0bfc,
1b11d6f2f81a1531,
09140e0706f8f5f8,
e00dfdfee9fcf1fe,
17f5f1fa00040505,
f607fcf4ff00fd18,
0303f4efeef90705,
12e9db0d2409f1e8,
f8f502001110e70e,
fd0e0e07e1f82405,
1ce8dc0efc010d12,
f703f2f5fe04ebe6,
f1f1fc04c802fbfb,
22f4eb130023fe08,
e808000704edfafe,
f2fbf903f403eef4,
1deffdf001020310,
080bf10a0d12cddf,
ed020ff0f40714ef,
f9d6fcf9f92a01f7,
1bfdf2001302c7f1,
e6fa01e7c7fafa11,
04cfc413e72c212b,
cefafcfd0a05b9e8,
e6fc10dfdd051101,
0cf0cdf604191a29,
f5fc010bfaee050e,
0e0a0d1800ff2afe,
1316f9fa11151b14,
feedf3090f0bd90e,
ed020ceee60a04fb,
0beefaff10060e12,
06f9fff9020ef905,
e4faf203f60afcfd,
03d51336e415ee1d,
d5050105041511eb,
e5f2ff050e0a39fe,
03e8e70e01f30806,
f1f91df2f808082c,
2106110c160031f8,
f32505e0f4e8f6f0,
0afa0bf90b180f04,
edf902fb06fd24f5,
01e713080811f6fd,
0607fcef01f210dd,
e907f90b0a031ffa,
1ef21f09ea1603f9,
05fb16f903e818e0,
fbff0e020000e2fb,
0107360af8eb0b0a,
fef9080c04fc2006,
11fbfe0d2305e2ff,
eb0d0d0202e0fcf0,
0df908f9fd1206fe,
020c0ff5021018ff,
0df80ef3e92203fe,
16f30efd02fbedf5,
f9f80203f011e510,
070df6d7e0f80a0c,
07051106f8fcfdf7,
0c17f21312fbcc00,
f40df70ceff909fa,
01fcf0f80d02fc06,
180dfc09ec0cef04,
0609080efa1206f5,
0bf9f6fe1309dff6,
e7fd00f0db0cfa08,
19d6e109fb0b0406,
f100e5fef21ecdd1,
c603fbecbaf50e06,
12cdb8fd102b0f11,
e706eb07140cb1f9,
d1ff0cc6dbfc0702,
0cd3cffd1d242022,
0402ff030afa1504,
f1faf7fa16fa380e,
0c1bdce2061e281c,
fa02f20f03101706,
fffe0803eb0524fa,
0ad60a16001205ef,
eaf2e5fffc08dffa,
e80512eefb0106f7,
17dc0a2ee1fffd1e,
ecfc0c05f3f20401,
eae809f40014f6f7,
02c51308e3f5f4ed,
f0f907fbff062414,
01ed0004ff0005f8,
e8fb0810ebe20d09,
15f2fb030303e703,
f4f0f80eff02010c,
ed01070bed08020e,
fe0212f406ef12ec,
0001f833fb12e8fc,
14f13cf3e9faf311,
03f7f803fbf7250e,
04f8f8fef20df4f5,
e2ee09f3fdf6f7f5,
fdf70408080d12f2,
1600000f13fdf10b,
e30c0f19f9e5ffe9,
19f70301020ff9fb,
f818f8f60b07fefe,
09e40901ef1100f9,
0bf90c0814f1faec,
f803fd17fa0afb08,
05f016def2171104,
10fd08f907fff9f9,
0008fe06f50bee02,
f4f604cef00904e8,
0f000503070800f7,
010107f50dfefff9,
180cf7f502fa0bfc,
f202fa03f9f7e5f9,
fbfd06e605ff1601,
031ccee8f503fff0,
090104f9f9fef0f8,
fe0200f91b09f90a,
eef0cadfdefc00f2,
18f405030509dd01,
fa1001081516e40d,
f8e5230fd4f2e8e5,
20fcfd010406cf03,
000dfe04f506e1fe,
f5b90615fa3511fc,
fa03ff02fafdde1c,
02f4090208fbfb03,
02fd12f51d07ee0a,
f20c0a06080e33f5,
08e6f00f0d070003,
0a07280102dd00f9,
02050702031b1a06,
e50202ed0a0609fe,
0412f901ecfc05f7,
00fef0fd07f4f50c,
dc13f3fd1d061508,
f6ebe517e10204fc,
e7fbf8f6ff0802fd,
fe0801eb0112f8fe,
f8ebf9fd160304e5,
f0f507fef9e01031,
1c01fc07fd0e0f0b,
fd1efbfcf2e10a08,
f606fcf9fd09e632,
f702080beaff090a,
0bf5effc04f4fbe5,
e8fc02f8ff0203fe,
fd020901080b0af9,
f8f60ce1dd1705f3,
0605fffd04f509fd,
0d0313fb03011a03,
fff4040ae9150a01,
030109fc030b010b,
e9f8f8f90c12f5fa,
f4f9f607fdeef4ff,
fcf901eefa061700,
000907fc16011509,
e1fc1816f1f30111,
fbf500f80b141010,
f9f3010c020b00ff,
ec03f2fe10f1f5ff,
030e040cff151dec,
eaf90703f700ecf5,
f6dd0601f30eff0b,
fff7fcfc0409f8f5,
020cf0f5170c0805,
0b0135030b0f0d04,
0afe03020efff6f9,
ff00f3ed09ebfe01,
fb0c0722e1f9fe0e,
0503fef900e4fc0f,
0a03f3f9fbfffc04,
00f91522eef60604,
0a0df712fc0e0406,
fdf901f9f0ff10ff,
0fcd0a0407340c12,
01feed040c000aef,
01fd00ddf00916fd,
f8d7b9f6fe1f100a,
1bfdfdf5fb01e4fe,
f1feeb10ddfbf2fd,
15f403e3f51f0019,
110df9f5fbede2ec,
02fd04fafb0f05fb,
fdddedfd230410fc,
0af7f1080a0efbfc,
f7fef2eae60a290b,
05e7f3f3d72911fb,
11fefcf21403eae5,
fff9f3eee5f505f0,
00d7c8f1df110a22,
e3f5fd0301fae4ff,
edf103e7f4060003,
1705ebf4d7011d21,
23020cf801f1f5f2,
f6fbff0a04f91402,
e7e0f900f209fbfa,
1502fd0c0a19f3f6,
ef03f8e6dbecee00,
04b0f503ee10041a,
1104ed0303fce2f2,
e9f209eedf06fbfb,
0edadf1af70c0c1d,
f9ff0907040c00f7,
e8fdf407e805fef9,
01fae31e0d1e0715,
ff0300170af1dcdc,
ea02fcfbf8ff060a,
15dada10f1050608,
03040b020efff538,
f714f30006fcd808,
f4370d120ff90d07,
16f8f7fefd1db5ef,
01f3f6f2dffdef0b,
ffe8eb0c0f0c080e,
0d07e40b0310c1e7,
d5fbfbe1f7f61d00,
f7d9e634123a1b13,
fa01fa0402ededee,
ee0208f605fb2a08,
16ebde02eb141218,
f607f2f9fa0c1f0c,
fbfd000113fa2203,
13f8d902f4f40df4,
09f6ef0701132d2f,
fd03feecff000f00,
1bed02070b120014,
fefaef050202180a,
e5f7f609e8f506fe,
fef90a0af704120c,
0601f3fefc07f204,
e2f002fdf8030dfd,
eee3071708e9020a,
fcf505ff0208f700,
0af2fdf50eef03fe,
0215fc03fdf70105,
0b000afbfd0a03fb,
f7fcef170610f6ff,
011523fcf800fb13,
0a08fefdfd010303,
f8010e00f801fff9,
f820f5faf214f6f9,
fffcff09011105e4,
0ff8010a0f01fd06,
02f8140af606f8f0,
09f303f5fb060a00,
0701fffb0707f90a,
1014f902f913f8f7,
f80af80405fb11f3,
02f800f8e5fd0cf9,
1d08f90e02150801,
02faf4fbfffb0d05,
fd09f3fded0a1af5,
1becfaef07070f06,
07ff0ffdf6f906f1,
e60e01fa0b000f02,
09fa0203ee040af5,
060603fcfb05b111,
f2ff000fdffebe02,
fb570ef5fbe5fb0f,
27fe0a07ec07ed00,
d70603fc00f8fc06,
f220ee0906fbfb01,
04fdfd04fe04e2fb,
f511ffdc0b01f001,
eff20433f6250401,
0a02f90b11efc9f7,
f9f0f6f5edf5f9f9,
f5b7d323f0210a02,
d501ec08fe02400d,
06fc13fd08e8f901,
f12dda1827f1f2ee,
0601fef1fc0b2f16,
05f3f50a18ee0100,
f11025090ce9e8fe,
ddf8f305fe161a0b,
e5f7f6f8f301fe04,
fd000307fc09f105,
f4fd0cf9f6fbe213,
edfb04f8feff0afa,
08f2ecf5f111f813,
ebf6fc04040b18f9,
35f9f105fa06e401,
f917f4ff2b0ef3f3,
09f90ef608f51c17,
3cf60327f8f2ff06,
0f16300b0ef1f006,
27fbfaf7f0020013,
0702030f05fbf707,
03e31f06fc11ebf0,
f9fe07f40a0613ef,
fe010a1a23f80807,
ee10230ef4ec04e6,
03fcfe030ef903fa,
0cfbfffc0f0cf6f9,
0118fbfd0ff504ee,
f5f8fefff5f7fedd,
f60afb0ef8060cfa,
060c0e16fe0406f8,
030b01f805f20506,
0e17fe04f0f50606,
fffd26f6f8f4f0f0,
01fb0707f40100df,
0d020204f105f404,
092613e5f60205fd,
fb07060cfbedd4e9,
fb0104e4fc0cf605,
010ce6dfebf104f3,
f8f3f4ff01edf103,
0afe0e0e1f0be1f9,
f202faf8e6edf2fc,
fb02fd0204ff40f7,
0502f3281706fbfc,
021513fdfad4efed,
07fbf402f2f8f4fb,
f803f4060cefecea,
fc2507f709f1e4ed,
ff01f0fc0500e2f2,
0e05f500fc05f206,
ffe5ddf2de02fdf6,
0500070dfcdaf7eb,
00fe0306fd040905,
01edffd9f6f101f2,
0afffcfcf8fffa0d,
0706f60225f4f5f9,
e7f504fbfedafd1d,
f703f6000104d5ef,
0002fef908fcf1fb,
0affee15ebffedfd,
01fe0513fd02e500,
eefc07171efec6fe,
f31d2c1109f7f701,
0e030306fe02e6d9,
ecfaf8051bf1f101,
f62c1d0403e4f3ed,
22fbf6f8fc0de3fa,
17fe0d0cfff5e3fb,
05df110df400f1ec,
f1fae90305f6f4bc,
fd09f1f3e800f5f8,
12f1ee06230f0e06,
e1fdfafa04f10c47,
14faf812f608e207,
fe3000f63dfbf7f1,
e8fe0a0004041725,
f70503fbf9fe0808,
0b19f51247f5f6fb,
cffff3f7070c0b08,
02000b06fbfb1f04,
0afde60d0c0803f6,
f600fdf6fa0ff2f1,
f104f7f8fd020304,
1becee03010702f4,
eafe030a08060cfd,
05fd08fb0e122710,
12f809f50df60006,
0fff0417110d1004,
0f0b0c02020403f5,
ea0e01f7fffcfff9,
ec0514020b141726,
04070afaec00f902,
05f6fcfee602f3fa,
02010afe121e3a0f,
0700090e00011603,
e8ef0eff00160702,
fe020fff0702fbfc,
0cfef809f506fef2,
f2e83afff607fb24,
ff090000f500fae4,
0f07082bee1ddffa,
ce0423f2e6f51413,
f406ff010d0716f0,
020eeafd0afa2206,
fff40e0705ef05fa,
f3fc03fbf7fa341d,
0e0500fa03fb2301,
f2f1e401f7fbf5fb,
17000dfffdf4f405,
0d05f720fe0bf801,
05fa28fdfefdf702,
ff0409fffc08ff0f,
0310fd181f092007,
f4ef14faf00b06f6,
ff0105ff0ef119f5,
ffffef0632ff1cf2,
fefcf609eeedf5f6,
00fd01fff9070219,
0bef09f91b0a02fc,
eb10fe04d1fe02fd,
01f6f2020a050be4,
0b05f5eade0722f9,
fbcce6f9d90302eb,
fc010207fdf7ead7,
fe0efc0ed806f1f8,
02caf2d7cd1d0505,
0708011204e808f9,
fafa020710ffef02,
eef4e4e5dfff0302,
0102fe0406ecfb0f,
0905f4ffefff0404,
0b0efee5e001fe0a,
07ff0f0509f722ff,
0fff040319051afd,
0904fbecfa070aed,
06f80e0508e72610,
1701fd16090fed02,
f206fafee8c8e5e3,
02f50e0bfef8cfe8,
0afcf31cfe08e9fb,
f4061208f9effaeb,
ef02f7f8fb09cff9,
0f0409030101fcf3,
f4f3e605f311fefb,
0ef41304050ac5f4,
09f2f5050102f9fe,
fef711eeecf9e8f5,
2b0202fd0402ea03,
fe03f30e360618fc,
ff1222f5cfefe7e9,
ebfd0406f7f5f3fd,
fd0e020a0f001507,
e7e2071002fb02f2,
cf04fcf7f404ede4,
deff030114fafb03,
05fdee11f901f7ea,
04010afcf70a080f,
fb0a0f1f020a0704,
ee3006f837ebf2e7,
000a0ef70af4fe16,
fdff00ff15f72103,
08f4ffe8dc100601,
f906fdfff305ef02,
000209f9fdfb11f7,
18e80cfeeee612ed,
fe0108fe1212fee8,
13f4fdf3ea0d0003,
e5d712fd0af1f902,
ed020bff09090f04,
140208faf3ff07ff,
fdef1408f003ff01,
f50c020204f50e2c,
f4f40dfff60b0201,
fc39ff08fce3fbf9,
0efd09fff0210515,
ff02fdf80efde8f5,
f4171813f9e70207,
1e0e000fff130c0d,
04fd0702160f02fa,
ccf415201efefdf8,
fe040207feecdde8,
060219f1fc041e02,
ffdff0e2e20f02ed,
0a080e0a06f91700,
0efa16fcf50a011a,
04e2e1e6f0f203f6,
d6fe13faf9ff0523,
fa06030dfe1705ff,
f5d3f1ec05eef9e6,
f7060307f613f60a,
fcf6f8150f0306fb,
eef21afaf50911fd,
0feb0d02030dc4f9,
0607060fda0ff305,
00e73d0529f8fb0e,
070320f8ff01a6ed,
140bf72ef71aea03,
ecdd3d03eed2f9fd,
fb001cfb0f14d3f0,
0501fdfd1b0b26ff,
dbe8031cffeafff9,
07090801fdf02116,
ff0ef4fe18021cf8,
05fdd811bb27fef2,
09fe0607fb050c01,
ef0a0a2a0e090ffe,
f6df01040d07fddd,
06fd0f080df208e5,
d505082904130bfc,
fbee1e03e8f1f6f0,
120807f809e905de,
fb07fefe120a07fd,
00071010f8e7f9e3,
fa0f07f9f702fbf4,
00fbfefbea03f7f4,
f41505e2c4010c13,
050b0ffc030100f2,
ff06fdfeeaf60b00,
0ba707edea1f0c01,
ee090708fe17e31c,
ea040005f614ccf8,
dfc7f9efcf07110a,
09fcfa03030903f2,
f500f9f70705dd02,
e8fdd903f710fdff,
f5f1f3fa0301021a,
f513070006fcfcf7,
f8f2dc0ce7010209,
f30408f9f90bdade,
fa04fc10f406cc03,
f52cf9fad1f7f6fe,
02020406fdf9f90e,
ec07f2071805f0f4,
0310ef0fe7fcfe07,
0afffd00f006de00,
dcf5ff1415f50006,
011f0614e906f5f9,
e5f701f9f6fdd1fb,
ff00060108fd2101,
2a25faf4b401ee02,
f8f6030afa0336f0,
00030eef1bfcec0c,
e526cffbecebf0f4,
210b00030b0b3fe6,
010011eb1408f509,
17fcf3f4091b0101,
0f0007fffdeb4d05,
0ff3fc10fcee11fe,
fe07211af8d8fc10,
e0effefdf603c4fc,
02f304f7f4fcdb08,
ec0614d00dcbedec,
d9f8f80601fbf6ff,
fb0303eb1c09ce01,
f542000439e1f308,
14f5fbfff706ef0a,
0109fc11fff5dffc,
edfb1b022a0f0ae2,
0f0911f5fa13dc0a,
0b08ea1200fdc5ff,
041016e7fb0bfffa,
fdf906f8fbfeeee7,
f9070a04fffbe1f8,
0de907014af7fdfd,
e5f4f9fafded1d52,
2df7fa010507cc02,
e62518fb37dcfafc,
d3020104fd0d1a49,
0b0802f610fffffa,
0115ff08250e07fc,
eb02f5fff2190207,
fe07faff0e1205ff,
2d00fe0e2408fffa,
ec03fefff70d12e0,
ea0301f301f219ff,
01f4f80aff0cecfc,
e8f9040312fb0d04,
0dfd04f30b01220b,
06e51af608f2010c,
100919fe0f0b18de,
fef20bf809fcfcf2,
08f605f1f1fcf8f1,
e5f612021714f30a,
dc0506e7eb10f1fd,
fbf80d02f9040ff8,
f4fb0400ff02fb12,
eafafb06070afd01,
f9f50805cd2b1411,
00f71700110b1ef4,
13f8fb08e012f8fa,
eae0660110f00122,
2bf90af5fb070ede,
150eeb3dd820e102,
e6e82f0302f50eef,
d5f30d04f20cedf6,
f7fdfe28020830fb,
ff15121b18f70efd,
f20206fdf2100a15,
17031c0c1dff2ffe,
faf1f8f9d4071cf6,
09040701e50f1115,
0e06fc1fe11309f2,
02e318fe150ff9fb,
f700140603e6f6eb,
f5101b180a0816f6,
f7bdfaeef60a12f6,
000b07fe09df19e9,
e911fa1cfe1023fa,
f60f1f0a06e20515,
fd030cfe090502e5,
15f500f314fb0106,
d00f04fccae201fe,
14f8f809f8161924,
03fe1ae8e802110a,
04ad18fdb42004fe,
12f513030308e333,
e5090b0be705f000,
f6d4e6e8aadaf90f,
fd040d08fb0cf407,
110905fb4607c4fb,
bafac724e80c0deb,
f2f90404fd03e101,
05030d07e801fc10,
f8d4f111f00a09fd,
f60702f8f4f51e06,
020506f40c0b2103,
16fcfceeeff5fdf9,
fb0a0e03f7fe1907,
11f80f04000fef02,
fcee09f3dae9f1e9,
e40206fcf80a2b3d,
050af808f404ec09,
eed406ffffeff1ec,
e7fc07f2f711d5f8,
010df705fdf6ff02,
f4c2f5181518f6fa,
0401f9fc07eceb01,
0804fc10e7110409,
03f327eaf7eff707,
13f50700f8e20510,
0605fc00000a0ffc,
f70207d8f60206df,
effe0af805fe0004,
e803f71b340258fc,
f6e3ff1ce5cc00ff,
f8fafd04fa091a0d,
02010e0415081a09,
0403fb14da0f11ee,
e4f9f9f9fb090f0b,
e504041a15090305,
f5f322eb1203fdef,
16fefd03fd0406f1,
de000d05fcfe1ffa,
000609e9dbee0ef8,
10fd0ff514fff1f5,
dd06010902fcee07,
fe0830ffeadf01f1,
f907f705fe09f5eb,
00f7f805f3ffd9fd,
e8c70eec07e90a0a,
e2f8020af60b060f,
fafb1101ef0df203,
05100e070409ff13,
e0fefe01f70d0d32,
f50c0e12f511e202,
f01800ddfefaef03,
fa0106f9fc1cf0fa,
ee08f916080ce6ff,
f3ebdb06e8f90cfc,
f7ff0afd0706fafb,
0a00060219011f0f,
fed1ce25f02a03f8,
fdff08fa1bf9d117,
dcfd02fff0ff1b03,
0bebdcf4defc0807,
d7fbf502f8f4e90d,
e103fcf1e9f432ff,
23e6d001f9210422,
c203f0fd0712c725,
d5fbf0e3f3031403,
2cf5ccf1fe41121c,
04f6f90209110ffc,
eb060ef2fcf143fb,
040ee5db16e803f9,
0804eef3fcff0003,
f40109e5eaeb17ff,
01dfe3feef0a1011,
e003e3f7f0f80047,
f3020efc09f32303,
20f2fc1af202050e,
d6fdfeff04025319,
09f00eee0f030f07,
0fff1302f9f904f7,
f5fd0e02f716221f,
21fa03f4ff05070a,
e1ef02e311e10705,
1608f6ff0b03f5fc,
ebfcf804e2faecf5,
f1e22713de040512,
10f0f5000cef0eea,
05e80a02f602f206,
0ffc26f9f821e80a,
ee0c0601ffeb2904,
16f80f18fa10fc07,
f6e42df918000201,
02fc07fafe210b06,
0af3f6190203050f,
e3f7011a17f201e7,
19f7fd050208f8dc,
f0fdf709fc05f008,
fef20af6f614f3e4,
fe0000fa09ece7ec,
000af40b040618fe,
fe0100eaef07170a,
020efe07fb00e5ff,
08fcf2041302f200,
eb0c0bf1fef607fd,
07fe060a060ff91c,
01f4f8030cf7edff,
0f09fa09eb04f7f7,
edef040a06f901df,
fe0110030709f204,
fc19e3030b0709ff,
130700050116fbbf,
fb050404fa05f501,
0014fdf40eebf7f7,
2006fef903f605e5,
060a01fafa12ca09,
f8121ce8efdefd09,
15fcfd11f81ab200,
1d05f511e90ce3f9,
c7e10109f909f704,
f0f0fefcff080f21,
05fdfd021cffe205,
f8272cfe1df4f20e,
fefd09fa0f0712f7,
13f5fa1deb08d300,
efe80ff004f8f3f8,
e8030314fa1a03f4,
fe1d090821082509,
03fbe6180cf706e1,
e60206fafc010924,
0913fffb240839fa,
e5ede90afafb09f9,
e00410fbfd122c16,
230af9fcf30d0303,
0fe5d4e92405efea,
fb04fafd01eb324c,
0e07111619172205,
0ee3fef6ffd510f4,
0ffa0af6eee90008,
fcfa0f06fe0916f9,
f4f2070a0ae310fd,
ecfb09050d07fcfe,
08f514f809fdf9fe,
e62b06f4b4e6fbe6,
fd0304fb01ff0dfc,
0af10500e9ec1602,
e9f11efce515070e,
1e031606fd09f016,
faff000c0620e2f5,
ec1cf7fadce60807,
fb0a04f80205f917,
ff08070f25f5f409,
c801f926d6f4f2eb,
f5f908fb010af2fc,
fcfdff07fd0ae40b,
f1fd0ff0151502f6,
0e0a04fc0308d2f9,
03fbf8f8f709e5ff,
fe12f5ffdafd010f,
f004f702fe07d2f9,
dd00f3f9daf4fff9,
0bedd7150127031a,
e908e6fb0206aafc,
e00205c5fcf920f5,
19f6cafd072d1b26,
fd02f808fde61308,
eefe11f1f70427f9,
16fde8e00f0f0413,
14f9eefdfc0ef3fa,
f50a0ff8f9f2050c,
03e4da08fe0413fb,
ef00f5f4faf11d1a,
ec020ded09f61607,
15f5ff1f00000924,
fbfc04fd00f7fc16,
f0f30ef007f71201,
fcf21bf6eeec00fc,
f10a0a00fa161310,
09f10a04f4f9fef5,
e7e51eec06e205fb,
fdf10803070de3f6,
edf7fff4f0fee302,
ec1c082314f80614,
0a0305fafbfdff16,
f7f4ec1eff05e303,
081f1a0c0d0cf100,
fe000afafbfc1a09,
13f3f5170fffe7fb,
ea040dff00e3f3f7,
fb0404f501f4f8ee,
2503fa0d0d0505f5,
e9ec070f0bf8fbf1,
11000cf806050b16,
0a06f10612faf004,
06180807f40a03fa,
05f70f0004fc0a01,
0c090a0b06f910f5,
07050ef907110201,
12fefef702f6f107,
080cedea1a031ef9,
0507fffa0ce7fdf2,
0ef903f901feeef9,
f5f5f9ee0dfffdfe,
11f603effa0906f2,
04fdfb09000df9ef,
01fe00f7f306f5fb,
fee60008fb130504,
24fbf7061209d2f9,
04ef04ebdf0af5fb,
fce7fe03011c0b10,
0406f9020613b0d3,
f10406fbebfef9fa,
f701011e12200d15,
ff04fefd02e7f9f5,
010204fc020e21fb,
f6f0050105010d13,
05fbff04010dff0f,
f6fb01fcf9ff0df7,
fbee0c0d13fffb18,
0d02f8020b041dfa,
e508f802ed04feff,
fee5011b070af905,
fc0700fdff03f3f2,
eef6f602f5091700,
ffeef608f112120b,
fefa040300fc05f9,
f6fefcfc12000ffe,
f6efef02f8ed1206,
1101f9fff7080302,
f703030207fd1efc,
04f20008090900f9,
0e0402f80a050b06,
020502090319160b,
fc0205fdf80e080e,
f90100ff03fdff00,
fd0d09f8030b0801,
f8fdedfefd0f0e0b,
07fc080907fa05e5,
0002f6010aff05ff,
f90612fae0fc0d07,
0bfbfbfafc0d0001,
f80603f2f0010afa,
03f3ee07e40b000d,
00fbf90c08f8f0f4,
fffe0dfcde0cf2fe,
0ff7e8fcf002030a,
00000b060205f7f9,
f50bfd05ea05fefd,
faf4ec14070ffc06,
14f7f8fe03fef7fc,
f40305fff5010004,
1bfcfbfbf8000209,
050b000801fec1e0,
fa0106f5dbf3e908,
eb09fcf402fbfded,
1206f104fb13d2e2,
f2fc07d6f204f7f5,
dcead3fc07351109,
23fdeff00de9e8c9,
ec0315e509fcdff0,
f3fcf7061511f70f,
0606fb10ffe7c9ea,
ed02fbf5f304d7fe,
f5ec0608f3fb151b,
f9fc0106efff191d,
f9f2f9020803f7ff,
0d14111135eff507,
ec09f5fffd230913,
fbf5f6fdf1fee6fa,
e7f00f342109020e,
e6f303fdfa16f2fc,
e707ed03f118e602,
e5ffde15160400f0,
f8fefefbfff9e4fc,
11f4fe0003fe06f8,
f8180720fc09fd1b,
fbfd00ee09050f0a,
220e050907031df9,
0001c6fb18f000f1,
eafaffffff082115,
2600f82df30501f6,
03112aff01ebfffe,
0402f1fc010a021c,
07fd0b08ecf605ff,
f90e180a03faf4e8,
00f60e0e01f300f4,
f0090007fc00f8fb,
051329e7ec13f703,
fbf613fdfefcfaf5,
14fcf50115000bf6,
fd11f90acdf20504,
fc0c000303f2f4ef,
f205f8f60401ea07,
1122fb01f30dfeea,
f3030205050efdff,
060e00f9f401e603,
f5ff190af101ebf1,
f80105fa00e9fee0,
0ef2030bed03f6fd,
0d002ceb090303f2,
eb01fffdf2edf511,
01ff060207f41406,
110dccebf8f2f9f4,
f1000a09f8e12b19,
0607050815030800,
0e1303cffee3f3ed,
f70023eff9fa4942,
1b0e07150507ddfe,
fd0618f4efcdf6df,
1b0608000c29df1e,
12feea00f3fced09,
e3de110afae8f0ee,
0cf30e02fff80002,
08f4fafbfcecf609,
fc0f0cde05fce603,
fbfb0f0207fefad9,
26f80411000de0fc,
f8f90ada0febfbf4,
09020f02ff100709,
131010070e102407,
1acfdd0a1afa17f2,
f0fdf3fc06fefb22,
e827fc0422ff170d,
e9fade1efd11f7f4,
ecfcfc0c05000e04,
0908fffff807f701,
08ec06f70b03f9f6,
f60203f2f2fa0d35,
04030bf617010af9,
1604eaf7fafc01f2,
02fd05f0fd060001,
fb0500f3080319fa,
f6e9e509f8dd00f4,
deef01fc0701f21b,
070702e6f8010ffd,
100be7ffb901fbf0,
ef04fb05f60105fd,
0afcfef6fd091003,
fcfe02fdef140dfe,
11030efe060109ef,
0dfe0a0e14fd07fa,
f30708ebe107feeb,
1bfefb010ddf100f,
fa07f90107fdf2f3,
f1ed09faedf50514,
1908f90005faf8eb,
01fb1407ed02d702,
05e711f80a0a0916,
f0fefe03f7f8021b,
f5feffeaf7fd0409,
0adbe8000f06fe02,
e1fdf7fff0f80108,
eff903effcfb1bf3,
1804ee030c1a0102,
fe03f3fbfdf7f500,
0bfbf4f6f00604f8,
10fafcf0fefb1101,
1afcf803fd0cf6f6,
ed070605e400fb05,
06f8080b16e90402,
e80a050200f0f8f5,
fcfdffe9effc2202,
13ccdafbf6080003,
d9fce9fcfeee061c,
fd01fef7050016ff,
14f3cef2f2030912,
010300fdfbfb110d,
e5f70908fd03e0fe,
0a1703e1e11406fb,
1cfd00ff0e0f08fd,
f2000304eefee305,
e0df13f50b080e0f,
fe0cfafbfe0aeaf4,
f0f6f2f1e8f5fff9,
f4b1fb1ad21a1c21,
1afbf902f8f7f519,
efe309f8f5fee402,
07f4f111eeeffa05,
d903020d00040504,
f6fa00f701090404,
e70af2f20208fdfb,
02fa07fdfc04030c,
f108fc030f0e2504,
f1d2da05fc0b0d00,
0f0208080409f0f1,
ea06fff91003eafd,
ef241718eb000d09,
16fcf8fe02f401e4,
f9f2f6f80e04e908,
e8101804f9f8f7fd,
eff406ff0400f708,
10f6f8ebf80016f8,
f1f0ebed02090c01,
eaff07fdf90f0006,
ebfe02f20ffc1bf5,
020de819effbebf9,
06f20bf5fdf500fd,
fc020802fff1f0fe,
0135e9fa01ecfffa,
0601f602f2e9140c,
010fe9fe1304f00c,
f30dfe0a06f301f3,
1708f6f6100c1d1b,
fe14fc0cf405db03,
f0e81120071efcfb,
0e01fd060100dcfb,
fb01fff7d70bfd04,
eab9e61410140d01,
fd06f905f6f43004,
fcf8fc0c10f2f707,
0922e0f20af2f0ea,
fdeef900fa05f717,
17fafcfa08fc070f,
08fd0beffaebfffc,
0309f40208011ffb,
f90f13ef09fefc01,
1207040df8170305,
fdf6f004fdfb072f,
e2fffcfa09feff10,
fbe3fd16fbff0508,
f901f8ff0100f8fe,
13f302ec160cfd04,
0beefaf60701f401,
ff040cf7060df50b,
06fefb0116060808,
11180f03ede4f7ff,
11f8fdfff911eb04,
0004f5fe0dfa07fd,
fef507e900fcffe7,
f6060108fefc1210,
f5f1f903fbfd0c03,
0c090713f2faff0c,
ecf7000800fb04e0,
0bf3f502020700fa,
0133f2f81e1803e7,
ec0606f9fd081cf0,
07090602f9fc120f,
1afc0c00340cfcf4,
ff0706fd00f60af1,
fb0a0512e7f62ef1,
12d8ede0f5ffeee4,
03f10af8fcf7fbf5,
110601feea040403,
051d0bf0ee01090a,
06f7fefdfd03f901,
050a07f8f9fd0805,
09f301fce800fbfd,
02fc00fdfbee08e6,
f20afc06f6fdfb11,
03eef0fcf40f0806,
f107020506fa0407,
fafaf902f1f901fc,
02fbedfe00f5f6fb,
02fffafa0707f20a,
fb030801fef70304,
00050bf3fbef01fa,
fdfcfa07f709e911,
01fcf70202f8f2f7,
f5fefdfc01070301,
06fbfbfbfb05fdf6,
0306030afe020306,
00fa0cff05fffff1,
0508030505f70401,
00010b04fb07f5fc,
fdf8fb08ff0c0704,
f5fc02fe08fc0b01,
10070aff0207f907,
08f8fffb0c10fd01,
f70303fc00040101,
10020201f906fdfd,
f8fff4fa0506fafc,
00030806f50cfde7,
fa02ffeef4f1fc00,
fdf9f7fd090501fa,
0004f6f7fe00000d,
fd0c02040704ff0d,
fcf80209fefd0811,
f7fa0d0706040716,
010507f80304fdf8,
1c0402fb0105f5ff,
fb020700fd020902,
f7fef906000403fa,
0905010012f80d01,
f90006fe03fdff01,
0bfd09fffafc08fc,
01f00200f6f90907,
04f104fcfe0c08f9,
05fd0500fd00f803,
f8001305ffff02fb,
ff04fcf6fafa04e1,
f2f7fd020900fe03,
f801030dfefb0508,
fb08090206f619fb,
0203fc0808fb1bff,
0b08f7fff8fe05f8,
f9f909fcf5e7f6f8,
1909f61d18020902,
12fc03f412f7f3f3,
0908100201fa3bfa,
1204ff04110de7fe,
f3072cf609e700ef,
090103f60612f903,
07090603ebefea05,
e3f80afa0bfc03fa,
0503080501fec317,
0c05fb0b0bf7f90b,
fe140cea01fdf407,
f9f6f207fffcc1fb,
1efdf910ef0ae904,
08e8f1e004fc07fd,
0410fc04fc15dbf3,
1a1607fc09f90bfe,
09e4fa0ef9f604fe,
ed06080d0bfb43f3,
f513fbf61cf30201,
ea02e80a0e0306ff,
e90603fff8f61a09,
0bff00fafe01f211,
0a0ef3f72104f1fc,
f6070205fbfd1429,
ff04fcff16fb1a00,
00e6e2f30dfaf3f4,
060101f7fe000a0c,
fef201fe08fc1303,
fcf5f406fddf03f8,
ee02070bf7ecf612,
0cf50bf6eff80605,
f213f803d102f502,
f5feff05f70209ec,
110101fe020220fa,
00fcdffae801ffea,
02030201f902faf0,
0ef2020ffef8f606,
020200edeb02fb00,
12fcfc05fcf5fef4,
fafaf9fef100eef5,
f8f80cfeed00fd14,
fe0005fb03f8f4e7,
0908fc04da04ebf8,
edef11f50105e70e,
f9f8f20f04ffc8c6,
f30508ebe504ed00,
01fef301f315ff01,
19f8f3000afae2f7,
dc07f3ebfcfefd05,
0600d406e70f0c25,
fefcf8fffefccff5,
de0e02e2f4f81603,
17eae508fe240e0f,
f6fafc0102f1200b,
e105fff103edf6fd,
07f3ef0403010d0a,
e9fcfd01f911ee04,
fafdfbf4fb0ded05,
ffffee0a0afeff0b,
05f8f9f7f20f01fe,
f2fe01efe9e8faf9,
11e6de070c14ecfa,
dd08fd02fbff3ff7,
eff503ecff0b00fe,
feeae00114010112,
ecfe0208f9093716,
f1f80303edfdf8f8,
24ef0fff0d0202ff,
f2fbfef4ff0e15f6,
04f4fee902fc04fe,
f9e0f301f808f8f8,
0f00fafb0bf30b0d,
1df1070506f813fc,
06040c02021b090a,
ff0502f9f8fefe0a,
10f30afa0cfbedfb,
00080c1301ff0402,
01fe03fb0706090e,
0df80a0bfbfcf400,
030c030518f8e8f6,
f601090bf706fffe,
fdf3fb020c091aff,
0c190603f0fc04fe,
171002f908fafaf2,
0005fef30cfe0101,
002904f0fe10f0fc,
1404090801f6f9ed,
fbfe020302fb000c,
1d2114f30beaff0f,
02f7fe05f60215dc,
0c040b0c0004ebf9,
f02717e707fb09f9,
0201f40e0d0efa1a,
dd04fe0bf2fe00f4,
01e3f7fde904fdfc,
081000f4fe070e21,
f4090c201205fdef,
f308f601fdfe0101,
ee0c02f9fa0217cc,
e3f009ff03f6f701,
f3290a0901ee111c,
ef02fa08e5f32b05,
f1fd0a001bee15fc,
13550fc7afe3f2eb,
10fef800f10c01f8,
f5fc0106120b01f4,
0a101802fdfbf405,
03fd04fef8fd11dd,
ee0108f40cfed902,
f20c0314072706f3,
0810f903ffe4e6fd,
1101ee06fbf6bffb,
f4f40e0f11f00816,
f9fafef301ebace1,
1cf0fbf9ecf7d2fd,
1b2c04e310f5fbfc,
fa120bfefc01f610,
070310fc1cfef90b,
f73f020606e000f7,
0f060603fb14f2fe,
ea0afed61408e9fc,
f20c0108251b10eb,
07faf3fefd13e1d6,
000101fcf0f7db05,
0905f01410121925,
0a03f1f3f9f3e1e7,
e50a04f9ddfec8fe,
22eaf9ff25f40d06,
e1040bf203f6f52b,
30fcf70918fdee03,
f135fde91de4f1ff,
fafafe010103f91f,
021602effefc11ff,
1029fdff08fb0bf4,
f703ecf7091e14f3,
0a1106e10cfef0fb,
1b0718451d04060e,
06f4f510f8fc0f05,
f1fd02fc08fbfc01,
dff41efefe27f4f9,
020107fc050dd200,
e6fff7f3f9fde006,
f70bfb0afbecf90c,
0afefffa05f2e700,
0007ed060b00f2fa,
fd0f0afdf6ff0405,
07fcf80705fb4645,
ea05040512041701,
0a0c1d0b0f0e0100,
ed020604060b060d,
f4fe05f9fcfb1003,
fd0e00150ff30c06,
e1fcf9fcfe001cff,
0f02020c06fbf908,
fa15fdfefaf708ef,
070000f7fe0d0ef1,
f40f0bf8fbf60109,
f91500f40217fbff,
1502f60b04fb4002,
040805ecd0f509f6,
0605f302f7001615,
ff02fe0b0cfe2102,
ee0afb03ddf7dff9,
32f7020c0709f3f7,
ed03fef5f8f702fa,
06fd05f70cf9f90a,
131903ffd603fe08,
2405fbfdf2f107fb,
fdf5f1f6fffe170b,
0f00f803f910f4fb,
edf9fa0307ebe304,
f40401f218f4fdfd,
fb02f401f6120cf6,
01f806fbfafd0beb,
0005fcf012070100,
20fafd0bf40cf502,
cbfcf100fc05edc0,
05f9f3e9e8070803,
0bfdb7ef1c11f7ef,
f407e801fb08fbc6,
1000f9ecd0fe1005,
0eb6e1d4dd4b0902,
0cf5f40311cfeed3,
ebf9f2f4d50504f5,
25fae6b4f6051c0c,
f5f8fa07fdd4f2f3,
fceceff9e1f4ea01,
3513f5c4eff30a07,
0409f3f40efbd003,
f90bfbe9ebf2e9f6,
03f0d8edf814fcf5,
fd0afc040a1cc7f3,
e61513e9ed0305f6,
fabdd3f70b1e14f9,
f6fb03ff02f913f5,
defc0b031305f904,
f1e9ede714030101,
fbffff0603fbe8fb,
e2ef0809fc01fdf9,
0202f9e8fafa0e03,
f302f410030432e3,
06fd0cf9e3f80e07,
0ad8eff908fe08f3,
1afb08eefa0bdfc5,
eef912f6d0fafaff,
f1da3522eefdfe0e,
f6000903f80be1f2,
e902f3eb01f900fb,
f0dbd62f01fefd05,
ecf6f40a02e3ebfb,
fb08ecf6eff805ef,
f9f2ff25d0120709,
20fb0a0af6f6e507,
f0fdfa11030b03fd,
dbf93605e2eceeee,
040306fef8f6f8d4,
08fefd2f1502f0fa,
e52a3b2bdde8fb0d,
0e01fc0804010ddb,
0c0503e90a08fdfd,
e9f00dfff902f9f0,
0bf7f305f8fb281c,
eefd06060bfeeafe,
32351f04e60af907,
f1fc0af207efef17,
ee22fefdf40014f1,
f230caed0ef9f606,
db0d05f4000207ea,
091de801ea02fefa,
0816e0f610080b11,
f70dfa0405f1ebde,
fd130a02d800daf9,
1ef7e5c7010002f9,
04fe0602f9f3faf7,
10000300faf5f0fd,
172f0ecef7ee0d14,
0606fc090110d0ca,
04020701e5ff01f3,
ffdf08fdf709fe09,
16f816ff08fcdbea,
f9fdfef8d21aee00,
ffd2dbf4e21d05fc,
fc05ff0b090af1cc,
03ec0200e706f100,
04fcf8fef208fd10,
ebf8100e0109f419,
01fdee0c0206fbf9,
e5d60221f609010e,
fdf903f90008e51c,
0f02f907f3f6e602,
e5e01f022d03fb1b,
0ef8080f11f624f4,
220bf21ff6000708,
e5dc05f10d03fbfa,
08011bf70903f7ea,
0a05fb0cfafa2102,
f2edf11006f513fd,
f504080cf7f62a14,
0603030320f631fc,
0606e7f2e7ddeff7,
e0f3f9041412240d,
ebfdf801050b4d0a,
03c9ecf2051100f0,
f5fa0911fff42725,
ee030bf2fa0d2c03,
fbeeea00faf90aec,
160308fb07f505f7,
e6fb0502fd0dfcf9,
072af60cecec1800,
f8f6f50201f9f202,
04f000fcfbfcf6ff,
f7f807e9ddf300fc,
050008010d06ef01,
000609f3eaf60bf9,
0ad604f4c533082c,
eb0a08020c07ee3f,
ecddfe04f918ebf5,
f90fd8d9c8f4f821,
0ffb05fcfa18ed28,
e601f30f0e06dafd,
e1fbef1307000103,
0b04fff304070024,
fe07f5f5f8fb1103,
16e9e81c07190b0a,
01fe0bfb050027fb,
ebfc0502f508ecf9,
03d9ebfbf90801fd,
fcfdf9040c0fb8fb,
eafb03fce201f6f5,
f9d2db0df2330f18,
050ffb02feffc2fe,
ee0705f4ef042607,
08ebd80231491d0b,
f302030b00e415ef,
01fbfe08fd031601,
09f6e6e6fffd0b0c,
02f5f4fcf610e609,
ec1002f8f0ff0902,
16e5e2050bf100ff,
07f4f5fd05131bf8,
e6f302e6edff0e01,
03ec0825fe15f511,
f304f8fbffffea01,
e4f1f9eee9041706,
01e5e70cf91c051a,
f50902faf4fb010b,
00f1f0f6f20d0afe,
0ce209e3f3f3fe04,
010a0af90313fe06,
f90006fa14e9f600,
040b0216e103f9fb,
320afffbf7efed00,
ed01fb0b0df1030b,
172415050701fa04,
fefef1fdf1fef8f1,
02fefcee03ea0e02,
fdf5f10af20601fc,
020500feeff8f4ee,
f5fc04f10a00fef5,
1a1dffeef9020300,
f0fffcfdfd0308f0,
f405fefcffff07fc,
09f7d2f9faf603fb,
0204f007fe01fdff,
021405eae301000d,
11eff0ea003a01fe,
0dfefb0804f306ec,
f508f9f5e5fdf116,
330d03daf6f50e22,
0503f7f20907f704,
f0f405f4f1fbecfc,
1cfff9ebf70af00e,
020002f907fcf810,
fc0206f8fd020407,
0a03faf301fc02ff,
06010006010304f4,
07fe07fcfffa00ff,
fe00fe05fffd04f9,
fa07f300000504fe,
03faf5fffd0900ff,
08fdfdf7fb0608fe,
06fbfcfefd08f100,
fbfdfafd0207fef5,
fc00fe01f90605f9,
fffe0401f5fb05ff,
fdf30607010002fc,
fa0202fc01fc02f9,
fefb050a06fff605,
00fc00fd0506fdf6,
03fe03fe01fe0301,
fcfb07fdfdfff6fc,
fcfc01020001f6fb,
04fd01faf9fbfc06,
03fcfffd01fdfc0d,
fff7f7f9fa00fafa,
fe000200fcf2010b,
0200f9fdfc02f7fb,
fb03f90600fe0105,
fbfbff0105fe050c,
f9fbfd010bf80107,
fc010302040602fd,
fffafdfff7ff03f9,
fe00fdfdf804fff9,
fefbfe03ff050103,
fefbf9fbf6f5fffe,
01fe01f5020a04f5,
f80404fdfcfbfd00,
f70702fbfd01fb02,
fefd02080801f801,
00f904fa0202ff01,
01010101f5fb00ff,
fc09fafb020005ff,
05fa0204fa090205,
060003fefa0701f2,
0706fdfafafdfff4,
00fc01f704000403,
050300fc0a00fd00,
04fe000100fefd00,
fefffbff00fdf701,
fd00fa0b060a03fb,
f0fffbfefa0d1910,
ff02ff020000060a,
0aeef20afef1fa02,
df05190109f821ee,
08fe040513fa04f1,
ff2007de0ce6f8f6,
fb060ff9ff0b453a,
0e07f7060d00fefd,
f20214f912dbe5f3,
f5f70503fe26e304,
0003fbf50701e0fc,
fd0ffe0e1adeedef,
0002020401efe8e4,
06f9effe0200f701,
07ee080ae60d00ff,
eefe02010ce117f5,
11030e120c0402fc,
eafb0cdef500fb0a,
2101040efcf92a01,
2e12141d120508f6,
0c080604f505fbf4,
fdfefdf8051324fc,
fb06f916e50dde0a,
0911fcfa261f00ff,
18ed100403f0e1ea,
f100fa0e0a050503,
100d0af7e4edf717,
fdfaefff04fbee04,
f6ecf7f4f7fceffd,
fafdee1af7fb00f4,
010805ff0415f806,
0201f8fe02ed03fd,
090aec05fd11fa07,
0dfdf3fd13f00e09,
ed06f3f6eb060908,
2fecfa21fe1bfb08,
ed02f7000901f3e5,
fc0dfb0efa070a01,
f928d0eb17eff6e4,
e0fff0f3fb0212c8,
030500f7f80507fd,
f9fbecdee313fdea,
09f6edfa08e400e4,
fdeaf9ece0f50d04,
12d0dab7e8150cfe,
180a01f600e5e4c9,
00eaf900e4f8ecf6,
21ddf5bcf0f0f80a,
f0fd01fb050405f8,
0af7040afd000d01,
fe05f1fe08f0fbf8,
ed0a05fffd070b24,
07f9f10e1602ff04,
f21c0cfd0ef7f00c,
f10000fd03f53023,
f603fe130ffe0300,
0109190207fcfc06,
fa0709fb1308f20d,
f3fff60702fbf5ff,
f805fbfa11f603f9,
f2f80710030100fe,
06f6fe0b02fdfe00,
f90a0200f1ed07fe,
f90705fc04fc08e6,
0a070114fdfded02,
f8f90dfafcff0203,
03ee000e0c06050a,
000b00f9f60303fb,
0b03f4000f06f9ff,
f904f5f5f90010f0,
f105ff09ef0a0c08,
e8e4f40428fdf8f5,
0af503f7ffeff807,
0b0c000404feed03,
060d0603f0f2ea0a,
fd0af0fd0100ecee,
f2e3010a0e00e7fe,
0105f41a1804f8f9,
fd03f308012103f4,
f809fc0716f5fffc,
fff0d7041a0cf903,
01fdeff804e81a0e,
02f7f300f8fc1cfb,
10fff116f210fd09,
f0fcf8fa03f901bf,
15f9ff130504fb04,
fe06d2f0f503f7ee,
e606fc0afdfc09b6,
0f06fef1ecf51905,
0fe6d7d4d51c08e6,
0efded000ae0fce6,
fbf0ff01d4f30601,
f9b5ebbaeb1c02f7,
00fef7fdfde4f4f3,
f2f3fdfaf2faf004,
1ff40bd2eff6040c,
000c00000c070919,
fdfffa05f4f7f4ff,
fffe150c06f10006,
00f60103ff02fc12,
fc0108f5fdfce7f8,
1109010ef915ff0f,
fb07fdfa03f84c2d,
f404fcf30ff52108,
03f9050208120302,
0a020afc0204f80d,
e20513fa08041004,
010cf7150a07090b,
f2f606f7fdef1f0c,
09010a0ff6010dfe,
010f0417fafc08fb,
f904f203f504dd05,
f70a01faf9f4f004,
0117fd0af91105fe,
0a07fd0308ff14fc,
000503fae2fd0d00,
1914e7eff70d030e,
fc05f000f7e61020,
fc07f209def7f206,
15f5f7f106ef07f3,
fefdfa0cf803f7f6,
fc03fe0323f70102,
081d1600eef90702,
000c0003f80207f5,
04fe01091bf312f9,
0b17f30ae8030200,
fd01ecfc07fdfcd8,
0dfcf4ec11fbfefc,
05ebe305f8080208,
f7f80502f6fb01f6,
f4fff7f2060103ff,
3310f40de7fffa0d,
ee06fa01f40c01bf,
0f07f2f6f00d09fb,
0507bbf9ff1801ed,
0006e6fe0509f8d7,
1d01f4e1cdfa1010,
2abfc8c2e13bff01,
04faf7ff0bd3f3c5,
eef1060fcaf70403,
0cdcdbbcf4020e1c,
ff06f2ef00f0f1d5,
e3f002f9f1fef401,
340efbbaebf3102d,
0000000000000605,
0000000000000000,
0000000000000302,
0000000000000000,
000000000000fafc,
0000000000000000,
000000000000f002,
0000000000000000,
000000000000df01,
0000000000000000,
00000000000012fd,
0000000000000000,
00000000000017ff,
0000000000000000,
0000000000000f04,
0000000000000000,
000000000000f20a,
0000000000000000,
000000000000effe,
0000000000000000,
0000000000000306,
0000000000000000,
0000000000001efa,
0000000000000000,
0000000000001202,
0000000000000000,
0000000000000808,
0000000000000000,
000000000000ff07,
0000000000000000,
00000000000010fc,
0000000000000000,
0000000000001f07,
0000000000000000,
0000000000003304,
0000000000000000,
0000000000003700,
0000000000000000,
00000000000025ff,
0000000000000000,
000000000000edfa,
0000000000000000,
00000000000001fd,
0000000000000000,
0000000000001a02,
0000000000000000,
0000000000001b0b,
0000000000000000,
0000000000000a0e,
0000000000000000,
0000000000e90100,
0000000000000000,
0000000000cde700,
0000000000000000,
0000000000e0e800,
0000000000000000,
0000000000d6e900,
0000000000000000,
0000000000e60b00,
0000000000000000,
000000000010fb00,
0000000000000000,
0000000000142b00,
0000000000000000,
00000000000b2900,
0000000000000000,
00000000000f3800,
0000000000000000,
0000000000fbfa00,
0000000000000000,
0000000000fe1b00,
0000000000000000,
0000000000152900,
0000000000000000,
00000000001e2000,
0000000000000000,
000000000025fe00,
0000000000000000,
0000000000ffd900,
0000000000000000,
00000000001a0f00,
0000000000000000,
0000000000fbf600,
0000000000000000,
0000000000f20600,
0000000000000000,
0000000000f5fc00,
0000000000000000,
0000000000f9fe00,
0000000000000000,
0000000000cfd300,
0000000000000000,
0000000000e4e600,
0000000000000000,
0000000000fd1200,
0000000000000000,
0000000000fdfc00,
0000000000000000,
000000000001ea00,
0000000000000000,
0000000003050000,
0000000000000000,
0000000008090000,
0000000000000000,
00000000f1020000,
0000000000000000,
0000000001d80000,
0000000000000000,
000000001bea0000,
0000000000000000,
00000000fc0d0000,
0000000000000000,
000000000a0e0000,
0000000000000000,
00000000ebfd0000,
0000000000000000,
000000000bea0000,
0000000000000000,
0000000025e50000,
0000000000000000,
00000000f6070000,
0000000000000000,
0000000006f90000,
0000000000000000,
00000000e6060000,
0000000000000000,
0000000011ed0000,
0000000000000000,
0000000030e10000,
0000000000000000,
00000000f93f0000,
0000000000000000,
000000000c240000,
0000000000000000,
0000000001160000,
0000000000000000,
00000000fffa0000,
0000000000000000,
0000000014ef0000,
0000000000000000,
00000000024b0000,
0000000000000000,
00000000ee270000,
0000000000000000,
00000000f80f0000,
0000000000000000,
00000000f8060000,
0000000000000000,
0000000006f60000,
0000000000000000,
00000005e4000000,
0000000000000000,
000000ec00000000,
0000000000000000,
000000feeb000000,
0000000000000000,
000000edf5000000,
0000000000000000,
000000f5fd000000,
0000000000000000,
000000e7ed000000,
0000000000000000,
0000001922000000,
0000000000000000,
000000fbfb000000,
0000000000000000,
000000e8f1000000,
0000000000000000,
000000e5fa000000,
0000000000000000,
000000f60c000000,
0000000000000000,
0000000412000000,
0000000000000000,
000000080f000000,
0000000000000000,
000000eafc000000,
0000000000000000,
00000000ff000000,
0000000000000000,
000000160d000000,
0000000000000000,
0000000707000000,
0000000000000000,
0000000b12000000,
0000000000000000,
000000f2f1000000,
0000000000000000,
0000000308000000,
0000000000000000,
0000000f12000000,
0000000000000000,
000000060c000000,
0000000000000000,
0000001f27000000,
0000000000000000,
000000fff6000000,
0000000000000000,
000000eded000000,
0000000000000000,
0000f3f200000000,
0000000000000000,
000002f300000000,
0000000000000000,
0000010600000000,
0000000000000000,
0000fa0b00000000,
0000000000000000,
0000020600000000,
0000000000000000,
000002f000000000,
0000000000000000,
0000f7ee00000000,
0000000000000000,
0000fcfa00000000,
0000000000000000,
0000fa1e00000000,
0000000000000000,
0000040600000000,
0000000000000000,
0000fff900000000,
0000000000000000,
0000eeee00000000,
0000000000000000,
000001f000000000,
0000000000000000,
00000b2300000000,
0000000000000000,
0000fb0900000000,
0000000000000000,
000000ef00000000,
0000000000000000,
0000020100000000,
0000000000000000,
0000f30400000000,
0000000000000000,
000006f800000000,
0000000000000000,
0000140800000000,
0000000000000000,
0000fe0200000000,
0000000000000000,
0000fa0e00000000,
0000000000000000,
0000f9f500000000,
0000000000000000,
000007fd00000000,
0000000000000000,
00000afc00000000,
0000000000000000,
000bfe0000000000,
0000000000000000,
00031a0000000000,
0000000000000000,
0009260000000000,
0000000000000000,
00041f0000000000,
0000000000000000,
00ef1d0000000000,
0000000000000000,
00020d0000000000,
0000000000000000,
0004170000000000,
0000000000000000,
00f2300000000000,
0000000000000000,
00f31c0000000000,
0000000000000000,
00fe220000000000,
0000000000000000,
0004040000000000,
0000000000000000,
00f8250000000000,
0000000000000000,
00f3320000000000,
0000000000000000,
00fc220000000000,
0000000000000000,
00ed250000000000,
0000000000000000,
00012f0000000000,
0000000000000000,
00fa1e0000000000,
0000000000000000,
0003240000000000,
0000000000000000,
00fc290000000000,
0000000000000000,
00f3090000000000,
0000000000000000,
00fd1b0000000000,
0000000000000000,
0002380000000000,
0000000000000000,
00002a0000000000,
0000000000000000,
00f5040000000000,
0000000000000000,
0005010000000000,
0000000000000000,
f4fd000000000000,
0000000000000000,
f5f7000000000000,
0000000000000000,
f5f0000000000000,
0000000000000000,
f2f4000000000000,
0000000000000000,
f6fa000000000000,
0000000000000000,
f1f4000000000000,
0000000000000000,
ee03000000000000,
0000000000000000,
06ff000000000000,
0000000000000000,
ffff000000000000,
0000000000000000,
fd01000000000000,
0000000000000000,
f502000000000000,
0000000000000000,
02fe000000000000,
0000000000000000,
f80e000000000000,
0000000000000000,
f202000000000000,
0000000000000000,
edfb000000000000,
0000000000000000,
f6fb000000000000,
0000000000000000,
ff0c000000000000,
0000000000000000,
0811000000000000,
0000000000000000,
fbfe000000000000,
0000000000000000,
10fe000000000000,
0000000000000000,
e9f7000000000000,
0000000000000000,
0e18000000000000,
0000000000000000,
0a09000000000000,
0000000000000000,
00fb000000000000,
0000000000000000,
f907000000000000,
0000000000000000,
0800000000000000,
00000000000000fa,
0e00000000000000,
0000000000000009,
f900000000000000,
000000000000001b,
fe00000000000000,
0000000000000010,
ca00000000000000,
00000000000000e7,
0500000000000000,
00000000000000f2,
2300000000000000,
00000000000000fc,
1f00000000000000,
000000000000000f,
1400000000000000,
000000000000002c,
d300000000000000,
000000000000000c,
de00000000000000,
00000000000000ed,
fc00000000000000,
00000000000000f5,
0f00000000000000,
0000000000000003,
f200000000000000,
0000000000000024,
d400000000000000,
0000000000000017,
ea00000000000000,
00000000000000f2,
d100000000000000,
00000000000000d3,
fa00000000000000,
00000000000000f8,
f600000000000000,
0000000000000021,
dd00000000000000,
0000000000000005,
f600000000000000,
0000000000000000,
c800000000000000,
00000000000000e0,
0000000000000000,
00000000000000d5,
f600000000000000,
0000000000000008,
ea00000000000000,
000000000000000c,
0000000000000000,
000000000000f6fa,
0000000000000000,
0000000000000500,
0000000000000000,
000000000000fdfa,
0000000000000000,
0000000000000e08,
0000000000000000,
00000000000000f9,
0000000000000000,
0000000000000101,
0000000000000000,
000000000000e9fb,
0000000000000000,
000000000000f6ff,
0000000000000000,
0000000000000d00,
0000000000000000,
0000000000000803,
0000000000000000,
000000000000f9f9,
0000000000000000,
00000000000002f8,
0000000000000000,
000000000000fcf1,
0000000000000000,
0000000000001409,
0000000000000000,
0000000000000501,
0000000000000000,
000000000000fdfc,
0000000000000000,
000000000000f6f8,
0000000000000000,
000000000000f3f1,
0000000000000000,
000000000000f606,
0000000000000000,
000000000000f7f8,
0000000000000000,
00000000000008ff,
0000000000000000,
000000000000f4f2,
0000000000000000,
000000000000030d,
0000000000000000,
000000000000faf1,
0000000000000000,
000000000000fbf0,
0000000000000000,
0000000000fef400,
0000000000000000,
000000000008f800,
0000000000000000,
00000000000df400,
0000000000000000,
0000000000071700,
0000000000000000,
0000000000fa0e00,
0000000000000000,
000000000015f900,
0000000000000000,
000000000003c100,
0000000000000000,
0000000000ef0900,
0000000000000000,
0000000000e24f00,
0000000000000000,
0000000000e34700,
0000000000000000,
00000000000de800,
0000000000000000,
0000000000e90a00,
0000000000000000,
0000000000db3900,
0000000000000000,
0000000000c84a00,
0000000000000000,
0000000000de1a00,
0000000000000000,
0000000000060200,
0000000000000000,
0000000000e71300,
0000000000000000,
0000000000ea2500,
0000000000000000,
0000000000ee0300,
0000000000000000,
0000000000f4bc00,
0000000000000000,
0000000000ef0600,
0000000000000000,
0000000000ed0100,
0000000000000000,
00000000000bef00,
0000000000000000,
000000000015dc00,
0000000000000000,
000000000007dc00,
0000000000000000,
0000000004f90000,
0000000000000000,
0000000003f00000,
0000000000000000,
0000000003020000,
0000000000000000,
000000001c120000,
0000000000000000,
00000000192d0000,
0000000000000000,
00000000f8fd0000,
0000000000000000,
0000000012ff0000,
0000000000000000,
00000000f30a0000,
0000000000000000,
0000000016020000,
0000000000000000,
000000001e1f0000,
0000000000000000,
00000000fbef0000,
0000000000000000,
000000000ef00000,
0000000000000000,
000000000d0e0000,
0000000000000000,
000000001e230000,
0000000000000000,
00000000191a0000,
0000000000000000,
00000000fefb0000,
0000000000000000,
000000000b020000,
0000000000000000,
0000000022fd0000,
0000000000000000,
000000000efa0000,
0000000000000000,
0000000000ff0000,
0000000000000000,
000000000e0c0000,
0000000000000000,
0000000012010000,
0000000000000000,
0000000015f90000,
0000000000000000,
0000000001f80000,
0000000000000000,
0000000003fb0000,
0000000000000000,
000000fa09000000,
0000000000000000,
0000000600000000,
0000000000000000,
0000001607000000,
0000000000000000,
000000f713000000,
0000000000000000,
000000e90e000000,
0000000000000000,
0000000df4000000,
0000000000000000,
0000000208000000,
0000000000000000,
000000e509000000,
0000000000000000,
000000e4f6000000,
0000000000000000,
000000e7f8000000,
0000000000000000,
000000e007000000,
0000000000000000,
000000db07000000,
0000000000000000,
0000000500000000,
0000000000000000,
0000002ff1000000,
0000000000000000,
00000025f7000000,
0000000000000000,
000000120a000000,
0000000000000000,
0000003aea000000,
0000000000000000,
00000044f4000000,
0000000000000000,
00000029e6000000,
0000000000000000,
000000e9eb000000,
0000000000000000,
00000006f3000000,
0000000000000000,
000000eaf8000000,
0000000000000000,
000000ccfe000000,
0000000000000000,
000000d1ef000000,
0000000000000000,
000000dae3000000,
0000000000000000,
0000ed0100000000,
0000000000000000,
000018fb00000000,
0000000000000000,
000000ea00000000,
0000000000000000,
0000d50100000000,
0000000000000000,
0000cf1800000000,
0000000000000000,
0000e6fc00000000,
0000000000000000,
0000fd1300000000,
0000000000000000,
00003d0c00000000,
0000000000000000,
000054de00000000,
0000000000000000,
000034df00000000,
0000000000000000,
000007ef00000000,
0000000000000000,
0000ea1f00000000,
0000000000000000,
0000c03300000000,
0000000000000000,
0000f03400000000,
0000000000000000,
00001d1f00000000,
0000000000000000,
000019e800000000,
0000000000000000,
000016d400000000,
0000000000000000,
0000fcde00000000,
0000000000000000,
0000f70200000000,
0000000000000000,
0000f80500000000,
0000000000000000,
0000ff1500000000,
0000000000000000,
0000fbf300000000,
0000000000000000,
000004f800000000,
0000000000000000,
0000e1f200000000,
0000000000000000,
0000eef800000000,
0000000000000000,
00fbfc0000000000,
0000000000000000,
0006030000000000,
0000000000000000,
0002e60000000000,
0000000000000000,
0003f50000000000,
0000000000000000,
00fdff0000000000,
0000000000000000,
00faf10000000000,
0000000000000000,
00faf10000000000,
0000000000000000,
0000e80000000000,
0000000000000000,
00eef80000000000,
0000000000000000,
00f4150000000000,
0000000000000000,
00f7f20000000000,
0000000000000000,
00ed050000000000,
0000000000000000,
00ef0d0000000000,
0000000000000000,
0002000000000000,
0000000000000000,
00040f0000000000,
0000000000000000,
00eff70000000000,
0000000000000000,
00f9ee0000000000,
0000000000000000,
00f1010000000000,
0000000000000000,
0004f60000000000,
0000000000000000,
0012140000000000,
0000000000000000,
00f0410000000000,
0000000000000000,
001a1c0000000000,
0000000000000000,
00041b0000000000,
0000000000000000,
00ff1f0000000000,
0000000000000000,
0012090000000000,
0000000000000000,
f029000000000000,
0000000000000000,
1330000000000000,
0000000000000000,
0f24000000000000,
0000000000000000,
0b26000000000000,
0000000000000000,
060b000000000000,
0000000000000000,
fd28000000000000,
0000000000000000,
031f000000000000,
0000000000000000,
1d0f000000000000,
0000000000000000,
1800000000000000,
0000000000000000,
0cfd000000000000,
0000000000000000,
0404000000000000,
0000000000000000,
fc08000000000000,
0000000000000000,
0c09000000000000,
0000000000000000,
150a000000000000,
0000000000000000,
180d000000000000,
0000000000000000,
10f4000000000000,
0000000000000000,
eced000000000000,
0000000000000000,
ebfd000000000000,
0000000000000000,
f5f1000000000000,
0000000000000000,
f5fa000000000000,
0000000000000000,
0000000000000000,
0000000000000000,
f5f6000000000000,
0000000000000000,
f5f4000000000000,
0000000000000000,
eff7000000000000,
0000000000000000,
ecf4000000000000,
00000000e7070b01,
0000000000000000,
00000000dd152d06,
0000000000000000,
00000000eb0f3a05,
0000000000000000,
00000000f321320a,
0000000000000000,
00000000ec191703,
0000000000000000,
00000000e6fdfffd,
0000000000000000,
00000000dd1e0f00,
0000000000000000,
00000000ea331207,
0000000000000000,
00000000f31a04fe,
0000000000000000,
00000000e623ff09,
0000000000000000,
00000000f1edfc00,
0000000000000000,
00000000f4e1ffff,
0000000000000000,
00000000f7eff502,
0000000000000000,
00000000001503ff,
0000000000000000,
00000000f51bfc06,
0000000000000000,
00000000f719f7fe,
0000000000000000,
00000000fceeecf4,
0000000000000000,
0000000007efeff8,
0000000000000000,
0000000019f0ebf5,
0000000000000000,
000000001713edf6,
0000000000000000,
00000000fc0efe04,
0000000000000000,
00000000eff6fe10,
0000000000000000,
00000000f4010606,
0000000000000000,
00000000ffe8f201,
0000000000000000,
000000000fe6ec08,
0000000000000000,
0000e3f002e40000,
0000000000000000,
0000e7eaf8e60000,
0000000000000000,
0000e80219e70000,
0000000000000000,
0000e002ffc80000,
0000000000000000,
0000ebf303e20000,
0000000000000000,
0000dcff16e90000,
0000000000000000,
0000eb080ff60000,
0000000000000000,
0000e20316e90000,
0000000000000000,
0000e8e4fabb0000,
0000000000000000,
0000e5fc0deb0000,
0000000000000000,
0000ed182af90000,
0000000000000000,
0000e1181bf30000,
0000000000000000,
0000d9f5f9d20000,
0000000000000000,
0000eaea02e60000,
0000000000000000,
0000fa0c0e060000,
0000000000000000,
0000e31c28ee0000,
0000000000000000,
0000dc1621ef0000,
0000000000000000,
0000eff7e8fa0000,
0000000000000000,
0000faee012a0000,
0000000000000000,
000002f4f4220000,
0000000000000000,
0000f61c11df0000,
0000000000000000,
0000041916ed0000,
0000000000000000,
00000308fc0a0000,
0000000000000000,
0000fef8f01e0000,
0000000000000000,
0000fafefb190000,
0000000000000000,
f500ecfb00000000,
0000000000000000,
e3f02efa00000000,
0000000000000000,
14051bdd00000000,
0000000000000000,
3814f22b00000000,
0000000000000000,
07ecf50100000000,
0000000000000000,
351ff10100000000,
0000000000000000,
14f0ed1f00000000,
0000000000000000,
c518e9f100000000,
0000000000000000,
031add1e00000000,
0000000000000000,
0208e8f000000000,
0000000000000000,
1359ee1d00000000,
0000000000000000,
0c0dda2900000000,
0000000000000000,
d618dfe800000000,
0000000000000000,
f033d31800000000,
0000000000000000,
e42fd2f800000000,
0000000000000000,
0a32f21800000000,
0000000000000000,
f520e53c00000000,
0000000000000000,
f1ebdef100000000,
0000000000000000,
e52ae70300000000,
0000000000000000,
e4f8fd0500000000,
0000000000000000,
fc20f4f800000000,
0000000000000000,
f0fae91c00000000,
0000000000000000,
00f7f6ef00000000,
0000000000000000,
d822f50100000000,
0000000000000000,
f40beaf400000000,
0000000000000000,
0ffa000000000000,
000000000000ea06,
f7eb000000000000,
000000000000e9eb,
e4fa000000000000,
000000000000f1de,
f9f8000000000000,
000000000000cef9,
fb07000000000000,
000000000000ff0f,
1701000000000000,
000000000000e332,
f3f4000000000000,
000000000000f810,
e018000000000000,
000000000000e0d1,
231b000000000000,
000000000000cfca,
f128000000000000,
0000000000000314,
0820000000000000,
0000000000002e2c,
d304000000000000,
0000000000002723,
f924000000000000,
000000000000c4f4,
fa31000000000000,
000000000000fcc7,
ee46000000000000,
0000000000001a25,
f91b000000000000,
0000000000002302,
fefc000000000000,
000000000000210b,
fd14000000000000,
000000000000aad2,
f72c000000000000,
00000000000020d5,
dc1f000000000000,
000000000000072c,
1b08000000000000,
0000000000000bf5,
1a10000000000000,
000000000000d602,
f500000000000000,
000000000000dfe2,
cf20000000000000,
00000000000016ff,
e204000000000000,
0000000000000815,
0000000000000000,
000000001912cee6,
0000000000000000,
00000000f50bd1c8,
0000000000000000,
00000000f905e8cc,
0000000000000000,
00000000f30108ea,
0000000000000000,
00000000fd05171d,
0000000000000000,
000000001ffdccf9,
0000000000000000,
000000001a07cfe9,
0000000000000000,
000000001b26c2d4,
0000000000000000,
000000000833e1c6,
0000000000000000,
00000000163706de,
0000000000000000,
00000000140cfe03,
0000000000000000,
000000001309c108,
0000000000000000,
000000000bfda6ff,
0000000000000000,
000000002b0bc5df,
0000000000000000,
000000001914e9cb,
0000000000000000,
000000001f1d150b,
0000000000000000,
0000000019110713,
0000000000000000,
0000000010ff2625,
0000000000000000,
000000001c032619,
0000000000000000,
0000000015fcee03,
0000000000000000,
0000000013ed222a,
0000000000000000,
0000000013f24326,
0000000000000000,
0000000002f8322d,
0000000000000000,
000000001c22211b,
0000000000000000,
000000000a18ec11,
0000000000000000,
000021f51d0c0000,
0000000000000000,
000021f817120000,
0000000000000000,
00001ff81a000000,
0000000000000000,
00000fee12f20000,
0000000000000000,
000002ef0aff0000,
0000000000000000,
000000e90f040000,
0000000000000000,
000020fb35180000,
0000000000000000,
00001de2140e0000,
0000000000000000,
00000be71c020000,
0000000000000000,
0000eaf207010000,
0000000000000000,
0000ebe20ef50000,
0000000000000000,
00000bf412f80000,
0000000000000000,
000013cd12f00000,
0000000000000000,
000001e51cef0000,
0000000000000000,
0000ede806fa0000,
0000000000000000,
000010040eee0000,
0000000000000000,
0000ec15f7f60000,
0000000000000000,
00000a16f8ee0000,
0000000000000000,
0000ee07fde90000,
0000000000000000,
0000e1f2f5f10000,
0000000000000000,
0000f03cf8100000,
0000000000000000,
0000f12fdafe0000,
0000000000000000,
0000040cf0090000,
0000000000000000,
0000fcfffd000000,
0000000000000000,
0000fb1afdfc0000,
0000000000000000,
f3fff2f100000000,
0000000000000000,
00e2f4f700000000,
0000000000000000,
f6e4ecf600000000,
0000000000000000,
f5e7cbfe00000000,
0000000000000000,
eefad40800000000,
0000000000000000,
f9ede90a00000000,
0000000000000000,
f10614f600000000,
0000000000000000,
f0f413e600000000,
0000000000000000,
e7f417e800000000,
0000000000000000,
ed030dee00000000,
0000000000000000,
f70ce50a00000000,
0000000000000000,
06242b0e00000000,
0000000000000000,
ff2c49fe00000000,
0000000000000000,
08114c0a00000000,
0000000000000000,
f2ee13eb00000000,
0000000000000000,
fd0be80700000000,
0000000000000000,
021bcc1600000000,
0000000000000000,
ff2de21500000000,
0000000000000000,
163e101600000000,
0000000000000000,
070120f400000000,
0000000000000000,
04f80dee00000000,
0000000000000000,
fd0603f900000000,
0000000000000000,
f514deee00000000,
0000000000000000,
f411b40300000000,
0000000000000000,
fd0ae5f400000000,
01fdf70d050b11ff,
fbfa0ffaf4fd0803,
061804f5020308ff,
0afb17fb0feeeffe,
08130d0813090304,
110200edf0f508ff,
0b0afc0bffff1309,
07f0f3edfff81df6,
0f13130302223a0a,
fc04091cecfd100b,
f00010fcf50b0907,
e703ff20fb05f50f,
fcfd0bfd04feff08,
f6140f0f100bf707,
0709000a10ea1211,
090824060307090c,
fa16f2131606330b,
140f101cec061f02,
f209f404031e3507,
fc0cf22af4fc1411,
fed710e0d805f307,
f712f9160118e3fc,
e9e31ce3e4170808,
001b2e13ff1bec01,
eee30fe7e7310c0d,
08100414f51503f7,
fdd400f6e0172710,
fffce70cebfb0ef2,
f6f4f3f4e80d24fc,
f3fcc30fdbf20af3,
e3d321e1cc140f01,
002013effb21d7f5,
ede21ee3e0211b06,
10191d0f131ddfed,
00eb04e5d8362805,
0c050312fe0fd8df,
fdef26e2d6493203,
fdf0d902defeebd9,
00f70fe6e72b2306,
f5e3ddf5dfeceeea,
eff40bdfe01e27fa,
09fef314010cfbf5,
fa060cfa041b0cff,
09fb05e206fdf6ef,
eeff07fd0a190907,
03ee0ee6fcf1f3dc,
e70302f603180b0a,
01fbf500f1f804eb,
ebff04f704421f01,
effb2221f7fe06fd,
f71aea1721001400,
1afa0913eef4244d,
d709f1ff10faf206,
f906f606ebff101b,
eb02f2fc0a01e3f8,
0a00eaf3fffe0606,
f807f2f9f8f7fafc,
ff02ffee01f9defc,
f908f903080208fb,
05fffaec0af8f8ed,
f803eb0414faf40f,
1efe06140df92c3a,
e90501f308e9f7fd,
f1fefe09f6050d03,
0607fffc0deafefc,
00fbe800fdfce2f3,
0c03f105fbea04ff,
f6fce3eeeafd01e9,
000ff00002fc10f9,
f7f5ddfefaee06fc,
f701e30410ebf601,
15f7e809f7f7191d,
f302f7f202e301f1,
ebede2e6f5f1e5f2,
0f0bfe04080009fb,
f9f6dde7f7f4f2e6,
0102fdfafa1d1c05,
f7f5f1f3f3ef0ef8,
030af80902181106,
fbf4ea0300ef18fa,
f2f8f9fb06dbf704,
10f8e9f4f8f3fffe,
ff0af2f104e80df6,
fef4e7dcf1ecd7e2,
0208fb060a0d0cfd,
f3f1e9f2eff014eb,
ff040502041203ff,
02eeeffdefef0b03,
110b0a0808050706,
f6fdf905faf7150e,
ed08ecf600e20400,
07ebf8d6fcefe2f3,
fc16fe001df106fa,
fdf7fde000f2eced,
f802fb11120609f9,
f9f4f6f3f5fa09fa,
0f0108ff03f8fcfe,
fafc09faf0040409,
06060d0f11030702,
f8ff0e05fafe060f,
696e6d5f64616572,
7475706e695f7473,
0202010000000000,
0404040403030303,
0505050504040404,
0505050505050505,
0606060605050505,
0606060606060606,
0606060606060606,
0606060606060606,
0707070706060606,
0707070707070707,
0707070707070707,
0707070707070707,
0707070707070707,
0707070707070707,
0707070707070707,
0707070707070707,
0808080807070707,
0808080808080808,
0808080808080808,
0808080808080808,
0808080808080808,
0808080808080808,
0808080808080808,
0808080808080808,
0808080808080808,
0808080808080808,
0808080808080808,
0808080808080808,
0808080808080808,
0808080808080808,
0808080808080808,
0808080808080808,
fffe002008080808,
fffdf238fffdf238,
fffdf238fffe0014,
fffdf238fffdf238,
fffdf238fffdffc8,
fffdfc64fffdf238,
fffdf238fffdfdf0,
fffe0044fffdfc80,
fffe0038fffdf238,
fffdf204fffdf204,
fffdf204fffdf204,
fffdf204fffdf204,
fffdf204fffdf204,
fffdf238fffdf204,
fffdf238fffdf238,
fffdf238fffdf238,
fffdf238fffdf238,
fffdf238fffdf4b0,
fffdff40fffdf8d0,
fffdf4b0fffdf4b0,
fffdf238fffdf4b0,
fffdf238fffdf238,
fffdff34fffdf238,
fffdf238fffdf238,
fffdf238fffdfd74,
fffdf238fffdf238,
fffdf238fffdfbb4,
fffdf238fffdfc8c,
fffe0958fffdf238,
fffdf238fffdf238,
fffdf238fffdf238,
fffdf238fffdf238,
fffdf238fffdf238,
fffdf238fffdf4b0,
fffdf808fffdf8d0,
fffdf4b0fffdf4b0,
fffdfe00fffdf4b0,
fffdf7fcfffdf808,
fffdff20fffdf238,
fffdfe64fffdf238,
fffdfeb4fffdfe14,
fffdf238fffdf7fc,
fffdf7f4fffdfbb4,
fffdf238fffdfcf8,
fffe09b8fffdf238,
fffdf7f4fffdf238,
3030303030303030,
3030303030303030,
2020202020202020,
2020202020202020,
fffe34ccfffe38dc,
fffe34ccfffe3458,
fffe34ccfffe395c,
fffe34ccfffe3904,
fffe37a4fffe37e0,
fffe34ccfffe373c,
fffe34ccfffe34cc,
fffe3714fffe34cc,
fffe34ccfffe34cc,
fffe366cfffe36d8,
fffe34ccfffe35c4,
fffe34ccfffe34cc,
fffe34ccfffe34cc,
fffe34ccfffe34cc,
fffe34ccfffe34cc,
fffe34ccfffe34cc,
fffe34ccfffe38dc,
fffe34ccfffe3458,
fffe34ccfffe395c,
fffe34ccfffe3904,
fffe37a4fffe37e0,
fffe34ccfffe373c,
fffe34ccfffe34cc,
fffe3714fffe34cc,
fffe34ccfffe34cc,
fffe366cfffe36d8,
00000043fffe35c4,
0000000000000000,
0000000000000000,
0000000000000000,
0000004300000000,
0000000000000000,
0000000000000000,
0000000000000000,
0000004300000000,
0000000000000000,
0000000000000000,
0000000000000000,
0000004300000000,
0000000000000000,
0000000000000000,
0000000000000000,
0000004300000000,
0000000000000000,
0000000000000000,
0000000000000000,
0000004300000000,
0000000000000000,
0000000000000000,
0000000000000000,
0000004300000000,
0000000000000000,
0000000000000000,
0000000000000000,
8000d86000000000,
000000008000b350,
80013ba080025750,
8001394480013944,
8001394480013944,
8001394480013944,
8001394480013944,
ffffffff80013944,
ffffffffffffffff,
534100010000ffff,
0000000000494943,
0000000000000000,
0000000000000000,
5341000000000000,
0000000000494943,
0000000000000000,
0000000000000000,
0000000000000000,
80013ba480013b90,
80013bbc80013bb0,
80013bd480013bc8,
fffe673c80013bdc,
fffe6614fffe6614,
fffe6614fffe6614,
fffe6614fffe6614,
fffe6614fffe6614,
fffe6614fffe6734,
fffe6614fffe6614,
fffe6614fffe66f0,
fffe6614fffe6614,
fffe6614fffe6614,
fffe6614fffe6614,
fffe6614fffe6614,
fffe6614fffe6614,
fffe6614fffe6614,
fffe6614fffe6614,
fffe6614fffe6614,
fffe6614fffe6614,
fffe6614fffe6614,
fffe6614fffe6614,
fffe6614fffe66f8,
fffe6614fffe6700,
fffe6614fffe6614,
fffe6614fffe6614,
fffe6614fffe6614,
fffe65fcfffe6708,
fffe65c4fffe659c,
fffe65a0fffe65bc,
00000004fffe660c,
0101040000050000,
0400060106010101,
0000000000000000,
0000000004040000,
0206020202020206,
0606060604060606,
0303060606060606,
0000000000060606,
0000000200000000,
0404050000000000,
0300070407040404,
0000000000000000,
0000000001010000,
0107010101010107,
0707070706070707,
0000070707070707,
0000000000070707,
0000000500000000,
0000007d00000019,
3c9cd2b297d889bc,
3949f623d5a8a733,
32a50ffd44f4a73d,
255bba08cf8c979d,
0ac8062864ac6f43,
4341c37937e08000,
4693b8b5b5056e17,
4d384f03e93ff9f5,
5a827748f9301d32,
75154fdd7f73bf3c,
3ff0000000000000,
4024000000000000,
4059000000000000,
408f400000000000,
40c3880000000000,
40f86a0000000000,
412e848000000000,
416312d000000000,
4197d78400000000,
41cdcd6500000000,
4202a05f20000000,
42374876e8000000,
426d1a94a2000000,
42a2309ce5400000,
42d6bcc41e900000,
430c6bf526340000,
4341c37937e08000,
4376345785d8a000,
43abc16d674ec800,
43e158e460913d00,
4415af1d78b58c40,
444b1ae4d6e2ef50,
4480f0cf064dd592,
44b52d02c7e14af6,
44ea784379d99db4,
2020202020202000,
2028282828282020,
2020202020202020,
2020202020202020,
1010101010108820,
1010101010101010,
0404040404040410,
1010101010040404,
4141414141411010,
0101010101010101,
0101010101010101,
1010101001010101,
4242424242421010,
0202020202020202,
0202020202020202,
1010101002020202,
0000000000000020,
0000000000000000,
0000000000000000,
0000000000000000,
0000000000000000,
0000000000000000,
0000000000000000,
0000000000000000,
0000000000000000,
0000000000000000,
0000000000000000,
0000000000000000,
0000000000000000,
0000000000000000,
0000000000000000,
0000000000000000,
fffe9b2400000000,
fffe9088fffe9088,
fffe9088fffe9b18,
fffe9088fffe9088,
fffe9088fffe9a60,
fffe9740fffe9088,
fffe9088fffe975c,
fffe9accfffe9750,
fffe9ac0fffe9088,
fffe9054fffe9054,
fffe9054fffe9054,
fffe9054fffe9054,
fffe9054fffe9054,
fffe9088fffe9054,
fffe9088fffe9088,
fffe9088fffe9088,
fffe9088fffe9088,
fffe9088fffe9088,
fffe96bcfffe9620,
fffe9088fffe9088,
fffe9088fffe9088,
fffe9088fffe9088,
fffe9088fffe9088,
fffe9088fffe9088,
fffe9088fffe99fc,
fffe9088fffe9088,
fffe9088fffe958c,
fffe9088fffe976c,
fffea180fffe9088,
fffe9088fffe9088,
fffe9088fffe9088,
fffe9088fffe9088,
fffe9088fffe9088,
fffe9088fffe9088,
fffe94fcfffe9620,
fffe9088fffe9088,
fffe99e8fffe9088,
fffe9238fffe94fc,
fffe99d4fffe9088,
fffe999cfffe9088,
fffe98f8fffe9960,
fffe9088fffe9238,
fffe9230fffe958c,
fffe9088fffe97b8,
fffea208fffe9088,
fffe9230fffe9088,
3030303030303030,
3030303030303030,
2020202020202020,
2020202020202020,
fffeba78fffebc2c,
fffebbd8fffeba4c,
fffebaa4fffeba4c,
fffebbd8fffeba4c,
fffeba78fffeba78,
fffebbd8fffebaa4,
fffebb64fffebb64,
fffebaa4fffebb64,
0000000000000010,
01017c0100527a03,
0000001000020c1b,
fffdc4e800000018,
0000000000000468,
0000000080000214,
0000000010000000,
0000000000000000,
0000000000000000,
0000000000000000,
0000000000000000,
34322034320a3550,
0000000a3535320a,
0000000000000000,
0000000000000000,
0000000000000000,
0000000000000000,
0000000000000000,
0000000000000000,
0000000000000000,
0000000000000000,
0000000000000000,
0004050000000000,
d202000000000000,
0000000000000042,
0087b30700000000,
fe64000000000000,
000000000000005c,
009dfe6f00000000,
fecb030000000000,
0000000000000036,
0066fee720000000,
d8fe240000000000,
0000000000000012,
0000b3fe7e000000,
3bfeac0000000000,
0000000000000000,
000012eafc2e0000,
23f5e20500000000,
0000000000000000,
00000066fe800000,
00a9fe2500000000,
0000000000000000,
00000013fbf11a00,
0055feaa00000000,
0000000000000000,
00000000c2fe2e00,
0023f6e709000000,
0000000000000000,
0000001d98ff7600,
0000b6fe74000000,
0000000000000000,
d7d7d7f3fefe7600,
110083fed185b9ca,
0000000000000000,
fefefefefef33e00,
239de8fefefefefe,
0000000000000000,
6149469484460000,
000422f9febb6161,
0000000000000000,
0000000000000000,
00000071feae0000,
0000000000000000,
0000000000000000,
00000035feee1600,
0000000000000000,
0000000000000000,
000000019ffe7300,
0000000000000000,
0000000000000000,
0000000061feae00,
0000000000000000,
0000000000000000,
0000000073fed700,
0000000000000000,
0000000000000000,
0000000069fefb55,
0000000000000000,
0000000000000000,
000000000a88f254,
0000000000000000,
0000000000000000,
0000000000000000,
0000040000000000,
0000000000000000,
80026dd000000003,
80026dd000000000,
80026ea080026e38,
0000000000000000,
0000000000000000,
0000000000000000,
0000000000000000,
0000000000000000,
0000000000000000,
0000000000000000,
0000000000000000,
0000000000000000,
0000000000000000,
0000000000000000,
0000000000000000,
0000000000000000,
0000000000000000,
0000000000000000,
0000000000000000,
0000000000000000,
0000000000000001,
e66d1234abcd330e,
0000000b0005deec,
0000000000000000,
0000000000000000,
0000000000000000,
0000000000000000,
0000000000000000,
0000000000000000,
0000000000000000,
0000000000000000,
0000000000000000,
0000000000000000,
0000000000000000,
0000000000000000,
0000000000000000,
0000000000000000,
0000000000000000,
0000000000000000,
0000000000000000,
0000000000000000,
0000000000000000,
80025e1880025e18,
80025e2080025e20,
80025e2880025e28,
80025e3080025e30,
80025e3880025e38,
80025e4080025e40,
80025e4880025e48,
80025e5080025e50,
80025e5880025e58,
80025e6080025e60,
80025e6880025e68,
80025e7080025e70,
80025e7880025e78,
80025e8080025e80,
80025e8880025e88,
80025e9080025e90,
80025e9880025e98,
80025ea080025ea0,
80025ea880025ea8,
80025eb080025eb0,
80025eb880025eb8,
80025ec080025ec0,
80025ec880025ec8,
80025ed080025ed0,
80025ed880025ed8,
80025ee080025ee0,
80025ee880025ee8,
80025ef080025ef0,
80025ef880025ef8,
80025f0080025f00,
80025f0880025f08,
80025f1080025f10,
80025f1880025f18,
80025f2080025f20,
80025f2880025f28,
80025f3080025f30,
80025f3880025f38,
80025f4080025f40,
80025f4880025f48,
80025f5080025f50,
80025f5880025f58,
80025f6080025f60,
80025f6880025f68,
80025f7080025f70,
80025f7880025f78,
80025f8080025f80,
80025f8880025f88,
80025f9080025f90,
80025f9880025f98,
80025fa080025fa0,
80025fa880025fa8,
80025fb080025fb0,
80025fb880025fb8,
80025fc080025fc0,
80025fc880025fc8,
80025fd080025fd0,
80025fd880025fd8,
80025fe080025fe0,
80025fe880025fe8,
80025ff080025ff0,
80025ff880025ff8,
8002600080026000,
8002600880026008,
8002601080026010,
8002601880026018,
8002602080026020,
8002602880026028,
8002603080026030,
8002603880026038,
8002604080026040,
8002604880026048,
8002605080026050,
8002605880026058,
8002606080026060,
8002606880026068,
8002607080026070,
8002607880026078,
8002608080026080,
8002608880026088,
8002609080026090,
8002609880026098,
800260a0800260a0,
800260a8800260a8,
800260b0800260b0,
800260b8800260b8,
800260c0800260c0,
800260c8800260c8,
800260d0800260d0,
800260d8800260d8,
800260e0800260e0,
800260e8800260e8,
800260f0800260f0,
800260f8800260f8,
8002610080026100,
8002610880026108,
8002611080026110,
8002611880026118,
8002612080026120,
8002612880026128,
8002613080026130,
8002613880026138,
8002614080026140,
8002614880026148,
8002615080026150,
8002615880026158,
8002616080026160,
8002616880026168,
8002617080026170,
8002617880026178,
8002618080026180,
8002618880026188,
8002619080026190,
8002619880026198,
800261a0800261a0,
800261a8800261a8,
800261b0800261b0,
800261b8800261b8,
800261c0800261c0,
800261c8800261c8,
800261d0800261d0,
800261d8800261d8,
800261e0800261e0,
800261e8800261e8,
800261f0800261f0,
800261f8800261f8,
8002620080026200,
8002620880026208,
8002621080026210,
0000000000000043,
0000000000000000,
0000000000000000,
0000000000000000,
0000000000000000,
0000000000000000,
0000000000000000,
0000000000000000,
0000000000000000,
0000000000000000,
0000000000000000,
0000000000000000,
0000000000000000,
0000000000000000,
0000000000000000,
0000000000000000,
0000000000000000,
0000000000000000,
0000000000000000,
0000000000000000,
0000000000000000,
0000000000000000,
0000000000000000,
0000000000000000,
0000000000000000,
0000000000000000,
0000000000000000,
0000000000000000,
0000000000000000,
0000000000000043,
0000000000000000,
0000000000000000,
0000000000000000,
0000000000000043,
0000000000000000,
0000000000000000,
0000000000000000,
0000000000000043,
0000000000000000,
0000000000000000,
0000000000000000,
0000000000000043,
0000000000000000,
0000000000000000,
0000000000000000,
0000000000000043,
0000000000000000,
0000000000000000,
0000000000000000,
0000000000000043,
0000000000000000,
0000000000000000,
0000000000000000,
0000000000000043,
0000000000000000,
0000000000000000,
0000000000000000,
8000b3508000d860,
8002575000000000,
8001394480013ba0,
8001394480013944,
8001394480013944,
8001394480013944,
8001394480013944,
ffffffffffffffff,
0000ffffffffffff,
0049494353410001,
0000000000000000,
0000000000000000,
0000000000000000,
0049494353410000,
0000000000000000,
0000000000000000,
0000000000000000,
0000004300000000,
0000000000000000,
0000000000000000,
0000000000000000,
0000000000000000,
7fefffffffffffff,
3fc0000000000000,
4030000000000000,
3fe0000000000000,
4350000000000000,
3ff8000000000000,
3fd287a7636f4361,
3fc68a288b60c8b3,
3fd34413509f79fb,
3ff0000000000000,
4024000000000000,
401c000000000000,
4014000000000000,
80025cd880027280,
ffffffff80026540,
8002655c00020000;
